f0,f1,f2,f3,f4,f5,f6,f7,f8,f9,f10,f11,f12,f13,f14,f15,f16,f17,f18,f19,f20,f21,f22,f23,f24,f25,f26,f27,f28,f29,f30,f31,uncertainty,recon_loss,kernel_drop
-1.43104,-0.605094,-1.19472,0.178369,0.33569,0.024217,0.400025,-0.609838,-0.115156,0.0729009,-0.169593,-0.711504,-0.17403,-0.355168,0.428597,0.904013,-0.433472,0.919271,-0.478459,-0.000777906,0.719027,-0.216624,9.98978e-05,-0.274811,0.439231,-0.0998369,0.687445,0.017135,-0.504478,-0.00655258,0.545536,-0.750048,0.529337,0.912946,1
0.243389,0.0172088,-0.312513,0.31892,0.540179,1.00653,-0.264521,-0.196307,-0.441217,0.464771,0.223778,-0.142351,-0.215493,-0.275768,-0.646573,0.0267643,0.542216,0.239767,-0.322055,-0.532293,-0.551465,-1.49817,-0.143046,-0.232044,0.882891,0.4088,-0.027869,-0.585204,0.230039,-0.879861,0.406079,-0.293267,0.557177,0.830884,1
0.106951,-0.261743,-0.753548,0.782456,0.103511,0.012817,-0.194759,0.762347,-0.643566,-0.0881226,0.289839,0.553423,-0.224713,0.239859,0.611166,-0.812707,0.091962,0.631816,0.139608,-0.817041,-0.893234,-0.14379,-0.826809,-0.156601,-0.649627,0.339067,0.345957,-0.28171,0.328162,0.594227,-0.109992,-0.752307,0.461238,0.939118,1
0.588268,-0.192301,-0.641342,-0.53713,-0.144298,0.89934,-0.214511,0.212068,0.038178,-0.413829,0.544497,0.630534,0.276517,-0.699912,-0.738968,0.253863,0.452323,0.977413,-0.597117,0.437494,-0.215755,0.137189,-0.49413,0.639425,0.461741,-0.2197,-0.58363,0.659462,-0.627699,-0.194073,0.267934,0.00614642,0.423458,0.790915,1
-0.161089,-0.350227,-0.128219,-0.215032,0.664732,0.615951,-0.39511,0.0863201,0.62222,1.26191,-0.574389,0.0952252,-0.415072,-0.701851,0.527129,-0.36006,-0.401023,0.331202,0.932689,-0.779478,-0.817403,0.564164,0.0594874,-0.406982,-0.806273,-0.0647551,0.692148,0.687678,-0.178272,-0.251824,-0.581901,0.694174,0.528931,0.948708,1
0.95,0.88,0.142945,-0.290343,0.0542829,0.190814,0.215824,-0.451646,0.297676,0.405595,0.179593,-0.439119,-0.262511,0.117902,0.125705,0.151636,0.347209,0.164275,-0.138008,0.407139,-0.184429,-0.445563,-0.409856,-0.274327,0.066677,-0.123302,0.41197,-0.0516376,0.184259,0.0779492,-0.0498253,-0.384961,0.48,0.2,0
0.1499,0.212745,0.360607,0.254348,0.355249,7.95,0.149826,0.114998,0.285409,0.388249,0.112724,0.296826,0.397394,0.315405,0.346546,0.129128,0.264946,0.112834,0.182701,0.343489,0.246772,0.312512,0.268646,0.159268,0.288418,0.290174,0.386737,0.258822,0.212601,0.330739,0.390805,0.223596,0.52,0.82,1
-0.169705,-0.197713,1.17091,-0.240075,-0.527063,-0.408575,0.123997,0.638699,-0.578094,0.283592,-0.840598,-0.424726,-0.397925,1.11265,0.596764,0.0488737,0.218795,-0.760096,-0.307864,-1.15321,-0.437871,0.150825,0.303824,0.56877,0.165573,-0.245237,-0.554677,0.580257,0.39202,-0.012944,-0.302276,0.296784,0.56983,0.944508,1
-0.624835,0.808078,0.446019,-0.22713,0.145212,0.328497,0.312023,2.31431,0.936629,-0.402803,-0.474727,0.367466,-0.00969936,0.181072,-0.0981511,0.0462983,-0.350221,-0.114329,-0.874076,0.110354,0.923141,0.389815,0.461126,0.061652,0.207437,-0.273355,-0.107878,0.238453,-0.0834574,0.162235,-0.0715263,-0.733622,0.450903,0.854911,1
-0.222145,1.06537,-0.25338,-0.796679,0.533677,-0.308377,-0.269459,0.194408,0.263423,-0.347981,0.391586,0.28302,0.396625,-0.607727,-0.0779335,1.1468,-0.331862,-0.00655993,-0.281876,-0.541529,-0.0161775,-0.86622,-0.508316,-0.082767,0.196873,0.341161,0.240101,0.766248,0.197562,0.541076,-0.0355909,-0.367139,0.482693,0.806943,1
-0.251021,0.705507,0.486392,0.459635,0.410984,0.387388,0.0847716,0.334135,-0.541741,-1.10469,0.25116,-0.18199,0.151232,-0.0516753,-0.114035,-0.257256,0.0828105,-0.0980002,-0.0480793,0.264439,-0.155519,0.0153528,-0.632375,-0.0977772,0.00521188,-0.118309,-0.331566,-0.5139,-0.587724,-0.425376,-0.489858,0.06695,0.54868,0.879151,1
-0.41234,0.757743,0.033215,-0.411774,0.0531954,-0.59039,1.20286,0.840724,-0.416116,0.0233785,0.0689273,-0.602795,-0.686724,-0.0901613,-0.182182,-1.0179,-0.515179,-0.213413,-0.541643,-0.565102,-0.355804,-1.22202,0.367988,0.867452,-0.231896,-0.402455,-0.158929,0.096288,-0.169906,-0.461541,0.510566,0.0439777,0.480615,0.778786,1
-0.41358,-0.527811,-0.493302,1.05441,-0.227798,0.44056,-0.663233,-0.0226544,0.432454,0.87957,0.719559,-0.0818064,0.182652,-0.344487,-0.386448,-0.357049,0.699676,0.173589,-0.657725,-0.542724,-0.415336,1.15745,0.339221,0.306905,-1.11454,0.814187,-0.230335,-0.652046,-0.0516165,-0.418869,0.223193,0.0427999,0.457958,0.893776,1
-0.169092,-0.148456,0.239869,-0.0644353,0.173302,-0.256169,0.412568,0.421676,-0.706146,0.500148,-0.682425,-0.776339,0.410027,-0.133131,-0.191027,-0.470985,0.336896,0.785143,0.187837,0.193717,-0.629008,-0.496659,-0.0215423,1.18563,0.00233892,0.064881,0.737454,0.548298,0.323415,0.77424,0.287198,-0.301294,0.551618,0.889689,1
0.329209,0.616126,0.385002,-0.126688,-0.480367,0.166891,-0.59092,0.68684,-0.206627,-0.151386,-0.764613,-0.522641,-0.354736,0.0270661,-0.0572219,0.360363,-0.28116,0.100553,-0.0661219,-0.855321,-0.807744,-0.832191,-0.429969,0.308242,0.917557,-0.0855817,-0.0722958,-0.919113,-0.102656,-1.33441,-0.387875,0.409094,0.459179,0.831866,1
0.213583,-0.407751,-1.11542,0.0657787,-0.55353,-0.202982,-0.488778,0.101094,0.0798107,0.969626,0.543572,0.303796,0.118585,-0.171243,0.194901,1.06396,0.330347,-0.11972,0.0430839,0.356322,0.330508,0.196208,-0.392452,0.125271,0.0442371,-0.067191,0.272202,-0.408028,1.61812,1.17573,0.358975,-0.0493872,0.539926,0.877272,1
-0.676042,-0.918492,0.245562,0.658265,-0.548638,0.268105,-0.600146,0.642488,-0.633453,0.608925,0.17073,-1.28648,0.24608,0.328687,-0.528286,-1.15602,-0.76599,0.17989,-0.248428,0.153592,0.609199,0.702657,0.584013,0.313346,-0.391463,0.0865259,0.127991,0.59603,-0.27442,-0.403238,-0.150552,0.374709,0.50792,0.84182,1
-0.0756479,0.0192134,0.28549,-0.0526077,0.42176,0.212713,-0.923609,-0.312664,-0.441306,-0.186666,0.00899349,-0.777205,0.264297,0.0621139,0.823421,-0.369272,0.118703,0.365094,0.210717,0.624937,-0.305749,0.407235,0.239784,1.12275,0.240498,0.563752,-0.370753,-0.155901,0.075936,0.77235,0.726103,0.813955,0.453156,0.819632,1
0.748228,-0.465215,0.37173,0.545386,-0.629508,0.261465,0.206578,-0.490608,0.749077,0.213466,0.596897,0.229046,0.0757917,-0.141944,0.412665,-0.889117,-0.734378,-0.364709,-0.608645,0.119618,0.185428,-0.214702,-0.945213,-0.0222495,0.0526615,-0.265736,0.258359,0.0511747,0.619446,-0.862204,-0.459901,1.25031,0.447632,0.835693,1
-0.375233,0.185684,-0.644552,-0.359599,-0.137457,-0.626897,0.454336,0.270935,0.0680505,0.638984,-0.46345,-0.249563,0.0745611,0.352954,-0.0619873,-0.427002,-1.35789,-0.813331,0.0705505,-0.225097,-0.251853,-0.553099,0.0274217,-0.943346,-0.0128315,-0.777334,0.378738,-0.696864,-0.122434,-0.0304358,-0.405374,0.18514,0.516022,0.788891,1
-0.729759,0.135738,0.484,-0.0164413,0.235174,0.0482289,-0.225419,0.175809,0.364707,-0.459781,0.0273328,-0.0479736,-0.242302,0.734822,-0.487018,0.221378,0.471651,0.344441,-0.365674,-1.08531,-0.611275,-0.338642,0.768296,0.128318,-0.91081,0.621177,0.252373,-0.0558104,-0.07308,0.429806,-0.473215,-1.16954,0.535366,0.783804,1
0.95,0.88,0.112605,0.139481,0.340012,0.172223,0.466688,0.00823927,-0.0422952,-0.0410998,0.389613,-0.298182,0.181852,-0.409568,0.0735555,0.268734,0.114198,0.43217,0.371164,-0.170172,0.127542,0.031294,-0.474459,0.3854,-0.436994,0.450691,-0.186151,0.00911822,-0.388111,0.205554,0.00511633,-0.481624,0.48,0.2,0
-0.492576,0.873755,-0.164819,-0.213769,1.29406,0.35245,-0.852317,0.691729,-0.142747,0.220421,0.228122,-0.011722,-0.367161,-0.0821291,-0.988723,0.0202068,0.526309,-0.862867,0.14487,0.184221,0.0362647,0.330556,-0.26322,0.0288927,-1.10233,0.23165,0.950826,0.45352,-0.320425,-0.735176,0.259574,-0.650381,0.460901,0.843255,1
0.131793,0.351984,-0.816827,-0.155312,0.435596,0.43406,0.398778,-0.635083,-0.741156,-0.389238,-0.211191,0.0164442,0.514961,0.201578,0.113625,0.507746,0.13456,0.679363,0.175629,-0.311181,-0.442039,-0.344877,-0.183259,0.168999,0.0868581,0.867901,-0.44627,-0.0235733,0.0781459,-0.511089,-0.177634,0.51218,0.46998,0.945021,1
0.115627,-0.125981,0.105888,-0.187271,0.0469109,-0.278119,0.328255,0.375968,-0.0430731,0.0836039,0.0283786,0.590237,-0.0270125,0.129365,0.12925,-0.118193,-0.0585465,0.85393,-0.709057,-0.30755,0.0869759,0.109,0.0183482,-0.419531,-0.26546,-0.245329,1.00797,-0.294162,-0.191106,0.661177,0.35863,-0.580841,0.546665,0.918157,1
-0.605156,0.216742,1.02726,-0.937547,1.05974,-0.451556,0.276748,-0.528617,-0.310885,-0.976353,0.346584,-0.319985,-0.0031708,-0.485488,-0.19309,0.077372,-0.743769,-0.928554,0.543076,0.307144,-0.0814966,0.385219,0.138701,-0.325951,0.363892,-0.468441,-0.915159,-0.112424,-0.796473,0.564482,-0.436826,0.317318,0.51578,0.949623,1
0.216057,-0.408164,-0.099259,0.235894,-0.482052,0.682233,0.481944,-0.433539,0.548586,-0.289569,0.0703032,0.247107,-0.206321,0.451743,-0.623161,0.359538,-0.417553,0.16968,-1.34615,0.300617,-0.50033,-0.194465,0.703434,-1.29636,0.196817,0.55503,0.13507,-1.0674,0.522846,-0.461595,0.529506,-0.416687,0.573746,0.818721,1
-0.84187,-0.0473745,-0.795718,-0.720105,-0.330289,-0.287287,0.181947,-0.0565743,-0.194901,0.0893878,0.507879,0.561602,0.23558,-0.620177,-0.128232,-0.570857,0.849615,0.082484,-0.510148,-1.17914,0.368011,0.686047,0.41136,-0.157737,-0.371088,-0.835093,0.765446,0.404304,0.709522,-0.316008,-0.367422,-0.616274,0.420288,0.832209,1
-0.198179,-0.0166237,-0.0818065,0.291819,0.655174,0.0358263,1.077,-0.430276,0.658293,0.858991,-0.622919,0.116979,0.0477361,-0.112607,0.831332,-0.157055,0.0661607,-0.0742517,-0.118133,1.0156,0.296149,-0.223134,0.484631,0.355729,-0.16762,0.462522,0.269874,-0.842938,-0.470461,-0.003753,-0.602531,-0.449437,0.515837,0.912522,1
0.421332,0.899755,1.13985,-0.922838,-0.168633,0.381761,-0.680195,1.23545,0.233765,-0.387689,-0.888842,0.213572,-0.366674,0.181054,0.222087,0.0232601,0.383983,0.000586264,0.0816314,0.0291381,0.0673541,0.106312,-0.420706,0.00819249,-0.439008,-0.461463,-0.778781,-0.978846,0.0147676,-0.240281,0.242797,-0.0252311,0.509017,0.846429,1
0.155406,-0.317481,-0.0486127,-0.0982424,0.347322,-0.0837373,0.277407,-0.68695,-0.491313,-0.107202,-0.155521,-0.131954,-0.215165,0.666566,0.516521,0.0683009,0.398498,-0.242444,0.592056,-0.644158,-0.441529,0.130074,0.449106,-0.185362,0.175073,-0.874702,-0.0512027,0.718627,1.53866,0.0834659,-0.381722,0.497047,0.445101,0.942586,1
0.300168,0.25455,0.342893,0.183502,0.140241,7.95,0.202906,0.349191,0.354759,0.18966,0.145593,0.201229,0.246981,0.303982,0.210596,0.380113,0.317538,0.279289,0.108218,0.321503,0.121347,0.2306,0.18666,0.339759,0.312834,0.254863,0.182733,0.124665,0.190448,0.174794,0.188732,0.311745,0.52,0.82,1
-0.43042,1.01013,0.943491,0.182104,0.78626,0.909659,0.355302,0.321721,-0.115604,0.0801361,0.687953,-0.498442,-0.955511,0.649836,0.181638,-0.523609,1.20821,0.122075,-0.402422,-0.564315,-0.306996,-0.179264,-0.700147,-0.104976,0.747654,-0.251248,-0.452414,-0.64285,1.09237,-0.055839,0.180412,-0.313701,0.533873,0.929114,1
-0.40813,-0.0401392,-0.286832,-0.496436,0.894104,0.520203,0.119665,0.607581,-0.256789,0.762432,-0.475333,-0.352688,-0.00659543,-0.684669,0.0438925,0.167171,0.183129,-0.846124,-0.626699,-0.396486,0.0448603,-0.21046,-0.212343,-0.401357,0.448513,0.132828,-0.0463812,-0.259196,0.386738,-0.611958,0.905335,0.343393,0.515273,0.773065,1
0.105789,-1.1144,-0.621967,0.0918453,0.321471,0.421275,-0.0881831,0.0667215,0.579218,0.577969,0.188636,-0.0921647,-0.371653,0.344902,-0.157465,0.783468,0.452169,-0.182105,-0.457284,-0.226476,0.185227,-0.247542,0.274016,0.440467,-0.470195,0.744176,0.287742,-0.248607,0.0822742,0.73044,-0.0297111,-0.530302,0.505878,0.883726,1
-0.230204,0.0573017,0.697664,-0.315697,-0.551183,0.237153,-0.402463,-0.392165,1.09423,0.30123,0.563853,-0.19964,-0.282652,-0.255222,0.147753,-0.295604,-0.173108,-0.157086,-0.393286,-0.368039,-0.213674,0.793435,0.412836,-0.623302,1.04042,0.554581,0.264471,0.0749381,-0.0228174,-0.182214,-0.157412,-0.373093,0.460072,0.824227,1
-0.313974,0.355736,0.376677,-0.217202,0.390955,0.004334,0.32944,0.0437431,-0.170423,-0.24689,0.564866,0.808991,0.743543,-0.274627,-0.198419,0.512602,-0.113417,-0.0863893,-1.1282,-0.659227,-0.0444496,0.846237,-0.97243,0.159584,-0.485168,-0.315199,0.210487,-0.990524,-0.079135,-0.053578,0.484659,0.440768,0.533055,0.766212,1
-0.51488,0.53649,0.337404,0.710704,-1.21651,0.20517,0.084405,-0.137135,-0.577018,0.10506,-0.196946,0.789556,-0.0190123,0.0148252,0.412541,-0.0177834,0.391465,-0.456565,0.115165,0.119209,0.959891,0.11445,-0.127755,-0.0601183,-0.646661,-0.0844525,-0.01527,0.784516,0.132826,-0.463892,0.645693,-0.641475,0.439506,0.777972,1
0.154491,0.596691,-0.562867,-0.618391,0.755992,-0.288373,0.939708,-0.369775,0.166914,0.112104,0.849775,-0.102305,0.573799,-0.498471,-0.481819,0.436039,0.475799,-0.0940575,-0.865987,-0.145424,-0.0772625,0.689444,-0.285207,0.466715,-0.215183,-0.609303,0.54585,0.195105,0.633907,0.837375,0.274857,0.520866,0.452821,0.859981,1
0.330583,-0.377957,0.22262,0.0775889,-0.497473,-1.38092,0.124205,0.442381,-0.662051,0.678764,0.522679,-0.0548625,-0.433468,-0.396642,1.06517,0.747045,-0.139184,-1.15755,-0.0890234,-0.527875,0.478461,0.0549825,0.448512,-0.537828,-0.106754,-0.178889,-0.325902,0.452007,0.471717,-0.0380681,-0.486208,-0.606667,0.43721,0.914072,1
-0.135396,-0.575776,0.946465,0.419385,0.14749,-0.0456701,-0.416987,-0.116971,-0.324507,1.15477,0.00536339,-0.169296,0.585082,-0.0452082,0.252305,0.679342,0.320226,0.875357,0.310797,0.109806,1.11689,-0.227131,0.133129,0.00056511,-0.434578,-0.966407,0.0406903,-0.796271,0.0928016,0.0849605,-0.44927,-0.0820468,0.524339,0.940756,1
1.33977,0.397925,-0.614041,-0.511491,0.0251732,-0.646757,-0.492077,-0.400025,0.0438918,0.199997,0.298742,-0.336547,0.408233,0.360436,0.313333,-0.515282,0.464103,-0.461566,-0.519387,-0.294126,0.346213,1.42779,-0.331322,0.93243,0.259624,0.0698043,-0.140932,-0.12306,0.0438832,0.0439083,0.292722,-0.467646,0.567538,0.848482,1
0.157424,0.367067,-0.693901,-0.342274,0.244461,0.236293,-0.433125,0.053821,-0.335599,0.115989,-0.283711,-0.0597554,-0.686038,0.39897,1.38164,0.99078,0.803724,0.252855,-0.747103,0.624329,0.163174,0.288949,-0.958937,0.244443,0.994676,0.627141,-0.3026,-0.475089,0.844474,0.52886,-0.143784,-0.889287,0.474671,0.764874,1
0.95,0.88,-0.315389,-0.43721,-0.096259,-0.144754,-0.13935,-0.279584,-0.360833,-0.487233,-0.143858,-0.370451,-0.426962,-0.375045,-0.136015,-0.00591041,0.294872,-0.489663,0.057926,0.346845,-0.334935,-0.01912,-0.480581,-0.257846,-0.0791971,-0.0832082,0.0024898,0.312347,0.417349,0.211765,-0.43526,-0.310421,0.48,0.2,0
0.675358,0.206556,-0.393339,0.0681126,1.51863,0.302866,-0.110025,-0.252569,-0.0755609,0.0286446,-0.990469,-0.655017,-0.080282,0.394576,-0.101397,0.483235,0.489078,-0.211373,0.716549,-0.16046,-0.65372,0.108347,-0.356059,0.0423323,0.373588,0.752621,1.01337,-0.219909,0.611553,0.464827,-0.216479,-0.173942,0.439723,0.928173,1
-0.274416,1.01089,-0.327923,-0.350393,-0.961392,0.317117,0.12386,0.315,0.52945,0.128556,0.0880693,0.614373,0.0829822,0.273791,-0.202125,-0.643185,-0.572958,-0.207073,-0.27878,-1.0306,0.204352,-0.0722269,-0.313006,0.42579,0.121477,0.527537,-0.548003,0.226402,-0.894964,0.294397,-0.140826,0.0474817,0.489686,0.780825,1
0.7572,-0.189004,0.362617,0.0616785,0.616912,-1.17635,-0.170262,0.221088,-0.471354,-0.117508,-0.858042,-0.0510224,-1.06022,0.0982004,-0.554718,-0.231391,-0.331968,-0.189447,0.0242076,1.01913,0.0165689,0.1296,-0.223596,0.222619,-0.386636,0.0430722,0.0896914,-0.0964663,0.00973506,0.14532,0.607372,0.987228,0.464385,0.895649,1
-0.179266,-0.199387,-0.288682,0.143585,0.91064,0.469637,0.0350228,0.268177,0.388676,0.750634,0.0295513,-0.443065,-1.30287,-0.230948,0.713205,0.995194,0.412696,-0.296801,0.54993,-0.471735,0.11727,0.942805,0.200019,0.594443,-0.307293,0.184582,0.328306,-1.49519,-1.17271,-0.00083189,-0.799238,-0.386632,0.469964,0.767708,1
-0.685576,-0.147915,-0.0466635,1.15575,-0.799381,-0.328596,-1.00831,0.0609769,0.44728,-0.159866,0.553969,-0.295688,-0.382782,-0.368804,-0.00782229,-0.139679,0.311055,-0.868992,-0.564352,-0.34188,-1.25293,0.125926,-0.347305,-0.27709,0.340333,0.594905,-0.715971,0.868548,0.094674,-0.445956,-0.225493,0.357408,0.444909,0.805863,1
1.07209,0.528733,-0.534668,-0.609726,0.154636,-0.0147366,0.257247,0.126493,-0.894007,0.11548,-0.165439,0.643133,0.917526,0.245603,-0.525319,0.481105,0.272048,0.500107,0.200083,0.421736,0.361946,0.0305205,-0.350614,-0.124878,0.0277128,0.88636,0.0382989,0.204668,0.773582,0.282675,0.253525,0.600758,0.493994,0.886738,1
-0.945897,0.0375318,-0.10378,0.103819,-0.212863,-0.101138,0.108292,-0.220442,0.101089,-0.237813,-0.154786,-0.279983,0.118868,-0.358693,-0.00721447,0.223053,0.347121,0.149003,-0.760294,0.396282,0.617385,-0.0259012,-0.425557,0.630419,0.139165,-0.270277,0.799116,-0.0643404,0.797543,-0.229026,-0.353381,-0.375898,0.551407,0.943722,1
-0.68926,-0.162263,-0.240051,0.901936,-0.00128645,-0.330879,0.975414,0.600716,0.180942,0.0309879,-0.155278,-0.00148849,0.760342,0.909893,-0.11454,0.786142,-0.407251,0.077774,0.148189,0.00564443,0.256063,0.0381899,-0.0682939,0.171328,-0.252378,-0.782271,0.212926,-0.757219,0.821477,0.273171,0.0582553,-0.142854,0.501736,0.7623,1
-0.710558,-0.593575,1.0909,-0.0182561,-0.909351,0.264356,0.0536024,0.387367,-0.412354,0.560446,-0.100112,0.146433,-0.609919,-0.27307,-0.757698,0.269986,-0.561117,-0.442459,-0.0227521,0.485967,0.323803,0.445886,0.623534,0.23193,0.107255,-0.288104,0.01467,-0.599887,-1.31984,0.330984,0.191068,0.607661,0.505144,0.776658,1
0.26907,0.0110713,-0.152323,-0.870553,0.681181,1.02292,0.45149,-0.045893,0.5808,0.136783,-0.430413,0.101225,-0.681774,0.367389,-0.0594767,-0.0702063,0.540597,0.830103,-0.513171,0.252274,-0.132997,-0.154482,0.433654,0.218725,0.861438,0.126801,0.383913,-0.076041,-0.137944,0.399277,-0.281723,1.13448,0.46675,0.819768,1
0.783645,-0.00334827,-0.439666,-0.389367,-0.854625,-0.314284,-0.722997,-0.491151,-0.412105,-0.306459,-0.3055,0.0151814,0.125014,0.2956,0.170864,-0.019317,-0.51171,0.672455,0.0541177,0.111581,-0.095206,-0.416074,0.616357,0.419399,-0.502548,-0.3132,0.389903,0.916072,-0.312719,-0.233012,-0.115736,-0.479738,0.476732,0.87986,1
0.0889495,-0.528706,-0.844442,0.18684,0.188651,0.592667,-0.699106,-0.634561,0.572719,-0.296659,0.0737968,0.236743,0.034522,0.101085,0.318775,0.577846,-0.291616,0.335603,0.582477,-0.496831,-0.145177,-0.327786,0.469919,-0.0323763,0.41944,-0.800878,0.136687,-0.466755,0.480264,-0.107015,-1.19508,-0.731166,0.478029,0.849188,1
-0.0911706,-0.306037,0.500174,-0.393092,0.0270066,0.150381,-0.889791,-0.693516,-0.430804,-0.0162439,0.0805097,-0.796824,-0.238799,0.291273,-0.00402033,0.286166,0.469574,0.263124,0.250662,0.227986,-0.168494,-0.165067,0.0149543,-0.317883,0.553461,0.596166,-0.11557,0.458613,-0.726838,0.0339435,0.402721,0.665769,0.490797,0.789821,1
0.0112293,-0.254402,0.419867,0.0683299,0.199085,-0.586793,-0.470977,-0.52727,-0.712039,0.400784,0.905871,0.134402,0.494427,0.215993,0.51488,-0.634137,1.12291,0.37796,0.107838,-0.657436,-0.0540134,-0.400761,-0.382632,-0.222462,-1.19353,0.149723,-0.181407,-0.445521,0.619294,0.195943,-0.670658,-0.47902,0.434101,0.791989,1
0.189209,-0.233706,0.846883,-0.290586,0.65481,0.153115,-1.18156,-0.166895,0.0267946,-0.335786,-0.584329,-0.028896,-0.999983,0.271648,-0.182111,-0.669769,0.0722202,-0.622367,-0.552167,-0.684102,-0.0820318,1.3001,-0.650824,1.11746,-0.745599,-0.0784273,0.636902,0.0905958,0.46959,-0.758398,-0.0372373,-0.574448,0.540671,0.816138,1
0.179486,0.337485,0.242239,0.364983,0.356333,7.95,0.245179,0.243168,0.3181,0.190964,0.387731,0.198835,0.35558,0.215934,0.391626,0.147708,0.207498,0.376236,0.183839,0.182915,0.316339,0.195265,0.392189,0.286572,0.13826,0.212273,0.325765,0.332664,0.354252,0.188469,0.279501,0.379787,0.52,0.82,1
-0.00711318,1.28514,0.182341,0.0931939,-0.41592,-0.178218,0.330218,-0.23371,0.195061,-0.0813212,-0.448233,0.518773,0.382898,0.202653,0.426604,0.809566,-0.414868,0.704247,-0.491291,-0.407175,-0.106701,-0.526179,-0.408529,-0.0191763,-0.836095,1.26129,-0.381263,0.163517,0.0638589,-0.418758,-0.690401,-0.109232,0.435362,0.797159,1
0.162379,-0.13553,-0.134648,0.460881,-0.533164,0.277637,-0.407646,-0.265125,-0.420785,-0.258903,0.279276,0.337284,0.682772,0.070838,-0.0741551,-0.473768,-0.393448,-0.520656,-0.196283,0.490932,0.664336,-0.130885,0.0838892,-0.901665,0.347892,-0.176028,-0.557935,-0.693042,0.291039,-0.105039,-0.836545,-0.401951,0.502389,0.898284,1
-0.170493,-0.220883,0.446182,-0.566122,0.469368,0.278041,0.145696,-0.61243,0.152196,-1.05063,-0.482981,-1.00393,-0.0896606,0.832058,0.38129,-0.427055,0.491758,-1.08172,0.462384,0.075951,-1.13601,0.60222,0.0289589,0.131133,-0.0873271,0.0612212,-0.518159,-0.4024,0.267422,-0.0191326,-0.719219,0.83315,0.467325,0.814539,1
1.17337,-0.959669,-0.357811,0.241805,0.127121,-0.368152,0.0294418,-0.270754,0.134704,-0.351931,0.450173,0.116457,-0.11149,-0.599354,-0.537539,0.107222,0.203366,0.0859396,0.225092,-0.174159,0.154303,0.638993,0.0213184,-0.457882,-0.142746,-0.564444,0.173206,0.246928,1.42845,-0.121458,-0.370257,0.141463,0.57183,0.842116,1
-0.00123261,0.276546,0.606119,-0.598689,-0.788567,-0.358437,-0.331673,0.963922,0.160418,0.321767,-0.209078,0.0291181,-0.363431,-0.352842,-0.147821,0.00939176,0.193566,0.0614809,-0.235677,-0.842296,-0.0316237,-0.154087,-0.496381,-0.621167,-0.0660962,0.197553,0.313771,0.216642,0.222791,-0.172882,-0.636263,-0.604741,0.51543,0.810134,1
0.758072,0.066025,-0.389836,-0.480989,0.901639,-0.124304,0.137271,0.558094,0.711447,0.142758,-0.0448882,-0.173575,0.216518,-0.261811,-0.143417,0.0285992,0.833762,-0.134863,-0.165962,-0.916847,0.228356,-0.368973,0.0262359,-0.838255,0.852738,-0.081711,0.280943,-0.331656,0.17558,-0.156964,-0.288464,0.173697,0.539531,0.815728,1
-0.420106,-0.0587261,0.574824,0.06468,-0.115002,-0.405037,0.367431,-0.600513,-0.104714,-0.38095,-0.5933,0.069688,0.629363,0.301655,0.0655618,-0.637778,0.549181,-0.152349,0.376658,0.922207,0.191422,0.467298,0.283117,0.639384,-0.159508,0.453282,-0.315799,-0.0383819,0.0753005,0.482179,-0.0901645,0.156837,0.578205,0.88475,1
-0.109534,-0.43604,-0.555547,1.27471,-0.108945,0.576499,-0.222991,-0.160818,0.401242,-0.480341,0.082842,-0.649871,-0.845008,0.0914417,0.0466352,-0.896587,0.0248341,-0.131141,0.293932,0.376489,0.929709,-0.217357,-0.258077,0.186563,-0.791394,0.613624,0.0092518,-0.498457,0.0406279,0.355398,0.803714,-0.0743114,0.51846,0.898325,1
0.246645,1.14594,-0.510545,0.755969,-0.271733,-1.08809,0.0570902,-0.8865,-0.588172,-0.0527194,0.459299,-0.193547,-0.928948,-0.0870611,-0.0366054,-1.29852,0.26932,-0.015955,-0.363808,-0.366593,0.550686,-1.07231,-0.168964,0.230534,0.537725,0.677164,-0.173936,-1.54803,0.254154,0.420014,0.694157,-0.47454,0.423495,0.841401,1
0.449713,-0.422337,-0.257869,0.307454,-0.936728,-0.243091,-0.0278896,-0.230785,0.317785,0.0858753,0.0588918,-0.448549,0.629507,-0.479461,-0.115372,0.237517,0.545396,0.161077,-0.58249,-0.0292228,-0.269734,0.713177,0.101813,-0.621682,-0.523077,0.200763,0.602232,-0.318258,-0.284688,-0.354479,-0.965766,-0.0215237,0.506437,0.935105,1
0.503054,0.107283,-0.268894,-0.432708,0.462742,1.17013,0.489143,0.0504865,0.324854,0.26642,-0.966193,0.106276,-0.0678514,0.404334,-0.275035,-0.572014,0.24212,0.701255,0.160002,0.421929,-0.695681,0.341253,0.493914,0.251611,0.705842,-0.0484156,0.618133,-0.160891,0.756055,0.676652,-0.619865,0.588882,0.507937,0.771828,1
-0.688419,0.00551241,-0.971266,-0.153468,-0.14025,0.0576408,0.56296,-0.28308,-0.862476,0.549476,-0.319609,0.110438,-0.837224,0.418065,0.339561,0.203453,-0.379477,0.523304,-0.354594,-0.621745,0.215997,-0.0928805,-0.429908,0.145338,-0.299692,-0.510216,0.517036,0.226305,0.45811,0.556496,-0.0703763,0.243418,0.560219,0.911433,1
0.390955,0.304071,0.119145,0.373727,0.215536,7.95,0.366033,0.223399,0.221268,0.12087,0.324618,0.134763,0.30397,0.304528,0.13793,0.233168,0.356548,0.296276,0.174268,0.244846,0.320511,0.383533,0.352747,0.264687,0.326864,0.210474,0.220148,0.103333,0.302435,0.398306,0.392077,0.345975,0.52,0.82,1
0.32284,-0.0398555,-0.627969,-0.0221841,0.0818603,-0.199003,-0.259847,-0.741708,0.558267,0.343261,-0.138102,-0.265864,-0.0498663,0.835025,-0.56208,-0.571944,-0.22074,0.545587,0.206305,0.897874,-0.0285563,0.436592,-0.581237,0.0659332,-0.269335,0.332588,-0.490592,-0.135418,0.246472,0.444859,0.143769,-0.373746,0.534248,0.911347,1
0.0458472,-0.625604,0.688066,0.645252,0.37719,-0.463905,-0.493723,0.185871,-0.461954,-0.191379,-0.123414,0.0940449,-0.0614903,-0.371241,-1.35061,0.688057,0.342893,-0.528838,0.148931,-0.338886,-0.824023,0.750792,-0.154992,-0.570632,0.0575071,0.218772,-0.264438,-0.0988436,-0.635163,-0.705661,0.0526534,0.55341,0.529479,0.791007,1
0.224194,0.115762,-0.376694,-0.425331,-0.585784,0.00717703,-0.324645,0.0578311,0.133466,-0.868129,-0.953781,-0.159945,0.0152194,-0.716492,-0.00971537,-0.156166,0.61348,0.199816,0.455989,-0.372711,0.272395,-0.0987536,0.495818,1.02254,-0.470339,0.411551,-0.139232,-0.652718,0.0746977,-0.374984,-0.444396,0.359012,0.424421,0.810488,1
0.0184626,0.196277,0.143829,0.493366,0.288953,-0.0958402,0.0381567,0.185716,-0.159835,0.00311287,0.831058,-0.260355,0.935049,0.100805,1.43371,-0.142875,-0.58983,0.0212525,-1.11798,0.418279,0.820213,0.450123,0.11197,0.167457,0.736231,0.533067,-0.271242,-0.446299,-0.17257,0.0750706,-0.341514,-0.18138,0.494951,0.911303,1
-0.161052,0.71194,0.00139606,-0.566471,-0.614425,-0.220601,-0.838821,0.10505,-0.0250126,0.204609,-0.507661,-0.391038,0.210102,-0.673469,0.300587,0.998084,0.399159,-0.676232,0.0336257,-0.176948,0.470971,-0.102374,-0.245024,-0.0645486,0.575333,0.39512,0.927517,0.335974,-0.700585,0.05497,0.123546,-0.346256,0.552771,0.883247,1
-0.535978,-0.623473,0.527354,-0.476924,0.0987607,-0.448441,0.616551,-0.876771,-0.138945,-0.234054,-0.0413518,-0.362736,-0.120464,-0.0597085,0.0795633,-0.405739,-0.828312,1.04892,-0.167317,-0.183403,-0.301507,-0.817608,-1.30424,0.27862,0.319303,-0.110178,-0.0148226,-0.102765,0.652454,0.410113,0.489992,-0.46275,0.488501,0.829042,1
-0.254951,0.251933,0.112819,-1.04076,-0.300917,0.0723589,0.516281,0.901974,0.300674,-0.189402,-0.646522,0.383772,0.389664,0.182259,0.553257,-0.124298,0.144741,-0.734527,-0.301118,-0.195536,0.54035,0.247163,-1.09622,0.572815,0.571882,-0.150555,0.105896,-0.0931063,-0.458403,-0.670442,-1.31398,0.228472,0.53895,0.907067,1
-0.505805,-0.201232,-0.0104351,0.301575,-0.665446,-0.178255,-0.296562,0.816041,0.412452,0.0226406,-0.172072,0.834188,-0.745781,-0.496352,-0.240367,0.563707,-0.583699,0.182083,-0.0932789,0.580124,0.639345,0.840995,-0.261993,-0.208498,-0.19897,0.190323,0.225483,-0.416813,-0.299898,1.28341,-0.10089,0.239212,0.437602,0.946477,1
-0.152795,-0.7787,0.67053,0.527722,0.618654,0.735695,-0.310134,-0.190279,0.189878,1.11429,0.282196,-0.66364,-0.0790116,0.443762,-0.149941,0.132026,-0.528346,0.156143,-0.839242,0.331351,-0.388293,0.0734455,0.623396,0.632137,0.101347,-0.336262,0.224781,-0.312915,-0.603104,-0.69608,-0.0717534,0.51225,0.440274,0.925685,1
-0.154203,-0.573233,0.0630144,0.394032,-0.545373,-0.235121,-0.665631,0.985834,0.478349,-0.672566,-0.183108,0.217291,0.537401,-0.467599,-0.0106966,0.244769,-0.465487,0.205975,0.238665,0.570582,-1.72279,-0.449898,0.134233,-0.318546,-0.0674285,-0.121305,-0.152314,0.536785,1.05164,0.128655,-0.528677,0.417043,0.42573,0.834081,1
0.386863,-0.06582,-0.875479,-0.364473,0.152475,0.172609,-0.466784,0.118389,0.523709,0.473298,-0.144799,0.116193,-0.292329,0.123501,-0.69402,-0.203623,0.378512,-1.00253,0.376353,0.632408,0.266885,-0.894411,0.331758,-0.182595,-0.2169,-0.00526499,0.0730645,-0.585275,0.435662,-0.341539,-0.582667,-0.0704571,0.546862,0.871324,1
-0.750498,0.310225,0.682855,0.433205,-0.689076,-0.196927,-0.191568,-0.833675,0.844441,0.0312182,0.104245,1.65074,0.630763,1.44851,-0.394673,0.338032,-0.504817,-0.640009,-0.249817,0.94095,-0.00832614,0.125939,0.540144,-0.382847,0.162238,-0.313305,-0.747,-1.09674,0.626918,-0.0249692,0.478817,-0.26955,0.483185,0.942799,1
0.265817,-1.13544,0.1567,-1.21111,-0.972241,0.676217,-0.475336,0.350018,-0.0822931,-0.230192,-0.147569,-0.590951,-0.602187,1.00622,-1.07406,-0.248408,0.725409,-0.199464,0.387346,-0.466799,0.0961725,0.229738,-0.384888,-0.0803799,0.544887,-0.662713,0.0459638,0.452075,-0.336201,1.05642,0.224045,0.164217,0.422884,0.772808,1
-0.321673,0.652703,-0.252805,-1.21005,0.76081,0.221171,-0.515351,1.16608,0.753019,0.576964,0.423237,0.173415,0.133316,-0.134541,1.00063,0.5169,0.344953,-0.0678724,0.302546,1.09523,-0.67296,0.0936707,0.144098,-0.161385,-0.34771,-0.30764,-0.160343,-0.471411,0.460675,-0.349944,-0.145984,-0.0955636,0.447858,0.844157,1
-0.151027,-0.0383278,0.0808101,0.0190004,-0.205066,-0.316979,0.202183,-0.876461,-0.452994,-0.64551,-0.271563,0.76697,-0.00601301,0.499235,-0.0743677,-0.275653,0.362295,-0.0360759,0.424923,-0.367624,-0.196778,0.433705,0.379206,0.66293,0.513792,1.32769,0.0291368,0.0201759,-1.11122,-0.534907,-0.497978,0.00818819,0.502495,0.860023,1
0.245445,0.187365,0.647782,-0.165867,0.21198,0.0381697,-0.0756348,-0.785154,0.0514536,0.406681,0.33875,0.492272,0.130985,0.705843,-0.402326,0.372004,0.293224,-0.119465,0.0933483,0.418071,0.0561639,-0.0586662,0.380904,0.401363,0.0259014,0.167538,-0.085005,0.781383,-0.349702,-0.119742,0.276601,0.12216,0.569231,0.878476,1
0.0902708,0.324047,0.966752,-0.385968,0.245451,-0.79691,0.490418,-0.848033,-0.091837,-0.175023,-0.0948906,-0.167789,0.280854,-0.516738,0.542867,-0.631694,0.194226,0.286063,0.180309,0.935786,0.958384,0.313176,-0.105674,0.142132,-0.617338,-0.275152,0.963547,-0.652378,0.12513,0.343667,0.790773,-0.991175,0.500681,0.771535,1
-0.18066,0.034886,-0.513191,0.803443,0.0256996,0.283757,0.537679,-0.26912,0.033391,0.305496,0.346215,0.69803,-0.705093,0.157944,0.334299,0.481538,0.370445,0.645816,-0.700803,-0.024377,0.49625,0.571734,0.243046,-0.195946,-0.277467,-0.436763,0.0716874,-0.192585,-0.191251,-0.188907,0.408309,-0.177984,0.449783,0.779474,1
-1.49935,-0.47857,-0.325664,0.197736,0.062049,-0.718248,-0.966141,0.195988,0.175806,-0.789606,0.296481,0.15143,-0.198071,0.158577,-0.0380376,-0.284918,-0.342841,0.0106178,-0.0980601,-0.119359,0.114863,-0.274383,-0.340982,-0.445674,0.223545,-0.23918,-0.201956,0.372639,0.105547,0.224578,-0.0552418,0.433151,0.560175,0.80348,1
0.672395,-0.054615,0.471531,0.484222,0.455152,-0.012916,-0.320189,0.0776241,-0.673534,-0.385742,-0.0481529,-0.266728,0.723399,-0.069884,0.439959,0.390754,0.395892,-0.793874,0.0405988,-0.477013,0.893403,-0.533834,-0.754892,0.273047,0.0311318,-0.813422,-0.185201,0.182949,0.160008,-0.119151,0.167238,-0.203739,0.453974,0.917491,1
-0.510459,-0.170024,0.361313,-0.699461,0.457672,-0.560025,-0.58943,0.122484,0.385434,-0.865333,1.10247,-0.30585,-0.959949,-1.40274,0.00899132,-0.138241,-0.148612,-0.193551,0.136419,0.341853,-0.288005,-0.171856,0.0839876,0.170722,-0.803522,0.448355,-0.342885,-0.405017,0.476778,-0.0738027,0.011431,0.464018,0.502558,0.873354,1
0.177535,0.29744,0.112516,0.183561,0.382406,7.95,0.227137,0.139379,0.104149,0.18585,0.21578,0.328829,0.344182,0.398206,0.170372,0.16164,0.108361,0.171038,0.344878,0.123712,0.162867,0.212001,0.182789,0.330602,0.358386,0.291929,0.231591,0.255755,0.138364,0.355543,0.158527,0.387752,0.52,0.82,1
0.393015,-0.299813,-0.598763,0.145302,-0.371089,0.188715,0.26886,0.436942,0.605165,0.0982939,0.573783,-0.360592,0.308529,0.394562,0.140936,0.366416,0.0813576,-0.313475,-0.125153,0.469924,-0.311179,0.195257,-0.0365895,-0.418806,-0.154589,0.0932006,0.685376,-0.527006,-0.0179142,-0.791123,0.214686,-0.549686,0.456302,0.80406,1
0.75535,0.170476,-0.894567,-0.252035,0.397733,-0.0155939,0.814893,-0.600818,-0.63828,-0.233635,1.07629,0.579971,-0.188344,0.340766,-0.209227,-0.399685,-0.490073,0.442638,-0.453228,-0.464189,-0.598392,0.763659,0.488426,0.965294,-0.476139,-0.883462,0.164915,-0.206543,-0.613205,-0.494283,-0.356773,-0.915759,0.577528,0.783645,1
0.347788,-0.345531,0.377216,0.130363,0.150789,-0.216641,0.0686624,-0.25976,-0.507912,-0.520439,-0.896119,0.830996,-0.27592,0.132933,-0.466269,-0.408229,-0.324963,-0.0116551,0.280329,-0.39381,-0.429287,-0.141214,0.724582,0.119592,-0.175474,0.230101,0.117212,-0.158029,0.644307,0.750805,0.572664,-0.142771,0.549302,0.847086,1
-0.427781,-0.363383,0.655361,1.0128,0.162402,-0.73769,-0.0672679,-0.0672309,0.0294875,0.201111,-0.0491763,-0.423554,0.411973,-0.353383,-0.62366,-0.335957,-0.340032,0.286347,0.12313,0.570949,-0.244826,0.202085,0.59153,0.444673,-0.380315,0.524592,0.953737,0.152651,0.267324,0.419757,-0.0785402,-0.163391,0.4474,0.911885,1
0.18231,0.700377,-0.325014,-0.126607,0.0742263,-0.389505,0.309028,0.293861,-1.11777,-0.240688,-0.545479,0.344789,0.904725,0.146022,0.188039,-0.150606,-0.499898,0.428025,-1.66709,-0.100552,-0.603997,0.0839683,0.312018,-0.744936,1.16328,0.0392999,-0.579566,-0.656966,-0.0118336,0.226937,-0.17334,-0.706215,0.506137,0.949948,1
0.225438,0.483379,0.619787,-0.273949,0.790615,0.029928,0.386298,0.557758,0.620421,0.351041,0.321462,0.146639,0.79304,-0.227066,0.206453,-0.651851,0.429049,-0.858469,0.534677,-0.628039,-0.385328,-0.339932,0.832149,0.312297,0.781293,0.0862383,0.0680963,-0.76159,-0.126789,-0.281543,-0.593489,-0.187745,0.477744,0.865801,1
-0.561265,-1.32671,0.544194,-0.0136244,0.349956,0.284365,0.187703,0.556934,-0.67637,0.230843,0.732475,0.103312,-0.582921,-0.867303,0.590715,0.112271,0.177656,0.38588,-0.00324522,-0.20746,0.633669,0.0634536,0.661661,0.373526,0.313889,-0.561035,-0.116775,0.450748,-0.0307071,-0.0566499,-0.758357,-0.532462,0.506164,0.948937,1
-0.0998575,-0.226939,0.412376,0.362141,-0.0968449,-0.579865,0.43806,0.52549,-0.0940007,-0.0822812,0.00431405,-0.524462,-0.990153,0.159408,-0.171501,0.0595386,-0.163689,0.470924,-0.0549225,0.934318,-0.6569,0.565547,0.539902,0.154914,0.0226968,0.231993,-0.19394,-0.0397923,0.351676,0.794032,-0.158003,0.632438,0.52445,0.924235,1
-0.141408,-0.510191,0.0921936,0.220046,0.227414,-0.851795,0.336928,0.45699,0.323997,0.0982496,-0.202652,0.0587431,-0.288893,0.362782,-0.268425,-0.777425,-0.747983,0.0303627,-0.72652,0.28957,0.223774,0.699253,0.458403,-0.247695,-0.226836,0.212767,-0.234029,0.169713,-0.526959,-0.224564,-0.800787,-0.935862,0.550705,0.916877,1
-0.878301,0.509019,-0.778972,-0.93214,-0.0651206,0.319681,0.108738,0.372938,-1.06558,0.0340984,-0.0806332,-0.208129,0.0401527,0.236937,0.244564,-0.266079,-0.388755,0.345877,-0.625,-1.10015,0.231013,-0.371245,0.200509,0.0475572,-0.826411,-1.11017,-0.138507,0.043814,-0.0783799,0.243442,-0.343068,0.738877,0.489335,0.780217,1
0.504464,1.47148,-0.774791,-1.17331,0.459659,0.98713,-0.122032,0.303265,0.199874,-0.10958,0.347646,0.879633,0.0681195,0.0566605,-0.343093,-0.948105,0.0601095,0.0145898,0.304301,1.11111,-0.387483,0.882201,-0.177337,0.468828,0.819669,-0.0278041,-0.0251848,-0.631658,0.647565,-0.15872,0.0915074,1.03849,0.425809,0.933055,1
-0.902351,-0.949559,0.99514,-0.935138,-0.213626,-0.019454,0.757628,-0.873233,0.156771,-0.305991,0.920927,-0.471465,0.759277,-0.405696,0.112201,0.312003,0.372767,-0.021709,-0.419249,-0.635504,-0.821623,0.70472,0.484177,0.213443,-0.720519,0.865403,-0.288666,0.558509,0.74354,-1.34486,0.353651,0.248988,0.531938,0.942933,1
0.342538,0.295248,0.271567,0.130284,0.369098,7.95,0.224716,0.326607,0.334049,0.266936,0.35121,0.119814,0.192201,0.284105,0.279893,0.390919,0.342737,0.101656,0.14378,0.227499,0.16784,0.279454,0.27566,0.126901,0.288434,0.156577,0.348375,0.155132,0.295585,0.227029,0.288376,0.25688,0.52,0.82,1
0.110024,-0.614497,0.432648,0.0927526,-0.599628,-0.516118,-0.101804,0.400293,-0.309605,-0.856721,0.0104257,-0.0719959,-1.11159,0.170071,-0.124763,-0.0455839,0.345316,-0.101003,-0.846387,0.1516,-0.248952,-0.111446,0.404595,-0.541931,0.355777,0.144763,-0.750082,-0.52607,-0.0312675,-0.599083,1.13,0.303144,0.482029,0.868237,1
0.0777589,-0.0324205,0.526174,0.896004,0.195556,0.509988,-0.783986,-0.110568,0.503583,0.694324,-0.181207,-0.494415,-0.690746,-0.38739,-0.412988,-0.452192,-0.838578,0.0725388,-0.474339,0.133968,-0.645214,-0.807077,0.443865,0.216116,0.0722798,-0.455905,-0.997026,0.0407034,0.704631,0.545108,0.411787,-1.01732,0.513107,0.949097,1
0.0710953,0.165792,0.110982,-1.06249,0.0174535,-0.965707,0.782062,0.120274,0.851693,0.219654,0.562708,0.217941,0.442798,0.695601,0.02075,-0.415552,0.332629,0.530091,0.531328,-0.170649,-0.0944086,0.152794,-0.732163,-0.133713,-0.377814,0.110533,-0.120382,0.0155843,0.561935,-1.34201,-0.494015,-0.0016168,0.509432,0.770044,1
0.868182,0.370769,-0.320098,-0.0531763,0.198032,0.565309,-0.77588,-1.30066,-0.573036,-1.46446,0.436672,0.352185,-0.103861,-0.441103,-0.732545,0.0629142,-0.409731,-0.448793,-0.924279,0.746458,0.0811024,0.20195,-1.08406,0.419114,-0.196379,-0.260692,-0.241933,-0.0215123,0.434113,0.11574,-0.148846,0.304696,0.561443,0.782128,1
-0.0310669,-0.536557,0.372466,0.243237,-0.323681,0.119902,0.334258,0.391997,0.387822,-0.0377404,0.662567,0.498681,0.213599,-0.247985,0.088187,0.611542,0.480916,-0.620517,-0.357352,-0.731367,-0.545707,0.458751,0.572644,0.364092,0.15854,-0.128789,0.166605,0.902911,-0.0840988,-0.0552215,0.265573,-0.416426,0.446982,0.947024,1
0.323423,-0.548281,-0.194651,0.209187,0.14582,0.508012,-0.0371927,0.402824,-0.0276882,0.194103,0.120509,0.100604,-1.85097,-0.191834,1.00422,-0.416075,0.494634,0.0664574,0.212912,-0.224537,0.121716,0.00752472,-0.875032,0.071785,0.472531,0.4471,-0.0466914,-0.342223,-0.412569,-0.283574,-0.354778,-0.292481,0.485395,0.76715,1
-0.228544,0.149778,0.188754,0.0856499,-0.245939,-0.0131329,0.332943,0.378137,-0.64833,0.450127,-1.41413,-0.330208,0.450765,0.139922,-0.363292,0.0216429,0.194399,0.0824139,0.259493,-0.614559,-1.12232,-0.842414,-0.359805,-0.572947,-0.428822,-0.170872,0.279857,0.150834,0.245036,-0.387204,0.202477,-0.630555,0.482748,0.942735,1
-0.182418,-0.0821641,0.227845,-0.706535,0.730849,0.194458,-0.0436708,0.433785,0.644347,0.269641,-0.481253,-0.604055,-0.229738,0.749079,-0.447631,0.179637,-1.03279,-0.114864,-0.558059,0.00429851,-0.0159947,-0.382046,-0.0153701,-0.265598,0.221548,-0.529148,0.521437,-0.599282,0.718774,0.189147,0.412968,0.349252,0.470525,0.933184,1
0.373762,0.528768,0.187263,1.33033,-0.58821,-0.0604619,0.44277,0.258783,-0.40355,-0.0897981,-0.0520853,0.18613,1.37201,0.777104,0.296209,-0.416391,-0.527332,0.254858,-0.52596,-0.0702056,0.11279,-0.351342,0.119306,0.505283,-0.325297,-0.20684,0.661127,-0.21572,0.393159,0.0152699,0.439448,-0.152103,0.453642,0.810352,1
-0.0528201,-0.454607,-0.756024,-0.763617,0.107159,-0.774841,-0.173756,0.158748,0.196753,0.0407556,0.53142,-0.000949699,0.153556,0.0493316,-0.001112,0.327631,0.227096,-0.160512,-0.295145,-0.389294,-0.25613,-0.354851,-0.564853,0.16541,1.15358,-0.049909,-0.230311,0.127337,-0.847182,1.15544,-0.0318335,-0.75805,0.471904,0.859207,1
-0.450051,1.16607,-0.611172,-0.397795,-0.687383,0.153482,-0.0722453,0.365595,-0.11744,0.505276,-1.00442,0.127115,0.841787,0.0336492,0.0382639,-0.200539,0.124065,-0.253108,0.320849,0.424683,-0.163872,-0.0117807,0.0465887,-0.479649,0.0133377,0.0930442,-0.752312,0.121815,0.708095,-0.647568,-0.630122,0.492948,0.557056,0.849573,1
1.04971,-0.861818,-0.0657503,-0.589478,0.0564559,-0.61197,0.0300457,-0.702019,-0.353824,-1.15906,-0.406622,-0.568089,0.691308,-0.203119,-0.207898,-0.386815,0.180277,0.692742,-0.0758134,-0.999846,-0.0450151,0.247002,0.181428,-0.225769,0.0648786,-0.524754,-0.0445438,0.388288,-0.211442,0.543482,-0.24882,0.35642,0.528372,0.890244,1
-0.153435,-0.243703,0.266676,0.726422,-0.139362,-0.443318,-0.282409,0.767977,0.535667,-0.60921,-0.670227,-0.242428,-0.0110065,-0.132472,0.7572,-0.125567,-0.482277,-0.268705,0.192822,0.688178,0.244951,0.727916,0.175097,0.400693,0.275488,0.376366,0.257681,0.716096,0.189337,0.285013,0.630768,0.0144174,0.579729,0.82084,1
0.142062,0.319485,0.390876,0.128277,0.372095,7.95,0.244824,0.223603,0.35452,0.188328,0.335093,0.397476,0.182041,0.160968,0.128851,0.254674,0.14293,0.245542,0.236117,0.278775,0.139383,0.26666,0.243053,0.333261,0.276088,0.306391,0.366236,0.347348,0.149053,0.376621,0.214539,0.365394,0.52,0.82,1
0.187125,-0.674701,-0.124581,0.0786192,0.3873,-0.167312,0.153633,-0.727432,0.369407,-0.813018,-0.144274,0.945462,0.187893,0.807933,-0.0524598,-0.267739,0.00898318,-0.0867243,-0.19368,1.24471,-0.13704,-0.191036,-0.733911,-0.558634,0.558808,0.0931052,-0.0379024,-0.217032,-0.423708,-0.619531,-0.299325,-0.310323,0.444334,0.843341,1
0.367524,0.543867,0.39171,0.138663,-0.485757,0.3704,-0.131716,0.290469,0.125863,-0.717606,-0.997354,-0.104445,0.48441,-0.39602,0.828928,-0.282006,0.551956,-0.554761,0.394428,-0.388125,-0.0224313,-0.21329,0.468571,-0.245081,-0.934034,0.544128,-0.549308,0.0064743,-0.288331,0.639833,-0.703737,0.472403,0.563868,0.944218,1
-0.907516,0.530572,-0.451718,0.218312,-1.30112,0.473526,-0.0512588,0.291218,-0.724126,-0.243426,-0.135148,0.610941,-0.302731,0.0445204,-0.532146,-0.0890028,-0.497571,-0.310843,0.316535,-0.205434,-1.07543,0.203782,1.20436,0.00327035,0.277525,-0.403457,-0.154261,0.147981,0.232816,-0.704552,0.228822,0.116035,0.56755,0.766903,1
-0.496618,0.145706,-0.0493992,0.222846,-0.205865,-0.375677,-0.372663,-0.309834,-0.254708,-0.162739,0.151924,0.530808,-0.296801,-0.932794,0.107984,0.0147931,-0.899426,-0.163518,-0.59812,0.413008,-0.449278,0.667851,0.609225,-0.140959,-0.320502,-0.143098,0.325441,0.43617,0.363686,-0.583675,0.527846,-0.411113,0.562038,0.847793,1
-0.0358334,0.153658,0.0281906,0.759825,-0.61825,-0.820289,-0.199483,0.0567963,-0.229379,-0.0187959,-0.680044,-0.354561,-0.377777,-0.444307,0.112743,0.123457,-0.131253,-0.903838,0.87269,-0.477608,-0.826451,-1.47581,0.794327,-0.256875,-0.365285,-0.273158,-0.475065,0.711864,0.390429,0.0255854,-0.0583691,-0.515441,0.458923,0.941532,1
-0.238035,-0.41275,-0.194084,0.374591,-0.325291,-0.225787,-0.462347,0.276827,-1.26276,-0.411954,0.138012,1.02495,0.236104,0.945677,-0.49318,0.787695,-0.0860656,-0.678609,0.131761,0.371568,0.393538,-0.401392,0.518108,0.611768,-0.78086,-0.601243,0.0470766,-0.442238,-0.0409577,0.0380166,-0.0658954,-0.455253,0.490884,0.768286,1
0.257146,-1.19308,0.185012,-0.275337,0.0363376,0.90185,0.561085,1.66234,0.25767,0.0236632,0.789724,-0.651812,0.339742,0.252393,-0.577919,0.115943,-0.290915,-0.61229,0.118997,-0.850105,0.336473,-0.213082,-0.0105572,0.332441,-0.338779,-0.665312,-0.817452,-0.250616,0.800333,-0.0902426,0.344522,-0.233043,0.424157,0.894673,1
-0.441365,0.249096,-0.419873,0.6903,0.183613,0.378288,0.397695,-0.31809,-0.143294,-0.503673,-0.190683,0.570434,0.549593,-0.500116,-0.494487,0.298558,-0.44868,0.0779999,0.595907,0.190415,0.967766,0.638115,0.858399,0.689621,-0.143351,-0.964975,-1.02963,-0.491436,-0.0159781,-0.822374,0.0932437,-0.0678119,0.517364,0.85563,1
0.2316,0.403027,-0.778097,-0.420605,-0.00573478,-0.198887,-0.0904202,0.384392,-0.152089,0.0653553,-0.141756,-0.44478,0.0221342,-0.347788,0.407616,0.323059,-0.530691,0.291853,0.150417,0.623652,-0.0901437,-0.535324,-0.283025,0.551628,0.355172,0.0197903,-0.0508271,0.635957,-0.2452,0.536272,0.00674009,-0.190522,0.534101,0.928727,1
0.701924,-1.03851,0.269354,-0.168839,0.143427,-0.759709,-0.279545,0.621149,-0.757621,-0.448997,-0.550458,0.0593861,-0.622226,0.137112,0.323453,0.933146,1.28532,-0.184217,-0.315802,-1.29469,0.381773,-0.839931,-1.01936,0.299437,0.165421,0.152129,0.347959,0.192546,0.160077,-0.880642,0.597125,-0.624887,0.523894,0.795108,1
-0.637086,-0.241534,0.00234808,0.192761,-0.599293,-0.922153,-0.458849,0.207929,-0.172841,0.352828,-0.277701,0.787335,-0.248633,0.431226,-0.228406,0.474135,0.0684307,-0.0512183,0.0797688,-0.210757,0.67329,0.00753036,0.406151,-0.32568,-0.245366,0.46398,0.0176774,-0.191851,-0.10896,0.157471,0.144261,0.104906,0.518666,0.908328,1
0.468971,-0.0734566,-0.522752,-1.14817,-0.0492773,-0.695227,-0.744614,-0.0682133,-0.103218,-1.06689,-0.0889721,-0.256429,-0.261177,-0.00533686,-0.11567,0.565477,-0.0947613,-0.448486,-0.181083,0.252895,-0.528535,-0.504151,0.894742,-0.227846,0.601085,0.560668,0.711458,0.506254,0.289594,0.449171,0.393137,-0.0888997,0.526067,0.862833,1
0.110501,0.407413,0.518174,0.218781,-0.724177,0.349488,0.399345,0.616976,0.20129,0.36237,0.134103,-0.539638,-0.0731085,-0.281433,-0.497718,0.473176,-0.172701,-0.444793,0.0298004,0.104706,-0.236208,-0.314799,0.62858,-0.269213,-0.267127,0.0971524,0.389092,-0.231761,-0.610553,0.4774,0.773875,-0.212676,0.559878,0.830431,1
0.467908,0.437798,-0.127499,0.338063,-0.0979267,0.477847,0.0863587,0.409066,0.739167,-0.462589,-0.547857,-0.331679,-0.533483,0.433436,0.480483,0.611002,-1.13363,-0.903709,-0.913578,-0.802307,0.00172725,-0.10696,1.24685,-0.452774,-1.30163,-0.378627,-0.841061,0.202903,-0.535656,-0.188208,0.79357,-0.437948,0.523888,0.904719,1
0.0102243,0.450798,-0.557679,0.444944,0.329288,-0.349084,0.142585,0.55214,-0.478493,1.50004,0.489621,0.836317,0.0288283,0.818601,-0.235882,-0.115921,-0.65358,-0.631931,0.56985,-0.534882,0.198182,-0.29906,0.301422,-0.363974,-0.394708,-0.0805026,-0.10118,-0.0551315,0.842164,-0.0915799,-0.616377,0.293188,0.531764,0.92671,1
1.16167,0.460239,-0.270606,0.639136,-0.249218,0.206244,0.516082,0.309273,-0.458041,0.139738,-0.595855,0.0883229,-0.691024,0.605327,-0.224682,-0.109224,0.17233,0.418062,0.04902,0.614649,-0.476419,-0.547736,-0.932803,-0.197785,-0.525893,-0.265487,-0.284957,0.0573647,0.391706,-0.0700717,0.697377,-0.307349,0.467302,0.873234,1
-0.29311,0.865308,1.42174,-1.03241,-0.0560578,-0.499242,0.182807,0.426727,-0.606982,-0.0189813,-0.16212,-0.728249,-0.790486,0.242221,-0.355687,0.300935,-0.525554,0.444419,-0.519904,0.801833,0.683418,0.451282,-0.27052,-0.881872,0.454622,-0.577544,-0.210261,0.397999,-0.154664,-0.566244,0.596141,-0.0570576,0.561457,0.94405,1
-0.338128,0.285971,0.730485,-0.941803,0.493959,0.566357,-0.741932,-0.284163,-0.850923,-1.14846,0.0187925,0.522889,-0.907856,-0.273311,0.119429,0.0493371,-0.0326478,1.38775,0.202661,-0.169474,-0.856796,0.332681,0.583933,0.357946,0.692218,0.413025,0.704771,-0.100775,0.614829,-0.834031,-0.317321,-0.239988,0.490049,0.888763,1
0.480608,0.0369335,-0.6275,0.819286,0.610291,0.0510212,-0.47164,-0.384677,0.598404,-0.326396,-0.540349,-0.0513324,0.659654,0.706593,0.608927,-1.01467,-0.313913,-0.693922,0.0433467,-0.671205,0.010377,-0.343842,-0.0175723,0.761268,-0.0262267,0.0251987,-0.667044,-0.549383,-0.385312,0.146586,0.463499,-0.0161376,0.520688,0.909622,1
-1.4712,-0.197151,0.720886,-0.431375,0.880786,-0.282735,0.186386,-0.209085,0.707911,0.648081,-0.665419,0.329161,-0.0954044,0.388809,0.36682,0.00162655,0.0742733,-0.401912,-0.863133,-0.36196,0.733864,-0.217232,-0.0812032,0.669858,-0.220063,-0.505001,0.216046,-0.22074,0.361451,0.535893,0.328556,0.441171,0.436028,0.921024,1
-0.384946,0.844434,0.299356,-0.102404,0.109176,-0.262326,-0.119889,-0.11654,-0.320068,-0.290825,-0.504381,-0.602404,-0.712691,0.429049,-0.464829,0.928567,0.0132868,0.216089,-0.335727,-0.192103,0.320065,0.338213,0.61422,-0.708313,0.257575,1.13969,-0.291105,0.371567,0.811188,-0.0215501,0.00538216,-0.127432,0.497938,0.835812,1
-0.827243,0.945098,0.279729,-1.16351,-0.308422,0.180731,0.258206,0.113518,-0.513051,0.351498,-0.827063,-0.729581,0.697481,0.199978,0.0928896,0.698012,0.142078,-0.110581,0.613243,0.109458,-1.03055,-0.363792,0.851098,-0.698504,0.958865,-0.396233,-0.232893,0.0631162,0.0122219,-0.710072,-0.0441109,0.203984,0.462923,0.928061,1
0.823125,-0.450624,-0.191141,0.325396,0.416073,0.612874,0.886569,0.319867,0.254856,-0.290811,-1.10888,-0.0266709,-0.397859,-0.605426,-1.43712,-0.0433384,0.0431499,-0.582886,-0.498298,-0.162643,0.950123,0.175587,0.328566,1.03994,-0.726378,-0.325343,-0.859592,-0.368368,0.132676,-0.382978,0.938302,-0.730534,0.489591,0.855825,1
0.278136,1.07615,-0.158274,0.811857,0.545897,0.888375,1.20026,0.561533,-0.125648,-0.0472604,-0.774785,0.955438,0.134925,0.174281,-0.515507,-0.293871,0.235122,0.0901801,0.585838,-0.406266,0.0684779,0.872254,-0.165731,0.269116,-0.333561,-0.296028,0.981832,0.248378,-0.827681,-0.0961032,0.27898,0.129655,0.460716,0.884155,1
0.271539,0.674371,0.174446,0.0817729,-0.992899,0.0914458,-0.0889866,0.31458,0.355665,0.156055,-0.402734,-0.732033,-0.85844,0.126153,0.274435,-0.912258,-0.330378,0.167251,0.252663,-0.701448,0.808167,-0.772124,0.403213,-0.587375,0.50954,0.579518,0.137977,0.403238,-0.0390055,0.339643,0.283685,0.577571,0.533111,0.760993,1
-0.581668,-0.368704,0.15421,0.632064,-0.0957434,-0.49567,0.510172,0.31997,-0.325919,-0.763853,-0.784556,-0.363677,0.410679,-0.00928203,0.311075,1.704,-0.502309,-0.519259,-0.408784,-0.025471,-0.299051,-0.0795186,-0.308808,-0.0525556,0.10532,0.640891,-0.704834,-0.680756,0.480054,0.212564,0.49525,-0.661555,0.461906,0.918911,1
-0.346378,0.216002,0.308695,-0.431724,0.419389,0.223553,0.587353,0.102292,-0.837327,-0.00198151,-0.109511,-0.080514,-0.192269,0.637979,-0.639263,0.797175,-0.0542492,0.629976,-0.828535,0.483193,-0.219068,-1.01736,-0.27057,0.668161,-0.442705,0.0302045,0.24947,0.358259,0.202228,0.258746,0.146642,-0.146588,0.497273,0.762386,1
-0.462971,0.0498134,0.281835,0.156683,0.172348,-0.323443,0.473091,-0.912797,0.00424231,0.677861,-0.0755909,-0.177994,0.125313,1.21017,-0.436226,-0.657049,-0.330336,-0.273004,0.44807,0.153659,0.53372,0.0459337,0.454292,0.0775113,0.165366,0.657306,-0.421435,-0.478515,-0.793483,1.08083,0.179286,-0.228625,0.50479,0.792067,1
-0.0445161,0.241845,0.263894,-0.848345,0.918304,0.233587,1.01313,-0.0175863,0.0192953,-0.153357,-0.725272,-0.0608982,-0.470488,-1.00896,-0.442985,0.35422,-0.980489,0.961862,0.359061,0.392937,0.0354451,-0.158485,0.582104,-0.593343,0.478047,-0.693166,-0.721895,0.33134,-0.0334983,-0.170517,0.497338,0.471646,0.421938,0.785607,1
0.842003,0.389402,-0.0943104,-0.349691,-1.16675,-0.74056,-0.267787,-0.255815,-0.669912,-0.959023,0.564421,0.0213123,-0.634671,-0.608446,-0.0160284,0.416565,0.766579,0.806332,-0.376073,1.1871,-0.419572,-0.259489,-0.262327,-0.116162,0.463678,-0.890296,-0.183867,1.25262,-0.519084,0.0507723,1.0437,0.658795,0.420439,0.803853,1
-0.220319,-0.520963,0.100816,-1.01099,-0.382967,-0.273093,0.400225,-0.74311,1.12298,0.398079,-1.22199,-0.072022,0.314771,0.663127,0.635075,0.520197,-0.185598,-0.119573,0.917038,0.359315,0.261823,-0.0526283,-0.0892375,-0.940027,-0.801931,-0.774364,0.518139,-0.247995,-0.528148,0.0793178,0.0295914,-0.704975,0.523691,0.891693,1
0.609393,-0.235803,-0.0915332,-0.638828,0.163238,-0.0314689,-0.402304,-0.242482,0.147023,0.432954,0.0733108,-0.338656,-0.323774,-0.0895906,0.895892,-0.842314,-0.676105,-0.122916,0.329357,0.278884,0.0216987,0.387817,0.330155,-0.154124,0.574895,0.764603,-0.112132,-0.429502,0.358774,-0.225743,0.96119,-0.216367,0.430556,0.919826,1
-0.290972,-0.187024,0.505154,0.599922,0.419275,-0.708495,-0.148732,-0.0798445,0.518275,-0.0413189,0.137503,-0.415629,0.104847,0.744122,-0.321668,-0.347468,0.488486,0.633959,-0.401371,-0.460887,0.381252,0.587491,0.372399,0.0121767,-0.703111,0.0227866,-1.09161,-0.326184,0.176885,-0.553679,0.0428885,0.20547,0.465135,0.86854,1
-0.397732,-0.556145,0.49036,-0.520812,0.248744,-0.198244,0.688385,-1.00522,0.185277,-0.713641,-0.15736,0.203463,0.0539406,0.173395,0.0648691,0.173991,0.262481,-0.563042,-0.952687,0.0346124,-0.777213,-0.126871,1.12619,0.303093,-0.715886,0.524259,0.189807,0.235699,0.494718,0.302726,0.361685,0.525769,0.550692,0.815201,1
-0.0477676,0.247661,0.612084,0.0899424,-0.532611,0.0692875,-0.428653,-0.351577,-0.610529,-0.421712,0.396343,-0.530408,0.409657,-0.710559,-0.00324508,0.314563,-1.19411,0.175257,-0.600876,1.15796,0.0872579,0.394584,-0.318443,1.11397,0.214143,-0.0242782,0.263724,0.184211,-0.367013,-0.561667,-0.354887,0.308831,0.537193,0.814353,1
-0.585784,0.762598,-0.251618,-0.504414,0.634079,-0.323242,-0.656814,-0.151757,0.37238,0.452415,-0.499351,0.393151,-0.252751,-1.55276,-0.0938997,-0.40055,0.410262,-1.06576,-1.15399,0.466723,-0.407197,-0.77272,1.30842,0.251488,-0.623247,0.00047588,-0.0335573,-1.46695,0.188508,0.799682,-0.0617017,-0.353861,0.549444,0.929179,1
-0.159693,-0.700924,0.687546,0.549389,-0.0805293,0.208008,-0.715921,0.441933,0.175932,-0.67976,0.855125,-0.00942082,0.31823,0.134725,-0.204823,-0.260555,-0.201582,0.29811,0.799394,0.745118,-0.5189,-0.171843,-1.02715,-0.0558367,-1.32533,-0.101007,0.0554385,-0.333639,-0.626445,0.185306,0.263112,-0.99517,0.461462,0.832543,1
0.367745,-0.0890764,-0.0338227,0.0132483,1.1368,-0.335448,0.792797,0.14188,-0.503888,-0.239114,-0.539795,-0.502805,0.0287569,-0.475224,-0.324286,0.606134,1.17683,0.203435,0.506354,-0.340591,0.617677,0.458468,0.0286384,-0.491748,-0.064484,0.701845,0.361238,0.0863871,-0.0485767,-0.0166027,-0.124249,-0.5328,0.455661,0.831237,1
-0.625736,-0.519611,0.264216,-0.140144,-1.4661,0.107058,-0.0998322,0.494348,-1.04058,1.31927,0.312956,0.00686314,0.757196,-0.534915,0.628901,-0.165168,0.178494,0.606046,-0.189412,0.00452465,0.715342,0.18278,-0.0226817,-0.408143,-0.502118,0.215058,0.10746,-0.784573,-0.455623,0.321486,0.300685,-0.766551,0.530761,0.81269,1
0.148849,0.20036,0.154064,0.32797,0.180392,7.95,0.213511,0.343636,0.171376,0.26546,0.26567,0.122776,0.197627,0.38044,0.323255,0.184683,0.36799,0.298847,0.398185,0.263307,0.274496,0.268797,0.102568,0.34912,0.132868,0.380925,0.214469,0.308864,0.154569,0.251085,0.186742,0.319278,0.52,0.82,1
-0.0266265,-0.16826,-0.989021,0.437477,-0.387411,0.283525,0.839499,-0.0319017,0.77704,0.766564,0.105414,-0.0893042,-0.846329,-0.426425,-0.635611,-0.11339,0.162958,0.192547,-0.159057,0.557246,-0.191092,-0.0631972,0.656666,0.454101,0.1132,0.168016,-0.575827,-0.450954,-0.355187,-1.09863,0.56524,0.144017,0.463363,0.762365,1
-0.0730965,0.0323062,-0.695817,-0.683774,0.811716,0.421931,0.988667,-1.10417,0.2395,0.501719,1.87939,-0.303183,0.438049,-0.604349,-0.0772065,0.81545,0.40353,-0.751575,-0.72809,0.582001,0.322545,-0.282293,0.852535,-0.317715,-1.25,-0.208754,-0.468307,0.31985,0.054257,0.691451,-0.618056,-0.28312,0.499363,0.860246,1
-0.318267,0.311369,0.855167,0.285825,-0.331667,-0.00763192,-0.54581,0.306457,0.0928107,-0.366833,-0.459201,-0.66494,0.104918,0.240657,-0.351005,-0.352155,0.341661,0.0815115,-0.524035,-0.231724,0.339352,0.398687,-0.0976386,0.353599,-0.264389,0.37658,0.200725,-0.365355,-0.229354,-0.250301,-0.13929,-0.155431,0.517686,0.947793,1
-1.00031,0.235913,0.522336,-0.0444901,-0.211328,-0.37331,0.21075,0.689041,-0.330229,-0.259911,-0.0780457,0.261195,-0.798191,-0.466022,0.30605,-0.444006,-0.300755,-0.206818,-0.933801,0.298903,-0.971505,0.0976448,-0.581451,-0.37614,-0.407551,0.370011,-0.592733,0.479743,-0.15688,0.840629,0.740421,-0.502155,0.495145,0.927982,1
-0.0189667,0.393934,0.10853,0.460309,0.172846,0.473074,0.342553,0.098573,-0.577429,0.328606,-0.790216,0.0412554,0.710227,-0.256986,0.0883392,-0.137752,0.443769,0.209955,-0.234302,-0.658314,-0.10065,0.096991,0.485117,0.282462,0.0738836,0.309099,0.153521,-0.193593,0.536532,0.141508,0.585541,1.6105,0.470918,0.944348,1
-0.0770738,0.222171,-0.512645,0.322728,0.354734,0.0769552,-0.361272,-0.432802,-0.3448,0.691583,-0.244414,0.37155,-0.376819,0.616194,5.711e-05,-0.187927,0.311429,0.172109,-0.506367,-0.694404,-0.720816,0.305804,-0.458501,-0.189339,0.0899806,0.242429,0.766024,-0.465481,0.102375,0.255226,-0.254106,-0.236943,0.562544,0.866285,1
-0.65674,-0.340877,0.370842,-1.26107,0.191575,0.455243,-0.142691,-0.072725,0.250225,-0.151574,-0.0339916,0.13407,-0.317087,-0.468995,-0.208596,-0.886749,-0.134576,0.0643402,0.0288041,0.47496,-0.180367,0.894855,-0.777738,1.07162,0.214596,-0.495977,-0.16973,0.0226523,-0.0530668,-0.016311,0.0241812,0.0945569,0.514753,0.769466,1
-0.0739821,0.629848,0.536032,0.136389,-0.197789,0.715694,-0.174238,0.298868,0.544963,-0.0615275,-0.409375,-0.875984,0.407093,-0.0157082,0.306394,0.69301,0.507415,0.0609952,-0.305959,0.297261,0.426586,0.248813,0.703946,0.853266,0.768536,0.356213,-0.648295,-0.378468,-0.094349,0.0982682,1.18127,0.334246,0.559329,0.917998,1
-0.0863507,0.773454,-0.118791,-0.159521,0.0991234,-0.28435,0.0851775,0.258136,0.175063,-0.282619,0.465535,0.0594498,1.47943,0.178175,-0.0223911,-1.23596,0.0492739,0.324376,0.367194,0.0710729,0.326749,0.318071,0.212944,-0.0271468,-0.0505139,0.139186,-0.589832,-0.161319,0.39876,-1.09913,0.0190449,0.0292149,0.463924,0.768428,1
-0.49985,0.647265,0.388323,0.0350141,0.189774,0.102879,-0.34468,-0.0720079,0.577093,0.191594,0.411919,0.251546,0.306529,0.069628,-0.166904,0.360809,-1.16968,-0.394315,-0.17296,-0.373306,0.160589,-0.457905,-0.575662,0.591654,-0.0513557,0.373016,-0.439018,-0.347191,-0.388636,-0.362966,-0.0202974,0.0975256,0.563935,0.884475,1
-0.0850622,0.159829,0.107636,0.893672,-0.291502,-1.08832,-0.120516,-0.33205,-0.800955,0.366661,-0.410269,0.138022,-0.818572,0.554938,-0.147363,0.404922,0.361575,-0.670185,0.154874,-0.621065,1.01134,-0.142594,0.210887,0.903385,-0.45119,0.0991267,0.22115,-0.030546,0.84485,-0.133542,-0.101055,-0.127559,0.495161,0.8152,1
-0.164432,-1.11153,-0.038821,-0.546272,0.0411547,-0.546398,-0.409211,0.0560055,0.0577652,0.232187,0.1605,-0.566857,-0.470655,0.776922,0.0512104,-0.238949,-0.652725,-0.36755,-0.000891606,0.716519,-0.0532017,-0.343461,0.465612,-0.436944,-0.269194,-0.166489,0.93311,-0.110607,-0.455888,0.270414,0.590582,-0.606433,0.49146,0.911937,1
-1.01153,-0.249576,0.0332941,0.198259,-0.583596,0.0807947,-0.659689,-0.350237,0.652428,-0.456706,-0.552761,-0.0400994,0.433653,-0.269854,0.958663,-0.382047,0.181344,0.380675,0.0859061,-0.712318,0.878876,-0.5945,0.0622591,0.151352,-0.2082,-0.0173621,1.02269,0.731194,-0.561496,0.380048,0.457659,-0.34095,0.572105,0.771009,1
0.379934,0.414882,-0.404653,0.434931,-0.498081,0.523141,-1.08182,0.893761,0.156386,0.0929602,-0.288252,-0.109727,-0.156884,-0.333368,0.581723,0.0653472,0.0680324,0.213014,0.453451,-0.0983477,-0.157215,0.0492436,0.0116821,0.714226,-0.199139,0.500009,-0.312756,0.772337,-0.244879,0.728618,0.348526,-0.534817,0.475337,0.824023,1
-0.857411,-0.453305,-0.534491,0.645734,-0.735634,-0.519771,-0.933926,0.0882557,0.256123,-0.449653,0.882247,0.0972064,-0.174098,-0.943196,-0.0720019,0.135783,0.367587,-0.518493,-0.232621,0.351547,0.110728,-0.00999343,0.09426,-0.394767,-0.149109,-0.37373,-0.204355,-0.0963437,0.63208,-0.806637,-0.416497,0.356005,0.480045,0.916646,1
0.989694,0.640818,-0.333868,-0.622997,0.759169,0.186103,0.387476,0.0936956,-0.851767,-0.369645,0.0563112,0.181778,-0.362549,0.190982,0.396927,-0.208587,0.661404,-0.0481761,0.52592,0.100446,-0.372893,0.30085,0.171561,-0.648784,0.504717,0.53063,0.415729,-0.0605542,-0.282906,-0.404992,0.403538,0.462387,0.457628,0.898866,1
-0.0665694,-0.691154,-0.0908067,-0.240118,-0.688712,-0.46089,0.495602,-0.555254,0.700275,0.205524,-0.140098,0.678096,0.207561,0.130265,-0.0976584,-0.224177,-0.662183,-0.346439,0.606784,0.782851,-0.0673471,-0.582709,-0.892119,-0.160497,1.40346,0.54757,0.23959,1.07054,0.192514,-0.133602,-0.0148015,0.697975,0.509122,0.857206,1
-0.361641,0.716746,0.641381,-0.289519,-1.00554,-0.49355,0.455466,-0.507167,-0.636109,-1.20002,-0.0899256,0.368637,-0.446684,1.01559,0.718567,-0.181227,-0.264612,0.352276,-0.891624,-0.241267,0.389175,0.450363,0.460614,-0.152949,-0.372191,-0.0294717,0.153426,0.860616,-0.0374593,0.291819,-0.152059,-0.662112,0.449286,0.925142,1
0.275164,-0.15584,0.661515,-0.0186046,0.0878935,-0.0745993,-0.544671,0.331724,0.5075,0.125399,1.27695,-0.451218,0.221215,-0.305503,0.186057,-0.778946,-0.488197,-0.307303,-0.579769,-0.482767,0.795248,0.150921,0.148516,-0.779712,0.0955506,1.18411,-0.0911272,-0.731118,-0.598328,0.627974,-0.377886,0.46524,0.48352,0.928455,1
-0.583613,-0.0430239,-0.632296,0.419169,-0.22454,0.60789,0.597827,0.070097,0.0444909,-0.216816,0.150178,-0.442639,-0.441478,-0.294762,0.0691857,-0.613949,-0.302657,-0.507436,-0.834572,0.647473,0.346479,0.376363,0.0986603,-0.678619,0.63458,-0.226166,0.300452,0.553208,0.697635,-0.669392,1.27622,0.492218,0.578058,0.771886,1
-0.645664,0.594481,-0.744188,0.679667,-0.601324,-0.661005,-0.865256,0.552747,0.357251,0.462121,-0.00527297,-0.808107,-0.0393849,0.0698779,0.240664,0.133724,-0.528345,0.162785,-0.0700209,-0.403518,0.183737,-0.247838,0.125167,-0.836227,-1.11497,0.156327,-0.254476,-0.0102475,-0.906478,-0.233974,-0.297108,-0.0337237,0.476897,0.930374,1
0.654412,0.0657752,0.396165,0.622768,-0.168731,-0.748165,0.370874,0.647221,0.131762,0.178381,-0.0307471,0.210455,-0.856502,0.237328,-0.135485,-0.17203,-0.0848984,0.446988,0.30176,0.320019,-0.0560791,-0.0625051,-0.795146,0.529895,0.380268,0.307076,0.236182,-0.344011,-0.0120107,0.702783,-0.492704,0.260093,0.543212,0.824161,1
-0.383624,0.34332,-0.380901,-0.132894,-0.0726826,0.408212,-0.59084,0.134316,0.229767,0.286214,-0.174892,0.0899033,0.585693,0.0556486,0.625783,-0.449057,-0.82604,-0.150027,1.80922,-0.617337,-0.126299,-0.171787,0.694674,-0.175962,-0.415844,0.376267,-0.483678,1.09089,-0.217037,-0.835973,-0.207211,-0.123876,0.56794,0.781934,1
0.568451,-1.45764,-1.1728,0.222611,-0.0454805,0.198943,0.523051,0.026251,0.706704,0.103948,-0.296228,0.234845,-0.893639,0.142279,-1.0384,0.171416,-0.163399,-0.0439567,0.0412232,-0.135939,0.00739076,0.48193,-1.07749,-0.0922167,-0.127947,0.652272,0.555589,0.0947101,-0.349288,0.0433556,0.255105,0.124594,0.439773,0.81351,1
0.95,0.88,0.169459,0.383192,0.301226,-0.176485,0.268675,0.410451,-0.0736266,0.203027,-0.367819,-0.0131554,-0.0530221,-0.0570031,0.0819895,-0.304768,0.122151,-0.124697,-0.0608799,0.0733942,-0.475853,-0.191702,-0.463203,0.3418,0.493519,-0.458626,-0.321102,-0.00729671,0.286389,0.0458361,0.267292,-0.0990356,0.48,0.2,0
0.90798,-0.268334,0.289591,-0.368543,-0.0525276,0.600668,0.913977,0.0696938,0.0227079,0.429871,-0.0348481,0.0625263,-0.234186,0.273362,1.28076,-0.340095,0.955248,0.22544,0.411505,-0.318151,-0.83421,0.27629,-0.292443,0.64683,-0.139714,0.201813,-0.0663057,-0.596783,0.53906,0.123657,0.180326,0.407404,0.444186,0.829934,1
0.196548,-0.0302211,-0.295224,-0.0208035,-0.106329,0.509206,-0.70318,-0.365623,1.17266,-0.297853,-0.621038,0.00429231,-0.165205,0.123703,0.026227,0.209063,-0.320678,-0.214719,-0.33991,-0.319685,0.254731,1.00087,-0.299605,0.254694,0.307426,0.554424,0.257344,-0.292831,0.612364,-0.206324,0.0451146,0.70553,0.496766,0.811601,1
-0.621879,-0.0659015,0.447206,-0.721334,0.37473,-0.454578,-0.0432105,-0.194181,-0.512335,1.10321,-0.285031,1.14282,-0.0747277,-0.769622,0.447926,0.274901,0.471869,-1.10995,-0.557684,0.535518,-0.218678,-0.181332,-0.511042,0.361011,0.47627,-0.604678,0.393031,0.984149,0.365468,0.437473,-0.00635439,-1.11481,0.543207,0.798747,1
0.406733,0.451893,-0.99633,-0.578108,-0.463425,-0.51751,-0.206507,0.434173,-0.10413,0.515348,-0.504001,-1.1877,0.0885204,0.346224,-0.27021,-1.49246,-0.114897,-0.016448,0.17148,0.266396,0.423814,0.00494566,1.20179,0.880742,0.537171,-0.0518167,-0.0561462,0.104098,-0.309623,0.243799,0.195364,-0.653181,0.432778,0.853478,1
1.0258,-0.561302,0.072769,-0.38595,0.64582,0.689025,-0.067347,0.290751,-0.385921,0.00683303,-0.314681,-0.154302,0.382408,0.366716,-0.389563,0.262328,-0.0972697,0.390576,0.552524,-1.1593,-0.0491588,-0.938822,-0.768137,0.0769424,0.10419,-0.522036,-0.176681,-1.20403,0.481621,-0.163107,-0.212791,0.618398,0.54062,0.854842,1
0.122992,0.782148,0.109814,0.307295,-0.0616786,-0.241392,0.0422965,0.405759,-0.445694,0.345619,0.393067,0.128509,0.174314,0.360236,-0.659207,0.615901,0.70373,-0.412381,-0.61004,0.395496,0.0630674,0.653718,-0.387327,-0.297682,-0.568808,-0.841816,0.508239,-0.00468662,0.371647,0.746959,-0.693923,0.599122,0.437143,0.790794,1
-0.186448,0.249344,-0.373891,-0.357217,0.852008,0.402529,0.364951,-0.121105,-0.0626764,0.427001,-0.4663,0.283867,0.483607,-0.505423,0.356433,-0.0806694,0.432772,-0.598454,0.292141,0.733841,0.333237,-0.658027,-0.893874,-0.133744,0.275288,-0.665544,0.748498,0.948615,0.0757573,-0.700932,-0.0534859,0.108931,0.531566,0.943256,1
-0.105412,-0.540324,-0.663533,0.657606,0.20736,-0.348176,-0.451451,0.435541,-0.287222,0.0355518,-0.0335124,-0.0489243,-0.220924,0.85671,-1.05115,-0.839958,0.457569,-0.0846497,-0.323582,0.87764,-0.292693,-0.723168,-0.0829054,0.419691,0.232879,-0.360561,-0.78729,-0.18365,-0.0447103,-0.69256,-0.127098,-0.709185,0.488873,0.808841,1
-0.0907677,0.473889,-0.986611,0.301374,0.264314,-0.00289358,0.232026,-0.323236,-0.696711,-0.167893,0.354734,-0.412151,-0.686077,0.123539,0.292363,-0.164825,-0.418171,-0.0825669,-0.567006,1.00802,-0.613707,0.0735123,0.486824,-0.200067,-0.174124,-0.229787,0.864531,0.10076,0.527586,0.21277,-0.200678,0.287306,0.550358,0.789082,1
-0.273928,0.170333,0.210805,-0.127534,-0.0117002,0.208408,0.158378,0.257864,0.203952,-0.258989,0.396733,0.244423,-0.24687,-1.34225,-0.113361,0.0640076,0.942223,-0.552725,-0.250192,0.100126,-0.279909,0.00418394,0.693032,1.0022,-0.364316,0.787465,1.06081,-0.986899,-0.186618,0.149775,0.985748,-0.466732,0.559478,0.81866,1
0.98654,0.370878,-0.100477,-0.484446,-0.083094,-0.683665,-0.538326,-0.525214,0.35653,0.876846,0.242846,-0.154011,0.226851,-0.140286,0.0391766,-0.0870056,0.461026,-0.0571644,-0.645439,1.41933,0.0229455,-0.183521,-0.22556,-0.158296,-0.241845,-0.471945,-0.768992,-0.0587988,-1.13481,-0.257453,-0.641195,-0.980115,0.565129,0.76497,1
0.350557,0.123942,-0.799191,-1.26623,-0.0148745,-0.813505,0.0873353,-0.144831,-0.119998,0.363949,0.0110061,0.884857,-0.571582,-0.252488,0.485921,-0.368718,0.0172824,0.294264,0.0248026,-0.0419433,0.149347,-0.0246912,0.276226,-0.989475,0.589048,-0.258748,-0.445329,0.876489,0.0660317,-0.0688507,-0.0306305,0.121253,0.447005,0.899604,1
0.567395,0.21776,0.216372,-0.59882,-0.4777,0.373052,-0.595702,0.74076,0.48393,0.611642,0.671572,-0.410451,0.134202,0.629084,1.19885,0.301969,0.385719,-0.0606844,-0.339296,-0.813176,-0.0839762,-0.0499459,-0.374335,-0.467749,0.672371,0.0538256,0.571713,0.555148,-0.715979,0.656552,-0.680184,0.407876,0.446957,0.794836,1
-0.481868,0.0764892,0.172872,0.00412993,-0.410033,0.209862,0.372567,-0.833177,-0.473532,-0.310849,-0.148778,0.025146,-0.490196,-0.302215,1.10867,-0.733154,0.691681,0.0428616,1.03148,0.898083,0.0592751,0.293246,-0.391898,-0.158231,-0.134492,0.428537,-0.920672,0.657623,0.202812,-0.543289,-0.334655,-0.0811243,0.492744,0.803772,1
0.298325,-0.959852,1.33677,0.093472,-1.06268,-0.140453,-0.0282984,-0.380047,0.802842,-0.535924,-0.603932,-0.366842,0.25725,-1.06507,0.698021,0.462065,-0.472346,-0.262741,0.584561,0.149044,-0.115715,0.633229,0.0972505,0.302688,0.157298,0.38323,-0.539209,-0.864935,0.0252196,-0.696353,0.33994,0.738243,0.500831,0.846308,1
0.0453798,0.0995928,-0.157696,-0.159421,0.325622,0.118382,-0.997283,0.238812,0.101629,-0.0136335,-0.392595,0.66155,0.300171,0.675816,-0.480699,1.08991,-0.388492,-0.174512,0.185409,0.434869,0.592541,-0.0166445,-0.582894,-1.26519,-0.295119,0.0475094,-0.11831,0.515036,0.462693,0.170057,0.296786,0.317794,0.541004,0.760479,1
-0.200984,0.46571,0.415025,0.0677675,0.461406,0.394171,-0.151463,0.141129,-0.0520941,0.435928,-0.0226162,-0.106678,-0.50711,0.225627,-0.0895368,-0.659938,0.279307,-0.606618,-0.817917,-0.333483,-0.39188,0.48522,-0.00448539,-0.10603,0.878041,-0.273147,0.414511,0.270981,0.243954,0.0179727,-0.254581,0.332936,0.559414,0.795519,1
-0.648867,-0.288712,0.163204,0.874603,-0.208049,0.365665,0.0731183,-0.242811,0.159535,0.564662,0.679714,0.611474,0.298555,0.528288,-0.65044,-0.428607,0.0284245,-0.235868,-0.168459,1.22878,-0.524307,-0.4359,0.196722,-0.500168,-0.582753,0.117637,0.132699,-1.10439,0.300887,-0.24949,-0.921025,-0.119621,0.574719,0.837034,1
-0.759123,-0.401715,0.676276,-0.100404,0.0285705,-0.0346076,0.371681,0.211994,-0.519409,-0.669511,-0.850975,0.028764,0.279982,0.00391287,-0.316346,-0.199293,-0.361989,-0.256594,0.669045,0.0334654,-0.258926,0.447438,-0.394029,-0.379531,-0.185016,0.0780644,0.169573,-0.645917,0.669053,-0.329028,-0.189454,-0.678832,0.49576,0.872068,1
0.213181,-0.722021,-0.647386,-0.229316,0.283913,-0.40609,-0.458948,0.0768419,-0.504911,0.0135256,0.31821,-0.573765,0.22174,0.1563,-0.630028,-0.0146488,-0.0353846,-0.116065,1.20601,0.15143,0.0704558,-0.0346559,-0.175302,0.78519,0.415302,-0.207809,-0.465598,-0.447963,-0.205458,0.21494,1.22149,-0.295584,0.433869,0.919356,1
-0.0892864,0.42036,-0.33895,-0.605238,0.573057,0.266788,-0.298045,-0.300394,-0.779021,-0.314039,0.0535672,-0.48851,0.332181,-0.300666,-0.595414,-0.379703,-0.120267,0.41521,-0.329892,0.32147,0.458968,-0.531351,0.805216,-0.375104,1.06347,-0.286256,0.150554,-0.907113,0.067428,-0.38093,-0.567449,-0.106651,0.552128,0.804538,1
-0.730657,-0.667285,0.289807,-0.207943,-0.767216,-0.0392741,0.590983,-0.151944,-0.019873,0.278621,0.314936,-0.74388,0.440342,0.00890416,1.12678,-0.436909,-0.167009,0.411616,0.350279,-0.370471,-0.401113,0.0556673,0.116971,-0.189301,-0.24394,-0.728225,-0.629353,-0.61323,0.0174468,-0.688192,-0.0983098,0.434544,0.503421,0.814734,1
-1.22583,-0.0486967,0.111043,0.374251,0.630906,0.0992061,0.130244,0.100166,0.34511,0.175769,-0.574071,-0.420321,-0.754483,0.0378912,0.67279,0.341686,-0.108764,0.556692,0.0128073,0.374863,-0.283375,0.167819,0.494161,0.537209,0.59237,-0.291965,0.0823723,-0.930031,-0.370787,0.270036,0.546557,0.012893,0.464995,0.910955,1
0.742419,0.300308,-0.390631,0.594643,-0.494582,-0.465729,-0.6519,0.419296,-0.149657,-0.00101524,-0.742991,0.0121501,0.710358,0.0174524,-0.0544466,-0.312536,-0.0531894,0.309097,0.0158848,0.172817,0.452925,-0.440483,0.473121,1.10919,-0.248462,-0.703797,0.251016,-0.408774,-0.286676,0.696549,0.0467249,-0.0239994,0.541408,0.851832,1
0.522412,0.293136,0.894202,-0.0741985,1.07624,-0.0992152,0.174078,-0.182543,0.251079,0.384714,-0.0877421,-0.330482,0.212167,0.305134,0.0154684,-0.0399157,-1.0513,-0.152288,0.00773327,-0.00447263,0.344653,0.411294,-0.670904,-0.120641,0.175187,-0.729934,0.0973176,-0.0253019,-0.859883,0.946488,-1.13383,0.212042,0.561626,0.825332,1
-0.183948,-0.834899,-0.449503,0.101619,-0.706489,-0.0810718,0.345156,0.263733,-0.131824,0.159852,-0.824015,-1.11154,0.259843,-0.479958,0.263104,0.140036,0.269331,0.289705,-1.14795,-0.180919,-1.05441,-0.423243,0.157872,0.218114,0.0209509,0.440529,0.0933668,0.107644,-1.21055,0.872939,0.129132,0.425458,0.532167,0.766462,1
-0.467451,-0.224811,-0.0542781,-0.247446,0.0283287,0.730643,-0.691337,-0.311734,-0.0994992,-0.125248,0.959165,-0.0380247,0.698191,-0.236429,-0.123271,0.216326,0.910916,1.05846,-0.884747,0.243269,0.866477,-0.0464297,0.558481,0.0401852,-0.325147,0.513802,0.130676,-1.27974,0.547646,0.454024,0.426091,-0.34955,0.516219,0.822147,1
-0.644619,-0.409741,-0.0271329,-0.405851,0.849539,0.317854,0.807616,1.02208,-0.481565,-0.350783,-0.199099,-0.74244,0.755031,-0.483888,0.0387332,-0.411035,0.0317877,0.328954,0.474549,0.167995,0.874272,0.118955,0.263749,0.333037,0.206716,0.637909,0.0142656,0.415936,0.165803,-0.148598,-0.313307,0.507042,0.446318,0.895352,1
-0.400824,-0.135628,0.740576,-0.475916,-0.0479569,-0.0855084,-0.182573,-0.128812,0.0211548,0.0474791,-0.498865,0.133128,-0.643246,0.183098,-0.0985663,-0.229638,-0.189295,1.14875,-0.496612,0.517067,-0.193672,0.384948,0.449491,0.0162267,0.551428,0.0221459,0.00509168,0.126764,0.293132,-0.592681,-0.364443,0.0775193,0.450554,0.817843,1
0.403443,-0.110446,-0.128852,0.100974,0.118458,-0.285427,0.346967,-0.181196,-0.330355,0.251421,0.342563,-0.00312311,-0.603398,-0.930997,-0.531743,0.210933,0.461357,-0.561809,-0.0391689,0.503143,0.370635,0.0391248,-0.276438,-0.611939,-0.523874,0.329952,-0.321708,0.820507,1.18382,0.0867515,-0.484249,-0.706757,0.52364,0.922376,1
-0.531141,-0.108238,-0.106566,0.958521,0.771074,-0.454483,-0.16614,-0.417545,-0.309895,-0.607418,0.483032,0.0245423,-0.361075,0.366577,-0.0874538,1.13206,-0.445078,0.52673,-0.153363,0.213215,-0.616499,-0.660432,-0.38103,0.601943,0.0727941,-0.48861,-0.598166,0.359203,-0.208139,-0.16652,0.642344,0.21927,0.538464,0.851828,1
-0.403341,0.293004,-0.402139,0.872037,0.236737,-0.187873,-0.0196129,-0.645616,0.591585,0.20933,-0.605886,0.358678,-0.239323,0.533417,0.542649,0.556757,-0.122576,0.0994504,-0.318745,-0.663083,-0.502979,-0.173142,-0.52274,0.494861,0.193652,0.150272,-0.411191,0.54797,0.341011,0.366583,0.388918,-0.871912,0.511593,0.780308,1
-0.301202,0.519835,-0.458277,-0.517533,0.435177,-0.314121,-0.945857,0.800559,0.0983436,0.733209,-0.00751934,0.399646,0.131698,0.548126,0.406265,1.40874,0.264477,0.633123,-0.476714,0.540317,0.174217,0.181485,-0.128431,0.681956,0.614968,-0.174478,-0.449182,0.235105,0.278499,0.385391,0.246209,-0.0408347,0.427204,0.780725,1
0.152734,-0.785468,-0.547581,0.359548,-0.648378,0.653604,0.122964,0.216877,1.07678,-0.196554,-0.0506585,-0.310255,-0.790017,0.290007,-0.229934,-0.854794,0.426131,0.411714,0.0878035,0.329244,0.0333548,0.434526,-0.223382,0.237321,0.0190133,-0.103656,-0.240993,0.413365,0.099279,0.336773,0.265974,0.488592,0.506715,0.82509,1
-0.725787,0.424454,0.172592,-0.862239,-0.393119,-0.0107634,0.254933,-0.408799,-0.0901247,0.313898,0.199134,-0.0228041,-0.350998,0.00744727,-0.174419,-0.245797,0.221356,0.0246934,0.0638003,-0.102178,0.129558,0.132447,-0.426757,-0.117157,0.728845,-0.634246,0.257493,0.279406,0.0912555,0.983837,-0.95056,-0.0120049,0.550472,0.768221,1
0.0619036,-0.0337432,-0.106658,-0.422567,-1.01691,-0.630435,-0.387931,-0.161309,0.156704,0.47755,0.637709,0.469114,0.271212,0.34611,0.64875,-0.0621496,0.929981,-0.739023,-0.106661,-1.56471,-0.085967,0.899481,-0.324831,0.329655,-0.739403,0.514252,0.874639,0.416429,-0.467279,1.19846,-0.681381,0.156718,0.483183,0.770709,1
-0.598431,-0.139269,0.240355,-0.327801,0.164988,0.225599,0.428924,0.0004784,-0.780972,0.550409,-0.761408,-0.364734,0.212957,-0.23378,-0.20061,0.157619,-0.0967729,0.512538,0.0173179,0.0699928,0.360293,0.593247,-0.468137,-1.14845,-0.0851375,-0.74723,0.625612,-0.665853,-0.402884,-0.128884,0.0341572,0.0700197,0.52086,0.930472,1
0.441789,-0.0674365,-0.196282,0.0148171,0.177006,-0.0726674,0.384617,-0.411306,-0.27876,0.103689,-0.696305,-0.190842,0.749388,-0.841078,-0.639936,-0.688792,0.45622,0.586905,0.307176,-1.06991,-0.230441,-0.446975,0.634304,-0.114113,0.199971,-0.226088,-0.0287034,-0.612191,-0.13618,-0.138794,-0.506725,0.357581,0.429833,0.784804,1
0.498437,-0.104718,0.638109,-0.485819,-0.323719,-0.0290528,0.546168,-0.992089,-0.134749,0.05153,-0.0986564,-0.313296,0.187476,-0.576756,0.572679,0.383863,0.18218,-0.174099,0.238477,-0.0579868,0.209386,0.65876,-0.948315,0.00170951,-0.46737,-0.136267,-0.412637,-1.06366,0.0762683,1.20859,1.01708,-0.0867841,0.525312,0.941512,1
-0.252348,-0.210237,-0.118717,-0.656313,0.414685,0.302449,0.146729,0.574448,0.308794,-0.471431,-0.12271,-0.469959,0.158484,-0.158011,-0.162702,-0.434614,-0.156222,-0.228592,0.484003,-1.13248,-0.241113,-0.334661,0.633161,0.260118,-0.0422444,-0.721842,-0.215164,-1.01428,-0.123335,0.289385,-0.811307,-0.0135325,0.524207,0.93794,1
0.4767,-0.531779,0.390453,0.0112326,0.0883703,-0.496214,0.891494,-0.295095,-0.315621,0.936374,-0.382744,0.425583,-0.632075,-0.383263,0.205926,0.822969,-0.48244,-0.211878,-0.31823,-0.783223,-0.110177,-0.737138,0.559153,0.403285,0.193011,-0.0772183,0.213403,0.917176,0.0258888,-0.445447,0.339779,-0.0522289,0.558239,0.88452,1
-0.560601,0.132925,0.170548,-0.444407,-0.612075,0.198469,-0.348985,-0.621128,0.547325,-0.0206668,0.907894,-0.353421,0.361655,-0.348026,-0.168536,0.166475,-0.154889,-0.446291,-0.399853,-0.491899,-0.313724,0.0458929,-1.11858,-0.271508,0.5112,-0.333906,-0.150266,0.104907,0.457576,0.291284,-1.1,-0.462627,0.523184,0.821805,1
-0.345731,-0.0314411,-0.279159,-0.501875,-0.713444,0.663063,0.11855,-1.01848,0.121,-0.0972928,-0.112274,0.0663472,0.148248,0.476544,-0.37937,-0.422828,-0.0901779,0.331349,1.34409,-1.34565,-0.117186,-0.680546,0.676118,-0.39599,0.444996,-0.0962103,-0.961104,-0.474766,0.778029,-0.0340551,0.453123,-0.0719154,0.489012,0.861509,1
0.168168,0.132313,0.0828729,-0.582189,-0.357111,0.121106,-0.16262,0.574693,0.671793,0.545772,0.17707,0.1546,0.130219,-0.82411,-0.584296,-0.125116,-0.803587,-0.514025,-0.0117995,0.341811,0.279152,-0.97263,-0.773753,-0.276489,-0.508523,0.191322,-0.412157,0.687679,-0.324913,-0.276292,-0.24081,-0.563633,0.568683,0.934412,1
0.231755,0.25849,0.0846655,0.219701,-0.400069,-0.207304,0.0852026,-0.856454,-0.482674,-0.274536,0.214675,-0.893425,0.839436,-0.454855,-0.383017,0.0614747,-0.512918,-0.198547,-0.780584,0.0241262,0.0639118,1.17306,0.0660521,-0.0407809,-1.94233,-1.07838,0.11875,-0.780247,1.06375,-0.219794,-0.12316,-0.0903583,0.495407,0.947103,1
-0.0909233,-0.435776,0.596502,-0.277045,-0.322435,-0.526094,0.997965,-0.512777,0.649992,0.140823,-0.261577,-0.500318,0.70611,-0.157554,-0.514477,0.950608,-0.347574,1.03158,-0.654475,-0.577831,0.327305,0.489533,-0.0984708,-1.31046,-0.0797092,-0.289094,-0.487808,-0.38744,0.541555,-0.345576,-0.37278,0.164182,0.520394,0.855516,1
-0.0411897,-0.331754,-1.24044,0.452356,0.15377,-0.241773,0.970348,-0.404124,0.418346,-0.122135,-1.17233,0.450874,0.033328,-0.143829,0.0127584,-0.849773,-0.515254,-0.412105,0.243409,0.0395516,-0.0937389,0.494039,-0.228225,-0.527474,0.436446,-0.219706,-0.543947,-0.230578,0.120583,-0.534163,0.13214,-0.906212,0.531796,0.783923,1
-0.0531835,0.0261815,-0.121374,0.496204,-0.25091,0.446185,0.016781,-0.283642,0.579331,-0.391286,-0.189221,0.515576,0.712376,0.345998,0.103602,0.0300362,0.352991,0.361611,-0.397113,0.38565,0.151779,-0.354704,-0.211317,-0.240191,-0.340768,0.460623,-0.448919,0.336615,-0.348092,0.121195,-0.11493,0.453927,0.522504,0.926123,1
0.792051,0.13986,-0.286657,0.480151,-0.346881,-0.652534,0.833609,-0.396295,-0.605044,-0.253854,0.236717,0.955041,-0.140242,-0.267017,-0.0223539,0.67656,-0.090448,0.770857,0.364979,0.204012,-0.0461497,-0.600996,0.135757,-0.884175,0.458876,0.217142,-0.069774,1.11101,-0.275384,0.359796,-0.122778,0.14409,0.494184,0.919167,1
0.0230434,-0.630449,0.337024,-0.125069,-0.0455396,0.409227,-0.901681,0.143248,-0.305597,0.16796,-0.104283,-0.092796,-0.307923,0.730778,-0.332713,-0.552023,0.292445,-0.0602787,-0.488097,0.194419,0.0880259,0.257696,-0.121721,0.39524,-0.0779673,-0.356489,0.436455,0.411719,-0.0432708,-0.0786878,0.446121,-0.271869,0.500103,0.901176,1
0.036105,0.236466,-1.44219,-0.192675,-0.433059,0.155159,0.705263,-0.716871,-0.15607,0.0862624,-0.0496746,0.428457,-0.742034,-0.8471,0.103949,0.539517,0.522046,-0.657455,0.295349,0.161261,0.102121,-0.629336,-1.08289,-0.222171,-0.510516,0.766973,0.446559,0.100826,-0.239973,-1.42423,0.21963,0.905382,0.571374,0.876268,1
0.162767,0.183142,0.264646,0.17648,0.451695,-0.178065,0.0889743,-0.139882,0.405345,-6.48755e-05,0.82362,0.258611,0.158616,0.698524,-0.177834,0.0495425,-0.207965,-0.0625608,-0.0847491,0.219151,0.438993,-0.0792178,0.389713,0.370432,0.0662751,-0.433889,-0.414358,-0.629619,-0.031764,-0.236821,0.187833,-0.95678,0.42741,0.927031,1
-0.518312,0.368467,0.340986,-0.258078,-0.216984,0.0779149,-0.206429,0.38683,0.467179,0.31619,0.388345,-0.832818,0.0965144,0.157771,0.580634,-0.413276,-0.797947,-0.617098,0.178382,-0.111148,-0.0834989,0.691882,0.308105,-0.0233165,-0.0098255,-1.16828,0.793636,-0.818862,0.0965843,0.115008,0.725369,0.338959,0.452935,0.808445,1
0.418512,0.377748,-0.529846,-0.202747,0.305992,0.473452,-0.824183,-0.07581,-0.372941,-0.631274,-0.0988457,0.764617,0.13261,0.330241,-0.135817,0.0385741,0.0616462,0.272524,-1.19126,0.687645,-0.227351,1.58416,-0.955383,0.591692,-0.287377,-0.159081,0.498136,-0.109025,-0.833746,-0.0924608,0.676122,-0.295201,0.531792,0.825632,1
-0.179356,0.236341,-0.051445,-0.248417,0.242542,0.280289,-1.40139,0.352674,0.198102,-0.451938,-0.830769,-0.452536,-0.469348,-0.184774,-0.622198,-0.891817,0.811599,-0.405372,-0.00386275,0.276398,-0.045298,-0.131044,-0.244722,0.115421,-0.417768,0.549406,0.336486,-0.590205,0.661067,-0.286566,-0.136004,-0.0496398,0.457848,0.934928,1
0.890548,0.413702,0.331277,0.219952,0.406722,0.789568,0.551488,0.96231,0.423587,-0.574177,0.0309092,0.114727,0.236493,-0.437898,-0.160207,-0.265212,0.250869,0.43368,1.18615,0.317499,-0.302442,0.161991,0.0740181,0.31618,-0.140106,-0.442502,-0.306354,-0.229717,-0.169046,1.29701,-0.00377057,-0.185809,0.471004,0.786485,1
-0.307973,-0.316447,0.878954,-0.374784,-0.484087,0.367811,-0.337523,-0.24954,-0.537361,-0.422826,0.61952,-0.173094,-0.991288,0.450534,0.657895,0.240122,0.71232,-1.26181,-0.347342,0.697451,0.593365,-0.68377,-0.00121809,-0.0178377,-0.060629,-0.469716,1.08743,0.289616,0.810619,-1.02935,0.577392,0.0382701,0.552572,0.798,1
0.0990434,-0.0541114,0.894144,1.03785,-0.737206,0.0357842,-0.708222,1.47113,-0.541538,0.10408,-0.0189339,-0.17728,-1.04488,0.119528,0.0160276,-0.389061,0.492678,0.203516,-0.24746,-0.583189,-0.951367,1.26322,0.141121,-0.590727,0.151966,0.157803,0.0884797,0.0151586,1.14476,1.21135,1.06549,-0.659141,0.475698,0.89678,1
0.24851,0.391255,0.0625961,-0.379485,1.25942,0.0952749,0.390336,-0.997107,0.103807,-0.0290516,0.312513,-0.302323,0.210262,0.469714,0.46721,0.190883,-0.0224265,-0.3825,0.684889,-0.72915,0.326487,-0.194651,-0.252582,0.607869,-0.664837,-0.676073,-0.151602,-0.0475215,0.484564,1.03343,0.0816918,-0.043707,0.529675,0.784937,1
0.346211,0.264754,0.245315,0.325912,0.331606,7.95,0.138575,0.341727,0.392024,0.388799,0.243404,0.338371,0.318473,0.28606,0.150072,0.110605,0.108876,0.209574,0.365446,0.229144,0.211008,0.332123,0.168342,0.214778,0.203465,0.399161,0.347447,0.34662,0.318443,0.281005,0.252939,0.144534,0.52,0.82,1
0.324757,0.219874,0.306814,0.358104,0.140411,7.95,0.142024,0.153893,0.287471,0.202888,0.228355,0.132102,0.317775,0.353161,0.17589,0.218416,0.271098,0.171322,0.112275,0.233008,0.388651,0.386369,0.112728,0.330673,0.215439,0.24719,0.207473,0.164647,0.371534,0.30657,0.222791,0.370227,0.52,0.82,1
-0.0737169,0.514349,-0.0300804,-0.702814,-0.448852,-0.239955,-0.941439,-0.899765,0.181335,0.434554,-0.140074,0.49763,0.0248565,-0.927436,0.10731,0.321201,-0.38678,0.225681,0.0115255,0.398769,-0.233404,-1.09893,-0.0769589,-0.133443,-0.302134,-0.0545204,0.318002,-0.13372,0.392429,0.744093,-0.0292469,0.688124,0.498134,0.906856,1
0.287284,-0.238817,0.802842,0.514497,0.116109,0.0104097,1.1194,0.784011,0.402357,0.364802,1.05492,0.39847,0.805548,-0.424121,0.218265,-0.38886,-0.712743,0.910207,0.283335,-0.445035,0.348804,0.194462,0.0896191,1.17731,-1.20333,-1.03528,-0.114631,0.721288,-0.642003,0.0717295,-0.422046,0.120343,0.425432,0.878834,1
-0.177982,1.03888,0.0758726,0.244444,0.156376,0.804066,-0.274071,0.281349,-0.0748769,-0.0873743,0.831262,-0.522861,0.787204,-0.214481,1.01696,-0.232247,-0.957372,-0.0757721,0.291551,-0.300023,-0.0422686,-0.142889,1.03425,-0.042612,-0.414344,-0.0340841,0.0665451,-0.0439756,-0.540072,0.130837,0.487525,-0.641344,0.575209,0.863765,1
-0.428255,0.298973,0.395251,-0.531317,0.242714,-0.423945,-0.146277,0.619249,-0.556009,-1.40387,-0.256464,0.647419,-0.133502,-0.805853,0.291889,0.268715,0.0965507,0.245628,0.21913,-0.547958,0.460604,-0.541495,0.0929004,0.794412,0.845532,1.08821,0.276623,-0.56783,-0.405844,-0.369343,0.441386,0.384487,0.463638,0.918159,1
-0.684435,0.0601139,-0.0101192,0.716009,-0.551767,0.276843,0.746429,0.0767495,-0.887445,0.0794536,0.346384,0.649158,0.511569,-0.991273,0.191528,-0.166972,-0.0821133,1.04104,-0.107787,-0.886786,1.17081,0.367679,-0.0395508,0.0114299,0.259194,0.250449,0.0346757,-0.158216,0.667618,-0.188128,-0.0509824,-1.13355,0.445375,0.799313,1
0.333381,0.240215,0.078649,-0.373186,0.641863,-0.170108,0.607988,1.18324,-0.701013,0.12595,-0.113435,-0.234031,0.410646,-0.266874,0.00690387,0.234617,0.504835,0.271624,-0.00542957,-0.0250137,0.0850302,0.573142,-0.651518,0.440068,-0.0931267,-0.286061,-0.852643,-0.730771,-0.105244,0.352259,-0.335434,0.0809556,0.568017,0.919553,1
0.291998,0.00798336,-0.046739,-0.391023,-0.541468,0.0737375,-0.727774,-0.212521,0.621298,0.186986,0.327308,-0.719789,-0.301359,-0.669833,-0.665963,-0.384156,-0.410032,0.772715,0.236522,0.631967,-0.490564,-0.221605,-0.854972,-0.335863,-0.475246,-0.543313,0.239605,0.187949,0.115654,0.532859,0.222237,-0.850324,0.445697,0.922965,1
-0.0496228,0.158356,-0.151395,0.0916362,0.153515,0.12621,0.512241,-0.796236,-0.335061,-0.318903,-0.35407,-0.104174,-0.202811,-0.542524,-0.373869,-0.287691,0.392883,-0.515681,-0.601978,1.21665,-0.328414,0.0390539,-0.269639,-0.417384,-0.0747604,0.127257,-0.398284,0.445718,0.470546,0.135621,-0.0683911,-0.256914,0.577277,0.928506,1
0.311954,-0.362141,0.610235,0.42468,0.654773,0.0901487,-0.216385,0.292843,0.347984,-0.735204,-0.0162069,0.232113,0.305898,-0.144807,-0.792779,0.621453,0.043566,-0.522383,0.88267,0.71182,-0.447327,-1.02279,0.000960796,1.08229,-0.939708,-0.06594,0.323489,0.0983126,-0.295149,0.0598374,0.196114,-1.01456,0.432869,0.919145,1
0.14843,-0.539335,0.403531,0.362704,0.546278,-1.30785,-0.0818683,-0.616033,-0.514553,0.541107,0.73561,0.634814,-0.286388,-0.319036,-0.0983608,0.440721,-0.00992822,0.00800981,0.179637,0.393789,-0.345358,0.743227,0.221546,0.546462,-0.0942241,-0.341888,0.476138,-0.182209,-0.457386,-0.305107,-0.225446,-0.594412,0.451012,0.936906,1
-0.145138,0.184275,-0.47278,-0.30569,0.346003,-0.170779,-0.284246,-0.493955,-0.801117,-0.863265,0.952082,-0.0179211,-0.453466,0.111807,-0.282664,-0.234883,-0.568685,0.0280249,0.0516167,0.282974,0.732833,0.223944,0.231298,0.565664,-0.132713,0.29458,0.733839,1.01688,-0.140186,-0.347399,1.12271,-0.0814928,0.458541,0.889437,1
-1.05996,-0.0166507,0.671843,-0.413586,-0.41916,-0.386311,0.402007,0.0221812,-0.627049,0.796614,-0.0924109,-1.00351,-0.62868,-0.328829,-0.558859,-0.324871,-0.539453,-0.475149,-0.691916,0.0875971,-1.0398,-0.44194,0.452027,-0.434605,-0.164566,0.353246,0.159608,0.39932,0.383352,-0.065185,0.921449,0.10417,0.568498,0.796131,1
-0.558252,0.465231,0.211628,0.396556,1.09051,-0.300564,0.166769,-0.619614,-0.497287,-0.110852,-0.527743,1.00424,0.0728377,0.492929,0.584884,-0.988934,-0.720797,0.362441,-1.03574,0.570872,-0.300792,0.13505,0.596135,0.218354,-0.154636,-0.289813,-0.227219,0.331022,0.550834,-0.701644,-0.0512038,-0.390095,0.459311,0.926261,1
-0.454138,0.243805,-0.0660501,-0.684444,0.441311,0.285012,-0.396703,-0.537052,-0.561513,-0.191389,-0.220305,0.933145,0.47684,-0.769605,0.0643439,0.0716089,-0.0648051,0.455563,-0.142491,-0.0351869,0.54478,-0.283823,-0.0788056,-0.623539,0.663345,0.417534,-0.753136,-0.738939,-0.270612,-0.135047,-1.11341,0.564377,0.465757,0.904444,1
-0.372954,0.532654,1.01367,-0.305827,-0.482531,0.184244,-0.624182,0.516148,-0.0766666,0.0982132,-0.749285,-0.268851,-0.0515365,0.285625,-0.384014,0.505222,0.24916,-0.355797,-0.297576,0.600139,0.937415,-0.0800935,1.41621,0.455128,-0.00718997,0.139707,0.0508446,-0.0845805,-0.996041,-0.54009,0.419876,-0.119216,0.540066,0.868453,1
-1.10454,-0.372836,0.129382,0.557149,0.0550372,0.87332,0.0974677,0.0386505,-0.459567,-0.797992,-0.987821,0.0673974,0.306212,-0.831589,0.116461,0.1424,0.667981,0.100299,0.117749,0.553603,0.554973,-0.209922,-0.458667,-0.0853759,-0.331087,0.435326,0.63412,-0.19483,-0.392246,0.984608,-0.0182247,-0.646147,0.572956,0.911222,1
0.0242837,0.32248,-0.0716309,-0.039913,0.66809,0.114218,0.249428,-0.75344,-0.277235,0.184879,-0.137802,-0.958174,0.269135,-0.469307,-0.134064,-0.00895892,-0.929886,-0.278834,-0.0781838,-0.225586,0.817535,-0.141303,-0.720674,-0.857345,0.899796,-0.381545,0.485561,-0.36554,-0.85151,0.0908589,0.0924848,0.192963,0.450406,0.921573,1
0.286869,0.017407,0.420166,-0.113375,0.400749,0.0735151,0.64934,0.0739508,-0.301862,0.525892,0.313587,-0.0545845,-0.515595,-0.353662,0.191923,-0.352053,0.46945,0.370652,-0.0823958,1.15109,0.0316579,-0.854033,-0.29819,-0.387754,0.260943,0.755712,0.32333,0.100016,0.00929616,0.199335,0.18423,-0.0477502,0.51127,0.918763,1
-0.384005,-0.0418803,-0.507966,0.333171,0.537728,-0.811656,0.351709,-0.424755,0.0199316,-0.349484,0.211351,-0.0524551,0.378976,0.0786326,-0.409863,0.808162,-1.58419,0.225625,-0.389315,0.344643,0.486235,0.205553,0.0699568,0.0381828,-0.05193,0.776743,0.388617,-0.104396,0.0362105,-0.134613,0.170205,0.783881,0.558845,0.906473,1
-0.129632,-0.996778,-0.0609069,-0.205274,-0.0164364,-0.163191,0.496286,-0.677705,0.0730776,-0.251403,-0.190567,0.0781478,-0.462373,-0.412968,-0.672848,0.420765,-0.469157,-0.43286,-0.649354,0.239047,0.167679,0.527354,0.582735,-0.150662,0.0402061,-0.158341,-0.57829,0.34151,-0.32142,-0.37125,-0.0309788,0.117032,0.472117,0.919402,1
-0.551587,-0.393368,-0.312797,-0.0518647,-0.430024,-0.268851,-0.141327,-0.319371,0.160817,-0.159984,0.613126,-0.0858331,0.932815,-0.381564,-0.139508,0.588489,0.623833,0.232023,-0.227769,-1.07168,-0.196949,0.0564464,0.419078,-0.366394,-1.31998,0.618618,-0.495294,-0.331955,-0.0296366,0.128257,-0.504552,-0.293888,0.573111,0.862597,1
-0.0425428,-0.658416,-0.715756,0.318235,-0.768143,-0.193458,-0.512712,-0.265859,0.0751451,-0.239938,-0.318171,-0.23523,0.512316,0.229243,0.26765,-0.525416,1.45427,0.53656,0.0174877,0.431089,0.12055,-0.102714,-0.0692869,-0.547243,-0.894796,-0.251546,0.604661,0.456797,-0.44047,0.193665,-0.161858,0.0716565,0.500927,0.932965,1
0.153408,-0.759857,-0.0221539,0.92622,-0.895646,-0.0480394,0.264472,0.120806,-0.839881,0.0637704,0.357753,0.105809,0.0512635,-0.100703,-0.198803,-0.252054,0.129741,1.22858,0.0318764,0.322233,-0.246027,0.945414,0.630072,-0.334104,-0.113834,-0.115635,0.154805,0.330847,0.00386372,-0.543451,-0.204569,0.0492574,0.484808,0.784666,1
-0.016421,1.0844,0.236497,0.90859,0.0385306,1.07314,0.333529,0.423451,0.00729352,0.566157,0.538122,0.619212,0.560856,0.516547,0.107284,0.623857,0.0822814,-0.216396,-0.976034,0.602945,-0.258816,0.598323,-0.031216,0.00547904,0.475031,0.226966,0.976534,0.0353515,0.768443,-0.386446,-0.40705,-0.243807,0.529014,0.798972,1
0.224753,0.336022,0.109002,0.294959,0.323669,7.95,0.279662,0.233856,0.394853,0.381756,0.164978,0.291949,0.264628,0.222663,0.39676,0.148855,0.268655,0.342,0.369263,0.342108,0.267633,0.231562,0.274387,0.143108,0.303139,0.125275,0.311018,0.37835,0.284311,0.229523,0.295382,0.153343,0.52,0.82,1
-0.577501,-0.150284,-0.0617872,-0.0929277,-0.00728349,-0.608084,0.202839,-0.0911478,0.357707,0.0952889,0.120986,0.520079,0.481905,0.0985673,0.247013,-0.0644696,-0.289069,0.295205,0.144464,0.0198403,0.542345,0.917886,0.261263,-0.579651,-1.24152,0.200605,0.231035,-0.138901,-0.248994,-0.336988,0.0472695,-0.658512,0.575008,0.935418,1
0.435561,-0.351891,0.496397,-0.361509,0.0495872,0.185805,0.18631,0.471408,-0.22715,-0.101592,-0.0764358,0.46742,-0.645177,0.158586,-0.728665,-0.748223,-0.649924,0.0261801,-0.105148,0.248733,-0.267459,-0.533808,0.630149,0.476229,-0.4197,0.425669,-0.489373,0.828261,0.0516652,-0.215689,0.590166,-0.433297,0.535432,0.888729,1
-0.862037,-0.0505964,1.02442,-0.302619,-0.0867293,-0.0309754,0.180146,-0.865243,0.701496,-0.130624,0.00341255,-0.2843,-0.0540037,-0.450993,-0.222317,-0.669022,0.254445,0.42935,1.29521,0.411371,-0.135606,-0.522849,0.0507791,1.01612,0.918094,0.227822,0.689216,-0.143427,-0.221319,0.90691,-0.0877808,0.427684,0.492133,0.787118,1
-0.995569,-0.335565,0.821171,0.114455,-0.0222052,-0.14929,-0.433697,-0.509682,0.590581,-0.151529,-0.233328,-0.910625,0.437429,-0.186638,0.439523,-0.0660836,0.216471,-0.226555,-0.821864,-0.175249,0.255969,-0.11993,-0.994142,0.0484204,-0.0185169,0.441347,0.2764,0.439789,-0.539783,0.477288,-0.813585,-0.426593,0.570201,0.813129,1
0.200886,-0.0209651,0.146414,0.504996,0.183284,0.262041,-0.65976,1.28638,-0.16686,0.601305,-0.411552,0.415036,0.616707,0.0301717,0.195144,0.335932,0.585087,-0.0461509,-0.103107,-0.428975,0.547494,-0.0977263,-0.788476,0.211835,-0.37158,-0.0302156,0.342213,-0.496473,-0.279392,0.325335,0.0053351,0.439861,0.476936,0.948211,1
0.498297,-0.833091,-0.275638,-0.140253,0.01317,-0.785527,0.262195,-0.327434,0.887949,0.108539,0.0735864,0.597739,-0.708303,-1.0382,-0.0262701,-0.0263731,-0.745341,0.22989,0.618613,-0.459996,0.240558,-0.341113,-0.0858059,-0.289077,0.476647,0.505797,-0.289461,-0.0841199,-0.495659,-0.401723,-0.557183,-0.257981,0.450264,0.897425,1
-0.573008,0.0299888,-0.530877,-0.00453664,-0.33576,-0.270731,0.136034,-0.204994,-0.246879,0.0356643,-0.778862,0.532679,0.444124,0.251195,-0.0337411,-0.37683,-0.327972,0.507604,-0.354303,-0.258255,0.614849,-0.203721,0.0548539,0.566545,0.0406735,-0.893524,-0.154889,0.205834,-0.0548241,-0.396373,0.783515,-0.281612,0.520737,0.904552,1
-0.615942,1.07099,0.711933,0.323854,-0.145727,0.167587,-0.165795,-0.608501,0.17464,-0.159999,0.40208,0.636984,-0.184898,-0.086801,-0.509549,-1.00275,-0.914401,-0.0588013,0.716116,-0.0337903,0.0713611,1.14062,0.144667,-0.764115,-0.253588,0.0277798,1.38664,-0.484703,-0.0589716,0.162563,-0.0349235,0.432728,0.563609,0.823448,1
0.480152,-0.979512,-0.516476,0.017812,0.0697747,0.771891,-0.358727,0.248383,1.06332,-0.0230575,-0.811109,0.204227,0.188956,-0.0301859,-0.00235864,0.214367,0.50475,0.241604,0.693374,0.133301,-0.895619,0.28621,0.735394,0.133404,-0.582517,0.271685,0.779174,0.345117,0.204041,-0.581621,-0.343694,-0.216646,0.546072,0.769161,1
-0.641917,0.814977,-0.522032,-0.103985,-0.457076,0.428069,-0.144528,0.295757,0.185468,-0.211409,1.06026,0.306545,-0.236758,0.161798,0.0904641,1.07013,-0.293581,0.0236083,-0.30364,-0.854756,-0.410697,-0.701598,-0.307829,-0.300433,-0.348926,-0.136597,-0.813296,-0.19512,-1.04635,-0.0885154,-0.974785,0.303043,0.526394,0.90951,1
0.22492,0.278854,0.194038,0.147716,0.36766,7.95,0.153876,0.212328,0.269361,0.39554,0.104965,0.232468,0.133522,0.187573,0.309497,0.278157,0.328656,0.203473,0.302579,0.314632,0.169602,0.292599,0.250541,0.159265,0.327845,0.289636,0.377738,0.155943,0.151252,0.232882,0.13353,0.330379,0.52,0.82,1
-0.155035,-0.219073,0.0132015,-0.661091,-0.162247,-0.603534,0.596815,-0.104023,0.64926,0.774654,0.475273,0.855872,-0.150891,0.243082,-0.0860899,-0.605805,-0.0918653,-1.42126,-0.355754,0.573892,-0.287405,0.0808914,-0.071842,-0.207527,0.472665,-0.115252,-0.327671,-1.23856,0.961208,0.192796,-0.870353,-0.229937,0.518852,0.890602,1
0.65012,0.388793,-1.1673,0.0460373,-0.807157,0.178278,0.0741419,0.905158,-0.0940255,0.352893,0.0411437,0.378945,-0.330441,0.652285,-0.773944,0.147309,0.115904,-0.411553,-0.141586,0.0121452,0.0651917,-0.362925,-0.337363,-0.70523,0.632536,1.13829,-0.0893301,-0.207688,0.265954,0.0460779,0.88913,-0.0774063,0.455034,0.79309,1
-0.206238,-0.426733,1.2409,0.46214,-0.107477,-0.419196,0.342627,-0.714383,0.366241,-0.801898,0.0125469,-0.812574,0.123449,-0.493643,-0.681359,0.278712,0.396856,1.13757,0.124104,-0.529491,-0.506946,0.749593,-0.677159,-0.0532056,-0.448965,-0.230084,0.358721,0.45614,-0.0199757,-0.102876,-0.0940041,-0.0752752,0.561208,0.787278,1
0.815334,0.50029,-0.324507,0.374592,-0.0494666,0.0691518,-1.32551,0.17165,0.684874,-0.314526,-0.164001,-0.197086,0.903071,-0.599771,-0.040641,-0.15872,0.578877,-0.0708869,-0.276806,0.375589,0.155305,0.362504,0.375905,0.299348,0.0815447,0.339606,-0.30227,0.197323,0.725709,-0.22663,0.715316,-1.13624,0.431798,0.884039,1
-0.522807,-0.147623,0.480866,-0.536917,-0.202503,0.115315,1.13734,0.206533,0.790656,0.225113,0.137453,0.0712411,-0.257826,0.69603,0.161241,0.107662,0.683359,-0.0109896,-0.267629,0.685082,0.574418,0.100778,0.0434318,-0.480228,-0.558966,-0.172099,-0.376773,-0.104198,-0.428108,0.414355,0.531903,0.358611,0.528149,0.814897,1
-0.152418,-0.355422,0.00171442,0.304307,-0.174345,0.397236,0.44527,1.35463,-0.0746072,-0.111062,0.907254,-0.015076,-0.620455,-0.0520079,-0.458278,0.318216,-0.101701,0.329333,-0.272415,-0.312075,-0.481989,-0.588995,-0.351582,0.275259,0.104297,-0.103532,-1.01424,0.106663,-0.623985,0.361826,-0.438727,-0.365841,0.545124,0.814407,1
1.01592,-0.0847356,-0.255728,0.413517,-0.0796835,0.173817,0.039729,0.0610488,-0.193499,0.293844,-1.20031,-0.43067,-0.615828,-1.08117,0.296903,-0.433987,0.350134,0.573869,-1.08406,0.268857,-0.376463,1.06512,-0.245456,-0.151158,0.328872,0.0133358,-0.364403,-0.142557,0.241995,0.333851,-0.550747,0.403718,0.532447,0.904769,1
0.161716,-0.848906,-0.396771,0.294014,-1.07611,0.135704,-0.164416,0.109357,-0.142176,-0.839053,0.21129,-0.0742323,-0.733602,-1.19956,0.364174,0.315582,0.453641,0.187189,-0.261021,-0.142179,0.44615,-1.17044,0.285651,0.444395,0.297119,0.812429,-1.12062,0.652787,1.1531,-0.607081,0.368735,-0.590312,0.572627,0.910837,1
0.35043,0.473009,0.59988,0.6767,1.07495,0.073543,0.0630043,-0.27464,-0.600866,-0.633905,0.358208,1.18488,0.602561,-0.226497,-0.474077,0.118854,0.54462,-0.104957,-0.300291,-0.74042,-0.118141,0.123602,0.236448,0.145734,0.122837,-0.582622,-0.405338,-0.238306,0.460326,-0.00125094,-0.21158,-0.0986881,0.507214,0.831671,1
-0.314508,-0.196096,-0.281891,0.315431,0.113647,-0.218235,0.856619,-0.33636,-0.296228,0.365534,0.046837,0.0334646,0.564879,0.0675671,-0.687874,0.0902064,-0.0421977,0.117107,-0.448438,0.399124,-0.2496,0.503307,-0.899335,1.26542,-0.550657,-0.596797,-0.245712,1.30099,0.285532,-0.19765,1.00987,0.108289,0.435111,0.791835,1
-0.757849,0.0582078,0.67278,0.125374,-0.240056,-0.168448,0.105338,-0.0421247,-1.12252,0.240214,-1.05121,0.430486,-1.23058,0.0643946,0.362898,0.222297,0.0355532,-1.10716,-0.117217,0.730699,0.405433,-0.0217542,0.983181,-0.0600682,0.394005,0.265481,0.21864,0.329476,-0.881564,0.275488,-0.403423,0.537039,0.470561,0.770012,1
-0.792346,-0.156306,0.782968,-0.99915,-0.0800644,-0.199474,0.915012,0.858056,-0.138679,0.443236,0.208478,0.239906,-0.289522,0.175,0.210077,0.0563218,0.592905,-0.227018,0.458451,0.228111,-0.546623,-0.236891,-0.209109,0.363278,-0.342684,-0.136918,-0.984759,-0.476906,-0.0962283,-0.523649,0.0982238,-0.609924,0.439166,0.768982,1
0.080419,0.0517613,0.610505,0.328804,0.277778,-0.164766,-0.784191,-0.148852,-0.517625,-0.385546,-0.187472,0.189315,-0.155889,-0.645239,0.0949847,-0.835163,1.27447,-0.68927,-0.498762,0.132978,-0.44158,0.623441,-0.424867,-0.192364,-0.267841,0.374938,0.429487,0.469797,0.025921,-1.01337,0.366668,-0.713956,0.565074,0.868479,1
0.16501,0.0830772,0.823681,0.558692,0.0220265,0.202427,-0.25781,0.348579,0.615197,0.775153,-0.579475,-0.541019,0.159081,0.749877,0.34842,0.796029,-0.754737,-0.171628,0.176521,0.104856,-0.0705429,0.135016,-0.077309,0.563554,0.612046,-0.174518,-0.357895,0.339379,-0.745498,-0.202015,-0.272166,-0.65596,0.57543,0.874211,1
-0.618238,-0.765516,-0.238254,-1.03744,-0.643917,-0.600871,1.65335,-0.764062,-0.274753,-0.667741,0.224956,-0.0811218,-0.233301,0.133251,-0.995048,-0.54336,0.506579,-0.11133,-0.00343385,-0.47316,0.156996,0.0797588,-0.695994,-0.41454,-0.188941,0.159677,0.894772,0.469403,0.248935,-0.617716,0.406279,-0.123293,0.559179,0.945697,1
0.204991,-0.256953,-0.277826,-0.12622,-0.710675,0.157437,-0.436615,-0.7715,0.561935,-0.123241,0.329065,-0.0823959,-0.0427971,0.109174,0.100949,-0.520528,0.589198,0.313295,-0.088561,-0.149159,-0.720718,0.0984535,0.285825,-0.23124,0.750338,0.323605,-0.299588,-0.0381568,-0.824046,-0.280483,-0.293079,0.0586993,0.449665,0.811762,1
-0.299962,1.03607,0.673088,0.0144647,0.531745,0.280542,0.102236,-0.0183757,0.33257,-0.674898,1.23521,0.401448,-1.28078,-0.159491,0.0787517,0.440575,0.489865,-0.097592,0.333596,-0.0943276,0.235081,-0.586397,0.222988,-0.567318,0.260959,-0.183288,0.599869,0.306213,-0.0775819,-0.406013,0.0543895,0.139713,0.435915,0.939439,1
-0.196857,0.0659049,-0.52378,-0.666412,0.522934,-0.0532779,0.224092,-0.318808,-0.0737891,-0.02826,0.00127039,-0.332847,0.6021,0.890709,0.370048,1.14212,0.455305,0.0647673,0.172567,0.352106,0.0674257,0.49257,0.30355,0.359049,0.60646,0.448291,-0.10285,-0.17055,-0.334877,0.946555,0.366911,0.666416,0.450218,0.776171,1
0.408413,-0.458152,-0.886424,0.158358,-0.317916,-0.149726,-0.300316,-0.628693,-0.0284089,-0.475946,-0.345785,-0.195685,-0.762625,-0.169343,0.351442,0.953844,-0.293042,-0.978937,-0.431799,0.0421184,0.0627549,-0.37652,0.137254,-0.191089,0.354548,-0.226187,0.089926,-0.515304,-0.856764,-0.135405,-0.194738,0.121565,0.477126,0.772298,1
0.278709,-0.330017,-0.184491,0.593853,-0.233398,0.525185,-0.156347,-0.474251,-0.179161,0.168043,-0.566814,-0.0904348,-0.231574,-0.0335083,0.472743,0.582702,-0.947881,0.645181,0.123388,0.261144,-0.027202,0.0689249,0.252778,-0.226161,0.629085,0.627737,-0.631603,-0.252197,0.0316803,-0.00393029,0.310136,-0.113152,0.577483,0.863117,1
0.877591,-0.127021,0.243872,0.116542,0.737969,-0.849433,-0.227234,-0.0980987,0.148951,-0.0653813,0.27803,0.190763,0.108365,0.575701,-0.0995465,-0.301676,-0.0204228,0.496042,-0.291413,0.308275,-0.604547,-0.896817,0.309497,-0.130288,0.425294,0.633113,-0.287684,0.166153,0.295025,-0.161121,-0.23572,0.823766,0.430234,0.889173,1
0.285718,-0.633009,0.352528,0.207403,0.61876,-0.205318,-0.319838,-0.180463,0.013537,-0.102585,-0.448469,0.290695,-0.575257,-0.214796,0.257392,0.471595,0.133498,0.0611631,-0.813008,-1.12048,-0.121852,0.452194,-0.306427,-0.450873,0.0992729,-0.614861,0.40445,0.102222,-0.647526,-0.398323,0.721035,0.00569398,0.529776,0.900297,1
0.282012,0.261277,0.187979,-0.691576,0.213197,0.953967,-0.0225168,0.421325,0.453212,-0.187615,0.377864,0.551392,-0.4216,-0.316137,-0.730581,-0.159472,0.465521,0.463462,-0.241849,0.612494,0.326586,-0.493105,0.470017,-0.170617,0.692789,0.113456,0.418754,-0.10164,0.231365,-0.230648,-0.0893719,-0.402563,0.445081,0.767594,1
-0.484916,-0.966588,-0.235361,-0.649503,0.297973,0.0234028,0.382802,0.137075,-0.107518,0.0922245,-0.0814249,-0.204787,-0.131421,0.419212,0.356034,-0.684251,-0.540904,-0.00798532,0.542021,0.639375,0.410212,-0.00277761,-0.259483,-0.225602,0.683243,-0.538808,0.20848,0.200421,-0.114253,-0.379359,-0.346898,0.66964,0.478937,0.907696,1
0.934369,0.229424,0.602305,-0.208295,0.955153,0.876132,-0.144477,0.226998,-0.466642,0.25234,-0.0940888,0.384205,0.593636,-0.229644,-0.73944,-0.561079,0.82745,0.65997,-0.0986713,-0.298425,-0.386376,-1.08551,-0.145062,-0.545491,-4.4589e-05,-0.407668,0.645928,-0.638321,0.702517,0.469824,0.811181,0.323077,0.564584,0.777582,1
0.188237,-0.056538,-0.0828859,-0.0690812,0.175819,-0.452675,0.201386,-0.538539,0.493493,0.397002,-0.0916237,-0.526926,-0.508539,0.497304,-0.37581,1.0407,0.0964763,-0.219766,-1.00317,0.406561,-0.71878,-0.389346,0.662184,-0.504743,0.0998287,0.387281,-0.0860038,0.275586,-0.161346,0.065034,-0.0263387,-0.398551,0.433507,0.783339,1
0.413884,0.0411602,-0.0779274,0.0331418,0.669003,-0.117889,-0.160043,-0.785627,-0.642942,0.473948,0.521637,-0.285155,0.126144,0.132728,-0.599857,0.190617,0.622674,-0.0919483,-0.406396,0.891786,0.0919743,-0.716211,-0.452728,0.416143,-0.1355,-0.332084,0.443127,0.707012,-0.807782,-0.0773072,-0.624642,-0.817499,0.454732,0.870254,1
0.53551,-0.959575,-0.46443,0.345135,-0.138582,-0.59782,-0.907144,-0.138649,0.44956,0.985593,0.219675,-0.233252,0.0636667,0.553235,0.00337138,0.237081,0.469643,0.227433,-0.315365,1.08445,0.698786,0.0110388,-0.434111,-0.676301,0.0297528,-0.109445,0.338666,-0.538964,0.177476,-0.332393,-0.557886,0.736342,0.454267,0.844432,1
0.500804,0.0563058,-0.282078,0.28294,0.274613,-0.613236,0.452462,0.318085,-0.104128,0.467504,-0.146725,-0.6974,0.229541,-0.218284,-0.530137,0.0183711,0.276595,-0.459629,-0.347738,0.271381,-0.0114842,-0.315343,0.135463,-0.0995687,-0.0743448,0.703219,0.162859,-0.253091,-0.579251,-0.0707392,0.565813,-0.0243664,0.535399,0.931592,1
-1.00095,1.03874,0.109602,0.0974079,-0.853774,0.701688,0.264481,0.0903001,-0.523972,-0.575045,-0.250118,0.014374,-0.441055,-0.805765,0.645352,-0.603912,0.00205065,-0.37903,0.300325,0.680345,0.0897294,0.0499713,0.412758,-0.205879,0.0152212,-0.0672561,0.0440205,0.107159,0.850236,-0.0546838,-0.326901,-0.374008,0.539724,0.922359,1
-0.15524,-0.496483,-0.715389,-0.363011,0.0250668,-0.621982,-0.305303,-0.0280582,0.324616,0.309969,0.395543,0.111555,-0.731092,0.635858,-0.362348,0.827417,0.321582,0.105446,0.103266,-0.140433,-0.192731,-0.520788,0.0242257,-0.447676,0.229712,0.72425,0.0369548,0.0532613,-0.273688,0.249463,-0.116386,-0.574756,0.547258,0.883447,1
0.426207,-0.572076,-0.64863,0.461746,0.29257,0.209551,0.166701,0.355206,0.0821086,-0.273043,-0.792901,0.172879,-0.695208,0.360221,0.758078,0.0780777,0.918799,-0.13819,0.478176,0.579009,0.38809,-0.775273,0.815516,0.35057,-0.166203,0.222752,-1.01433,-0.619197,0.559778,-0.29574,-0.426606,-0.905006,0.525476,0.761834,1
0.770108,0.368938,0.0129754,0.155101,0.109559,-0.376184,0.077551,-0.126372,0.350955,0.193359,-0.659975,0.0732556,-0.825275,-0.0209297,0.038043,0.414357,-0.686984,-0.612876,-0.758901,0.402571,-0.0718178,-0.0141554,-0.764073,-0.427167,-0.0020996,0.852159,-0.741963,-0.246791,1.07429,0.558028,0.821747,-1.06647,0.460809,0.822994,1
0.661475,0.842981,-0.769302,-0.33256,0.145572,-0.220582,-0.590402,-0.278079,0.0640104,-0.0558395,0.276898,0.444222,0.413165,0.0926575,-0.384952,0.407237,0.570095,0.637646,-0.256776,0.365318,1.46936,-0.557077,0.261294,0.234879,0.0633995,0.246586,0.296458,0.255256,0.651177,-0.345747,-0.314859,0.647292,0.458333,0.918643,1
-0.138096,-0.332178,1.05256,0.116646,0.00128687,0.120822,0.444296,0.158385,0.226695,-0.71224,0.143446,-0.840998,-0.427459,-0.0322163,0.911091,0.302669,0.444897,-0.709346,0.306138,-0.564178,0.115438,-0.784211,0.517802,0.551864,0.538108,-0.422827,-0.57523,0.540972,-0.626112,-0.0499381,0.534136,0.314623,0.542542,0.928519,1
-0.254959,0.960775,-0.73872,0.571288,0.156413,0.0514053,0.379344,0.283479,-0.515766,0.559086,0.458721,-0.100506,-0.126408,0.651721,-0.691155,-0.210866,0.04363,-0.0708485,1.06803,-0.303287,-0.520351,-0.273885,0.497297,-1.17598,0.601547,0.08768,0.555851,0.140164,-0.881219,-0.362329,-0.765659,-0.0024603,0.564288,0.855689,1
-0.808794,-0.448817,-0.299034,-0.484163,0.537918,0.932844,-0.916924,0.137955,-0.558092,0.154395,-0.225933,0.330645,-0.55517,0.52802,0.695306,0.247833,0.0654485,0.393194,0.0407421,0.167343,0.365729,-0.18701,0.132402,0.135339,0.119672,0.548165,-0.475208,-0.621322,0.269335,0.364751,-0.773452,-0.577372,0.476311,0.874725,1
0.0570487,1.0887,0.979561,-0.00102812,-0.38561,0.621079,-0.213554,0.273513,0.034723,-0.242668,0.545353,0.142535,0.316623,0.521505,-0.570582,0.476141,0.240618,-0.498732,1.23655,-0.313793,0.291554,-0.266755,0.0972854,0.282051,-0.410617,-0.31392,0.75899,-0.578587,0.0977679,0.441876,-0.202369,0.18995,0.470018,0.865168,1
-0.387851,-0.322264,-0.159123,0.00582024,-0.516223,0.275826,-0.0208541,-0.501327,0.764962,0.307202,-0.430695,-0.158602,-0.0331582,-0.375752,0.204417,0.446713,0.727191,-0.551209,0.108164,-0.147946,-0.145084,0.183913,0.551173,0.0847728,-1.24157,-0.282956,0.148527,-0.195143,-0.208113,0.19513,-0.558906,0.259192,0.525961,0.899899,1
0.0299303,0.820223,1.57338,-0.102491,-0.248913,0.36119,0.307418,-0.173744,0.559321,0.245033,-0.453989,0.560797,-0.982334,-0.234296,0.28037,0.609164,-0.219142,-0.513584,0.123674,1.09542,-0.202015,-0.350861,0.319439,0.366427,0.259767,-0.176113,-0.589737,-0.398484,-0.698455,-0.2069,0.811715,1.53603,0.48027,0.801598,1
-0.273203,-0.290702,-0.800869,0.0949893,0.117227,-0.122098,-0.170293,-0.246375,-0.248397,-0.296139,0.111057,0.236116,0.0525419,0.401273,-0.223106,-0.295099,0.203915,-0.417134,-0.310775,0.0996152,-1.24552,0.948506,0.188214,0.391903,0.13163,-0.528218,-0.710834,-1.31287,0.300468,0.35347,0.516515,0.0332282,0.532676,0.934386,1
0.444255,-0.061077,-0.270703,-0.87688,0.436579,-0.035839,-0.105907,0.413402,-0.096972,0.431458,0.422136,0.249008,0.948981,-0.331694,0.118678,-0.211044,-0.115206,0.0207663,0.199976,0.134372,-0.730483,-0.468243,-0.364781,-0.122842,-0.509663,0.122277,0.603754,-0.115042,0.483913,0.3578,0.276534,0.306352,0.465152,0.842452,1
-0.496426,0.231409,0.0344271,-0.371041,-0.303348,-0.33892,0.271551,0.36163,-0.584105,-0.0119766,-0.225527,-0.0422322,-0.502349,-0.203733,-0.12186,0.952103,0.349106,0.568414,-0.0285941,0.0555859,0.482951,-0.309818,-0.107656,-0.0553468,-0.63288,0.105803,0.318256,-0.455699,-0.255914,-0.126046,-0.479341,-0.299305,0.491869,0.825601,1
-1.11883,-0.952333,-0.417368,0.122585,0.234009,0.437608,-0.263608,0.500191,0.0924289,-0.0895082,-0.0254367,-0.637049,0.231279,0.760723,0.103685,-0.433213,0.936817,-0.00717395,0.218228,-0.827543,0.324903,-0.0499396,0.357986,1.06795,0.36964,0.0683331,0.366279,-0.113714,-0.0650749,0.20235,0.149838,-0.484038,0.496554,0.863865,1
0.579016,-0.0673239,-0.028187,-0.00594243,0.253516,0.642045,-0.187683,0.556595,0.0301398,0.216305,0.271875,-0.0943207,0.396382,0.182136,0.252545,-0.462789,0.599095,0.514137,0.986956,0.0982396,0.00250223,-0.377626,0.040412,-0.85094,-0.263099,0.348363,0.543492,0.31556,0.463372,0.0237895,-0.145388,0.209898,0.527178,0.818038,1
-0.191171,0.086466,-0.090337,0.0873129,0.245023,0.189509,-0.0440995,0.297216,0.200777,0.125962,0.532107,0.151711,0.0584966,0.295667,-0.329828,0.0233102,-0.295471,0.0409795,0.669865,0.599037,1.067,0.926229,-0.000494673,-0.44502,-0.300954,-0.34195,-0.0844468,0.246472,0.611558,0.545578,0.668672,0.706394,0.466762,0.875954,1
0.081466,-0.0218643,0.177166,-0.619537,0.393728,0.694742,0.358682,0.0706846,-0.53412,-0.54616,0.225695,0.0736595,-0.378635,0.0137279,-0.0437707,0.142804,0.543735,-0.333735,-0.356939,0.867289,-0.789121,0.00875566,-0.257058,-0.042356,-0.241142,-0.835318,-0.261383,-0.812336,-0.280074,-0.0420737,-0.217507,-0.00162628,0.550623,0.908779,1
0.21886,-1.19397,-0.546986,0.327749,-0.0645329,0.0118067,0.234076,-0.0421528,0.946787,-0.548598,0.20221,0.419644,0.0661235,0.642201,-1.06929,-0.409076,0.251085,-0.130771,0.806791,0.13288,-0.94054,0.424814,0.762743,0.763636,0.54888,-0.241702,0.467617,0.129023,-0.478976,1.36264,-0.768066,-0.184231,0.515241,0.771215,1
0.838931,-0.863959,-0.472356,-1.36067,0.685407,0.16787,0.297411,0.458965,0.428653,-0.125464,0.543551,0.491785,1.24926,-0.220718,0.6235,0.656995,-0.901231,0.397237,-0.304583,-0.230014,-0.326179,-0.197757,0.067945,0.168714,-0.361798,-0.647329,-0.372666,-0.158818,0.532214,-0.857555,0.0539527,-0.281562,0.491096,0.927243,1
-0.388195,0.489261,-0.888156,0.650939,-0.242186,0.131444,-0.750546,-0.623814,-0.0437612,-0.157751,0.227936,-0.365838,0.941365,0.537417,-0.118445,0.53216,-0.095109,0.533231,-0.368536,0.32398,0.356832,0.414317,-0.140608,0.593975,-0.12057,0.840463,-0.236123,0.622011,0.25008,-0.702554,-0.0879706,0.652792,0.475369,0.821438,1
0.692627,-0.547806,0.431493,0.421356,0.673529,0.0183088,1.11109,-0.430205,-0.508604,0.777135,-0.320097,-0.93131,0.605114,0.395889,-0.0555564,-0.140618,-0.000334518,-0.614503,-0.371695,-0.650311,0.627487,0.356894,0.503467,-0.480886,-0.463795,0.0916818,0.0232901,0.474641,-0.237265,-0.689022,-0.144796,-0.0882043,0.459794,0.921887,1
-0.250908,0.497034,-0.419654,-1.173,0.255005,-0.0117768,0.928454,-0.0915976,0.729469,0.269367,-1.05072,0.176149,0.0334333,-0.106234,0.56028,-0.739423,0.139339,0.0904624,0.132166,-0.161229,-0.0274883,-0.310029,0.330671,-0.326724,-0.304466,0.919954,0.183935,-0.954046,1.31337,0.296849,-0.420027,-0.276252,0.506356,0.796073,1
-0.282542,0.816192,0.387518,-0.317616,-0.199843,-0.182104,0.689694,-0.728699,-0.862081,0.107699,0.441319,0.230522,0.0421104,-0.307478,-0.840298,0.165046,-0.0573561,-0.0593488,0.47539,0.169853,0.453633,1.14626,-0.771292,0.527666,0.222076,0.306006,0.0107567,-0.229459,0.0571433,0.396792,-0.00482969,0.189398,0.432217,0.87384,1
-0.400971,-0.2419,0.229878,-0.0756763,0.0591168,-0.284619,1.63823,0.969252,-0.0946694,-0.20955,0.776062,0.24944,0.769057,0.0231817,-0.275117,-0.393151,-0.383156,0.381689,0.546665,0.153207,-0.162339,0.76383,0.10779,0.0139167,0.361603,-0.0728562,0.0812504,0.21694,1.2481,-0.530645,0.663609,-0.208213,0.55749,0.772107,1
-0.70346,0.456033,0.145167,0.00471311,1.05783,-0.393945,0.274172,-0.204845,-0.076061,-0.0405348,-0.636637,0.097395,0.135844,0.142728,0.665909,0.880034,0.0503324,-0.765956,-0.218259,-0.319035,-0.254761,0.526145,-0.0808004,1.0263,-0.34568,-0.842025,-0.242487,-0.685098,-0.233644,-0.0572873,0.163217,-0.167447,0.520251,0.915389,1
0.0737685,-0.346733,-0.435468,-0.309272,-0.722222,0.130693,1.27294,-0.279937,-0.204381,-0.434669,-0.186228,-0.551104,-0.0905852,0.591393,0.101886,-0.213825,0.76526,-0.904603,-0.328685,-0.0171678,-0.00572529,0.621484,0.646111,0.154708,-0.349236,-0.127645,0.488411,0.157424,-0.339989,-0.293442,0.52419,-0.555907,0.532068,0.871345,1
-0.310817,-0.704564,0.514965,0.996361,0.0600525,0.637418,0.19924,-0.14506,1.0853,-0.249169,-0.0287685,-0.0210043,0.421745,-0.18672,-1.03187,0.272898,-0.393031,-0.0767011,0.538818,0.929156,-0.0735308,0.230693,-0.0402572,-0.760243,-0.263204,0.576168,-0.606981,-0.479282,0.74372,0.0962873,-0.00111291,0.33657,0.444041,0.876294,1
0.251961,-0.366702,-0.183644,0.540654,0.408555,0.550873,0.138373,0.486338,-0.368386,-0.199411,-0.13014,-0.310371,0.713121,0.0761555,-0.398544,0.753276,0.656395,0.249747,-0.16349,-0.10096,-0.251825,-0.754551,0.384943,-0.592555,-0.0682726,-0.540085,-0.0325917,0.110184,-0.819508,0.104868,-0.180422,-0.449757,0.536579,0.803129,1
0.18835,-0.0723873,-0.687503,0.527479,-0.011669,-0.142783,0.764585,0.998928,0.430391,0.38708,-0.101567,-0.790445,0.170796,-0.504125,0.0425966,-0.316026,-1.11736,0.366917,-0.0190554,-0.361437,0.491608,-0.326274,-0.162934,1.30142,-1.01318,-0.379131,-0.36139,-0.403475,0.676524,0.504005,-0.461585,1.34114,0.529424,0.801573,1
-1.17813,-0.27202,1.27027,0.0229965,0.105465,-0.575172,-0.842257,-0.0620537,-1.05992,-0.718294,-0.144039,0.210601,0.41684,0.0266916,0.495001,-0.462621,-0.779126,0.854595,-0.77511,0.190489,0.392237,-0.483419,-0.841765,0.618188,0.873041,-0.924823,0.295937,-1.05709,0.469804,-0.231509,0.341947,-0.489643,0.476433,0.920078,1
1.08141,-0.430719,0.303478,-0.640238,0.155899,-0.0615692,-0.0770944,-0.531146,0.10732,-0.0558849,-0.0401871,-0.168432,-0.93224,0.0883192,0.317866,-0.305686,-0.325806,-0.860456,-0.0128392,-0.3446,-0.26943,0.147168,0.38598,0.176458,0.928793,-0.712242,0.0340622,0.395226,0.279507,0.328081,-0.474122,-0.287299,0.532439,0.822203,1
0.694851,-0.236191,-0.0472102,0.0869323,-0.246968,-0.071806,0.277546,0.717685,0.46367,0.725587,-0.118322,-0.717558,-0.478222,-0.698721,-0.737987,-0.133246,-0.0936525,-0.112282,0.23835,-0.0552448,-0.343837,-0.446707,-0.169637,0.10162,0.130951,-0.805079,-0.0172913,-0.0404156,0.483652,-0.0343179,-0.547418,0.151746,0.436689,0.854857,1
-0.437918,0.389376,0.05208,0.00836052,-1.01733,-0.129558,0.489693,-0.679482,-0.0799298,-0.0225489,0.210388,1.13156,-0.437157,0.471795,-0.0380646,0.133782,-0.0091129,0.518879,-0.871176,-0.00248086,-0.140792,0.904594,0.267295,-0.725046,0.0818783,-0.0479489,-0.275973,-0.498307,-0.0636241,0.605768,0.37928,0.184346,0.498782,0.827356,1
-0.120502,-0.532943,-0.608386,-0.327779,-0.15709,-0.211082,-0.648876,-0.156091,0.498741,-0.982561,0.459636,0.23091,0.543792,-0.367011,0.242504,-0.193152,0.575304,0.00949693,-0.25556,0.239365,0.934393,0.116675,-0.0184548,0.017442,0.697278,0.145409,0.273879,0.511129,0.00881252,-0.30762,0.619261,-0.255932,0.509263,0.811883,1
0.41629,0.197157,-0.648431,0.102559,0.332878,0.0537146,0.569364,-0.322743,1.18099,0.744351,0.215003,-0.400048,0.0655728,0.250422,-0.171176,-0.44783,0.0861297,0.976374,-0.107127,-0.424927,0.672303,0.189106,-0.148172,0.770155,0.06708,0.139908,0.0646796,-0.403436,0.145937,0.284205,0.349251,-0.422159,0.504955,0.849735,1
0.757535,0.12857,-0.322949,0.601116,-0.296053,0.0922832,0.0335155,-0.46286,0.242197,-0.619658,-0.412552,0.284837,-0.0719593,0.212446,-1.16952,0.120309,0.447947,0.511162,0.11721,-1.04594,-0.083873,0.426989,0.396717,-0.528959,0.362112,0.0593902,0.350809,0.225537,0.154119,0.205552,0.646488,-0.292969,0.44789,0.816551,1
-0.501177,0.16905,-0.53297,-0.722882,0.246852,-0.244558,-0.927455,-0.226559,-0.233793,-0.14461,-0.19965,1.11583,-0.428847,0.199371,0.643287,-0.273797,-0.427843,-0.194627,0.645224,0.427899,-0.0711264,0.385654,-0.404844,-0.887343,0.23076,-0.426422,-0.180616,-0.225907,0.18494,0.366809,-0.994624,-0.475879,0.559269,0.858331,1
-0.0867149,-0.416889,-0.783845,-0.493497,1.09944,0.591895,0.0988359,0.281908,-0.247082,-0.212518,0.991045,-0.361061,-0.0413719,0.246217,-0.69695,-1.06496,-0.0214609,-0.637924,-0.0664339,-0.0130337,-0.0296756,0.0764115,0.685918,-0.281613,0.607592,0.601337,-0.179045,0.19135,0.547018,-0.460897,-0.602802,0.99572,0.471251,0.795017,1
0.715127,-0.12787,0.233476,-0.253574,-0.27166,1.48473,-0.548733,-0.204327,0.486113,0.670046,0.599099,0.369842,0.202527,-0.417901,0.321595,0.247929,0.148822,0.163701,0.490164,-0.280406,0.0278897,-0.122808,0.246124,0.305255,-0.332711,-0.29359,-0.0381247,-0.460024,-1.06617,-0.747188,-0.451546,-0.266051,0.430982,0.926514,1
-0.862251,-0.263937,0.903112,-0.213228,0.103462,-0.721892,0.514721,-0.139088,0.410286,-0.495923,0.179365,-0.05658,0.0964858,0.225113,-0.0101108,-0.31392,0.507465,0.430983,-0.0281534,-0.660923,-0.105592,-0.147691,0.00497233,-0.181302,-0.338342,0.46278,-0.194947,-0.145162,0.295469,0.447343,0.0158323,-0.236256,0.528657,0.886604,1
-0.0169159,0.608067,0.201017,0.141587,-0.518831,-0.947175,0.15742,-0.834516,0.389907,0.750162,1.01786,0.19507,0.71644,0.133848,0.299157,-0.459437,-0.209364,-0.273071,0.107841,0.153117,-0.375374,-0.443625,-0.371024,0.218848,0.250598,-0.482932,-0.500206,-0.149187,-0.469678,0.384856,0.266153,0.305175,0.475974,0.911885,1
-0.573004,-0.222835,0.339876,-0.505341,0.679115,-0.604923,-0.557846,0.622607,0.345242,-0.0282598,0.742986,0.322855,0.555454,-0.103103,-0.0946454,-0.128355,0.422714,0.682464,-0.272033,-0.317385,0.143249,0.243388,-0.0285336,0.51574,0.214675,0.129874,-0.491791,0.101105,-0.320117,-0.420167,0.21425,-0.774433,0.542468,0.784478,1
0.199751,0.357119,0.256706,0.167819,0.337089,7.95,0.356724,0.23101,0.170155,0.373219,0.361086,0.191437,0.146886,0.129737,0.310966,0.37513,0.330926,0.338892,0.385469,0.202082,0.280906,0.208071,0.379651,0.115099,0.172118,0.154282,0.200156,0.137534,0.131569,0.342943,0.370047,0.298218,0.52,0.82,1
0.406797,-0.319337,-0.29494,0.576434,-0.596511,0.282303,0.43253,-0.98477,0.00970578,-0.0828348,0.901366,-0.188388,0.40655,-0.48823,-0.0611285,0.615977,-0.289135,0.351064,-0.564263,-0.00906054,-0.336899,-0.486038,0.639212,0.370265,-0.139428,-0.192207,-1.20236,0.59646,-0.0792027,-0.672138,0.0838708,-0.0465586,0.465157,0.854663,1
-0.104202,-0.291841,0.714251,-0.181292,-0.447848,-0.504343,1.16097,-0.450162,-0.527684,-0.184747,-0.745239,-0.35399,0.0780584,-0.317716,-0.0303466,-0.523225,0.243637,0.128784,0.0671086,0.297284,0.165607,0.307896,-0.188848,1.24449,-0.762629,-0.423214,-0.147064,-0.270759,-0.0347184,0.173667,-0.526291,-0.387549,0.469443,0.772815,1
0.81943,0.257895,0.244494,0.277627,0.0797168,-0.393774,-0.295947,-0.296817,0.26766,-0.121265,0.589037,-0.167836,0.0106142,-0.106299,0.355332,-0.890031,-0.486893,0.214253,0.105569,-1.72552,0.0353532,0.433499,-1.06867,-0.731808,-0.478239,0.0201697,-0.105013,0.882113,0.761819,0.313963,-0.135566,-0.00289234,0.579769,0.849277,1
0.0761578,0.241907,-0.378383,0.658571,-0.36786,-0.912351,-0.294856,-0.294393,-0.248974,0.00822762,0.135452,-0.522065,-0.603774,0.511316,0.405745,-0.0999329,0.323751,0.990331,0.496859,-0.000268134,0.730719,-0.00667117,0.0594766,0.0353813,0.157637,0.00293368,1.02343,-0.704443,0.287939,0.302533,0.150295,-0.220671,0.57885,0.816873,1
-0.575957,-0.0208896,0.368863,-0.350025,0.532612,-0.34583,-0.0928782,0.56998,0.355085,-0.461132,-0.736657,0.182349,0.472583,-0.184806,0.0511856,-0.23696,0.253068,-1.38027,-0.845335,-0.373253,-0.638529,0.521449,0.552347,-0.742557,-0.421248,-0.142191,0.0492061,0.254476,-0.573384,0.29606,0.215427,-0.275995,0.4963,0.806222,1
0.150931,-0.336689,-0.843464,-0.255355,-0.273166,0.248581,-0.050493,-0.21369,-0.00347728,-0.123985,-0.714967,0.0175329,-0.226306,-0.436517,0.252054,-0.210944,0.453305,0.390208,0.0279315,0.189639,-0.0358446,-0.023574,0.683879,-0.388758,0.0452493,0.636082,-0.770513,0.179403,-0.177517,-0.156859,0.350965,0.239872,0.527001,0.908097,1
0.584443,0.199362,-0.141355,-0.679478,-0.0431988,-0.506242,0.13976,-0.0556864,0.0971061,0.566036,0.218476,0.47556,-0.121945,0.175561,-0.476769,-0.0884644,-0.205339,0.331562,-0.216197,1.09834,0.368007,-0.140077,0.252492,-0.177323,0.00080958,0.313937,-0.0399871,0.657818,-0.00350354,-0.245291,-0.380981,-0.232347,0.458352,0.774669,1
-0.137645,1.01021,-0.25557,-0.51924,0.719031,0.483248,0.184273,-0.680342,0.276904,-1.02977,-0.435916,0.310101,-0.280781,0.515538,-0.537826,1.29781,-0.146923,0.5321,0.837791,-0.5417,0.467698,0.534944,0.396766,0.554578,0.337568,0.551441,-0.984722,-0.761753,-0.25138,0.087723,-0.176121,0.152914,0.571493,0.851505,1
0.337981,0.339553,0.139517,0.360559,0.214182,7.95,0.309717,0.132863,0.283987,0.397341,0.173879,0.382945,0.360521,0.12554,0.2985,0.327702,0.104107,0.2253,0.390877,0.14503,0.121008,0.168502,0.278131,0.369559,0.193146,0.357366,0.189235,0.232055,0.106108,0.351031,0.180019,0.295586,0.52,0.82,1
0.798677,0.0403547,-0.172584,-0.0588792,0.455908,0.3802,0.476835,0.288954,0.267162,0.677167,-0.466489,-0.543636,-0.327738,-0.092252,0.0320698,-0.580485,0.788633,0.0429688,-0.0893405,0.707956,-0.404544,-0.49876,-0.280095,0.55676,0.485346,0.777871,-0.793709,-1.05286,0.204202,0.582424,-0.105648,-0.212024,0.546789,0.930866,1
0.323814,-0.0586362,0.630942,0.0816334,0.280833,0.031135,0.865464,0.47221,0.0870239,0.221494,0.547525,0.160069,-1.19435,-0.140085,1.11911,-0.140276,0.147734,0.671306,0.602081,0.118073,-0.263944,0.0576742,-0.69291,0.434177,0.136408,-0.163893,-0.704834,-0.152767,-0.114075,0.311608,0.249117,-0.361592,0.462648,0.893581,1
-0.333852,0.199551,-0.148104,-0.167686,0.516363,0.481008,0.316173,-0.326067,-0.141473,0.0117362,-0.25095,0.0889023,0.268006,-0.0218451,0.615931,-0.197461,0.363715,-0.25177,-0.619383,0.269597,-0.325171,0.211008,-0.262344,0.161604,-0.503858,0.721074,0.824286,-0.087028,0.495467,0.00132393,-0.104282,-0.713081,0.498015,0.889028,1
-0.0602492,-0.472236,0.0429806,-0.616689,-0.218347,-0.608367,-0.352684,0.0454422,-0.300451,0.00819229,-0.100666,0.0103853,0.0951436,0.857533,-0.139233,0.432314,-0.17933,-0.187498,0.0348763,-0.500702,-0.272801,0.224637,-0.569164,0.0293945,-0.284837,-0.168041,-0.676025,-0.106576,-0.0816237,-0.221498,-0.391836,-0.355759,0.453969,0.913881,1
0.308751,-0.97698,-0.387287,-0.146872,-0.617852,0.886941,0.746998,0.309105,0.338768,-0.576465,-0.439236,0.175124,-0.205339,-0.485321,-0.226041,-0.261652,0.183199,0.540717,-0.0556302,-0.333601,-0.499737,0.323462,0.0371733,-0.231649,-0.0432479,-0.287546,-0.842153,0.384915,-0.432117,-0.0113721,0.631459,0.718196,0.440962,0.807399,1
1.05895,-0.0360879,0.366567,-0.360777,0.283971,1.05214,0.840722,0.461397,0.42257,-0.0500994,0.330079,0.337892,-0.200564,-0.46831,0.470355,0.440915,0.138993,0.157699,-0.162349,-0.274957,0.416817,0.301949,-0.54938,-0.297503,-0.114878,-0.291707,0.729072,-0.287482,-0.211993,0.686578,0.24386,0.0803395,0.48464,0.916921,1
0.56327,0.884171,-0.205725,-0.375286,0.161484,0.740315,0.34627,-0.688584,-0.387231,-0.765394,0.416759,0.731618,-0.482899,0.163342,0.549388,0.357487,-0.129707,-0.314048,0.717758,-0.525937,0.1659,0.0184016,0.51847,-0.115988,-0.0781279,0.0184546,-0.148457,0.925548,-0.467371,-0.249509,0.157109,-0.0869647,0.453708,0.778212,1
-0.411376,0.630463,0.352005,-0.437466,0.843553,0.581983,0.255178,0.765422,0.0620022,-0.283098,-0.760695,-0.424174,0.169394,0.530617,0.864766,0.374999,-0.0788355,-0.383961,0.118013,-0.295393,0.339618,-0.646206,-1.05991,-0.16085,-0.279822,0.314732,-0.0150559,-0.567011,-0.161562,0.249326,-0.670475,-0.155751,0.505695,0.820419,1
-0.550344,0.390862,-0.674382,-0.627277,-0.133293,0.553721,0.482603,0.212498,-0.537054,0.124559,0.776741,0.858706,0.235461,0.117999,-0.0352505,-0.0998038,0.573356,0.0226534,0.508409,1.10948,-0.0439706,-0.995987,0.160705,0.422353,0.438166,-0.63336,-1.06111,-0.701449,-0.0126067,-0.119535,-1.02034,0.745353,0.568577,0.891623,1
0.134037,-0.675544,0.932679,-0.0117684,0.186685,0.117143,-0.140885,0.297463,-0.129903,0.582014,-0.208936,0.377703,0.610569,0.0617034,0.574525,0.556532,-0.49658,0.130677,-0.0825487,0.652312,0.479832,0.226974,-0.293753,0.273874,0.295191,-0.18384,0.120495,0.153768,0.181985,0.254959,0.744406,-0.0473561,0.465744,0.828776,1
-0.191957,-0.95526,-0.524864,0.848237,-0.563967,0.0028592,-0.688648,-0.482151,0.179491,0.469695,-0.742447,-0.509083,-0.102462,0.575244,-0.360756,0.0230233,0.184782,-0.122371,0.385834,-0.104797,-0.0565783,0.329039,-0.598314,-0.980713,0.0593229,0.127928,-0.628322,-0.842989,0.829654,-0.205337,-0.651696,0.0694648,0.485143,0.858575,1
0.867645,-0.00947969,0.327734,0.255708,-0.0193198,0.620268,-0.280354,-0.398929,0.696129,0.320402,0.602662,0.411833,-0.293835,-0.849999,-0.362468,-0.182647,0.248637,0.768417,0.228556,-0.413333,0.142627,1.08093,0.47086,-0.0461974,-0.0907824,0.651215,0.177099,-1.10368,-0.0866804,-0.0058777,0.80933,-0.194467,0.579373,0.917061,1
-0.237272,-0.673316,0.255794,-0.277121,0.51207,0.427052,-0.528354,-0.0607316,-0.410472,-0.706251,-1.10611,0.168554,0.932017,0.45089,0.427778,0.342853,-0.919723,-0.373223,-0.480846,-0.597093,0.140034,-0.352408,0.0804891,0.396887,0.170199,0.138898,-0.213778,-0.489657,0.386708,-0.267574,0.446284,0.754836,0.488583,0.863549,1
0.54546,-0.233509,-0.332908,-0.430418,-0.0250687,-0.350484,-1.23014,-0.495504,0.793084,0.766495,-0.815506,0.315738,-0.707005,0.585913,0.208674,-0.0528199,-0.743211,0.1052,-0.275836,0.179121,-0.534648,-0.116217,0.00890859,-0.258714,0.0439429,-0.364159,-0.109043,0.409223,-0.014701,-0.251485,0.184745,-0.248692,0.490187,0.923859,1
0.715816,-0.587986,0.0980325,1.17593,-0.129125,0.0870704,-0.619137,0.254486,0.626707,-0.611433,0.167334,0.325416,0.298034,-0.511349,0.868269,-0.409158,0.45835,-0.293899,-0.0537918,0.446326,0.477569,-0.127927,-0.373591,0.103515,-0.0501823,-0.111403,-0.381285,0.559928,0.440773,0.678774,-0.849677,0.0266649,0.472871,0.868583,1
-0.259295,-0.27315,0.375258,0.40549,-0.0554197,0.265512,0.230832,0.194048,-0.493021,-0.610081,0.0940327,0.0847219,-0.344246,-0.587379,-0.131179,0.529465,-0.818024,0.359939,0.389441,-0.106681,0.208387,1.2368,0.252543,-0.296277,-0.968608,1.38239,0.744376,0.249207,0.942129,-0.383,-0.418534,-0.158371,0.49579,0.872517,1
-0.62686,0.21429,0.351337,0.143286,1.21625,-0.39616,-0.0577734,0.234612,0.20923,-0.311001,0.783061,0.799508,-0.949476,0.337836,0.274006,-0.436765,0.0980711,0.10359,-0.842658,-0.239536,-0.572639,0.665737,0.303451,0.473454,0.0827684,-0.531176,-0.393679,-0.0279428,0.201023,-0.0112673,-0.416166,-0.667864,0.563835,0.862947,1
-0.384259,-1.08933,-0.567342,0.63915,-0.449533,0.171795,0.585852,-0.160006,0.174186,-0.00387215,-0.046807,0.801582,0.0565287,-0.00601378,0.532957,-0.762685,0.505405,0.20713,-1.06289,0.0118015,-0.0779368,0.433365,-0.711938,0.605999,-0.258027,-0.286042,-0.755869,0.41657,-0.167245,0.691908,0.0267335,-0.0474026,0.530373,0.894814,1
0.100128,0.614537,1.41201,0.216827,0.954781,0.713419,0.554626,-0.353351,0.26092,0.730904,0.114368,0.00111344,0.171191,-0.593883,0.390259,0.187479,-1.20433,-0.619051,0.0169375,-0.925945,0.275203,0.0915323,0.672083,-0.100241,-0.372579,-0.139546,0.369513,-0.621967,-0.0940075,0.548806,0.21735,0.018595,0.566442,0.917991,1
-0.269303,-0.397868,-0.0725128,0.371019,0.0120421,0.0141722,0.280611,-0.0518555,-0.30883,0.215507,-0.799013,0.574941,-0.51424,0.363253,0.581735,-0.437957,0.302288,0.235871,0.45088,0.59822,-0.254399,-0.288011,0.475463,0.918576,0.0245152,-0.0894819,0.181181,-0.0202065,0.775835,-0.176224,-0.41381,0.368858,0.495255,0.852035,1
-0.175245,-0.441038,0.893694,0.12599,0.222272,0.770455,0.0395571,0.015936,-0.149275,-0.162017,-0.384738,-0.36943,0.718727,-0.36705,-0.0785239,-0.804388,-0.0847529,-0.256159,-0.182133,-0.391989,0.018962,0.156697,-0.170124,0.0868336,0.0718821,0.0277445,0.455465,0.239533,-0.384702,0.125825,-0.65043,-0.274251,0.546867,0.898023,1
0.274207,-0.00736573,0.754098,0.0900336,-1.40299,0.745955,0.545796,-0.059724,0.172577,-0.505442,0.643883,-0.658584,-0.182122,-0.22438,-0.419109,0.123246,0.195889,0.309603,-0.446233,0.31704,-0.856156,-0.763366,0.601167,-0.242929,0.421388,0.0912951,0.877092,-0.676263,0.533421,-0.404927,-0.375223,-0.641703,0.571345,0.819187,1
0.0417587,0.0636548,0.68071,0.0188306,0.203198,0.451698,0.0771445,0.102899,0.108225,-0.393131,-0.287368,0.778322,0.161052,0.666542,-0.45879,-0.828955,-0.377861,1.32518,-0.469905,-0.350646,0.632121,0.553433,-0.753521,0.791626,0.400307,0.334852,0.859564,0.07062,-0.106265,0.165556,-0.457856,0.550768,0.578922,0.866305,1
-0.974202,0.449795,0.154298,-0.376941,0.833988,-0.239895,0.679269,-0.0160221,-0.88802,-0.187026,-1.04389,0.510115,0.562006,-0.0641221,1.06738,0.214569,-0.0201157,-0.580136,-0.161543,-0.274079,0.390824,0.417965,-0.0725509,-0.0208685,0.329137,-0.106051,0.729014,-0.377241,-0.661625,0.00605254,0.939827,0.769772,0.51043,0.806732,1
0.579123,-0.36402,-0.480662,0.565533,-0.340696,1.31892,0.319927,-0.688731,-0.328594,-0.28949,0.284111,0.248403,0.979641,0.358622,0.235668,1.16269,0.490543,-0.234532,0.750097,0.776408,-0.26981,0.138956,-0.259482,-0.628167,0.709286,-0.494528,0.548263,0.110107,0.0690345,-0.494245,-0.542656,0.965357,0.505626,0.815216,1
0.117912,0.323105,0.213326,-0.0713389,-0.0133589,-0.469973,0.441148,0.619113,-0.653203,0.302615,-0.2179,0.0574506,0.463073,0.589975,-0.247798,-0.293797,0.575211,-0.34206,-0.258518,-0.290278,0.409125,0.328726,-0.47785,0.643515,0.573489,0.418167,-0.773977,0.131033,0.880864,0.66304,0.0643183,0.248657,0.515306,0.817089,1
0.229817,-0.273234,-0.126778,-0.524371,-0.162107,-1.24871,-0.421385,-0.530286,0.648712,-0.317117,-0.0585242,0.390712,0.55957,-0.284595,-0.347427,0.0694757,-0.17571,0.358471,0.0329333,-0.0158383,0.168062,-0.622227,0.00682987,-1.09652,-0.687158,0.74902,0.22017,-0.313718,0.428849,-0.0130201,-0.392641,0.0959128,0.487682,0.793981,1
0.343712,-0.243827,-0.0326952,0.453466,0.625425,0.710919,0.155057,-0.133907,-0.00736006,0.274437,-0.312892,-0.996969,0.448263,-0.235817,-0.0409804,-0.321353,-0.272052,-0.871181,-0.0329172,-0.100554,-0.103163,0.276175,-0.186468,-0.489844,-0.305812,-0.469489,0.167963,-0.625337,0.720545,0.569357,-0.712754,0.679839,0.576864,0.902916,1
-0.741094,-0.522705,-0.221693,0.690494,-0.248099,-0.603127,0.53216,-0.275602,0.341577,-0.0991211,-0.013595,-0.31397,-0.61582,-0.303256,0.144619,-0.0365745,0.352336,0.609411,0.229855,0.193588,-0.380968,-0.34405,0.179383,0.76405,0.151941,0.129056,0.420118,-0.139256,0.615408,0.586172,0.0175948,0.227025,0.440051,0.823265,1
-0.793484,0.363087,-0.315237,-0.161202,0.845211,0.732028,-0.284513,-0.316015,-0.593884,0.4339,-0.0084799,-0.252495,0.199745,-0.264077,-0.162281,0.44486,-0.0936788,0.306168,-0.105894,0.557092,-0.522218,0.0430559,0.760055,0.257967,0.0125615,-0.27371,0.217172,0.121082,-0.492951,0.535124,0.81137,-0.413,0.528691,0.831675,1
-0.831062,0.135324,0.490683,0.462815,-0.814325,0.35762,0.128783,-0.352258,-0.37673,-0.361679,0.107788,-0.57288,0.582883,-0.330287,0.286194,-0.622768,-0.140639,0.0493204,0.908032,0.930396,-0.311875,0.156697,-0.86111,-0.553974,-0.374238,0.575314,0.604812,0.334727,-0.040941,0.581452,-0.24389,0.546933,0.512487,0.861696,1
0.015928,0.18802,0.323991,0.897658,0.203821,0.095693,-0.222822,0.500477,0.737127,-0.805465,0.87813,0.352596,-0.0392478,-0.170709,-0.218398,0.139779,0.329628,-0.254471,-0.26928,0.145845,0.00561539,-0.590802,-0.706326,-0.326658,-0.268093,-0.211988,0.531449,0.0922306,-0.763243,-0.125647,-0.0692788,0.552418,0.468569,0.81735,1
0.21426,-0.738996,0.388734,-0.0948074,-0.456093,0.00351406,-0.224387,-0.00831433,1.3212,0.187286,-0.877414,-0.854175,-0.0864064,0.588511,0.431116,-0.409737,-0.0392315,0.696016,0.196915,-0.239575,0.371609,0.028,-0.73888,-0.299283,0.425302,-0.00120558,-0.315565,-0.0173857,-0.582751,0.864087,0.255314,0.108058,0.513275,0.798926,1
-0.0220327,-0.0852425,0.323905,0.0859975,-0.19241,0.586014,-0.284773,-1.3139,0.180666,0.510571,-0.0158696,-0.1536,-1.11602,-0.0446053,0.0397953,0.156614,-0.428909,-0.900761,0.0614017,0.0693843,-0.155282,0.0827746,0.755517,-0.295942,-0.695212,-0.240117,-0.394507,-0.45305,0.785337,0.937595,0.376493,0.14229,0.50387,0.832975,1
-0.0896397,-0.116518,0.261082,0.658758,0.0353024,-0.362563,-0.231824,0.263955,0.260547,-0.266028,-0.64704,0.213835,-0.365747,-0.616553,-0.140003,0.843283,0.656615,-0.555883,0.225375,0.406964,0.526037,-0.596623,-0.741863,-0.112128,-0.054701,-0.644482,1.01264,-1.03792,0.345841,-0.41352,0.438698,-0.306078,0.522825,0.781651,1
-0.324203,0.093902,0.479318,0.410048,-0.874082,0.0115312,0.314363,-0.542656,-0.273066,-0.544269,0.0844916,0.534424,0.588271,0.403562,-0.605944,-0.311546,-0.857754,-0.00629766,-0.369602,0.115854,-1.00835,-0.509978,0.233988,0.0550286,0.0355156,-0.0821711,0.0253022,-0.675099,-0.425122,0.737089,-0.503849,0.233982,0.506012,0.832386,1
0.573593,0.850011,0.690747,0.807567,-0.566499,-0.214302,0.229621,-0.743452,-0.159567,0.39288,-0.415352,0.31087,-1.281,0.845136,0.317928,-0.482005,0.505957,-0.512098,-0.0170939,0.364914,0.130581,0.592513,0.891296,-0.843261,-0.361137,-0.594452,0.042373,-0.604208,0.846374,0.438297,0.775314,-0.216385,0.570168,0.803532,1
-0.468376,0.39766,0.00814667,0.729365,-0.420853,0.353461,0.389213,-0.436672,1.2969,0.651349,0.80785,0.289567,0.64342,-0.408781,-0.0163996,-0.843465,-0.0131326,-0.0849942,-0.123034,0.498599,-0.358044,0.227335,0.632668,-0.341326,-0.300243,-0.499759,-0.349363,0.117406,-0.341713,-0.262746,0.50615,1.21189,0.558034,0.859042,1
0.95,0.88,-0.449253,-0.131927,0.173075,0.395348,0.476795,-0.0264398,-0.208298,0.425933,-0.377678,-0.336056,0.421856,-0.477741,-0.49249,-0.334738,-0.203929,0.21007,0.264704,-0.395672,-0.176855,0.15567,-0.475244,0.163678,0.0991727,0.0444692,-0.378521,0.429338,0.275548,0.176909,0.0910436,-0.329393,0.48,0.2,0
0.257358,0.194251,0.182754,0.194687,0.377482,7.95,0.173322,0.220482,0.132243,0.373908,0.29083,0.351687,0.113629,0.261133,0.271295,0.119696,0.125642,0.102002,0.230103,0.211235,0.198532,0.110084,0.103999,0.288428,0.266425,0.148122,0.263084,0.306536,0.112238,0.324389,0.213595,0.10089,0.52,0.82,1
-0.393631,-0.149817,0.258983,-0.56958,-0.228264,0.107615,0.451237,-0.146123,-0.701275,0.212547,-0.0956958,-0.758907,0.00365896,-0.0714628,0.175622,0.600681,-0.633044,-0.12169,-0.0745141,0.600689,0.285884,0.0733046,0.707748,0.113756,0.465733,0.143192,-0.587837,0.229303,0.367184,-0.2938,-0.530197,0.022974,0.425279,0.861719,1
0.767521,-0.536204,-0.0727164,0.160247,0.119635,-0.85347,-1.06504,-0.886938,0.0841471,0.860799,-1.13232,0.563077,-0.126588,0.446291,-0.412155,-0.19901,-0.0990899,-0.143592,0.0875562,0.0666001,-0.97678,0.642696,-0.0365681,0.0439699,-0.120851,-0.524959,-0.782453,-0.178248,-0.367701,0.156776,-0.501401,0.204476,0.442138,0.823197,1
0.303751,0.460436,-1.72514,0.127554,-0.065869,0.166316,0.0603131,-0.379178,-0.168437,0.197086,-0.62656,-1.42936,-0.380828,0.174158,0.261216,-0.204049,-0.541979,0.101872,-0.144794,-0.32153,-0.327061,-0.431038,0.456122,-0.00214351,0.0823414,-1.2682,0.266695,-0.570561,0.0549787,-0.062183,0.399195,0.317636,0.506436,0.874134,1
-0.220679,0.402083,-0.865161,0.183339,-0.0520709,0.163183,0.51822,0.660957,-0.492958,-0.832018,0.305283,-0.107173,1.11799,0.869592,-0.283264,-0.0846873,-1.04071,0.846364,-0.0609483,-0.303779,1.1463,-0.661731,0.685495,1.03396,-0.465799,-0.278196,-0.114978,-0.631249,-0.448835,-0.208745,0.0329331,0.757477,0.476232,0.815716,1
-0.0246102,0.693533,0.685203,-0.644554,-0.207648,-1.02768,0.549021,-0.606477,0.469633,0.0645081,-0.273411,-0.501097,-0.680411,0.165163,0.689376,0.468417,0.334699,-0.328775,0.203232,-0.183904,0.389152,0.802236,-0.588841,-0.300138,-0.487994,-0.917379,0.690778,0.76663,0.315728,0.427624,-0.985502,-0.528992,0.466203,0.92602,1
0.0199902,-0.0980198,0.382744,0.0482373,-0.362464,0.754386,0.0622903,0.249511,-0.412984,-0.164408,-0.862376,-0.912265,-0.927017,0.715077,0.152617,0.406229,0.0310737,-0.175871,0.11698,-0.24665,-0.778043,0.0829009,0.425372,-0.597478,0.0841526,0.386594,0.776488,-0.619918,-0.447581,0.0816327,-0.637434,0.403182,0.486209,0.946756,1
0.279791,-0.622616,0.293246,0.890361,0.360267,0.503631,0.405906,-0.230614,-0.268784,-0.803325,0.110357,1.44553,-0.684293,0.0564196,-0.149011,0.25884,0.552876,0.328206,0.338922,-0.595283,-0.499946,0.0954659,0.355867,-0.135962,-0.527358,-0.42029,0.408411,-0.382584,0.953776,0.120466,-0.448362,0.0380059,0.556403,0.86086,1
-0.0877472,-0.029211,0.0581745,0.693155,0.270179,0.905175,0.149634,-0.22234,-0.62672,0.0355963,-0.6878,0.901968,-0.00146648,-0.263501,0.454343,0.274511,-1.21166,-0.362077,-0.235229,-0.25021,0.30509,-0.0211269,0.475008,-0.47333,-0.175277,1.28643,0.864079,0.142513,-0.532756,-0.169228,0.149258,-0.366408,0.572982,0.867616,1
-0.121876,0.461658,0.303045,-0.0532623,-0.367191,-0.114942,-0.299935,-0.100751,-0.685018,0.244249,-0.0862445,-0.187959,-0.000660766,0.402325,-0.19004,0.170114,-0.836114,-0.350768,0.423324,-0.597204,-0.39414,0.167483,-0.114649,1.09524,-0.52015,-0.641723,-0.540967,0.715664,-0.537925,1.05817,0.869493,0.501018,0.543541,0.925861,1
-0.267204,0.584103,-0.0122672,0.379312,-0.0418519,0.249134,0.116901,-0.272076,-0.578865,0.469484,-0.661003,-0.396399,0.194577,0.55018,0.406438,-0.06038,-0.146036,0.661963,-0.501802,0.410432,0.328663,0.177528,-0.0897659,0.0445365,0.266041,0.00992221,-0.419275,0.245357,-0.568083,-0.261761,0.489966,-0.804307,0.488476,0.885043,1
0.109901,-0.294744,-0.96826,-0.252685,0.539337,0.169064,0.721094,0.395725,0.272901,0.272143,1.20637,-0.737519,-0.00797393,-1.29176,-0.444826,-0.399754,0.737701,-0.227977,0.177336,-0.106229,0.0545475,-0.204818,-0.573019,0.319059,0.192085,0.110699,-1.04318,-0.669556,0.162196,-0.221372,-0.742673,0.992816,0.514754,0.766822,1
-0.285732,0.0559659,-0.0887154,0.349174,0.725536,0.248525,-0.0618043,-0.370638,-0.839753,0.46504,-0.0467775,-0.229708,0.595,0.824241,-0.681626,-0.455047,0.339758,-0.098649,0.338531,-0.570434,0.571373,0.323191,0.117318,-0.450285,1.1613,1.09879,-0.0628146,0.184324,-0.622986,-0.0484556,0.39856,-0.210582,0.493123,0.92634,1
-0.166001,-0.540585,0.779253,-0.661582,0.242167,0.746536,0.527109,0.317749,0.164433,0.377487,-0.156225,0.271372,-0.0119325,0.253764,0.0619187,0.672055,0.0588756,0.598651,-0.774037,0.484113,0.3455,0.181462,-0.288467,0.681115,0.334961,-0.409637,0.673642,-0.708711,-0.252924,-0.697361,0.057016,-0.315349,0.446278,0.915337,1
0.109825,0.738037,-0.0293124,0.071225,0.163419,-0.71987,-0.166562,-0.433852,-0.165887,0.563667,0.0176491,-0.0780817,-0.379395,0.493871,-0.304279,-0.735233,-0.00256699,0.153682,-0.0695488,-0.0705965,-0.224929,0.0971634,-0.0146027,1.12825,0.639641,-0.250414,0.384585,-0.730285,-1.02039,-0.635314,-0.461662,0.222417,0.4516,0.80433,1
-0.426475,-0.192222,-0.400363,-0.657155,-0.456085,-0.69894,1.10717,0.776187,0.162605,1.04225,0.638442,0.357699,-0.221249,0.486592,0.469744,1.29445,-0.44094,-0.373659,0.0537703,0.623428,0.967673,0.388065,0.0226137,0.0179631,-0.772082,-0.334481,0.591167,-0.0242562,-1.06142,0.0582507,-0.184726,-0.173216,0.484987,0.81622,1
-0.0324156,-0.262202,-0.184795,0.0774775,-0.301585,-0.443618,0.477292,-0.781271,0.221489,-0.37095,0.559803,-0.152258,-0.460218,-0.0206574,-0.79761,0.23255,0.164502,-0.936506,-0.351838,-0.211955,-0.312593,-0.75408,-0.709488,-0.30596,-0.149897,0.125378,0.581854,0.922413,0.717386,0.542777,0.247109,0.159916,0.477922,0.935674,1
-0.071694,0.724695,-0.767534,-0.335763,-0.291647,-0.379705,0.407541,0.443304,0.581101,0.15135,-0.298955,-0.278578,0.537209,-0.565939,0.522836,0.977176,-0.190322,-0.506218,0.94842,-0.488722,0.311863,-0.420312,0.895118,-0.361633,-0.0427468,0.132961,-0.730604,0.469803,-0.861173,-0.339047,-0.307634,0.239598,0.575049,0.871578,1
-0.464326,-0.197754,0.106564,0.000550295,-0.20187,-0.336084,-0.310961,-0.705988,0.185183,-0.347331,0.195651,-0.00189951,-0.16098,-0.0446904,0.219867,-0.293286,-1.12706,0.880714,-1.037,0.263885,0.245485,0.399565,-0.108351,-0.348138,-0.564835,0.142775,-0.375369,-0.146011,0.545874,0.308087,-0.048997,-1.13134,0.535301,0.766761,1
-0.0670964,0.705876,0.72996,-0.670884,-0.0138549,-0.259819,0.208198,0.101032,0.955668,0.481179,0.223444,0.542109,-0.453387,0.891749,-0.58268,0.111759,0.0322701,-0.576022,0.125683,1.02884,0.373821,-0.0704983,0.329109,-0.703951,-0.181609,-0.412892,0.588917,0.486346,0.0916221,0.268332,0.0848504,0.379436,0.546311,0.813125,1
-0.435906,-0.152351,-0.0804221,0.104889,-0.155698,-0.395449,-0.491333,-0.402218,-0.662969,0.0847655,-0.146355,-0.526508,-0.441954,0.44853,0.253871,-0.342897,0.10297,-0.513156,0.606673,-0.491685,0.377738,-0.5655,-0.187822,0.620293,-0.767396,0.281948,0.12375,-0.471841,0.904464,0.186682,0.334598,0.227051,0.516841,0.849376,1
-0.870579,0.425115,-0.400591,0.345242,-0.327073,-0.348832,-0.264261,-0.372362,0.430061,0.154323,0.195497,-0.366417,0.299688,-0.291774,-0.464367,0.0364043,-0.513005,0.00597954,-0.304633,0.683879,-0.343431,0.696411,0.48131,-0.622828,-0.629463,0.55965,-0.351468,0.0673878,-0.107583,-1.05393,-0.423361,0.72809,0.563432,0.901654,1
0.199314,0.323541,0.586648,-0.956896,0.771855,-0.0147357,0.689839,0.28993,0.126621,0.252003,0.366357,0.179107,-0.181824,-0.833447,-0.295103,0.0363467,-0.307021,0.158611,-0.352389,0.335872,-0.710668,-0.242876,-0.187873,0.0189675,-0.610983,0.536326,0.560878,-0.327781,-0.275225,0.0332697,0.585068,0.513748,0.560304,0.875718,1
0.501252,0.280428,1.03323,-0.729936,0.719479,0.38516,-0.800851,0.459212,-0.784109,-0.74112,0.494742,0.736502,0.2251,-0.264933,-0.974611,-0.0774004,0.197981,0.513078,0.411991,0.410546,0.464935,0.178677,-0.606761,0.443143,-0.157452,-0.116707,-0.0888646,0.0479064,0.700015,-0.261433,-0.181475,-0.771002,0.54118,0.812478,1
0.232829,0.879065,0.0494495,-0.251438,0.8194,-0.262823,-0.265089,0.073704,-0.199987,-0.381823,-0.912276,1.01023,0.918264,0.442955,0.725226,0.691528,0.062075,0.501005,-1.49718,-0.347157,-0.541671,-0.889037,0.286829,0.571431,-1.73536,0.746641,1.21266,0.349444,-0.863267,-0.481236,0.177133,1.06553,0.434191,0.868273,1
0.342666,-0.595762,0.18033,-0.417496,0.840789,0.0758622,-0.695047,0.206469,0.208916,-0.213053,0.045429,0.060848,0.249147,-0.395589,0.111555,-0.00202833,-0.0813587,-1.18022,0.723631,0.351836,-0.569378,0.093546,0.115406,0.067067,-0.0876037,0.800599,-0.0828575,0.192895,-1.28001,0.164216,0.457681,-0.161442,0.463097,0.811967,1
-0.844377,0.104876,-0.38777,-0.359195,0.160091,0.348601,0.116601,-0.596319,0.367024,1.04552,-0.364291,-0.157961,0.264944,0.347655,0.0052858,-0.323905,0.088247,0.530959,-0.933802,0.547003,-0.126325,0.458757,-0.0455886,-0.442125,-0.0250952,0.882149,-0.0140007,-0.0659942,-0.412464,0.0384109,0.0108291,0.0720431,0.476463,0.810397,1
-0.479208,0.592558,-0.145893,-0.0658148,-0.00454754,-0.135761,0.0207903,-0.427082,0.0972446,0.127725,-0.404539,-0.533368,-0.511891,0.569849,-0.285651,-0.0981361,0.526545,0.502185,0.980853,-0.346768,0.0493467,-0.446054,-0.151338,-0.305426,-0.45221,-0.366715,-0.726693,0.658735,-0.228629,0.0982233,0.312328,0.672957,0.447733,0.778241,1
0.15887,-0.911079,-0.309491,-0.593722,0.434949,-0.399038,0.417734,-0.410414,0.301444,0.165957,0.443396,-0.622532,0.739448,0.0262375,0.00756917,0.0372534,-0.517406,0.389828,0.199492,0.0166576,0.314211,0.809445,0.135601,-0.2465,0.267448,1.10416,0.0834419,0.198657,-0.47758,0.630233,0.796886,0.645526,0.4357,0.804738,1
0.308128,0.37581,0.181886,0.192516,0.189456,7.95,0.35519,0.258209,0.202862,0.281848,0.26956,0.155887,0.192059,0.247847,0.278492,0.386673,0.132278,0.391934,0.141585,0.165744,0.375466,0.337342,0.135264,0.362538,0.348656,0.190501,0.355674,0.354132,0.313571,0.385678,0.173354,0.149859,0.52,0.82,1
0.608327,0.503748,0.14787,0.352701,0.390345,0.376355,-0.0271891,-0.633389,0.189839,-0.0103562,-0.293304,0.339874,-0.165203,0.0510827,-1.25334,-0.029869,0.281337,1.20594,0.234731,0.716516,0.0588282,0.15129,0.634318,0.114193,0.0309833,-0.540001,0.709363,0.0035475,-0.377566,0.912066,-0.240587,0.457469,0.562057,0.923561,1
0.943515,0.681931,0.966909,0.878488,-0.628278,-0.79625,-0.0647871,-0.131206,0.0954853,0.0621743,0.281049,0.436161,0.314139,0.426569,-0.912098,0.183829,-0.276139,0.935597,0.198081,-0.0272279,0.541026,0.23971,0.567641,-0.15112,-0.111642,0.00372604,-0.519422,0.198024,-0.138607,-0.857675,-0.200252,-0.99995,0.432965,0.824769,1
0.378859,-0.0751573,0.109871,-0.643435,0.265247,0.276839,0.270009,0.46941,0.50953,0.397208,0.163791,0.321856,0.143365,-0.511591,-0.415052,-0.776298,0.428384,0.511409,0.370264,0.393426,0.501563,-0.376376,0.785507,1.20942,-0.915551,-0.255488,-0.477124,-0.879109,0.705286,0.52041,-0.334845,0.586415,0.451995,0.827636,1
0.00969548,-0.180963,-0.393089,-0.205101,-0.285907,-0.10705,0.408468,-0.0303957,0.514607,0.203175,0.589095,-0.18815,-0.179157,0.286779,-0.23781,-0.211791,0.714161,-0.100464,0.21644,-0.0503978,0.545511,0.0190152,-0.564015,0.16001,-0.802676,-1.45534,0.23689,-0.335192,0.260495,-0.638201,0.234657,0.281251,0.578594,0.880154,1
-0.00381363,-0.345974,0.265655,-0.116396,-0.167345,-0.501257,-1.06751,-0.43325,-0.570652,-0.291441,-0.544327,0.614612,-0.956966,-0.45639,0.743154,0.984751,0.177478,-0.0726903,-0.233607,-0.363883,0.522544,0.647331,0.0637353,0.436731,-0.0944823,0.807185,-0.688581,-0.193365,0.71189,0.0891068,-0.223383,0.16032,0.454374,0.774477,1
-0.854846,0.245395,0.349562,0.213184,-0.159397,0.163184,0.321303,0.544116,-0.553369,0.478995,-0.512823,-0.641782,-0.679925,0.134171,-0.613057,-0.0937,-0.339373,0.0643412,-0.0546857,0.614013,0.320251,0.0181197,1.03279,0.214731,0.515849,-0.247403,0.123113,0.645505,0.338193,-0.170807,-0.15184,0.482466,0.556888,0.78836,1
0.375125,0.231271,-0.266076,0.231849,0.710851,0.150933,0.290424,-0.312355,0.116111,-0.189299,-0.147456,0.13575,0.418708,-1.30806,-0.322228,-0.681539,-0.00355302,0.460361,0.0176836,-0.0276483,0.816098,0.576425,-0.294318,-1.00205,-0.741761,0.206559,0.656494,-0.61313,0.671207,0.0829895,0.608119,-0.550396,0.508077,0.783908,1
-0.00417791,-0.904461,0.854158,0.0296238,-0.23545,-0.32382,-0.00730939,0.12406,-0.0104927,-0.0324394,0.0485928,0.358241,0.938912,0.402101,0.801795,-0.409056,-0.0725253,-0.408806,-0.0261104,0.144132,-0.489348,0.632537,0.200484,-1.10435,-0.363891,-0.883239,-0.437044,0.457838,0.283185,0.606898,-0.669714,0.360849,0.511422,0.944951,1
0.221071,0.192576,0.0797953,-0.116011,0.306642,0.280428,0.134777,0.681279,-0.249476,-0.612678,-0.23498,-0.323881,-0.133309,0.446162,0.995432,-0.0693896,0.295491,-0.361923,0.221415,0.145837,-0.905777,-0.241538,-0.363243,0.624467,-0.09118,0.191057,0.0376891,-0.614356,0.967148,0.194593,-0.106064,0.208615,0.473658,0.833392,1
-0.16268,-1.00944,0.02565,-0.0320849,1.29002,-0.517078,-0.175015,-0.209145,-0.558275,0.322363,0.217327,-0.70221,0.0608584,-0.722628,0.0760081,0.0230093,0.186524,0.364224,0.859112,-0.0989272,-0.445973,-0.149362,0.0679896,0.311555,-0.703108,1.12409,-0.594597,0.207316,-0.946033,0.564133,0.194915,-0.21139,0.455408,0.911148,1
0.00809127,-0.114405,0.966645,0.705473,0.136846,1.08713,-0.0519696,-0.550829,0.736311,-0.635606,0.0229205,-0.622057,0.533453,-0.845584,1.01208,0.157326,-0.564626,0.0843041,-0.84607,0.213669,0.0323899,1.29887,-0.617403,-0.455282,-0.48793,-0.309378,0.473277,-0.573963,-0.0910061,-0.320393,0.377772,0.371978,0.463724,0.853213,1
0.182576,-1.11367,-0.107352,-0.830007,0.429989,0.231009,0.117915,0.448545,-0.362723,0.213119,0.566158,0.772803,0.166774,0.0190919,-1.02888,-0.712219,-0.209319,0.262651,-0.0414376,0.472206,0.152674,-0.232879,-0.609631,-0.251927,-0.395045,0.0975919,0.363838,0.648108,-0.334338,-0.6118,0.524126,0.404523,0.513299,0.902385,1
-0.958375,0.409469,0.454999,0.619935,-1.20642,-0.521409,0.508615,0.0665858,0.111792,0.358835,-0.174298,0.240049,0.324081,-0.573201,0.31972,-0.134209,-0.373637,0.126909,0.652114,-0.171373,-0.27209,0.262245,-0.825267,0.154372,0.0986592,0.144701,-0.0690727,0.161544,-0.729834,0.352786,0.0675237,1.03158,0.486227,0.933913,1
-0.249296,0.361041,-0.439718,-0.584614,-0.770686,-0.140475,0.937253,0.0881546,0.473396,0.10409,-1.21027,-0.814572,0.151797,0.128731,-0.537736,-0.290355,-0.65215,-0.271964,-0.00327206,-0.0676358,-0.11731,-0.108939,0.496188,0.642856,0.799179,-0.040415,0.947003,0.267221,-0.109607,0.271151,-1.17438,0.0141502,0.5622,0.93013,1
0.279151,0.346635,0.25012,0.219584,0.141498,7.95,0.398971,0.169138,0.330106,0.352435,0.152685,0.294345,0.338335,0.31829,0.171214,0.279737,0.147062,0.307175,0.358319,0.159884,0.398387,0.159208,0.328045,0.270615,0.101752,0.352335,0.101978,0.302566,0.291677,0.19052,0.337191,0.347253,0.52,0.82,1
-1.1981,-0.571175,-0.661554,-0.464018,0.100067,0.101698,0.297422,0.245289,0.0904451,-1.06809,0.145093,-0.0526718,-0.0141957,0.158002,-0.0209566,0.44536,0.135614,0.334106,0.841454,-0.8318,-0.625338,0.419853,0.372603,0.443593,-0.0846725,-0.117055,-0.992363,0.113592,0.494133,-0.512857,-0.0101546,-1.10674,0.533393,0.886174,1
0.486759,0.826757,-0.235446,-0.275813,0.675779,-0.386249,0.445103,-0.336278,0.0106841,-0.35665,-1.04956,-1.00191,-0.603345,-0.0673837,0.0672009,0.140395,0.266545,0.366674,-0.254003,0.164873,-0.0378506,0.16461,0.594555,0.39114,-0.112899,0.640617,-0.243759,0.671393,-0.994027,0.286241,0.941956,0.897563,0.436357,0.773537,1
-0.0599703,0.360948,-0.07086,-0.773727,0.539759,-0.281301,-0.0387455,0.216216,-0.389152,0.402792,-0.0935197,-0.0262953,0.0602168,1.41665,-0.521836,-0.0646782,-0.708849,0.270414,0.483486,-0.0108188,0.152699,0.404767,-0.375442,0.434584,0.280382,-0.536708,-1.0541,-0.246074,-0.172752,0.226884,-0.126333,0.592827,0.539879,0.9316,1
-0.0177882,-0.315872,-0.197836,-0.981522,-0.0414824,-0.348059,0.0164236,-0.237807,0.57521,-0.706457,-0.396987,0.120563,-0.536991,-0.267513,-0.300742,-0.236349,0.400984,-0.129926,-1.34572,0.374,-0.554484,0.98395,-0.0736942,0.164388,-0.0302848,0.503882,-0.111811,-0.143552,0.032572,0.862892,0.123047,-0.0945669,0.500732,0.896947,1
0.177272,-0.246357,0.611991,0.000266376,-0.440598,-0.756199,0.07807,0.188269,-0.0189779,0.0439705,-0.183823,-0.108619,0.161412,0.51334,-0.0359146,0.0472758,-0.509648,0.444899,-0.287744,0.502342,-1.15565,0.354785,-0.509572,0.486107,-0.489751,-0.214949,-0.270315,0.346956,-0.00781045,-0.309953,-0.601788,-0.203826,0.475842,0.819446,1
0.418845,0.38579,0.126502,0.435833,-1.28881,-0.289004,0.15569,-0.436022,0.64772,0.108953,0.690243,-0.434887,0.0380981,0.0254653,0.162159,1.02803,0.0122779,-0.200641,-0.613632,0.495436,0.346856,-0.0276867,-0.691672,0.479909,0.321499,-0.889912,0.124866,-0.508543,-0.0491151,0.261212,-1.02472,0.0854613,0.491869,0.821104,1
-0.0100249,0.547985,1.24626,0.0278161,-0.54602,0.331848,-0.331443,0.0258662,-0.694247,-0.0336621,-0.652792,-0.402489,-0.206389,-0.449753,0.119562,-0.156668,0.579306,0.0329194,-0.968377,-0.296675,0.307773,-0.291555,0.0581966,-0.217786,0.178369,-0.411387,0.291778,0.00190337,0.32396,-0.36916,-0.251556,-0.761886,0.440454,0.844978,1
-0.627898,0.610849,-0.455165,-0.0668564,-0.0309279,-0.0946034,1.42722,0.385219,0.11344,0.362794,0.150899,-0.98423,-0.0334914,-0.069232,-0.743041,0.837833,0.347734,0.402822,0.00533972,-1.13976,0.569231,-0.16398,-0.413889,-0.4403,0.279354,0.598324,0.0173276,0.231633,0.587596,0.306185,0.321163,0.0472004,0.424474,0.859908,1
-0.198226,0.303132,0.135543,-0.619331,-0.145066,-0.0343352,-1.0371,-0.516638,-0.862593,-1.19839,0.22375,-0.688055,0.117983,0.882399,0.165367,1.00623,1.20057,0.462402,-0.992423,0.17925,-0.279624,0.95866,-1.15264,0.349669,-0.140745,-0.580594,-0.0705502,0.553753,0.922059,0.678294,0.126468,-0.18224,0.442951,0.797516,1
0.269123,0.316928,0.342478,-0.438439,0.172033,0.671298,0.615417,-0.0951554,0.970847,-0.224769,0.518429,-0.224513,0.401437,-0.326057,-0.047968,-0.699126,0.331051,-0.095331,-0.0317942,-0.275233,-0.46998,0.0239768,0.32438,-0.673041,-0.221854,0.136195,0.0599405,0.304064,-0.118079,0.37368,-0.169944,-0.413775,0.44175,0.882214,1
0.73938,-0.407605,-0.347693,-0.10231,0.164704,-0.409501,-0.866972,-0.584223,0.0214625,0.213781,-0.69876,-0.530592,-0.539981,-0.350168,0.269377,0.134067,0.000931685,0.524665,-0.132552,-0.0543855,0.345096,-0.463668,0.633271,0.871235,-0.220082,-0.51054,-0.655479,0.551219,0.472753,-0.20489,0.135913,0.0116208,0.526028,0.943678,1
0.175172,-0.0730077,-0.680292,0.206347,-0.246848,-0.485209,0.240819,0.0520697,0.485051,0.72099,-0.0880925,-1.21342,0.72272,-0.505685,-0.868232,-0.225867,0.341554,-0.123748,0.575134,-0.213967,0.729552,0.150744,-0.602643,0.259228,0.964018,-0.66277,0.129009,-0.496804,-0.196618,0.644565,0.352372,-0.264356,0.466489,0.790164,1
0.950453,0.498268,0.454783,0.418748,0.116921,0.0426147,-0.446367,0.141529,-0.106048,-0.321644,-0.298113,0.311006,0.614637,-0.329292,-0.605682,0.585132,0.274259,-0.231165,-0.856114,0.839169,0.727798,-0.0508866,-0.0982716,1.25983,0.412149,-0.262743,-0.541408,-0.264768,-0.420261,0.32465,1.58401,-0.531263,0.50028,0.823291,1
-0.0240709,-0.00569015,-0.693841,-0.773941,-0.123061,-0.49835,0.493492,0.550991,0.941401,-0.00416059,0.33547,0.613928,0.534472,0.248981,-0.87239,-1.02471,0.200921,0.456888,-0.292485,0.0134535,0.26935,-0.376073,0.980349,-0.274436,-0.600875,-0.833733,0.429512,-0.0391183,-0.89364,0.506471,0.781138,-0.529729,0.448834,0.919265,1
0.370891,0.350441,0.55267,0.107375,-0.501302,-0.0167396,-0.276665,0.0666511,-0.244619,0.0883173,0.489738,0.488826,-0.637097,-0.268398,0.180421,-0.165156,-0.176042,1.91942,-0.0384242,-0.016435,-0.381635,0.518148,0.688914,-0.906308,-0.160208,0.315086,-0.478635,-1.56807,0.884667,-0.0552536,-0.0882567,-0.315423,0.536678,0.825891,1
0.247527,-0.536956,-0.468789,0.845571,0.00363079,-0.952305,0.363487,-0.656427,-0.0361714,0.228748,0.842483,0.627605,-0.167764,0.206662,0.84189,-0.972129,0.644973,0.124022,-0.292264,-0.445652,0.00062743,-0.873675,0.246672,-0.936339,-0.441689,0.232324,-0.702797,0.290621,0.331778,0.218531,-0.426313,-0.328463,0.489709,0.808095,1
-0.621543,0.539651,-0.258485,0.124546,0.172971,-0.0780898,-0.124966,-1.02732,-0.0564018,-0.0274044,0.623273,0.731175,0.546225,0.199374,0.173758,0.41114,-0.224725,0.0901723,-0.100239,0.424426,-0.132188,0.364479,-0.0428934,0.701732,-0.395094,0.0220892,-0.319272,0.635492,0.653172,1.19336,-0.0109123,0.474175,0.477137,0.775884,1
0.110178,-0.222887,0.390488,0.0501217,0.15713,-0.834738,-0.407234,0.243993,0.596092,0.287833,0.170439,0.0936275,0.554244,-0.643403,0.222493,-0.296477,0.532313,-0.317534,0.020001,-0.545413,0.014729,0.34229,-0.113155,0.697902,-0.188223,0.885131,0.125378,-0.438995,0.246147,0.332062,-0.272591,-1.12834,0.505993,0.792457,1
-0.444619,0.0352927,0.0384771,0.329377,-0.265152,-0.152321,0.0333362,-0.284566,0.18089,-0.203874,0.441457,0.291243,-0.554524,-0.200791,0.253792,-0.500168,-0.697608,-0.661179,0.586013,-0.517086,0.682631,-0.200904,0.388076,-0.122512,0.793947,0.0675994,0.641035,0.17349,-0.555392,-0.0415496,0.10685,0.320157,0.557937,0.84987,1
0.898988,0.516991,0.0177467,-0.539558,-0.699682,-0.124293,-0.631716,0.598401,-0.91998,-0.184038,0.939036,-0.706316,-0.0575068,-0.400198,-0.130803,-0.211276,0.0165757,-0.166464,-0.749951,-0.214283,0.681781,0.248783,0.443045,0.164245,0.382106,0.575704,-0.137331,0.0390486,0.497187,0.444755,-0.23257,1.21268,0.473819,0.870571,1
0.476895,-0.729591,0.633385,-0.121783,-0.334535,0.370712,0.423753,-0.362048,-0.44666,0.334755,-0.0647614,-0.343478,0.738055,0.425317,-0.386517,1.04439,-0.105503,-0.319037,0.0807963,-0.912648,0.06022,-0.14339,0.169968,-0.150796,0.680116,-0.539979,0.894476,-0.0505765,-0.473092,-0.253278,0.279856,0.324711,0.496829,0.801102,1
0.380311,-0.28632,0.718957,0.631478,0.101365,0.591538,-0.151403,0.280902,-0.0141664,-0.197678,-0.204161,1.04444,0.348633,-0.538565,0.285025,-0.391647,-0.322986,0.40539,-0.058441,1.1679,-1.03239,0.995955,-0.120392,0.111128,-0.263111,0.187716,-0.0254397,-0.755449,0.144475,0.873632,-0.249366,-0.445158,0.462149,0.830161,1
0.440563,0.351316,-0.89537,1.20177,0.3101,-0.571326,0.361445,-0.692884,-0.223496,0.524574,0.277859,0.120719,0.121195,0.442772,0.489579,-0.672948,-0.220348,0.190784,-0.168255,0.430116,0.362761,-0.405172,0.676347,0.423202,-0.135352,-0.359555,-0.103047,-0.522264,0.517074,-0.775188,-0.372322,0.360264,0.474547,0.771101,1
-0.0243964,0.599895,-0.940893,-0.387319,0.689098,-0.0407658,0.720285,0.502956,0.302413,0.114021,0.701794,0.441261,-0.114378,0.831043,-0.185985,0.751178,0.0646712,-1.16914,0.979276,-0.432051,0.0497098,0.191942,-0.42672,-0.277399,-0.345884,-0.543133,-0.113415,-0.0840657,0.0321236,-0.829258,-1.13929,0.0634361,0.498069,0.790855,1
0.17943,-0.00204399,-0.824657,0.209445,-0.0427126,-0.226127,-0.597489,-0.00586727,-0.631388,-0.158963,-0.0348601,0.503769,1.0875,-0.811517,-0.00828357,-0.348669,0.53858,-0.501697,0.71305,-0.0534902,-0.957816,-0.688248,-0.0816889,0.229702,0.450275,0.589304,-0.318155,-0.435512,-0.884358,-0.784784,-0.929351,-0.120419,0.548887,0.883889,1
-0.108685,1.21974,0.373253,0.419467,0.143957,0.542747,0.690144,-1.37667,-0.0765678,0.250718,0.328584,-0.451117,-0.387339,0.217704,-0.27486,0.41511,0.256652,0.350124,0.298875,0.21705,-0.247147,0.169238,-0.253483,0.0576594,-0.324956,0.452296,-0.526546,0.255486,0.504916,0.214129,0.0395515,-1.26741,0.454021,0.824887,1
-0.0649201,-0.744797,-0.781195,0.633342,-0.0550599,-0.0220445,0.523892,-0.434153,-0.922438,0.169755,0.319485,-0.495454,-0.0171262,-0.0256637,0.718386,-0.580909,-0.0783914,0.0378226,0.506691,-0.497268,0.079761,-0.624606,1.18101,0.578585,0.597314,-0.0439816,0.425434,-0.0368376,0.0838251,0.903271,0.176474,-0.561057,0.445626,0.905599,1
0.483509,0.79747,-0.471,0.721668,-0.0723873,-0.45876,0.359716,-0.263389,-0.0198434,0.797464,-1.17337,0.391935,0.317295,-0.598481,0.389757,0.509563,-0.155198,-0.391783,-0.749448,0.296667,0.518585,0.899149,-0.5933,0.790787,-0.0719536,0.153761,-0.428678,-0.534836,-0.298757,0.0202212,0.680345,-0.614325,0.57325,0.785504,1
0.42453,0.666124,0.333186,-0.853423,-0.584632,0.266045,1.0141,0.205247,-0.315428,0.192986,0.159623,-1.10753,0.082466,0.469019,-0.143964,0.3317,-0.442058,0.299549,-0.693417,0.730189,0.199014,0.245379,-0.435539,0.451809,-0.554367,-0.727134,0.0953959,-0.350192,-0.170306,-0.528646,-0.998388,-0.300411,0.420585,0.927219,1
0.237621,0.543645,0.207831,0.0213885,0.507311,-0.448639,-0.370155,0.0834331,-0.413442,-0.161717,0.642128,0.706312,-0.308705,0.0319809,-0.409106,0.352198,0.0169954,-0.536951,-0.208349,-0.580856,-0.0220979,0.222527,0.895235,-0.0915241,0.00736888,0.700128,-0.162741,0.587315,-0.0411871,-0.0426927,0.165003,-0.0714301,0.537314,0.769785,1
0.460222,-0.265019,-0.236386,0.346572,0.403457,0.376783,0.0363266,-0.25061,-0.0888207,0.346479,-0.135913,-0.584753,-0.192335,-0.298846,0.325442,-0.532543,0.259057,0.307198,-0.041802,0.353654,0.41294,0.123802,0.302871,0.0600994,-0.517231,-0.701855,0.459766,-0.00397324,0.115743,0.171003,-0.0402182,0.258051,0.496657,0.823575,1
-0.627601,0.0846465,0.30988,0.913988,0.586379,0.318216,-0.345093,0.00908774,0.110627,0.278541,0.0614785,0.185981,-0.245861,0.736459,-0.328624,0.983207,0.356988,-0.601092,-1.09016,-0.369608,-0.236241,-0.170432,0.118529,-0.0551897,-0.559495,-0.0808538,-0.076651,0.805219,0.859006,-0.225373,-0.28501,-1.21585,0.559419,0.770266,1
0.197155,0.658354,0.0551302,-0.849105,-0.606929,-0.261187,0.019659,0.35776,-0.585343,-0.20734,-0.00728084,-0.251814,-0.0146586,-0.401766,0.231668,0.318572,0.0372769,-0.0376454,-0.507845,-0.194109,0.0563947,0.114387,0.0888354,0.203347,-0.469491,0.172233,-0.254297,-0.135265,0.171294,-0.0115102,-0.355587,0.0242111,0.447355,0.917368,1
-0.123583,-0.148003,0.659112,-0.327829,-1.02334,0.598603,0.0806803,-0.413478,0.0010823,0.436703,0.248893,-0.178973,-0.141059,0.685704,-0.175067,0.680001,-0.458262,0.539581,-0.286805,0.797636,-0.180696,-0.499586,-0.840509,-0.0905884,0.382491,0.186695,-0.325246,-0.457266,0.0965899,0.375956,0.301832,0.149177,0.42511,0.861773,1
-0.68348,-0.0079468,0.233274,0.706383,0.58751,0.194798,-0.43094,0.661614,-0.308,-0.412153,0.153416,-0.381633,-0.640178,-0.0465554,0.0744275,-0.216928,-0.384699,-0.350277,-0.129083,-0.746917,0.0257167,0.305807,-1.17702,0.101584,0.686086,0.558573,-0.020885,-0.482306,-0.0591015,-0.131306,0.58167,0.318953,0.430692,0.808273,1
0.11817,0.303958,0.139695,0.260054,0.240908,7.95,0.351863,0.260225,0.26182,0.104992,0.248687,0.341252,0.215354,0.381958,0.274139,0.267008,0.356374,0.283491,0.248185,0.380229,0.319179,0.275469,0.207479,0.156503,0.177468,0.313316,0.319809,0.301622,0.17638,0.288788,0.162164,0.134739,0.52,0.82,1
0.95,0.88,-0.487929,-0.0965539,-0.232084,-0.442565,-0.196769,0.211355,0.315761,-0.441766,0.317093,0.265703,0.193252,-0.0215787,0.32525,-0.14129,-0.37447,-0.074298,-0.0157691,-0.429458,0.326075,0.344623,-0.0978674,0.475762,-0.0278643,-0.0281087,-0.0263346,0.25771,-0.466942,-0.489683,0.122198,-0.299311,0.48,0.2,0
0.270191,-0.164009,0.222001,-0.114679,-1.06362,-0.236274,0.0890445,0.38492,-0.37158,-0.682145,1.03205,-0.449315,-0.444849,-0.0853145,-0.652879,0.906507,-0.107699,-0.523101,-0.34935,-0.103875,0.289106,-0.377826,0.145918,0.716887,-0.160204,-0.0637028,0.0405114,0.235514,0.316109,-0.0485962,-0.534538,-0.234891,0.492171,0.924827,1
0.355341,-0.281826,-0.0815571,0.41827,0.345252,-0.387036,0.220237,-0.0761886,0.163984,0.527591,0.565933,0.467453,-0.571988,0.173309,-0.179094,0.40716,-0.0472718,-0.611398,-0.854613,-0.470939,0.327208,-0.0653381,0.211791,-0.0368976,-0.194846,-0.660617,-0.178446,0.0762045,0.0238057,0.390998,-0.109602,0.701237,0.462514,0.767626,1
0.659828,-0.128527,0.0348884,-0.117472,-0.373501,-0.187328,-0.561888,-0.863314,0.934974,-0.0870115,0.79098,-0.737955,0.396689,0.199908,-0.216852,0.0990725,-0.0820077,-0.175681,0.427714,-0.320792,-0.232645,-0.0191687,0.598082,0.0193387,0.30082,0.0800894,0.2083,-0.0399283,-0.351176,-0.169717,0.0400996,0.14637,0.483465,0.943258,1
-0.171897,-0.213032,1.13965,0.404963,0.538971,0.0527513,0.25669,0.147316,-0.601125,0.0106871,-0.378415,-0.572559,-0.255449,-0.692671,0.119067,-1.24774,-0.547997,0.188754,0.22193,0.18588,0.232852,1.13693,0.406116,0.778174,0.0399163,0.95673,0.724128,-0.0615578,0.566134,0.807914,0.64421,-0.123393,0.557826,0.822499,1
-0.0412561,0.54494,0.0102404,0.330542,0.389506,0.445131,0.926097,0.919551,-0.231538,0.821494,-0.356507,-0.367429,0.43478,0.433472,-0.021717,-0.402116,-0.532719,-0.272328,-0.455086,-0.526446,1.30573,-0.51216,0.0956997,0.57611,0.875264,0.341182,-0.0444344,0.491541,0.283983,-0.475973,-0.293376,-0.0945302,0.452523,0.823503,1
0.54979,0.291493,-0.116446,-0.0487391,-0.4861,-0.24762,0.221999,0.468719,0.267885,-0.373978,0.172126,0.422953,0.391067,-0.0802685,-0.876042,-0.133779,-0.220662,-0.271702,0.412347,-0.0787601,0.136152,-0.491568,0.346641,1.01672,0.415492,0.532502,0.858691,-0.294882,0.60569,0.203843,0.357532,-0.469079,0.44349,0.813017,1
-0.126942,0.128071,1.07453,0.242263,0.915661,0.095173,-0.104733,0.0587842,-0.925484,-0.621658,0.468694,0.327667,0.528889,-0.662773,0.449231,-0.227832,0.566204,-0.383246,-0.185133,-0.337761,0.797387,-0.865585,0.255838,0.0469591,0.693284,-1.3687,-0.411053,0.710583,-0.705617,-0.0423598,0.189725,-0.270022,0.57256,0.808663,1
-0.739001,-0.182053,0.225729,-0.172427,-0.212923,0.713467,0.908595,0.805211,-0.518234,-0.656143,-0.298517,0.0769916,0.260655,-0.276782,-0.202056,-0.335861,0.0772171,-0.809442,0.930496,-0.296677,-0.272406,0.0185655,0.508055,-0.583446,-0.109708,-0.0412855,0.971305,-0.598889,0.573109,0.361769,-0.140493,0.531256,0.540272,0.779485,1
0.182073,0.763069,-0.911969,-0.326614,0.0514505,0.0827612,-0.782035,-0.588172,-0.0775672,0.481742,-0.954983,-0.766209,0.252512,-0.628876,0.375858,-0.39212,0.710327,-0.769503,-0.897907,0.421895,0.273844,0.136915,0.145763,0.151843,-0.402606,0.359236,0.258144,-0.816341,0.23991,-0.0583696,0.145029,-0.433765,0.573157,0.90796,1
-0.920524,-0.623796,-0.762316,-1.09629,-0.0220722,-0.186631,0.595883,0.110298,-0.306069,-1.29493,-0.101644,-0.157956,-0.755918,-0.1838,-0.256212,0.272944,-0.150644,0.268886,0.549565,-0.0669419,-0.164983,0.288682,0.782778,-0.450718,0.3914,0.817227,0.0558676,-0.0490842,0.416121,-0.280984,0.85705,0.504794,0.522658,0.88834,1
0.311628,0.742397,0.136718,-0.164312,0.160103,0.82065,-0.219194,-1.10889,0.0966019,-0.286459,0.07626,-0.698965,-0.313347,0.0644815,0.347514,-1.10121,-1.01094,-0.452418,0.67931,0.208873,0.660351,-0.884348,-0.110809,0.181592,0.026028,0.195043,0.0948164,-0.00324554,-0.427638,0.0926219,-0.816883,0.00464171,0.540066,0.793453,1
-0.435056,0.611385,0.0590375,1.19614,-0.806862,0.772711,-0.859429,0.0776729,-0.674392,-0.0599976,-0.117064,0.401626,-0.452773,-0.200245,0.885305,0.297289,-0.921026,-0.100179,-0.155298,0.500533,-0.990394,-0.498623,0.36427,-0.861283,0.0265935,0.948678,0.479179,0.439161,0.255777,-1.66554,-0.259738,-0.362721,0.423073,0.943634,1
-0.566505,0.787481,0.00130627,0.477462,0.0233508,-0.167431,0.361723,-0.0766036,-0.0515315,0.383863,0.42504,-0.108446,-0.093206,-0.160024,-0.359305,0.0984723,0.571554,-0.148736,0.684324,0.265938,-0.600366,0.276788,-0.486081,-0.0653288,0.498545,-1.23236,0.413542,0.203862,0.398483,0.0767158,-0.0890527,0.038832,0.451525,0.837047,1
0.424109,-0.146957,-0.0409511,-0.351201,-0.700781,0.887904,-0.0701458,-0.750225,0.428281,0.682719,0.326861,0.345064,-0.214207,0.293294,-0.196991,-0.454435,0.104861,-0.511351,-0.098213,0.0499619,0.132125,-0.0816211,-0.517233,1.12729,-0.579832,-0.0883651,0.912907,-0.206656,-0.302385,0.791085,-0.238356,-0.120537,0.476835,0.800396,1
0.841915,0.591924,0.148496,0.760615,-0.727164,0.0222441,-0.255749,-0.174909,-0.272103,-0.142355,-0.473318,-0.107666,-0.410943,0.3326,0.0919458,-0.0532657,0.175143,0.112933,0.319883,-0.388398,0.355707,-0.149606,-0.096341,-0.598467,-0.295888,-0.58518,-0.19368,0.966737,-0.767324,-0.482775,0.699032,-1.02429,0.459642,0.817455,1
-0.231217,-0.300603,-0.272109,-0.810044,-0.0473102,0.0531684,-0.22281,0.301157,-0.418693,-0.22115,1.6283,-0.991803,0.676213,-0.721106,-0.290342,1.04028,-0.151015,0.425771,-0.974942,-0.0103051,-0.202113,0.380948,0.302006,0.397369,-0.407206,0.997382,0.175188,0.291824,0.00833669,-0.329381,-0.203643,-0.999386,0.467915,0.782868,1
0.127808,0.111474,0.38788,0.324814,0.13954,7.95,0.395774,0.315156,0.238532,0.278996,0.134209,0.167475,0.265964,0.104297,0.213066,0.15074,0.148341,0.210616,0.347589,0.137401,0.378108,0.126421,0.180423,0.187073,0.304008,0.163473,0.29567,0.195403,0.370357,0.3053,0.139675,0.359042,0.52,0.82,1
-0.423538,0.783537,0.668766,0.490172,0.0178364,0.353884,-0.640513,0.0911584,0.157342,-0.615271,-0.0694362,-0.221126,0.137778,0.392991,-0.424566,-0.498539,-0.558126,0.243618,0.0656827,-0.24506,-0.350753,0.438461,0.643865,-0.384374,-0.173153,-0.858202,-0.0644822,-0.259238,-0.423564,-0.619435,-0.217405,0.117188,0.467308,0.771726,1
-1.04985,-0.65473,-0.180446,-0.348294,-0.0458925,-0.0355655,0.250256,-0.136856,0.286869,-0.019378,0.29907,1.04343,0.562108,-0.375036,-0.253607,0.551288,0.403422,-0.389637,0.423233,-0.999102,0.616341,0.219014,0.429836,0.716772,-0.0953092,-0.289939,-0.0643688,0.62371,0.101263,-0.331939,0.412106,-0.276772,0.57199,0.904925,1
-0.691462,0.388199,0.313458,0.254321,-0.270014,-0.728351,-0.356106,0.228993,0.0352371,-0.481602,-0.670949,0.144516,1.70156,-0.760649,-0.449711,-0.470962,-0.27925,-0.106751,-0.479652,-0.479955,0.241122,0.162031,0.330763,-0.917639,-0.859385,0.16482,-0.968203,-0.0162107,-1.00491,0.0078619,-0.136759,-0.0630457,0.567609,0.887469,1
0.240633,-0.14327,-0.349479,-0.29499,-0.343971,-0.187713,0.317539,0.129006,-0.275925,-0.045905,0.880667,-0.0172037,-0.835002,-0.687311,0.255805,0.188846,0.114701,-0.178632,0.98799,0.0884489,0.436751,-0.409773,-0.272739,-0.610685,-0.114604,-0.892364,0.30017,-0.0402153,-0.95637,0.220827,0.789159,-0.798496,0.465897,0.944258,1
-0.649656,0.00306226,1.05165,0.508109,-0.0368433,0.192151,-0.532023,-0.389724,-0.357275,-1.01247,0.0605683,0.141385,0.711544,-0.0907224,-0.101428,-0.578543,-0.32732,0.127755,-0.691493,-0.16383,-0.122942,1.14963,-0.503868,0.918386,-0.356738,-0.243528,-0.0385535,0.343581,0.537483,-0.726743,-0.162262,-1.36803,0.503927,0.905643,1
0.485347,0.725331,-0.0559399,-0.718889,0.394806,-0.00662285,0.160022,0.0113981,-0.127408,-0.803534,0.410257,0.0957297,-0.209148,0.265997,0.303551,-0.688244,0.527505,1.04191,-0.422539,0.00843287,-0.562489,0.864303,-0.151775,0.648343,-0.148388,0.190716,-0.259264,0.497789,-0.883247,-0.492986,-0.121104,-0.00891566,0.546817,0.865705,1
0.175422,0.181769,0.273796,0.10619,0.224525,7.95,0.255558,0.394167,0.317127,0.194691,0.184565,0.312171,0.297529,0.250216,0.1942,0.313404,0.121754,0.354202,0.301926,0.389069,0.297176,0.330305,0.366778,0.230872,0.303756,0.321543,0.32104,0.153215,0.263394,0.140327,0.378887,0.216619,0.52,0.82,1
0.227002,0.199541,0.17455,-0.47106,0.440423,-0.18161,0.0242515,0.427959,-0.849345,-0.111098,-0.41516,0.784408,0.300633,0.239676,-0.491058,0.440014,0.117004,-0.514317,0.399269,0.48639,-0.136486,0.587829,-0.388241,-0.649032,-0.145827,0.0307557,0.156682,0.768461,1.02104,1.45215,0.222591,-0.402094,0.461463,0.800509,1
0.18116,-0.654839,0.124339,-0.574791,0.704674,0.325173,0.637961,-0.285593,-0.230126,-1.04837,-0.989242,-0.42294,-0.314938,-0.118845,0.382384,1.23406,-0.912336,-0.730453,0.388197,0.656595,0.277656,0.14193,-1.19912,-0.683381,-0.396386,-1.08561,0.0483736,0.0891726,-0.149557,0.0232827,0.325102,1.21304,0.458088,0.945589,1
1.17261,0.0192404,0.640114,0.245841,-0.487651,0.337181,0.848424,-0.0790418,-0.372822,0.166762,0.576932,-0.508963,-0.284606,-0.00967294,-0.52424,0.217805,-0.179875,-0.219215,-0.195697,-0.590101,0.332816,-0.0454469,0.480244,-0.200325,0.0789697,-0.196528,0.127746,0.248043,1.19211,-0.469191,0.537216,0.530658,0.532872,0.881961,1
0.47476,-1.02226,-0.46108,0.423244,-0.42916,-0.235835,-0.533637,-0.13052,-1.1924,0.0254591,0.281666,-1.26952,0.247479,-0.119469,-0.110179,0.339709,0.708455,0.528795,0.269758,-0.259313,-0.131603,-0.106197,0.0322394,-0.0456484,0.165611,0.0818255,0.731556,-0.448688,0.359768,0.168926,0.788837,0.0948568,0.468432,0.892185,1
0.206618,-0.266788,0.214213,-0.669714,0.15328,-0.369823,-0.42228,-1.01676,0.0669255,-0.233611,0.105483,-0.64852,0.312143,0.748733,-0.285627,-0.792007,-0.534794,-0.351912,-0.0340309,-0.210127,-0.490155,-0.147736,0.127613,0.0450453,-0.117173,0.600541,-0.761708,0.0244491,0.473047,-0.273697,-0.942701,-0.344616,0.579639,0.773885,1
-0.0602972,0.151974,-0.315664,-0.120273,0.734947,-0.322995,0.758848,-0.410107,0.275079,0.230086,0.5739,0.437542,-0.311051,0.0451987,0.576034,0.465502,-0.25281,-0.120876,0.934866,-0.0480172,-0.68509,0.880272,-0.0484756,0.87528,-0.970754,0.333453,0.0153947,-0.0922818,0.73511,0.0503277,0.814162,0.374452,0.565152,0.948887,1
0.271381,0.279006,0.0243348,-0.630997,-0.425898,-0.490402,-0.220301,-0.0385096,-0.311172,0.261722,0.110629,-0.0715296,0.209338,-0.706779,-0.274091,0.10682,-0.309897,0.0190746,0.407477,-0.330102,-0.7716,0.212447,0.941978,-0.880206,0.394009,-1.07011,0.861034,-0.843366,-0.310568,-0.359428,-0.0143447,0.255395,0.524489,0.851451,1
-0.687744,0.179817,0.207543,0.800364,-0.212878,-0.458457,-0.325307,-0.650966,-0.981391,-0.577113,0.463184,-0.309336,0.289141,-0.21737,-0.101833,0.223401,0.334791,-0.485297,-0.235992,0.113617,-0.0336443,-0.217547,0.399491,-0.139127,0.233294,0.222373,0.221131,0.45095,-0.459912,0.553491,0.531725,0.988102,0.492131,0.780109,1
0.286418,0.324172,0.246715,-0.500685,-0.105436,0.5908,-0.171251,0.208562,-0.166896,-0.429583,-0.448603,-0.508199,0.100858,-0.478301,1.13752,-0.0837936,-0.0666438,-0.391267,-0.85847,0.604666,-0.101713,0.211312,0.484717,-0.730802,-0.116953,0.372801,-0.333136,-0.136724,-0.456091,0.869146,0.883891,-0.0549366,0.48408,0.89624,1
-0.721439,-0.500649,-0.320027,0.329087,-0.0807962,0.25149,0.493693,1.02195,0.565356,0.254863,0.414081,0.199222,-0.61085,-0.190866,0.0149288,-0.206082,0.291788,0.182839,0.735253,0.0617943,-0.286109,-0.325591,0.60911,-0.215459,0.332292,-0.0143884,0.495346,-0.895168,0.265109,0.206527,0.452214,-0.212523,0.496357,0.856583,1
0.0115017,0.102862,-0.696801,0.0731717,0.303646,0.340027,-0.0651892,0.0766754,0.359957,-0.273385,-0.793893,-0.084133,0.335119,0.357556,0.178137,0.354988,-0.0624368,-0.243989,0.381805,0.337094,-0.262245,-0.522722,-0.285562,-1.33341,0.139354,0.213811,-0.281066,0.785004,0.0252493,-0.59182,-0.83134,0.451597,0.425096,0.882567,1
-0.400861,-0.0356912,0.141241,-0.378991,0.943902,-0.11889,0.369419,-0.562359,0.0183308,-0.388165,0.533041,0.459777,-0.2189,0.377196,-0.412214,-0.247771,0.40076,0.96218,-0.575111,-0.0550604,0.862971,1.22585,-0.138032,0.240802,-0.900875,0.464109,-0.949936,-0.622831,0.890159,0.0145098,0.288965,-0.278869,0.473805,0.862252,1
0.273711,0.357279,-0.608144,0.864874,0.551335,0.611923,0.375313,0.150235,-0.0842566,-0.391341,0.188089,0.28953,-1.09112,-0.461275,0.250131,0.0495775,0.124696,0.267175,0.288543,-0.191101,-0.0919558,0.27663,0.0893983,0.0105947,0.563779,0.378928,-0.161905,0.889156,-0.0637892,-0.428783,-0.506124,-0.338918,0.455916,0.874143,1
0.669244,0.312411,0.0785754,-0.381824,0.423287,-0.170191,-0.00305931,-0.274852,-0.383569,0.163397,-0.43088,1.00376,-0.659057,0.357099,0.0789434,-0.724195,-0.0142815,-0.853225,0.0299715,0.029317,-0.376125,-0.818004,0.0161902,-0.217106,-0.428905,-0.167785,-0.00384644,0.055045,-0.243343,-0.272064,0.405653,0.460974,0.560865,0.827026,1
-0.705409,0.494731,-0.159854,-0.183809,0.311911,0.056104,-0.799794,0.220499,-0.185851,0.875562,-0.927799,-0.397205,0.993659,0.389755,-0.136952,-0.678418,-0.127637,-0.486936,-0.1629,-0.468949,0.188959,0.625702,-0.0271385,0.0918176,-0.0778612,-0.288219,-0.161437,0.88386,-0.0562753,0.278105,-0.404123,-0.503517,0.509959,0.939029,1
-0.566233,-0.0286741,0.39918,0.432579,1.00269,-0.210762,0.401753,0.459937,0.545609,-0.0920064,-0.262753,-0.204711,-0.0179329,0.802743,0.344714,0.0930748,-0.326698,0.244659,0.638416,-0.613033,-0.164798,0.0791048,-0.461554,0.0699343,-0.726557,1.11182,0.22043,1.16707,-0.426498,-1.02555,0.547822,0.636559,0.57406,0.945915,1
0.95,0.88,0.171629,-0.413687,0.463745,-0.461543,-0.235966,-0.356272,-0.49534,-0.129008,0.389418,-0.382041,0.311817,-0.128919,0.467216,0.0999681,0.428311,-0.151351,0.209746,-0.177605,0.261819,0.0904295,0.0592834,-0.252014,0.40456,0.460649,0.32049,0.209179,0.395432,-0.22542,-0.202435,-0.210325,0.48,0.2,0
-0.366292,0.0202389,0.329311,0.24206,0.8765,0.327561,0.0459881,0.280456,-0.00883129,-0.189839,-0.548993,-0.256966,-0.417359,0.373407,0.0634042,0.125702,-0.088374,-0.609633,0.129665,0.369352,-0.342662,-0.259474,0.330064,0.251155,0.34701,0.0770542,-0.487732,0.334118,0.211848,0.197358,-0.722778,0.00479965,0.505893,0.848891,1
-0.278508,-0.228754,0.00821468,-0.917901,-0.265126,0.792241,-0.313978,-0.368487,-0.50008,-0.114866,-0.286726,0.361753,0.0862077,0.593798,0.295874,-0.263222,0.494847,0.0813028,-0.486195,-0.28828,-0.0150819,0.176013,0.630278,0.527842,0.293438,-0.311737,-0.184326,1.49729,0.116279,-0.0897627,-0.654178,0.490537,0.508077,0.932609,1
0.0818899,0.170196,0.281665,0.346246,0.388922,-0.503336,1.02048,-0.279442,0.180899,0.130131,0.0733849,0.37604,0.155247,0.594561,0.440985,-1.21297,0.13704,0.455831,0.469891,-0.0871234,0.302396,0.549921,0.527569,0.587685,-0.265409,0.0549164,0.123595,0.772437,-0.0456472,-0.162302,0.0865485,-0.652071,0.512356,0.792594,1
0.00138491,0.107279,-0.26953,0.580307,-0.544804,1.01005,-0.376669,-1.33118,0.674451,-0.00228532,0.0390229,-0.135168,0.0959697,-0.169773,0.145147,0.122069,-1.21466,0.163447,-0.355188,0.568372,-0.451366,0.805613,0.148175,-1.10663,0.321488,-0.548474,0.380996,-0.88867,0.806033,-0.592703,0.0869073,0.653368,0.550983,0.937661,1
-0.774902,-0.0828431,0.454925,-0.250418,0.0275188,-0.0554634,-0.707685,0.497153,0.489718,0.321377,-0.891288,0.0815227,0.501213,0.765759,-0.0994619,0.265259,0.618819,0.0860393,0.208528,-0.297815,-0.28341,0.368222,-0.825919,-0.274928,-0.190259,0.870222,-0.214977,0.501411,0.814401,-0.134267,-0.303469,-0.293212,0.469772,0.792822,1
-0.0307777,0.252454,-0.52564,0.0305238,0.0119811,-0.796189,0.0332875,-0.0827337,0.418877,-0.0547277,-1.52265,-0.0717087,-0.150175,-0.323565,-0.110434,-0.0826713,0.195411,-0.0136409,-0.069614,-0.223882,0.211717,-0.392481,0.906935,-0.142655,-0.384663,-0.279213,0.668604,-0.0847371,0.607098,0.830655,-0.465851,-0.313055,0.422697,0.852027,1
0.517214,0.123611,-0.546021,-0.479476,0.0903606,-0.323388,-0.347358,-0.733361,0.410733,-0.233222,-0.672785,0.0177031,-0.407649,-0.44787,0.0797295,-1.06648,0.332402,-0.556513,0.200863,0.139255,-0.212024,0.819232,-0.0121445,-0.296516,0.4663,1.15627,-0.360386,-0.0731376,0.646029,0.36149,0.736343,0.358042,0.518681,0.794368,1
1.17014,-0.361221,0.138949,-0.456747,-0.427575,0.974398,0.899275,-0.59466,-0.516891,-0.126318,-0.680428,-0.409117,0.537371,-0.641972,0.0228899,-0.230856,-0.0598337,-0.693708,-0.0661118,-0.0838279,0.133474,-1.07228,-0.542861,-0.378989,-0.137302,-0.179305,-0.111472,0.150905,-0.578942,0.0363712,-0.070009,0.412468,0.523526,0.926579,1
-1.03952,0.166979,-0.0471066,-0.0495517,-0.35115,1.18053,-0.645367,0.0842233,-0.2573,0.686672,-0.289313,0.627897,-0.367092,1.12974,0.645434,0.144294,0.270042,-0.172872,0.117683,-0.119617,-1.03282,0.615328,0.671105,-0.158065,-0.600569,-0.917785,-0.586528,0.0778087,0.152666,-0.0769472,-0.297902,0.178623,0.452638,0.765754,1
0.327479,0.225933,0.338121,-0.111053,-0.608289,-0.569888,-0.0975378,-0.0552083,0.0308591,-0.102417,0.1572,0.970002,0.611721,-0.372032,-0.804191,0.327682,0.254017,-0.160803,0.429386,-0.368151,0.0353766,0.627428,-0.18626,0.866717,-0.280792,0.570021,-0.33066,0.613974,0.366262,-0.602766,0.576488,0.071861,0.472782,0.937834,1
-0.32002,0.761324,0.621563,-0.816083,0.21576,0.137186,0.532125,0.127679,-0.322872,-0.0130553,0.563856,-0.363465,-0.418118,-0.575278,-0.997069,0.453206,-0.0245687,0.782423,0.884943,-0.74893,-0.897222,0.589564,0.277157,-0.507201,-0.036276,0.245721,0.668544,-0.593469,-0.24703,0.644661,0.575538,0.105266,0.541934,0.801256,1
-0.369924,0.210087,0.246898,-1.04002,0.354026,-0.328055,1.21998,0.0308272,-0.648561,0.457947,0.51785,-0.0842641,1.18146,0.00340048,0.50584,0.0320681,0.0610985,-0.198475,0.687195,-0.121935,0.135851,-0.631962,-0.181127,-0.0847268,-0.27327,-0.494621,-0.126068,1.05369,-0.326119,-0.346691,-0.200602,-0.351684,0.508583,0.767783,1
-0.245882,-0.56654,-0.0405884,0.231172,-0.00182426,0.185319,0.0182234,-0.124667,0.304105,-0.0466636,0.174493,0.0328851,0.218556,-0.650841,-0.181444,0.279377,-0.0150822,1.0061,0.07494,0.257478,0.0115087,-0.721829,0.00807056,-0.231257,0.461162,-1.32601,0.513948,-0.117953,-1.03889,0.237366,0.45487,-0.204886,0.445934,0.766209,1
0.344434,0.358424,-0.570425,-0.324376,0.012471,-0.20993,-0.634761,0.517501,-0.11125,-0.710724,-0.492594,0.401729,0.633089,0.191376,-0.0102544,0.247789,-0.173552,0.242256,0.00542787,0.414685,0.828843,0.0887595,0.158371,0.303926,-1.40865,0.617288,0.466641,-0.20794,-0.00232657,-0.364658,-0.664078,0.574419,0.474866,0.768562,1
-0.673933,-0.563034,0.668664,-0.120341,0.230064,-0.498368,-0.288275,0.324911,-0.414923,-0.965047,-0.0624583,-0.0453049,-0.348194,-0.366616,0.615258,0.2537,-0.134086,0.495104,0.095587,-0.179298,-0.0476159,0.33888,-0.489927,-0.00288063,0.0939314,-0.934892,1.29582,1.02079,0.774268,0.0403349,0.60125,0.52075,0.5305,0.897821,1
0.058146,-0.347929,0.428968,-0.702492,-0.238169,-0.601608,0.632183,0.383641,0.198447,-0.172158,-0.331393,-0.0852291,-0.542771,-0.21265,0.00475792,0.496879,-0.424813,0.455432,1.07239,0.463185,-0.570705,-0.0276942,-0.00365409,-0.267727,-0.871584,-0.191001,-0.213613,-0.773395,0.00361473,0.723331,-0.0516543,-0.220451,0.533799,0.830271,1
-0.306472,0.484841,0.466261,0.311222,-0.77727,-0.210461,-0.280769,0.360458,0.146473,0.0210773,-0.565249,-0.784324,0.356007,0.130575,-0.0457494,0.082047,-0.735483,-0.328771,-0.298241,0.609452,0.00648226,-0.163512,0.394074,0.649205,-0.579758,0.184808,0.584196,0.782426,0.553545,-0.796953,0.0960504,-0.56854,0.541116,0.894538,1
-0.636921,-0.460295,0.0941204,-0.868549,0.701497,-0.390795,0.4325,-0.0231598,-0.204615,-0.109909,-0.0245013,-0.623424,-0.472426,-0.13833,-0.413117,0.196382,0.125472,-0.411904,-0.738926,-0.241596,0.502027,0.212154,0.254698,0.117672,0.143468,0.125269,0.384788,0.370995,0.869641,0.419298,0.20388,0.0475187,0.48745,0.898757,1
-0.461812,-0.0563876,-0.267409,-0.622179,-0.505133,-0.36556,0.217079,-0.219786,0.833757,0.230286,-0.298088,-0.124354,0.240048,0.285218,0.308121,-0.246874,-1.01308,-1.1485,0.182791,-0.0672587,0.765814,-0.181461,-0.112404,-0.9747,-0.929495,0.397989,-0.16919,0.14084,0.685986,-0.256212,-0.111462,-0.269232,0.533006,0.808813,1
-0.505188,0.477446,0.0525813,-0.716191,0.320085,-0.0474277,0.485433,0.695126,-0.0334521,0.0225006,-0.306672,-0.477487,-0.303597,-0.431453,-0.0391766,-0.232102,-0.398909,0.118094,0.0440991,-0.920755,0.596942,-0.425565,-0.0987728,0.058285,-0.0957872,0.0364333,-0.672064,0.443415,-0.490038,0.212625,-0.019776,0.226965,0.452147,0.82091,1
-0.133235,0.0923226,0.340792,-0.203398,-0.339852,0.75012,-0.688565,0.203745,-0.932056,-0.0363066,-0.428346,0.0964184,-0.262693,-0.0699255,1.01062,-0.493115,0.4089,0.0301441,0.619042,0.166218,-0.0353973,0.185845,-0.351168,0.0451736,-0.447583,0.281427,0.340535,-0.830676,-0.467782,-0.223366,0.688677,0.425472,0.526486,0.774326,1
0.95,0.88,0.174326,-0.14488,0.426691,-0.104703,-0.159996,-0.247577,-0.162895,-0.318181,0.334231,0.190813,-0.396936,0.0775443,0.422787,0.0805363,0.415435,-0.447584,0.447639,-0.156324,-0.244397,-0.0611022,-0.368973,-0.214467,0.13528,-0.356923,-0.190021,-0.432717,-0.0456339,0.381305,-0.144325,-0.390298,0.48,0.2,0
-0.894756,-0.430384,1.15404,-0.235163,-0.625596,0.306742,-0.32628,0.147018,-0.121656,-0.0888345,-0.14909,0.371698,-0.29101,0.149649,-0.389801,0.407737,-0.672591,-0.227799,0.00533098,0.035481,0.103249,-0.315843,-0.291783,-0.332898,0.139798,-0.125677,0.693219,1.16202,0.196724,0.358896,0.0525884,-0.209343,0.543709,0.939419,1
-0.584148,-0.403389,0.61698,-1.38658,-0.0455469,-0.11499,0.177234,0.582662,-0.565441,0.245316,-0.279419,-0.201466,0.684092,-0.243008,-0.15702,0.111907,0.355945,0.718556,-0.850814,0.212413,-0.563693,-0.031131,0.0278609,0.419734,0.405371,0.26549,-0.100839,0.292693,0.410545,0.36779,0.318514,0.492701,0.578375,0.938072,1
-0.110287,-0.808664,0.440328,-0.0259413,0.17706,-0.68616,-0.621188,0.0417531,0.186915,-0.0210063,0.0295249,0.172693,0.752698,-0.685482,0.192461,-0.62781,0.282164,-0.109419,-0.453575,-0.246097,0.0570461,0.103594,-0.707917,0.162463,0.149968,0.143403,-0.350815,0.0558275,-0.262267,-0.0253795,-0.312613,0.231845,0.529048,0.763785,1
0.516708,0.0700429,-0.0816207,0.258687,-0.424804,-0.179915,0.54397,-0.0147836,-0.857629,-0.126968,-0.719891,0.235106,0.626206,0.160553,-0.0508909,0.0300183,0.103613,-0.558688,-0.110259,0.929061,0.0571673,0.798855,0.0194515,-0.53288,0.305101,0.800694,-0.0177979,-0.865314,0.687874,0.151943,-0.0291293,0.0237814,0.563437,0.934807,1
0.252262,0.250015,-0.205486,0.389832,0.693225,-0.12056,-0.261459,-0.348109,0.15402,-0.0524814,-0.0727829,-0.549098,0.564093,-0.0934938,0.551107,0.0244983,-0.213367,-0.069096,-0.736805,-0.332295,0.48069,-0.195532,-0.382831,-1.05745,0.0246747,0.259436,-0.0414622,-0.156514,-0.680702,0.57749,0.204682,0.373656,0.486649,0.789075,1
-0.313797,0.0298614,0.250078,-0.0663317,0.242518,0.120465,0.0957189,0.555165,0.123455,0.111474,-0.108724,0.760357,0.288882,-0.0804624,0.350151,-0.344408,-0.0845964,0.605634,0.0287733,-0.296157,-0.502921,-0.218046,0.239037,0.467591,0.197706,-0.763244,0.489,0.484984,0.375894,0.981748,-0.222403,0.147475,0.573547,0.903674,1
-0.515231,-0.330189,-0.202852,-0.423185,-0.566613,-0.14168,0.370906,0.435316,-0.36039,0.688029,0.224436,0.206882,-0.475072,0.0125786,-0.219409,-0.24079,0.279654,-0.0201695,0.159678,0.294607,0.409328,0.666701,-0.194853,-0.180363,0.222343,0.301827,0.408026,-0.498706,-0.705169,0.0744083,-0.850682,-0.967834,0.458156,0.86693,1
0.420761,-0.513914,-0.15665,0.0262232,0.917179,0.219754,-0.078072,0.427807,-0.362311,0.305698,0.011629,0.00934133,0.765343,-0.79634,0.344564,0.555327,0.25407,-0.101421,0.186278,-0.570636,-0.159077,0.984646,-0.343215,-0.310671,-0.540027,0.345454,-0.534138,0.30988,0.0283538,-0.159617,-0.587866,0.259778,0.420828,0.929399,1
-0.381963,-0.428625,0.256276,0.188609,-0.0452278,0.0717944,-1.31122,-0.35854,0.308945,0.321799,-0.633105,0.0100198,-0.0891114,0.197898,-0.135297,0.0460214,-0.0805842,0.200291,0.823577,0.156317,0.365415,0.197706,0.130717,-0.161424,-0.306231,-1.14598,0.25778,-0.6137,0.309909,0.347559,-0.353068,0.0113727,0.486115,0.836202,1
0.655999,-0.356579,0.262425,-0.393554,0.839938,0.721915,-0.114737,-0.049913,0.545745,0.76204,-0.281796,0.0657618,0.0767549,0.432793,-0.309119,0.186507,-0.277946,-0.264962,0.482386,0.489271,-0.4025,0.321088,0.337745,0.249052,-0.0138891,-0.138853,-0.13188,-0.467822,0.120545,0.351037,-0.0135593,-0.468838,0.526626,0.822963,1
0.222495,-0.64018,0.905354,0.143153,0.0452684,-0.664883,0.0747241,0.2739,-1.073,-0.750171,-0.433811,-0.530144,0.00458478,0.731972,-0.0544849,0.428775,-0.395638,-1.06474,-0.298578,-0.653765,-0.0802447,-0.875302,-1.22607,0.669718,-0.21436,-0.789674,-0.118026,-0.429129,0.364501,0.723369,-0.423286,-0.595151,0.498709,0.88329,1
-0.00159607,0.526596,0.190409,0.389459,0.824704,0.254375,-0.680394,0.0902218,0.459403,-0.043453,0.805087,0.286237,-0.13743,-0.0686227,0.215511,0.256462,0.390404,0.463223,-0.937162,-0.786797,0.690533,-0.963309,0.190835,-0.644212,0.321568,0.428879,0.268093,-0.630285,-0.178895,-0.0692847,-0.0538064,0.0963133,0.457188,0.875611,1
0.693522,0.0280665,-0.132895,0.318598,-0.0579137,0.695196,0.523314,0.572431,-1.45581,0.0153638,-0.278044,0.0410486,0.222824,0.159508,-0.184541,-0.0891138,-0.408603,0.964947,-0.361523,1.35371,0.387498,0.102889,0.782191,0.748843,-0.887719,0.427837,0.0966516,-0.395366,-0.026994,-0.0177746,-0.270959,0.217337,0.433983,0.839368,1
0.0352349,0.583471,-0.332553,-0.115337,-1.1122,-0.137414,0.663189,-0.170683,0.276077,0.400366,-0.326432,0.498712,-0.107925,0.837009,0.676424,-0.207268,0.267339,-0.820596,0.0620097,-0.381848,0.351538,-0.107358,-0.118527,-0.245845,0.10214,-0.525301,-0.747759,-0.339454,0.429945,0.657927,-0.889931,0.671313,0.531046,0.814029,1
0.497765,-0.242529,-0.270064,-0.0820238,0.0788741,-0.0459206,-0.618536,0.17966,-0.506348,0.178456,0.19977,-0.141504,0.235966,-0.12593,-0.0320832,-0.0379321,0.924138,-0.0365505,-0.315567,0.121626,-0.754777,0.202631,0.0949892,-0.598246,-0.375785,-0.899846,0.279107,-0.0645983,-0.674028,-1.30966,0.0153986,-0.622762,0.460598,0.870384,1
0.113299,0.700385,0.523303,0.0127674,0.178923,-0.523614,0.731439,-0.336676,-0.429869,0.154529,-0.429424,0.314981,-0.608129,0.769165,-0.180744,0.00957243,0.434294,0.386189,-0.105157,0.151884,0.294387,-0.420979,0.724974,-0.830049,0.106044,-0.0612528,-0.870249,-0.310191,-0.373975,0.350188,0.0350976,-0.728726,0.534924,0.878595,1
-0.455899,-0.0101793,-0.366253,0.557048,0.0956031,-0.233621,0.101112,0.115228,1.02196,-0.441909,0.965897,0.81319,-0.323657,0.859696,0.01532,0.290557,-0.121861,1.24997,0.428001,-0.551952,-0.240454,0.352595,0.211071,-0.0278644,-0.144896,1.25868,-0.723859,-1.20283,-0.65955,0.0666434,-0.768496,-0.555597,0.56686,0.847417,1
-0.234385,1.06835,0.299265,0.021206,0.225037,-0.198262,-0.553147,-0.955966,0.77611,0.182807,-0.177223,0.553521,-0.109641,-0.0871809,0.484916,-0.941805,0.722015,0.754504,0.38872,-0.229177,0.093671,-0.588186,0.243407,0.41583,-0.0475194,0.109596,-0.58427,-0.184408,-0.305414,-0.453873,0.334465,0.313756,0.449325,0.873402,1
0.56917,0.807779,0.319761,0.214716,-0.0132049,-0.095109,-0.799309,0.388425,-0.154817,0.357314,-0.23656,0.0098281,-0.0562653,-0.106918,0.538459,0.378489,-0.595706,0.0703868,-0.00285111,0.875165,-0.987753,0.244684,-0.417732,-0.197345,-0.240796,-0.0178329,-1.31642,-0.00920845,-0.248877,-1.12794,0.429974,0.728364,0.470153,0.877597,1
-0.0255911,-0.369411,0.279907,0.0982611,0.0567487,-0.526249,-0.0658392,-0.396867,-0.248251,-0.533811,-0.56915,0.0906748,0.484867,-0.2209,-0.595012,0.700517,-0.199629,-0.399415,-0.35569,0.662492,-0.334106,-0.166671,0.707335,-0.289178,0.0845185,0.0720533,-0.466914,-0.329585,-0.0303253,0.0843702,0.34641,0.776096,0.484554,0.776864,1
-0.848822,-0.666233,0.507745,-1.07187,-0.093964,1.46685,-0.605267,0.0998023,0.387981,0.128851,0.119232,-0.393254,0.212203,0.791207,-0.0399808,-0.742545,0.191288,-0.392764,-0.226968,0.692731,-0.473564,0.940301,0.976787,0.159125,0.935762,0.235682,0.505477,0.541839,-0.640138,0.412442,0.581989,-0.17737,0.528102,0.942149,1
-0.457796,-0.949953,0.0147747,0.707723,-0.525015,0.0732454,0.28381,0.332684,0.204103,0.693358,-0.504844,-0.39421,0.423162,-0.347567,0.130977,-0.101911,-0.382911,-0.27409,0.887916,-0.523589,0.266792,-0.640424,0.135513,-0.426049,0.200815,0.427853,0.374499,0.238379,0.165245,0.0498324,0.776316,-0.101722,0.500921,0.811545,1
0.362297,-0.570792,-0.0388553,-0.489956,-0.928032,-0.403554,0.122596,-0.0265119,0.176373,-0.711559,0.0536554,-0.477077,-0.611963,0.262442,-0.0253259,0.159866,0.238596,0.161192,-0.318573,-0.689078,-0.0474332,0.00446559,-0.453537,0.424195,0.270689,0.544285,-0.486676,-0.47336,-0.345851,0.879288,-0.635349,0.660397,0.439669,0.936807,1
-0.508309,-0.822698,0.0885618,0.360737,0.123887,0.0399299,0.618186,0.0738129,-0.0473951,-0.210782,0.505246,0.609952,0.397351,-1.19557,0.179612,0.142849,0.209189,1.16555,0.0746486,0.103522,0.525867,0.501307,0.643947,0.121644,0.504015,-0.877372,0.336246,0.247005,-0.0308599,0.274704,0.990499,-0.0193061,0.48318,0.80554,1
-0.473772,0.510191,-0.295179,-0.839947,-0.351607,-0.201261,-0.699602,0.451034,-1.0876,0.587605,-0.822951,0.0160025,-0.00708476,-0.0216146,-0.0377656,0.482867,0.323584,0.377221,-0.193226,-0.282176,0.0902266,-0.0897407,-0.177942,0.224745,0.402358,-0.216395,-0.450802,0.423331,-0.483143,0.403425,0.0868702,0.567941,0.52905,0.863122,1
-0.515753,0.18253,-0.724768,0.510634,-0.464515,-0.0365575,1.06771,0.24175,0.258996,-0.232041,-0.941112,0.276038,1.07064,1.25717,0.372317,-0.673328,0.0119936,0.285208,-0.098792,1.09955,-0.35579,-0.143313,0.703317,-0.23717,0.009013,1.08755,0.171543,0.603645,-0.646604,0.121546,-0.491121,-0.1294,0.496762,0.823187,1
0.74533,0.349911,0.645605,-0.0208463,0.222816,-0.528718,-0.11998,-0.17262,-0.707675,0.210633,-1.19467,0.0529403,0.644709,0.641492,0.507478,0.200898,-0.098784,0.627001,-0.48257,0.862556,0.260464,-1.16838,0.235177,0.184709,-0.503241,0.118663,-0.0496575,0.365806,0.0512582,0.614725,0.108705,-0.039757,0.439676,0.761821,1
-0.368238,0.244824,-1.05219,-0.273673,-0.0844938,0.15193,-0.548742,-0.345773,-0.182213,0.52834,0.420031,0.226302,-0.310673,-0.336553,-0.456317,0.657072,0.020064,0.37368,-0.0346543,0.0271174,-0.630015,0.33789,-0.416883,-0.2357,-0.00529181,-0.341971,0.434875,0.800507,-0.48285,1.20711,0.257129,1.10209,0.444482,0.81397,1
-0.24905,0.480842,0.737332,0.398985,-0.00202293,0.343325,0.325386,0.0567549,-1.00628,-0.647548,0.556022,-0.617194,0.387852,0.0288561,-0.337345,-0.104043,0.294924,-0.407362,-0.368421,-0.182777,0.17497,-0.482093,0.427448,0.7132,-0.567161,-0.498704,0.502002,-0.145732,0.616615,-0.073037,-0.598198,-0.160158,0.484074,0.942218,1
-0.178632,-0.244404,-0.662755,0.40668,-0.487018,0.127685,0.711647,0.651118,0.0849011,0.829831,-0.595482,0.283306,-0.812563,-0.209185,0.200175,0.0969125,-0.262867,-0.402182,0.574544,0.52371,0.0622382,0.15403,0.156944,1.1941,-0.64295,-0.764843,0.865851,-0.442465,-0.364989,-0.283529,0.0685873,0.240428,0.56997,0.898182,1
0.372707,-0.320876,0.354191,0.469655,0.234999,-0.00326074,0.423193,-0.300527,0.723381,0.0561066,0.235928,-0.0897324,-0.0708669,0.477261,0.242625,0.143204,-0.292126,-0.248737,-0.29491,-0.335105,0.526632,-0.190668,-0.0575466,-0.475057,-0.130079,0.182888,-0.294727,0.388547,-0.20327,0.0770434,0.855524,0.214547,0.519837,0.92285,1
-0.117434,-0.381146,0.00281424,-0.658366,-0.310822,0.118831,-0.379841,-0.0702187,0.591639,0.932323,0.666888,-0.189115,0.697333,0.217221,0.377347,-0.128927,-0.85513,-0.267589,0.364419,0.660823,-0.195627,-0.427324,-0.108876,-0.261724,-0.309747,0.484403,0.0270177,0.646533,-0.542995,0.606284,0.377641,0.404062,0.517653,0.878168,1
-0.107463,-0.836251,-0.0675516,0.13812,-0.347974,-0.0706513,-0.604546,-0.239457,-0.682709,-0.348822,-1.18572,-0.115788,0.0407298,0.287295,-0.53724,0.385151,0.116941,0.386053,0.569951,-0.425208,-0.828614,-0.359273,-0.723221,-0.138954,0.847429,-0.45337,-0.531645,0.00637031,0.976621,0.439973,-0.197533,0.0828592,0.571209,0.947633,1
0.157645,-0.00656692,0.150933,0.0644478,-0.0531727,0.155807,0.120653,-0.12779,-0.224922,-0.504546,-0.19137,-0.608373,-0.0462344,0.262746,0.069473,0.177406,0.0347611,0.605432,-0.55534,-0.0130302,0.105926,1.14727,0.0132138,0.162674,0.359786,0.586732,-0.0598286,0.610711,0.119496,-0.277622,-0.796733,-0.0127946,0.463337,0.881609,1
-0.036002,0.181892,-0.699134,-0.149503,-0.967986,-0.0341485,0.224962,-0.326378,0.13144,-0.289993,-0.154252,-0.154296,-0.78274,-0.462038,0.721366,0.123026,0.388298,-0.565756,-0.399643,0.102363,0.151832,0.200696,-0.335488,-0.221918,-0.359524,-0.535255,-1.2439,-0.0617828,-0.599348,0.0726641,-0.0934312,0.0489913,0.422579,0.795598,1
-0.119224,0.398466,0.665948,-0.266761,0.363381,-0.0222143,0.34819,-0.282382,-0.0630111,0.389681,0.019179,0.399179,-0.532136,0.369558,0.230126,0.0869412,-0.331097,-0.339973,0.198463,-0.0893163,0.520958,-0.384933,-0.55756,0.824237,0.524926,-0.10285,0.0854061,-0.182604,0.462315,0.177814,-0.0249106,-0.69656,0.535488,0.917625,1
-0.488462,0.0773519,-0.10406,-0.645939,0.468615,0.0655852,1.05043,0.568229,0.290156,-0.527063,-0.0988193,-0.0196664,0.10462,0.0411327,0.185671,-0.228747,-0.292429,-0.406412,0.39923,-0.663887,0.448632,0.789794,0.263822,-0.892786,0.384131,0.0389107,0.00661339,-0.712592,0.393162,-0.144659,0.176785,0.402157,0.517871,0.948249,1
-0.757333,0.500713,0.0726406,-0.229227,0.793054,-0.446053,-0.210811,0.0474125,0.982208,-0.115112,-0.293685,-0.248124,0.454345,0.327485,0.958549,0.133222,0.283622,0.351862,-0.258327,0.630529,-0.271129,-0.35909,-0.514562,-0.318546,0.12064,0.454728,0.895143,0.188451,0.393763,0.624691,0.34975,-0.0534521,0.536477,0.790514,1
0.56521,0.357637,-0.429171,-0.651082,-0.244672,-0.0463406,0.763532,0.157068,0.66687,0.68443,0.104019,0.76225,-0.212634,-0.971785,-0.444884,-0.702996,0.237164,-0.898858,0.310259,0.431029,-0.624584,0.388011,-0.154698,-0.632108,-0.789349,0.271858,-0.14509,0.119317,0.230241,0.488058,0.469613,-0.056862,0.539997,0.877342,1
0.599683,-0.183511,-1.08092,-0.0630779,0.0909228,-0.483244,0.551846,0.286579,-0.306025,0.335958,-0.61755,0.460664,-0.392058,-0.267654,-0.767602,0.000397655,0.562814,-0.808918,0.237953,0.580878,-0.181742,-0.426406,-0.318867,0.242849,0.187709,0.548233,-0.552902,-0.689565,-0.224005,-0.331768,-0.99666,0.0161875,0.479593,0.820133,1
0.531009,-0.0324337,-0.0427454,-0.548575,0.59585,0.467447,-0.38175,-0.0798491,0.903722,-0.37765,-0.0772756,-1.19275,-0.717518,0.751745,-0.399333,-0.94482,-0.0561549,0.28613,-0.159713,-1.13211,0.190502,1.01772,0.338216,-0.554296,0.100185,0.990851,0.391197,0.0288072,0.538236,0.673859,0.0149127,0.761074,0.542922,0.886115,1
-0.955577,-0.945021,0.153675,0.789868,0.443068,-0.489199,0.0855516,-0.236262,0.124718,-0.576923,-0.343202,0.109592,0.796204,0.370089,-1.16565,0.536407,0.075733,-0.0500039,0.470596,-0.711645,-0.684599,0.127715,1.09423,0.223117,-0.462914,-0.00339531,-0.373314,0.577183,-0.149031,0.0423714,0.350891,0.739188,0.554006,0.919331,1
-0.185074,0.74496,0.715475,-0.131164,-0.263962,-0.120526,-0.347518,0.386925,-0.552304,-0.0460908,0.0791017,0.0628534,0.673688,-0.32529,0.148065,-0.196175,-0.568899,-0.115544,0.100776,-0.810969,0.0276753,-0.0419658,0.338614,0.565029,-0.738848,-0.0170766,-0.118232,0.0969847,-0.0216167,0.300574,0.45529,0.398393,0.540904,0.886524,1
0.444625,-0.447392,0.549447,-0.0703537,-0.280208,0.390591,0.130727,-0.295442,0.736586,-0.187155,-0.296019,0.613083,0.425164,-0.457764,-0.465204,0.115437,-0.00636011,-0.124206,0.0703649,0.740872,0.0895272,0.376458,-0.050233,1.09551,0.469261,0.243407,-0.49786,0.0413251,0.079658,0.853515,0.282551,0.906481,0.575362,0.925102,1
0.289866,-0.348704,-0.218947,-0.363187,0.399766,-0.446394,0.36373,-0.692668,-0.253487,1.51385,-0.780655,0.394667,0.0956428,1.02586,-0.341263,-0.0861616,-0.55934,-0.21746,0.768981,-0.687778,0.0223223,0.994174,-0.600706,-0.19942,0.21226,-0.222059,-0.662935,0.110651,0.276524,-0.238745,-0.234156,0.470508,0.508397,0.865298,1
-0.220906,-0.534019,0.21274,0.435303,-0.285169,-0.325997,0.455263,0.233091,-0.612404,-0.307577,0.449375,-0.0705855,-0.401813,0.76821,0.445397,-0.104465,-0.612188,-0.740948,-0.573998,0.0256297,0.234597,-0.228061,0.759704,-0.784986,-0.363616,-0.639988,0.646723,-0.0608059,-0.839912,-0.196497,0.579931,-0.47355,0.53982,0.944824,1
0.0768399,-0.199274,-0.146158,-0.221738,0.328162,-0.388308,0.14729,-0.291045,-0.195021,-0.340122,0.213383,-0.0367845,-0.493977,0.508747,-0.767565,0.0695477,-0.179482,0.817012,-0.859122,-0.503695,-0.53969,5.30028e-05,-0.0704236,0.173485,-0.0999647,0.0855942,-0.805188,-0.165552,0.200812,0.324273,0.295281,0.0800592,0.425146,0.916909,1
0.297624,0.501893,0.665663,-0.200118,0.151672,0.0807525,1.02495,-0.45619,-0.53285,0.22384,-0.834413,-0.496332,0.409128,-0.757997,0.532865,-0.0246936,0.526474,0.936714,0.473517,0.0210143,0.306101,0.748377,-0.421748,-0.15668,-0.0305419,-0.102912,0.100205,0.912454,0.838758,0.567408,-0.449339,-0.558263,0.541704,0.844915,1
-0.101593,0.857426,0.770437,-0.678599,-0.567379,1.24501,0.894008,0.0608466,-0.380957,0.386001,0.973462,0.184342,-0.356479,0.285288,0.623825,-0.196073,-0.259675,-1.0299,0.00184102,0.877762,-0.15212,-0.39795,-0.0727381,0.208677,0.545187,-0.806437,-0.374142,-0.385428,-0.45797,0.787636,0.360311,-0.397631,0.472645,0.888139,1
-0.445055,0.152245,-0.118725,-0.408411,0.0193282,0.777815,0.522073,0.33669,-0.221748,0.601216,0.23584,-0.207393,0.262497,-0.0627164,0.460008,0.635084,-0.038001,0.888613,-0.171856,-0.801528,0.206668,0.414333,-0.972023,-0.455652,-0.438538,-0.425183,-0.218715,-0.617568,-0.229626,-0.410628,0.0351052,0.0300058,0.489535,0.85778,1
-0.724418,0.175584,-0.081516,-0.167769,0.366388,0.536056,-0.263211,-0.161917,1.07559,0.460477,-0.010309,-1.27695,0.158137,-0.237396,-0.773546,-0.160344,0.154143,-0.433934,0.653945,-0.245821,-0.368058,0.233342,-1.36924,0.324629,0.0822487,0.44069,-0.229319,0.239449,0.622409,-0.503253,-0.311866,-0.23341,0.567888,0.862484,1
0.512627,0.258068,-0.0472326,-0.290286,0.630143,-0.0807409,0.29759,0.866153,-0.38623,-0.175009,0.500657,-0.0765309,-0.819585,0.364223,0.235913,-0.646336,0.588159,-0.514162,0.662049,0.449029,-0.0409566,-0.553389,-0.307362,0.0383021,-0.845476,-0.0645524,0.455438,0.299272,-0.4256,0.533932,0.819977,-0.497875,0.453532,0.807454,1
-0.71031,0.289297,-0.0911409,-0.190461,-0.154339,-0.584101,-0.112422,-0.503091,0.21681,-0.930663,0.21183,-0.747666,0.32711,0.409626,0.0539478,-0.609298,-0.425836,-0.217122,-0.162203,0.110821,0.113966,0.165052,-0.190219,-0.158066,-0.426721,-1.04654,-0.283339,0.396055,-1.32806,-0.596589,0.397257,0.918102,0.545962,0.787318,1
-0.160008,-0.791937,-0.313976,0.447964,-0.376017,-0.0277016,0.0171594,-0.683098,-0.362409,0.663089,0.594672,0.503721,0.48712,-0.495955,-0.0665425,-0.340184,-0.415789,-0.0771721,-0.60037,0.106341,-1.65863,-0.395765,0.380563,-0.139078,-0.2391,-0.189287,-0.485096,-0.783293,-0.464055,0.943697,0.29813,-0.0912233,0.472131,0.903319,1
0.444188,-0.0283886,-0.369149,0.480892,0.257561,0.887078,0.944757,-0.70441,0.835673,-0.145773,0.0524852,0.360039,0.527009,0.0660794,-0.190465,-0.143614,-0.172811,0.256776,-0.180487,-0.0850446,0.00718104,-0.799645,-0.699432,-0.552801,-0.30886,0.0672283,-0.0175538,0.548518,0.373063,-0.317046,-0.142944,0.118588,0.494658,0.830456,1
0.141672,0.43217,0.396977,-0.599427,-0.210662,-0.222109,0.394656,-0.405845,-0.110902,0.206495,-0.247144,0.482053,0.657696,-0.271914,0.575969,0.562076,-0.0364839,-0.317931,0.131152,-0.559063,-0.658864,0.114157,0.152071,-0.285486,0.643333,-0.569106,0.392446,1.08142,-0.305963,-0.365213,-0.358391,-0.43641,0.54097,0.761505,1
-0.225983,0.097178,-0.283571,-0.757041,-1.04414,1.014,0.213958,0.576049,0.28043,-0.192835,-0.0469872,0.421562,-0.481111,0.743723,0.515185,-0.429603,0.810763,-0.992581,-0.917825,-0.245955,0.0985177,0.42032,-0.591322,-0.158818,-0.274879,-0.331835,0.685993,-0.291311,0.449825,-0.797422,-0.615408,0.224478,0.439477,0.827275,1
-0.747642,-1.09283,-0.876192,-0.275837,0.0633097,-0.454282,1.3957,0.0441039,0.773183,-0.506528,0.17097,-0.309046,-0.484296,0.837646,-0.0662673,-0.497496,0.645909,0.213628,0.510869,-0.440281,0.418282,-0.050399,-0.54612,-0.0629558,-0.294975,-0.788851,-0.806761,0.12877,0.543419,0.0644453,0.166724,0.184462,0.54295,0.886029,1
-0.770741,-0.510109,-0.187087,0.79916,0.418262,-0.310224,-0.0925696,-0.482613,-0.307359,0.57571,-0.162043,-0.221506,-0.192507,-0.0896627,0.544767,0.228217,-1.11275,0.190917,0.229705,-0.103543,-0.605756,0.354783,0.452134,0.13174,-0.778636,-0.238385,-0.254671,-0.45099,0.0708937,-0.270415,0.0628478,0.785704,0.476651,0.87516,1
-0.0271054,-0.462989,-0.311563,-0.53479,-0.866242,0.561645,-0.487728,-0.130571,-0.383329,-0.141492,0.131358,0.11554,0.524202,0.083355,-0.407019,-0.129907,0.20489,0.199869,-0.521582,0.221788,-0.321491,-0.158612,0.229566,-0.131904,0.149654,-0.0805943,-0.438143,-0.339802,-0.073021,0.426113,-0.55842,-0.273761,0.492191,0.843915,1
-0.0371888,0.50148,0.297973,0.11104,0.0137102,0.196874,-0.231806,0.443755,0.669289,0.362923,0.911123,0.465172,0.745991,-0.439235,-0.431987,-0.172409,0.102966,0.534146,0.149416,0.256086,0.529615,0.349113,-0.167511,-0.464313,-0.030394,0.0892396,0.0221647,0.141096,0.066492,-0.345576,0.797741,0.365407,0.469404,0.785918,1
0.113505,-0.303843,0.21143,0.355031,-0.34625,-0.413469,0.552141,0.173614,0.299626,0.328999,0.164563,0.362267,-0.0753321,0.1552,0.034907,-1.02807,-0.360107,-0.0334363,0.151531,0.434252,0.132304,-1.02356,-0.932375,-0.345852,0.0160364,0.65294,0.545438,-0.0854121,0.486595,0.0668811,-0.292386,0.17322,0.424002,0.891294,1
0.214528,-0.388321,-0.445246,-0.609865,0.0247694,0.297795,-0.367716,-0.405276,0.0529829,-0.0764455,-0.245156,0.0495407,0.128728,0.444231,-1.09503,-0.391254,-1.2738,0.0228722,0.376691,-0.276532,-0.0536622,-0.614077,-0.151596,0.681259,0.633651,-0.37418,-0.604765,-0.0178918,-0.194617,-0.671619,0.830482,-0.239017,0.571532,0.892062,1
0.126826,0.544007,-0.106556,0.451323,-0.449437,0.935844,-0.466126,0.169875,-0.617635,0.819995,0.155783,0.976774,-0.0645681,-0.0430122,-0.251081,-0.400771,0.0920681,-0.370068,-0.165399,0.379047,0.0438187,-0.0941475,0.782404,-0.0568943,1.63142,0.355333,-0.325265,-0.172948,0.176693,-0.549796,0.231274,0.188858,0.533297,0.833487,1
0.932223,-0.327517,0.187997,-0.39448,-0.361787,-0.68208,-0.127466,0.153163,-0.45161,0.00572352,-0.311597,0.216458,0.511146,0.378688,0.401606,0.130977,-0.438163,-0.412163,-0.592545,0.651684,-0.0580501,0.301442,-0.69775,-0.16474,-0.145401,-0.669344,0.738566,0.33431,-0.0934789,-0.0320542,0.530319,-0.0938135,0.549762,0.828852,1
0.0355762,-0.30621,-0.698358,-0.707094,1.6397,-0.177287,-0.195174,0.210771,0.643727,-0.411293,-1.4574,0.136338,-0.727436,0.103387,0.990431,0.439002,0.00209998,0.746684,-0.0851552,-0.138752,-0.204269,-0.192457,-0.669918,0.397083,0.534785,0.0634537,-0.341835,-0.143692,-0.149504,-0.350939,0.591814,0.0677207,0.439519,0.761367,1
0.606556,0.216226,-0.170991,0.329257,0.144813,0.13623,0.949441,-0.894164,0.394707,-0.0516662,0.0549615,0.0526438,-0.798613,-0.0558401,1.3794,-0.161019,0.697786,-0.83752,-0.645191,0.0760585,0.27578,-0.140146,-0.0938287,0.822942,-0.452832,0.333968,-1.24706,-0.130453,-0.384286,-0.306582,-0.438848,0.0304628,0.460487,0.790524,1
0.856318,-0.0326613,0.491693,0.0297114,-0.220959,1.04653,0.554112,-0.711582,0.471581,-0.234518,-0.0461671,0.326329,-0.374679,0.433626,0.415392,-0.991297,0.0882234,-0.285971,0.216198,1.28552,-0.747095,-0.422886,0.515111,-0.593063,0.0327039,-0.420126,-0.582846,-0.476895,-0.587086,0.671485,0.102483,-0.545068,0.477459,0.835974,1
-0.149449,0.0745814,0.0129292,-0.329903,-0.0358245,-0.38037,-1.41483,0.123184,-1.02241,-0.59379,-0.630333,-0.37573,-0.0673204,-0.251842,-0.703997,-0.170351,-0.0912941,-0.252316,0.630461,0.689955,-0.154579,0.399356,0.443281,-0.326973,-0.541509,-0.0779454,0.387438,0.21477,-0.00408284,-0.404194,-0.0567381,-0.668295,0.476194,0.868739,1
-0.486015,-0.742877,0.596612,0.0262729,0.0482485,-0.658318,0.0382463,-0.116371,0.444005,0.217843,-0.284424,-0.347492,0.149591,0.687285,-0.585489,0.149594,0.118954,-0.139494,0.146512,-0.456029,-0.384499,0.85585,0.693895,0.297825,0.331451,0.527612,-0.438556,-0.724566,0.856633,-0.202943,-0.0572537,0.723397,0.549035,0.811478,1
0.95,0.88,-0.234711,0.00270364,-0.494681,0.114922,0.279549,-0.407375,0.473436,-0.101816,0.0760549,-0.294318,-0.0835505,-0.308014,-0.372481,-0.239757,-0.298771,-0.421124,-0.32154,0.283771,0.174286,0.470863,-0.478531,-0.120447,-0.457995,0.426785,-0.467693,0.0181724,-0.129592,-0.413239,0.445955,-0.36339,0.48,0.2,0
0.116188,0.535967,-0.47742,0.504137,0.60313,0.408841,-0.524654,0.755609,-0.0684591,-0.765796,0.723077,0.055195,0.372649,0.677553,-0.443104,0.419811,0.777473,0.0482314,-1.03883,-0.251112,-0.350053,0.234499,0.750155,-0.212166,0.104071,-0.654276,-0.106666,0.588505,0.359004,0.512774,0.0602208,0.894743,0.519857,0.939659,1
-0.530607,0.0971174,0.091956,0.396327,0.142072,-0.356082,0.493501,0.652504,0.417966,0.0958336,1.06029,-0.375214,-0.0889277,0.463448,-0.112892,-0.781362,0.0907548,-0.281428,0.469151,0.368846,0.0337317,0.121578,-1.12841,-0.11218,-0.0993926,-0.164911,-0.38956,-0.642878,-1.19551,-0.116757,-0.370968,-0.282941,0.442656,0.772053,1
-0.0162592,0.273028,0.315717,-0.171828,0.159668,-0.201595,0.707422,0.242802,0.0120603,0.340081,-0.300281,-0.0524179,-0.638637,-0.567533,0.0365426,0.402993,0.398796,-0.202109,-0.951367,0.297559,-0.0270928,0.37976,-0.260499,-0.344551,-0.65193,0.110389,0.192907,-0.271886,0.144481,0.822991,0.173403,-0.396096,0.455978,0.877634,1
-0.359923,-0.0908728,-0.155565,-0.341791,-0.465654,0.500934,0.504542,0.0226995,0.42891,-0.0761866,0.428673,0.568386,-0.720737,-0.831421,0.58606,0.466541,1.0122,-0.253287,-0.704706,-0.321615,0.651216,0.254273,-0.104854,0.602457,0.260859,-0.155725,-0.620592,0.409421,-0.451114,-0.382548,-0.0123155,-0.157676,0.441909,0.92689,1
0.0553491,0.460235,0.49523,-0.431506,-0.756125,-0.131608,0.438368,-0.362438,-0.618464,0.214883,-0.372939,0.40207,0.455128,-0.0624243,-0.0576138,-0.894994,-0.696433,0.196183,0.715796,-0.764915,0.278374,-0.138995,0.187696,0.0281579,0.962508,-0.409062,-0.500419,-0.140462,0.0472776,-0.434231,0.677477,0.663524,0.439166,0.931749,1
-1.19303,0.826888,0.0785763,-0.519372,-0.742015,-0.0858218,-0.197698,-0.546657,0.0235978,0.0848176,-0.913885,-0.625275,0.0859736,-0.43486,-0.117581,0.229499,0.234578,-0.671113,-0.882995,-0.548253,-0.0901875,-0.396791,-0.389952,0.489752,-0.0439762,-0.624091,0.112222,-0.0533503,-0.0380744,0.964515,0.465017,0.491387,0.495627,0.846286,1
-0.638839,-0.0195601,0.189563,-0.0775569,-0.430862,0.176418,0.244003,0.186568,-0.675946,0.382612,0.200025,0.446342,-0.432791,-0.176193,0.397682,0.888538,-0.327127,0.445075,0.418829,-0.493089,-0.146664,0.961888,-0.0791524,-0.178664,-0.198972,-0.711523,-0.705606,0.13307,-0.691873,0.392066,-0.280011,0.0317496,0.566767,0.902846,1
0.648044,0.492485,-0.330836,0.564023,0.835288,0.0359734,-0.403912,0.277424,-0.766064,-0.317516,-0.324671,-0.461032,-0.237687,-0.150319,0.401751,0.0946255,-0.722811,-0.878092,-0.366954,0.352362,-0.228709,-0.666602,-0.779777,0.111754,-1.21815,-0.411657,0.00240668,-0.452833,-0.751646,-0.431749,-0.167421,0.185374,0.487948,0.94052,1
0.222696,-0.267041,-0.47573,0.105427,0.102236,-0.123279,0.214658,0.636181,0.961654,0.471229,0.374804,-0.795708,-0.230402,-0.459607,-0.383088,0.415235,-0.587395,0.430334,0.465351,-0.219588,-0.0213947,-0.471862,-0.046821,-0.223861,-0.268873,1.01662,0.0739062,-0.249323,-0.141861,-0.0420204,-0.434242,-0.64841,0.479696,0.766506,1
0.11131,0.0303898,-0.268937,0.0111965,-0.135733,0.886185,-0.150859,-0.141291,-0.337267,-0.275521,0.38812,0.892318,-0.550976,-0.150688,1.03895,-0.0844061,-0.693018,0.291796,-0.161601,-0.25177,-0.2136,-0.334756,-0.050188,0.300047,0.4516,-0.393776,0.244124,-0.577095,-0.0301414,0.730944,0.139414,-0.778407,0.564155,0.77231,1
0.0417864,-0.359605,0.150444,0.149208,-0.185137,-0.21202,0.0690477,0.105678,-0.0666634,0.727453,-0.446306,0.102614,-0.367522,-0.262549,-0.514263,0.778919,-0.24308,0.694758,0.564695,-0.15804,-0.495123,0.318421,-0.104675,-0.14886,0.173266,0.826661,0.556035,-0.575053,-0.930694,0.583255,1.22699,0.825872,0.494345,0.83486,1
0.252159,0.274489,0.146116,0.195118,0.106612,7.95,0.332826,0.253195,0.121793,0.300431,0.164112,0.312468,0.132219,0.23566,0.143546,0.368245,0.134815,0.381777,0.168844,0.120936,0.396124,0.279914,0.247276,0.21498,0.347525,0.216615,0.206173,0.396893,0.234156,0.332762,0.136512,0.202775,0.52,0.82,1
-0.336993,0.840973,-0.17988,-0.383133,0.711767,-0.220842,-0.311191,-0.137951,-0.157681,0.988821,0.189632,0.72665,0.73931,-0.24454,-0.0565791,0.268986,0.0530101,-0.242609,-1.11067,-0.0715382,0.00406082,-0.602522,0.23854,-0.0236966,0.00312579,0.456493,-0.321151,-0.217995,-0.25721,-0.389742,0.214779,-0.449003,0.560591,0.832264,1
-0.119525,0.473018,-0.332635,-0.131163,0.116156,0.0295079,1.07746,0.782226,-0.140251,-0.358584,0.422415,0.555965,-0.383259,-0.724706,0.0989788,-0.167426,0.169256,0.0571716,-0.219366,0.122698,-0.521147,-0.441126,0.414557,0.40857,-0.332152,0.265921,0.297095,0.142629,-1.07009,0.22356,0.483337,-0.263899,0.460765,0.927821,1
-0.236285,-0.342166,-0.261629,0.0954275,-0.240424,-0.436276,-1.42705,0.791896,0.438377,-0.712985,0.628318,-0.299459,0.075366,0.128787,-0.555492,-0.107464,-0.521502,0.762088,-0.0566179,-0.0879899,1.06733,-0.882062,1.03955,0.019514,-0.0654991,-0.235377,0.529201,-0.883965,0.688408,0.379062,-0.122759,-0.0344435,0.494343,0.867159,1
0.294323,0.75094,-0.19708,0.74444,0.0839942,-0.407312,0.252555,-0.362995,-0.475255,0.170443,0.0214055,0.967093,0.490822,-0.129688,-0.529291,0.303911,-0.0493241,0.112224,0.134649,0.0707113,-0.110276,0.299685,-0.328947,-0.34944,-0.0951223,-0.417617,0.370286,-0.552724,0.25745,0.477479,-0.524386,-0.0476505,0.435244,0.894531,1
0.29798,0.0366838,-0.0503049,-0.12211,-0.847634,0.105811,0.859816,0.256373,0.530886,0.120148,-0.275533,-0.4387,0.221952,-0.0966832,0.405173,-0.436966,-0.193041,0.187356,0.311995,-0.321678,0.576671,0.266779,0.372025,0.163174,-0.393126,0.929651,0.458485,0.299028,0.323619,0.237173,-0.467335,0.998005,0.555897,0.867446,1
0.043522,-0.794424,-0.0754735,0.195429,-0.320193,0.83717,0.253457,0.384167,-0.583726,-0.862093,-0.15606,0.342009,0.474668,-0.122243,0.257897,-0.0571881,-0.171908,0.353075,0.688861,-0.157617,0.336164,-0.00120513,0.193589,-0.567306,0.540488,-0.710617,-0.0197556,-0.610266,-0.535311,0.112043,-0.717152,-0.557603,0.463341,0.84291,1
-0.59893,-0.306331,0.492805,-0.0649149,-0.252302,0.0801982,0.34673,0.101443,-0.364727,0.71695,0.158452,-0.0637188,-0.361891,0.829132,0.0185505,-1.15298,0.0372032,0.623262,0.662424,0.846659,0.19424,-0.25329,-0.653739,-0.344316,-0.0376588,0.0318831,-0.0884531,0.101841,-0.0563178,-0.450398,-0.291426,0.550275,0.558988,0.939445,1
-0.610939,-0.654458,0.0699152,-0.548225,0.506636,0.392603,0.039284,0.313274,-0.467699,-0.30726,-1.09017,-0.412212,0.321777,0.194058,-1.00318,-0.600721,-0.571073,0.381442,-0.61715,-0.40477,-0.688921,0.000510744,0.61531,-0.370589,0.16236,0.301833,-1.02949,0.548665,-0.508142,-0.245698,-0.317412,-0.536841,0.494789,0.781212,1
-0.45396,0.653771,-0.460671,1.06124,0.223363,0.181457,0.101825,1.06705,0.578612,-0.694307,-0.314436,-0.53604,0.721637,-0.465117,0.787587,-0.885115,-0.352419,1.03587,-0.520816,-0.168975,0.717607,-0.188129,0.375311,-0.0468966,-0.499167,0.402723,-1.72716,-0.307195,0.416632,1.05187,-0.207445,-0.588862,0.488105,0.897324,1
-0.38956,-0.319474,-0.0752859,0.0400285,0.405472,0.466336,0.206692,-0.270088,-0.328054,0.629532,0.00107236,-0.168598,-0.608633,0.0919367,-0.198843,0.129134,0.563574,0.0612774,0.702874,0.204776,0.232804,-0.263878,0.650767,0.0797893,0.0665972,0.506181,1.23784,0.2813,-0.0399215,-0.65029,-0.564625,-0.494658,0.540132,0.882325,1
-0.719858,-0.290409,0.104818,-1.67927,-0.365552,-0.0218436,0.311172,-0.62135,0.201938,-0.246539,0.0318269,0.0910903,-0.826886,0.403738,-0.0646509,-0.39977,-0.411335,-0.0320091,0.207426,0.225952,0.208016,-0.440774,0.700494,-0.33778,0.554447,-0.0390512,-0.222724,-0.962101,0.331043,-0.333682,0.63272,-0.0206318,0.485084,0.831158,1
-0.331151,-0.126919,0.0334683,-0.258925,-0.659128,-0.280368,0.0754616,-0.0790023,-0.467741,-0.236548,0.462082,-0.328202,-0.665723,0.900768,-0.20408,-0.547035,0.312263,0.0752354,-0.292648,-0.777664,0.224326,0.251291,-0.752159,-0.157719,-0.780446,0.485523,0.174951,0.0285059,0.160004,-0.277655,-0.294074,0.00407594,0.490496,0.833471,1
0.347666,0.63654,-0.0780861,1.05132,0.0424569,-0.244597,0.00421672,0.783325,-0.0434703,0.186902,0.53648,0.800757,0.655239,0.149132,0.753861,-0.274887,0.641977,0.593786,0.131887,-0.223236,-0.203278,0.393277,0.350917,0.00641077,-0.353003,0.265544,-0.521021,-0.0634845,0.253275,-0.0164671,0.867859,-0.534949,0.542344,0.799456,1
0.00195405,-0.374194,0.123503,0.343233,-0.0629009,-0.430835,-0.622314,-0.582701,-0.830482,-0.0265774,-0.0659637,0.0992134,-0.423969,-0.0603659,0.30369,0.224685,-0.375568,0.162272,0.947164,0.791146,-0.115293,0.0982125,-0.368727,0.153207,-0.251613,-0.707134,0.580238,0.880356,-0.299551,0.540184,-0.383364,-0.565035,0.54139,0.811461,1
0.280747,-0.791778,-0.514034,0.0436119,-0.424009,0.595475,-0.199211,-0.02014,-0.410782,0.521003,0.0755875,0.122204,-1.50814,-0.871189,-0.414962,-0.683723,0.627972,0.8675,0.0127088,0.554583,-0.360474,-0.61281,-0.151635,-1.22391,-0.353469,-0.1458,-0.872549,0.224575,0.0303928,0.325731,0.137768,-0.357636,0.519532,0.890611,1
-0.69274,-0.822956,0.0734823,-0.441812,-0.405345,-0.525548,0.482917,-0.987517,-0.311896,0.0926766,0.612844,0.793606,-1.2536,-0.651841,-0.335148,0.322947,-0.132861,0.105458,0.349213,-0.269183,-0.897681,-0.0142023,0.679205,0.137851,-0.47334,0.469738,-0.886772,-1.23812,-0.209741,0.396848,-0.497253,0.692928,0.559691,0.785143,1
0.793425,0.618144,-0.184711,1.168,-0.440033,-0.455278,-1.1897,-0.0986605,0.157321,0.176483,0.256453,0.875048,-0.537283,0.0655049,0.810005,-0.360103,-0.312517,-0.418061,0.335973,1.10768,0.334627,-0.489267,-0.211045,-0.276739,-0.267714,-0.286685,0.39506,0.326375,0.172945,-0.051652,0.517611,0.441459,0.426881,0.864272,1
1.29707,-0.254173,-0.726538,-0.338116,-0.326685,-0.101143,-0.0460642,-1.29807,0.343406,0.0925139,0.156683,0.601858,-0.675833,-0.761644,-0.559077,0.19871,0.94849,0.992968,0.451695,0.164215,0.0685885,0.511478,0.413833,0.711415,0.253062,-0.318536,0.138716,0.404998,-0.301362,0.301604,-0.134889,0.137636,0.447299,0.865749,1
-0.0408765,-0.439496,0.675467,0.842237,0.88585,-0.788962,0.152355,-0.0270546,-0.337722,-0.222202,0.876328,0.202562,-0.873438,0.296866,-0.326458,0.25194,-0.00101559,-0.118179,0.62048,0.302558,0.537629,0.485157,0.465136,0.595117,-0.603504,-0.360338,0.285731,-0.560715,0.191401,-0.0458133,0.475696,-0.0624432,0.440306,0.767917,1
-0.598278,0.604859,0.711915,0.131893,0.131503,0.54781,-0.0234873,-0.175222,-0.542621,0.438481,1.32339,0.574204,0.0676925,0.412693,-0.612031,-0.413333,-0.221111,-0.574552,0.131984,-0.943593,-0.818521,-0.439964,0.3089,-0.0676465,1.40726,0.307606,0.219324,0.598581,-0.438692,-0.711053,-0.147346,0.0686903,0.56507,0.788819,1
-0.274203,0.698325,-0.326846,-0.0774381,0.640617,0.110834,0.160361,0.31689,0.0121365,-0.321039,-0.225785,0.269927,-0.0851399,0.501977,0.514902,0.171136,0.348025,-0.791536,-0.0577978,0.45954,0.308391,-0.629656,-0.131332,-0.80624,-0.131852,-0.825684,-0.547233,-0.138194,0.286257,-0.188402,-0.163894,0.222499,0.553818,0.9273,1
-0.441808,-0.414807,0.52155,-0.622081,-0.35911,-0.725069,0.123848,-0.823699,-0.968294,-0.925941,0.37778,0.228008,-0.268314,-0.369181,0.0721678,-0.131214,-0.416724,-0.102251,-0.177803,-0.755036,-0.572368,0.0183923,0.042948,0.268089,-0.431175,-0.153587,-0.377774,-0.531528,1.50682,0.0131161,-0.27741,0.0183627,0.449134,0.788996,1
-0.0989508,-0.565323,-0.770804,-0.090988,-0.0850284,-0.134792,-0.291356,0.0858647,-0.486684,-0.448767,-0.158057,-0.092379,-0.00259589,-0.35213,-0.130477,0.678539,0.432056,0.253916,0.265079,0.485201,0.858966,-0.465143,-0.0529962,0.0893696,1.26242,0.509005,-0.290485,0.639617,-0.580712,0.218783,-0.471065,0.408969,0.53435,0.825313,1
0.108917,0.178642,-0.02935,0.30259,0.656654,-0.163243,-0.322476,-0.596209,-0.382627,-0.664847,0.777532,0.0808515,-0.458656,-0.855044,-0.369281,0.148289,0.0993051,-0.0770211,-0.218254,-0.166718,-0.109069,-0.455531,-0.326614,-0.88268,0.34119,0.688601,-0.236088,0.978418,0.925465,-0.0880426,0.19416,0.308327,0.504539,0.842993,1
0.24216,-0.204068,0.725633,0.685599,0.518255,-0.504038,-0.324827,-0.0850926,0.479015,-0.212436,-0.436213,-0.652754,-0.151512,-0.183363,-0.0130123,1.48042,-0.590776,0.0795184,0.884644,-0.818352,0.567169,0.239931,0.164812,0.16694,-0.319005,0.1294,0.529821,0.302392,0.211452,0.977128,-1.09848,-0.318691,0.471525,0.770857,1
-0.0890169,0.486038,-0.130224,0.0393117,-0.0254942,-0.338585,0.102826,-0.315379,0.266799,-0.426366,-0.45624,-0.187977,0.329778,-0.69148,1.07454,0.581524,-0.476214,1.2975,-0.353013,0.183865,0.265498,0.131106,-0.228378,-0.355169,-0.364675,-0.551002,-0.252914,-0.577531,-0.771701,-0.0888682,-0.452547,0.588518,0.555452,0.812988,1
-0.11348,-0.119844,-0.121177,-0.304347,0.930097,0.0897688,-0.556104,0.0662528,-0.862298,0.172182,-0.0293318,-0.028795,-0.31278,-0.0860448,-0.23244,0.575429,0.239873,0.699057,-0.0205232,0.769775,-0.888156,0.0269295,0.634791,0.0763618,-0.170364,-0.109536,0.384916,0.428098,0.0961693,-0.53416,0.784222,-0.263575,0.557915,0.881547,1
0.356841,-0.0387522,0.243064,-0.0149889,-0.402653,0.722805,0.17241,0.684132,0.564718,0.867077,0.0627793,-0.776314,0.446386,0.263587,0.445593,-0.309045,0.254941,0.23686,0.027305,-0.185538,0.877852,-0.656693,0.547675,0.0242033,0.0524278,0.585856,0.358457,0.0685616,-0.350213,-0.246807,0.44288,-0.339248,0.489929,0.884911,1
0.207982,0.23163,0.370385,0.203324,0.261173,7.95,0.160837,0.321582,0.11986,0.183662,0.150298,0.247948,0.134726,0.141686,0.3043,0.214873,0.367134,0.240274,0.271023,0.399166,0.169422,0.225979,0.191694,0.283546,0.390131,0.277367,0.379532,0.135636,0.374226,0.125708,0.307491,0.356783,0.52,0.82,1
0.150871,-0.0261295,0.39604,0.202441,-0.0130547,-0.139472,0.581982,-0.242495,-0.053924,-0.889785,-0.602431,-0.424925,1.14391,0.00567658,-0.0377469,-0.148405,0.208203,-0.700023,-0.427915,-0.334337,-0.545944,0.51993,-1.30269,-0.0227633,-0.652199,-0.12327,-0.0569204,-0.437815,0.460436,0.415221,-0.762207,-0.299969,0.502982,0.822643,1
0.161969,0.00802123,0.660821,-0.309726,-0.143106,-0.640515,0.554439,0.594638,-0.00343783,-0.44457,-0.22628,0.0192361,0.0188115,0.445326,0.330748,0.158433,-0.0665683,-1.08496,0.750573,-0.466402,-0.418038,-0.394929,-0.149499,-0.46484,-0.537952,0.399941,0.336444,-0.138383,0.815194,-0.141551,-1.11025,0.288958,0.567127,0.862738,1
-0.476916,-0.598053,-0.307716,-0.303431,-0.175454,0.314713,-0.449223,-0.233347,-0.239802,0.342081,-0.0836145,0.0878634,-0.498503,0.927272,-0.638197,-0.162129,-0.043215,0.726703,0.352065,-0.652944,0.0475559,-0.316982,0.163545,-0.392661,-1.03104,0.587927,-0.405035,-0.21763,0.698312,-0.0337347,0.81273,-0.496157,0.572025,0.910674,1
0.486074,-0.580287,0.0238673,0.450708,0.480382,-0.0934153,0.43865,-0.630829,0.170252,-1.37872,-0.0731487,-0.202103,-0.619562,-0.182514,0.268347,0.448404,0.472604,0.522801,0.35378,0.239418,-0.482274,0.83096,-0.899026,-1.05851,-0.0151395,0.660072,-0.679463,0.394725,-0.259015,0.348699,0.465713,-0.586904,0.491322,0.854484,1
-0.115676,0.83288,0.310588,0.246367,0.274547,0.552226,-0.0630974,0.40213,-0.316307,0.886953,0.566586,0.697386,-0.0578381,-0.0996043,0.527954,0.224049,1.10325,-0.59046,-0.836506,-0.287744,-0.0597554,-0.187118,0.984008,-0.455204,-0.417575,0.256436,-0.538606,-0.0574217,-0.232211,0.131467,-0.838027,-0.217953,0.573831,0.885536,1
0.426547,0.145537,-1.10208,-0.412452,0.190334,-0.627442,-0.319504,-0.149002,0.721326,-0.399181,0.129906,-1.08755,-0.948456,-0.0718482,0.910622,0.673871,0.0958964,-0.223415,-1.00008,0.217156,1.03345,-0.135292,-0.431933,-0.54214,0.556841,-0.584718,-0.423985,-0.246414,0.634622,-0.00763034,0.57558,-0.160212,0.472468,0.91838,1
-0.510176,0.0426783,-0.341258,-0.635609,-0.766745,0.810684,0.0602571,-0.141137,1.03496,-0.161977,-0.440109,0.65979,-0.447466,0.153264,0.238155,-0.224613,-0.139984,0.227053,-0.394252,0.343215,0.102455,-0.281355,-0.396347,-0.419017,0.0147472,-0.351544,0.0588393,-0.31332,0.304001,0.334646,-0.204562,-0.581026,0.47493,0.875648,1
1.295,-0.477591,0.169551,0.836879,0.590651,0.367836,0.0377968,0.228848,0.89723,-1.08703,0.13921,0.0493206,-0.223268,-0.293869,-0.214391,0.0887013,-0.664323,0.850503,0.221891,0.492644,0.497143,-0.881023,0.398665,-0.579233,-0.345189,0.0923181,0.273845,0.175198,-0.124074,0.905301,0.552487,-0.12605,0.526381,0.903368,1
0.0454903,-0.185576,-0.478047,-0.396539,0.31569,0.261227,-0.0297442,0.423702,0.672512,0.433594,0.491722,0.352433,-0.00141985,-0.499419,0.278092,-0.601658,-0.520981,-0.39553,-0.363583,-0.0198858,0.39229,-0.34236,0.625199,-0.665844,-0.356631,0.242065,0.861161,0.347467,0.825776,0.359229,-0.227225,0.325184,0.47399,0.861353,1
0.397896,0.375881,0.130116,-1.20181,0.518542,0.256874,-0.0452312,-0.210543,0.326011,0.450953,0.457107,-0.0398942,-0.556339,-0.160906,1.07478,0.164802,-0.204673,0.219452,-0.561812,0.291614,0.242411,1.28135,0.182993,-0.278664,0.131407,0.540603,0.474264,-0.324509,0.240222,-0.0229849,-0.566653,-0.412282,0.435044,0.944034,1
-0.491034,0.489275,-0.795855,0.268035,0.529864,-0.495477,-0.425607,-0.746146,-0.596109,-0.335719,0.577634,0.909282,-0.930723,-0.171396,0.502491,-0.0785591,-1.07666,-0.250805,0.0365738,0.227776,-0.596134,-0.105335,0.536633,-0.79707,-0.270936,0.246539,-1.04448,0.382449,-0.596529,-0.0687843,0.16707,-0.00747933,0.513053,0.831284,1
-0.334286,-0.901492,0.118813,0.375629,-0.338586,-0.577336,-0.228039,-0.471252,0.822528,0.0651875,-0.0100143,-0.518625,-0.00987958,-0.813377,-0.304081,0.189856,0.0250535,-0.442348,-0.981369,0.829573,-0.232196,0.267717,-0.675678,-0.597808,0.147945,0.114231,0.269571,-0.0705342,0.947328,-0.935699,-0.158028,0.650654,0.442879,0.846616,1
0.213926,0.411722,-0.997111,0.151813,-0.0608664,0.461607,-0.184472,0.470034,0.107273,-0.617779,1.31883,0.687636,0.421798,0.00415218,0.0189176,-0.000348094,-0.514386,-0.79155,-0.275817,0.049095,-0.30001,0.548892,0.452763,-0.0101131,-0.205533,0.101267,-0.0587124,-0.00711313,0.990785,-0.791403,-0.0986093,-0.576184,0.437417,0.912956,1
-0.0462571,-0.0338093,-0.0619893,0.00978452,0.76861,0.00135099,0.353022,0.289475,0.0731495,0.288068,-0.61366,0.047157,0.0887552,0.574311,0.107287,0.537365,-0.756545,0.467264,0.241181,0.617424,0.351653,0.19442,0.425725,0.269669,-0.0666364,0.80627,0.590876,-0.161336,0.690699,-0.596637,-0.35801,-0.350112,0.444024,0.910207,1
0.468898,-0.36217,-1.39476,-0.63004,0.372745,0.929345,0.750504,-0.327103,-0.166926,-0.323423,0.334509,-1.22617,0.480007,-0.389938,-0.691942,-0.13929,-0.19508,1.31908,0.945937,0.645681,-0.163065,-0.416838,-0.23091,0.762209,-0.671456,0.781609,0.513862,0.160934,0.578867,0.315863,0.413229,-0.541461,0.494564,0.841709,1
0.726639,-0.523705,-0.0342864,-0.066228,-0.250287,-0.0169833,0.583402,-0.638602,-0.678699,0.441569,-0.390155,-0.341235,0.237424,-0.0673119,0.649638,0.24491,-0.166747,0.373929,0.215651,-0.195923,-0.378924,-0.431577,-0.0926401,-0.242223,0.460931,-0.4976,-1.16878,-0.250508,0.0275359,0.549988,0.0938084,-0.0615605,0.543212,0.938424,1
0.208182,-0.219882,-0.655951,0.45533,0.655572,-0.576459,0.522572,-0.437221,-0.464779,0.601831,0.0977737,0.52549,0.389864,-0.607652,-0.269062,0.264972,0.744645,-0.00135118,-0.111948,-0.285714,-0.104291,-0.488885,-0.402034,-0.490712,0.00916888,-0.303827,0.855963,-0.865774,0.0253906,-0.335778,-0.415507,0.474125,0.557827,0.775233,1
-0.241991,-0.0595384,0.228952,0.00365901,-0.215963,0.579873,-0.440774,0.807368,0.15642,-0.138304,0.237984,-0.478769,0.28907,-0.228798,0.617229,-0.177828,0.190625,0.254711,0.067104,0.423283,0.513952,0.661395,-0.560281,0.918744,-0.258457,0.374993,-0.204309,0.48232,-0.529159,0.336558,-0.0524087,0.523111,0.485242,0.883124,1
0.577064,0.472211,0.592991,-0.345888,0.72871,0.293912,-0.760367,0.543398,0.522547,-0.758879,0.714006,-0.617335,0.325463,-0.0219714,-1.32962,-0.932223,0.746276,0.404422,0.287287,-0.736854,0.208396,-0.0385796,-0.658035,0.967298,-0.207698,-0.253397,0.25704,-0.620586,0.492454,-0.766546,-0.572345,-0.0480457,0.442592,0.933738,1
-0.856592,-0.440926,0.329422,0.50237,0.256633,-0.374216,0.261881,0.0631762,0.755306,0.349801,0.0924157,-0.752502,0.0405481,0.355603,0.440498,0.0590108,0.610425,0.652033,-0.0113801,-0.261858,0.180406,-0.559839,-0.873409,0.201311,-0.0790781,-1.17062,-0.547773,0.946272,0.526822,0.00351992,-0.209054,-0.0665328,0.445328,0.931531,1
0.849967,-0.813108,0.626073,-0.779238,-1.0006,0.475621,-0.0291026,-0.041294,0.373961,0.315165,0.39996,-0.783014,-0.652648,-0.662162,0.766197,0.0513035,-0.634267,0.603632,0.2183,0.337276,0.0313301,-0.334297,0.19859,0.684027,0.73259,0.282822,1.08397,-0.0386913,-0.217095,0.444859,-0.406694,0.978559,0.481841,0.807948,1
-0.648841,-0.407251,-0.475661,0.186496,0.408857,0.224379,0.912472,-0.580205,0.49783,0.203326,-0.00278912,0.487079,-0.559488,-0.12197,-0.0816782,-0.285415,0.0124971,-0.14846,0.244541,0.239191,-0.0298213,-0.210942,-0.98109,0.318011,-0.35567,0.292782,0.467068,-0.285271,0.0277542,0.480609,0.12565,-0.0909529,0.485368,0.86514,1
0.487125,-0.879148,0.234915,0.0320535,0.393575,1.08093,0.491767,-0.601962,0.765739,-0.186313,-0.884096,0.268259,0.54101,-0.545402,0.468093,0.437635,0.0964623,-0.225612,0.119056,0.423621,0.956668,-1.07092,0.254981,-0.10358,0.240599,0.116286,-1.15685,-0.137788,-0.0241553,-0.209513,-0.0864632,0.643594,0.44811,0.818182,1
0.0712695,-0.244271,-0.0434737,0.0209064,0.258143,-0.405447,0.604698,0.012138,-0.370533,-0.870159,0.20826,-0.25162,-0.0951589,0.25068,0.0767079,-0.112815,-0.488475,0.183161,0.379296,0.329554,-0.290084,0.0450468,-0.091722,-0.194737,-0.323424,0.883164,0.0223552,0.841577,-0.473217,0.297136,0.704559,-0.825913,0.544718,0.87255,1
0.710648,0.72625,-0.186802,0.896534,0.302328,0.186795,-0.550552,0.404579,-1.40012,-0.55736,-0.488184,-0.824646,-0.238633,-0.722413,0.068654,-0.124308,0.136792,0.196392,0.446233,-1.05315,-0.693409,0.139356,-0.194707,0.135936,0.0757718,0.0309483,-1.11073,-0.0696257,-0.275031,-0.835973,-1.11736,-0.235045,0.515295,0.807943,1
0.595128,0.0628779,-0.329864,0.0911244,-0.686988,-0.0761781,-0.760001,0.215393,-0.0673874,0.179516,-0.112142,0.826919,-1.31568,0.318871,-0.486997,0.245338,-0.337702,-0.704706,1.27701,-0.461552,0.457921,-0.177966,0.0290952,-0.1426,0.42003,0.581588,0.797235,-0.684761,-0.158004,-0.073663,-0.340683,-0.00344207,0.45669,0.847543,1
-0.0249002,0.73251,-0.759586,0.0692522,-0.0570788,0.0096886,-0.351403,0.25703,-0.410446,0.751666,0.498957,-0.56232,0.893816,-0.251215,0.384773,-0.805412,0.266973,-0.261275,0.229676,-0.0851155,-0.0348323,0.627796,0.404299,-0.514238,-0.522594,0.532367,-0.38141,-0.283427,-0.28567,0.328038,-0.369435,-0.794539,0.560318,0.862961,1
0.528621,-0.0651717,-0.245328,-0.447948,0.310986,0.123769,-0.925736,0.0722623,-0.115117,0.231167,-0.299045,0.240628,0.314106,0.183468,0.143732,-0.530874,0.170007,0.176637,-0.0119795,0.206083,-0.156633,-0.442518,-0.964194,0.565985,0.207651,-0.355112,0.341797,-0.203245,0.019113,-0.0785705,-0.416056,-1.16024,0.563833,0.851269,1
-1.52351,0.843359,0.29453,0.348745,0.775051,0.390172,-0.792492,-0.111982,-0.0540686,0.331586,-0.196993,0.912003,0.223681,-0.901914,-0.123268,-0.404123,-0.509785,0.0678961,0.612104,-0.250736,0.00334781,0.139722,-0.0448669,-0.138367,0.474482,0.122874,0.182918,-0.00775134,0.811395,-0.897837,-0.444132,-0.805288,0.441491,0.915116,1
-0.326991,0.453413,-0.996783,0.131142,-0.849202,0.442069,-0.254087,0.224063,-0.778855,0.16904,0.614424,-0.153203,-0.380178,0.171216,-0.0155816,-0.703435,0.101143,-0.626506,-0.724242,0.160908,-0.550125,0.355051,-0.620059,0.711697,0.010058,0.302218,-0.998997,0.994272,-0.0722173,0.544605,-0.642791,-0.182339,0.509992,0.859966,1
0.908622,0.741502,-0.512237,0.422032,-0.22847,-0.649387,1.0796,0.625735,-0.101475,-0.252248,-0.527362,0.119752,0.0378624,-0.378469,-0.285463,0.114271,-0.320756,-0.230284,0.202143,-0.803063,-0.223189,-0.365905,0.199366,-0.25309,1.1378,-0.234082,0.0111466,-0.0354342,-0.287853,0.129398,-0.658201,0.250061,0.55983,0.773929,1
0.301091,0.553837,-0.123366,-0.199549,-0.0467239,-0.493234,0.198056,0.290431,0.288293,-0.293665,0.0227803,-0.132004,0.331808,-0.627951,-0.483552,-0.43216,-0.046513,0.480346,-0.400731,-0.0248383,-0.047461,-0.0852345,0.237666,-0.200173,0.40362,0.190179,0.611343,-1.20319,0.161164,-0.274635,0.0443309,0.872387,0.518728,0.931798,1
0.706634,-0.299768,0.258216,-0.162369,-0.131615,0.960607,-0.615357,-0.417966,-0.259602,0.718239,0.0822537,-0.114759,1.16812,-0.384714,-0.480182,-0.230555,0.241897,-0.523682,-0.245463,0.0859958,-0.0844717,-0.421368,-0.271546,0.333879,0.0703118,-0.0915242,-0.590221,0.433016,0.431576,-0.527304,0.718888,-1.07227,0.57657,0.810384,1
-1.11055,-0.0779743,0.0467635,0.609306,0.564628,-0.433311,-0.206276,0.471726,0.691015,-0.401288,-0.0959321,0.333037,0.0977042,-0.0516358,-0.401289,0.226315,-0.235216,-0.176726,-0.435789,-0.604883,0.119882,-0.704684,0.103542,0.420084,-0.264654,-0.456053,0.00757833,-0.954427,0.0797692,0.0386508,0.0727469,0.0257437,0.548241,0.888162,1
0.599295,-0.841015,-0.85555,-0.251436,0.255624,-0.453279,-0.237869,-0.485535,-0.215268,0.0236624,0.294142,0.224888,-1.0663,-0.237546,0.666708,0.0448872,-0.831933,-0.340351,0.393432,0.696223,-0.483647,0.364918,-0.455018,0.337296,0.0900291,-0.274277,-0.256363,0.264882,-0.333983,0.18833,-0.13051,0.155807,0.479115,0.83601,1
0.0601631,-0.131437,-0.0390228,-0.168671,0.403648,0.264597,0.835942,0.547949,-0.507699,-0.238017,-0.764088,0.038017,-0.686973,0.416723,-0.175035,-0.59432,0.00779247,-0.0764212,0.737386,0.172049,0.430017,-0.279106,0.177854,1.07678,-0.159186,-0.204544,-0.53474,0.0409847,-0.573681,-0.87949,-0.565435,-0.461106,0.494035,0.859761,1
1.64454,0.453478,-1.1869,0.883404,-0.343535,-0.357003,0.339058,-0.492641,-0.907007,-0.000972295,-0.465407,0.304073,0.676341,0.0807848,-0.688627,0.0377274,-0.169089,0.260425,-0.0125781,-0.715999,0.239374,0.691011,-0.708074,0.0474808,-0.843875,0.488515,-0.0921349,0.556453,-0.425259,-0.239677,0.26285,1.14597,0.523275,0.778714,1
-0.297972,-0.0952343,-0.620941,-0.853721,0.214589,0.459898,-0.0449892,0.108498,-0.53466,0.328557,-0.00995414,0.339157,0.307894,-0.265647,-0.323117,-0.0231475,-0.0109827,0.705498,-0.386605,0.0920381,0.413042,-0.125245,0.746686,-0.00152479,-0.906834,1.21557,0.798349,0.242002,0.348539,-0.0224246,0.44329,0.381075,0.429241,0.935581,1
0.600907,1.04952,0.517749,0.822862,0.14437,-0.890115,0.489866,0.556882,-0.771137,-0.424792,0.753625,-0.834658,-0.131856,0.116314,0.503722,-0.188334,0.499182,-0.388453,1.24496,0.28147,0.0239332,-0.0827253,0.332221,-1.00159,-0.12508,0.461428,-0.210446,-0.0234615,-0.0676099,0.969766,0.326138,0.15187,0.461527,0.767591,1
-0.793157,-0.125656,0.851354,-0.17046,-0.0421921,1.53406,0.381988,-0.0247459,0.353447,1.12171,0.439197,-0.0218803,-0.49187,-0.134654,0.384737,0.557299,0.0745267,-0.535183,-0.383851,-0.715945,0.398985,-0.659722,0.502066,-0.893512,0.291437,0.713768,-0.329223,-0.322423,0.430498,-0.0764576,-0.223823,-0.171504,0.546061,0.945077,1
0.0289322,-0.0945969,0.137305,0.0133193,-0.342044,0.476201,0.578161,-0.0762899,0.462178,0.092403,-0.917138,-0.911407,-0.127308,-0.701432,-0.620843,0.090142,0.619571,0.450832,-0.30675,-0.0486235,-0.168986,-0.324868,-0.0657977,0.8589,0.634109,-0.554945,-0.548012,0.382813,-0.0530585,0.700554,0.512028,-0.317189,0.474152,0.813492,1
0.915388,-0.612923,-0.55457,0.119496,-0.117612,0.878052,-0.363087,-1.0089,-0.309033,0.352594,-0.181212,0.529412,-0.0225874,0.350664,0.0353648,1.34321,0.0915758,-0.0830352,0.630031,-0.438593,0.605236,-0.593882,0.177198,-0.136319,0.912583,0.450115,-0.438556,-0.149487,-0.0497445,-0.170091,0.299419,-0.492275,0.481188,0.823682,1
0.72422,0.0276805,0.201149,-0.269944,0.215041,0.961057,0.117732,0.450812,-0.41297,-0.78523,0.537142,0.630639,-0.434563,-0.583149,0.475338,0.998088,0.0851619,0.431633,-0.801163,0.200934,0.269116,0.0677344,0.0579487,0.0055624,0.331684,-0.428922,-0.0448936,-0.634085,0.0224419,-0.863191,-0.593156,-0.538651,0.547246,0.863244,1
-0.324388,-0.0513789,-0.880118,-0.168902,0.144014,0.0108598,-0.246192,-0.575672,0.0914983,-0.0338733,-0.194844,-0.418229,0.100018,0.234117,1.20924,0.569866,-0.294046,-0.572628,0.774609,-0.29131,-0.676676,-0.217804,-0.356593,-0.682612,0.523792,0.190097,0.218136,0.46992,-0.142831,-0.168448,0.0395608,-0.800247,0.52675,0.81263,1
0.251442,-0.93393,0.365516,-0.012904,-0.564767,0.256993,-0.281827,-0.354389,-0.267101,0.841253,0.309435,0.902681,-0.379777,0.313592,-0.352669,-0.0650174,0.479795,-0.930932,1.28945,-0.244512,-0.20169,0.17325,-0.0976468,-0.863828,-0.899818,-0.515939,-0.488102,-0.0127786,0.482547,-0.0418431,0.978148,-0.157329,0.51065,0.832995,1
-0.865559,-0.129282,-0.217168,-0.12476,-0.891937,0.446223,0.143617,-0.280797,-0.36489,0.0249201,0.290995,-0.250633,-0.149941,-0.632104,-0.0747726,0.726851,0.254293,0.0266241,-0.267611,0.559487,-1.04012,0.320116,0.944917,0.342707,0.563451,-0.759669,0.536976,-0.648579,-0.193804,-0.0362926,-0.00106344,-0.42988,0.493913,0.790259,1
1.31533,0.213488,-0.284665,1.27873,0.625579,-0.286206,0.392268,-0.133867,0.710479,0.442659,-0.168118,-0.111274,-0.310407,-0.689148,0.0364268,-0.234249,0.202057,-0.283508,0.2145,-1.09851,-0.0738382,0.176555,0.25944,-0.160298,-0.456924,-0.469379,-0.982014,-0.415733,-0.19363,0.463973,-0.154757,-0.0382525,0.421438,0.908183,1
-0.328997,-0.771881,-0.0761361,0.327202,-0.10344,0.292143,0.218441,-0.480442,-0.00236487,0.575212,0.671243,0.557479,0.993289,-0.743969,-0.19699,0.397512,-0.626879,0.119795,0.471704,-0.313912,0.063207,-0.0913749,0.289142,-1.24537,-0.0611854,0.417574,-1.08835,-0.25258,0.577766,-0.0555176,0.103913,0.240625,0.440457,0.876268,1
-1.20489,0.284756,0.068567,0.356921,0.732792,0.00258636,-0.616864,0.017731,-0.5837,0.785065,0.0393726,0.601808,-0.247596,0.156627,-0.765024,-0.472555,0.977877,-0.198045,-0.60111,-0.471024,-0.237413,-0.166722,0.578083,0.187967,-0.632933,-0.166495,-0.161706,-0.660021,-0.115619,0.235536,-0.191039,-0.0701722,0.518071,0.781646,1
0.929489,0.00368972,-0.487139,0.515243,1.03355,0.118589,0.0598144,0.458544,0.546394,0.225683,0.169834,0.177621,-0.843604,-1.09509,-0.354949,0.0310393,0.286291,0.158684,-0.108948,-0.274177,0.472651,-0.293234,-0.724159,0.234334,-0.587681,-0.164882,-0.406059,0.0616157,-1.05629,-0.664899,-0.299412,0.354516,0.54701,0.81691,1
0.50922,0.0082018,0.288941,0.44041,0.195626,0.116572,-0.649259,0.625762,0.479267,0.788801,0.0208658,0.0118307,-0.0692739,0.282802,-0.632515,-0.501244,0.348025,-0.712041,0.527485,-0.817959,-0.905608,0.173152,-0.774659,0.555239,1.16855,-0.285457,-0.237005,0.605283,-0.13819,0.173193,-0.0195321,0.751243,0.514134,0.915151,1
-0.118422,-0.691574,1.03864,0.300322,-0.133181,0.292343,-0.17152,0.250381,-0.549913,-0.647359,0.30351,0.156159,0.0542954,-0.302066,-0.0952966,0.27,0.510088,0.0310409,-0.499148,0.883606,-0.78175,0.583412,-0.182535,-0.44524,-0.93542,0.553174,0.219163,0.0423357,-0.0617984,-0.218896,-0.39169,-0.0724449,0.555982,0.784096,1
0.0953377,0.221444,0.191512,0.902628,-0.315691,-0.324248,1.13407,0.1972,0.212984,-0.515071,0.171251,0.0498304,-0.0351272,-0.22369,0.0706584,-0.0182316,-0.853059,0.754395,-0.45334,1.15383,-0.876154,-1.43271,-0.479713,-0.775807,0.147502,-1.04022,0.584524,-0.0672024,-0.232219,0.451125,-0.44287,0.0811057,0.43249,0.763485,1
-0.0269884,0.34708,0.0917703,-0.419677,-0.163862,0.110589,0.311457,0.262622,0.103937,0.324914,0.500666,-0.170119,-0.143648,0.500582,-0.435607,0.339894,0.347759,0.778724,-0.541743,0.584096,-0.499197,-0.364252,0.262828,-0.937687,-0.329921,0.248492,0.0758367,-1.28598,0.518244,-0.055786,-0.513439,-0.118562,0.539118,0.889944,1
1.28567,-0.81826,0.0845435,-0.154036,-0.343301,-0.362467,0.699371,-1.20079,0.593893,0.206441,-0.278347,-0.462969,0.202597,0.558482,-0.244611,-0.83688,-1.4056,-0.689475,1.02609,0.248972,0.824446,-1.13488,-0.198674,0.092435,0.241251,-0.792331,0.482229,-0.287611,-0.697625,-0.715281,0.11838,-0.998088,0.56854,0.776383,1
0.0299029,-0.450479,0.116987,-0.786119,-0.663901,0.166445,1.05236,-0.292543,-0.509463,0.0298666,0.711844,0.539948,0.677002,-0.0816643,0.381468,-0.0268099,0.236847,-0.0556317,0.803128,-0.54586,-0.0981043,0.0544744,0.191634,-0.539727,-0.242538,0.28088,-0.652094,-0.781569,0.373043,-1.19832,0.40409,-0.0857439,0.499258,0.775461,1
-0.201447,0.0515427,-0.449881,0.835877,0.173345,-1.0798,0.621559,0.0613685,-0.380929,0.711376,-0.0969304,-0.0622032,-0.346555,0.0960251,0.45951,0.186965,-0.865975,-0.570174,-1.02002,-0.0599603,0.0689263,0.0449477,-0.714022,0.355413,0.421263,0.12806,0.317945,-1.34683,0.115693,-0.0153629,-0.940697,-0.678636,0.457348,0.856454,1
0.454153,0.306902,-0.148666,-0.1211,-0.0454444,0.770329,-0.606588,0.433551,-0.019209,0.428285,-0.22796,0.734666,-0.462327,0.138208,0.994242,-0.222161,-0.252419,-0.438601,0.173327,0.121915,-0.332544,0.315114,-0.761132,-0.601595,-1.03386,0.208647,0.337465,-0.122139,-0.0878157,0.530662,0.431997,-0.708426,0.433129,0.846832,1
-0.0220017,-1.58087,-0.328779,0.0766309,0.166388,0.842592,-0.666629,0.500994,1.16958,1.01791,-0.217263,-0.321278,-0.683808,-0.539886,-1.05351,-0.752549,-0.473035,-0.0532103,-0.238027,0.231876,-1.24981,0.301776,0.134317,-0.177535,0.48636,0.760996,0.0980643,0.328812,-0.706356,-0.200246,-0.74815,0.0302767,0.540676,0.933092,1
-0.545217,0.19108,-0.354225,-0.602325,-0.00334661,-0.616459,-0.228852,-0.81367,0.816418,0.400304,0.670284,0.941464,-0.31211,0.394911,0.418782,0.14754,-0.214717,0.717304,-0.0405194,-0.249631,-1.08861,0.118787,-1.22969,-0.339988,-0.707788,0.0317921,-0.991392,-0.0562961,-1.1804,-0.0849931,-0.151781,0.462104,0.556362,0.924844,1
-0.488958,-0.880022,0.004469,-0.373991,-0.159861,-0.485516,-0.434749,0.290041,-0.0575138,0.0630006,0.303416,0.0777229,0.117259,0.502746,-0.353047,0.105813,0.218488,-0.0079464,0.330084,0.0426721,-0.16451,-0.376885,0.292302,-0.0446329,0.417022,0.14381,-0.218301,-0.387854,0.0746175,-0.214629,-1.04782,0.321624,0.505858,0.930336,1
0.411067,-0.457444,-0.116332,0.868206,0.437252,0.440459,0.0841104,0.0203303,0.248376,0.384985,0.456248,0.627904,-0.0121397,-0.0663736,0.414716,0.153364,-0.464596,0.326546,0.0150886,0.591512,-0.0103935,-0.158941,-0.4109,0.655155,-0.178541,0.800719,-0.696317,-0.537826,0.042902,0.135657,-0.0388318,0.0181292,0.46668,0.812266,1
-0.322925,-0.0953093,0.54548,-0.249247,0.285714,0.151247,-0.218734,0.0766864,-0.17204,0.678831,-0.406988,0.226608,-0.119154,0.84996,0.0441466,-0.740762,0.565559,0.224341,0.407763,0.41288,0.174576,0.536026,0.664067,-0.473043,-0.653727,0.661674,0.556387,0.329895,0.436874,0.316089,0.239062,-0.285521,0.444969,0.865139,1
-0.0566066,1.15351,0.909118,-0.591864,-0.315921,0.452483,-0.0975272,-0.0291675,0.223468,-0.107297,0.5407,-0.829561,0.208579,0.0913701,0.128615,-0.0759201,0.302854,-0.125716,-0.107859,-0.468706,0.337731,0.0783097,-0.396355,-0.630112,0.53746,-0.122452,1.13534,0.361366,0.142919,-0.0231562,0.473762,-0.258739,0.511219,0.890251,1
0.24237,0.127569,-0.0799812,0.149571,-0.122775,-1.29383,1.01076,0.830704,0.513202,-0.148934,-0.454529,-0.762222,0.350225,-0.358132,-1.23785,-0.505788,-0.601288,-0.0474273,0.327629,-0.569061,0.0486956,-0.0844287,0.592891,-0.998176,0.420945,0.98914,-0.255051,0.265656,-0.224586,0.588133,-0.422105,0.430474,0.48746,0.78474,1
0.514061,-0.253535,0.883583,0.10203,-0.178181,0.232117,0.838801,-0.543697,-0.638865,0.0088531,0.0503501,-0.170454,0.330483,0.163512,0.337914,-0.524935,-0.479948,0.152518,-0.154105,0.00341719,0.404604,-0.203021,-0.583069,-0.18044,-0.426328,-1.2407,0.20325,-0.00293506,-0.340471,0.766912,-0.339048,0.482001,0.573676,0.935656,1
-0.280771,-0.268873,-0.580259,-0.293472,-0.199174,-0.332766,-0.2319,-0.387358,-0.393329,0.321441,-0.120765,0.765809,1.20881,-0.551091,-0.251988,-0.70415,-0.741169,0.507844,0.380796,-0.505744,0.0671518,-0.403876,0.054509,0.568095,-0.339077,0.00125554,1.16884,-0.380713,-0.363082,-0.972065,0.937898,-0.421108,0.457144,0.919846,1
0.117299,0.00729298,0.288894,-0.0454976,-0.089642,0.769337,0.453027,-0.34238,-0.415463,-0.417179,0.298448,0.153864,0.286945,0.0757628,-0.591764,-0.522035,0.0847241,-0.107559,0.0241359,0.191122,0.59341,-0.169436,0.121895,0.173302,0.590956,0.800057,-0.30893,-0.978836,-0.0387671,-0.146498,0.184761,1.25855,0.55065,0.790073,1
0.297132,-1.0676,-0.137353,0.20617,0.963539,-0.809538,-0.453891,0.400667,0.0928016,-0.118455,0.0904312,0.0883396,-0.0158279,0.945269,-0.365362,-0.468338,0.558437,-0.104016,0.000544903,-0.163291,0.353611,0.330578,-0.768285,0.104367,0.402443,-0.737545,0.212857,0.413953,-0.638847,-0.0802185,-0.249976,0.136228,0.45146,0.779804,1
0.0146601,-0.335531,0.0440887,-0.793683,-0.187953,0.070855,-0.183902,0.0246,-0.69898,-0.491426,0.164112,0.440446,-0.709652,0.250758,0.284747,-0.196106,-0.425716,-0.142588,0.189311,-0.254007,-0.368538,-0.391901,0.0630297,-0.689083,0.230146,0.289207,-0.519901,-1.44022,0.169948,0.652849,0.574866,0.263646,0.421098,0.933582,1
-0.0883969,0.0234117,0.462352,0.292555,0.662871,-0.29141,0.378307,0.263482,-0.231454,0.14801,0.585173,0.605401,-0.54304,-0.582254,0.389508,-0.208205,0.330156,-0.357554,0.123262,0.143376,0.538891,-0.523134,0.263226,0.0361712,-0.305989,-0.639818,0.158306,-0.106108,0.492578,-0.293319,0.73696,0.309552,0.473958,0.789829,1
-0.0853392,0.408591,0.234063,0.333001,0.0441257,0.35885,-0.948027,0.180536,0.360606,0.0379678,-0.621054,-0.157438,-0.768004,-0.776085,-0.589222,-0.228711,0.287186,0.145071,0.409777,0.454025,0.286984,0.119222,0.957059,-0.205653,0.354816,0.49099,0.0153023,-0.167949,0.24807,-0.211714,0.0428172,0.821167,0.545559,0.942925,1
-0.0797999,0.917248,-0.377486,-0.354941,-0.106674,0.229281,0.037637,-0.612297,-0.217587,-0.813829,-0.220179,-0.148192,0.157504,0.423179,-0.180685,0.466692,-1.13377,0.325839,0.173817,-0.0120322,0.106867,-0.0910334,0.38545,0.269568,-0.0599636,-0.253724,0.26856,-0.0517325,-0.132083,0.424007,1.39881,0.0951622,0.576456,0.837971,1
-0.159151,-0.410967,-0.250191,1.0627,-0.126676,0.555712,0.233941,-0.0578125,0.00606964,-0.0924375,0.134297,0.637564,0.448105,-0.0450411,-0.0697288,0.599054,-0.731839,-0.139576,-0.0762576,-0.190552,0.540442,0.567192,0.16127,-0.740095,-0.420156,0.00679016,-0.178152,-0.201385,0.241701,0.324308,0.100565,-0.438081,0.444074,0.82868,1
0.217047,-0.441841,0.249005,-0.422887,-0.0227945,0.216139,0.359485,-0.0786103,-0.399517,-0.134395,-0.174872,0.797267,0.125333,0.78471,-0.282638,0.168384,0.0694036,-0.407389,-0.567557,0.251203,0.353479,-0.0882906,0.451638,0.224817,-0.134477,0.0231982,0.851995,-0.464702,-0.350217,0.133503,-1.34301,-0.0951384,0.432597,0.87122,1
-0.324258,-0.174393,0.0134657,0.671259,-0.358646,0.519257,-0.527843,0.742304,0.321841,0.418383,-0.410193,-0.142107,-0.782331,-0.151975,0.637222,0.494028,-0.155926,-0.362728,0.78198,-0.758275,0.539036,-0.686912,0.317433,-0.961759,-0.992674,0.0526349,0.226935,-0.295858,-0.427903,0.0205657,-0.199954,-0.445233,0.561126,0.792663,1
0.547645,-0.606054,0.814479,-0.448708,-0.0407558,-0.165543,-0.307341,0.256222,-0.320488,-0.65426,-0.390014,0.039359,0.413561,-0.60994,-0.182326,0.450992,0.743277,-0.474882,-0.0808634,-0.453384,-0.722715,0.137106,0.86544,0.292724,-0.704968,-0.276812,0.431229,0.211342,-0.298339,0.863728,-0.197881,-0.347291,0.510771,0.81161,1
0.741559,0.00101542,0.635352,0.278015,-0.144564,0.270813,0.66745,-0.0897782,-0.0461431,-0.0363383,0.167882,0.753594,-0.191921,-0.0100999,-0.882279,0.0156392,-0.305112,-0.585202,-0.89558,-0.070118,-0.798009,0.32442,-0.122287,0.714359,0.259555,-0.302927,-0.14481,0.997818,0.564308,-0.102369,0.622197,-0.0653712,0.463677,0.804629,1
0.99141,0.815175,0.149579,0.142434,0.170573,0.0940429,0.861032,-1.01084,0.509203,0.472529,0.3145,-0.55578,-0.660245,-0.55372,-0.468258,1.08523,-0.0413214,-0.291123,0.467431,0.208144,-0.421778,0.206417,0.0827079,0.178844,-0.900813,0.38206,-0.205604,0.328981,0.500611,-0.0429806,-0.431555,0.388168,0.566985,0.92873,1
0.275909,0.562942,0.265346,0.161185,-0.457752,-0.493483,0.483878,0.0441069,-0.28706,0.220008,-0.194684,-0.735235,-0.0700321,-0.118949,-0.708281,-0.565858,-0.20488,-0.505445,-0.0499288,0.100385,0.877549,-0.450513,-0.325754,0.798214,0.714969,-0.426704,-0.433535,0.0858214,0.926964,0.0602466,-0.322891,0.12726,0.57416,0.926268,1
1.17571,0.283687,0.435196,-0.355689,-0.190786,0.551769,0.0461427,0.225423,-0.917569,-0.785628,0.00744769,0.0864358,0.285899,0.498439,0.375077,0.417693,-1.01769,0.22731,0.999285,1.01008,-0.408697,0.168857,-0.135539,-0.322446,0.00159964,0.222939,-0.291609,0.481445,0.171601,0.132752,-0.440896,0.167235,0.468884,0.904697,1
-0.105699,0.00911166,0.109382,-0.318667,-0.0678422,-0.650098,-0.380965,0.47447,0.0381829,-0.553281,0.495479,0.324198,-1.03419,-0.225152,-0.0119684,-0.113695,-0.105541,0.696001,0.999716,0.0165186,0.526278,0.728042,-0.477133,-0.422349,-0.610066,-0.380243,-0.262908,-0.541893,0.0320043,0.594106,-0.526323,0.22748,0.475339,0.773253,1
0.95,0.88,-0.249925,-0.222421,-0.3018,-0.0543188,0.390637,-0.118226,0.403153,-0.160673,-0.412816,0.481651,0.0546239,0.216733,-0.00946083,-0.352373,0.122492,-0.479241,-0.401283,0.126636,-0.458959,-0.28462,-0.427479,-0.0808599,0.372593,0.0627626,0.403968,0.328476,0.413495,0.125549,0.22109,0.162297,0.48,0.2,0
-0.547528,0.876594,-0.864178,1.76832,0.0308799,-0.413871,0.252596,0.661061,-0.23594,-1.30407,-0.304904,0.109723,-0.385302,-0.318726,-0.456452,0.765371,-0.191629,0.166516,0.06616,0.432948,0.42872,0.0285589,0.333461,0.16136,0.56182,-1.03256,0.146353,1.07557,0.0895886,-0.0488949,-0.985364,-0.540633,0.525563,0.915651,1
0.194373,0.227396,0.253442,-0.234859,-0.136732,0.726817,-0.549681,1.10317,-0.674919,-0.242729,-1.36971,0.337362,-0.190435,-0.360069,0.108455,-0.171634,0.598053,-0.278583,0.340277,-0.197706,-0.258172,-0.768209,0.79219,-0.315283,1.14497,-0.392785,-0.68351,-0.209052,-0.33371,-0.518745,-0.105093,0.0741162,0.536006,0.771065,1
-0.362452,0.0678674,-0.17014,-0.287271,-0.611094,-0.133996,0.344378,0.421677,-0.0683115,0.440074,-0.012402,0.146344,0.580906,-0.269388,-0.178434,0.569597,0.128558,0.507279,-0.389626,0.57811,-0.483495,0.255019,-0.605273,-0.0915964,0.469481,0.135784,0.878363,-0.392348,0.00535222,-0.128042,-0.173781,-1.2992,0.534683,0.782215,1
-0.759499,0.0490471,-0.212369,1.2306,0.0350334,1.02877,-0.498765,0.0158594,-0.256211,-0.11491,-0.38397,0.328045,0.117729,0.386913,0.132111,0.47803,0.390851,-0.551172,-0.712521,0.146562,-0.478963,-0.480199,-0.584699,-0.373607,0.116711,-0.0712286,0.166865,0.517067,-0.264248,0.457724,-0.136856,-0.0286463,0.514795,0.832519,1
1.6634,0.846175,-0.381444,-0.398869,0.783199,-0.179109,-0.159156,0.219076,0.959118,0.016343,-0.752338,0.605705,-0.139846,0.375716,-0.167955,-0.3077,-0.617822,0.108726,-0.473412,0.412962,-0.799198,-0.558312,-0.852246,-0.668189,0.488886,-0.707851,0.479181,0.0255135,-0.146902,0.292369,0.724007,-0.414744,0.499789,0.94941,1
-0.341556,0.0436534,-0.710972,0.5541,-0.74867,-0.774602,0.765808,-0.468333,0.776729,0.0610051,-0.998234,0.241104,0.0833506,-0.0606667,0.168366,-0.7267,-0.486712,0.519268,-0.0254997,-0.174478,0.0103234,-0.639106,-0.285852,0.0850028,0.937906,0.585819,-0.14951,-0.143437,-0.503631,-0.150414,0.682575,-0.0727148,0.481873,0.784321,1
-0.175415,1.05163,-0.480278,-0.188099,-0.16042,-0.314022,-0.63343,-0.473322,-0.520567,0.0814869,0.718045,0.546531,-0.726746,0.608526,0.559094,-0.268529,-0.450248,-0.218036,-0.247731,-0.182618,-0.18079,0.306483,-0.272979,0.306636,-0.75403,-0.326051,0.090757,0.270941,0.863598,0.110559,0.955115,0.29882,0.477338,0.817197,1
0.16116,-0.0335924,0.0313993,-0.786847,-0.153061,-0.533277,0.473329,-0.518498,-0.761105,0.883594,-0.30672,-0.147583,-1.37249,0.459823,0.57174,-0.901797,0.441679,-0.425754,-0.0914876,-0.747885,0.146312,-0.308763,0.206657,-0.0825212,-0.522389,0.090357,-0.256491,-0.415357,0.511575,-0.191575,0.119629,0.415803,0.450901,0.912025,1
-0.139885,-0.137051,-0.660529,-0.0084851,-0.0895855,-0.492309,-1.01717,-0.494417,-0.145872,0.259412,-0.49686,0.092606,0.775904,0.0287583,0.713567,0.720633,-0.416041,0.277775,-0.0785337,0.601561,0.0966422,0.179681,-0.0418947,-0.0491554,0.211039,-0.279082,0.40233,0.159582,0.187193,0.530767,-0.855357,0.104961,0.508691,0.926354,1
-0.348204,1.03158,-0.0225207,-0.757047,-0.516121,-0.191213,-0.593074,0.691421,-0.114186,-0.0791979,-0.491118,0.114169,0.494219,0.0350169,-0.39717,-0.542378,-0.209086,-0.948423,-0.582381,-0.267107,0.464445,0.0969165,0.195375,0.0248044,-0.95455,0.122228,0.11281,0.241337,-0.126283,0.211102,-0.250361,0.213748,0.422917,0.873291,1
-0.360772,0.0693052,-0.198328,1.07518,0.512217,-0.0550502,-0.45859,1.02865,0.928159,0.795276,0.789341,-0.632331,0.374663,0.188469,-0.629597,-0.430463,-0.122797,0.691775,0.125212,-0.214637,0.276442,0.941599,0.632905,-0.527329,-0.0167217,0.111088,0.00482359,0.695184,0.544328,-0.170391,0.346861,0.000165084,0.431714,0.781672,1
0.597529,-0.620811,0.659416,0.998447,0.249028,0.534764,0.719226,0.670383,-0.0138535,-0.337136,-0.596938,0.868872,0.931825,0.224951,0.658853,-0.182668,-0.315609,0.407522,-0.168812,-0.57125,-0.0955571,-0.507819,-0.175314,0.897927,0.248085,-0.482533,-0.536866,0.20425,0.215934,-0.106492,-0.167336,0.519081,0.551802,0.793962,1
0.159478,0.49577,-1.02661,0.215669,-0.121336,-0.157156,-0.54642,0.162284,-0.383569,-0.00551749,-0.387968,-1.19436,0.231796,-0.408293,-0.467336,-0.393561,-0.231363,-0.608537,0.505853,0.476551,0.453307,-0.0664544,0.429724,-0.655466,-0.612078,-0.93265,-0.260208,-0.519572,0.207049,0.0379221,-0.109107,0.462549,0.461935,0.801199,1
-0.293852,0.154117,-0.14161,-0.583892,-0.448632,-0.432788,0.524952,0.0113536,0.88609,0.330305,-0.176719,0.0982115,0.634488,-0.180923,-0.0293323,-0.639995,-0.346229,0.553985,0.323524,-0.297876,-0.424523,-0.316896,-0.661509,-0.246376,-0.620957,-0.21227,0.170007,0.365645,-0.723869,0.0342663,-0.654105,0.21966,0.543958,0.846177,1
-0.767792,-0.00491426,-0.509892,0.273482,-0.152104,0.278186,-0.544217,0.150667,0.456667,-0.925379,0.758896,-0.114605,-0.0905648,0.171077,-0.264461,-0.662867,0.72228,0.294021,-0.0639129,0.252364,0.0637049,0.272239,0.572833,0.622252,0.39563,0.333008,0.309849,-0.0751086,0.228086,0.460191,-0.533741,0.258692,0.456135,0.792754,1
-0.256899,-0.149589,-0.398962,-1.10358,0.495722,-0.22844,-0.570064,-0.00473002,-0.0826379,0.647372,-0.0660271,0.832799,-0.610923,0.733889,0.0186531,0.59081,0.176937,-0.0483665,-0.228349,0.643552,0.585106,-0.297266,-0.359517,-0.416627,0.225397,0.655941,0.548564,0.107341,-0.383134,0.191218,0.0277683,-0.811182,0.477351,0.828924,1
0.178076,0.331364,0.14163,0.30559,0.107251,7.95,0.20341,0.258289,0.128157,0.262095,0.292531,0.137606,0.214127,0.118706,0.39329,0.343199,0.293916,0.308797,0.276507,0.309712,0.379699,0.116273,0.24813,0.348012,0.287232,0.180322,0.123656,0.27507,0.157512,0.216408,0.258567,0.222244,0.52,0.82,1
-0.789524,-0.0703314,-0.182113,0.388613,0.061459,0.282812,0.334376,-0.326438,-0.552148,0.454746,-0.0933645,-0.608291,0.191073,-0.1415,-0.19219,-0.744365,-0.0064094,0.814553,1.57331,0.170621,0.642705,0.0841829,0.769258,-0.398158,0.172012,0.171306,-0.143938,-0.058971,0.336943,-0.979475,0.127639,-0.487592,0.490851,0.805449,1
-0.432558,0.0687503,0.37727,-0.177342,0.371118,-0.470752,0.216941,0.445424,0.572522,-0.0849947,0.332107,0.97304,0.360931,-0.119557,0.540935,-1.08185,0.453487,0.889837,-0.265042,0.770237,-0.105903,-0.252735,-0.34886,1.08326,-0.968611,0.597013,-0.128394,0.0317148,-0.00727187,0.207074,-0.655594,0.0543634,0.533929,0.813359,1
-0.286925,0.222298,0.0342921,0.827657,-0.409895,-0.233396,0.0253232,-0.422262,-0.485774,0.680338,0.498516,0.0730544,-0.635765,-0.0352802,0.0715329,0.0690899,0.323103,0.112133,-1.20828,0.11695,-0.360121,-0.420314,-0.210689,0.518139,-0.0570247,-0.447801,0.164175,-0.351718,-0.477303,-0.297718,-0.143582,-0.00394015,0.513164,0.820548,1
0.0490031,0.0709854,0.912678,0.0259818,-0.44377,-0.439851,0.10559,-0.0100783,0.947399,0.132535,0.312071,0.0280967,0.188139,-0.111911,-0.550806,0.045898,0.138608,0.312367,0.0909876,0.426446,0.34399,0.143137,-0.0568564,-0.624311,-0.0109517,-0.13778,0.320509,-0.259045,-0.225082,0.640848,-0.0450382,0.47128,0.5539,0.783977,1
0.584708,-0.969139,-0.331158,-0.420545,-0.330477,0.53591,-0.439204,-0.15489,0.398778,-0.247042,-0.234169,-0.125407,-1.10216,-0.38245,0.540516,-0.0672955,-0.0374589,-1.06568,0.148001,-0.348848,-0.224105,0.310815,0.393451,0.286285,-0.155524,1.22121,-0.157085,-0.236665,0.457446,-0.413317,0.0179282,0.0644486,0.517175,0.91262,1
0.104958,-0.349194,-0.63783,0.289671,0.00537696,-0.329781,-0.601766,0.280662,0.309847,-0.0881697,0.761645,-0.463665,0.192657,-0.859421,0.381875,0.576451,0.699457,0.0553679,-0.123737,-0.647909,-0.190068,0.506849,-0.436068,-0.74402,0.47975,-0.347329,0.0382688,-0.442486,-0.275427,0.794988,0.877541,-0.72148,0.436328,0.832919,1
-0.150007,0.559869,0.923214,0.62797,0.307499,-0.379496,0.353048,0.0279743,-0.273216,-0.516696,-0.0634472,0.4923,-0.306005,0.0650663,0.72965,-0.0957196,-0.576537,0.71699,0.191485,0.0916516,0.416532,-0.0697014,0.72928,0.731737,-0.358723,-0.144042,-0.771542,1.37369,0.324901,-0.829987,-0.17711,-0.708861,0.444255,0.86571,1
0.176606,-0.20458,0.939299,-0.0583983,0.401364,-0.196225,-0.0229098,-0.0239151,-0.579695,0.249474,-0.0256225,1.20546,-0.861281,-0.156415,-0.053061,-0.175717,0.191633,0.344265,0.42053,0.663363,-0.434963,0.100211,0.232365,-0.708136,-0.330185,0.388627,0.794098,-0.0946897,-0.577642,-1.32519,0.0518745,0.993982,0.424175,0.864704,1
-0.51011,-1.37058,0.110901,-1.07265,0.273479,0.568222,-0.188731,-0.727831,0.92725,0.288188,0.0408722,1.10128,-0.178322,-0.245842,0.175815,0.321831,-0.0870416,0.175958,0.90237,0.405581,0.236196,-0.207517,-0.539829,1.0247,-0.254649,-0.457776,-1.48475,0.174273,0.0399486,0.488669,-0.222482,-0.606865,0.455763,0.79963,1
0.950854,-0.0413535,-0.568648,-0.368839,-0.448994,0.817205,-0.195594,0.730715,0.345794,-0.743188,0.736051,-0.403889,-0.0346408,-0.733185,-0.789248,0.0352488,0.281469,-0.145635,-0.344596,-0.861341,0.459515,0.318688,0.933846,-0.0485408,-0.178783,-0.196892,0.866499,-0.0912302,0.429022,-0.653404,0.789725,0.259121,0.496885,0.919152,1
0.609327,-0.0776721,0.782449,0.12992,0.164609,-0.697888,0.373013,0.433768,-0.599632,0.48273,0.165919,-0.791337,0.406031,0.489366,-0.359402,-0.351665,-0.352866,-0.5405,-0.171532,0.91375,-0.166865,0.512454,-0.194623,0.344602,0.877638,-0.224539,0.163819,0.12573,-0.184484,0.368767,0.248063,-0.426659,0.462826,0.936293,1
0.0846704,-0.0709998,-0.0563836,0.199312,1.10277,-0.0423603,1.25094,-0.482443,0.385267,0.617893,0.222326,-0.158859,-0.793574,0.0130157,-0.648169,-0.466581,0.208008,-0.5274,-0.338698,0.597536,-0.0723743,-0.0373698,0.0926596,-0.143587,-0.0180843,0.620566,0.706964,0.402492,-0.455505,0.231307,-0.517726,-0.735233,0.547406,0.849,1
0.124746,-0.539426,0.356393,-0.58293,-0.488522,-0.663428,0.888632,-0.130459,-0.422336,-0.984502,-0.045905,0.369309,-0.158225,-0.721495,0.173328,0.450025,0.113494,0.54251,-0.945265,0.297582,0.428161,0.616656,-0.607414,-0.734064,-0.391993,0.0722234,-0.919034,-0.434949,0.125642,0.386747,-0.893896,0.253947,0.563816,0.938268,1
0.333741,-0.287447,0.513989,0.00955066,0.126556,0.0874996,0.994058,0.541409,0.826101,-1.48098,0.487304,-1.0263,-0.157194,0.369015,-0.274879,0.348209,0.243689,-0.0632881,0.456858,1.08925,-0.0117043,-0.203894,-0.445835,0.401901,0.448703,0.174246,-0.116817,0.453053,-0.0653825,-0.159459,0.461278,0.297305,0.476384,0.928756,1
-0.675545,1.07523,0.29206,0.10317,-0.76744,-0.114426,0.030921,-0.366003,0.328977,0.168739,0.557058,-0.197053,-0.378281,0.0360876,0.122178,0.119907,-0.0188596,-0.237941,-0.154265,0.250457,-0.311092,-0.454547,-0.180062,0.191404,-0.670251,-0.319641,-0.242348,-0.181075,-0.238879,0.886201,-0.0116276,0.67736,0.488377,0.803561,1
-0.601683,-0.177903,-0.993856,0.298629,0.0453087,0.792467,-0.0139544,-0.423591,-0.0314082,-0.414448,-0.434545,0.795346,0.419975,-0.218992,-0.0786699,0.609344,-0.0464186,-0.709671,-0.243124,0.626676,0.571722,-0.422386,0.318038,-0.190918,-0.350372,0.253654,0.456327,0.345079,0.127496,0.42348,-0.340874,-0.0693985,0.545521,0.874658,1
0.275377,0.338938,0.286741,0.462763,0.617936,-0.352851,-0.897822,-0.390709,0.0773962,-0.906901,0.109526,0.333731,-0.179548,-0.347403,0.697097,0.714497,0.521053,0.515807,-0.181162,0.994318,-0.723883,-0.803523,-0.702538,-0.132093,0.0488032,0.0400251,-0.43949,-0.883306,-0.191163,0.158882,0.265572,-0.244264,0.424369,0.830872,1
-0.0280717,-0.717823,0.0452226,-0.718638,-0.11512,-1.16672,0.0629217,0.0753922,-0.36096,-0.555849,-0.594918,-0.594947,0.364857,-0.0749615,-0.974316,-0.328458,0.0404155,-0.843864,-0.127977,0.683474,-0.251806,-0.168601,-0.421564,-0.919292,0.715088,0.103108,0.216197,0.766892,0.894981,-0.267964,-0.546169,-0.0999397,0.485932,0.847924,1
0.157743,-0.195755,-0.820998,0.126419,-0.108063,0.651431,-0.46613,0.0917603,-0.440832,0.567004,0.8417,-0.389704,0.053981,-0.983286,0.147504,0.167668,-0.39375,-0.859828,0.369636,-0.196919,0.710162,-0.0453872,0.220551,0.402756,0.168351,0.991241,0.477636,-0.593869,0.0680256,-1.31391,0.247998,-0.197261,0.527293,0.949132,1
0.00174576,-0.301377,-0.177291,-0.240112,-0.063147,-0.55457,-0.186971,0.00296275,-0.229518,0.0304898,-0.206517,0.316222,-0.16316,0.138464,-0.295717,-1.33918,-0.697326,-0.0863097,0.448907,-0.23457,0.387505,-0.693266,0.226457,0.396063,-0.244447,-0.267307,-0.0810332,0.407601,-0.846621,-1.14917,-0.676194,-0.986764,0.564704,0.785188,1
0.126016,0.264529,-0.175962,-0.562953,-0.179334,-0.243828,0.309297,0.15337,0.0792843,-0.231271,0.0364303,0.635052,0.365052,-0.105943,0.197548,0.00271928,0.247814,-0.393074,-0.133058,0.11847,-0.805882,-0.215754,-0.248272,0.519999,0.405087,-1.04422,-0.173158,0.60104,0.215449,-0.151444,-0.541945,0.559496,0.451844,0.86492,1
-0.130408,-0.862272,-0.202324,-0.426181,-0.249703,0.392651,0.45485,-0.19987,0.707392,-0.288312,0.514264,-0.353538,-0.372191,0.0640667,-0.843589,-0.774976,-0.706532,-0.68769,-0.0536029,-0.45498,-0.260981,-0.446344,-0.295466,-0.247383,0.0267404,-1.12573,0.442026,0.26807,0.110251,0.249692,0.0681742,0.458601,0.44696,0.927394,1
0.0466329,-0.645348,0.0878615,0.960996,-1.12764,-0.575198,0.493096,0.196644,-0.648322,1.05486,0.180659,0.103137,-0.88226,0.178992,-0.132327,-0.864063,-0.541795,0.9843,-0.898814,0.637301,0.368516,0.946263,0.620389,0.100199,-0.484745,0.728776,0.625574,1.06636,-0.15881,0.177971,0.286635,-0.477924,0.534819,0.855493,1
0.183047,-0.333147,-0.0528499,0.134711,0.299237,0.443406,0.221625,0.529099,1.75472,0.390152,-0.469756,0.0791358,-0.900331,0.127566,-0.107817,-0.0560388,-0.333691,-0.0397245,-0.309492,-0.553028,0.0210117,-0.332482,-0.302003,-0.0943916,-0.182433,-0.222454,0.0236213,-0.0534206,0.206518,-0.337087,-0.388653,0.236174,0.543004,0.923002,1
0.405222,-0.345174,0.465901,0.175683,0.177574,0.314956,0.403994,0.857794,0.208347,0.202555,1.00159,0.773756,0.0517904,0.358101,-0.347698,0.151498,-0.23761,0.592629,0.131741,-0.187375,-0.0134189,0.726622,-0.626619,0.107981,-0.41608,-0.577544,-0.00741589,-0.186387,0.200584,-0.467437,0.160614,-1.28668,0.455371,0.881679,1
-0.18433,1.19392,-0.0698517,-0.434905,-0.189494,0.17952,-0.246827,-0.297026,-0.768836,0.425984,-0.27633,0.521825,0.108067,0.0812522,0.128499,0.725488,0.352213,-0.115632,0.237565,0.537476,0.479794,0.230694,-0.0445821,-1.19052,-0.471509,-0.554241,-0.0484272,-0.146564,0.240916,0.00450184,0.545222,0.0101102,0.53119,0.875648,1
-0.423431,0.277175,-0.397698,0.00920793,0.532173,0.77317,-0.0781061,-0.0651783,-0.683104,-0.250722,-0.299553,0.39052,-0.106446,-0.241127,0.53151,0.0456074,-0.697599,0.168228,0.416282,0.430785,-0.147742,-0.22786,-0.0516433,0.433016,-0.506798,-0.0727767,0.460032,-0.48393,-0.0925473,0.345143,0.83552,-0.258011,0.535764,0.785957,1
0.891432,-0.752512,-0.082743,-0.591668,-0.689132,-0.653312,1.02512,-0.488761,-0.149892,0.0176614,0.471902,0.0912364,0.375759,0.52449,-0.184024,-0.674388,-0.349553,-0.0346005,0.149662,0.0901286,0.388002,-0.486051,-0.643336,-0.103062,-0.157422,-0.0811589,1.12663,-0.419271,0.0594384,0.308418,0.086039,0.312852,0.495963,0.937703,1
-0.384325,0.226577,0.937903,0.628604,0.0925101,-0.574051,0.296876,0.0222183,-0.40961,-0.460183,0.275235,0.160137,0.175979,-0.501087,-0.200524,0.170058,-0.228461,-0.191166,0.240775,0.497674,0.288511,-0.423643,0.0472382,0.154757,-0.792407,0.497797,0.492085,0.251938,-0.525693,-0.353273,0.375803,-0.262958,0.437246,0.806933,1
0.617898,0.728963,-0.206048,0.22498,-0.242298,0.425545,-0.0890274,0.292722,0.0495631,-1.08177,0.987239,-0.62398,-0.0026522,0.415959,0.0572738,-0.472866,0.378052,-0.83777,0.236606,-1.20263,0.849867,-0.110082,0.0639865,0.136121,0.121362,0.869128,0.275929,0.771797,0.391058,0.139588,-0.167536,0.287545,0.522087,0.762205,1
0.115429,0.00320006,0.858513,-0.54364,-0.353927,-0.19432,0.373034,-0.158853,-0.818942,0.0950423,-0.172449,-0.434943,0.466496,0.381602,0.256638,-0.0860296,-0.491145,0.286392,0.456263,0.816488,0.448715,-0.48866,0.239422,-0.114692,-0.456469,0.483231,-0.462435,-0.117783,-0.0082635,-0.294432,-0.673403,-0.557457,0.436821,0.845627,1
0.0963074,-0.226124,-0.305288,0.000470585,0.845867,0.783032,0.349318,0.229511,0.256182,0.246848,-1.15744,0.0464412,0.451828,-0.226019,-0.460159,0.576387,-0.200784,-1.02168,-0.196389,0.128659,-0.316192,-0.216159,1.34801,-0.120519,-0.1833,-0.345238,-0.0825853,-0.801857,-0.194521,0.209761,0.769393,0.0735916,0.542285,0.929617,1
-0.0198994,-0.136801,0.799858,-0.45596,-0.307566,0.17294,0.473352,0.091006,-0.656545,-0.394738,-0.232105,-0.214953,-0.00613931,-0.176034,0.03957,0.701281,-0.160154,-0.0978554,0.960834,0.485438,-0.123553,0.593825,0.214755,0.419805,1.18177,0.153748,-1.11169,0.471625,-0.0580663,-0.112793,0.173926,0.230462,0.539107,0.916216,1
0.337755,-0.275106,-0.0536165,-0.0146259,0.324469,0.484736,-0.911294,0.263064,-0.456225,-0.0290144,0.279643,-0.00213308,-0.836631,-0.157499,1.06879,0.476955,0.196381,0.845981,0.00174659,-0.126536,-0.00601803,-0.176838,-0.531449,-0.537532,-0.0874608,0.0508194,0.064592,-0.624717,-0.377928,-0.963418,-0.624751,-0.582644,0.464559,0.802674,1
-0.34435,0.421407,-0.272839,0.262166,-0.437635,-0.900448,-0.310349,0.0878807,0.278658,-0.526449,-0.472397,0.209174,-0.160692,-0.150175,0.102036,-1.00518,0.400166,-0.201974,0.590754,-0.585668,-0.128325,0.102681,0.0156945,-0.138931,-0.242104,0.0978305,0.0403266,-0.204547,-0.0477021,0.534283,-0.0935409,0.265222,0.573282,0.846824,1
0.335445,-0.242234,0.152875,0.951773,-0.076917,-0.32762,0.549898,0.235295,-0.391841,-1.09518,-0.35955,-0.232648,-0.672961,-0.237441,0.933803,-0.366167,0.309337,0.875238,-0.622714,0.867627,0.221958,-0.700701,-0.419275,-0.422423,-0.385679,0.251354,0.364682,-0.208987,0.171794,-0.0117375,0.114999,0.667311,0.484755,0.865362,1
-0.421343,-0.197601,-0.0761973,-0.21542,0.214348,0.402612,0.0242362,0.0588904,-0.0663078,-1.21582,0.460294,0.140306,0.342442,1.08909,0.761607,0.79401,0.17526,0.0692596,-0.106208,-0.524602,0.299017,1.02883,0.346136,-0.595337,0.363761,-0.728912,-0.398837,0.100518,0.611679,-0.209157,0.504509,0.748108,0.520972,0.796113,1
0.690268,-0.749641,0.346741,0.998254,-0.14918,0.285083,0.357502,0.420452,1.04317,-0.232102,0.0777845,0.427895,0.620499,-0.129525,0.276183,-0.660405,0.191455,1.02266,0.104186,0.107207,-0.838963,0.0784526,-0.517827,-0.0237044,-0.0555138,-0.603972,0.960472,0.220311,-0.730699,0.00357875,-0.30498,-0.564272,0.48073,0.936976,1
0.508285,-0.117556,-0.280257,-0.46405,0.480677,-0.0668694,-0.0101738,-0.758178,-0.00363648,0.163183,0.226428,-0.473643,-0.20031,0.452653,-0.290237,0.35514,1.05777,0.102907,0.186936,0.264567,0.0547772,1.01922,0.00951816,0.101257,-0.536559,-0.119359,-0.271125,0.341896,-0.531712,-0.659465,0.338758,0.268524,0.541095,0.780155,1
0.0972313,-0.0152754,-0.759685,-0.0788958,0.295712,-0.499638,-0.34608,-0.327983,0.465025,-0.440567,0.360786,0.181845,-0.169801,0.675258,-0.627322,0.703132,-0.581725,-0.376454,0.119234,0.868332,-0.368913,-0.652374,-0.573009,1.00086,-1.03099,0.016468,-0.307682,-0.397937,-0.118062,0.411394,-0.237981,-0.18442,0.437078,0.92409,1
0.285162,0.834449,0.364789,-0.138024,-0.421825,-0.614749,-0.0874806,-0.110326,0.139644,-0.283945,0.271972,0.150576,-0.0194014,0.0928417,0.882784,0.0891245,0.152794,0.75419,0.309231,-0.00151443,1.01815,0.539943,-0.615139,0.259769,0.0520734,-0.560698,0.14988,-0.19761,0.253376,0.0541261,0.880315,0.220805,0.443967,0.780615,1
0.105137,-0.172477,-0.355402,-0.474793,-0.274376,-0.187607,-0.98663,-0.731014,0.00426511,-0.274168,-0.205252,-0.441568,0.397733,0.635427,0.352725,-0.0745545,0.721006,0.00282979,0.618568,0.255884,-0.947946,0.356158,-0.571604,-0.0913717,0.282827,0.158801,-0.904114,0.517596,0.391589,0.35341,0.248045,-0.534885,0.569436,0.90802,1
0.527786,0.487625,0.432611,-0.565869,0.281305,0.123578,-0.972232,0.819538,0.117603,-0.0871194,-0.0441919,-0.0316231,0.520923,0.0653445,-0.725847,0.276533,-0.0103656,0.609507,0.293599,0.314468,0.655404,0.252318,0.324803,-0.0874777,0.728609,-0.154883,0.808696,1.28933,0.334232,-0.0502459,0.508017,-0.240722,0.441795,0.858511,1
0.225013,-0.690327,-0.941546,0.158973,0.00615014,-0.0851344,0.538973,-0.334145,0.422437,-0.0651396,-0.0780088,-0.417339,-0.117884,-0.0755952,0.303771,-0.121223,0.482994,0.217509,-0.90082,0.0363993,0.223935,0.793356,-0.349663,0.0627793,-0.506454,-1.01082,0.165324,-0.294252,0.188518,0.322199,0.665471,0.463679,0.520431,0.846315,1
0.21044,-0.573713,0.598427,-0.173665,-0.0881777,-0.145436,0.175525,0.595218,1.34904,-0.0561083,-0.225544,-0.150155,-0.289657,0.107761,-0.362327,0.285521,-0.183538,0.337962,0.862351,0.448968,0.200732,0.106998,0.36582,-0.143035,-0.0814853,0.577731,0.0654645,0.0972623,0.0901014,-0.431058,-0.368536,0.45573,0.484677,0.765798,1
0.632367,0.818075,0.22275,-0.856149,0.298481,-0.541045,0.561612,0.740579,0.797539,-0.473152,0.209172,0.679714,-0.65005,0.0906126,0.187387,0.715338,0.372267,-0.721205,0.00464206,-0.356808,0.0806695,-0.142185,-0.261264,-0.605734,-0.118668,0.283864,-0.0817382,-0.336983,-0.0259984,0.390943,0.391704,0.341615,0.540479,0.811077,1
-0.372091,0.422207,0.475344,-0.44148,0.27032,-1.36513,0.0586462,-0.37181,-0.395235,0.299045,-0.947736,-0.390129,0.707848,-0.0704932,0.907914,-0.553403,-0.326099,0.502785,0.507729,0.550613,-0.483936,-0.10677,0.0860836,1.1142,0.0437197,-0.862747,0.113801,0.424152,0.421995,-0.642892,0.00725537,0.496972,0.505102,0.830073,1
-0.34389,0.89726,-0.181281,0.702562,0.134651,0.440524,0.266114,0.00124699,-1.02814,-0.0917052,0.198908,-0.334051,0.625597,-1.00682,0.520147,0.646689,0.453968,0.308065,0.097101,-0.178784,0.36112,0.728843,-0.603034,-0.12125,0.00668379,0.147176,-0.629506,0.195122,-0.624869,-0.248051,0.427304,-0.225965,0.566751,0.833734,1
0.363937,-0.357681,0.0621224,-0.00394188,0.199732,0.298184,0.583285,-0.0417473,-0.275842,0.210622,-0.000675298,0.126182,-0.139356,0.220793,-0.308415,0.0780806,-0.537371,0.151973,0.379275,-0.119892,-0.0241657,-0.175812,-0.199179,-0.10825,0.216675,0.707826,0.588605,0.33633,-0.22195,-0.36685,-0.00170552,-0.87818,0.53319,0.825904,1
0.522438,-0.860134,0.108914,-0.0379154,-0.427381,-0.646776,-0.0648453,0.210239,-0.0651531,0.784137,0.545195,0.171625,-0.258672,-0.177689,0.00644776,0.475846,-0.950743,-0.491088,1.16908,0.985563,0.625002,0.775971,-0.12601,-0.450814,0.217959,-0.0936524,0.423292,-0.321339,-0.586623,-0.449131,-0.327256,0.334128,0.50048,0.944883,1
-0.510878,-0.781943,-0.448911,-0.214023,0.227231,-0.321237,-0.334792,0.132759,0.609367,-1.1507,0.281048,0.753687,0.420863,0.625159,-0.16615,-0.666209,-0.421242,-0.124188,-0.322303,1.13077,0.00554373,-0.220818,-0.102462,-0.854219,0.325272,0.0171489,-0.474499,0.545871,0.195323,-0.225243,-0.283729,0.455341,0.511274,0.820031,1
0.0582551,0.203731,-1.10278,-0.140874,0.0778121,-1.03311,0.0871716,0.0459209,-0.185557,-0.157256,-0.638674,0.339941,0.174045,-0.597764,-0.473705,-0.122314,0.272446,-1.10552,0.295653,-0.0110027,-0.220929,-0.041615,-0.0781107,0.420647,-0.21133,-0.209855,-0.559303,-0.0851208,-0.56885,0.367859,0.130899,-0.689061,0.571435,0.829115,1
0.319161,-0.718079,-0.293246,-0.485469,-0.0470934,0.196566,-0.646086,0.160581,-0.121804,0.161981,-0.737382,-0.340052,-1.02381,0.130596,0.699884,-0.000696628,0.247892,0.818102,-0.906367,-0.592719,0.0477909,-0.662612,-0.396376,-0.618571,-0.132084,0.124391,-0.891966,0.864803,0.180682,-0.468522,0.709646,-0.368995,0.47767,0.79699,1
-0.398691,-0.692827,0.190062,0.315007,0.509448,-0.567389,0.383577,0.39498,0.250198,0.573538,0.286578,0.584337,0.239841,-0.369778,-0.869864,-0.0929446,0.100404,-0.0737733,0.0344613,0.32228,-0.335162,0.061803,-0.788121,1.06123,-0.932554,-0.286086,0.646821,0.366553,1.09655,-0.204006,0.218358,0.530175,0.49015,0.881973,1
-0.708373,0.347226,0.0719184,0.452994,-0.261283,-0.102683,0.0968176,-0.137459,0.107888,-0.103861,0.183196,-0.977681,-0.0456646,-0.0264772,0.194363,0.160751,0.523158,0.467672,0.43707,0.729404,0.239693,-0.58007,-0.372939,-0.070334,-0.12348,-0.88852,-0.0332228,-0.139368,0.366322,-0.472888,0.0261041,-0.283258,0.549548,0.92887,1
0.439773,0.0525534,0.153512,-0.682014,0.00296409,0.406534,-0.285419,0.567552,0.474298,0.0253728,0.25102,0.262655,-0.366552,0.467333,0.643931,0.370949,0.762579,-0.302054,0.338197,0.0554488,0.129206,0.150392,-0.772515,-0.343232,-0.0222876,-0.250835,-0.115853,0.0142019,-0.238978,-0.246808,-0.10213,0.182574,0.542248,0.78521,1
0.195175,-0.120453,0.407545,0.661031,0.08476,-0.054367,-0.735241,-0.685081,-0.312568,0.778424,-0.70174,-0.405136,0.133446,-0.388683,-0.643742,-0.108273,0.882355,-0.251959,0.0179628,-0.40245,-0.464261,1.01555,0.527118,-0.360899,-0.707566,-0.256354,-0.449482,-0.59956,-0.288159,-0.409814,0.652269,-0.685864,0.556541,0.919576,1
0.61815,0.376757,0.43401,-0.223439,-0.2774,-0.79182,-0.955281,0.170694,0.470951,-0.30235,-0.00755544,0.494083,0.510042,-0.0428617,-0.710256,0.166046,-0.241167,-0.131293,0.666106,1.0731,0.0995013,0.199317,0.281337,-0.70194,-0.199296,-0.175255,-0.584775,-0.662141,-0.202126,-0.70787,0.636193,-1.1468,0.577243,0.859653,1
0.181847,1.36083,0.298239,-0.923086,0.603198,0.0400524,0.195415,-0.151708,-1.29025,-0.12161,-0.496211,-0.525339,-0.314253,-0.290286,-0.496184,0.111033,0.159377,1.00464,0.784978,-0.89495,0.264422,0.256746,-0.0601434,-0.736329,0.712461,1.05892,0.49804,0.26921,0.647349,0.990296,0.707811,-0.101629,0.510578,0.877505,1
0.792553,0.551218,-0.427246,-0.37739,0.373153,-0.585881,0.206734,1.05191,0.294494,0.250873,0.462409,-0.708735,-0.0364325,-0.433578,-0.670182,-0.188641,-0.57387,-0.184059,-0.697324,-0.510159,0.0136904,-0.0308203,0.757737,0.118665,0.0272243,0.16844,-0.948806,-0.0879724,0.372897,0.335324,0.562873,-0.419206,0.543901,0.851966,1
-0.645559,-0.578057,-0.213815,0.325243,-0.0687462,-0.700738,0.20105,0.357757,0.0187773,-0.651514,-0.18621,-0.390444,0.0518736,0.312264,0.174317,-0.375259,-0.177055,0.127096,-0.0326266,0.356525,0.371151,0.352046,0.908832,0.150351,0.130046,-0.294565,0.366292,0.862234,0.216918,-0.0933672,-0.387009,-0.819953,0.562509,0.79215,1
0.542622,-0.149076,-0.218931,-0.118403,0.57345,-0.794434,-0.456875,-0.858048,-0.490894,0.46934,0.685068,0.598457,-0.262743,0.960802,0.00112652,0.125367,0.159538,-0.524273,-0.557255,-1.58433,-0.716112,0.424236,-0.352825,0.318525,0.803467,-0.139127,0.268444,-0.740608,-1.06335,-0.0329973,-1.18686,0.850796,0.566171,0.807609,1
-0.0391626,-0.452739,-0.200826,-0.422519,0.438073,-0.24613,-0.285868,-0.240752,-0.425974,-0.240742,0.0547731,-0.456141,-0.129553,-0.432874,0.66655,0.421548,-0.17489,-0.158121,-0.302389,0.669104,0.15335,0.414718,0.0648129,-0.440518,-0.0570429,0.0282585,-1.06585,0.0446237,-0.0301818,-0.0387258,-0.348155,0.243744,0.457797,0.84938,1
-0.268536,-0.0430548,0.0886075,-0.0425856,-0.504275,0.328973,0.34905,0.581049,-0.0854513,0.170662,0.180918,-0.343148,-0.0399607,0.198849,0.264237,-0.734846,1.06703,0.416477,-0.320076,0.420875,-0.00327382,0.222144,-0.236889,-0.345524,-0.0322924,0.102066,0.665819,-0.287535,0.365117,-0.0593736,-0.640408,0.375892,0.554885,0.908244,1
-0.438256,0.0872435,-0.121015,0.313971,-0.471672,-1.0443,0.806722,0.381068,0.134515,0.305906,-0.221334,-0.0492249,0.33336,-0.708572,-0.464307,0.414995,-0.420903,-0.349865,-0.514693,0.343957,0.123259,-0.695106,0.4516,-0.375875,-0.0766551,-0.0243374,-0.174634,-0.409059,0.655108,0.701442,-0.0870701,0.303745,0.517237,0.763353,1
-0.850135,-0.395504,-0.22908,0.861401,-0.412103,-0.204681,0.4998,-0.358942,0.636035,-0.0964632,0.119204,-0.00234625,-0.218586,-0.476964,0.17846,0.157708,0.0837827,-0.08477,0.639751,-0.0072207,-1.31037,-0.144367,-0.667758,0.589002,-0.0895425,-0.910688,-0.13085,0.0570604,0.392969,0.46109,1.4629,-0.231049,0.488563,0.91787,1
-0.590448,-0.19472,0.889582,-0.530895,0.0577112,-1.00274,-0.782151,0.113876,0.689219,0.711804,0.565135,-0.0504095,-0.539578,-0.909829,-0.84186,-0.65851,-0.716388,-0.660436,1.04962,0.00680166,0.275997,1.05032,0.0916025,-0.565866,-1.02747,-0.283239,-0.534301,-0.0559731,0.152049,0.00458257,0.280378,0.947957,0.473335,0.920695,1
0.799325,1.06007,-0.949361,-0.337462,0.0850817,0.697416,-0.28742,-0.299501,-0.515,-0.6356,0.36572,0.0687162,-0.22458,0.00467438,0.0275002,0.195754,0.286096,0.106104,-0.331233,-0.844506,0.409559,0.00355309,0.0629639,-0.124593,0.455241,0.859792,-0.527662,-0.0936756,0.303647,0.0607796,-0.5266,-0.0387905,0.530697,0.828107,1
0.391563,1.1565,0.0116814,0.179289,0.441053,-0.343491,-1.13648,0.649023,-0.622154,-0.299651,-0.159943,-0.638632,0.39031,0.447455,-0.654615,0.235043,0.867848,-0.0184104,-0.153166,-0.666885,-0.134276,-0.233895,-0.376237,-0.274068,0.322585,-0.309424,0.332457,0.0645449,0.837912,0.789509,-0.343039,-0.72688,0.453182,0.930568,1
-0.0738877,0.221635,0.0930659,0.282324,-0.438996,1.16134,-0.937835,0.0689902,-0.452749,0.157711,0.112359,0.124919,0.124019,0.114325,0.0829676,0.134978,-0.189185,-0.731896,0.484534,0.197746,0.0183428,0.277144,0.0361128,0.678639,-0.147536,-0.778545,0.145161,0.634685,-0.638957,-0.121449,-1.32835,-0.152531,0.517382,0.860745,1
-0.0697765,-0.437038,0.49619,0.386487,-0.617763,-0.71928,0.619744,-0.053525,-0.67008,0.127736,-0.0809084,-0.405885,-0.209024,1.02932,0.176032,-0.34255,-0.127886,-0.501245,0.147638,-0.148961,0.0907834,-0.326202,0.0248618,0.579682,-0.7838,-0.549295,-0.142822,-0.689889,0.900958,0.156075,-0.0462636,-0.512596,0.553412,0.864899,1
-0.197341,-0.00500116,-0.0877345,-0.343074,0.602166,0.373013,-1.21147,0.0172656,0.194683,-0.124103,0.598157,0.299054,0.814505,-0.764811,-0.0334984,-0.22405,0.150963,-0.376175,-0.746649,1.23467,-0.678558,0.496894,0.371296,-0.121956,0.428392,0.321772,-0.243328,0.496798,0.202511,0.834684,-0.535717,-0.621515,0.439968,0.939989,1
0.981715,0.382817,-0.0833311,-0.944951,-0.299164,0.165432,0.22972,-0.814108,0.105472,-0.617351,-0.245039,0.718925,0.198256,0.480793,-0.232562,-0.0647389,0.477156,-0.169429,-0.542976,0.481526,0.441996,-0.536816,-0.0915327,0.155334,0.97746,-0.420833,0.531296,-0.180191,-0.671657,0.340521,-0.183537,0.0115463,0.454967,0.849102,1
0.324182,-0.310281,-1.23531,0.327907,0.764335,-0.830075,-0.305524,1.22144,0.263366,0.114764,0.384593,0.181387,0.605758,0.11873,0.0638456,1.09091,-0.664407,0.144284,-0.915893,-0.248647,1.06354,0.202789,-0.292992,-0.0453174,-0.857886,-0.460932,-0.0671938,0.486956,1.1118,0.113196,0.732061,-0.48897,0.441817,0.770977,1
-0.177359,0.495252,-0.00282978,-0.188126,-0.548759,-0.0120419,-0.212824,-0.284931,0.0611539,0.2894,-0.0108071,0.315447,0.100111,0.104077,0.30191,-0.684686,0.242159,-0.252146,0.676586,-0.121422,-0.139576,0.00492853,-0.855519,0.643369,-0.165907,0.0985889,0.0571249,0.500705,0.158528,-0.213625,0.141184,0.430461,0.427691,0.843771,1
0.0186858,-0.290303,0.675828,-0.153776,-0.2675,0.096644,0.582997,-0.617159,0.0149936,0.210348,0.7259,0.072885,-0.457945,0.788547,0.140266,-0.394113,0.281057,-0.192757,0.219342,0.188498,0.399751,-0.865933,0.769502,-0.0617182,0.749344,-0.342331,-0.0834109,0.104741,0.994676,-0.860606,0.58983,0.552437,0.561526,0.910773,1
-0.487401,0.823345,-0.398907,-0.123816,-1.17013,-0.908862,-0.312701,0.102149,0.823587,-0.249098,0.784506,0.187541,-0.260545,0.0789395,-0.0581969,-0.832287,-0.115318,-0.214753,0.42276,-0.169589,0.573662,0.202739,-0.186911,0.261191,0.0615709,0.433018,0.212608,0.325844,-0.558971,-0.395192,0.0641805,0.198625,0.479267,0.88534,1
0.530541,-0.00641007,0.178098,-0.0639957,0.169747,0.836687,0.0549479,0.647786,0.282889,0.832584,-0.959455,-0.902075,0.242934,-0.157862,-0.0250801,0.816282,0.163522,-0.154215,-0.00877372,-0.00652145,-0.203087,0.418929,0.242206,0.109114,-0.38626,0.0285114,0.164909,0.602901,0.0907476,-0.396975,0.573,-0.399674,0.532893,0.887315,1
-0.46528,0.010696,0.780642,-0.847114,0.417624,0.281095,0.321268,-0.206734,-0.0775304,0.541323,0.802211,0.539518,0.276601,-0.683756,0.0750836,-0.0720928,0.025584,0.604509,-0.172878,-0.0929257,0.085359,0.783289,-0.0388626,-0.324167,0.51749,0.547562,0.346071,-0.0112921,0.12056,0.40882,0.165009,-0.113558,0.471734,0.80695,1
0.780724,-0.125629,-0.354406,-0.695715,0.448634,0.624475,-0.262924,-0.827884,-0.172543,-0.212042,-0.19293,-0.379681,-0.324798,0.518269,0.476096,0.305234,0.536481,0.27933,-0.739162,0.12392,-0.227443,-0.30523,0.780815,0.108037,-0.191799,0.38268,-0.100843,-0.349667,-0.0560803,-0.202434,-0.319836,0.257155,0.51185,0.930691,1
0.0226376,0.114705,-1.01698,0.633328,0.067829,0.0793758,-0.69269,0.173794,0.987832,-0.492154,-0.446998,-0.463424,0.157588,-0.460134,0.97211,0.136475,0.244354,0.0232235,0.648247,0.762659,0.0928898,-0.234904,-0.881508,-0.255566,0.216813,-0.564717,-0.229114,0.138551,-0.0286839,0.0421527,0.47086,-0.624513,0.482126,0.849091,1
0.818125,-0.0032416,-0.264687,0.412095,-0.591099,-0.146079,0.115019,-0.298439,0.0370862,-0.70696,0.283908,0.0107843,0.72484,-0.0164729,0.00591266,0.149567,0.1097,0.964596,0.0507672,0.965484,0.289883,0.845373,-0.0418042,0.667211,-0.743425,0.208804,0.013457,0.541918,-0.136056,0.112813,-0.115735,0.578575,0.448332,0.94381,1
0.569153,-0.430016,0.519542,0.259301,-0.159609,0.480087,-0.0165573,-0.131993,-0.202454,0.178765,0.251806,0.431446,-0.041265,0.223858,-0.256492,0.679925,0.169794,-0.40136,-0.528169,0.0625666,-0.663927,0.671329,0.134773,-0.18465,-0.218896,-0.539989,0.0415008,0.581089,-0.0634747,-0.0827803,0.294006,-0.418216,0.51683,0.809115,1
-0.256522,0.862729,0.161965,-0.161621,0.0822025,-0.655913,0.257636,-0.486382,-0.59131,-0.692102,-0.369648,0.0745907,0.0731165,-0.143752,-0.633643,0.031519,-0.402382,0.272701,-0.400528,0.119337,-0.424146,-1.13739,0.931644,-0.34631,0.0984401,-0.0424273,0.22647,-0.154237,-0.278258,0.46285,0.255381,0.0600934,0.477392,0.81846,1
0.511091,0.101736,0.239484,0.941628,0.400758,1.03745,-0.276631,-1.51832,-0.561782,-0.0792928,-0.138304,-1.30172,0.294423,0.324689,-0.348492,-0.0609974,-0.37585,-0.568627,0.00536912,0.752527,-0.936664,-0.501438,0.329876,-0.0516744,0.889401,0.155925,-0.315933,0.986928,0.0461635,0.150941,-0.479281,0.147746,0.470484,0.94135,1
0.0944274,-0.391943,-0.6482,-0.280599,-0.235341,-0.118045,0.657566,0.188809,-0.335419,-0.322084,-0.397116,0.77918,0.290044,-0.274111,0.36594,0.75246,0.802845,-0.411881,0.0467709,0.321609,-0.379375,-0.913509,0.269449,0.432247,1.06189,-0.463896,0.629691,-0.144143,0.0354258,0.188953,0.732274,-0.497192,0.579302,0.893374,1
-0.238857,-0.411087,-0.0766529,-0.702771,-0.492226,0.27208,-0.315273,0.174928,-0.252528,0.446084,-0.041,-0.376461,0.334194,-0.757596,-0.388233,1.05809,-0.854043,0.233783,0.264665,-0.0968981,-0.781638,0.559786,-0.161481,0.47203,-0.883075,0.464689,0.647969,-0.441415,-0.192257,0.29737,0.107974,-0.395245,0.570498,0.880192,1
0.165372,0.830191,0.137394,-0.0988192,-1.30149,-0.187685,0.701875,-0.635557,0.97302,0.243444,1.02968,-0.538931,0.528542,-0.150139,-0.684421,0.205503,0.147941,-0.4311,-1.20415,-0.728727,-0.372009,0.512376,-0.376043,0.527585,-0.51723,-0.0482792,0.803571,0.0105774,1.16077,-0.914673,-1.02868,-0.283348,0.503948,0.881777,1
-0.343103,0.692428,0.0972402,0.474846,0.0121297,-0.317824,0.280216,0.0537844,-0.501195,0.810311,-0.329729,0.602702,-0.767262,-0.562905,0.767947,-0.222482,0.239941,0.477761,0.41258,-0.272305,-0.251941,-0.779567,0.483815,-0.406613,-0.490722,0.428076,-0.573491,-0.118635,0.333087,0.385916,0.0991639,0.647467,0.539628,0.779389,1
0.184932,-0.442291,-0.113161,-0.516002,-0.411782,-0.479017,-1.71084,-0.204014,-0.100258,-0.0645066,-0.0808854,0.473819,0.512985,0.0259534,-0.839181,-0.0398551,-0.268208,0.851596,0.682629,-0.566412,-0.21166,1.04872,0.353116,-0.0338363,-0.477269,0.642245,0.403927,0.729624,1.64869,-0.66749,-0.396741,0.435849,0.578864,0.912157,1
0.0146867,0.69493,0.14357,-0.707997,-0.976079,-0.259205,0.220414,0.307678,0.221288,0.236343,0.846712,-0.593598,0.00620067,0.659931,-0.0969061,0.215907,-0.107394,0.40508,1.01237,0.50635,-0.320229,-0.05404,-0.195349,0.300618,-0.184105,-1.02024,0.126135,-0.490309,0.108804,0.2999,0.216641,0.536762,0.561892,0.837809,1
0.121152,0.129514,0.0948491,0.0267952,0.376005,-0.389558,-0.236968,-0.666077,-0.0294983,0.0399074,-0.230875,-0.199448,-0.489518,-0.0143143,0.486243,-0.0710414,-0.55293,-0.405582,-0.770443,0.862508,-0.0531402,-0.628873,0.0403959,0.366607,-0.54233,0.212792,-0.89393,0.13071,0.334212,-0.833337,0.805591,-0.500357,0.420247,0.946182,1
-0.0315696,-0.0880778,0.381281,-0.0243279,-0.221575,0.28591,-0.117843,0.184674,0.263327,0.108545,0.194803,-0.0877471,0.315625,0.286129,0.291345,0.381009,-0.671501,0.000676543,-0.480386,0.577858,-0.136253,0.283005,0.769608,-0.017393,0.526694,0.552236,0.326841,-0.685714,-0.904662,-0.315994,0.000524718,-0.0901391,0.426436,0.824928,1
0.948741,-0.0230452,-0.584613,-0.03391,1.05772,-0.0487039,0.0959742,-0.534028,-0.311703,0.31279,-0.330619,0.193088,0.0429543,0.455242,0.139299,-0.591654,-0.370162,-0.513489,-0.366648,0.333587,0.498837,0.014836,-0.534888,0.288617,0.457839,-0.0196587,-0.718683,-0.32337,0.0122256,-0.800822,-1.05832,-0.372055,0.44784,0.892362,1
0.203542,-0.0436537,-0.153956,0.991577,0.432244,0.0458634,0.0152899,0.536533,-0.616663,-0.587613,-0.0841502,0.749424,-0.378012,-0.691807,0.834447,0.613423,0.172252,0.229951,-0.222052,-0.323232,0.295609,0.335127,-0.380873,-0.0729114,-0.527887,0.40632,-0.489251,0.331411,-0.256586,-0.216122,0.431532,0.179203,0.523675,0.880305,1
-0.346129,-0.379039,0.0359436,-0.929563,0.214102,0.0264365,0.229623,0.787132,0.388373,0.277667,0.840086,1.01049,-0.289757,0.355044,-0.39995,-0.0803794,-0.582994,-0.179976,0.509621,-0.0639987,0.41041,0.455095,-0.0663425,0.620838,0.147405,-0.825216,0.104157,0.427883,0.0618526,0.00838101,0.20546,0.176966,0.484763,0.767731,1
0.158701,0.50624,-0.00846619,0.263401,-0.15251,-0.0341761,0.0175479,-0.00356699,0.244257,-0.178227,-0.779156,-0.0219076,-0.619488,-0.0700724,0.0963937,0.314587,0.0729995,0.470647,-0.270517,-0.479335,-0.244869,-0.440209,-0.897723,-0.31173,0.717138,-0.985956,1.10048,0.220621,-0.924424,-0.53311,0.10437,0.269252,0.483356,0.897414,1
-0.0751721,-0.124637,0.437559,0.119963,-0.279006,-0.409774,-0.229344,0.372065,0.354287,0.66719,0.146828,-0.42062,-0.0226595,-0.0555097,0.556224,0.463451,-0.567047,-0.395311,0.488756,0.292426,0.644397,0.44411,-1.35972,0.0536334,0.147567,-0.884081,-0.334063,0.481857,-0.691756,0.69225,0.26997,0.027412,0.473223,0.923487,1
-0.464584,0.390316,-0.0366427,-0.548527,-0.561208,0.224217,0.0593587,-0.655083,0.60771,-0.333911,-0.0109294,0.0267063,0.124614,0.0700686,-0.260619,-0.0952655,1.05614,0.843202,-0.146659,0.169727,-0.337395,0.689391,0.151685,-0.447687,0.435457,0.0999741,0.422166,-0.24677,-0.350188,0.067747,-0.695991,-0.0356214,0.479533,0.80358,1
-0.0513341,0.0192881,0.488219,-0.72113,0.581496,-0.194134,0.260186,-0.0788247,-0.764034,0.10653,0.0814544,-0.125259,-0.397119,-0.591444,0.886395,-0.0511901,-0.937215,-0.032304,-1.0367,0.650162,-0.733217,-0.188553,-0.416467,-0.275223,0.606579,-0.506756,-0.156635,-0.0267283,0.117014,-0.0449902,0.445881,0.215992,0.512769,0.780415,1
0.272268,-0.590128,-0.34392,-0.371608,0.474979,-0.868554,-0.692858,-0.434625,-0.524964,-0.273858,-0.00792108,0.666884,0.05794,-0.530022,0.493506,0.537188,-0.909372,-0.366284,0.330859,0.269361,-0.0430293,-1.49828,0.798363,-0.0609398,0.494054,0.430936,-0.260275,-0.764367,0.481698,0.27179,0.0826376,-0.121329,0.464033,0.843976,1
-0.141254,-0.287093,-0.683625,0.540627,-0.0700406,-0.327626,-0.0272362,0.0620489,-0.840103,-0.489306,0.064636,0.165173,-0.118426,-0.303294,0.751781,-0.189614,-1.27216,0.169204,0.393898,-0.0616385,-0.116491,-0.46075,0.986525,1.09701,1.03763,-0.525934,-0.787686,0.502789,0.626184,0.0296779,-0.449187,0.073856,0.500206,0.803156,1
0.0873993,0.173495,0.277212,0.583632,-0.39734,0.610489,-0.561403,-0.416077,-0.396977,-0.249355,0.34617,0.613671,0.574733,-1.80608,0.47439,-0.0189056,0.491028,-0.413803,0.224895,0.33571,0.101232,1.1741,1.2675,-0.369825,-0.0724273,-0.0478275,-0.962774,0.574401,0.258105,0.0874583,0.0747454,0.145276,0.553915,0.830253,1
-0.539426,-0.660911,1.2778,-0.83676,-0.0695247,-0.332571,-0.336515,0.167816,0.457447,-0.100901,0.250988,-0.200788,0.554893,0.454076,-0.839237,-0.377554,0.767079,0.207695,-0.321079,0.575666,0.0550489,-0.6894,-0.672584,-0.542095,-0.171643,0.722214,0.553143,0.903104,-0.462059,-0.311394,0.121416,0.44246,0.484538,0.880875,1
-0.425901,-0.255069,0.354768,1.24781,0.683321,0.224348,-0.539616,0.254908,0.596845,0.563044,-0.123391,-0.849968,0.839037,-0.206444,-0.104955,0.387798,0.588411,-0.384862,0.711012,-0.0288985,-0.18987,0.0578659,-0.0888465,-0.242845,-1.29528,-0.0248068,1.08949,0.996319,-0.97594,-0.190985,0.18869,-0.307693,0.511238,0.777663,1
-0.40045,-0.0444747,0.131992,0.165323,0.926127,-0.505179,0.155437,0.463621,0.581337,-0.268241,0.118711,-0.246747,-0.58383,0.773807,-1.15277,0.485674,-0.213586,0.210475,-0.385594,1.35796,0.360703,0.00415284,-0.686596,-0.113579,0.401951,-0.162697,0.0349674,-0.0613432,0.155002,-0.518675,-0.108124,-0.0682653,0.514587,0.770674,1
0.43039,-0.101987,0.341975,0.264555,0.504013,0.214546,-0.0566108,-0.0855876,-0.156241,-0.379786,-0.412379,0.328731,0.795084,-0.362591,-0.476351,-0.416984,-0.365915,-0.886632,-0.123627,0.00478397,0.360285,-0.741988,-0.0049399,0.0373501,0.54022,-0.527593,0.692864,-0.032676,0.581705,-0.814725,-0.0282677,-0.160384,0.567557,0.934384,1
0.55003,-0.124743,0.0766079,-0.753193,-0.332383,-0.348727,0.246172,0.361151,-0.337709,0.215752,-0.178073,-0.42878,-0.564185,0.870208,0.186074,0.0136588,-0.0186003,0.672659,0.0294886,0.0508247,0.236802,0.947061,0.344411,-0.432063,0.259549,-0.368304,-0.306174,-0.311943,0.18579,-0.903058,-0.100656,-0.2973,0.494402,0.948148,1
-0.694537,0.790405,-0.114089,-0.240367,-0.55814,0.55348,0.253811,-0.073389,-0.119193,0.262845,0.0759915,-0.170909,0.167826,0.0863726,0.159323,-0.808172,-0.285081,-0.055466,0.368619,0.875505,0.199758,0.0531078,0.143951,0.424097,0.0859905,0.134766,0.926861,-0.89472,-0.401794,-0.63444,-0.329393,0.0369654,0.464321,0.914225,1
-0.286356,-0.283557,0.252597,-0.0639086,0.167807,0.93541,-0.775169,0.175804,-0.653839,0.139858,0.709069,0.337281,0.903491,0.512133,0.149223,0.252929,-0.295723,-0.269205,0.518244,-0.080256,0.315979,0.411515,0.138695,0.38874,0.0972673,0.663376,0.100498,-0.316364,0.222045,-0.163243,-0.476496,-0.443262,0.537801,0.779848,1
-0.159111,-0.119804,-0.0837716,0.470115,0.297619,-0.0184403,-0.141342,-0.283552,-0.840757,0.423777,0.0803664,-0.679579,0.898655,0.588778,0.520843,-0.484421,0.0219715,0.222338,-0.230895,0.243264,-1.31035,0.323582,0.526724,0.235753,-0.301561,0.30362,0.627279,-0.852894,-0.865422,-0.590063,-0.0287109,0.187729,0.421626,0.82085,1
-0.0729378,0.29584,-0.0658626,0.803949,0.400795,-0.0183346,-0.216139,-0.679703,-1.1039,-1.00845,-0.40454,0.627703,-0.206359,0.188408,0.559891,-0.481461,-0.516851,0.297442,-1.11897,-0.544961,-0.526066,-0.437324,0.0873641,-1.23922,-0.00768164,-0.162785,-0.347427,-0.239557,-0.5881,0.474467,0.40998,-0.286885,0.421735,0.801603,1
0.397133,-0.578308,0.291681,-0.172637,0.934074,-0.161872,-0.581422,0.0784129,0.834738,0.244937,-0.289762,-0.0336479,-1.15991,0.611745,-0.808679,0.269758,0.0956521,-0.562849,0.199439,0.713714,-0.143813,-0.131722,-0.320064,0.618978,-0.356996,0.759443,-0.635888,-0.106613,0.291233,-0.268218,-0.279758,0.363737,0.460627,0.918633,1
-0.245096,0.282485,0.123631,-0.254657,-0.169411,0.312648,-0.747135,0.487748,0.0207494,0.00213933,0.161958,-0.548488,-0.0905864,-0.586245,0.310756,-0.0667048,-0.127109,-0.654415,-0.480457,-0.742067,0.643631,0.626502,0.43062,0.0190167,0.309157,-0.775815,0.53296,-0.351782,-0.958975,0.566868,-0.643438,-0.337314,0.504892,0.846693,1
-0.26221,1.31052,-0.108352,0.261986,0.0309629,0.0152247,-0.384643,-0.171975,0.000133984,-0.164593,1.10102,-0.590434,-0.511071,0.293521,-0.0836573,-0.270751,-0.0266354,0.804722,0.607814,0.485084,0.79553,0.275247,0.409066,0.0172608,-0.129206,0.330472,-0.209834,0.105995,-0.59934,0.552983,-0.632166,-0.64123,0.486489,0.855416,1
0.25929,0.237897,0.207224,0.150687,0.160888,7.95,0.22452,0.20336,0.233716,0.100745,0.361208,0.396023,0.207251,0.32445,0.21114,0.322078,0.14946,0.278776,0.305309,0.365426,0.302387,0.267241,0.277335,0.225462,0.359614,0.230843,0.327037,0.158415,0.343311,0.383476,0.204112,0.170585,0.52,0.82,1
-0.504258,-0.176727,0.124751,-0.275033,0.180797,-0.314702,0.654174,0.523466,-0.791705,-0.203881,0.497353,0.969496,0.0622984,0.1036,0.492029,-0.0747317,0.0656361,0.517951,-0.116882,0.304123,-0.131923,-0.83652,-0.427377,0.235795,-0.390835,-0.867352,0.515889,0.429685,0.74427,-0.561633,-0.266074,-0.118149,0.453322,0.777721,1
-0.181539,-0.941373,-0.128556,1.06192,0.338531,-0.850602,0.826644,0.687133,0.492804,-0.178878,-0.433231,-0.492308,-0.0418883,1.05049,-0.430149,0.225104,0.191666,-0.0939566,0.563639,0.359717,-0.225995,-0.596416,-0.681656,-0.391416,0.494046,0.026743,0.424034,0.214343,-0.478202,0.291202,-0.23892,-0.90769,0.443142,0.925448,1
-0.491248,0.132248,-0.839349,0.106959,0.4154,-0.155621,-0.625529,0.51088,-0.211772,0.170776,0.163431,0.739339,-0.155179,-0.577536,-0.578773,-0.208847,0.278428,0.374045,-0.127989,-0.502095,-0.284876,-0.0294969,-0.154177,-0.363361,-0.801597,-0.368599,-0.245373,0.0623778,0.0580517,0.477362,0.0211163,0.666871,0.49387,0.765335,1
0.933542,-0.767529,-0.430007,-1.00202,0.423987,0.0629163,0.323191,0.944454,-1.02991,-0.195274,0.209568,0.439456,0.620407,-0.890271,-0.337172,0.223807,0.309988,-0.410588,-0.0968643,0.647361,-0.0890411,-1.03128,-0.104267,0.493526,0.128786,0.252605,-0.0405354,0.181378,0.436064,-0.105674,0.245335,0.442582,0.551363,0.93927,1
-0.517733,-0.00323504,-0.0912073,0.678396,0.643038,0.328542,0.358901,-0.337471,-0.0715546,0.451074,0.532407,-0.0664144,0.0902717,1.0257,-0.517694,-0.293837,0.275313,0.182769,-0.283606,0.620116,-0.471539,0.689989,0.472015,0.382669,-0.264755,0.258738,-0.620924,0.393245,-0.679437,-0.250426,-0.388793,-0.411236,0.536842,0.861305,1
0.0149489,-0.265362,0.354252,-0.334696,-0.878787,-0.648401,-0.438448,-1.04913,-0.00353641,1.2845,0.164944,-0.071312,-0.341005,-0.526435,-0.0306753,-0.0934797,-0.172849,0.0508007,-0.0327043,-0.314559,0.107653,0.504722,-0.449855,-0.380197,-0.912141,0.0493487,-0.15495,0.295914,-0.00961456,-0.128641,0.118509,-0.162277,0.438597,0.880038,1
0.447277,0.402086,0.371975,-0.245344,0.578565,-0.203094,-1.07497,-0.480569,0.192564,-0.0621212,-0.189005,0.554474,-0.122262,0.228585,-0.934715,-0.156771,0.0660131,0.0515281,1.03795,0.335718,-0.332132,-0.741602,-0.131975,0.155598,-0.104429,0.314083,0.383098,0.190452,-0.276354,0.402779,0.556018,1.05444,0.420034,0.849967,1
-0.188255,0.0198101,-0.459162,-0.0996344,0.818484,-0.269722,0.691542,0.326314,0.145954,0.187647,0.0158077,-0.000331139,0.28282,-0.488622,-0.00804617,0.109439,0.306339,0.238405,1.10608,0.669967,0.589209,-0.725351,-0.762891,0.0980995,0.135969,-0.176737,0.0110373,0.0566148,0.0661056,0.127444,-0.0343765,-0.103388,0.48727,0.927878,1
0.322603,-0.30074,-0.129293,0.602656,-0.0179012,0.709664,-0.0242334,0.510182,-0.19858,-0.564268,-0.461579,-0.108483,-0.668894,-0.181299,0.137458,0.294844,0.804829,-0.237997,0.729028,0.0641585,-0.0740826,0.0603121,-0.351938,0.637585,0.627811,0.519647,-0.437978,0.187471,0.180286,1.42994,-0.422855,0.767642,0.492143,0.818187,1
0.389654,0.137004,0.0478214,0.410883,0.716993,0.204903,0.698913,0.431106,-0.847806,0.473386,0.0321682,-0.0659303,0.285243,-0.188428,-0.889181,-0.838895,-0.192216,-0.442634,-0.104777,-0.415305,0.671126,0.300008,-0.772579,-0.107782,-0.785918,-0.300961,-0.352151,-0.0215661,-0.429684,0.29861,0.52363,0.713888,0.460011,0.879552,1
-0.5016,-0.148955,0.247398,-1.00475,-0.0701604,0.29719,0.135986,-0.215109,1.42672,-0.130726,0.993803,0.611183,0.0976998,-0.332938,-0.126201,-0.210629,0.287204,-0.668151,0.4409,0.113929,0.730425,-0.448907,0.203956,0.217674,0.0203941,0.240144,-0.0622819,-0.203185,0.124725,0.338636,-0.170736,-0.426353,0.565325,0.847102,1
0.67054,0.562876,0.0705146,-0.162759,-0.0356278,-0.350359,0.0742582,-0.0697853,-1.44335,0.22467,-0.662393,0.648207,-0.760484,-0.749553,0.421982,0.0192195,-0.0163586,-0.517941,-0.807464,0.26746,0.50381,-0.314223,-0.626754,-0.314788,-0.759533,-0.253339,-0.101788,0.61028,0.184648,0.303126,0.0674385,-0.491095,0.488031,0.765927,1
0.573372,0.457152,-0.28876,-0.685862,0.661822,-0.0278669,0.244869,-0.363851,-0.557476,0.856523,0.408886,0.315199,-0.739926,-0.0690468,-0.283264,0.10442,-0.265548,0.0848486,0.112312,-0.504444,-0.114014,0.484906,0.128557,1.14336,0.0478454,-0.141079,0.833549,-0.309071,0.0930349,0.40128,0.0339992,0.531693,0.501774,0.817396,1
-0.644817,0.214557,-0.45913,-0.16171,0.625702,0.581177,0.179371,0.0870338,-0.544902,-0.572591,0.0423067,-0.221425,0.412486,-0.182422,0.16735,-0.176588,0.644774,0.855802,0.636206,-0.165412,-0.542875,0.501507,-0.0868201,0.938222,-0.641998,0.213885,-0.128951,-0.102337,-0.277745,0.313579,1.09638,0.257301,0.457907,0.876808,1
0.0630485,-0.216684,-0.330452,-0.542532,-0.305184,0.223906,0.687035,-0.719627,-0.71984,0.0323237,-0.127512,0.593661,-1.11984,0.104569,0.165441,0.706417,-0.0625168,-0.449284,-0.316974,0.947635,-0.507704,-0.226818,0.890383,-0.0410605,0.0306778,-0.783477,0.111813,0.0587995,-0.476339,-0.645581,0.217647,0.865699,0.55647,0.897332,1
-0.020648,-1.08385,0.766025,0.623127,0.663133,-0.807423,-0.0755609,-0.0444224,0.57345,-0.440604,-0.463881,-0.150653,0.354405,0.260385,0.914358,0.266701,0.504333,-0.0218308,-0.692224,0.129791,-0.147402,-0.192606,-0.651563,-0.0942081,0.751894,-0.863146,0.0352969,-0.460961,-0.122833,0.364509,-0.205934,-0.574737,0.48256,0.898617,1
0.0726297,0.0895867,-0.509504,-0.493767,-0.151689,0.790365,-0.364405,-0.293513,-0.139163,-0.0635533,-0.0962068,-0.01902,-0.226567,0.804322,0.512898,-0.16014,0.137803,-0.378729,0.178763,0.469231,-0.485221,-1.07807,0.119779,-0.164044,-0.570052,0.156729,-0.461214,-0.143588,0.976392,-0.291601,0.187372,-0.297466,0.499661,0.840993,1
0.439023,0.420619,0.177749,0.461997,1.05063,0.272733,-0.525289,-0.14432,-0.587092,0.491112,-0.0982334,0.0980077,0.0985367,0.340916,-0.0554126,0.76981,-0.278264,0.357784,-0.0706748,0.789108,0.331613,-0.219694,-0.319317,0.363301,0.152118,-0.046799,0.612493,-0.448571,0.418039,-0.504017,-0.367119,0.277866,0.421544,0.809649,1
-0.561605,0.650859,0.0889845,-0.634582,-0.469933,-1.40618,0.269421,-0.0609544,0.15428,0.0163306,0.358273,-0.65913,0.11108,-0.0321901,0.198838,-0.378462,0.947973,0.278679,-0.234324,0.791762,-0.0562706,0.558832,0.126211,-0.0623877,0.530865,-0.374486,0.750949,0.857357,0.146754,0.111228,-0.172832,-0.380784,0.550485,0.882689,1
-0.0392444,0.115122,0.115672,0.628155,-0.208452,-0.739693,-0.0536668,0.264861,0.284383,0.514824,-0.34392,-0.696273,-0.383792,0.476627,0.656349,0.705397,0.363947,0.503903,-0.116533,0.170492,-0.790703,0.457927,0.173165,0.280984,0.0218537,0.751704,-0.266223,-0.432435,0.353741,-0.546989,-0.196052,0.385408,0.463866,0.837997,1
0.95,0.88,0.253064,-0.345076,0.32047,0.396132,-0.231982,0.224779,-0.185741,0.0322312,-0.0823272,-0.396929,-0.341994,0.220805,0.40904,0.255791,0.461399,-0.499858,-0.305799,-0.268041,-0.0352888,0.2668,0.221197,0.13724,-0.174994,0.188827,0.447692,-0.0858746,-0.488557,-0.225898,-0.460232,0.450584,0.48,0.2,0
0.490268,-0.634501,-0.161233,-0.248317,-0.222086,-0.545818,0.0148031,-0.664858,0.405329,-0.387462,0.853587,-0.037329,-0.436335,0.263877,0.276127,0.426931,-0.420474,-0.166887,0.691552,0.193124,-0.64574,0.255934,0.295774,-0.0460071,-0.675251,0.237209,0.0676868,0.111039,-0.054532,-0.776891,-0.130855,0.500927,0.447905,0.837044,1
-0.433863,-0.0458212,0.0102489,-0.410106,0.434181,0.991539,0.047033,0.161418,0.206366,-0.224003,0.61477,-0.521858,-0.631948,0.169139,-0.648847,-0.0696809,-0.478439,0.513423,-0.087456,-0.17556,-0.278225,-0.460319,-0.271582,0.361957,0.216782,1.63833,-0.816588,0.217763,0.220961,-0.235483,0.14761,-0.515028,0.498374,0.917451,1
0.0792613,0.408399,0.230844,-0.164099,0.0180965,-0.448426,-1.23705,0.176974,0.751949,-0.39019,0.351239,0.489163,-0.47107,0.0268398,0.386483,0.576058,0.0452424,-0.248381,0.150124,-0.434247,-0.0757333,0.382568,-0.593738,0.25051,0.559614,-0.0710763,-0.368774,-0.794064,-0.450782,-0.228859,0.442466,-0.232155,0.492096,0.866049,1
0.888295,-0.162827,0.277586,0.558886,-1.16022,0.374952,-0.114627,-0.153748,0.125874,-0.420959,0.10781,0.307864,0.791868,0.353845,-1.40771,-0.319479,-0.345899,1.20238,0.758031,-0.186576,0.262542,-0.789767,0.298699,-0.463237,-0.743092,0.237219,0.266353,-1.14684,0.477024,-0.0860619,0.430553,-0.663677,0.564611,0.879199,1
-0.451615,-0.0993841,-0.270534,-0.424981,0.0975175,-0.332959,1.27609,0.85444,-0.356188,-0.806703,0.282275,0.863653,0.349297,0.651816,-0.0551738,0.0594563,0.177867,0.182087,0.0843958,0.0238398,-1.00121,-0.714494,-0.0629225,-0.796611,0.175315,-0.662119,0.109489,0.521034,-0.257209,-0.369165,-0.477426,-1.07371,0.455602,0.882709,1
0.296886,-0.0755666,-0.166208,0.305314,0.0393964,1.02691,-0.0208558,-0.244968,-0.201201,-0.824023,0.306193,0.0379151,0.660211,-0.293924,-0.198136,-1.11756,0.289016,0.287813,-0.731337,0.154124,-0.920259,-0.150133,-0.516901,0.195343,0.586346,-0.829051,0.858453,-0.464454,1.26775,0.958213,0.313657,0.316956,0.476107,0.77745,1
0.131609,-0.0194389,-0.319933,-0.766742,-0.897519,-0.888017,0.672683,1.0342,-0.515177,0.0682876,-0.417734,-0.518603,-0.420315,-0.472671,0.564172,0.0488233,0.480613,-0.195244,-0.381039,0.580272,0.307307,-0.368725,0.131108,0.0997486,0.142161,0.479892,0.203532,0.396889,-0.194981,0.109325,0.388533,0.363744,0.420116,0.946342,1
-0.541597,-0.313729,1.21882,-0.453672,-0.283774,-0.292894,0.76212,-0.448128,0.212649,0.349317,-0.127322,-0.792204,-0.747764,0.132244,-0.0679138,-0.682248,0.739016,0.929519,-0.692569,-0.756758,0.513133,0.346993,-0.0815524,-1.07135,1.7086,-0.273184,0.534161,0.843927,0.687581,-0.0966384,-0.760335,0.634716,0.51257,0.784296,1
0.0847957,0.585174,0.7864,-0.642119,-0.123766,-0.0758877,-0.0097739,-0.235451,-0.253387,0.159034,-0.0838269,0.599771,1.07969,-0.785692,-0.0780043,-0.049113,-0.229457,-0.209211,-0.584747,0.554923,0.220319,0.782387,0.270824,0.139717,0.00272258,0.197989,0.0304442,0.417859,-0.413395,0.0263534,-0.496289,0.0942295,0.57867,0.786312,1
-0.146412,0.0464944,-0.661751,-0.536751,0.624572,-0.138362,-0.567639,0.809004,-0.237442,0.484964,0.577771,-0.18836,-1.10632,-0.160427,-0.418132,0.569804,0.04864,0.684939,0.0774175,0.557427,-0.184663,0.525493,0.780306,-0.362196,0.134661,-0.357091,0.508435,-0.0679485,0.736521,-0.504228,-0.797882,0.0228532,0.445215,0.8888,1
0.95,0.88,0.238934,-0.321636,0.48076,0.257935,-0.37208,-0.433321,0.397107,0.236741,0.374269,0.239,-0.412869,0.196525,0.102307,-0.452502,0.268586,-0.336651,0.28812,0.202165,0.400261,-0.273765,-0.251643,0.223751,0.201576,0.331975,-0.487857,-0.175475,0.405685,-0.387495,0.0807162,-0.139796,0.48,0.2,0
0.679784,0.494249,-0.854863,-0.490667,-0.299703,-0.0427067,0.486555,-1.02189,0.327765,-0.270946,0.24825,-0.0677784,0.52067,-0.556207,0.623779,0.173013,0.0472324,0.145949,0.340825,-0.0658922,0.0978473,-0.705918,-0.384513,-0.612606,0.163418,-0.401688,0.560994,-0.0820421,-0.0684452,-0.931319,0.212398,-0.314979,0.446599,0.949721,1
-0.183195,-0.010371,0.0476644,0.101238,0.423793,-0.29542,-0.491392,-1.09522,0.289927,-0.176611,0.618118,-0.217017,-0.105521,-0.0840448,0.45568,0.196177,0.832119,-0.749691,-1.06323,-0.596845,-0.106427,-0.334698,-0.482843,-0.491514,0.331551,0.364813,-1.03513,0.151334,-0.290155,-0.345351,0.0363815,0.981504,0.505749,0.927639,1
0.125972,-0.78725,0.310736,0.686483,-0.0413896,-0.107964,0.273368,0.208999,-0.653821,-0.280846,-0.0377462,-0.433635,-0.485413,-0.0847725,0.605003,-0.0372327,-0.589276,0.506242,-0.0183546,-0.445506,-0.174953,0.0265156,0.621481,0.19826,-0.614787,-0.808993,0.399419,0.0148348,-0.253761,-0.160476,-0.952981,-0.416745,0.550173,0.871714,1
-0.606043,0.121026,0.409762,0.0842318,-0.205917,0.525732,0.34969,-0.247416,-0.533671,-0.262381,-0.21927,0.196328,-0.694163,-0.612939,-0.49826,0.307719,0.955707,0.527911,0.741124,-0.601689,0.925481,-0.920612,-0.437148,0.166544,-0.567217,-0.595268,-0.924045,0.320006,0.227454,0.935531,0.797628,0.0437211,0.522647,0.820522,1
0.240777,0.147944,-0.106306,0.0426843,-0.806261,0.5619,-0.480867,0.0877925,-0.028349,-0.116844,-0.765059,-0.324177,1.06029,-0.0125068,1.40397,0.0226974,0.14539,0.0957648,0.0701271,0.0970687,-0.363257,-0.942499,0.0268574,-0.477799,0.524447,-0.456721,-0.549052,-0.795472,-0.261492,0.4079,0.311419,-0.338699,0.562738,0.803044,1
-0.78149,-0.0418447,0.691002,0.430792,0.302223,-0.7916,-0.377138,0.210876,0.873301,-0.369946,-0.0337644,-0.201174,-0.702314,-0.790684,-0.108458,1.29274,-0.348487,-0.851314,0.0571205,0.0784363,0.285384,0.0334149,0.180479,-0.537128,-0.0417536,-0.101713,0.288746,-0.0620232,0.368234,-0.59744,0.562437,-0.0608868,0.469759,0.898644,1
0.155806,-0.441547,-0.0591862,-0.00806255,-1.46581,-0.626938,-0.290096,-0.505525,0.382674,0.242823,0.102607,-0.102658,0.425377,0.685279,-0.727765,-0.318964,0.119265,0.466073,0.329228,-0.778112,-0.680157,0.561981,-1.00892,0.482398,-0.251118,0.13978,-0.155637,0.293123,0.607159,0.339784,-0.419429,0.242453,0.423695,0.948417,1
0.430788,-1.03181,0.401397,0.0435221,0.0623681,-0.75607,-0.21618,-0.165944,-0.229387,0.301265,-0.317374,-0.19166,-0.0185304,-0.308642,0.713266,-0.227877,0.243229,-0.0306687,-0.151963,0.293958,0.359604,0.142381,-0.835984,-0.633111,0.414542,-0.364789,0.248265,-0.228232,0.242165,0.392624,-0.184631,-0.222905,0.473125,0.894093,1
-0.27868,-0.703304,0.0328736,-0.145361,0.213299,0.711031,0.607571,0.724939,-0.70845,0.825478,-0.0333055,0.326439,0.199943,1.60045,-0.208787,-0.214582,0.97199,-0.52443,-0.650284,0.468989,-0.320346,-0.353375,0.190007,0.641345,-0.266165,0.459544,0.745631,-0.597865,0.365507,0.783297,-0.152276,-0.422457,0.433353,0.787794,1
-0.0871335,-1.57417,-0.109996,-0.123582,-0.0707919,-0.280716,-0.250167,0.839815,0.621968,0.550263,-0.490079,0.177077,-0.571007,0.0410527,0.324872,0.813542,-0.301488,-0.75323,0.0313228,0.596545,0.789124,-0.430259,0.710818,-0.499019,-0.599184,-0.126649,0.12554,0.292346,-0.00735533,0.297434,0.717416,-0.513574,0.439102,0.932486,1
0.660947,-0.984392,0.195974,0.207271,0.722666,-0.269955,-0.579942,0.168294,0.212298,-0.670457,0.060906,0.608357,-0.0342961,0.442281,0.31583,0.905596,0.840371,-0.193295,-0.0281813,-0.72583,-0.0733838,0.658702,0.557778,-0.946657,0.0676448,-0.0726679,0.546326,-0.920068,-0.0466327,-0.149761,-0.0715044,0.200356,0.543747,0.890835,1
0.637538,0.1566,0.132949,-0.961017,-0.261439,0.297746,-0.239196,-0.170789,1.35154,-0.346943,0.00675084,-0.465376,0.27282,0.235354,0.55671,-0.0614966,1.02432,0.40825,-0.349546,-0.349312,1.10205,-0.420063,-0.388633,0.556076,0.518178,0.38227,0.439536,-0.756889,-0.360941,0.0142424,-0.161018,1.18738,0.454004,0.824012,1
-0.0384064,-0.183637,-0.630097,0.392775,-0.201379,-0.514484,0.241502,-0.287368,1.31364,0.192994,0.831693,-0.206109,-0.333584,-0.910268,0.41511,0.246956,0.272659,0.250003,0.266934,-0.0155705,0.662106,0.756081,0.480889,0.432804,-0.668872,-1.1171,0.0674095,-0.406065,0.0897361,-0.989708,1.34254,-0.748544,0.520335,0.873953,1
0.517349,0.381676,0.32954,0.000157523,-0.726856,-0.0573099,1.00019,0.563476,-0.545554,0.0873673,-0.510519,-0.142562,0.562266,-0.290138,-0.0311288,0.109751,-0.625202,-0.201416,-0.65374,-0.446136,0.598736,0.646455,-0.312737,-0.203885,-0.934504,-0.246212,0.356331,-0.283328,0.34337,-0.995274,-0.548295,-0.292366,0.478268,0.795729,1
0.089029,0.530041,0.981899,0.674016,-0.151808,-0.643461,0.173748,0.188103,0.477432,0.219368,0.191373,-0.316267,-0.574368,-0.173731,0.236128,-0.685,0.169856,0.237644,0.923794,-0.619478,-0.0255857,0.884425,0.11538,0.0753825,0.13961,-0.200924,0.0296679,-0.403166,0.267908,0.399287,0.457782,0.0318607,0.549122,0.768758,1
0.0691518,-0.0671647,-0.459543,-1.00563,0.158653,-1.37336,0.575996,0.000998979,0.467144,0.209107,-0.685931,-0.124557,0.0471718,0.00275832,-0.0325498,0.317981,-0.926267,0.953794,-0.237185,-0.730768,1.30033,0.323869,0.0968327,-0.414281,0.660571,1.5262,-0.381208,0.00517733,1.02057,0.572406,0.377052,-0.418572,0.508499,0.821317,1
0.415555,0.184346,-0.980199,0.75123,-0.133245,-1.33974,-0.471178,-0.56097,-0.456571,-0.537109,0.9086,0.316071,-0.350693,-0.436503,-0.8867,-0.187895,0.305052,-0.878575,-0.627435,-0.819374,0.179344,0.530436,-0.640834,0.305468,-0.174775,-1.04693,-0.496042,0.332401,-0.176581,0.48349,0.311754,0.776902,0.466124,0.826351,1
0.267332,-0.260372,-0.0171601,-0.0460948,0.0832797,-0.296724,0.497008,-0.0425697,-0.0238018,0.241058,0.0204432,-0.519384,0.341763,-0.0892874,0.0543217,-0.0338002,-0.213432,0.710214,0.685336,0.445578,0.497268,0.592345,0.397899,0.032955,-0.0837416,-0.286811,-0.375883,0.882921,0.452769,0.27887,-0.279063,0.111903,0.553557,0.913123,1
-0.450444,-0.5102,-1.16743,-1.04766,0.118896,0.300482,0.249577,-0.302859,-0.297604,0.100272,-0.143358,0.646265,-0.194334,0.684992,0.980899,0.827529,0.83903,-0.0562997,-0.285932,-0.0493693,-0.131831,-0.144676,-0.176978,0.291106,1.57735,-0.35255,0.019957,-0.400555,0.375973,-0.598105,-0.558842,0.47557,0.498001,0.837164,1
0.394856,0.456089,0.353553,-0.0411892,-0.447519,-0.360538,0.24211,-0.0929145,0.518248,-0.527332,0.339628,0.243233,-0.405045,0.850179,-0.754594,-0.126407,-0.099027,-0.517221,-0.797065,0.30822,-0.04454,-0.211792,-0.470238,-0.0194489,0.233591,0.524639,0.00762812,0.102333,0.139234,0.281175,0.139058,-0.553164,0.515109,0.901017,1
0.722784,0.068596,0.153743,-0.597404,0.211115,-0.0248629,0.155357,-0.319546,-0.228785,0.285255,-0.260619,-0.227625,0.245421,-0.355824,0.380788,-0.33482,0.612803,-0.732779,0.792875,-0.230592,0.244479,0.941618,0.402969,-0.862859,-0.0953264,0.0594789,0.150917,0.234507,-0.074257,1.10685,0.830956,0.622453,0.438112,0.909108,1
-0.185178,0.591694,0.720301,-0.473909,-0.325495,0.519136,0.104464,0.165039,0.344329,0.183405,-0.572244,-0.329624,-0.552925,0.268385,0.270118,-0.231126,0.874603,-0.239303,-0.111218,0.580068,0.287905,0.573459,-0.230447,0.168534,-0.0271505,0.555758,0.0290729,0.0323329,-0.320243,-1.03111,-0.372177,0.653587,0.501403,0.91751,1
0.173387,-0.0292331,-0.202504,-0.0887529,0.0285983,0.66425,-0.259974,-0.163015,0.0408173,0.229222,0.236444,0.178297,0.0579347,-0.160965,-0.039291,0.256828,0.0566277,-0.297758,-0.48756,-0.243752,-0.27507,0.255833,0.21132,0.578173,0.179685,-0.14341,0.0594926,-0.0930625,0.00705777,0.100467,-0.367202,-0.136296,0.55345,0.911062,1
1.04153,-0.0719737,0.314885,0.905401,0.440379,-0.930841,0.228184,-0.164192,-0.506338,0.696172,-0.108365,-0.122636,-0.717845,0.00513624,-0.0443945,0.207188,-0.246539,0.0442563,0.401902,-1.11344,-0.165208,0.667985,0.181797,-0.0339183,-0.318466,-0.687846,0.565921,-0.623421,-0.517301,0.0471201,-0.393409,-0.921035,0.571914,0.870184,1
0.437645,0.250452,0.562559,0.792901,0.501545,-0.136257,0.0450291,-0.0765461,0.468988,-0.228982,0.0371468,-0.702823,0.194077,0.0854378,0.221339,0.0959205,0.327454,-0.338034,-0.228757,-0.627215,0.193852,-0.468262,-0.553555,-0.194282,0.498569,0.00273732,-0.323025,0.105384,0.0874083,-0.798024,0.241702,0.624813,0.512919,0.789039,1
-1.02215,-0.61028,0.0154798,-0.980338,0.559792,-0.701225,-0.256047,-0.242608,-0.67632,-0.287026,-0.245489,0.487918,-0.152567,0.168599,-0.00555239,0.154258,0.381875,0.805313,-0.188421,0.436837,-0.955782,-0.321761,0.641662,0.649142,0.0402303,-0.383266,-0.538227,1.0429,-0.886595,-0.0922509,0.160716,-0.15189,0.500678,0.904566,1
-0.327571,-0.393645,0.38094,0.841046,-0.233732,-0.427403,0.074337,-0.538619,0.675645,-0.488722,-0.509032,0.262812,0.609955,-0.682384,-0.463218,0.238465,0.37075,0.254982,0.378617,0.546764,-0.380726,-0.0841351,0.171374,-0.333285,0.319913,-0.0718782,1.22278,-0.759128,-0.148732,-0.430546,0.344326,0.0290966,0.558465,0.926687,1
-0.416495,-0.392847,0.193409,0.0955518,-0.350323,0.250963,-0.657791,-0.273069,-0.920887,0.454922,0.961151,-0.20871,0.332324,-0.0593493,-0.793645,1.25445,0.609461,-0.00408542,-0.44409,0.147807,0.364638,0.0823255,0.437993,0.572034,0.50741,0.447812,0.0367226,-0.495743,-0.0343668,-0.205901,0.223832,-0.134189,0.472155,0.890222,1
0.554083,0.277366,0.0678319,0.940323,-0.176596,-0.180155,0.028896,-0.205737,-0.711565,-0.882781,1.13389,-0.557328,0.0450507,-0.518322,0.134938,-0.629827,-0.342841,0.963206,0.444455,0.694116,-0.28372,-0.46785,0.0202477,0.176233,0.720991,0.727511,0.977039,-0.482677,-0.16092,0.315679,-0.107965,-0.58722,0.523134,0.858536,1
-0.134866,-0.412529,0.483306,-0.755813,-0.499501,0.529088,-0.253799,0.800973,-0.30129,-0.14586,-0.954494,-0.173744,-0.40546,0.214355,-0.5694,-0.229393,0.215413,0.0118423,-0.327191,0.703282,-0.489022,0.553581,-0.0835518,-0.204161,-0.313684,0.483277,0.137027,-0.0482614,0.0634276,0.491215,0.635286,-0.0463972,0.427437,0.902025,1
0.265126,0.314633,0.510318,0.17391,-0.48989,0.397734,-0.777781,-0.34122,-0.155268,-0.202571,-1.06527,0.335126,-1.2648,0.103975,-0.16747,-0.769092,0.427417,0.108608,-0.759878,-0.379919,0.674267,-0.506724,0.388629,-0.133535,0.242256,-0.44312,0.544483,0.621312,-0.545265,0.20504,-0.41328,-0.416007,0.555403,0.945124,1
0.665615,-0.127771,-0.0601337,0.72873,-0.577813,0.252272,-0.0417608,0.0230598,-1.44649,0.366056,-0.337149,-1.12453,0.778607,0.570076,-0.856731,0.150754,-0.324172,0.386484,0.366009,-0.354389,-0.0478849,-0.0559744,0.376404,-0.211261,0.205376,-0.675267,0.590691,0.496771,-0.619148,-0.730781,-0.691448,0.376993,0.46764,0.859119,1
0.00372981,1.04126,0.0332016,-0.0608227,-0.411859,-0.911052,0.562888,0.887226,0.477082,0.648619,0.659409,0.600859,-0.318278,-0.334876,0.114642,0.130328,0.392947,-0.454061,0.0165637,-0.574794,0.880267,-0.827704,1.04096,-1.04897,0.36711,0.132891,-0.118506,0.156962,-0.338626,0.670463,0.646646,-0.234525,0.493856,0.899179,1
-0.665992,-0.433885,-0.468873,-0.237482,-0.292593,0.41545,-0.386221,0.540236,0.451764,-0.137851,-0.918774,-0.0556506,0.120718,0.649618,-0.349627,0.15885,-0.744756,0.210695,0.808908,0.484476,0.124398,0.156944,0.684757,0.407372,0.294523,-0.353145,-0.189373,0.31396,0.035351,0.77143,-0.567689,-0.0579502,0.424712,0.764943,1
-0.510506,0.0227683,0.322986,0.214619,0.0664676,0.534163,0.868336,-0.247157,-0.744467,-0.398007,-0.107538,0.328512,0.326274,0.672507,-0.367476,0.148208,0.137166,0.0327802,0.124325,0.884642,-0.422918,0.126551,-0.933095,-0.0635481,0.339789,0.909193,0.126779,0.772159,-0.137446,0.104467,0.77029,0.450106,0.467332,0.933321,1
0.174016,-0.219794,0.329331,0.0118733,-0.612831,0.49906,-0.00929639,0.327685,-0.801484,0.926439,-0.731305,0.512681,0.0391935,0.0845885,0.244267,0.395896,0.0125633,0.259125,0.683942,-0.0887773,-0.143712,-0.298583,-0.145659,-0.424674,-0.253388,-0.479267,0.179117,0.890351,0.567374,-0.586089,1.05174,0.365816,0.537094,0.856488,1
0.886135,0.314009,0.602155,-0.650436,-0.838814,-0.0775063,0.211865,-0.0308997,-0.622478,-0.739278,-0.335119,-0.265804,0.218959,-0.101428,0.523531,0.441433,0.722508,1.27868,-0.517707,-0.514288,-0.23183,-0.111569,0.102486,0.417712,-0.600938,-0.0977053,-0.087983,-0.412575,-0.0303885,-0.78624,0.304695,-0.358553,0.538833,0.874034,1
-0.295589,0.42779,0.740426,-0.106373,-0.43682,0.426192,0.561195,-0.0831179,-0.899228,0.318611,0.105299,0.452774,0.678444,0.181371,-0.204064,0.336361,-0.28862,-0.341353,0.0171575,-0.417742,0.097366,0.0156559,-0.244445,-0.148789,1.03448,-0.539566,-0.366317,-0.21912,0.86904,-0.31385,0.170322,0.659802,0.572161,0.906333,1
0.206943,-0.386431,0.779168,0.0270357,1.17453,-0.312061,-0.192419,-0.242431,0.269538,0.629636,-0.216951,0.391842,1.10523,0.375206,-0.622924,0.358741,-0.444354,-0.146296,0.0205044,1.13831,0.431347,0.0102004,-1.12432,-0.119713,0.0772587,-0.527284,0.691178,-0.957276,0.0766887,1.05864,0.355162,-0.53431,0.530673,0.808619,1
0.942956,-0.31572,0.438331,-0.9221,-0.0071482,-0.330507,-1.34336,0.903508,0.193009,0.313355,0.53124,-0.711296,-0.293251,-0.80343,-0.192959,0.846451,0.04409,-0.610264,-0.21461,-1.02033,-0.491669,-0.192023,-1.05563,-0.471022,-0.0490368,-0.599034,-1.01746,0.691747,0.178879,-0.223883,0.121647,-0.530362,0.42954,0.819798,1
-0.0384662,0.353479,-0.211102,-0.428024,-0.657507,-0.333338,0.490762,0.372104,0.23488,0.494414,-0.507963,1.0091,-0.0073205,-0.923077,-0.485813,1.10357,-0.663775,0.303368,-0.128604,-0.15878,0.165036,0.0479339,-0.211833,-0.348929,-0.238413,0.391693,-0.386963,0.425774,0.543204,0.250164,-0.0138583,-0.53729,0.560659,0.880105,1
-0.0232273,-0.171325,-0.209927,0.0270754,0.215048,-0.00114701,-0.635889,0.374025,-0.407645,-0.227929,0.086449,-0.790259,0.884822,1.08081,0.298631,-0.115592,0.777343,0.65608,-0.206437,0.0975991,0.583373,0.420013,-0.138388,0.14764,0.43104,-0.0940878,-0.210172,-0.375639,-0.262606,-1.3787,0.547192,0.162404,0.468897,0.764964,1
0.22377,-1.47897,-0.206123,0.719784,-0.0356113,1.19437,0.20191,-0.331698,0.8074,-0.924071,1.34344,0.285404,-0.45314,-0.298081,-0.416924,-0.187218,-0.288168,-0.239667,-0.942778,-0.0721722,-0.398511,0.661502,-0.187396,-0.0102326,-0.330644,-0.330859,0.172194,0.026472,-0.270168,-0.401904,0.54693,-0.686149,0.471944,0.912843,1
0.203786,0.376152,0.232852,-0.721671,-0.871029,0.575281,-0.424414,-0.381267,-0.663382,0.559407,0.243475,0.318373,-0.423069,-0.552102,0.339474,0.318703,-0.142292,-0.803469,-0.435556,-0.351987,0.508422,0.0189845,0.35961,0.293271,-0.0740381,-0.0628443,-0.529407,-0.626702,0.620224,0.47128,1.03861,0.0816145,0.464071,0.93253,1
0.383491,0.140729,-0.119233,-0.255263,-0.24893,0.561323,0.7178,0.0453477,-0.238501,-0.772386,-0.756988,0.543349,0.100461,0.308461,0.374599,0.37983,0.29332,0.237129,0.140839,0.367199,0.268112,0.592807,0.299547,0.397003,0.564816,0.476325,0.106858,-0.829085,-1.15123,0.613069,0.44652,-0.308024,0.494774,0.866055,1
-0.158481,-0.0607247,0.030551,0.403883,-0.347863,-0.0277099,-0.25197,-0.0689563,-1.12492,-0.211938,0.621928,-0.115341,-0.387256,0.611699,1.19305,0.870695,0.106083,-0.655675,0.0954049,-0.679309,0.199484,-0.112766,0.641637,0.0264001,0.670918,0.228593,0.0879595,-0.33006,-0.336057,0.510095,-0.0578798,-0.306427,0.501096,0.900301,1
-0.146002,-0.669891,-0.0411058,-0.0742619,-0.151269,-0.0965582,-0.0502395,-0.0141076,-0.488746,-0.589512,-0.362065,-0.0429212,0.116495,-0.487431,0.467667,-0.433413,0.0726275,1.16043,0.232411,-0.178202,0.21151,-0.354813,-0.312448,0.375696,0.485145,0.109328,-0.283187,0.435975,0.617856,0.633567,0.393576,-0.111867,0.429047,0.871583,1
-0.196691,-0.262506,0.0469059,0.182894,-1.08079,0.0196171,-0.457909,-0.246054,0.142668,0.240271,-0.345614,0.223953,0.401462,-0.347281,0.195754,0.135467,-0.521821,0.0773716,0.129321,-0.403287,-0.142308,-0.575432,0.335598,1.79652,0.419592,0.435438,-0.81582,-0.139255,0.161664,-0.495417,0.808115,0.246016,0.501034,0.925484,1
0.00939429,0.232923,-0.429496,1.56291e-05,-1.29759,-0.191802,0.653446,-0.461349,0.392358,-0.485723,-0.41457,-0.274447,0.316608,0.743201,0.244605,-1.07443,-0.159533,-0.403643,-0.192531,-0.548631,-0.10937,-0.524669,-0.131121,0.153104,-0.604057,-0.143224,0.162731,-0.144383,0.262485,0.293267,0.378929,0.752349,0.467237,0.830424,1
0.046454,-0.348098,-0.525061,-0.63783,0.680311,-0.897975,0.753363,-0.0650117,-0.282194,-0.0710527,0.146127,-0.622872,0.690783,-0.75848,-0.384133,0.0897124,-0.244735,0.417623,-0.497341,-0.341811,0.0149437,0.0408244,0.023413,-0.0422966,-0.284733,-0.0777042,-0.195871,0.32227,-0.728239,0.493123,0.457282,-0.182664,0.477496,0.784864,1
0.651071,-0.54938,-1.0344,-0.2559,0.506414,0.48707,1.07357,-0.981413,0.00583226,-0.61304,0.0764763,0.369756,-0.222705,-0.50733,0.329266,-0.408079,-0.0938597,-0.585145,-0.07201,-0.810206,-0.908499,0.0609883,-0.840453,-0.116818,0.0382504,0.217932,-0.0325973,0.433227,-0.609604,0.118497,0.916064,0.0463959,0.515966,0.773193,1
0.305732,0.705824,0.00615093,0.880549,0.426849,-0.536228,0.368205,-0.419906,0.638385,-0.538678,-0.191169,-0.22844,-0.936599,0.830479,-0.175853,0.0761251,-0.86444,0.18195,0.131565,-0.14977,-0.35553,-0.51005,-0.128696,-0.18206,-0.551176,-0.0503846,0.716266,-1.09086,0.439284,0.0601644,0.0251054,-0.325693,0.452588,0.913838,1
-0.0411723,-0.427627,0.535862,0.0457809,0.89848,-0.470767,-0.138847,-0.440244,0.785004,-0.111619,0.331224,0.409029,-0.10743,0.447098,0.274268,-0.0588127,0.45567,-0.16781,0.235719,-0.994606,-0.16084,0.543632,1.24726,-0.0593162,1.09794,0.199976,-0.0641793,-0.467045,-0.168087,-0.26009,0.166083,0.199834,0.448579,0.831746,1
-0.35072,-0.49552,-0.310617,0.42004,-0.380834,-0.0333603,-0.976368,0.347759,0.0236407,0.596174,0.0243272,0.519494,0.608703,-0.246452,0.277403,0.162804,-0.24213,0.198748,-0.00497832,0.421994,-0.0522281,0.759643,-0.340522,-0.216545,0.741302,-0.474515,0.18702,0.240746,-0.451613,0.386911,0.0303722,0.312577,0.522554,0.931698,1
0.206465,-0.668138,1.07455,-0.0409618,0.134085,-0.326928,-0.85322,0.289125,0.844642,0.481921,-0.0220201,-0.0727569,0.540633,0.560344,-0.357659,-0.215604,-0.632302,0.483715,0.149094,-0.494362,0.389416,0.114921,0.0594719,0.0212267,-0.38404,0.0622505,0.292905,0.725216,0.0582512,-0.499762,0.565659,-0.528576,0.505052,0.798674,1
0.744241,-0.456576,-0.209426,-0.0166183,-0.0950293,-0.47638,-0.246924,0.0662493,0.379467,-0.138321,1.01301,0.684536,0.687846,0.3119,-0.354203,-0.265251,0.601331,0.275594,-0.149484,0.476429,-0.537721,0.843299,0.381849,0.11848,0.590782,-0.132441,-0.358594,-0.401544,0.094087,-0.643879,-0.722595,-0.150694,0.570688,0.845037,1
0.510572,1.3967,0.913445,0.156251,-0.500366,0.561764,0.170708,0.899723,0.407422,-0.680011,-0.319197,0.261835,-0.140842,0.273951,-0.212823,0.317759,0.555959,-0.255304,0.154635,-0.020827,-0.940669,-0.652346,-0.202178,-0.138757,1.01944,1.01476,-0.333233,0.585158,0.508352,0.0449936,0.0779867,0.414388,0.475306,0.844104,1
0.44909,0.822527,-0.403117,-0.449661,0.790074,0.366328,-0.247954,-0.199193,-0.491984,0.140619,-0.338384,-0.21118,-0.400878,-0.262515,0.340156,-0.205327,6.97642e-05,-0.486424,-1.00831,0.566728,-0.340971,0.291145,-1.21134,-0.0759318,0.64121,0.64018,0.0925171,-0.0775211,-0.122739,0.0756316,0.277593,0.117001,0.497698,0.90054,1
1.28082,0.157093,-0.645541,-0.153986,0.532384,0.412803,-0.0573496,-0.044529,-0.500613,0.912561,-0.149447,0.759372,-1.0164,0.448234,0.0231407,0.0653798,0.256767,-0.0290067,0.277134,-0.332771,-0.25872,0.442417,-0.451694,-0.472295,0.549174,-0.31548,0.695564,-0.242518,-0.0355796,-0.20163,0.361201,0.0813658,0.439553,0.834686,1
1.21842,0.885695,-0.39695,-0.573125,0.701855,0.154365,1.08301,0.487321,0.868988,1.28199,-0.856639,-1.09676,-0.324293,0.147108,-0.572375,-0.378752,-0.0947195,-0.631094,-0.936659,0.211677,-0.0217837,0.208473,0.383318,-0.932437,-0.574794,-0.586295,-0.0368859,-0.174429,0.753259,0.218299,-1.05908,-0.219189,0.569457,0.915233,1
-0.587601,-0.14137,0.264212,-0.573235,-0.461255,0.446002,-0.18324,0.243979,0.618636,-0.433129,0.631511,-0.228075,-0.48324,-0.620719,-0.399498,0.402103,-0.133613,0.262229,1.01407,-0.437747,-0.986852,0.235168,0.327447,-0.705596,0.697014,0.123731,-0.207484,-0.0559797,0.520564,-0.566855,0.453363,-0.771842,0.513859,0.815979,1
0.0425127,0.113958,0.618911,0.161475,0.229727,-0.348587,0.103918,-0.431087,-0.389647,0.0943572,-0.0991396,0.104186,-0.168213,1.18519,0.117207,-0.205956,1.35712,0.275955,1.63266,1.00805,0.280149,0.286736,0.279156,0.110911,-0.0653124,-1.43957,0.151285,0.347376,0.349606,-0.0443234,-0.190236,-0.505281,0.556467,0.854615,1
-0.46051,0.124348,-0.152886,0.389208,0.198858,0.958509,0.109721,0.500659,-0.546731,-0.599724,-0.830107,-0.80617,0.227264,0.139099,0.193568,-0.356696,0.328009,0.0583586,0.508788,0.659304,-0.289415,0.0227613,0.939529,-0.269927,0.860333,0.974643,-0.365448,0.101535,-0.488735,-0.113967,-0.135615,-0.785067,0.433157,0.780044,1
-0.244732,0.314268,-0.614642,0.904235,-0.461078,0.401199,-0.0666513,-0.388667,-0.0338028,0.240194,0.00347293,-1.30054,-0.25861,0.45663,-0.102532,0.364578,-0.287639,-0.673948,-0.0344666,1.46413,0.221813,0.419635,-0.0352272,-0.567853,-0.0845218,0.679476,-0.50174,-0.610364,-0.455836,-0.19123,-0.474447,0.0213591,0.527995,0.78069,1
-0.723219,0.0441812,-0.221907,-0.712352,0.146588,-0.894531,0.227695,-0.291153,-0.0264788,0.222883,0.306659,-0.108006,-0.489073,0.413706,-0.485486,0.686275,-0.528879,-1.49076,0.263515,0.0932713,-0.49919,-0.603739,-0.249634,-0.321327,-0.206251,-0.566331,0.790573,0.447808,-0.131426,-0.185308,0.36008,-0.404877,0.517711,0.921429,1
-0.396273,0.498129,-0.477771,-0.133279,-1.19727,0.291791,0.151249,0.284776,-0.0575513,0.549271,-0.380759,-0.801941,-0.521784,-0.651696,-0.209122,-0.464488,0.808883,0.0916182,0.360992,-1.10344,0.351029,-0.218456,-0.822999,0.235952,0.649062,-0.163696,-0.196764,-0.512256,1.05689,0.441347,0.0933617,-0.239818,0.475457,0.822775,1
0.213644,-0.0640757,0.0769282,0.170797,0.530515,-0.783259,-0.287059,-0.166249,-0.727032,-0.302216,0.22825,0.228402,0.555337,0.0813808,0.278082,-0.238991,0.0646039,0.81784,-0.646205,-0.0954273,0.297589,-0.118589,-0.474453,-0.0889309,-0.427141,-0.512334,-0.380836,-0.587012,-0.181574,0.0681964,0.335213,0.430737,0.501781,0.80709,1
0.533373,0.892254,0.302329,0.214849,-0.137757,-0.0799483,0.316027,0.475226,0.19656,-0.0787327,-0.122593,-0.541659,-0.141198,0.354334,-0.813987,0.261002,0.273145,-0.497456,-0.242154,-0.771277,-0.265121,0.326203,0.129914,0.432191,-0.0152712,-0.0395077,-0.203618,-0.116706,0.179409,0.194581,0.176749,-0.563043,0.448738,0.767178,1
0.542299,-0.213418,-0.449508,1.30156,0.172053,-0.129661,0.524215,0.343752,-0.276954,0.150196,-0.434474,-0.712665,-1.10927,-0.999917,1.30307,0.940252,-0.370207,-0.0519442,-0.283102,0.788207,0.338699,1.25221,0.25192,0.882899,0.12584,-0.661183,-0.0330888,0.0951327,-0.0244471,0.280335,-0.266733,0.0425532,0.532643,0.852964,1
0.13382,0.102925,0.28477,0.103895,0.364939,7.95,0.320816,0.230006,0.121668,0.265135,0.354125,0.359826,0.29331,0.375222,0.250362,0.356104,0.236336,0.100757,0.377805,0.18495,0.133041,0.217453,0.25659,0.294909,0.162251,0.389523,0.320312,0.22257,0.2614,0.348637,0.349935,0.145081,0.52,0.82,1
0.619417,-0.46757,0.575036,0.121846,-0.71241,-0.331881,-0.732615,0.352644,0.243755,-0.170277,-1.50979,0.820521,-0.565471,0.0794438,0.82503,-0.126185,-0.752879,-0.457075,0.391227,0.929688,0.0160756,0.000406678,-0.921329,-1.24463,0.172428,0.989317,-0.371639,0.159021,-0.360933,0.345202,-0.512629,0.340295,0.566759,0.799991,1
0.0321165,0.366796,-0.581379,0.623183,0.544353,0.046525,-0.312117,0.557511,0.773167,0.697189,0.418764,-0.551418,0.370355,-0.245951,-0.654769,0.553109,-0.368208,-0.326841,-0.421362,-0.3695,0.288426,-0.347411,-0.458674,-0.0557556,-0.222769,0.164202,-0.828294,0.915201,-0.670033,-0.519555,-0.195712,-0.146392,0.473591,0.902811,1
-0.513904,0.0569187,-0.990782,-0.92247,0.33424,-0.131417,-0.0950065,-0.330789,0.218876,0.178652,0.00367281,0.27934,-0.261049,-0.92164,-0.191515,-0.237686,0.0421506,0.0981465,0.504886,0.24411,0.34297,-0.0560969,-0.388016,-0.373403,-0.648223,0.142291,-0.240665,-1.26914,-0.365275,0.133672,0.189555,-0.350546,0.428104,0.899697,1
0.0176255,0.0532617,-0.356893,0.949196,0.204771,0.0187919,0.956076,1.54352,-0.228744,-0.1619,0.163866,-0.0445756,-0.0523899,-0.180669,-0.478712,0.180854,-0.841561,0.192975,-0.343398,0.298357,0.576533,-0.657542,-0.0123682,-0.190728,-0.162178,-0.0680752,0.676385,-0.401533,0.817384,-1.0435,-0.0878752,0.291524,0.543948,0.937288,1
-0.393197,-0.882319,-0.130427,-0.293197,0.380158,0.238093,0.135284,-0.441542,0.965703,-0.398576,-0.217778,0.455012,0.312308,-0.542872,-0.39972,-0.0235102,0.465623,0.556889,0.284864,-0.538188,0.0103221,0.627584,0.213548,-0.0939137,-0.238587,-0.270841,-1.32959,0.589319,0.583667,-0.33669,0.396417,-0.440649,0.470742,0.843581,1
-0.577471,-0.104704,-0.286062,0.263798,-0.135426,-0.508239,-0.081652,0.179143,-0.0490142,0.420022,-0.359009,-0.058285,-0.402874,0.170581,0.328742,0.225001,0.231476,-0.0948872,0.540374,0.573951,-0.849048,-0.429361,0.0398073,-0.235083,-0.869422,0.0963035,-0.05856,0.562638,0.0232536,-0.510864,0.18218,0.463203,0.500101,0.823995,1
0.131278,-0.183069,-0.418922,0.817367,-0.0530813,-0.407131,0.0321299,-0.297873,0.206545,0.648873,0.0519257,0.289507,-0.0787476,-0.561848,0.0372439,0.848588,-0.563696,-0.403529,-0.0622898,0.759767,-0.167555,0.0391447,0.872775,0.142178,0.347447,0.144862,0.791863,-0.580203,-0.499077,-0.0593169,0.149096,0.409668,0.424355,0.920195,1
-1.06548,-0.133927,-0.76829,0.129355,0.0405935,0.0967989,0.244963,-0.298116,-0.37973,1.08415,0.903491,0.327008,-0.722047,-0.0380442,1.19917,-0.0645498,0.0636725,0.0657871,-0.177077,-0.338434,-0.351021,0.744574,-0.297497,-0.254774,-0.286253,0.175889,0.113905,0.551653,-0.294477,0.880663,0.0394785,0.282509,0.470308,0.79638,1
1.08669,0.154018,-0.0661553,0.20277,1.19554,0.76232,-0.109906,-0.241627,0.134895,-0.278023,-1.13848,-0.822131,-0.357261,1.45799,-0.0320749,0.422239,-0.28186,0.155563,0.487439,0.216229,0.425433,-0.629083,0.0521491,-0.0706135,0.469298,0.164175,-0.396292,-0.32482,-0.641325,-0.1285,-0.425402,0.331253,0.567586,0.943551,1
0.95,0.88,0.45014,-0.496757,-0.297037,0.133159,0.0762309,-0.346836,-0.409452,-0.125291,-0.461588,0.225421,0.0803577,-0.331314,-0.237312,-0.254357,0.340306,-0.0457938,-0.24725,-0.497024,-0.40194,-0.089518,0.261371,0.482243,-0.0789284,0.238766,-0.488654,0.0264542,-0.110171,-0.0759223,0.0974333,0.0546673,0.48,0.2,0
-0.17625,0.81618,-0.514319,-0.605675,0.126801,1.14809,0.0662946,-0.583408,-0.221219,-0.239657,-0.982323,0.142544,0.213973,0.219873,0.157176,-0.0750089,-0.751842,-1.05094,-0.0376826,0.407245,0.637071,0.725146,0.0233772,0.0249878,0.225859,-0.525666,-0.32462,0.527199,0.0139192,0.0689376,0.24103,-0.0695695,0.528048,0.94193,1
-0.220581,0.0950044,-0.00226798,0.379137,0.381116,-0.633716,1.44257,0.613576,-0.0177648,1.04947,-0.00211118,-0.0605667,-0.104591,-0.165243,-0.26979,0.331932,0.114253,-0.165808,0.742142,-0.174179,-0.0235224,-0.103157,0.354787,0.62427,-0.71815,-1.09481,0.342692,-0.577278,-0.650924,0.464562,0.310003,-0.375606,0.429553,0.83403,1
-0.184733,0.464371,-0.520657,0.488614,-0.723816,0.688439,-0.0148617,-1.16889,-0.0295622,-0.00181869,-0.769596,-0.52065,-1.13386,-0.331866,0.178762,0.409166,0.210377,0.400136,0.0754116,-0.259304,-0.812782,0.43263,0.621891,-0.371696,-0.166164,-0.856731,-0.120789,-0.0934986,-0.450025,0.443237,0.364116,0.62617,0.514742,0.766459,1
0.823487,0.695269,0.297057,0.675615,0.0652211,0.400972,0.454466,-0.668208,-0.263635,0.340437,-0.248319,-0.41207,0.302466,-0.69012,0.20376,-0.545485,0.694341,-0.493695,0.505082,0.576913,0.487352,-0.240158,0.226629,-0.00359136,-0.340304,0.574844,-0.832131,-0.0967172,-0.302821,-0.121742,-0.0770377,-0.412737,0.490383,0.862945,1
-0.0833782,-0.0128405,-0.622901,-0.119551,1.02959,0.780865,-0.359392,0.808533,0.335973,-0.384954,0.395959,0.13841,-0.670593,0.260557,0.0638871,-0.424677,0.483776,0.590638,0.311157,-0.0205137,-0.0161719,-0.0798028,-0.58234,-0.0962972,0.182463,-0.421554,0.250386,0.677194,0.126753,-0.0194418,0.219754,0.330496,0.491995,0.929792,1
0.0533724,0.175939,-1.15394,-0.55953,0.129094,-0.35739,-0.018673,0.0117405,0.434022,-0.103741,0.487299,-0.358507,0.706151,0.0909504,0.169462,-0.562545,-0.409756,-0.935552,0.259847,0.331966,0.386565,-1.08902,-0.817099,0.138153,-0.176692,-0.420882,-0.0662389,0.000736693,0.592541,-0.113922,0.269436,0.420207,0.491963,0.850593,1
0.918741,0.156763,-0.939508,-0.239819,-0.295954,-0.519159,-0.227115,-0.320509,-0.2474,-1.10628,0.115326,0.585992,0.250728,-0.347457,0.40291,0.217912,0.422893,-0.37996,-0.917582,-0.0845847,0.266561,-0.183281,-1.1303,0.0248352,0.578217,1.36069,0.589906,-0.640715,-0.671876,0.479144,0.563725,0.340254,0.531174,0.779683,1
0.0268048,1.06158,0.217692,0.125683,-0.33099,0.525992,-0.195529,0.347148,-1.19281,-0.554617,-0.364091,-0.356849,-0.37406,-0.398178,0.318569,0.21838,-0.19027,-0.762971,-0.644951,-0.0653481,0.67868,-0.233123,-0.496988,0.838013,0.668643,0.113038,-0.42896,-0.218993,-0.403117,-0.214015,-0.311021,0.58813,0.54597,0.921147,1
-0.0424822,0.518004,-0.155225,-0.62112,0.589336,0.361651,0.204167,-0.158042,0.366855,-0.113831,0.3989,-0.421568,-0.200238,-0.397989,-0.0613139,-0.0565635,0.445198,0.102573,0.0658772,0.1203,0.940798,0.314026,0.28363,-0.0591048,0.134166,-0.0752995,-0.219212,-0.0933575,0.19251,-0.237671,-0.116053,0.245296,0.573273,0.901601,1
0.65983,0.352591,-0.442436,0.147083,-0.0912495,0.557997,-0.356121,0.266578,-0.130514,0.137209,-0.276838,-0.0494968,0.228261,-1.01844,-0.0408424,-0.764939,-0.43855,0.24653,-0.789096,-0.450768,-0.585739,0.128003,-0.870117,-1.12824,-0.0548466,-0.76638,-0.538045,-0.172638,0.0299501,-0.652626,0.805738,0.561844,0.528493,0.926428,1
0.384597,0.219999,0.257921,0.145696,0.210312,7.95,0.279444,0.333443,0.154686,0.123634,0.169471,0.325375,0.265931,0.122441,0.269463,0.16949,0.328567,0.174687,0.167158,0.178588,0.199368,0.259397,0.198177,0.357997,0.329612,0.255591,0.248768,0.327807,0.229189,0.325416,0.278223,0.379703,0.52,0.82,1
-0.274931,-0.373563,0.0215513,-0.0247745,0.0449064,-0.123892,1.14227,-0.827008,-0.236077,-0.385717,0.117461,1.00379,0.783972,0.234395,1.03559,-0.524891,-0.254282,0.562872,-0.629054,-0.514598,0.391612,0.343666,-0.429034,0.472555,0.11758,-0.643673,-0.708207,0.9465,0.712667,-0.294915,0.119293,0.16664,0.438625,0.835971,1
-0.218171,-0.433944,-1.1861,-0.285627,0.368352,-0.0112973,0.448891,0.873247,0.0720617,-0.543535,0.0412232,0.231375,0.0582371,-0.541604,0.312311,0.293007,0.0612504,-0.206992,0.389635,0.392949,-0.287952,0.240944,-0.551779,0.801027,-1.07359,0.0986503,-0.270394,-0.503938,-0.659065,-0.130656,0.0235399,0.0978698,0.560069,0.874255,1
0.423878,0.375823,-0.641586,-0.343554,0.563881,-0.16374,0.0323648,-0.399362,-0.335747,-0.132346,0.194312,0.191675,-0.00805103,-0.601331,-0.0708543,0.70195,-0.833091,-0.573838,-0.718838,-0.456781,0.583495,-0.672153,-0.169934,0.293401,0.967927,-0.174207,-1.1113,0.0161762,0.308748,-0.539352,-0.166495,0.261653,0.481629,0.792855,1
-0.521167,-0.664712,1.00663,-0.0566713,0.120225,-0.129687,-0.140103,0.795271,0.0791773,-0.21922,0.0410549,0.18199,0.760842,0.546842,0.69764,0.697546,-0.193765,0.0602112,-1.11511,-0.0339773,0.957684,-0.819388,0.0566822,0.530908,0.303513,-0.477732,-0.444106,0.489993,0.529124,-0.221116,0.311556,0.809205,0.552057,0.820409,1
0.209065,0.755973,-0.638946,0.700374,-0.245745,0.333152,0.188796,-0.0630982,-0.255862,-1.07617,0.155273,0.352761,0.100012,-0.486822,-0.608211,-1.13678,-0.452463,-0.199201,0.100329,-0.426601,0.657675,0.392757,0.186481,-0.422442,0.426723,-0.285739,-0.0288498,0.93954,-0.979328,-0.540349,0.225072,0.430527,0.443201,0.948661,1
0.0322204,-0.706435,-0.460546,-0.744385,-0.282217,-0.0271127,-0.322623,0.00430623,0.509031,0.0356501,-0.475235,-0.504453,-0.232752,-0.136581,0.109578,-0.197352,0.260141,0.3463,0.225699,-1.00957,0.623781,0.217524,0.791955,-0.488354,0.571809,-0.0162551,0.0238456,-0.413796,-0.297939,-0.666425,-0.150442,0.214777,0.484888,0.842335,1
0.327078,0.088773,-0.257027,0.0260005,-0.066152,0.918167,-0.27078,-0.00986368,0.0464112,0.876556,0.131052,-0.123217,0.565087,0.332433,0.149253,0.117165,-0.204404,0.247518,-0.313502,0.834464,-0.88078,0.225091,-0.0454405,-0.00115208,0.0109557,0.350422,0.369122,0.775985,0.345396,0.330842,-0.900896,0.0971087,0.551408,0.935345,1
0.299942,-0.108943,0.0838891,0.701036,0.339252,0.717604,1.09801,0.0306585,1.02647,-0.343738,-0.435093,0.0946331,-0.396733,-0.427481,0.447166,0.343271,0.334972,-0.579856,0.0820338,-0.149887,-1.31014,-0.278044,-0.137092,0.264338,-0.806527,-0.800149,-0.0498275,-0.631741,-0.0621907,0.312122,0.761756,-0.217199,0.539954,0.918324,1
0.415583,0.770002,-0.506441,-0.171684,-0.379945,0.530259,-0.189597,0.111591,0.229849,-0.423083,0.0789083,-0.266901,-0.984,-0.0263547,0.168375,-0.45776,-0.114348,0.441652,-0.323771,-0.97284,0.930934,0.34933,0.213378,-0.742214,0.0749742,0.172964,-0.267509,-0.348116,0.045509,0.49131,-0.116322,0.0942754,0.528911,0.852161,1
0.026895,-0.878077,-0.250357,-0.485053,0.101564,1.10979,0.17363,0.124588,-0.26218,-0.492194,-1.3354,0.125228,-0.243846,0.458654,0.250718,-0.37239,-0.0777871,-0.152248,-0.291618,-0.185373,-0.195961,-0.289571,-0.491401,0.375386,0.315997,-0.470944,-0.241386,-0.328991,-0.259036,0.209021,-0.957975,-0.0437869,0.450971,0.814769,1
0.273432,0.114471,0.204993,0.102813,0.129544,7.95,0.368472,0.140271,0.252185,0.164895,0.168188,0.173258,0.141976,0.358194,0.302693,0.248043,0.147657,0.32873,0.155229,0.324551,0.3938,0.272721,0.299929,0.147186,0.38428,0.287992,0.156739,0.181422,0.395999,0.132193,0.29157,0.339373,0.52,0.82,1
0.861,-0.0839307,0.146724,-0.128708,-0.473636,0.401286,0.10316,-0.675191,0.483304,0.659999,-0.16264,0.220615,0.504707,0.584414,-0.20588,-0.705663,-0.725288,-0.30265,0.60406,-0.0766791,-0.633169,-0.309568,0.0763411,-0.363364,-0.271892,-0.283934,-0.0399226,0.477807,-0.498544,-0.131031,0.363182,0.598486,0.451945,0.789856,1
0.179242,-0.373442,0.0830382,0.193206,-0.519192,0.457869,0.22937,-0.0810344,0.0131199,1.13626,-0.625783,0.0119809,0.887971,-0.782721,-0.797672,0.873422,-0.101555,0.204012,-1.31952,-0.181467,1.29028,-0.251048,-0.584929,-0.445202,-0.386065,-0.417756,0.987897,-0.561586,-1.34832,-0.321681,-0.255124,-0.246167,0.572995,0.85318,1
-0.24348,0.467151,0.198433,-0.159774,0.00818354,0.144976,-0.298308,0.519351,0.621336,-0.556308,0.718845,0.695449,0.237247,-0.0498229,-0.651226,1.17789,0.0561813,-0.422217,0.173086,-0.490287,0.332677,0.747121,-0.178785,-0.13737,0.674103,-0.749965,-0.399696,0.488981,0.0629011,-0.12222,0.596369,-0.0434129,0.464451,0.852943,1
0.418347,-0.255534,0.987358,0.757263,1.07636,-0.478478,0.932726,0.419485,0.547228,-0.411367,-0.253563,0.521947,0.012049,0.649618,0.805412,-0.434273,0.372064,-0.347218,-0.47402,-0.0856796,-0.0889729,0.178598,0.625405,-0.173305,1.26956,-1.04822,-0.0342137,0.0838402,0.256565,-0.383113,-0.538787,0.858588,0.469038,0.816599,1
0.515986,0.128971,0.65004,1.33847,0.319586,0.00557535,-0.294347,-0.580494,0.00259189,0.308301,1.29087,-0.699334,0.607814,-0.230364,0.907696,-0.0129313,0.249074,-0.326961,-0.0271411,-0.0603253,-0.157884,-0.335867,0.904853,0.550911,-0.0728512,0.149749,0.178159,-0.136335,0.325916,0.474508,0.581342,0.368382,0.438561,0.816355,1
-0.322359,0.163341,0.349619,-0.0938071,-0.317485,0.43466,-0.00353164,0.116116,-0.892759,0.819385,0.704442,-0.334975,0.347691,-0.592955,0.371505,0.262775,0.820035,0.138779,0.345651,-0.308488,0.362195,-1.0561,-0.172503,-1.10348,0.110611,-0.165068,0.101915,0.0379327,-0.909226,-0.360912,0.0875746,0.428885,0.572217,0.781385,1
0.419122,-0.282909,-0.420829,0.794161,-0.0128159,0.499152,-0.0776262,0.639674,0.617996,0.868,1.15782,-0.29365,-0.32538,-0.306952,0.666504,-0.311967,-0.646401,-0.00430257,0.980916,0.524397,-0.587288,-0.11945,0.0420859,0.527888,0.124151,-0.161876,0.663852,-0.770512,0.469435,-0.0631742,-0.86107,-0.363329,0.572165,0.85577,1
0.105596,0.819444,-0.665101,0.512671,0.54301,-0.462716,0.610497,0.00750821,0.45908,-0.83737,-0.307535,0.0738458,0.167183,0.0999263,0.400369,-0.199832,-0.0696191,-0.462391,0.650152,-0.280716,0.277265,0.395933,0.279054,-0.137503,0.00165016,0.46488,-0.593054,0.608159,0.104294,0.011958,0.56421,-0.791073,0.514182,0.919641,1
-0.271407,0.952916,0.412891,0.623889,-0.4917,0.127662,0.372052,0.975492,0.561207,0.77786,0.116503,-0.448748,-0.746963,0.0182796,-0.55235,0.0262363,-0.0180582,-0.172972,0.986165,0.765342,-0.394817,-0.792345,0.691032,0.0947756,0.15376,0.190534,-0.618925,-0.172746,-0.624927,-0.548056,0.507393,-0.156948,0.546544,0.882393,1
-0.0343271,0.279212,-0.456318,-0.250544,-0.282904,-0.0892097,-0.391385,-0.162783,0.246734,0.129449,0.485636,0.0612514,-0.433422,0.402643,0.423666,0.131142,-0.320539,0.420566,-0.0266826,-0.299575,0.228573,0.13139,0.899493,0.323071,0.0722035,-0.626198,-0.361859,-0.128787,-0.261792,0.70819,0.949978,-0.429538,0.42057,0.886523,1
0.345731,-0.618693,-1.13656,-0.359842,-0.972094,-0.0515651,0.255637,0.63722,0.0118923,-0.0736507,-0.130977,0.632067,-0.614823,-0.548017,-0.68597,-0.218161,0.00402746,0.311389,0.8955,-0.609125,-0.00593323,-0.548626,-0.0919284,-0.404682,-0.284544,-0.0863975,-0.2926,0.114584,-1.03528,-0.726406,0.135253,-0.297563,0.505913,0.765536,1
0.138858,0.215524,0.349849,0.215367,0.155114,7.95,0.118768,0.358427,0.367677,0.31825,0.208575,0.347765,0.24825,0.212066,0.211426,0.22125,0.241306,0.194424,0.184885,0.149869,0.13544,0.178877,0.38438,0.287526,0.20535,0.253369,0.27869,0.197789,0.345296,0.395801,0.244438,0.161604,0.52,0.82,1
0.0616419,-0.0361106,-0.801472,-0.592479,0.586063,-0.154189,0.160614,-0.678412,-0.00728359,-0.378627,0.397091,-0.0320881,0.468138,0.139176,-0.483912,-0.64897,0.967099,0.0759894,0.669426,0.339892,0.58752,0.107174,-0.344223,0.317726,-0.0191545,1.33751,-0.159597,0.0541781,-0.645432,0.00249766,0.788374,0.0141074,0.538381,0.769742,1
0.688494,0.229101,-0.663022,0.518092,-1.20038,-0.15505,-0.298612,1.24104,-0.45838,-1.01647,0.566778,0.17004,0.628184,0.356657,0.570357,0.433541,0.570901,0.212232,0.108105,-0.422724,0.208756,0.310474,-0.840047,1.1688,0.828534,-0.509058,0.20091,0.944208,0.328043,0.00227624,-0.145687,1.04191,0.438519,0.865133,1
-1.34355,0.7863,-0.415583,0.60804,0.087649,0.293546,-0.267846,-0.0493028,-0.451251,-0.3053,0.77768,-0.237793,-0.719421,0.724729,0.712471,0.505838,0.451336,0.366911,-0.27043,0.384334,0.583221,0.39715,0.930858,0.0806153,0.18595,-0.0980911,0.383839,-0.140955,-0.473393,0.304423,0.239748,0.747074,0.446937,0.917743,1
0.130654,-0.280866,-0.943651,0.223341,0.367376,0.469183,0.149044,-0.359734,0.107878,0.37011,0.362024,0.249009,0.690533,0.210553,-0.607347,0.200738,0.159887,1.02872,-0.416143,-0.495123,-0.626007,0.112363,-0.696395,0.0899236,-0.231845,-0.744378,0.104696,0.137974,-0.0166734,0.565902,-0.458025,-0.45538,0.485309,0.907645,1
0.0139599,1.27731,-0.0323094,0.955316,0.833503,-0.0489916,0.256843,-0.182461,-0.604414,-0.397217,-1.18595,0.886204,-0.131257,0.679489,0.40842,-0.0040695,0.425307,0.285996,0.0385446,-0.160076,-0.402759,0.0182182,0.148071,1.00106,0.363413,0.31865,-0.325139,0.695069,-0.2039,0.258721,-0.260724,-0.707171,0.550314,0.946337,1
-0.154838,0.600269,0.298786,0.185726,-0.303732,0.169109,0.0255159,0.470472,0.471334,0.0818692,-0.872195,-0.349951,-0.364187,0.281601,0.623508,-0.243951,0.104797,1.50414,-0.226535,-0.000395517,-0.21429,0.888411,0.588096,-0.451595,-0.215246,-0.472017,0.043477,-0.205035,-0.596202,0.0695494,0.678593,-0.0155149,0.505463,0.784119,1
0.313,-0.204214,-0.545096,-0.584659,-0.172566,0.170574,-0.194637,-0.016418,-0.535414,0.296541,-0.17064,0.0334861,0.0823022,0.304912,0.257093,-0.272798,0.081036,-0.519572,0.566401,0.416441,-0.10698,-0.461979,-0.427333,-0.344812,-0.940397,0.597463,-0.412776,0.235926,-0.455042,-0.500016,-0.350536,-0.354762,0.529144,0.867887,1
-0.0324233,0.475239,0.949301,-0.0487077,-0.216265,-0.297798,0.286122,-0.19566,0.368585,-0.964476,0.0595639,-0.622604,-1.2125,-0.217184,-0.369533,-0.443963,0.504686,-0.412137,0.111911,-0.353714,-0.376594,0.614231,0.695614,-0.421178,-0.333361,-0.454018,-0.425214,0.372478,-0.00266244,0.246239,0.496786,0.632007,0.571514,0.898658,1
0.335181,-1.11143,0.618626,0.043378,-0.546781,-0.0386111,0.0649362,-0.740559,-0.588234,-0.726045,-0.180575,-0.391564,0.142755,0.505001,0.494999,-0.229832,0.210076,-0.565208,-0.0615782,-0.285221,0.490037,-0.443891,-0.688296,-0.592122,0.775302,0.126206,0.908755,-0.0555868,0.813251,0.154399,0.063664,-0.276356,0.444811,0.766815,1
-0.843256,0.470965,0.00760229,-0.277117,-0.21842,-0.13371,-0.408836,-0.0673666,0.438102,0.638915,0.0708757,-0.330519,-0.152198,0.217474,0.15404,0.23847,0.107488,-0.250347,-0.424835,-0.334502,0.00612754,-1.46403,0.781337,0.417043,0.272581,-1.14688,-0.5654,-0.0102,-0.793461,-0.353112,0.995426,-0.0155758,0.564715,0.76845,1
-0.332145,-0.048788,-0.786331,0.312531,-0.415036,0.296963,0.129064,-0.834695,-0.611853,0.0753714,-0.494657,0.168807,0.495691,-0.706383,0.0594914,0.47203,-0.67568,0.30159,0.791896,0.867928,0.462378,-0.257207,0.17329,0.479085,0.608737,-0.923549,0.0992273,-0.199539,0.54148,-0.215069,0.288194,-0.676386,0.457525,0.815906,1
0.35229,0.306351,0.205218,0.283797,0.159873,7.95,0.16193,0.362382,0.288085,0.238235,0.341649,0.38556,0.290503,0.270578,0.229422,0.365311,0.354785,0.190836,0.255152,0.176977,0.223529,0.169492,0.396832,0.297697,0.361087,0.372822,0.250789,0.178662,0.270532,0.322347,0.314347,0.126917,0.52,0.82,1
-0.0586737,0.271707,0.6215,0.659959,0.490299,0.379077,0.165769,0.444761,0.109617,0.11984,-0.357904,0.59362,-0.436367,0.627072,0.44265,0.450716,-0.655892,0.181446,-0.190367,0.159453,1.27255,0.419659,0.22598,-0.556516,-0.18607,-0.206042,0.162482,0.249777,0.0835538,0.54115,-0.602824,-0.408205,0.524888,0.91561,1
0.753849,0.364204,0.311971,0.745492,0.260324,1.17769,0.450162,0.0700294,0.390724,0.441211,-0.216165,0.582947,0.223118,-0.560142,0.195807,-0.28324,0.13773,-0.451021,0.555725,0.722833,0.0439776,0.0357054,0.39475,-0.538931,-0.631508,0.417893,0.35734,0.617057,-0.205216,0.644455,-0.484227,0.0246421,0.493087,0.793059,1
-0.0288103,-0.233456,0.20633,0.0513098,-0.0635402,-0.706609,0.0403619,-0.263722,0.560818,-0.393466,-1.51446,-0.0715025,-0.380108,0.149753,0.833002,0.937061,-0.309077,1.17876,-0.0154802,0.383687,-0.441031,-0.366711,0.0617139,-0.233589,0.772137,-0.142571,-0.46823,-1.0598,-0.780914,0.374202,-0.367235,-0.490699,0.432757,0.852176,1
-0.512431,-0.0205554,-0.0603055,-0.0917359,0.324978,-1.32569,-0.154415,-0.032254,-0.310387,0.0267309,-1.66189,0.598163,-0.167997,0.202209,0.707663,0.246547,0.0675744,0.189568,0.577039,-0.0948528,0.0194342,0.0231911,0.47212,-0.610115,0.105408,-0.41235,-0.290627,0.313809,-0.720309,-0.539013,-0.458488,-0.309045,0.558824,0.818345,1
0.417428,0.593802,0.103428,0.904012,0.107329,-0.469956,0.25948,-0.207304,-0.36602,-0.115379,0.736019,-0.712369,-0.415819,-0.497994,0.440736,-0.200811,-0.481829,-0.280226,0.801598,0.549941,-0.138701,-0.120167,0.0885768,0.0414746,0.188047,0.451819,-0.163775,0.642457,0.243167,-0.95069,0.155995,-0.0268855,0.573824,0.770431,1
-0.0171662,0.289948,-0.107107,-1.35304,-0.128691,0.0878384,0.536924,-0.745207,0.306139,-0.425593,-0.182995,-0.663061,-0.543435,0.523959,0.693915,0.853385,0.493388,-0.243814,0.687277,0.481798,0.280151,0.990339,-0.357863,0.194593,-0.0369688,0.138399,0.569183,0.0792141,-0.00573743,0.283493,-0.469501,0.249776,0.427232,0.830633,1
-0.146128,-0.379544,0.294541,0.203225,0.0168541,0.173289,-1.0504,-0.242409,-0.200306,-0.219196,0.400262,0.0655768,-0.57144,-0.351393,0.151699,-0.331168,-0.043944,-0.143839,0.432781,-0.785614,0.0618107,-0.143538,-0.510035,-0.469767,-0.222851,-0.58067,0.290724,0.179214,-0.0875471,-0.793404,0.576306,0.236171,0.455661,0.855846,1
0.175888,-0.543743,0.807191,0.18932,0.0146191,0.604838,-0.885206,0.0770098,-0.36389,-0.0283265,-0.0932804,-0.551957,-0.109928,-0.331744,0.166516,-0.122334,-0.566384,0.303181,-0.437397,0.473701,-0.615534,0.312077,0.655932,0.101407,-0.338345,-1.05612,-0.120593,-0.199677,-0.104004,-0.558365,0.00170498,-0.305348,0.434993,0.913795,1
-0.922058,0.35649,0.119079,0.171996,0.641876,0.0937317,-0.279917,-1.38406,0.698673,-0.0202269,0.428036,0.36146,0.529169,0.188861,1.1733,-0.587811,-0.280928,-0.153326,0.379242,-0.116334,0.667652,-0.420802,0.00732749,-0.0312536,0.264211,0.969888,-0.267267,0.0829362,-0.203782,0.263481,-0.0537368,-0.387553,0.543294,0.762142,1
0.725044,-0.25754,-0.363764,-0.692973,0.780861,0.11261,-0.350737,-0.619347,0.600478,0.128839,-0.442825,-0.890988,-0.347375,-0.325471,0.199332,0.59976,-0.0181838,0.221574,0.387588,-0.472325,0.181338,0.00547769,0.287822,-0.641431,0.0252596,-0.483127,0.495385,-0.219564,-0.586311,-0.0477157,0.136145,-0.736839,0.496778,0.802175,1
-0.792663,0.37904,0.310252,0.132831,-0.448481,0.050034,-0.253161,-0.726202,-0.204699,-0.252599,0.599382,-1.11403,-0.777692,-0.0903924,-0.0712764,0.937247,0.152145,0.650365,-0.100628,0.0736821,0.377514,0.630662,0.70758,0.0329334,-0.698483,0.103568,-0.386035,-0.712258,0.187532,-0.117911,-0.14884,-0.568812,0.523333,0.811579,1
-0.716544,-0.120938,0.183501,-0.339447,-0.635858,-0.0266435,-0.649554,0.458362,-0.12171,-0.24405,-0.561953,-0.393171,-1.28493,0.665657,0.0108372,-0.0592191,0.761449,0.702151,0.126708,0.169183,0.268951,-0.0720265,0.0852689,-1.17535,0.064623,-0.13989,0.228965,-0.542288,0.397535,0.361674,-0.212323,-0.00748687,0.53186,0.827173,1
0.448243,-0.0380429,0.362753,-0.614425,-0.0915267,0.448274,-0.212084,0.764571,-0.000187451,-0.00563611,-0.366021,-0.470201,-1.21367,0.992522,0.561967,-0.373982,0.288948,-0.115433,-0.706323,-0.385466,-0.270101,0.118615,-0.866836,-0.691506,0.365662,-0.570404,1.25717,-0.774485,-0.832235,-1.20515,-0.106972,-0.031368,0.44488,0.802193,1
-0.485772,0.568929,0.732041,-0.383271,-0.0135203,-0.319889,0.110943,0.0188269,0.875181,0.522079,-0.407373,-0.286766,0.179387,0.0605612,0.122206,-0.23522,0.505548,0.581293,0.117393,-0.0753005,0.69692,0.37937,-0.0871,-0.35185,1.00517,1.31923,0.560004,-1.07183,-0.0337106,0.0188556,0.72955,0.317341,0.544994,0.8776,1
-0.32901,0.603826,0.264128,-0.0663239,0.183611,-0.0105098,0.343241,-1.09078,-0.605366,-0.455273,0.127839,0.861139,-0.329096,-0.19854,0.0559265,0.015901,-0.374288,-0.681166,-0.518819,0.027192,-1.13089,0.474629,-0.128009,-0.446651,0.587693,0.24077,0.592081,0.35291,0.660686,0.0589482,0.112259,0.35449,0.48938,0.869013,1
0.400856,-0.713909,0.573058,0.538934,-0.184532,0.110287,-0.170461,-0.193832,-0.894996,0.293761,-0.687261,-0.675782,-0.822776,-0.147191,-0.0269046,-0.103954,-0.402402,0.0506135,0.0664204,0.317987,-0.112025,1.43149,-0.746566,-0.99274,-0.0601545,0.380118,0.358405,-0.319183,-0.472562,0.539869,-0.879546,0.0655105,0.460587,0.802675,1
0.128517,0.394872,-0.57225,-0.0557016,-0.152155,-0.0252953,1.37987,1.39606,-0.054832,0.404724,0.446776,-0.0232019,0.256814,-0.671726,0.107785,-0.374137,0.392786,-0.521214,0.0199659,-0.0304759,-0.0152227,-0.994618,0.454536,0.895312,-0.122877,0.298072,-0.188973,-0.198399,0.570837,-0.483921,0.645935,0.657183,0.516089,0.826739,1
-0.633831,0.87731,-0.640796,0.410622,-0.679131,-0.736445,-0.160129,-1.21072,-0.370916,0.184532,0.464692,-0.148456,-1.00499,0.023708,0.37448,-0.564844,-0.324649,-0.107809,-0.0689231,-0.388272,-0.152093,-1.08463,0.35789,0.387838,-0.49661,-0.617575,0.631552,-0.0651749,-0.792547,0.26945,-0.222327,-0.580125,0.570494,0.789214,1
0.319302,0.0121628,-0.185469,0.0836845,-0.134614,0.528311,0.113091,0.0510772,0.324742,-0.0298383,0.591287,-0.10829,0.858471,0.294337,-0.768677,-0.0671993,-0.440747,-0.672344,-0.769064,-0.181972,-0.71345,-0.733401,0.476903,-0.546208,0.513903,-0.121568,0.109171,-1.0297,0.153529,0.495097,0.346657,-0.704501,0.522348,0.902536,1
0.242252,0.641083,-0.332807,-0.126275,-0.855396,-1.05009,-0.256609,-0.999445,0.788698,0.0575925,-0.526483,-0.158965,0.558842,0.498505,0.72602,0.62598,-0.189342,0.457815,-0.68666,-0.270255,0.0139405,0.373543,-0.635191,-0.110035,-0.0904127,0.0963155,0.57558,-0.217189,-0.272996,-0.198139,0.837828,0.428067,0.532604,0.864773,1
-0.224698,-1.37862,-0.61485,0.481058,-0.409131,-0.392051,-0.0800887,-0.851946,-0.768943,-0.9524,0.485307,-0.0945856,-0.932896,-0.873797,0.290942,-0.0419092,-0.702762,-0.143513,-0.542604,0.475331,0.217726,-0.433537,0.42251,-1.23932,0.352068,0.0410406,0.821662,1.00506,0.404177,0.252511,0.259009,-0.03815,0.469322,0.808396,1
0.954238,0.188815,-0.187585,-0.0569518,0.569775,0.329093,-0.425908,0.338434,-0.00840215,0.267318,0.35086,1.14727,-0.0200575,0.0298527,-0.405226,-0.0776361,-0.577805,0.28588,-0.415406,-0.561471,0.169031,-0.912279,-0.156264,-0.588109,0.218043,-0.389674,0.167253,0.353636,-0.340619,0.0744929,0.841428,0.151617,0.47522,0.849217,1
-0.560346,-0.261583,0.266023,-0.0410237,0.933155,0.157462,-0.38149,0.617957,0.0207979,0.335658,-0.168471,0.226935,0.399954,-0.0774669,0.177764,-0.800497,0.353496,-0.309181,-0.016624,-0.166415,1.09134,-0.120056,-0.0304895,0.00141262,-0.107693,0.162996,0.332599,-0.424925,-0.591914,0.645798,0.439332,0.47206,0.540477,0.812329,1
-1.16099,-0.600763,0.315878,-0.573112,-0.609509,1.29812,-0.0162185,-1.04002,0.271962,-0.448937,0.348247,0.476441,-0.274503,-0.118546,-0.487008,0.71586,0.48176,0.0123435,0.125179,0.526516,0.266315,0.35206,0.161596,0.357771,-0.345849,0.953846,0.586199,-0.134813,0.254361,0.424688,0.517469,0.216659,0.436105,0.801748,1
0.764617,0.0508287,-0.605541,0.325472,-0.0913138,0.0325247,-0.87355,-0.570152,-0.428244,0.114672,-1.33803,0.127418,0.0171597,0.960664,0.640472,-0.021511,-0.560856,-0.441487,-0.156405,-0.361916,-0.410485,-0.417261,0.441204,-0.254626,-0.129417,0.320451,-0.29266,0.465128,-0.0120655,-0.465735,-0.21148,0.174501,0.471395,0.826912,1
-0.0824678,0.126231,-0.431872,1.26698,-0.283694,-0.156205,-1.48991,-0.572668,-0.0945666,0.312866,-0.476881,0.123214,0.353273,0.21781,-0.00274991,0.226768,0.328859,0.47438,-0.0168143,-0.328903,-0.123553,0.430072,0.478573,0.39359,0.477675,0.911468,0.523808,0.565864,0.0445134,0.057535,-0.752482,0.446222,0.529544,0.880385,1
-0.503661,0.548484,-0.584457,0.13656,0.509159,-0.112698,0.00469255,1.10775,0.957994,-0.0785279,0.55236,-0.177213,0.298747,-0.23429,0.122234,-0.25839,0.569453,0.314971,-0.478787,-0.212589,-0.76921,0.410488,-0.189855,0.10812,-0.743069,0.214723,-1.08521,0.175299,0.126416,-0.203014,-0.38805,0.161271,0.423081,0.812697,1
0.28528,0.699515,0.0470799,0.100506,0.412304,-0.877779,-0.782871,1.04417,-0.410288,-0.746864,-0.0297452,-0.660326,-0.242897,-0.28939,-1.15745,0.646569,1.21278,0.687977,0.360272,0.46329,-0.188332,0.373198,-0.276462,0.395224,0.190167,-0.259222,0.208596,-0.08148,0.179082,-0.9521,0.0237001,-0.283497,0.519418,0.853106,1
0.448901,0.298796,0.302204,-0.386545,-0.326853,0.0441488,-0.218605,0.106662,0.0263443,0.487374,0.113096,0.218935,-0.380813,-0.0750254,0.42783,0.00135097,0.276145,-0.228654,-0.757015,-0.305391,-0.182132,0.366767,-0.509628,0.0804989,0.210388,0.723372,-0.437239,-0.226522,0.283056,-0.00333135,0.232286,-0.196802,0.529789,0.913187,1
0.95,0.88,0.053793,0.135501,0.14605,-0.275449,0.447313,0.440484,0.28648,0.425231,-0.329149,0.492679,0.391055,-0.471782,-0.3043,-0.411396,0.379466,-0.352733,-0.313083,0.327794,-0.278349,0.427243,-0.307599,0.247327,-0.406454,0.31677,-0.0838363,-0.184774,0.164993,0.0552453,0.433193,-0.47992,0.48,0.2,0
0.108672,-0.414825,1.17329,0.573427,1.54085,0.558194,-0.184074,-0.15413,-0.101239,0.52284,-0.223688,0.0422492,-0.964516,-0.231379,-0.419903,0.33733,-0.170023,-0.307304,-0.404345,-0.0925633,0.254918,-0.104051,0.62858,-0.458337,-0.542301,-0.479178,0.610581,-0.189134,-0.350686,0.0277558,-0.905466,-0.0145783,0.439604,0.875066,1
0.536031,-0.220264,-0.126548,-0.0350032,0.846977,1.29775,-0.411363,0.766897,-0.657357,-0.42715,-0.885337,-0.390394,0.908334,0.154436,0.293504,-0.487922,0.455822,-0.646609,-0.653526,-0.399988,0.954249,-0.592508,-0.10676,0.934251,-0.0196962,-0.879897,-1.0295,0.0738556,0.310785,-0.356899,-0.0795453,-0.74492,0.470452,0.836362,1
-0.459503,-0.897495,0.788725,0.226142,0.327528,-0.143757,0.0713716,-0.746622,0.25237,-0.281203,0.678626,0.567194,-0.259248,-0.108645,0.348235,0.372794,0.128733,-0.482254,0.387565,1.01034,0.523324,1.01531,-0.713356,-0.418511,-0.53939,-0.908459,-0.712618,-0.116413,-0.926381,0.292824,-0.0581494,-0.243298,0.511803,0.933468,1
-0.658681,0.674087,1.07552,0.0996783,0.363993,-0.639235,-0.0879877,0.93261,-0.692447,-0.25563,-0.00323264,0.615564,0.335373,0.336865,-0.439578,-0.147812,-0.212432,0.254334,0.460993,0.254624,0.753756,-0.381906,0.031884,1.23244,-0.916995,-0.20799,0.385581,0.245555,-0.0812554,-0.00125566,0.654744,-0.28548,0.438343,0.814657,1
-0.0529256,-0.0670287,0.177237,-0.00747128,-0.685533,0.0929516,-0.21831,0.124284,-0.25535,-0.611989,-0.641592,1.05196,-0.547512,-0.379787,-0.225655,-0.399256,-0.298666,0.804932,-0.387006,-0.303865,-0.704796,0.914413,-0.526727,0.082023,-0.109651,1.06433,0.811661,-0.0624129,0.0906718,0.281925,0.418718,0.0268932,0.56992,0.928502,1
0.408524,0.693398,-0.748284,-0.455764,0.867458,-0.66181,-0.0953435,0.735489,0.18778,-0.414567,0.0599129,-0.0944504,-0.19836,-0.447025,-0.247678,0.755245,0.319805,-0.23941,0.278715,0.486905,0.597178,0.768251,0.124093,-0.32638,-0.798732,0.235595,-0.881649,0.339757,0.465991,-0.231599,-0.777785,-0.45013,0.43219,0.863952,1
-0.267172,-0.34469,-1.27628,0.196321,-0.170467,-0.717882,-0.2345,0.44825,0.506505,0.460595,1.15146,-0.391069,-0.705661,-0.598823,0.449638,-0.350476,-0.244225,-0.0667887,0.217655,-0.495122,0.0241486,0.332389,0.568437,0.272534,0.818075,0.604482,0.0107696,0.0437831,0.300461,0.369335,0.731577,0.121601,0.577119,0.827224,1
-0.0815557,-0.402196,-0.0114652,0.179325,-0.410189,0.0917332,-0.297991,0.527597,0.0496784,-0.61007,0.0441379,-0.238006,-0.264952,-0.321657,-0.46493,0.585821,-0.291042,0.382969,0.660747,-0.26974,-0.0187791,-0.114792,0.514592,-0.487802,-0.309115,-0.168351,-0.767569,0.794288,0.11203,0.0775532,0.0797554,-0.487798,0.465248,0.900908,1
0.242941,-0.189363,-0.509214,-0.43194,0.113363,-0.453747,0.281845,0.41666,-0.169869,0.164535,0.223908,-0.403962,-0.15029,-0.463651,-0.451928,-0.00619873,0.283034,-0.256093,1.02473,-0.498078,-0.156902,-0.190956,0.270998,0.0138302,-0.293177,0.471402,-0.716378,0.180769,0.371144,-0.1505,-0.0533062,0.213876,0.574631,0.841718,1
0.376228,0.39747,1.39401,-0.358506,-0.0292226,-0.729825,0.214653,0.630866,0.530655,-0.403408,-0.163151,-0.752636,-0.498594,-0.750895,-0.0859334,-0.0278479,0.553817,-0.410692,0.0806399,0.0756129,0.44467,-0.0894092,1.00192,-0.466002,-0.470969,-0.0228228,0.096018,-0.053996,-0.281787,-0.178303,0.255994,0.936077,0.537796,0.767954,1
-0.0301392,-0.0185889,0.0185373,0.02742,-0.97231,0.120108,-0.328423,0.545611,0.856336,-0.428997,0.309652,0.511875,0.156386,0.0400062,0.261697,0.167415,0.596919,-0.719188,-1.31014,0.155535,0.15965,-0.179606,0.268413,0.334675,-0.22745,0.243029,0.768024,-0.922855,-0.439058,0.316982,1.09492,0.248888,0.433657,0.828313,1
0.95,0.88,-0.015202,0.341451,-0.110501,-0.326312,0.451383,0.331276,-0.321482,0.287408,-0.0432971,-0.363107,-0.00417824,0.317508,-0.200383,0.276,0.117175,-0.0219123,-0.0574419,-0.372234,-0.0561314,0.138042,-0.180593,-0.106824,-0.435814,-0.309723,0.0286649,0.191158,-0.189395,-0.251917,0.00348011,-0.13901,0.48,0.2,0
-0.18528,-0.323885,0.278695,0.643923,-0.120008,-0.398346,0.0647101,-0.620454,0.207916,-0.44711,0.131282,0.581317,0.931906,0.0475786,0.499772,-0.242195,-0.0346757,0.277827,-0.20223,0.142372,-0.72818,-0.270256,-0.427319,-0.223433,-0.415915,-0.367507,0.338181,-0.285367,-0.933373,-0.52369,0.439605,-0.162688,0.423413,0.776229,1
-0.00818682,-0.302399,0.480152,0.263078,-0.59885,1.13902,0.457898,0.397024,-0.239584,-0.657718,-1.44236,-0.438193,-0.081644,-0.523427,0.167335,0.350003,0.58237,0.131312,0.0149132,-0.239918,0.54084,0.0201686,-0.251627,-0.037008,-0.197755,0.787973,0.0327113,-0.933116,0.315952,0.289229,0.135371,-0.0408989,0.454296,0.92304,1
-0.354731,0.0996986,-0.718605,1.06585,-0.454041,-0.454271,-0.111039,-1.09381,-0.0796276,-0.402822,0.409876,0.197021,-0.408867,0.101529,0.378323,0.535837,0.220806,1.04374,0.476112,-0.555516,0.0693118,-0.221899,0.788391,-0.775656,0.184598,0.176865,-0.310049,-0.064567,-1.29981,0.474325,-0.647799,-0.199815,0.436845,0.830726,1
-0.792058,0.761125,-0.70469,-0.294069,-0.448014,-0.260959,-0.226124,-0.124483,-0.977285,0.33609,0.374026,-0.230681,-0.00803765,0.0122022,0.349422,0.525252,0.238146,0.117183,-0.0163143,-0.404544,0.150125,-0.495981,0.101889,0.553436,-0.085069,0.132465,-0.655832,0.821162,0.319408,0.887064,0.736937,-0.0748142,0.485363,0.796875,1
-1.18456,0.277262,0.33879,0.146658,-1.07895,0.936596,0.569842,-0.410695,-0.544126,-0.223923,0.0445705,0.9052,-0.311716,0.101179,0.0189382,0.195626,0.516749,0.32608,-1.03313,-0.171367,0.164423,0.735091,0.142075,1.25948,0.198227,-0.0398762,-0.0492295,-0.985775,0.0143432,0.0579738,-0.316185,-0.144365,0.521648,0.823492,1
-0.231291,-0.0286941,-0.172713,-0.382206,-0.2006,0.288349,-0.0593099,-0.333261,0.539477,-0.534344,-0.196693,0.00796859,-0.54132,0.17401,0.651862,-0.595871,-0.282005,0.125678,0.329896,0.402844,0.561193,0.655684,0.591334,0.37758,-0.770737,-0.335367,-0.335356,-0.971305,0.144959,-0.50463,0.550928,-0.0982453,0.426128,0.914177,1
-0.107883,0.30016,0.134417,0.0568939,0.379191,0.0307376,-0.478249,0.148564,-0.121833,-0.125061,-0.795341,0.269136,-0.0578427,-0.0969696,0.35273,-0.582859,0.866878,-0.538159,0.194253,0.256262,0.220084,0.262015,0.0817169,-0.210219,0.322796,0.000462804,-0.966786,0.0963854,-0.776948,0.159643,0.321397,0.794865,0.443423,0.943333,1
-1.07876,-0.00352284,-0.65783,0.408772,-0.0523238,0.276037,0.529196,0.347976,0.372546,0.0175828,-0.311572,0.139595,-0.137435,0.062048,-0.100223,0.354073,0.137602,0.575816,-1.09808,0.578686,-0.428745,0.166157,-0.0839573,-0.612307,0.309502,0.383243,-0.513658,0.362392,-0.685802,0.0152744,-0.434355,-0.915413,0.527033,0.788668,1
-0.0255799,0.519307,-0.335194,0.0532075,-0.725197,-0.409899,0.267702,0.828815,0.0292872,0.0860243,-0.248526,0.000218737,-0.0652392,0.304536,0.792293,-0.243203,0.283031,-0.254906,0.175222,0.0896811,0.272271,-0.15613,0.0443093,0.17304,0.501465,0.0354757,0.564382,-0.0930688,-0.402102,0.535361,0.210776,-0.277671,0.447979,0.927948,1
0.216463,-0.385336,-0.167823,0.0143929,-0.480053,-0.276759,-0.356696,-0.653861,-0.191364,-0.634672,0.640777,0.649213,-0.0306333,-0.415147,0.757498,0.413896,-1.00717,-0.937738,0.00358278,-0.0409784,0.220674,0.673647,0.282636,-0.369116,-0.0810077,-0.292125,-0.167743,-0.0298751,0.00343197,1.12543,-0.528063,0.310051,0.577584,0.817465,1
0.137646,0.17651,0.599352,0.233067,-0.0621872,-0.194039,0.0668379,-0.294093,0.307179,0.229222,0.498642,-0.396367,-0.953276,-0.146015,-0.046297,0.908876,-0.0257761,-0.0174281,0.00854814,-0.417321,0.0167119,-0.288935,-0.595578,-0.608418,0.382756,-0.407314,0.0234475,-0.0674284,1.07767,-0.309404,-0.727925,0.0234425,0.539085,0.8586,1
-0.95119,0.607391,-0.0356475,-0.0218832,-0.635144,-0.175278,-0.313676,0.161224,-0.158337,-0.947748,0.424761,0.331851,0.310348,0.0370947,-0.490082,0.648549,-0.631623,-0.203467,0.221505,-0.0735591,0.0773481,-0.661584,1.08306,0.40329,-0.317302,0.333172,0.961584,0.41314,1.00982,-0.103045,-0.797206,1.00761,0.48238,0.937746,1
0.121242,-0.303141,-0.666662,-0.482496,-0.0905015,0.211742,-1.05306,0.25029,-0.534587,-0.096814,-0.732815,-0.091298,0.288632,-0.236734,-0.299082,0.0499726,0.92476,0.284543,-0.879897,0.172644,-0.405741,0.503318,-0.322569,0.0932185,-0.468492,0.421243,1.07882,0.429188,-0.180151,0.556861,0.381013,-0.0743102,0.49093,0.819762,1
0.377726,0.396803,0.0770607,0.434593,-0.383776,0.212928,-0.278181,-1.86093,-0.0815006,0.840972,0.0567796,-0.207258,-1.28912,1.12101,-0.876251,0.337539,-0.484036,-0.296539,0.0820951,-0.266843,0.881065,-0.366388,1.16469,0.426139,-0.182103,-0.305431,-0.295035,-0.10091,-0.527265,-0.198503,0.0200236,-0.0107812,0.426316,0.871732,1
0.157774,0.109328,0.21264,0.200435,0.290185,7.95,0.284597,0.277447,0.261174,0.327307,0.359983,0.116943,0.118208,0.256835,0.396522,0.143775,0.280553,0.279924,0.248274,0.39305,0.364422,0.282454,0.222169,0.234407,0.200837,0.350955,0.156112,0.118315,0.107178,0.386168,0.291069,0.297318,0.52,0.82,1
0.137855,0.107005,0.159174,0.173396,0.174949,7.95,0.223513,0.224756,0.264864,0.253559,0.203239,0.360006,0.34222,0.229493,0.362485,0.356797,0.313312,0.267713,0.102567,0.205146,0.245556,0.38102,0.116806,0.293095,0.335969,0.302552,0.23829,0.330974,0.133276,0.12712,0.168912,0.356051,0.52,0.82,1
0.184875,-0.569077,-0.153986,-1.37378,0.224294,0.0434674,-0.543077,-0.021544,0.456553,-0.222566,0.615159,-0.172643,-0.75912,0.0638461,-0.95423,-0.00434037,0.842775,0.920218,-1.10189,-0.348729,0.0356599,0.548712,-0.39847,-0.0462698,0.406989,-1.14166,0.368338,0.197549,0.327363,-0.122199,-0.0901582,0.119524,0.428868,0.875114,1
-0.166377,-0.31758,-0.440604,0.575066,-0.366226,-0.493342,1.03389,-0.374101,0.874652,0.524859,0.325748,-0.604548,-0.509067,-0.171032,0.233816,-0.539032,-0.192412,0.609827,0.266451,0.847788,-0.318728,-0.749389,0.00227006,0.311664,0.788774,0.235395,-0.727298,-0.125984,-0.828794,-0.741532,0.583628,-0.0930114,0.486028,0.764907,1
1.00511,-0.0828809,-0.534371,-0.239113,-0.456973,-0.160529,-0.0345572,0.281289,-0.85037,-0.477412,0.712453,-0.326914,-0.0800785,0.615567,0.506002,-0.473223,-0.196661,-0.244882,0.724151,-0.686098,0.644291,-0.679634,-0.275483,-0.708719,0.468553,-0.222583,0.767127,-1.10629,0.931497,-1.02988,-0.467611,-0.526766,0.520477,0.856424,1
-0.355989,-0.0989394,0.242475,0.702693,1.18069,-0.55336,-0.0683815,-0.743522,-0.339894,-0.82422,0.332147,0.164044,-0.868245,0.39759,0.0887007,0.368913,0.259371,1.08607,-0.0185447,-0.387427,0.272668,-1.03027,0.103545,-0.474188,0.750528,0.14724,-0.816971,0.392647,-0.417796,0.179599,0.0748412,-0.174935,0.432688,0.779407,1
-0.0210817,0.340839,0.106474,-0.251006,0.425692,-0.336702,-0.36333,-0.227707,0.62857,0.0755274,-0.13315,1.22042,0.451008,0.851649,-0.373803,0.521902,-0.35866,0.831949,0.836992,0.143436,0.29219,0.132734,0.775292,-0.0139555,0.427452,0.0893393,0.309641,0.147145,0.296913,1.15525,0.170183,0.367516,0.430881,0.778452,1
0.00141601,-1.13124,0.0866751,-0.508505,-0.0460248,0.414663,-0.0316892,-0.110325,0.222531,0.31871,-0.291163,0.22561,0.033198,0.688942,0.160867,0.381395,0.632528,0.691029,-0.535665,-0.0400098,-0.219993,0.361606,0.509704,0.0796895,0.404811,-0.980996,0.378748,0.249633,0.473353,-0.492844,-0.999569,-0.378899,0.50106,0.943079,1
0.224835,-0.0500591,-0.35592,0.0959717,-0.218355,0.422291,-0.32395,-0.169266,0.919994,0.175787,-0.207322,-1.44504,0.256734,0.0221037,0.202454,0.485412,-0.520099,0.708438,0.247871,0.47147,-0.342857,0.082647,-0.502107,0.143482,-0.47155,-0.599245,0.103666,-0.622278,0.26166,0.16274,-0.598344,0.42081,0.432633,0.884771,1
0.115332,-0.563434,0.350172,0.950945,-0.629655,0.215544,0.382956,0.73476,0.104684,-0.726259,-0.484995,-0.11687,0.542659,-0.347353,0.5323,0.0180641,-0.735093,0.223805,0.550864,-1.13323,0.018122,0.0363639,-0.748156,-0.15065,0.359308,0.132101,0.142217,-0.654747,-0.582662,0.519259,0.884118,0.566597,0.55281,0.808769,1
-0.773022,-0.362306,0.535602,-0.947616,0.153778,-0.393961,0.0913834,-0.44722,0.24794,-0.80115,-0.368397,0.113335,0.0395171,-0.836002,0.329249,-0.227199,-0.0364752,-0.95116,-0.55996,-0.594643,0.127438,-0.339502,-0.128039,-0.171333,-0.285027,-0.151331,-0.439859,0.196304,-0.137234,0.149147,0.247945,0.0084878,0.560703,0.934396,1
-0.538512,-0.533264,0.704876,-0.386856,0.178724,-0.83655,-0.582704,0.903219,-0.106627,0.355227,1.26269,0.150337,-0.459122,-0.790966,-0.191273,-0.226209,0.146281,0.542014,-0.996644,-0.305248,-0.136332,-0.251437,0.0656298,0.390393,-0.0837599,0.0911089,0.121044,-0.727971,0.733494,-0.410558,-0.630768,-0.354515,0.425276,0.890419,1
0.958305,-0.398424,0.0702381,-0.1985,0.0604134,0.192911,-0.234532,0.891216,-0.146366,0.511431,-0.620629,-0.673943,-0.701061,0.360089,0.227046,0.515293,-0.00871618,-0.163132,0.0417814,-0.247801,6.16055e-05,0.617196,0.182974,-0.305715,-0.66496,0.280275,-0.0816585,-0.128268,0.730326,-0.379877,0.0969699,0.586085,0.424347,0.9283,1
-0.286158,-0.220395,-0.469107,0.428073,-0.112979,-0.155626,-0.192992,-0.356712,-0.322984,-0.413637,0.418556,-0.708651,-0.592156,-0.0332587,0.423412,-0.304637,-0.00934674,0.0265127,0.109153,0.49961,-0.0123259,-0.435944,0.378541,-0.591975,-0.134663,-0.0563661,-0.381956,0.333053,0.0746061,-0.16413,0.0943386,0.418227,0.506613,0.901168,1
0.326971,0.490213,0.15957,0.00930743,-0.215395,0.124769,-0.42487,-0.340331,-0.0570153,0.110618,0.101685,0.28613,-1.07941,0.192894,-0.676728,0.598058,0.307902,0.512555,0.366709,0.00149127,0.730712,0.399223,-0.127054,-0.0184445,-0.328017,0.00813218,0.538723,0.4579,-0.177902,-0.417433,0.900282,-0.408352,0.433836,0.817321,1
0.739424,-0.693753,-0.238164,1.11769,0.414486,0.141952,-0.11508,-0.240074,-1.22375,0.143168,0.0521503,-0.105603,0.26556,-0.339211,-0.150831,0.355988,0.745294,-0.434832,0.102575,0.804563,-0.304885,0.135219,-0.396105,0.338391,0.249707,-0.155436,-0.241532,-0.40362,-0.602486,0.0450407,0.173828,0.734809,0.557917,0.911051,1
-0.00964006,-0.394871,-0.295542,-0.61432,0.258813,0.161987,-0.15811,-0.110095,-1.00353,0.36448,0.217715,-0.824879,0.585297,-0.353188,-0.474119,0.295343,0.749606,-0.258927,-0.145469,-0.16849,-0.532645,-0.3653,-0.246651,-0.380795,-0.458967,-0.246008,-0.219828,0.353302,-0.736562,-0.210605,-0.498003,0.116533,0.564527,0.830887,1
0.36145,-0.906809,-0.243801,-0.806626,-0.682978,-0.0433815,-0.392899,0.0538556,-0.809778,0.317987,0.761974,0.0119457,-0.995418,0.197201,0.259361,-0.205948,-0.163154,0.751663,0.322797,0.421858,0.391541,-0.917606,0.615656,0.471615,0.163457,-0.66121,-0.223589,-1.14636,-0.484308,0.159661,-0.0889749,0.509664,0.458103,0.871131,1
0.0420582,-0.0169287,-0.353315,0.133175,-0.343214,-0.0247088,-0.307393,-0.809359,0.873963,0.117876,-0.805289,0.330643,-0.0754905,0.274099,0.297436,-0.462158,0.631756,-0.0198789,-0.245062,0.0320369,0.259696,-0.212918,0.68946,0.611288,0.577946,0.773179,-0.129656,-0.823696,0.358099,-0.479437,-0.509783,0.270921,0.508556,0.795208,1
-0.0838954,-0.389767,0.573527,-0.315382,-0.40956,0.0565282,0.687167,0.244563,-0.0305219,-0.746833,0.19424,0.401956,0.857342,0.220553,-0.362558,0.575072,-0.219229,-0.781936,0.465865,0.461915,-0.517138,0.408945,0.0506775,-0.141725,0.0954445,0.109906,-0.0869452,1.03529,0.403611,-0.40745,-1.8817,0.490848,0.433102,0.888861,1
0.782513,-0.338324,-0.160653,0.307063,0.637678,0.726047,-0.522378,-0.635739,-1.23879,0.162947,-0.020608,0.140711,-0.186801,-0.0709955,-0.611782,-0.811971,-0.601036,0.033919,-0.363665,-0.648695,-1.36107,0.404217,-0.947654,-0.40027,0.360028,-0.95948,-0.317616,0.192451,-0.263761,-0.713973,0.549515,-0.353758,0.529717,0.771724,1
-0.0638548,-0.00176358,0.326775,0.737971,-0.277121,-1.12043,-0.0436259,-0.0719285,0.231021,-0.0956244,0.681351,-0.326399,0.117739,-0.0592396,0.950142,-0.0477377,0.400196,-0.340886,-0.310696,0.110692,0.299562,-0.0272971,-0.308095,-0.221084,-0.23221,0.257597,-0.870559,1.22372,1.13689,0.476076,0.379273,-0.445812,0.535688,0.817306,1
0.301089,0.234941,-0.587889,-0.26427,-0.170238,-0.3319,0.385746,0.298519,-0.411608,-1.90148,0.195671,0.472605,1.10732,-0.151481,-0.970194,0.0187021,0.0134647,0.0480141,-0.342973,-0.427732,-0.414333,0.303661,-1.02494,0.425647,-0.362652,0.323409,-0.254915,0.230694,-0.126546,-0.426323,-0.686595,0.0939209,0.544227,0.87897,1
0.119514,-0.335213,0.0165566,0.624307,0.687643,0.145229,-1.19393,-0.527661,0.31822,-0.26074,0.664656,1.00646,0.342106,0.423382,0.569143,0.287918,0.236021,0.703875,0.0544995,-0.0932576,0.000876345,0.0734338,-0.470595,-0.376798,-0.660767,-0.241077,0.0164193,0.0366266,-0.210803,-0.296687,-0.03516,0.110439,0.498061,0.814633,1
-0.652913,-0.4558,0.307863,0.643734,0.293837,-0.490901,-0.442893,0.374482,0.12943,0.806077,-0.878926,-0.396891,0.429158,0.895927,0.623683,0.741695,0.0172534,0.715129,-0.0765806,0.257918,0.393627,-0.0513763,0.524166,-1.4832,0.0620752,0.394999,-1.21042,0.499322,-0.488211,-0.55905,-0.141776,-0.0438766,0.52417,0.947715,1
0.880815,-0.259718,-0.172863,-0.0250777,0.495438,-0.278398,-0.20067,0.00886001,-0.046442,0.213374,-0.27325,-0.0901055,-0.120088,0.350546,0.269886,-0.288802,-0.240889,-0.183829,0.518929,-0.130935,0.034547,0.413821,0.429077,0.286187,-0.594714,0.278775,-1.39705,0.688005,0.548436,0.331015,-0.313561,0.292655,0.465353,0.930664,1
0.285572,0.425146,0.0207672,-0.446076,-0.306839,-0.0978422,-1.25287,-0.242408,-0.356409,-0.256326,0.776559,-0.913805,0.615001,0.12701,-0.540009,0.856978,-0.601617,-0.232009,-0.199387,0.235079,-0.00545871,0.894746,0.035695,-0.737563,-0.284344,0.0313647,0.420501,0.102225,0.167419,-1.4185,0.687879,0.935387,0.45593,0.798537,1
-0.550244,0.297196,-0.0300885,-0.352136,-0.462386,0.0239263,-0.38966,0.0244416,0.385846,0.399946,1.31779,-0.426017,0.0321815,-1.19685,0.0207027,0.640783,0.607408,-0.202199,0.660356,0.413911,0.70386,-0.341402,0.407349,-0.662766,0.397044,-0.640887,0.14198,0.426878,-0.293692,0.29535,0.0608822,0.219576,0.556284,0.938946,1
-0.235815,-0.0338115,0.848013,0.598844,-0.40011,-0.409915,-0.462136,0.145596,-0.126028,0.100221,-0.0638856,-0.38998,-0.51971,0.482081,-0.12799,0.550699,0.855265,0.0794925,-0.61959,0.130235,-0.324377,-0.424304,1.07398,-0.657561,0.05622,-0.217652,0.988935,-0.393176,-0.112443,-0.278136,-0.723325,0.385636,0.45503,0.769731,1
0.243325,0.246761,0.484013,0.151711,-0.220164,-0.0388285,-0.382361,0.386927,-0.34322,0.262508,-0.209997,-0.407165,-0.769144,0.385288,0.456728,-0.651768,0.523194,-0.499671,-0.175244,-0.187688,-0.363869,-0.796676,0.232926,0.762025,0.162989,-0.631016,0.233793,-0.58286,0.339813,-0.106732,0.578914,-0.270756,0.551551,0.840446,1
-0.182942,0.00449268,0.326956,1.01999,0.245054,0.28637,-0.0241332,0.165306,0.115747,0.0980359,-0.377625,0.0497437,-0.240956,0.104431,-0.76683,-0.605737,0.473551,-0.829861,0.335604,0.492108,0.0102982,-0.297831,-0.101316,0.0802424,0.462032,0.27244,-0.59336,0.153102,0.36387,0.964316,-0.47363,0.145353,0.536103,0.801622,1
0.127383,0.375393,0.157675,0.238865,0.382493,7.95,0.21518,0.170478,0.271135,0.247579,0.317093,0.255661,0.336451,0.253241,0.144695,0.180368,0.301453,0.245555,0.271468,0.143447,0.367811,0.200604,0.105363,0.236685,0.373106,0.18278,0.143339,0.38267,0.332202,0.237526,0.33428,0.335884,0.52,0.82,1
-0.928346,0.68891,0.796413,-0.226352,-0.615906,-0.107021,-0.273954,1.03299,-0.149481,-0.135638,0.638585,-0.704783,-0.289163,-0.108839,-0.0997839,-0.476913,0.413508,0.443766,-0.102453,0.189204,-0.72908,0.53464,-0.0778168,-0.0884003,0.267346,0.374783,0.184318,0.312266,0.490346,0.627283,0.647823,-0.634199,0.55927,0.773699,1
-0.413589,-0.037403,-0.588025,-0.0910969,0.605892,-0.0268919,-0.0771411,0.649022,-0.846418,-0.155342,-0.0942308,0.324679,0.992071,0.579442,0.20911,0.371087,0.153924,-0.506444,-0.426614,-0.537333,0.541245,0.154025,0.111411,0.928991,0.29688,0.275115,0.241413,0.0849994,-0.305361,0.142611,0.209372,-0.707091,0.456839,0.801603,1
-0.0444976,-0.0715857,0.329074,-0.442357,0.407178,-0.0496168,0.0852815,-0.920505,0.21772,0.450319,-0.275971,0.39556,-0.296276,0.0350366,-0.0605457,-0.00518842,-0.367492,-0.146023,0.405874,0.294888,-0.249028,0.430075,-0.12439,-0.564106,1.07753,0.0133828,-0.569244,-0.497339,0.18153,0.0963416,1.13035,-0.494969,0.451296,0.770417,1
0.242228,0.0090552,0.46925,1.20186,-0.807349,0.685969,-0.363602,-1.307,-0.26282,-0.589817,-1.15952,1.11781,-0.121121,-0.215631,0.0488789,-0.0357044,0.366997,0.0324406,0.616516,0.398993,0.482607,-0.347575,-0.287772,-0.116846,0.530292,0.211277,0.118463,-0.0330455,0.523599,0.410666,0.39022,0.352644,0.566688,0.771579,1
0.726174,-0.989222,-0.192673,0.74403,0.564662,-0.218552,0.356269,-0.26053,0.521403,-0.266333,-0.463417,0.815255,-0.482185,-0.151201,-0.209205,0.0594258,-0.00865395,0.48956,-0.96045,-0.155612,-0.22297,0.934253,0.274403,0.395195,0.244897,-0.721275,-0.552322,-0.839228,-0.561842,-0.261955,0.0343534,-0.268962,0.537763,0.793642,1
0.0468484,-0.989218,-0.23649,0.427616,0.209701,-0.505543,0.339423,-0.0640133,0.0431166,0.742268,0.374893,1.35595,0.964189,0.189383,-0.261752,0.135574,-0.239073,0.390168,-0.39589,0.40494,0.48832,0.501115,0.300983,0.407692,-0.666818,0.187244,-0.749924,-0.201756,-0.450658,-0.00924393,-0.77234,0.149808,0.438434,0.936368,1
-0.303792,0.558194,1.06633,-0.155814,-0.647626,-0.0864375,0.0313088,0.550211,-0.324249,-0.293602,0.658377,-0.295782,0.803774,0.108155,-0.308848,0.0258377,0.364576,0.450757,-0.218532,1.21251,-0.518972,-0.740153,-0.851058,0.377877,0.470572,-0.659891,0.176204,0.40619,-0.483959,-0.60409,-0.212289,0.609614,0.484987,0.808528,1
-0.368265,-0.995732,-0.575803,-0.203851,0.148417,-0.457961,0.248673,-0.457561,-0.0723971,0.318799,0.983522,0.768376,0.765776,-0.163628,-0.189226,0.284997,-0.554339,0.331547,0.831141,-0.248001,-0.0524641,0.789698,0.303738,-0.124676,0.667679,0.16959,0.114417,-0.41355,-0.400615,-0.224925,-0.145174,-0.159969,0.562467,0.792872,1
0.022686,0.147321,0.283564,-0.48719,-0.547573,0.982726,0.331239,0.390295,-0.0320559,0.26255,0.871005,0.604173,-0.292213,-0.885154,-0.440216,-1.02277,-0.306415,-0.367357,0.202686,0.470971,-0.42739,-0.46412,-0.0885838,-0.508305,-0.22681,-0.543151,-0.190584,-0.674127,-0.460961,0.339615,-0.0612145,-0.196205,0.500518,0.923186,1
0.234322,0.342452,0.031978,0.23182,0.160048,-0.620371,-0.135047,-0.837092,0.621624,0.923509,-0.567318,0.497352,-0.430215,0.0178531,-0.0952697,0.228038,0.191487,0.789835,-0.193086,0.175862,-0.916873,-0.848678,-0.255912,-0.0537174,0.285874,-0.229807,-0.433789,0.558564,-0.585008,0.0589568,0.186241,0.553637,0.432859,0.814664,1
0.180728,0.154128,0.313894,0.311698,0.310162,7.95,0.389648,0.209322,0.101144,0.151471,0.308348,0.212742,0.207529,0.105815,0.182843,0.217084,0.163273,0.123881,0.392578,0.282697,0.282083,0.119721,0.17361,0.398091,0.347063,0.382988,0.392053,0.245065,0.264871,0.266569,0.134476,0.333328,0.52,0.82,1
-0.838509,-0.160911,-0.0964225,-0.266921,-0.327613,0.44411,0.516189,-0.316004,0.090351,0.800786,-0.125793,0.194719,0.522251,-0.79221,-0.319015,-0.420379,-0.311079,-0.532624,-0.177192,-0.0813586,0.204112,0.346397,-0.539336,0.224853,-0.340851,-0.0915761,0.194707,0.544086,-0.0195367,-0.183418,-0.369102,-0.107653,0.555692,0.798331,1
-0.129881,-0.081082,0.036141,0.684152,0.117319,-0.275504,-0.808934,0.468424,0.264815,-0.955129,-0.595145,1.37271,-0.738224,-0.75846,-0.242218,0.35779,0.401363,-1.00157,-0.777159,-0.994206,0.618265,-0.0609561,-0.862984,-0.214887,0.516244,-0.139512,-0.244192,-0.61049,0.505959,0.208929,-0.452147,0.375625,0.541923,0.880344,1
-0.332406,-0.149249,0.620366,0.445126,0.136183,0.857601,-0.44148,0.103457,-0.218019,0.365917,0.0134525,0.0210099,0.404604,-0.769879,0.858386,0.380549,-0.162561,0.818636,-0.12854,-0.256801,-0.271179,0.202788,0.823254,-0.987285,-0.419359,-0.687894,-0.318003,-0.134405,0.0540182,0.897317,-0.185581,-0.189047,0.453814,0.865432,1
0.447573,0.479734,0.482238,0.511101,0.178535,-0.124641,0.666444,-0.229785,-0.66464,0.267098,-0.116118,1.29018,-0.819676,-0.958953,0.19676,-0.159105,-0.226284,-0.376787,0.539911,0.0163715,-0.427292,0.177031,0.444759,-0.235625,0.523738,0.682985,0.519623,0.615297,-0.561493,0.457973,0.0410941,0.855922,0.528497,0.827059,1
-0.619325,-0.126481,0.437607,-0.982306,0.144089,-0.440084,0.0559032,-1.26527,0.185647,0.0213768,0.659891,0.71512,0.495936,-0.0916338,0.00938317,-0.610031,-0.264205,0.0822861,-0.721526,0.263737,0.0910418,0.526968,0.095403,-0.0143367,1.04611,-0.507543,0.71456,0.503305,-0.0130237,0.165951,0.234106,-0.299971,0.471784,0.848516,1
-0.0210099,0.561415,0.0401752,-0.097509,0.413297,0.62162,0.665652,-0.38774,-0.255062,-0.514975,0.0543883,-0.333765,0.314102,-0.150618,-0.0850963,0.43249,0.817189,-0.681425,-0.361099,1.37498,0.338162,-0.840899,-1.19846,0.130485,0.424696,-0.510417,-0.17322,0.0901853,-0.127933,0.140797,-0.740664,0.0887628,0.574408,0.921103,1
0.993637,0.034246,0.077762,0.224806,0.151553,-1.18922,-0.739929,0.221074,0.559243,-0.168958,-0.225134,-0.329982,-0.133396,-0.509558,0.663384,0.343385,0.886445,-0.154382,0.180707,0.8228,0.501025,0.699627,-0.434272,-0.548575,-0.377238,0.410022,-0.179114,0.0211139,-0.704012,-0.43922,0.368659,-0.532793,0.472386,0.850283,1
-0.613492,0.0257004,-0.294331,-0.29435,0.454454,0.0532393,-0.409821,-0.707845,-0.83541,0.959316,0.72002,0.0631905,-0.120453,-0.0566228,0.0492258,-0.318114,-0.125959,0.111499,-0.141896,0.0438115,0.355383,-0.36335,0.307636,-0.567888,0.191914,0.118309,0.319991,0.315817,-0.723492,-0.708321,-0.306864,-0.709225,0.458353,0.770168,1
-0.199333,-0.253894,0.559424,-0.0525591,0.862077,1.03801,0.544231,0.322835,0.112411,-0.320349,-0.0976621,-0.114284,-0.243739,-0.466541,0.972708,0.295317,-0.113788,-0.143457,0.786934,0.2577,-0.295254,-0.280651,-0.422825,-0.10638,0.370602,-0.138127,1.00581,0.337523,0.215245,-0.32478,0.73828,-0.514051,0.486736,0.936933,1
-0.146942,0.490333,-0.817759,1.95797,0.122139,-0.188334,-0.0487905,-0.483934,-0.414928,-0.099376,0.29919,-0.206438,-0.252155,0.149337,-0.42196,-0.578357,0.580268,0.687365,0.0577071,0.0527526,-0.75078,0.67486,-0.27768,-0.880286,0.219433,0.453268,-0.145143,0.440191,0.440542,-1.14409,-0.606419,-0.401884,0.465144,0.845047,1
0.95,0.88,0.247944,-0.0266468,-0.00733809,-0.38881,0.351727,-0.15303,-0.230628,-0.274833,0.114797,0.19056,0.0664645,0.414774,-0.491464,-0.203291,0.0162884,0.466483,0.237114,0.245574,0.226824,-0.346918,0.15863,-0.00290834,-0.452,0.221129,-0.429779,-0.0697545,0.454068,0.0302754,-0.124511,0.317324,0.48,0.2,0
-0.6568,0.262701,0.924717,0.285136,-0.462777,-0.524898,1.1355,0.427954,0.138739,-0.287058,0.336345,-0.166448,-0.842813,-0.801764,-0.737939,0.204653,0.418691,0.416239,0.356336,-0.027942,-0.167967,0.173852,-0.301566,0.889052,-0.066528,-0.804479,-0.842779,0.229986,-0.0527624,-0.513572,-0.189612,-0.43623,0.534619,0.80398,1
0.0610294,0.563464,-0.157251,0.0959182,-0.399831,-0.125611,-0.0711988,1.04043,0.0337707,0.255815,-0.39634,0.358272,-0.440397,-0.128531,-0.340149,-0.327891,-0.263856,-0.827918,-0.0062642,0.150985,-0.955297,0.0434267,-0.0828357,0.0613047,0.0363605,0.0693331,0.202397,0.522053,-0.270097,-0.0582687,-0.483341,-0.274101,0.472711,0.863998,1
-0.101315,-0.55223,-0.46749,0.297609,-0.313534,-0.00682077,-1.02813,0.20864,-0.54792,-0.04751,-0.21278,0.331961,-0.132364,0.287305,-0.0613508,-0.0234608,0.381024,-0.269399,-0.752407,0.263068,-0.297857,0.420803,0.412655,0.565089,-0.226142,0.617618,-0.291479,0.334234,-0.912897,-0.222728,0.600171,0.221769,0.431093,0.832523,1
0.336028,0.459258,-0.694537,0.32922,0.367813,-0.184703,-0.0255971,-0.341975,0.138053,0.225274,0.714145,0.547117,-0.318139,-0.102296,1.00975,-0.60955,-0.119788,-0.470067,-1.15725,0.413749,-0.680671,0.28556,-0.327871,-1.01203,0.333523,0.523799,0.87297,-1.13924,0.10477,0.157312,1.07139,0.014872,0.485141,0.946124,1
-0.787467,0.76864,0.656414,0.503768,0.205788,-0.459863,0.401494,-0.682173,-0.466055,-0.14029,0.141209,0.713362,-0.0822528,-0.177168,0.371565,-0.18926,-0.419342,0.413975,0.60053,-0.210591,0.235391,0.0155913,-0.883853,0.587966,-0.430206,-0.657296,0.329215,0.101933,0.147177,-0.482323,-0.239769,0.214266,0.49987,0.839432,1
0.0459363,-1.02426,-0.453428,-0.36117,0.499847,0.924463,-0.244671,-0.452661,-0.88428,-0.684857,0.325259,0.483322,0.188368,-0.315607,-0.717782,0.487398,0.0279407,0.332736,0.497715,0.761875,-0.0948649,-0.166021,-0.2605,-0.702136,0.769347,0.065127,0.350204,0.633959,0.127757,-0.858756,-0.236584,0.777417,0.503123,0.844368,1
-0.167655,0.450024,-0.407196,-0.245002,0.250548,-0.647985,0.219821,-0.820087,0.0531525,-0.252957,-0.15081,-0.0697909,-0.453828,-0.19936,-0.736048,-0.0391916,0.0597073,-0.523457,0.117293,0.0983079,0.208749,-0.427801,0.416826,0.178218,1.15277,-0.0273514,0.172543,0.0248557,-0.333811,-0.39674,0.961244,-0.440846,0.564998,0.89321,1
-0.566029,0.66304,0.381927,0.183001,-0.323792,0.122938,0.367414,1.31225,-0.949639,-0.268295,0.635374,-0.18395,-0.419763,-0.508447,0.768507,-0.409326,-0.0236054,0.539333,-0.368814,-0.537351,0.221433,-0.393782,-0.752278,0.155818,0.124013,0.0556826,0.9022,-0.0851164,-0.32326,0.112262,-0.942945,0.401053,0.435216,0.822057,1
-0.212724,-0.604931,0.776189,0.430612,-0.275847,0.619897,-0.771932,0.707854,-0.678255,0.833924,-0.360296,0.361267,-0.217144,-0.42888,0.0690385,0.580934,0.115327,-1.2562,0.584427,-0.120428,-0.226671,1.19105,0.100069,-0.919774,-0.592003,-1.03243,-0.630737,-0.834883,0.122822,0.485778,0.571582,1.06328,0.423771,0.844475,1
-0.638356,0.0983,0.269712,0.469749,0.209432,-0.0336374,-0.318483,0.102341,-0.0234715,0.0606202,0.0498294,0.196961,-0.203666,0.649421,0.0206708,-0.484786,0.425102,-0.380866,0.0165478,0.133539,-1.14562,0.887922,0.9124,0.777627,0.128116,-0.712988,1.01134,-0.609545,-0.120615,0.698964,0.119402,0.370388,0.487673,0.883656,1
0.792707,0.242066,0.324065,0.480912,0.0639873,-0.345643,0.00259451,0.3639,-0.532097,-0.452542,0.56244,0.462724,0.311094,0.267336,-0.259187,0.0695529,-0.0850899,-0.828781,0.108776,-1.0485,0.589481,-0.81095,0.00198077,-0.334915,-0.745474,-0.354008,0.241499,-0.134205,0.378129,0.259593,-0.471877,0.450697,0.55729,0.929915,1
0.598521,0.159931,-0.0830508,0.31625,-0.649016,-0.54864,-0.92327,-0.538328,0.462705,-0.792108,-0.305018,-0.370572,-1.48539,-0.209834,-0.116365,0.276876,-0.0562449,0.460159,-0.209542,0.569351,-0.532709,0.745706,-0.0073798,0.268596,-0.384713,0.501345,-0.0788451,1.14491,0.0118097,-0.243398,0.115932,0.612609,0.55486,0.814863,1
-0.2802,-0.30624,-0.141532,0.473273,0.247193,-0.659837,-0.243554,-0.569671,-0.466774,0.707421,-0.675602,0.249386,0.243474,0.131528,0.184615,0.953595,-1.09062,-0.760262,0.282452,0.0865281,-0.160654,-0.442279,0.242679,0.00142953,-0.324597,-0.638508,0.094152,-0.825626,0.00768936,0.226332,0.128317,-0.210219,0.424072,0.77517,1
-0.162349,0.145086,0.373043,0.467413,-0.0389298,0.385967,0.897275,0.379215,0.595779,0.588248,0.135266,0.852988,-0.631408,-0.455602,0.00642796,0.410336,0.116787,-0.379786,-0.143731,0.588394,0.812287,-0.317018,0.0473839,-0.509119,0.0684441,0.198863,1.14305,-0.0549293,-0.909193,-0.613861,0.126118,-0.741936,0.517239,0.932529,1
-0.611023,-0.328202,-0.093481,0.488231,-0.278001,-0.16263,-0.152642,0.509333,-0.305301,-0.100404,0.646389,0.00857402,0.160815,-0.490249,0.284336,0.10936,0.410104,0.433927,-0.635395,0.514322,-1.44199,-0.153228,0.056443,0.0364057,0.351206,-0.824119,-0.0943882,0.220161,0.88059,-0.123144,-0.194966,0.163685,0.472885,0.923459,1
-0.505009,-0.087651,-0.502943,0.190071,0.327063,-0.171115,0.167677,-0.799898,-0.367838,0.265301,1.5731,0.0480683,0.258821,0.0586633,0.372411,0.00842029,-0.120419,-0.134723,0.217362,0.870849,-0.235887,-0.073633,-0.182838,0.172884,0.078708,-0.747367,0.404547,0.370822,-0.483026,-0.0798676,-0.577271,1.54223,0.532745,0.925167,1
-0.257971,-0.615576,-0.335161,0.248622,-0.039976,0.97674,0.545464,0.794132,-0.545192,-0.121579,-0.809091,-0.417979,-0.32513,-0.411587,-0.380727,0.080723,0.269902,-0.407554,-0.214514,-0.835006,-0.561014,0.328745,0.648877,0.111928,0.499387,0.154178,-0.360935,-0.423518,-0.233754,0.18574,-0.106313,-0.266237,0.430802,0.948955,1
0.139674,-0.660969,0.227431,-0.182583,0.0527797,-0.581766,0.0213096,-0.034483,0.624047,-0.20335,-0.414894,0.361204,0.557238,0.341554,-0.178727,-0.360796,0.77401,0.0340048,0.253931,-0.0174239,-1.01923,-0.333637,0.771564,0.995684,-0.615877,0.0304008,0.474471,-0.273844,-0.474241,0.510851,0.304703,0.186624,0.462222,0.878569,1
0.30307,0.127741,-0.0926795,0.31124,-0.051026,-0.187847,-0.00220903,-0.106482,0.467385,0.430907,0.119198,-0.632371,0.247979,-0.187063,-0.793451,0.0761197,-0.36506,0.0105148,-0.247299,0.684812,0.00580098,-0.512652,0.0894193,-0.328495,0.277432,-0.693408,-1.15418,-0.961841,0.593516,0.140039,-0.781524,-0.167694,0.437671,0.843412,1
-0.0476424,-0.36998,0.682842,-0.0194885,0.945769,-0.119565,-0.148467,1.12672,0.273697,-0.611849,0.183726,-0.167037,-0.0202782,-0.382996,-0.177781,0.94719,0.662299,-0.882837,-0.494648,-0.257462,-0.189145,1.14583,0.373858,-1.32971,-0.863149,-0.427458,0.37623,0.171402,0.237898,-0.878171,0.489623,0.0580698,0.429446,0.829549,1
0.326663,-1.24181,-0.316472,-0.359124,0.487405,0.206832,0.226443,-0.577747,0.0654385,0.203822,0.720652,-0.185383,0.141315,-1.16483,0.0264517,-0.400329,0.102153,0.836826,-0.458699,-0.0388042,0.18064,-1.1473,0.729147,-0.283454,-0.0362669,-0.227044,-0.358753,-0.311092,-1.22823,-0.404553,0.0840181,0.327021,0.523862,0.888577,1
-0.837513,-0.350828,-0.214318,-0.0183855,-0.193208,0.159166,0.524113,-0.263107,0.173534,0.838421,0.629395,0.623518,-0.554523,0.777244,0.113903,0.434188,0.472366,-0.397641,0.675,-0.33769,0.00651425,-0.224993,-0.035751,-0.60977,-0.245667,0.273058,0.357266,0.556477,0.198578,0.07754,0.843119,0.0388033,0.518413,0.784566,1
-0.129611,-0.115963,-0.922495,-0.217922,0.597736,0.696861,-0.0182301,-0.0321852,-0.0319741,-0.432361,-0.83474,0.210722,0.778973,-0.451437,-0.618166,-1.28346,-0.831349,0.308651,0.75071,-0.0321631,-0.5598,0.194446,0.299929,-0.189881,-0.0440795,0.433557,0.661601,0.503824,0.553979,-1.22213,-0.261395,-0.149113,0.56436,0.770593,1
-0.266901,-0.382502,0.349628,0.245974,0.44325,0.317997,0.202401,0.521508,0.205193,0.271182,0.648342,-0.298568,0.65688,0.540746,-0.152998,0.0747925,-0.0569606,-0.225025,-0.522839,-0.175211,-0.208017,-0.461959,0.100019,0.352121,0.519593,0.177741,0.232871,0.533997,0.0482466,0.189906,0.3724,-0.279545,0.466094,0.814663,1
-0.271675,-0.434186,0.190985,0.375056,0.5932,-0.830838,-0.672188,-0.234463,-0.502625,-0.159109,0.815824,-0.471094,0.361712,-0.186568,-0.432828,0.817996,0.291227,-0.334517,-0.486623,-0.198387,-0.177221,0.151908,0.233809,0.0238084,0.140757,0.864707,0.0609621,-0.274664,0.0901292,-0.466662,-0.274132,-0.830137,0.437904,0.875023,1
-0.143805,-0.200929,0.593361,0.167984,0.669277,-0.497847,-0.670748,0.611526,0.0497729,0.219779,-0.349961,-0.483471,-0.530081,0.518622,-0.361287,-0.0579299,-1.03231,0.620325,0.15618,0.00513712,0.623648,0.16818,0.340244,-0.0656516,-0.0441008,-0.387768,-0.355777,-0.0317436,1.17218,-1.38812,0.548434,0.0326792,0.464536,0.77218,1
0.814615,-0.0454784,-0.364426,-0.456978,0.387432,-0.0878051,0.634868,-0.515076,0.771325,0.365514,0.714411,-0.141678,-0.103295,0.0570144,0.94754,-0.0507092,-0.554397,-0.0711397,0.180803,-1.2363,-0.345601,0.632199,0.39889,0.145181,0.547342,-0.00983831,0.740523,-0.343334,-1.31985,0.215718,0.300631,-0.183504,0.424386,0.910349,1
-0.0348575,0.301122,0.202514,0.382852,0.220135,0.786726,0.461867,-0.972325,-0.00802771,-1.11735,0.198726,0.501517,0.371624,0.503064,0.456257,0.21904,-0.726874,-0.584931,-0.345835,0.297552,-0.444009,0.16009,-0.390289,-0.634705,0.215632,-0.0619879,0.741794,0.18824,-0.265179,-0.03994,-0.400333,-0.524033,0.530259,0.84158,1
0.449794,-0.107326,-0.110217,-0.329934,-0.673615,0.0524058,-1.30934,0.315117,0.275851,0.58018,-0.000949375,-0.192521,-0.332833,0.178743,-0.371179,0.339714,-0.213725,-1.44903,0.570134,-0.364072,0.936589,0.327792,-1.46114,-1.03464,-0.549041,-0.446826,0.500237,-0.465268,-0.24148,-0.272905,-0.530115,-0.437602,0.454264,0.8708,1
0.438139,0.401788,0.693155,-0.0500194,-0.101623,-0.509861,0.438345,0.65275,0.290046,-0.323452,0.445759,-0.286559,1.163,0.153104,0.291959,0.210739,0.594298,-0.820479,0.161758,0.365586,-0.27811,-0.354919,-0.625598,-0.32548,-0.477426,-0.220475,-0.489682,0.125766,0.975931,-0.242102,0.405583,0.109185,0.450797,0.847689,1
0.305261,-0.000495187,-0.380784,0.100294,0.860945,-0.370034,-0.0553836,-0.366163,0.308593,1.13488,0.689123,-0.369053,0.0336926,0.031124,0.8693,-0.319823,-0.349126,0.0660946,0.49804,-0.351689,-0.507158,-0.163394,-0.119901,-0.0504003,-0.161279,0.602301,0.339732,0.60955,-0.67048,0.475894,0.791281,-0.145345,0.531903,0.914067,1
0.774792,0.508602,0.900053,0.644979,0.439249,-1.01591,0.0806087,0.207692,0.387067,0.0096928,0.321714,-0.291172,-0.00013221,-0.760302,-0.0301038,0.491179,0.85028,0.17849,-0.0929113,0.106289,0.193974,0.151274,-0.605422,0.00399271,0.0593442,0.442495,0.664379,0.197084,0.532427,-0.234425,-0.191985,-0.232577,0.516322,0.926484,1
-0.296685,-0.0969403,0.394823,0.0678108,-0.132111,-0.567481,-0.0129188,-0.0180169,-0.709913,-1.10165,0.42223,-1.18982,-0.396859,0.231101,-0.350276,0.00106364,0.901314,-0.96781,0.133606,-0.749028,-0.251293,0.416205,0.455342,0.336482,-0.405258,0.00691563,0.115326,0.485429,-0.0524153,-0.617772,0.218769,-0.0136744,0.43111,0.937167,1
1.19459,-0.175295,-0.0526933,0.360429,0.60163,0.235212,-0.053506,0.552978,-0.245436,0.608866,-0.0320438,-0.142134,0.0763126,0.276227,0.00281702,0.188893,0.0406009,-0.799035,1.1314,-0.208517,-1.05336,-0.0600185,-0.626063,0.792662,0.302349,0.148379,-0.181854,-1.0408,-0.579736,-0.426519,0.153495,0.213821,0.430016,0.800869,1
-0.165065,0.317313,0.276175,0.269736,0.330664,-0.723559,0.441535,-0.336981,-0.37854,-0.545641,0.327876,-0.0185844,0.340582,-0.0300186,0.351298,-0.142812,0.517754,0.0408695,0.0166684,0.443806,-0.58723,-0.320156,0.238936,-0.51512,-0.199856,0.00203059,-0.0950021,-0.0426433,0.0477986,-0.309256,-1.25373,-0.0574077,0.47464,0.768991,1
-0.176387,-0.303515,0.514611,0.402558,0.612574,-0.175947,0.134956,0.0109656,-0.349484,0.228888,0.168125,-0.639384,-0.807536,-0.702468,-0.180298,-0.495649,0.0662651,-0.0665013,-0.668652,-0.203106,0.321048,0.575496,0.120532,-0.112098,0.436237,0.342052,0.249317,0.233948,-0.291334,0.296408,-0.610819,-0.329638,0.466024,0.881764,1
0.95,0.88,0.0154346,-0.343535,0.0186295,0.27588,0.016685,0.282705,-0.391538,0.452916,-0.29591,0.438025,0.0144637,-0.00517498,-0.138986,0.241816,-0.0098013,0.318383,0.450679,-0.135813,-0.375194,0.256893,-0.386633,0.0324661,0.118371,0.331116,0.224578,0.41909,-0.157093,-0.494841,-0.183187,-0.316827,0.48,0.2,0
0.164083,0.168472,0.321009,0.293643,0.161909,7.95,0.303711,0.225954,0.325167,0.139229,0.291976,0.364439,0.259561,0.225028,0.34543,0.296904,0.287866,0.189377,0.11247,0.345187,0.174224,0.167489,0.306416,0.210221,0.165568,0.130306,0.176582,0.331048,0.193448,0.278788,0.128643,0.144022,0.52,0.82,1
-0.133968,0.07421,-1.10346,0.687857,0.493416,0.785963,-0.0858018,0.021645,-0.166535,0.170952,-0.538821,-0.335966,-0.936441,-0.217253,-0.397731,-0.23861,-0.301286,0.217691,0.44947,0.25219,0.533358,-0.306858,-0.198086,0.205501,0.309606,0.20361,-0.383212,0.157154,0.11439,0.205778,0.369717,0.196968,0.467737,0.941005,1
0.235717,-0.40146,0.362346,0.212865,-0.670816,1.17783,-0.255802,-0.593022,0.533759,0.266405,0.206013,-0.0272455,-0.326404,-0.17868,0.273279,-0.409373,-0.11589,-0.307596,-0.678885,0.42082,0.420857,-0.439175,-0.167442,0.404346,-0.261996,-0.661135,0.254291,0.193281,0.0840324,0.234537,0.079796,-0.0316835,0.573787,0.900717,1
-0.0897429,-0.35149,0.811924,0.10326,0.113162,0.355923,0.532116,0.709686,0.414265,-0.258642,0.102573,-0.0568868,-0.147717,0.00306309,0.0772201,0.0602421,-0.291682,-0.327856,-0.159209,0.0253636,0.542536,0.116615,-0.680926,-0.211185,-0.250275,-0.27791,0.644083,0.820958,-0.116212,-0.0124541,0.0499482,-0.0426415,0.53374,0.893278,1
-0.650124,-0.450429,-0.788915,0.243575,-0.984703,1.01682,-0.209594,0.453127,0.9471,-0.456784,0.0638981,0.772829,-0.471592,-0.246097,-0.233462,-0.144029,0.0837172,-0.00450511,0.412222,1.20765,-0.100591,0.296757,-0.417105,-0.0128484,0.269254,-0.499206,-0.673676,0.0755414,-0.942004,-0.0649974,0.00143231,0.0714694,0.502704,0.775746,1
-0.32254,0.877753,-0.242356,-0.333369,-0.300772,-0.00294305,-0.948958,-0.202161,-0.254774,0.0613484,-0.133232,-0.298323,0.155369,0.31499,-0.146057,0.377111,0.187712,0.859954,0.123799,0.90733,0.938038,-1.20306,-0.501354,-0.446335,0.0754912,0.237941,-0.0130058,0.0239191,-0.27122,0.175992,0.107037,0.599126,0.44242,0.911036,1
-0.609223,-0.119362,0.124452,0.111946,0.260917,0.740918,-0.0415156,-0.443627,0.803866,-0.335281,0.418529,0.120726,-0.517973,0.203445,-0.55021,0.547307,-0.176322,-0.405108,-0.751437,-0.166627,-0.725696,-0.328905,0.301714,0.0481993,0.266181,-0.752806,0.351407,0.635311,-0.187627,0.0654284,0.0304885,-0.793892,0.566983,0.886029,1
-0.613942,-0.178126,0.176635,-0.452455,-0.325461,0.112366,-0.841087,1.04149,-0.496814,-0.558932,-0.316975,-0.108145,-0.319338,-0.020595,-0.078379,0.990541,-0.202626,-0.279509,0.0990439,0.392692,-0.253467,-0.703943,-0.234318,-0.297221,-0.697479,-0.252375,0.0926009,0.256839,0.542976,0.29503,-0.835953,-0.156293,0.42068,0.905946,1
0.186093,-1.01951,-0.260364,0.306092,-0.818421,0.745097,1.09913,0.165245,-0.149577,0.33921,0.456655,0.183623,-0.479629,-0.0311395,0.814609,0.509673,-0.989183,-0.674314,-0.0928744,0.560052,-0.382569,-0.0923953,-0.413904,-0.470355,0.509845,-0.619716,0.131933,-0.577389,0.400896,0.179615,0.319589,0.176441,0.441694,0.77238,1
0.225595,-1.04987,0.210619,-0.172594,0.448124,0.223889,0.0183894,-0.832525,0.849297,-0.19523,-0.14463,-0.240382,-0.819667,-1.03483,0.00164108,0.00398235,0.311145,-0.207813,-0.36557,0.32997,-0.0369782,-0.263851,-0.225281,0.0930516,-0.932071,-0.224924,0.0608789,-0.329462,-0.0202726,0.517413,-0.381662,0.491355,0.503861,0.91601,1
-0.105207,-0.194537,0.676968,-0.789572,0.696004,-0.41329,0.570747,0.874364,-0.192289,-0.95176,-0.620417,0.924332,-0.393009,-0.396526,-0.524902,1.20967,0.386508,0.154159,0.436295,-0.427295,-0.368788,-0.25764,0.0589195,0.861283,0.244365,-0.210799,-0.0629627,0.245516,-0.364585,-0.218703,0.420484,0.898396,0.493407,0.764816,1
-0.321145,-0.133037,0.221004,0.478975,0.119032,-0.44881,-0.339307,0.492509,-0.454672,-0.0894085,-0.263302,-0.354866,0.587323,0.4246,-1.22792,-0.464987,-0.403591,0.698132,0.0392783,0.537849,0.524006,-0.128057,0.330889,0.00665231,-0.711239,0.4239,-0.600837,0.00554465,0.437546,-1.09128,-0.310577,0.335333,0.459732,0.763976,1
-0.719085,0.386759,-1.09613,0.012116,-0.900711,0.133701,0.779557,-0.869841,0.47265,-0.126198,-0.379591,-0.173325,0.271764,0.650998,-0.564879,-0.17972,-0.417075,0.304765,1.03456,0.38183,-0.0783764,0.790217,-1.22364,-0.528951,0.379903,0.519146,0.56118,0.851351,-1.07406,0.563046,0.200855,-0.131417,0.514728,0.900653,1
0.22904,0.303681,0.248293,0.317334,-0.516755,-0.0762389,-0.263558,0.0650195,-0.858152,0.0834835,-0.180358,0.900564,-0.764183,0.285712,-1.01651,1.00361,-0.0311412,-0.0742574,-0.558241,0.421516,0.21565,-1.07477,0.590903,-0.328364,0.45344,0.996816,0.127723,0.11512,0.373909,0.977904,-0.514975,-0.213947,0.505401,0.801746,1
0.553925,-0.453536,-0.219372,0.110528,0.0448612,0.757405,-0.126022,-0.0842276,-0.493244,-0.102369,-0.260052,0.585726,0.0388506,0.826823,0.849198,-0.0234826,0.333552,-0.095287,0.0760667,-0.0444656,-0.283047,0.759994,0.536059,-0.291108,0.437815,0.246979,-0.708039,0.575275,-0.387565,-0.302028,0.202021,-0.629887,0.515734,0.903903,1
0.343193,0.547415,-0.362054,-0.52494,-0.213115,-0.538665,-0.490083,0.255061,0.390236,0.462289,-0.332926,-0.272868,-0.516892,0.914076,-0.1725,0.526995,-0.480186,-0.853371,-0.0521937,0.238718,-0.374708,0.29489,-0.833565,0.50543,0.462578,-0.506841,-0.644175,-0.486999,-0.143815,-0.367188,-0.592529,0.0274252,0.42499,0.768217,1
0.223018,0.386011,0.154032,0.316878,0.129362,7.95,0.29085,0.376428,0.355476,0.394415,0.285457,0.31096,0.221209,0.293131,0.307988,0.316987,0.220649,0.339554,0.390298,0.393616,0.19094,0.298507,0.33315,0.388883,0.282818,0.23094,0.11221,0.271774,0.243098,0.394132,0.230989,0.377678,0.52,0.82,1
-0.492003,-0.883906,0.238392,0.419946,0.789556,-0.116737,0.299105,0.255289,-0.853542,0.0815025,-0.505085,-0.911626,0.717045,-0.582144,0.805507,-0.395181,-0.90403,0.449949,-0.168248,0.399896,-0.0147015,0.574657,0.35036,0.69334,0.145869,-0.235145,-0.0306464,0.209842,-0.558057,0.464344,0.65682,0.439147,0.473739,0.914575,1
0.834641,-0.313995,0.243617,0.148343,-0.0947702,-0.0905956,0.0542004,-0.0516428,-0.408181,0.796967,0.153799,-0.676234,-0.698595,0.485259,-0.333107,0.186021,-0.812724,0.010065,0.327072,-0.346346,-0.979589,-0.224799,0.356589,0.415036,-0.495533,-0.127534,0.123751,0.286711,-0.0592415,0.686291,0.0263804,0.734253,0.427976,0.94419,1
-0.141661,-0.720695,0.18334,-0.208609,-0.115521,0.0468406,-0.604726,0.405343,-0.933077,-0.663093,-0.38584,-0.755085,0.15097,-0.317585,-0.0991102,-0.344305,0.657705,0.00944978,0.295072,0.084897,-0.827755,0.481758,-0.17353,0.123183,-0.311442,0.532093,-0.268392,-0.18165,-0.543017,0.655022,-0.0607502,-0.278549,0.429085,0.889827,1
-0.15725,1.02645,-0.522942,-1.02707,0.965144,0.325282,0.43627,-0.590599,-0.541531,-0.337195,-0.308372,-0.895769,0.481925,0.374316,-0.0904994,-1.36518,0.389251,0.208617,0.891557,0.725571,0.205982,0.135888,0.136803,0.667829,-0.270762,-0.0872569,-0.542694,0.400691,0.144788,0.495782,-0.321507,0.564576,0.43226,0.769767,1
0.446576,-0.479499,-1.29172,-0.216239,0.277037,-0.959445,1.30765,-0.31981,-0.313211,-0.381602,0.12115,0.497902,1.1884,0.00905091,0.455143,0.140625,-0.913815,-0.286653,-0.288869,0.165975,-0.289901,0.262095,0.608221,-1.27706,-0.238126,0.554817,-0.0244959,0.226768,0.287702,-0.608027,0.838574,-0.333833,0.527918,0.788983,1
0.544004,-0.00949873,-0.50737,-0.817926,-0.0483393,-0.213546,-0.0182655,-0.553601,0.551507,0.215021,-0.552292,-0.47182,-0.385412,0.506383,0.46839,-0.197091,0.231371,0.115525,0.67203,-0.707017,-0.199454,0.286952,0.178375,0.196972,1.09516,-0.343098,0.38194,1.35818,0.73444,-0.280497,-0.655153,-0.960859,0.502381,0.815781,1
0.0537762,0.231723,0.574103,0.0167248,0.27172,-0.412951,-0.86907,-0.648535,0.357828,0.4735,0.160734,0.75874,-0.586248,-0.439864,-0.248255,-0.116251,-0.209632,-0.0986684,-0.0066753,0.500543,0.331135,0.0523941,0.174523,-0.807524,-0.252927,-0.645046,-0.0684183,-0.73153,-0.832422,-0.0192857,-0.28878,-0.457256,0.563574,0.766245,1
0.0243024,-0.120989,0.141859,0.672457,0.240247,0.426798,1.10051,-0.741112,-0.211846,-0.0927621,0.419196,0.426953,-0.343362,-0.134942,0.571616,-0.443128,-0.0621738,0.295338,-0.302433,0.0770185,-1.06526,0.00321344,0.130766,0.689483,-0.0628357,0.0623792,-0.465237,0.272947,-0.174799,0.18907,0.00409435,0.00766865,0.491605,0.925788,1
0.176031,-0.363604,0.410269,0.992954,-0.467636,0.77339,0.294766,0.63819,-0.752439,-0.232061,0.373925,1.16353,-0.115715,-0.368762,0.828589,-0.216297,0.92148,-0.511964,0.055609,0.356096,-0.833818,-0.256343,-0.471738,0.782375,-0.0759795,-0.634313,0.435973,0.417499,-0.088654,0.146673,-0.0129686,0.0993206,0.453662,0.811023,1
-0.0613865,0.729617,1.0826,-0.0144821,-1.18027,0.000514216,-0.253465,-0.423181,-0.366443,0.62235,-0.737416,-0.357477,-0.611109,-0.142485,-0.177518,-0.17466,0.615978,0.199106,0.122173,-0.141714,-0.543648,-0.694933,0.254502,0.381829,0.167489,0.163664,0.060183,0.375047,0.570138,0.101327,-0.433691,0.142417,0.512828,0.862729,1
-0.919991,0.310303,-0.0937696,0.74997,-0.494126,0.755616,0.111194,-0.478479,0.804187,0.410691,-0.652325,-0.410928,0.584002,-0.053322,0.516834,-0.12555,-0.133668,0.104444,-0.014039,1.03408,1.08125,-0.914331,-0.249735,0.172285,-0.203772,0.237412,0.420354,0.375885,-0.260713,-0.691458,0.612732,-0.446753,0.468487,0.899749,1
0.270769,0.269771,-0.349072,0.0892836,-0.477284,0.675418,0.163421,0.307954,-0.0923702,0.115182,0.578232,-0.273456,0.430747,-0.913006,0.585321,0.843964,-0.0699865,0.112167,0.414989,0.65553,0.516696,0.86532,0.840218,-0.103421,0.237593,0.292908,0.358914,0.300727,-0.258094,-0.750811,-0.693376,-0.571701,0.564251,0.82628,1
-0.550928,-0.0128187,-0.847184,0.672109,-0.232088,-0.335434,-0.580734,-0.534256,0.114737,-0.502258,0.142662,-0.92655,0.503748,0.0973142,-0.221872,-0.212663,-0.926608,0.0575927,-0.285384,-0.344541,-0.0423868,0.398914,0.117188,-0.520811,-0.255506,-0.0650108,-0.118899,0.641142,0.173143,-0.211174,0.360559,0.0728939,0.486001,0.845369,1
0.859322,0.0963153,0.161759,-0.579531,0.234213,-0.854193,0.275078,0.0213767,-0.402144,0.354945,0.331563,-0.955428,-0.186185,0.89006,0.54366,-0.609541,0.00433235,0.543924,0.516412,-0.118118,-0.0839277,-0.831993,-0.497681,-0.857585,-0.284789,-0.267829,0.756377,0.0555487,0.429565,0.253733,0.607013,0.115951,0.578518,0.910464,1
0.840216,0.959678,-0.454901,0.316877,0.333402,0.163855,-0.364503,0.22113,0.400845,0.619096,0.413113,-0.550139,-0.627514,-0.594732,-0.282791,0.271903,0.454263,0.140455,-0.276324,-0.600604,-0.262847,0.599655,0.955728,0.971617,-0.191562,0.404416,0.368173,1.07103,-0.278842,0.15419,-0.196039,0.245749,0.503824,0.942186,1
-0.0416009,-0.635631,0.117464,-0.334289,-0.180835,-0.423106,-0.774023,0.242926,-0.192085,0.195906,-0.0290567,0.744101,-0.448507,-0.650218,0.746621,-0.269405,0.523005,-0.574435,-0.788693,0.4998,-0.385709,0.223387,0.0507398,0.169127,0.0221044,-0.818686,-0.298693,0.278824,0.221561,0.925561,-0.438823,0.486272,0.502444,0.906667,1
0.477631,0.912802,-0.470462,-0.0585665,-0.690997,-0.515277,-0.570987,-0.698702,0.0973766,0.883015,-0.260522,-0.315768,-0.132622,-0.0223279,0.445154,0.66566,-0.0395299,-0.517902,0.738964,0.0475946,-0.185428,-0.477133,-0.500579,0.29714,0.611531,-0.561003,0.182018,0.364371,-0.334149,0.122598,0.105012,-0.255351,0.51422,0.815047,1
0.95,0.88,0.260318,-0.373003,-0.426852,-0.0831085,0.362088,-0.449206,-0.274451,0.306459,-0.257179,-0.360693,-0.0614942,-0.166891,-0.393144,0.441169,-0.489343,-0.444999,0.362802,0.00799542,-0.342898,-0.410535,0.218866,-0.258987,-0.0650486,0.456976,0.0361385,0.30613,0.47483,-0.0431054,0.35813,0.262313,0.48,0.2,0
0.57771,-0.0765783,0.487803,0.710905,-0.167854,-0.631838,0.205943,-0.779157,-0.440347,-0.336186,-0.766183,-0.131881,-0.502334,-0.210092,0.119116,0.413252,0.0301867,0.438059,0.0475759,1.13214,-1.10946,-0.0591708,-0.470693,-0.0699486,-0.130042,0.600489,-0.15965,0.651157,0.62189,0.00529281,-0.226257,-0.749328,0.473682,0.840268,1
0.164232,0.116882,0.719861,0.332244,-0.0496301,-0.111491,0.269058,0.0428345,0.573639,-0.0398176,0.0491929,-0.346462,-1.07309,-0.207688,1.70119,0.804059,-0.0354031,-0.0554667,-0.829087,-0.807539,-0.0409778,-0.0403245,0.385544,0.306364,0.37929,-0.0725057,0.264251,-0.611346,0.374569,0.559755,1.01084,0.193803,0.539913,0.811304,1
-0.451899,0.481515,-0.0743953,0.213828,0.140262,0.547799,-0.610708,0.222734,0.131916,-0.0934991,0.179652,-0.447799,0.969613,-0.0761324,-0.520943,0.318459,0.315236,0.300016,0.444412,0.0698069,-0.256252,-0.054936,-0.106873,1.13718,-0.886404,-0.083528,-0.631444,0.906471,0.0800948,0.0741405,0.405977,-1.12328,0.54155,0.793058,1
-0.199801,-0.175923,-0.203879,-0.231543,-0.259425,0.178222,-0.0598218,-0.140445,-0.593016,0.812251,0.617146,1.01034,-0.207231,0.128567,-0.281686,1.24868,0.581752,-0.0528078,-0.598783,0.0986944,0.915827,-0.349342,0.272143,0.22168,0.0171405,-0.264347,-0.63775,0.757485,-0.597606,-0.506067,-0.279852,0.121603,0.57075,0.859964,1
-0.827194,0.488202,0.00576654,0.51084,0.642644,-0.939112,0.236379,-0.903206,0.684355,0.466267,0.229571,-0.501567,-0.0299393,0.318774,1.08659,-0.405306,0.15296,0.522656,-0.189299,0.208218,0.162348,-0.400093,-0.257824,0.420255,-0.129092,0.455841,0.311052,-1.07727,-0.779357,-0.753228,0.551072,-0.361152,0.56231,0.857876,1
-0.0327435,0.244042,0.509473,0.711476,0.329242,0.284867,-0.367635,0.549124,0.080006,0.0749519,0.142846,-0.576823,-0.422007,0.560112,0.579238,0.868871,0.542318,0.804716,-0.0167042,-0.468207,-1.08352,-0.0398666,-0.720593,-0.135408,0.419601,-0.512967,0.839764,-0.0931001,-1.09354,-0.416833,0.274417,-0.935239,0.442529,0.810999,1
0.674276,-0.458805,-0.0253371,0.0266089,-0.496282,-0.206482,0.294761,-0.627549,-0.654986,-0.0396763,0.18363,-0.229119,0.276244,-0.167256,0.632448,-0.234647,0.308094,0.0721353,-0.534456,0.29009,0.0712185,0.666174,0.650892,-0.260127,0.440576,-0.797762,-0.595711,0.372814,0.50097,0.314191,-0.88114,0.127014,0.503065,0.777047,1
-0.579886,-0.370928,-0.680633,-0.30756,0.111401,-0.344016,0.35119,-0.619887,-0.224849,0.158605,0.145852,0.980661,0.246631,0.325498,-0.00829118,-1.09162,-0.166458,0.361821,0.742343,-0.471355,-0.15133,0.259982,0.715273,0.315117,-0.0469299,0.210689,0.156022,0.767054,-0.142982,0.509306,0.392613,0.467354,0.532803,0.88998,1
0.149897,0.273153,0.286376,0.241535,0.369559,7.95,0.117453,0.315966,0.367795,0.109872,0.235437,0.307926,0.323568,0.222346,0.339098,0.308359,0.13248,0.118051,0.301048,0.136887,0.134794,0.11259,0.163087,0.336814,0.286485,0.123002,0.203394,0.290305,0.128953,0.339424,0.297979,0.38752,0.52,0.82,1
0.542814,-0.237209,-0.347912,0.36416,-0.206349,-0.237838,0.960849,-0.703413,0.0193777,-0.552073,-0.844004,-0.618068,-0.33612,0.329053,-0.306395,-0.289991,0.00062782,-0.00999832,-0.160424,-0.15224,-0.038582,-1.07142,-0.453944,1.24191,0.667302,0.399913,0.52738,0.0732556,-0.277901,0.53027,-0.835571,-0.482336,0.463823,0.905469,1
-0.192248,1.33268,-0.333084,-0.159198,0.527908,-0.256662,0.405827,-0.0850471,-0.248828,0.775959,0.245076,0.0272031,-0.210147,-0.515813,0.0561393,-0.518862,0.248372,-0.338801,-0.0286704,-0.276386,-0.173969,0.392433,-0.664685,0.511192,-0.751622,0.630233,0.350704,0.0192336,-0.163878,-0.225844,-0.234316,-0.468147,0.448313,0.838466,1
-0.374289,-0.729594,0.533127,-0.341106,-1.0045,0.392614,-0.501549,0.34821,-0.0900428,0.643641,0.884613,0.0791465,-0.100554,-0.127898,-0.312637,0.289789,-0.135388,-1.54843,0.152211,-0.214343,-0.284108,-0.77807,0.17655,-0.0638978,0.421883,-0.94294,0.301146,0.398151,0.700582,-0.525903,0.234886,-0.101459,0.52146,0.913197,1
-0.816486,-0.128392,0.41375,-0.4407,-0.303534,-0.258373,0.459236,-0.527758,0.385555,0.546697,-0.404316,0.134637,-0.416421,0.972464,0.667318,0.930284,0.373633,0.29465,0.0305859,-0.386698,-0.136063,-0.420131,-0.83834,0.953714,0.376288,-0.326461,0.479348,0.20555,0.185757,0.0197498,0.655484,-0.0317844,0.50585,0.90598,1
-0.198461,1.07695,0.394575,0.66759,-0.784906,-0.300553,0.440949,-0.339141,0.204136,-0.185967,-0.523007,-0.759876,-0.233615,0.371574,-0.939119,0.195482,-0.366899,0.182963,0.684378,-0.200116,0.234366,0.758879,0.351965,-0.251713,0.0981469,-0.851371,-0.281412,1.24399,-0.000729376,0.191486,-0.348304,0.68525,0.442308,0.926953,1
-0.176421,-1.21741,-0.0312017,0.0821743,-0.180905,0.441264,-0.236353,0.10736,0.0417485,-0.160492,-0.0391944,-0.111762,-0.389634,-0.631567,-0.187987,-1.28516,-0.164934,-0.760128,0.294982,-0.326142,0.513394,0.0776312,-0.120799,-0.556082,-0.099303,0.420356,0.871324,0.651977,-0.290463,-0.650871,-0.138909,0.296116,0.426686,0.90718,1
-0.633094,-0.643934,-0.293521,-0.238777,0.226941,-0.502281,0.174978,-0.166622,0.878733,0.670663,-0.827513,0.132124,-0.354689,0.101319,-0.156767,-0.782958,0.309952,-0.373577,0.823831,-0.444881,0.0850343,-0.0646483,0.324258,-0.13829,-0.0565942,-0.433019,0.311349,0.056781,0.375455,0.163213,-0.485127,-0.0581918,0.541815,0.815876,1
0.368147,0.397593,0.140442,-0.886507,-0.687683,0.397586,-0.573974,-0.228503,1.39926,0.714993,0.486368,-0.131949,0.0599134,-0.487635,-0.555156,1.40504,0.189757,-0.314782,0.305187,-0.657887,0.368775,-0.621846,0.622519,-0.0515347,-0.120984,-0.307669,0.0934153,-0.269473,-1.0289,-0.523878,-0.369077,-0.444639,0.48595,0.857913,1
0.222655,0.16479,-0.630717,0.665095,0.103859,-0.168126,-0.639152,0.889293,-0.127182,0.0194405,0.313124,-0.12662,-0.585115,-0.0142291,0.326928,-0.371834,-0.173995,-0.291759,-0.236841,0.367133,0.32021,0.526891,0.770667,0.464787,0.171941,0.131588,0.717118,-0.292746,-0.102754,0.436132,-0.734041,0.0474702,0.543096,0.861987,1
-0.165984,-0.672005,-0.250122,0.69832,0.972386,0.333196,-0.523657,0.0684639,-0.184139,0.535299,0.52109,1.05227,0.330585,0.770643,0.193499,-0.193734,1.17989,-0.136979,1.78329,0.248888,-0.166272,-0.36971,0.817317,0.454993,0.52771,-0.412655,0.868799,0.522988,-0.0997329,-0.733854,-0.508726,-0.929013,0.569627,0.764461,1
1.14162,0.817522,-0.138566,1.11301,-0.0867433,-0.375205,0.380757,-0.719645,-0.38196,0.140677,-0.279755,0.825998,-0.33862,0.221455,0.0576373,-0.726181,-0.15572,0.858128,0.616385,0.513255,-0.255511,-0.405954,-0.0445062,-0.171259,0.14601,0.103574,1.02458,0.222256,0.0222368,-0.303989,-0.359428,-0.559019,0.530201,0.905546,1
0.235415,0.357293,0.293344,0.196164,0.32342,7.95,0.352146,0.349817,0.379043,0.152098,0.116002,0.27742,0.122414,0.189785,0.341968,0.215052,0.11671,0.217603,0.182513,0.213649,0.301848,0.15043,0.312553,0.268952,0.26431,0.298623,0.345447,0.288115,0.373371,0.355477,0.306355,0.139965,0.52,0.82,1
0.464666,0.555115,-1.32894,-0.113061,0.278472,0.311753,0.248446,0.341917,-0.905653,0.306465,-0.682755,-0.847435,-0.779832,0.0148569,-0.145937,0.0728481,0.391595,-0.158379,0.0246806,0.106464,0.247615,-0.691475,-0.263327,-0.0663469,-0.295159,-0.594514,-0.0566063,0.345889,0.511146,-0.642725,0.27381,-0.347518,0.530788,0.931873,1
-0.180235,-0.96475,-0.0984548,0.439588,-0.63167,-0.398024,0.230394,1.51226,-0.138702,0.729783,0.374372,0.192594,-0.602719,0.294674,0.0106263,0.426113,-0.744621,0.240164,0.19107,0.46545,0.844537,-0.549789,0.342954,0.317528,-0.0693308,0.271563,-0.335317,0.348629,0.660495,-0.0525554,0.115441,-0.32465,0.430708,0.912799,1
-0.143613,0.600232,-1.04118,-0.622226,0.812753,0.0585507,0.217733,0.561235,-0.490988,-0.0589478,-1.04896,0.0867297,-0.182521,0.667047,0.0187489,-0.770786,0.424113,-0.00308695,0.190336,-0.282993,-0.147757,0.514247,0.0146051,-0.840764,0.0593245,-0.103094,-0.431149,0.121741,-0.611642,1.2525,0.470135,-0.162185,0.440736,0.780404,1
0.713495,0.659698,0.10954,-0.310925,0.0290269,0.304147,0.271179,-1.05664,-0.588419,-0.543565,-0.847194,-0.0153215,-0.214246,0.277449,0.422955,0.438474,-0.282103,1.02186,-0.79775,0.748933,-0.294895,-0.322556,0.883295,0.694665,0.0111677,0.846717,0.0377914,-0.154447,-0.239736,-0.0410445,0.363904,-0.941438,0.441756,0.890053,1
1.14864,0.0569602,-0.769877,-0.646617,-0.0398949,-0.166077,0.263258,-0.113794,0.253507,-0.154618,0.768973,0.514724,0.475002,-0.701246,0.0305784,0.595885,0.315767,1.06767,1.30316,-0.712781,-0.361376,-0.394946,0.998948,0.108841,-0.131005,-0.156306,0.102994,0.500522,0.864786,0.706024,0.159143,-0.0483254,0.443842,0.927641,1
0.218164,0.40127,0.562751,-0.283279,-0.139639,0.119796,-0.066,0.542404,-0.0367314,-0.4861,0.248904,0.0556849,-0.581469,0.256698,-1.44573,-0.0129034,-0.726826,-0.124621,0.0953186,0.13621,-0.292336,-0.0500969,-0.542585,-0.373966,0.187596,-0.382956,0.290082,-0.300431,0.550901,1.14615,-0.248582,-1.17366,0.498874,0.897396,1
0.359361,-0.522199,0.150294,0.243253,0.0920793,0.967373,-0.171742,-0.027486,0.900365,0.408011,1.31229,-0.732262,-0.348502,1.1279,0.160841,0.52639,-0.0991137,-0.809454,0.424367,-0.624615,-0.783556,0.437612,-0.47938,-0.507436,-0.0360154,0.334178,0.399535,0.42384,0.341684,-0.312239,-1.02252,-0.0895605,0.429968,0.773069,1
0.0360909,-0.385053,0.00567942,-0.223719,0.826444,0.296488,-1.21996,-0.398298,0.763819,-0.142545,-0.251129,-0.619126,0.313277,-0.584738,-0.864419,0.113527,-0.547849,-0.204693,-0.791858,0.560135,0.510431,0.323487,0.592871,-0.100763,0.642915,-0.210211,-1.03754,-0.09461,0.510963,-0.41577,0.227782,0.460625,0.431673,0.831478,1
0.145327,-0.35302,-0.100159,-0.586863,0.656311,0.955829,0.399791,-0.237811,0.343892,-0.114192,-0.0246922,-0.671634,0.233653,0.429557,-0.648089,0.0171466,-0.162178,-0.395013,-0.646189,-1.04782,-0.285938,-0.810025,-0.398421,-0.641333,-0.337762,0.567814,-0.332467,-0.571181,0.589371,0.268408,-0.401128,1.24277,0.544546,0.771694,1
-0.36372,0.524872,-0.239698,-0.157132,0.214626,0.249124,-0.567438,-0.312494,0.376127,-0.165682,-0.117655,0.457331,-0.170214,-0.0711331,0.27685,0.127967,0.680819,0.43074,-0.396955,0.204439,-0.558896,-0.349191,0.0664681,0.135609,-0.447712,0.202146,0.0678223,0.695251,-0.751115,0.42028,0.100768,-0.235988,0.553685,0.921349,1
-0.300755,0.76025,-0.314624,-0.417039,0.0284701,0.0662745,0.327587,-1.0114,0.02254,-0.301055,0.193392,-0.171189,-0.121979,-0.592338,0.0069936,0.102377,0.773363,-0.508299,1.26953,1.3853,1.08772,-0.959382,-0.240046,0.675377,-0.449454,0.0274146,0.581714,-0.772856,0.183962,0.232004,-0.166746,0.694187,0.498204,0.830441,1
-0.622245,-0.0780122,0.914968,0.28202,-0.479311,0.0914335,-0.145067,-0.676687,-0.154175,-0.630089,0.116029,0.46893,0.303707,0.244939,-0.096512,-0.239561,0.824231,0.486581,-0.556306,0.252852,0.569617,-0.0301721,-0.617516,-0.0262713,0.345031,0.334001,-0.333359,-0.545371,-0.247521,0.199,-0.32991,0.33436,0.501395,0.788719,1
-0.551438,-1.16993,-0.238622,-0.61002,0.00350725,0.106784,0.145068,0.000246039,-0.157237,0.647912,-0.361211,-0.189223,-0.35027,0.618727,-0.976275,0.174696,-0.051643,-0.427499,0.343815,-0.0245417,0.99085,-0.469467,0.148445,0.898822,-0.325575,-0.376583,0.0852271,0.527572,0.11389,-0.0308222,0.0791674,0.657785,0.515386,0.810448,1
0.95,0.88,0.0815055,0.130442,-0.124823,0.108785,-0.077674,0.0735693,0.316103,-0.0414284,0.0613669,0.174002,-0.255623,0.387831,-0.242509,-0.14226,-0.312678,0.303055,-0.165118,0.36794,0.00746508,-0.233872,-0.229687,0.455553,0.0496718,-0.397235,-0.260987,-0.120359,0.368836,0.467937,-0.0670664,-0.306102,0.48,0.2,0
-0.415899,0.590688,-0.0916213,0.115429,-0.40607,-0.177539,-0.265704,0.404132,0.376735,-0.955432,0.434432,0.262575,0.344691,0.108668,-0.634344,0.368929,0.851675,0.35454,-0.212601,1.11131,-0.261633,0.0477202,0.174656,0.0224371,0.214229,-0.208427,1.00541,-0.34282,-0.010707,-0.412553,0.0518683,0.0901036,0.555382,0.941749,1
-0.490028,0.256632,0.275124,0.621617,-0.299998,0.542278,-0.349439,-0.50425,0.269929,-0.0589122,-0.370229,-0.317152,0.14317,-0.29227,0.648273,-0.231892,0.356217,-0.215496,-0.246707,-0.420581,-0.39729,-0.50305,0.0983937,-0.347787,0.592339,-0.109294,-0.0725935,0.0833334,-0.0647905,-0.0915534,-0.396527,-0.167915,0.52451,0.914442,1
-0.460733,-0.0759602,0.561105,0.184023,-0.150445,-0.0566605,-0.178993,-0.0334764,-0.513499,-0.439045,-0.142985,0.18259,-0.5584,-0.42195,-0.178968,-0.415192,0.201682,0.0523682,0.552342,-0.232083,-0.0225421,-0.934221,0.83148,-0.493016,-0.116946,0.203067,0.599379,-0.193717,-0.225789,-0.64715,-0.0157517,0.238864,0.502259,0.935784,1
0.115284,-1.06539,0.761047,-0.631146,-0.203285,0.233453,-0.262102,0.257718,-0.605658,0.449846,-0.398038,-0.0775325,0.779236,0.781403,-0.257347,1.29723,0.453172,0.620019,-0.413688,0.485525,0.359077,-0.334477,0.221085,-0.3981,-0.762084,-0.09062,0.363586,-0.120961,0.398114,0.258286,0.178157,0.171148,0.458311,0.777633,1
-0.0223818,-0.508186,-0.383317,0.797596,-0.290211,-1.49975,-0.127615,-0.411943,-0.569683,-0.716426,0.473955,0.471641,0.377563,-0.263403,-0.190866,-0.269118,-0.647782,0.375307,-0.214513,-0.305566,-1.2676,0.147864,-0.89429,0.0550713,-0.817341,-0.1962,-0.0469706,-0.0756213,0.472046,-0.332405,-0.278861,0.71408,0.556801,0.891393,1
-0.349677,-0.718153,0.746543,0.360474,-0.338807,-0.299796,-0.304195,0.23194,0.798867,0.10107,-0.107587,-0.113843,0.276291,0.727997,0.483179,0.596458,0.775304,-0.971155,0.309692,0.17364,-0.260557,-0.336893,-1.07038,-0.077668,0.27613,-0.477935,-0.388255,-0.235393,-0.16758,0.309765,-0.745909,0.534532,0.576005,0.800837,1
-0.451307,0.554818,0.2964,-0.246085,0.383424,0.339541,0.0851462,0.0107975,0.30983,-0.744258,0.231943,0.417819,-0.275871,-0.942264,-0.977178,0.825,-0.00533545,0.353578,0.886801,-0.380226,0.353557,-0.344397,0.422326,-0.374191,-1.39686,0.791012,0.50385,-0.473003,-0.474674,0.174369,-0.207736,-0.395518,0.481834,0.789462,1
0.95,0.88,-0.117938,-0.267743,0.260849,-0.0616207,0.499429,0.0961794,0.0263982,-0.0592967,-0.354769,-0.046245,0.362213,-0.286063,0.417982,0.0839593,0.285217,0.23963,0.396853,-0.03382,0.271243,-0.361139,0.170662,-0.281625,0.446348,0.341239,0.253157,0.25482,0.327157,-0.214316,-0.479246,-0.11345,0.48,0.2,0
-0.0647089,0.602547,-0.074357,-0.408995,0.32955,1.82483,0.158224,1.27088,-0.0434195,-0.507689,0.0451554,0.334367,-1.07613,-0.02795,-0.132277,-0.693696,-0.931485,-0.18362,-0.287594,0.308622,-0.181158,-0.0836792,0.346739,0.150113,0.2432,0.848902,0.17995,0.724687,0.877485,0.115608,-0.272505,0.0878242,0.503776,0.862918,1
-0.842058,0.442497,0.50209,0.297944,0.49693,-0.309683,-0.337159,-0.449113,0.726575,-0.146294,0.441279,0.507506,0.182444,-0.0646813,0.223694,0.312939,0.655809,1.24835,-1.0462,0.12319,-0.0282475,0.380441,0.24647,-0.359136,0.253574,-0.522884,-0.113829,-0.467733,-1.21497,0.120467,-0.0998928,-0.377423,0.55906,0.846078,1
-0.196852,0.185312,0.78152,-0.530465,0.173081,-0.682682,-0.0783864,0.188417,-0.32156,-0.0640352,-0.739088,-0.0151909,-0.492812,0.0594708,-0.0882475,0.505875,-0.19976,0.337338,0.674075,0.293397,-0.638301,0.0537297,0.647646,0.380089,1.01042,0.593607,-1.00837,0.2971,-0.0483182,-1.01147,-0.510496,0.224947,0.515454,0.79248,1
-0.542537,0.49068,0.00779295,0.837781,0.113911,-0.185851,-0.578085,0.673619,-0.200124,0.0399564,-0.29999,-0.174917,0.78323,0.365073,0.604844,-0.798837,0.0671927,0.0864158,0.596437,-0.264049,0.196351,-0.0490935,0.759514,0.759461,0.0959668,-0.613381,-0.213252,-0.0901304,0.522508,-0.00703861,0.310876,0.516691,0.555523,0.899294,1
0.237937,-0.278348,0.0481233,0.152783,0.0440258,1.09406,-0.176512,-0.160611,-0.0871961,-1.15034,0.522882,-0.203441,-0.113122,-0.396112,-0.338406,0.390714,0.492268,-0.407467,-0.0341041,0.0254929,0.576805,0.131993,-0.273193,-0.0633222,-0.365901,-0.732619,-0.073383,-0.863764,0.38463,-0.512332,0.576155,0.365092,0.518635,0.771321,1
0.305639,0.251138,-0.0287406,-0.457697,0.281077,-0.283239,-0.156718,-0.0481183,-0.428506,-0.344181,-0.242817,0.569762,-0.0656679,0.230924,0.251426,0.530276,-1.36953,0.178383,0.402032,0.355467,0.283543,0.374925,-0.931148,0.0247184,0.0457408,-0.185421,0.367649,-0.493622,-0.090182,-0.412489,0.48411,0.419836,0.578143,0.881481,1
-0.170542,-0.676051,-0.0225517,-0.794834,-0.386651,0.00456069,-0.202324,1.26109,0.40101,-0.0952809,-0.0271043,-0.296417,-0.06946,0.288931,0.146199,-0.687068,0.595597,0.274509,-0.453102,0.160007,0.614343,-0.335713,-0.601647,-0.542189,-0.611912,-0.621341,1.00741,-0.134933,0.400454,0.245367,-0.632217,0.507123,0.428556,0.87883,1
-0.0258502,-0.270257,0.508304,-0.0984453,-0.254565,0.0699975,-0.201858,0.0304369,-0.775567,-0.0950452,-0.0630845,-0.323975,0.296273,-0.979562,-0.227024,0.597887,0.129442,-0.108323,0.349622,-0.387173,-0.327172,0.36314,-0.403154,-0.42449,0.368207,-0.0117593,0.0379255,0.361318,-0.319027,0.0239472,1.08705,0.741051,0.553352,0.817616,1
0.132501,0.28045,0.31759,0.249859,0.343384,7.95,0.335533,0.337958,0.385912,0.101793,0.117309,0.357961,0.249984,0.264063,0.136254,0.374776,0.390761,0.252928,0.233332,0.175971,0.243089,0.306404,0.39805,0.253552,0.135862,0.392492,0.171953,0.188468,0.189834,0.140215,0.348581,0.317669,0.52,0.82,1
-0.407365,0.359906,-0.337526,0.247085,-0.631845,0.142964,0.255031,-0.11872,0.0543918,0.0813195,-0.231673,0.240803,-0.0870077,0.123213,-0.614302,-0.460121,0.00673576,-0.287414,0.219121,-0.878832,0.100351,-0.05996,-0.140849,0.362226,-0.552447,0.52521,0.606074,0.288316,-0.101588,-0.0292227,0.236159,0.165616,0.450282,0.93121,1
-0.263363,-0.865924,0.0927264,-0.680525,0.0579029,0.631818,-1.01598,0.494319,0.378238,-0.416658,0.0304473,-0.0170457,0.302123,0.763794,-0.0253137,0.152202,0.817864,-0.237823,-0.0245873,-0.108885,-0.543775,0.23678,-0.297635,0.194921,-0.919332,-0.115061,-0.358282,0.252564,-0.525514,-0.0622252,0.493749,-0.616427,0.510265,0.763303,1
0.112185,-0.58934,0.0199191,0.0569654,-0.410048,-0.220195,-0.150207,0.334718,-0.189522,0.0676181,-0.646891,0.0883562,-0.684868,-0.0341067,-0.350325,0.73391,-0.555746,-0.439908,0.148393,-0.0926981,-0.884859,-1.65889,0.461964,0.400944,0.693038,-0.249282,-0.678965,-0.0821363,-0.722697,-0.321577,-0.114753,-0.410318,0.457894,0.760902,1
0.302646,0.183251,-0.0484489,-0.00895644,0.651722,-0.352437,0.751576,-0.252223,-0.682791,0.0675882,0.442082,-0.282825,0.498952,-0.582,-0.424295,0.477545,0.26953,0.167022,-0.529475,0.15064,0.100122,-0.195499,-0.272889,-0.154844,-0.170722,-0.0169767,0.655194,-1.11991,0.00688773,-1.03772,0.0741477,-0.426858,0.557397,0.943508,1
-0.586605,0.255184,0.244415,0.0312913,-0.320535,-0.89282,0.0346576,-0.820155,0.631937,-0.343931,-0.0711118,-0.760476,0.640805,0.11854,0.406205,0.312757,-0.372824,-0.484895,-0.282011,-0.59219,-0.459815,0.605601,-0.664221,-0.171417,0.4243,1.22123,-0.445316,0.00503551,0.00657422,-1.01561,-0.215145,-0.297389,0.534577,0.914344,1
0.502765,0.18166,-0.253811,0.0416392,-0.174219,0.476697,-1.14052,-0.1371,0.0677367,-0.210941,-0.393607,-0.102109,0.296955,0.236336,0.585694,0.131346,0.892825,0.761952,-0.721981,-0.128123,0.78899,0.515869,-0.103886,0.0850072,0.228401,0.0585719,0.00465495,0.739286,-0.489896,0.270834,0.193161,-0.569124,0.488284,0.941106,1
-0.41958,0.441353,0.727663,1.47614,0.264097,-0.504531,0.189566,-0.156652,0.13405,0.351778,-0.309728,-0.0343929,0.475433,-0.420365,-0.463973,-0.321267,-0.622969,-1.04768,0.497236,0.754313,0.223566,-0.294179,0.153406,0.942974,-0.236754,0.466549,-0.558206,0.123452,-0.906201,0.219342,-0.684339,-0.111668,0.537703,0.838896,1
0.340969,0.199412,0.275193,0.112433,-0.846034,-0.514984,-0.126236,-0.428174,-0.416727,0.242531,0.0694922,0.468371,0.16259,-0.705821,0.127778,-0.628945,-0.87699,0.210292,0.291393,0.114283,-0.196739,0.24724,-0.584952,-0.42616,-0.365002,0.0712644,-0.689985,-0.0377395,-0.397756,0.125668,0.572641,-0.652884,0.526701,0.768021,1
-0.454659,-0.305134,-0.663096,-0.529916,-0.492386,-0.158042,0.813172,-1.23012,0.818793,-0.263709,0.675933,1.13417,0.271184,0.694061,-0.722476,0.0228901,0.292512,-0.447535,-0.0921322,-0.111753,0.134649,0.349721,0.725963,-0.448334,-0.0372279,0.0850098,0.232252,-0.154482,-0.985598,0.431669,-0.2973,0.411647,0.507548,0.767393,1
0.892048,0.0563825,0.164333,0.228489,-0.30754,-0.638701,-0.352045,-0.281583,-0.0626615,-0.221832,0.595578,-0.0228928,0.299228,0.823401,0.335551,-1.02362,0.56383,-0.255116,-1.11232,0.317016,0.651621,0.311686,0.64966,0.165398,0.129299,0.712534,-0.480738,-1.15658,0.124767,-0.693361,0.0179295,0.236291,0.457009,0.926619,1
0.106742,0.272456,0.0355518,0.216315,-0.61048,0.535772,-0.260766,-0.215401,0.824783,-0.546606,0.515587,-0.495519,0.82025,0.0181279,-0.323957,0.0615774,0.0348691,-0.292987,-0.840203,0.146042,0.047964,-0.552332,0.557082,-0.408128,0.85451,0.105993,0.910244,-1.13907,0.891865,0.118854,-0.217365,1.31151,0.480192,0.773597,1
-0.157349,0.237578,0.393695,0.77226,-0.187063,0.225736,-0.100175,0.660808,0.256665,0.266071,0.943057,0.559287,0.712795,0.327907,-0.418721,0.514786,-0.178613,0.701383,1.21366,-0.366617,0.309429,0.411396,0.213939,-0.262633,-0.214437,-0.635262,-0.394847,-0.502004,0.788675,-0.38294,0.20418,-1.40702,0.533891,0.891203,1
-0.00266429,-0.280892,-0.51684,0.228921,-0.0571139,-0.300276,0.484565,-1.06176,-0.111765,-0.307233,-0.142496,1.2468,-0.190808,-0.559379,-0.162636,0.160181,-0.514686,-0.554228,-0.19799,0.399527,0.150723,-0.221695,0.00221178,-0.123961,-0.0585641,0.56891,-0.137725,0.572758,-0.887117,0.0927857,0.848945,0.185107,0.425279,0.773918,1
0.372173,-0.13133,-0.199396,-0.356128,0.0466176,0.633556,-0.201351,-0.0609778,0.50531,0.25596,0.185745,-1.02902,0.582253,-0.0119662,-0.591295,-0.24483,-0.443213,-1.11677,0.116519,-0.268795,0.22315,1.10063,0.120016,-0.0323307,-0.69923,-0.706767,-0.158238,0.197203,0.505266,-0.0608152,0.215241,-0.796684,0.505269,0.838509,1
0.825662,0.0815855,0.351985,-0.502129,0.155937,0.779567,-0.791689,-0.095353,0.507264,-0.454091,0.16067,-0.200386,0.3542,-0.385236,0.37063,-0.167971,0.325828,-0.316965,-0.509029,0.97703,0.497494,0.514519,1.04872,-0.0905281,-0.636044,0.150868,-0.521635,0.438816,0.528541,-0.212855,-0.268803,-0.924918,0.473084,0.947117,1
-0.887844,-0.888962,0.0786522,0.458741,-0.340765,0.324625,-0.310109,0.25132,0.781258,0.275226,-0.184222,0.309663,0.318302,-0.220352,1.25846,0.449853,-0.641568,0.402824,0.751815,0.222849,0.316667,0.270764,0.535442,-0.503198,0.913216,-0.00563787,0.871201,0.377901,-0.765489,-0.0260689,-0.342378,0.594281,0.576835,0.908191,1
-0.771264,0.179569,1.01345,0.401675,0.735881,0.900111,0.221763,0.0920871,0.0748481,-0.293884,0.618939,-0.38711,-0.345611,-0.557866,-0.197022,0.85421,0.77309,-0.104583,0.0484178,0.232886,-0.613158,-0.234684,0.179173,-0.293995,0.156939,0.451353,0.592573,-0.337086,0.469355,-0.300456,0.299251,0.124809,0.560155,0.871198,1
0.309274,0.321144,0.266465,0.387851,0.325328,7.95,0.199334,0.194855,0.23655,0.2923,0.392442,0.252809,0.321266,0.236564,0.287143,0.362446,0.327917,0.223856,0.386764,0.15093,0.124185,0.323624,0.124546,0.265591,0.220734,0.346707,0.324149,0.380527,0.299834,0.326713,0.384371,0.17323,0.52,0.82,1
-0.258213,0.838366,-0.96039,-0.0412891,-0.0670948,-0.279697,0.453201,-0.218765,1.15565,-0.0456585,-0.301307,-0.107282,-0.536041,-0.247044,-0.0898082,0.348379,0.347256,-0.412729,-0.803666,0.624355,-0.0811813,0.113461,-0.75712,0.277742,-0.889638,0.259946,0.434081,-0.0975281,-0.658682,-0.433091,-0.571945,0.18044,0.444781,0.843308,1
-0.721242,-0.0146115,-0.40092,0.167359,-0.522469,0.7472,0.295164,0.413132,0.620053,0.66845,0.4225,-0.23045,0.160656,1.06254,0.193169,0.315311,0.679084,-0.326021,0.766913,0.363876,-0.145795,0.611715,-0.296985,-0.33273,0.226917,0.698347,0.345551,-0.524739,0.488354,0.329997,0.789642,0.421111,0.531881,0.776105,1
0.016114,-0.0814825,-0.113943,0.136155,0.154016,-1.21492,-0.100834,0.805034,-0.811692,-0.00594658,1.84587,0.239694,0.812331,-0.0887358,0.767995,-0.109782,0.0486516,0.253532,0.185672,0.109071,0.470199,-0.630717,0.160053,-0.266503,-0.558214,0.917171,1.0613,-0.430343,1.11565,-0.229271,0.307413,-0.0295341,0.510717,0.803568,1
-0.163001,0.0506073,-0.35982,-0.424355,-0.213726,0.315298,-0.0784018,-0.456931,0.602354,0.534106,1.09299,-0.155267,-0.147697,-0.169961,-0.458786,-0.12932,0.679263,-0.515947,0.134947,0.102556,-0.546615,0.219254,0.32553,0.277618,-0.513612,0.813101,-0.606111,-0.262956,-0.460955,0.376977,-0.549658,0.285247,0.427419,0.891622,1
0.297895,0.138414,0.542772,0.240028,-0.514719,-0.0694701,-0.183446,0.548232,-0.677345,-0.49057,0.248639,-0.28423,0.213854,0.0943768,-0.23831,0.263845,0.64441,0.45121,0.586285,-0.611138,0.0372859,0.111599,0.0161566,0.0318983,0.427395,0.252016,0.271454,0.413974,-0.268232,-0.0115883,0.169963,-0.141023,0.424729,0.843194,1
0.5686,0.187235,0.794762,0.497968,0.344528,0.342964,0.599971,-0.369993,-0.479192,0.0757821,0.227354,-0.280846,-0.569367,-0.766995,-0.811397,-0.143597,-0.988697,-0.470806,-0.326441,-0.321206,-0.247086,-0.828019,-0.0707431,0.00282989,-0.0405108,0.200873,0.761575,0.632782,-0.29989,-0.0610338,0.402331,0.340332,0.501907,0.927257,1
0.256532,-0.586421,-0.362777,-0.671342,-1.09084,0.163899,0.887172,-0.845377,-0.293142,0.116555,-0.0926477,-0.520166,-0.0119581,-0.945477,0.0247047,0.269472,-0.410102,0.137052,0.342623,0.0958069,-0.316779,0.585858,-0.176753,-0.030639,0.354978,0.953537,-0.937008,-0.177373,-0.659851,0.464545,-0.442053,-0.542276,0.508571,0.830995,1
0.913213,-0.707901,0.473226,0.109715,0.639466,0.400767,0.0237081,-0.606972,0.584198,0.465454,-0.657093,-0.194045,0.347044,-0.612154,-0.170009,0.340229,0.135078,0.0485713,0.844674,-0.210512,-0.86471,-0.970854,-0.758225,0.652706,0.259105,0.0797898,-0.252542,0.133674,0.912243,0.0622975,0.480473,0.368711,0.523161,0.896111,1
0.104476,0.960887,-0.284189,0.0900928,0.0724295,-1.31151,-0.577684,0.595736,-0.319959,-0.154874,-0.0461288,0.241932,-0.00458017,0.315973,0.262955,-0.277112,-0.419833,-0.041852,-0.672625,0.036995,-0.191411,-0.00146621,0.0343248,-0.904756,-0.376869,-0.0866099,-0.18787,0.235977,0.597893,-0.58089,0.473585,0.364095,0.481833,0.828252,1
-0.14123,-0.398703,-0.181067,-0.0456699,-0.309078,0.0111722,0.871772,0.27316,-0.012682,-0.08068,0.387319,0.534047,0.373241,-0.527218,-0.231211,-0.147049,0.394669,0.833125,0.148172,-0.742982,0.0347599,-0.120585,-0.972331,0.0989798,-0.378832,0.686195,-0.133248,0.160715,-0.365134,-0.165238,-0.316742,-0.24893,0.422028,0.805274,1
-0.348361,-0.582389,-0.81465,0.743748,0.316678,0.25349,-0.747854,0.146321,-0.0353854,0.234456,0.183615,0.1686,-0.724499,0.348526,0.683985,-0.773427,0.279248,-0.645739,0.144854,-0.359434,-0.160853,-0.668147,0.823186,-0.482506,0.179027,-0.089105,-0.68656,-0.312137,0.755207,-0.299572,-0.406122,-0.0460064,0.511415,0.879507,1
-0.620995,0.141527,-0.622196,-0.867161,-0.738161,0.351188,-0.142569,-0.174906,-0.431503,-0.376004,-0.0614993,-0.318509,-0.0352532,-0.385064,0.742833,1.08886,0.438562,-0.716945,0.35391,-0.359563,0.457494,0.154829,0.174496,0.0156447,0.388896,-0.593069,0.05276,-0.808685,0.723105,-0.443101,-0.38424,0.35738,0.459487,0.841575,1
-0.347314,-0.27838,-0.103413,0.0364662,-0.779218,-0.0696663,0.784558,0.0593813,-0.531718,-0.0897248,-0.168255,-0.244807,0.491981,-0.115448,0.587289,-0.0379234,-0.400146,0.769796,0.512703,-0.124859,0.429113,0.276334,-0.756189,0.378866,0.479896,0.725263,1.01755,-0.0219711,-0.0561162,0.265643,0.124149,0.112658,0.519651,0.83058,1
-0.153413,0.243336,0.121735,-0.8859,0.70761,-0.573489,0.292629,-0.0182063,-0.16881,0.191935,0.56649,0.0795641,1.13572,0.497762,0.00830131,-0.407576,-0.412788,-0.427928,-0.396135,-0.432996,-0.0830411,-0.839561,0.293408,0.177661,-0.054627,-0.267459,0.288345,-0.271486,0.294125,-0.0357758,0.221823,0.558501,0.481225,0.937999,1
-0.196152,0.129019,0.489133,0.209267,-0.469008,0.074562,0.372259,-0.328665,0.349778,-0.676913,0.737701,-0.49175,0.383783,0.175006,-0.910139,-0.400322,0.0618381,-0.61863,-0.578944,0.124177,0.0789197,0.788565,-0.581537,0.604205,-0.204642,0.436491,0.110037,0.0833158,0.888231,0.251761,1.02248,0.0400236,0.504252,0.88202,1
-0.333932,-0.0554127,0.5342,0.34666,0.803582,-0.283873,-0.824354,0.685824,-0.513973,-0.252698,-0.669773,0.610869,-0.00855094,-0.274817,-0.840847,-0.177281,0.0737828,-0.963576,-0.264861,0.338199,0.558903,-0.271833,0.478897,1.01679,-0.135323,-0.0910241,-0.22398,0.0959034,0.398645,0.00811463,0.46214,-0.66116,0.422929,0.917663,1
1.48293,0.650817,0.64048,-0.50692,0.811913,-0.0281569,0.584353,-0.155434,0.759958,0.20653,0.484517,-0.523058,0.834569,0.469016,-0.00131441,0.51227,0.253131,-0.375197,0.210452,0.653412,-0.17624,0.203179,-0.592755,0.351116,0.588288,-0.160274,0.283289,0.0761172,0.0623307,-0.465148,0.363017,-0.233033,0.567987,0.835832,1
0.409367,0.473046,0.455031,0.384807,-0.800001,0.580358,0.623029,0.415618,0.326956,-0.506074,0.492439,-0.0750124,0.323534,0.218544,0.0471681,-0.0194974,0.0486669,0.557864,-0.310184,-0.262618,0.831995,-0.122256,0.487595,-0.280837,-0.988848,0.536257,0.272926,-0.0218422,0.107431,-0.551946,0.816388,-0.849669,0.548156,0.812692,1
-0.297179,-0.315716,-0.108616,-0.134644,0.941444,-0.504407,0.491219,-0.402291,-0.882769,0.492018,0.156828,-1.02364,-0.449012,-0.816231,-0.771075,0.727036,-0.586755,-0.498311,0.600197,-0.0681011,-0.103647,-0.570528,0.240174,-0.287169,-0.770945,-0.490489,-0.574672,0.0808765,-0.136934,0.279015,0.0943658,-1.20938,0.556056,0.888573,1
0.193746,-0.195471,-0.203602,0.444128,-0.280999,-0.8927,0.59065,-0.142693,-0.685341,0.281256,0.196279,0.335171,-0.812932,0.0446848,0.749956,-0.281651,0.266256,0.158634,-0.234067,0.44448,-0.134362,0.0566096,0.38515,-0.295056,0.0268367,0.374703,0.172936,-1.03663,-0.243409,0.643081,0.84587,-0.418903,0.453316,0.804727,1
-0.281583,-0.135118,-0.437847,0.19163,0.386215,0.163469,0.145351,-0.465052,-0.540741,0.0780462,0.339661,-0.648253,0.126544,0.320198,-0.549672,-0.644358,-0.392673,-0.378939,0.112323,-0.179484,-0.416181,0.128382,-0.148352,0.310014,-0.338614,-0.407968,-0.00418226,0.681591,0.121467,-0.110709,-0.23809,0.371112,0.560157,0.829118,1
0.19908,0.0668091,0.346728,0.514947,0.253692,-0.518642,-0.460868,0.0382339,0.195802,-0.286002,0.189902,0.846861,-0.662181,-0.301972,-0.198932,0.690702,0.332476,0.292374,0.0256082,-0.37762,-0.0377121,1.17386,-0.40239,0.652453,-0.25714,0.883411,-0.222751,0.824209,0.225944,0.525193,0.493788,0.145234,0.428954,0.852209,1
0.069591,0.215622,-0.782333,0.490362,-0.457589,0.514009,-0.223256,-0.936037,-0.330238,0.206813,0.446088,0.709012,-0.234676,-0.907527,0.166433,0.250442,-0.419031,-0.231218,-0.694653,-0.276963,-0.925097,-0.54589,0.195345,0.224444,0.156203,-0.404985,-0.0125774,0.171641,0.112237,-0.0128066,0.16222,0.207836,0.563123,0.828246,1
-0.234751,0.404982,-0.0123657,-0.806307,-0.236441,-0.586702,0.260539,0.967132,0.305928,0.63377,0.568628,0.622882,0.425966,-1.06473,-0.417477,0.716721,0.391346,-0.206001,-0.513686,0.40264,-0.649048,-0.105478,0.0813513,-0.543802,0.25035,-0.63104,-0.153488,-0.234548,0.554804,-0.226995,-0.705379,0.254756,0.490934,0.769158,1
0.445905,0.241292,0.0490486,-0.409545,-0.415153,-0.295079,-0.553054,-0.0984001,-0.381685,-0.80605,-0.802945,-0.162417,0.381915,-0.233803,0.493342,-0.556384,0.289595,0.260374,0.106143,0.179362,-0.696167,0.742465,0.833955,0.321463,0.0890789,0.373342,-1.49476,0.0864993,0.492947,-0.43233,-0.425336,0.154699,0.508336,0.778893,1
0.0500668,-0.375995,0.445619,0.939683,0.532562,-0.00417408,-0.323574,0.0443573,-0.910596,0.546676,0.174186,0.021029,0.449656,0.0899469,-0.192775,0.794092,-0.171948,-0.544606,-0.054825,-0.749406,-0.326006,-0.150056,0.764821,0.345092,-0.572031,-0.595682,0.591364,0.116639,0.308904,0.125664,-0.268303,0.540079,0.504138,0.93004,1
0.458027,-0.359071,0.181185,-0.280254,-0.799533,0.0190349,-0.605838,0.758062,-0.540504,-0.476223,-0.0370732,-0.207507,-0.158259,0.321826,-0.132169,-0.120273,0.3186,0.589008,-0.335697,-0.122251,-0.868721,-0.331445,0.291331,-0.741289,-0.196263,-0.304819,0.293482,-0.579914,0.208377,-0.0566272,-0.386641,-0.229805,0.489094,0.821217,1
0.432792,-0.338108,-0.0638838,0.354682,-0.462002,0.945852,-1.05266,-0.565314,0.423651,0.530679,-0.506099,0.762706,-0.458913,0.397884,0.204417,-0.469677,-0.130488,-0.447433,0.44767,0.389891,0.485102,1.10863,0.40016,0.226575,-0.184401,-0.0149595,0.164668,-0.454699,0.0416575,0.325013,-0.121861,-0.599191,0.533014,0.896879,1
0.270524,0.00326571,-0.368689,-0.391789,-0.0890486,0.466872,-0.199002,-0.457864,-0.758027,0.500463,-0.0469029,-0.115931,-0.179317,-0.142112,-1.17818,0.238861,0.0626015,-0.712009,0.121655,-0.468081,0.573849,0.284949,0.42731,0.612155,0.283057,-0.179556,-0.441175,-0.233321,0.0924511,-0.651323,0.300058,-0.162864,0.42734,0.769693,1
-0.229707,-0.533403,0.124213,0.14193,0.585248,0.335035,-0.751725,-0.208013,-0.137399,-0.706931,0.317596,0.464519,0.357401,-0.052366,0.0063667,0.699379,0.319959,-0.167304,-0.943898,0.143923,0.0862791,-0.664025,-0.0972514,-0.499246,-0.462663,0.372451,-0.239641,-0.263281,-0.824105,0.26559,0.0761981,0.210614,0.528028,0.762744,1
-0.206055,-0.0888657,0.222508,-1.06766,-0.260595,0.762199,0.266191,-0.161087,1.05528,0.180716,0.6504,0.267145,0.906384,0.118739,-0.334185,0.392558,-0.90952,0.751826,-0.32956,0.00684701,-0.775555,0.693508,0.309241,0.00711688,0.0818328,0.176447,-0.0874341,-0.638184,0.971854,-0.281066,-0.147555,-0.346743,0.458717,0.92988,1
0.31679,-0.575568,-0.517084,-0.05133,-0.333446,-0.687351,0.654082,0.27133,0.418197,-0.513124,-0.0438157,0.0347425,0.462383,0.0294795,0.91579,1.21817,0.179924,-0.234632,0.0309306,0.821227,0.6701,0.124137,-0.108783,0.795472,-0.589193,0.546802,0.305761,0.685131,0.0470347,0.0441046,-0.0647652,-0.499528,0.511195,0.778512,1
-0.125754,0.00216382,0.339939,0.721523,0.121295,-0.181227,-0.521276,0.0394324,-0.558127,-0.474279,0.568695,-0.220681,-0.135232,0.291479,0.279967,0.334035,-0.135769,0.705773,-0.423455,0.0580042,-0.273206,1.21345,-0.0179759,-0.5175,-0.540489,-0.244612,-0.282804,-0.497644,0.170442,-0.0453391,-0.8602,0.424972,0.469276,0.845649,1
-0.0412446,0.26883,0.652794,0.0366469,-0.723024,0.229851,-0.707291,0.0298361,-0.462456,0.217895,0.220549,-0.0319918,-0.520292,-0.725071,0.00406071,-0.672401,-0.335979,0.137351,0.672455,-0.0841593,0.258063,0.0459734,0.111244,-0.571545,0.0488836,-0.725422,0.153906,0.155949,0.729477,-0.632158,-0.0770341,-0.202519,0.52335,0.777742,1
1.21414,-0.575272,-0.185182,-0.0642965,-0.0778779,-0.521317,0.424062,-0.0441456,0.489828,0.566325,0.349683,-0.63596,-0.485057,-0.374422,0.808113,0.754267,-0.0508484,-0.334127,0.614546,0.361695,-0.286707,-1.09886,-0.977295,0.0300283,0.636034,0.0508671,0.441162,-0.0984234,-0.0990727,-0.154614,-0.281788,-0.0814079,0.572741,0.912277,1
0.211329,0.459411,0.336784,-0.0194812,-0.0193267,-0.0605279,-0.120849,-0.405176,0.25344,-1.1265,-0.199145,0.477779,0.371594,0.571213,0.37439,0.371242,-0.499686,-0.65056,1.55633,0.50338,-1.45609,0.12332,-0.233391,0.484759,-0.232282,-0.242125,0.179812,0.278865,0.172113,-0.178183,0.495008,0.364254,0.456097,0.901568,1
-0.552126,-0.413234,0.725638,-0.688585,0.635993,-0.856755,-0.0962833,-0.219617,-0.3897,0.0423139,-0.235967,0.778164,0.0738386,0.172744,1.1316,0.0994252,-0.25504,0.267588,0.991794,-1.49821,-0.749185,-0.105419,-0.122083,-0.300806,0.20165,-0.19372,0.383639,-0.84902,-0.0775791,0.711755,0.397994,0.0227354,0.579874,0.938303,1
0.190803,-0.259657,0.119693,-0.378889,0.202122,-0.0333618,0.514989,-0.343355,-0.651591,0.0662672,0.207496,-0.792602,-0.259185,-1.08501,-0.0170637,0.691727,-0.651541,0.842671,0.0844514,-0.494822,-0.613884,-0.148475,0.0855899,0.163257,0.065613,0.0501025,0.209048,0.260203,0.595304,0.320247,-0.366791,-0.513547,0.556573,0.881619,1
0.549778,0.652966,0.539147,-0.0598932,0.137488,0.265852,-0.345478,0.47275,-0.305543,-0.398561,-1.18069,-0.263803,0.0855869,-0.220648,-0.253403,-0.133661,-0.629916,-0.284978,-0.836291,-0.180368,-0.0518612,-0.995701,0.216732,0.337872,-0.0182622,-0.430219,0.839154,0.513264,0.148497,0.851081,-0.103128,0.320446,0.530752,0.842441,1
-0.480294,-0.550209,0.140691,-0.395435,0.614779,0.0817908,-0.575705,0.0766701,-0.245461,-0.20358,0.0316361,0.00810363,0.150512,-0.81269,0.00682428,-0.3422,-0.015278,-0.595248,-0.213643,0.131338,0.590801,-0.429027,0.0115404,0.455526,0.2997,0.275401,-0.0421198,0.486221,0.743452,0.126579,0.0031304,0.988115,0.458845,0.890852,1
-0.434759,0.540404,-0.307922,-0.220733,-0.36278,0.632308,0.549789,-0.657838,0.603844,-0.102054,-1.04447,0.398823,-0.503572,-0.769263,0.263776,0.300895,0.455465,-0.658982,-0.324217,0.219568,-0.288865,-0.266833,0.0891076,-0.649831,-0.44468,0.358806,0.0264504,-0.0430204,-0.309241,-0.204199,-0.173276,-0.423382,0.539581,0.7962,1
0.291561,0.215464,0.334701,0.256518,0.379052,7.95,0.232952,0.293062,0.276158,0.300637,0.262049,0.226709,0.188594,0.235489,0.187053,0.302183,0.347056,0.252585,0.204252,0.214989,0.144334,0.217509,0.266066,0.360422,0.148896,0.216649,0.246351,0.11269,0.392381,0.115459,0.112028,0.261672,0.52,0.82,1
-1.28005,-0.199449,0.642201,-0.992014,0.51901,0.128333,-0.253617,0.331618,0.518187,0.183818,-0.0145647,0.111072,1.03833,-0.270946,0.667954,-0.538286,0.422782,-0.158673,-0.93514,0.213549,0.0165166,0.047629,-0.605157,0.527369,0.0308708,0.300398,0.727391,0.0635282,-0.272907,-0.366651,-0.439141,-0.389669,0.474272,0.780881,1
0.415987,0.287687,-0.0269669,0.793068,0.606633,0.133963,-0.373854,-1.07459,0.426998,0.272676,-0.045198,-0.410015,-0.0887617,-0.334829,-0.812587,-0.364405,-0.022924,-0.185508,-0.00362847,-0.447752,-0.177692,0.802272,0.66014,0.00545654,0.130987,-0.218286,-0.389053,-0.0658694,-0.082343,0.170185,-0.856327,1.28234,0.494569,0.815474,1
1.38643,-0.434668,0.211322,-0.150798,0.452516,0.265725,-1.21997,-0.371178,0.644328,-0.0845124,-0.115715,-0.821618,0.508737,0.87371,0.614532,-0.875673,0.0565757,0.454275,-0.203805,-0.756821,-0.0948668,-0.242742,-0.616079,0.211968,-0.222207,1.06476,-0.0569425,-1.10253,0.82595,-0.355898,0.209013,0.522267,0.496447,0.861362,1
0.46092,0.689129,-0.606626,0.384599,0.128399,0.268279,-0.112289,-0.120944,-0.397156,-0.315649,-0.866483,-0.198659,0.190589,0.259792,-0.180532,0.00465183,-0.374797,-0.834657,-0.662238,0.410448,-0.0779652,-0.18826,-0.438444,0.613506,-0.238078,0.454217,-0.52774,0.0749863,0.307805,0.230113,-0.00558682,0.0270014,0.501544,0.793697,1
-0.182409,-0.48809,-0.044439,-0.332984,0.997788,0.507717,0.249183,0.115408,-0.0597141,0.199745,0.918538,0.338342,-0.825948,0.752518,0.425019,-0.560165,0.553379,0.232813,0.503254,1.5128,-1.33994,0.16841,-0.326636,0.215186,-0.422006,-0.320375,0.529906,-0.0771221,-0.517987,0.0793883,-0.308214,0.291963,0.432316,0.938056,1
0.137432,-0.156302,0.996529,0.315511,-0.573213,0.132841,-0.418316,0.0640007,0.309033,-0.0200897,-0.18939,-0.517208,0.665352,0.278774,-1.01493,0.334854,0.0485682,-0.67686,0.475951,0.704814,0.0736909,0.691798,0.741061,0.902011,0.305251,0.0446278,-0.146553,0.248398,0.932494,0.202257,-0.395633,0.974516,0.436268,0.801507,1
0.63357,-0.485761,-0.518361,0.416039,0.0767261,0.359427,0.108148,0.378708,-1.52079,-0.20069,0.158997,0.781904,0.189889,-0.150118,0.636804,-0.608694,-0.240431,-0.249528,0.396608,0.0553567,-0.461281,-0.311002,-0.0274387,0.261337,-0.213446,0.207932,1.01445,-0.306096,0.299847,0.626496,0.740556,0.244812,0.558817,0.885138,1
0.0692632,0.44787,-0.0609713,0.492835,-0.409238,0.255995,-0.037329,-1.06419,0.62653,-0.400129,-0.771058,0.609281,0.184817,-0.461527,0.256706,0.337052,-0.678497,1.20822,-0.0594629,-0.289199,0.816662,0.235755,-0.18993,-0.865018,-0.0419183,3.26013e-05,0.185854,0.0603221,0.0655389,0.810423,0.624708,-0.116181,0.480167,0.864514,1
-0.178273,-0.676444,0.151136,-0.592495,0.241746,-0.857978,0.0368266,0.324089,0.137194,0.655535,-0.0365832,0.526537,0.616863,-0.284016,0.454118,0.413518,-0.427497,-0.420666,-0.818402,0.290776,0.218419,0.563535,-1.64812,0.681946,0.360691,-1.12612,-0.0699351,0.225968,1.1064,0.111522,0.76895,-0.274134,0.457761,0.836064,1
0.561357,-0.952268,-0.376692,0.410228,-0.384369,-0.846971,-0.920566,0.0879037,0.383085,-0.234737,-0.204775,0.134771,0.618015,-0.510671,-1.108,-0.372541,-0.166226,0.594162,0.510021,0.796579,0.516284,-1.21268,-0.304855,0.295809,-0.0612453,0.35847,-0.335061,-0.228126,0.561483,-0.222385,0.200494,0.647277,0.458841,0.801449,1
-0.0676494,-0.747962,0.941538,-0.0999247,-0.22658,0.098315,-0.403498,0.13978,0.495014,0.0341171,0.471229,-0.232244,-0.28948,-1.05036,-0.468065,-0.41551,-0.148103,0.511128,0.289463,0.322756,-0.453683,0.37261,0.0156845,-0.65317,0.533799,-0.049763,-1.14864,0.100105,-0.524424,-0.00644512,-0.337632,-0.921779,0.554627,0.827318,1
0.376544,0.453174,0.77047,0.306325,-0.881541,-0.224175,-1.03132,0.430313,-0.193843,-0.0923939,-0.258767,-0.105591,0.00659479,0.192103,0.519323,-0.12288,0.493716,0.973446,-0.233858,1.23612,-0.0709442,-1.2381,-0.256611,0.289304,0.204936,0.66767,-0.533503,0.507544,-0.21272,0.0246369,-0.57014,-0.957718,0.543066,0.798003,1
-0.155708,0.574766,0.359075,-0.212392,-0.16647,0.128801,0.957023,-0.428228,-1.01774,-0.254476,0.0904044,-0.599629,0.299327,0.614463,-0.35062,-0.0860744,-0.173893,-0.16821,0.450686,0.782144,-0.450317,0.172114,-0.373774,0.299394,0.785216,0.299037,-0.0260966,-0.470311,0.419249,-0.150277,0.987848,0.270494,0.499733,0.944665,1
0.0715817,-0.00755814,0.0238757,0.771034,-0.00972835,0.52349,-0.431874,0.268469,0.117057,0.0546398,-0.750866,-0.159132,-0.0114415,-0.584749,0.461032,-0.0131333,0.150338,0.0377012,0.14386,0.681675,0.345323,-0.352956,-0.813886,0.88456,-0.0271905,0.0283989,-0.244145,0.694359,0.159445,0.449616,-1.41587,-0.695246,0.457196,0.900727,1
-0.0300673,-0.443747,-0.600332,0.41338,0.226397,-0.699928,-0.15259,-0.227226,0.579392,0.0543404,0.446517,0.876439,0.285281,0.949436,0.296681,0.491021,-0.986384,0.538603,0.505762,0.0509321,0.631512,-0.855292,0.0950442,-0.10031,-0.832553,-0.418249,0.0547176,-0.258985,0.788319,0.454893,-0.50107,0.353679,0.470481,0.79909,1
-0.333839,0.70932,-0.197905,-0.163813,0.00153679,-0.595942,0.393272,-0.455188,-0.603329,-0.0406279,0.415118,-0.0266892,-0.653669,-0.52208,-0.85229,0.299556,0.730977,0.254171,0.840249,1.30208,-0.192126,0.753306,0.358824,-0.039395,0.482817,-0.168631,-0.0328288,0.18915,0.563475,-0.197499,0.4709,0.845644,0.469166,0.799122,1
-0.628869,-0.665874,1.60828,-0.065859,-0.00735331,-0.0467405,0.302278,-0.0901176,0.342898,0.189365,-0.346645,0.182998,-0.634162,0.0441063,0.237063,-0.843397,-0.482225,-0.476539,0.43984,-0.167986,0.331376,-0.215547,-0.034896,-1.32522,0.352337,0.283828,0.322037,-0.462434,-0.624128,-0.239479,0.108798,-0.140903,0.552815,0.863457,1
0.465309,-0.145655,-0.237308,0.122693,-0.511633,-0.00267944,-0.317671,-0.385601,-0.306511,0.355144,-0.031415,0.542622,-0.988793,-0.265966,0.292053,0.143025,-0.133142,0.680488,-0.117378,-0.810692,0.209069,0.09341,0.270629,0.670316,-0.274154,-0.224322,-1.15087,0.644539,0.0754956,0.0358278,0.138963,0.0575412,0.468879,0.949997,1
-0.0353586,0.254597,0.217718,-0.178543,0.00765308,-0.125142,0.255859,-0.387657,-0.395049,0.100047,0.362563,-0.154339,-0.0635361,0.896086,-0.47708,-0.100122,-0.528986,0.371422,-0.780646,-0.278581,0.335544,0.263368,-0.963904,-0.423381,0.0885248,-0.0272845,0.566574,-0.645237,0.214488,-0.899911,0.541073,0.850086,0.527824,0.866456,1
-0.717972,-0.46666,-0.255969,-0.8489,0.0836134,-0.448336,-0.486736,0.495876,0.0591773,-0.948692,-0.266603,-0.0153908,-0.618542,-1.03126,-0.292378,-0.337487,-0.954796,0.126214,0.155783,-0.666589,0.0681501,0.0603017,-0.0588508,0.231043,0.50972,-1.13567,-0.238431,-0.965382,0.0296121,-0.0185204,-1.4192,0.821127,0.496544,0.891394,1
0.865399,-0.642593,-0.0343085,0.445502,0.839117,-0.366713,0.52938,-0.743697,0.165933,0.244922,-0.371614,0.237735,0.63454,0.0462645,-0.562041,0.421981,0.368957,-0.00564404,-0.434695,0.908033,0.262436,-0.0683311,0.636445,-0.721144,0.473851,0.612037,0.590409,0.648274,0.352142,0.499581,0.114119,0.467869,0.434402,0.886546,1
-0.559928,-0.288095,0.126136,1.33871,0.0866945,-0.256032,-0.14899,0.0800101,-0.721697,-0.868661,-0.473916,0.203849,0.255017,-0.377257,0.381845,0.463905,-0.409193,0.0759437,0.130729,-0.257811,-0.288369,-0.824891,0.218768,0.384002,-0.328945,-0.448873,0.386241,-0.0584491,-0.415143,0.0762612,-0.437371,-0.146052,0.483554,0.937908,1
0.577225,-0.284701,0.819599,0.289427,0.511051,0.510017,-0.595799,0.857418,-0.445715,0.140424,-0.0905205,0.201888,0.214556,-0.0228285,-0.153594,0.329887,-0.571345,-0.599477,0.114579,0.159357,-0.978648,0.887461,0.189039,-0.614788,-0.342638,-0.333415,-0.054811,0.0437441,0.327912,-0.517503,-0.99566,-0.0791451,0.508439,0.789127,1
0.340759,-0.336591,-0.6636,0.192691,-0.432137,0.105895,-0.453028,-0.297211,1.16943,-0.29842,-0.127825,0.853687,-0.356761,-1.1409,-0.426346,-0.320167,-0.140947,0.515021,-0.504178,-0.327714,-0.453934,-0.422239,-0.0570397,0.137748,0.716504,-0.51661,-0.671548,-0.289318,-0.965961,-0.131543,-0.227804,-0.921968,0.467087,0.857551,1
0.276434,-0.193848,0.267074,-0.432645,-0.114791,-0.14004,0.135561,0.417212,0.211804,0.0213875,0.0947947,1.15621,0.038477,0.123467,0.359975,-0.193932,0.197886,-0.156522,0.353287,0.333122,-0.163271,-0.576532,-0.476281,0.281211,-0.000352232,-0.110758,-0.176848,-0.116897,-0.26511,0.192899,0.273073,0.335727,0.457386,0.771533,1
0.316746,0.439101,0.197463,0.750421,-0.501576,0.131868,-1.32366,-0.122752,0.594633,-0.508559,-0.353782,0.269683,0.0913724,-0.101309,0.547859,0.486406,-0.242654,-0.116399,-0.368054,0.369226,-0.222257,0.086858,-0.80646,-0.229126,-0.0829182,0.104028,-0.120154,0.259268,0.737161,-0.318885,-0.383261,0.614993,0.490321,0.915918,1
-0.541774,-0.436365,0.0312046,0.0433605,-0.398514,-0.121611,0.814719,0.321573,-0.00233213,0.822848,0.20131,0.150649,-0.111359,-0.463098,-0.0759914,0.49978,0.449321,0.0893446,-0.0131657,-0.398685,-0.352963,-0.0513545,0.0406699,1.07743,-0.678333,-0.557546,-0.241196,-0.191578,0.189843,1.00382,0.21846,0.0205673,0.496448,0.801278,1
0.431843,0.115407,0.490225,1.51032,0.180453,0.361403,-0.340022,0.123874,0.25036,-0.110097,0.421815,1.21634,0.69444,0.0163308,-0.492391,-0.410262,-0.26829,0.011184,-0.253065,-0.743457,0.277056,-0.145227,0.824536,-0.655061,0.647648,-0.0205142,-0.441823,-0.0447544,0.238275,-0.123894,0.0246884,0.488884,0.534445,0.947665,1
0.631526,-0.287269,-0.838881,-0.32696,0.5062,1.00647,-0.376212,0.402225,-0.653804,0.566166,0.728755,0.283095,0.163844,0.637282,0.439282,0.196303,-0.425875,0.102307,-0.130792,1.04641,-0.0843845,-0.188355,0.224324,-0.30918,-0.329123,-0.167541,0.33029,-0.312815,-0.545777,-0.0653712,-0.113418,0.26723,0.474057,0.893864,1
0.0996028,0.279043,0.0602197,0.422275,-0.0634714,0.936986,-0.0703452,0.69895,-0.720232,0.275214,-0.665471,-0.0953752,-0.0856072,0.608924,0.415921,0.293224,0.187493,0.915676,-0.258378,0.175462,-0.710242,0.0358601,0.299229,0.692732,0.198978,-0.409703,-0.390741,0.0929853,0.480108,-0.42749,-0.000476207,-0.465822,0.441944,0.935324,1
0.116058,0.00654022,-0.352366,-0.453086,-0.12349,-0.451868,-0.914869,-0.480331,-0.357576,0.325688,0.275445,0.162121,-0.318103,0.795274,-0.419156,0.827952,0.353537,-0.472508,0.684248,0.773873,0.930436,0.623231,-1.21471,0.255647,1.13385,-0.537832,-0.635256,0.350374,0.587265,-0.177011,0.634705,-0.343617,0.465074,0.877565,1
-0.294027,0.178803,0.308654,-0.0838572,0.0849199,0.603568,-0.0197332,0.499429,0.109887,0.146696,-1.15703,0.771211,-0.807302,-0.468874,0.821929,-0.141869,-0.212403,-0.488592,0.807165,0.206259,0.624128,-0.0781048,0.113785,0.25228,-1.65328,0.330738,0.17245,-0.348079,-0.294368,0.242787,0.684918,0.733323,0.432005,0.822221,1
0.24057,-0.195618,0.551201,-0.0438093,-0.240522,0.161592,0.56072,-0.753725,0.326055,-0.102141,0.160144,-0.163701,0.81724,0.881984,0.0225473,0.942468,0.757315,0.509638,-0.642127,0.262684,-0.177888,0.178194,0.378799,-0.130164,-1.04731,-0.222036,0.187535,0.693065,-0.674109,-0.375818,0.0641304,-0.298839,0.535629,0.910288,1
0.262847,-0.014341,-0.305715,-0.46803,-0.315194,0.228085,-0.463245,0.812595,-0.0287517,-0.623464,-0.183822,0.410722,0.628365,0.157217,-0.216419,-0.690472,-0.441181,-0.16018,0.431662,0.0035151,0.395296,0.222989,0.503672,-0.039251,0.00113277,-0.240173,-0.692481,0.489507,1.06221,0.525519,-0.198163,0.911376,0.48561,0.931462,1
0.517094,1.06523,-0.0491068,0.588137,-0.154518,0.392008,-0.644849,0.0875744,-0.381222,0.459877,0.367927,-0.331939,0.251915,0.495178,0.332541,-0.155596,-0.832608,0.583459,-0.872657,-0.513886,0.0535262,-0.0187448,-0.16161,-0.184864,0.626751,0.331577,-0.622075,-1.03513,-0.825114,0.506237,0.172983,-0.621827,0.485848,0.806705,1
-0.746619,-0.0728398,0.138379,0.236595,-0.44816,0.0663762,-0.445104,-0.541612,0.468645,0.564478,0.371164,-0.00950104,0.0532899,0.310564,0.999818,0.72461,0.27784,-1.11561,0.489586,0.308544,0.8325,0.0212654,-0.526644,0.621686,0.70336,-0.936531,0.477909,0.377429,-0.239487,0.673411,-0.647239,-0.157958,0.572731,0.832468,1
-0.163278,0.445258,-0.0889264,-1.15001,-0.391788,-0.77949,-0.36098,0.207531,0.212763,0.372101,-0.0536579,0.134006,0.586419,0.169775,0.336033,0.403205,-0.0616448,-0.481772,0.133029,0.92414,0.218738,0.552394,0.108443,-0.33951,0.417498,0.825373,0.39213,-0.0576932,0.355931,0.186016,0.730019,-0.657871,0.554945,0.829154,1
-0.807493,0.0217795,-0.701976,-0.392746,0.486894,0.890393,0.32982,-0.360069,-0.262229,0.0634505,0.401244,1.03876,-0.304429,0.154746,0.0343909,0.116303,0.0620411,-1.56509,-0.524828,0.662402,0.579668,0.0562428,-0.385774,0.273491,0.353558,0.180632,0.0360336,0.206285,-0.0457297,0.268302,-0.164639,-0.483501,0.500162,0.876537,1
0.467906,0.308678,-0.632823,-0.798794,-0.393792,0.298461,0.00246939,-0.337281,-0.30062,-0.291284,-0.280082,-0.318042,0.518951,0.623362,-0.421442,0.737311,0.956375,0.932141,0.245947,0.245644,-0.109512,0.687675,1.26805,-0.199988,0.774047,0.678628,-0.306304,0.319356,0.469206,0.326061,0.0146415,-0.462721,0.475028,0.902757,1
0.298625,0.124626,-0.305441,-0.628367,-0.152833,0.0934382,-0.794684,-0.920358,0.131796,-0.208304,0.0659465,-0.0641562,0.705375,0.270559,-0.386205,0.0564216,-1.61651,0.0860735,-0.235994,-0.0757339,-0.241453,-0.333026,-0.969098,-0.319372,0.238568,0.217014,-1.04567,-0.534913,-0.359765,0.653939,0.085143,0.0748443,0.541562,0.811939,1
-0.384423,0.282007,0.678314,0.176013,0.0313878,0.46743,0.388241,-0.7918,0.148054,0.273028,-0.388528,0.100767,0.169452,0.19051,0.558271,0.126648,0.613867,0.539392,0.571913,0.255437,-0.483647,-0.683374,-0.540411,0.428231,0.0641389,0.00646557,0.147804,0.403618,-1.40752,-0.185765,0.151516,-0.627915,0.537724,0.769625,1
0.386308,-0.293179,-0.233076,-0.480616,0.521438,-0.272845,-0.466308,0.150784,-0.149326,0.815624,-0.867604,0.538556,0.562196,0.682568,0.832412,-0.294118,0.678789,1.16119,-0.78005,0.170435,-0.594046,0.371407,0.522876,-0.429912,-0.0700785,-0.535692,-0.438785,-0.71655,-0.240899,0.320027,-0.0733493,0.172219,0.486333,0.945742,1
-1.0211,0.922688,0.386678,-0.825166,-0.23928,-0.0590291,-0.31576,0.291918,0.91569,-0.322731,-0.753926,0.103775,-0.149356,-0.0573735,0.32106,-0.0093069,0.254021,0.949972,0.722556,-0.257306,-0.312397,-1.00049,-0.301508,0.67121,0.159454,0.463621,0.505908,0.0070445,0.3552,0.0200682,0.267448,-1.1858,0.53127,0.763955,1
0.719225,0.380361,-0.432202,-0.46689,-0.679196,-0.0252344,0.00466425,0.145595,0.0208814,0.400296,0.0374408,-0.161626,0.0914773,0.112781,-0.462979,-0.273428,0.285732,-0.331815,0.326148,-0.160575,-0.19388,-0.439345,0.494844,0.546517,0.404356,0.0133799,-0.197598,-0.191971,0.616792,0.259073,-0.125026,-0.257257,0.482001,0.843606,1
0.454633,-0.244643,-0.555081,-0.451449,1.01423,0.167466,-0.925313,0.0263027,0.598707,0.185366,0.705062,-0.123151,0.372839,-0.320941,0.0500317,0.74561,-0.295634,-0.00965753,0.470701,-0.567879,0.521554,0.31508,0.15183,-0.00341359,0.505279,0.179401,0.636672,-0.0198728,0.384031,1.22492,0.526204,-0.0431837,0.441171,0.940957,1
-0.106715,0.596069,-0.0379547,-0.024619,-0.675655,0.529936,-0.32206,-0.156683,0.273962,0.372653,-0.571809,-0.465139,0.973499,-0.314469,-0.910005,-0.104263,0.488026,-0.614482,0.13908,-0.771107,-0.235749,-0.631069,0.3518,-0.299024,-0.0186808,0.345787,0.964153,0.442235,0.134291,-0.660933,-0.386343,-0.0416726,0.530494,0.840378,1
-0.476262,-0.114644,1.03392,0.406051,-1.65372,0.335147,-0.410784,-0.908816,-0.926641,0.122659,-0.109216,-0.676439,-0.0936894,0.426121,0.208621,0.0327176,-0.373902,0.404682,0.0607364,-0.372039,0.887519,-0.459837,0.00973556,0.286659,-1.07821,-0.0313566,-0.217294,0.10923,-0.492066,-0.518822,-0.097843,0.218238,0.440839,0.888303,1
0.553137,0.92577,0.0299119,0.637626,-0.285469,-0.686529,-0.836817,0.98655,0.262471,-0.0207922,-1.13764,-0.0972569,0.195655,0.607198,-0.0989,0.519553,1.31571,-0.461089,-0.266977,-0.0591707,0.17908,0.0505435,0.900886,-0.249624,-0.650394,-0.243916,0.00510201,0.400959,-0.0360036,-0.804378,0.064196,-0.513146,0.499601,0.783825,1
-0.441147,0.526776,-1.32373,-0.389082,0.242987,-0.204399,0.659695,-0.222681,-1.37267,-0.652155,-0.308205,-0.281511,-0.420914,-0.808391,-0.0297922,0.814568,-0.175997,0.642242,-0.0387254,0.194923,-0.86824,-0.0190911,-0.975746,-0.106737,0.346928,-0.186394,-0.614913,-0.920744,-0.725535,-0.109023,0.771605,1.00212,0.473128,0.946698,1
-0.446284,0.049196,0.433828,-0.0300298,-0.24457,-1.10369,-0.768946,0.31243,-0.595787,-0.0172468,-0.0734866,0.356106,0.206188,-0.0764993,0.65269,0.0522242,-0.368769,-0.305545,-0.611541,-0.0789174,0.0718524,0.0567065,-0.328597,-0.375614,-0.833249,0.640795,-0.310243,-0.635537,0.0621826,0.024816,-0.672124,-0.116432,0.502238,0.86811,1
0.212975,-0.362416,-0.296504,-0.851754,-0.329411,-0.102959,-0.349759,-0.258551,0.271747,0.629708,0.677879,-0.108826,0.49452,0.939558,0.620707,0.0491586,0.148874,0.778369,0.271238,0.214667,-0.036979,0.210059,-0.423581,0.706508,0.0852483,0.316834,-0.297441,-0.0181562,0.0242008,0.192463,-0.687539,0.389836,0.555086,0.892646,1
0.0793188,-0.183001,-0.104812,-0.0236619,-0.463822,0.457638,1.88447,0.564622,0.260772,0.197979,-0.69347,0.216832,-0.0254883,-0.250635,-0.51515,0.235093,0.0515911,-0.669667,-0.536983,1.06856,0.0483591,0.49254,-0.786975,-0.0556836,-0.248608,1.24468,-0.0216774,1.80026,0.398068,-0.534016,-0.0724668,0.339742,0.478323,0.825792,1
-0.0608713,-0.341455,-0.136941,0.00120546,-0.61865,-0.159692,-0.00325982,-0.741325,0.606869,0.164209,-0.469095,-0.854546,0.605918,-0.523489,0.332942,-0.475713,0.180056,-0.415757,0.0791593,-0.17999,0.296804,-0.281486,-0.0839842,0.818989,0.287703,-0.0605861,0.75807,0.725587,0.16716,-0.0219277,-0.196769,-0.24037,0.552197,0.878907,1
-0.371764,0.219891,0.10653,0.147726,0.231456,0.0997129,0.0721366,-0.551865,-0.0564624,0.546101,0.0583008,-0.723269,-0.0736365,0.30419,0.121296,0.982582,-0.277664,0.305184,-1.10208,-0.0501146,0.238113,0.0327127,0.144038,-0.391229,-0.433976,-0.254286,0.56901,0.317984,0.44282,0.298246,-0.479134,-0.371429,0.508397,0.941298,1
0.135345,0.200538,0.324543,0.28994,0.123239,7.95,0.212624,0.320457,0.149248,0.338125,0.338483,0.332567,0.125214,0.298238,0.215308,0.391346,0.290215,0.324555,0.116162,0.108066,0.209491,0.100849,0.366261,0.190232,0.395338,0.349372,0.162961,0.142163,0.369997,0.178953,0.141062,0.106347,0.52,0.82,1
-0.964879,0.619365,0.109214,0.491315,0.243359,0.579085,-0.0170032,-0.177595,-0.275608,-0.0742275,-0.0583093,0.740898,0.0420109,0.0705081,-0.608701,0.470645,0.440009,0.229218,-0.476745,0.649055,0.371081,-0.189527,0.243967,-0.554624,0.415581,-0.470715,-0.358362,0.0319138,-0.384325,0.19838,-0.0572182,-0.903662,0.43803,0.79895,1
-0.0758578,-0.457514,0.530177,0.180567,-0.688581,-0.0802779,-0.408159,0.174879,0.283776,0.125939,-0.198321,0.697464,-0.561871,-0.249707,-0.320356,0.0379215,0.450914,-0.396855,0.470631,0.818076,-0.574596,0.0389607,0.474261,0.253861,-0.701904,0.303301,-0.0524512,-0.120778,-0.236984,-0.379908,-0.0108126,0.026013,0.45431,0.78873,1
0.547262,0.493051,0.250889,-0.313142,0.87101,-0.538692,-0.115901,-0.0601546,0.487471,0.217821,0.416255,0.300611,-0.0898703,0.118843,0.206524,-0.884784,0.21102,0.918847,-0.16157,-0.721375,-1.29789,-0.409959,-0.253741,-0.348553,0.77392,0.0945094,-0.189406,-0.458705,-0.210221,0.615182,-0.0161014,-0.105851,0.506074,0.828745,1
-1.00392,0.309529,-0.0506685,-0.349368,0.422902,0.35019,-0.461979,0.117753,-0.271423,-0.184105,0.0951187,-0.274682,0.479,-0.212815,0.0251119,0.325861,-0.848149,-0.324476,0.896325,-0.550195,-0.579833,0.302145,-0.698524,0.523037,0.970239,-0.280478,0.250275,-0.0308973,0.41094,-1.04946,0.813972,-0.580966,0.499022,0.882375,1
-0.322152,-0.367883,0.798233,0.640277,0.50191,-0.151467,0.716006,0.164803,-0.386601,-0.481577,0.197721,0.419969,0.0617776,-0.263984,-0.151958,-0.0297777,-0.234277,-0.191533,0.0387102,1.24169,0.321868,1.5067,0.361493,-0.983021,-0.0618253,-0.285863,0.17239,0.0437435,0.366022,-0.797176,0.172537,-0.101522,0.485012,0.786733,1
0.0371603,0.382767,-0.353645,-1.16369,0.989928,-0.427781,0.604028,0.412473,0.549271,-0.1647,0.173681,1.39654,-0.560084,-0.17168,-0.155076,-0.441749,-0.536529,0.58472,0.540871,-0.0827272,0.10764,0.377457,-0.336967,0.339051,0.537976,0.542541,-0.281005,0.442499,-0.133918,0.475896,-0.627419,-0.766654,0.456103,0.904521,1
0.580662,0.438284,0.739978,-0.13447,-0.170123,-0.99322,0.00941694,-0.198554,0.405017,0.092202,-0.13316,-0.227259,-0.377179,0.744267,0.250575,0.444629,0.876675,-0.132684,-0.148631,-0.703671,-0.495191,-0.0118264,0.272413,-0.192265,-0.633096,0.556027,0.496633,-0.397845,-0.0840679,-0.250022,-0.409004,-1.78605,0.441391,0.832714,1
0.165887,0.3289,0.0792406,0.0234113,-0.958303,-0.767659,-0.261872,0.279705,0.333307,0.536191,-0.003381,-0.347687,0.152729,-0.0737203,-0.309187,-0.497557,0.708128,0.00132753,0.0884502,-0.373708,-0.207121,0.160924,0.272936,-0.513041,0.158445,-0.587227,-0.221914,-0.363532,-0.410903,0.546466,-0.975478,-0.898639,0.443006,0.76802,1
0.392654,-0.10768,-0.542925,-0.456541,-0.358468,0.705177,-0.574577,-0.624092,-0.106556,-0.0547506,-0.337978,0.165487,0.599872,-0.140228,0.117844,-0.749515,0.823895,-0.283876,-0.54954,-0.217534,-0.0286945,0.0179052,0.508726,-0.438038,-1.1554,0.191902,0.151359,0.94369,0.298189,0.372159,0.465784,-0.139733,0.490018,0.882395,1
0.140615,1.16074,0.564593,0.0282167,0.43601,0.712454,0.607452,-0.362861,0.0704527,0.169789,0.341719,0.264204,0.0551182,-0.167301,-0.12284,-0.0726311,-0.0424652,-0.24392,-0.301592,0.13825,0.126759,0.408503,-0.639903,0.315811,-0.144469,0.443964,-0.61171,0.225864,-0.344719,0.735569,0.381636,0.147688,0.44072,0.765261,1
0.156087,0.344442,0.229724,0.198409,0.395428,7.95,0.330804,0.355466,0.109191,0.17847,0.257113,0.108215,0.10044,0.238831,0.372524,0.386042,0.172046,0.133435,0.334461,0.148972,0.14718,0.142451,0.346727,0.154109,0.110971,0.318338,0.376632,0.371683,0.133322,0.271916,0.355524,0.143637,0.52,0.82,1
0.293403,0.168002,0.297998,0.114219,0.19305,7.95,0.312076,0.30661,0.265978,0.233585,0.108163,0.125342,0.2343,0.399591,0.131456,0.301767,0.297018,0.110751,0.230881,0.317294,0.179482,0.153898,0.359448,0.308981,0.32696,0.328084,0.173614,0.140967,0.352802,0.259171,0.189635,0.280092,0.52,0.82,1
-0.295101,0.484815,-0.379681,-0.363123,0.819667,0.143703,-0.165037,0.173344,-0.156639,0.351167,0.449736,0.463069,1.18586,-0.27539,-0.537046,-0.243508,-0.221499,-0.296412,-0.44494,0.940169,0.0420026,0.234784,-0.498803,-0.0757883,-0.570504,-0.854853,0.32943,-0.00166937,-0.447592,-0.14568,0.755027,0.235724,0.455034,0.936324,1
-0.751189,0.467864,-0.0962221,-0.0728268,-0.59547,0.260625,-0.0409822,-0.286729,1.00923,-0.0861875,0.245166,0.97469,-0.323071,-0.670794,0.711238,0.63117,1.41571,-0.158862,-0.779243,-0.434449,-0.208019,-0.700465,-0.721326,0.354094,0.50134,-0.601612,0.264214,-0.634325,-0.110943,0.345263,-0.997267,0.529699,0.536618,0.934392,1
-0.110273,-0.567145,-0.35856,-0.39483,-1.01232,-0.704773,-0.0386423,0.626293,-0.382652,0.433634,0.0153085,0.0707156,0.166555,-0.811712,-0.331309,-0.502918,-0.244204,0.692549,-0.60632,-0.311693,0.438976,0.291661,0.550876,0.231303,1.50563,0.047851,0.0161032,-0.385422,-0.165891,-0.236228,-0.0174362,-0.799131,0.552454,0.77519,1
-0.888827,-0.220037,-0.183698,0.0248332,0.697543,-0.197705,0.546806,-0.517519,1.07526,0.137004,-0.0546298,-0.587645,0.161571,0.240656,0.860045,0.596604,0.2693,0.168398,-0.0564128,0.37051,-0.0618241,0.594967,-0.512157,-0.511789,-1.51348,-0.307628,0.100623,0.0469016,0.00737173,0.110506,-0.607038,-0.148899,0.53052,0.928508,1
0.254569,-0.253354,0.407173,-0.376246,0.0527737,0.312689,0.204925,0.563551,0.0603979,0.374142,-0.359496,-1.08241,-0.142858,-0.246074,0.0525246,0.467128,-0.719386,0.0272581,-0.660932,0.490947,-1.00336,-0.112089,0.210495,0.205242,1.29055,-0.948833,1.1078,-0.969578,-0.24722,-0.350376,-0.0602936,0.313289,0.51214,0.876765,1
-0.114105,-0.00173208,0.467628,-0.07651,1.38341,0.556517,1.06638,0.715867,0.213419,0.0165263,-0.314402,-0.579777,-0.729652,0.0102806,0.678933,0.234745,0.708744,0.361869,-0.757017,-0.585437,-0.752704,-0.689067,-0.216145,0.0872359,0.0912494,-0.463427,0.990736,0.908427,0.167847,0.476213,-0.598354,0.568892,0.532726,0.887826,1
0.328038,0.358519,-0.202175,0.594653,-0.333472,0.412274,-0.611992,-0.0503936,-0.105299,-0.434271,-0.00601621,-0.228259,-0.297307,0.656754,0.509407,0.351531,-0.169239,0.274053,-0.791547,-0.604816,-0.0557203,0.754309,-0.201547,0.237707,0.524757,-0.194706,0.383925,-0.0302595,0.0782289,0.370575,-0.429082,0.163837,0.532587,0.766905,1
0.451033,-0.298828,0.477624,-0.29861,0.0101363,0.0257474,-0.57426,-0.462665,0.911286,-0.325519,-0.0835334,-0.420112,-0.390265,0.221522,0.440591,0.23837,0.612776,1.03889,0.363039,-0.201915,0.0460694,0.0135696,-0.555799,-0.352449,1.1248,-0.104072,0.428853,0.490756,-0.264615,-0.475577,0.0553793,-1.26297,0.557056,0.925893,1
-1.0541,0.101607,0.181789,0.442244,-0.306052,-0.782209,-1.23853,-0.660074,-0.873654,-0.282933,-1.04614,0.408878,0.620283,-0.650989,-0.444473,-0.429447,-0.397357,0.157379,-0.127236,0.851545,-0.229966,-0.219985,0.0478267,0.456744,0.706559,0.264473,-0.0950644,-0.677737,0.0948008,-0.212498,0.0657038,-0.115795,0.524045,0.895369,1
0.604753,0.419609,0.105863,0.124736,-0.163689,0.618401,0.118257,0.541542,0.68034,-0.856552,0.637672,-0.461199,-0.0925782,0.297773,-0.307167,-0.104784,-0.0162348,-0.470824,-0.0895905,0.0371935,-0.691254,0.240099,1.04703,-1.08941,-0.414188,0.367612,0.170259,-0.447127,-0.755962,0.373114,0.147727,0.843021,0.523575,0.834067,1
0.744713,0.0989168,-0.293917,1.29455,0.350378,-0.573488,-0.903159,0.590056,1.15718,-0.81904,0.247404,0.745708,1.12726,-0.0566606,-0.812281,0.660621,0.00856351,0.0694103,-0.322137,0.579101,0.033086,0.0904353,-0.264893,-0.309894,0.0811881,0.469924,0.576843,-0.338697,0.120138,-0.488314,-0.125699,-0.397754,0.519468,0.821223,1
0.337069,0.16617,-0.377958,0.224364,-0.0650166,-0.708349,0.67325,0.160755,0.0489705,-0.365956,-0.423819,-0.105238,-0.267742,-0.287702,0.238477,-0.013515,0.116441,1.03914,-0.208212,-0.776902,0.192265,-0.757036,0.116081,-0.431916,0.713932,0.214181,0.375228,0.230066,0.186689,-0.797521,-0.779065,-0.401007,0.56192,0.888287,1
0.710523,0.389295,0.425279,-0.51944,-0.132894,0.692056,-0.0983983,-0.537676,0.204575,0.721403,-0.33953,0.129771,0.235204,0.0964743,-0.739624,-0.866634,0.0715866,-0.647545,-0.542238,-0.146581,-0.434898,0.236578,-0.248678,0.532152,-0.976067,-0.878664,-0.472441,-0.333716,-0.0243941,-0.178635,0.515836,-0.203413,0.442187,0.780757,1
1.29607,-0.233814,-0.873033,0.51577,-0.20559,0.897452,-0.481382,0.456454,-0.245119,0.533321,-0.26997,-0.872212,-0.5469,0.369789,0.317881,0.612398,0.442174,0.235185,0.278488,0.310929,-0.173974,-0.177761,-0.93043,-0.379682,-0.813498,-0.0636983,0.619877,-0.385322,-0.253518,-0.371352,-0.0741065,-0.30912,0.472122,0.893529,1
-0.710336,0.693406,-0.340939,0.373145,-0.172266,-0.629966,-0.399827,0.0927005,0.399243,-0.26832,-0.619461,0.140835,0.333817,0.749851,0.608288,0.0729764,-0.132907,0.251155,0.696054,-0.911633,-0.321839,-0.681317,-0.671429,-0.204948,-0.17296,0.576238,0.0643184,0.558391,0.000596106,-0.0428472,-0.399069,0.119175,0.427949,0.854847,1
-0.764794,0.305699,-0.8217,0.627894,-1.27884,-0.431592,0.201423,-0.578001,0.461759,0.223305,0.485275,-0.258707,-0.367777,0.116178,0.29771,-0.418637,-0.682865,0.231287,0.53287,0.689159,-0.111327,-0.0989268,0.214671,-0.0760057,0.264108,-0.247931,-0.413302,-0.144124,0.388081,0.349345,-0.409879,0.141247,0.47312,0.834832,1
0.0429962,0.0872603,-0.0841063,0.549667,-0.182247,0.638282,1.09475,0.624509,-0.0944531,0.650541,0.558431,0.433799,-0.145669,-0.113517,-0.0874704,-1.05652,-0.378855,-0.140933,0.717126,-0.477161,1.12158,1.07321,1.33071,0.564891,0.582126,0.411039,-0.486729,-0.336538,-0.607787,0.232294,-0.742868,-0.285001,0.514451,0.92683,1
-0.369142,-0.673116,0.75895,0.143538,-0.357478,-0.551106,0.506599,0.167775,-0.53303,0.159237,-0.288483,0.109655,0.171768,0.550086,-0.327098,-0.444295,0.575975,-1.14798,0.822926,0.237232,0.182978,-0.996519,0.312627,0.301354,0.199847,-0.224199,-0.0142267,-0.404768,-0.574626,0.352343,-0.490172,-0.269898,0.439342,0.903418,1
0.130646,0.0517804,0.960531,-0.24026,-0.114136,0.0630247,0.0722183,-0.11498,0.351724,-0.138091,-0.567861,-0.312923,-0.695994,-1.05174,0.506755,0.291276,-0.209763,-0.251599,-0.536684,-0.463317,0.899176,0.148723,-0.677327,0.317728,0.411011,0.138209,0.306716,-0.24187,-0.0181041,-0.0824338,-0.179397,-0.249007,0.527811,0.770665,1
0.291153,0.791033,0.141507,0.103686,-0.519443,-0.127839,-0.15299,0.297351,0.170347,-0.835627,0.391672,-0.157632,0.177484,-0.094321,-1.1716,-0.274529,0.36544,0.385959,0.485472,-0.134186,0.186766,0.268529,0.360167,-0.739532,-0.19134,-0.479941,-0.812412,-0.0305168,0.117396,0.510679,0.077199,1.13588,0.467209,0.831222,1
-0.406818,-0.11154,-0.104061,-0.598758,-0.370339,-0.00560909,-0.491895,0.0817841,-0.647997,0.254293,-0.222626,-0.190916,-0.71104,0.736214,-0.0521485,-0.688685,-0.378951,-0.60337,-0.149603,0.770679,0.71777,-0.143802,-0.565526,0.256641,-0.146126,-0.42602,0.365009,-0.0251908,0.214494,-1.60649,0.662664,-0.306704,0.501687,0.894529,1
-0.475907,-0.350534,0.260504,-0.56741,0.932626,0.222593,-0.368132,-0.234316,-0.717732,0.254482,0.272333,-0.399508,-0.24163,0.0760223,-0.00762481,-0.762374,-0.836328,-0.540958,-0.271375,0.433047,0.466014,0.0762072,0.135047,0.226158,0.0127244,0.937101,0.0566828,0.313112,-0.274983,-0.206251,0.185117,0.401041,0.549213,0.944091,1
-0.235447,0.239441,-0.085945,0.396159,-0.0256066,-0.162227,-0.571671,0.0820747,0.494551,-0.338341,-0.064086,0.348107,-0.113785,-0.136818,0.338471,0.0705706,-0.202148,-0.524071,0.286231,0.875747,-0.264435,0.246878,-0.469498,0.927305,-0.336438,0.102598,-0.35448,0.146363,-0.400881,0.145533,-0.187613,0.00330459,0.546992,0.868279,1
0.199507,0.196987,0.236025,0.322625,0.227873,7.95,0.292497,0.124202,0.223968,0.320157,0.102941,0.157867,0.235209,0.313128,0.363572,0.342682,0.335834,0.325839,0.204816,0.223464,0.134925,0.212752,0.327499,0.150714,0.263968,0.103395,0.152334,0.148919,0.330852,0.300869,0.341614,0.109997,0.52,0.82,1
0.044098,-0.0886864,-1.45363,0.468805,0.298147,0.756932,-0.181676,-0.222325,-0.747932,0.420386,0.152488,-0.0666242,-0.860159,1.10547,-0.037088,-0.810469,-0.111487,0.212013,-0.300998,-0.437617,-0.618107,-0.631194,-0.40471,0.142866,0.123145,-0.970521,-0.584636,-0.134153,-0.0326952,-0.417264,0.28725,0.173119,0.526324,0.764832,1
0.0091274,0.186471,0.282547,0.114981,0.565292,-0.178911,0.344067,-0.0868858,0.317523,-0.205804,0.121362,0.437162,-0.00699903,-0.120992,-0.349806,-0.333099,0.754869,0.253326,0.359125,0.438974,0.547614,-0.423879,-0.417053,0.221295,-0.205396,-0.315216,0.409661,0.459551,-0.300088,-0.23329,0.159392,-0.0764268,0.550903,0.872507,1
0.849719,-0.645717,0.137754,0.298562,0.0540664,-0.403386,-0.786921,0.165965,-0.628753,0.801777,0.842673,0.125232,-0.407059,0.412827,-0.322018,0.525627,-0.535955,-0.330014,0.698047,-0.342705,0.328277,-0.363765,0.285443,-0.512721,0.398388,-0.0696152,0.0779045,0.280188,-0.470236,0.355715,-0.21988,-0.13464,0.462882,0.793172,1
-0.249045,-0.32763,1.18588,-0.967247,0.419475,0.331266,-0.136592,0.402022,-0.0690367,-0.12588,-0.326056,-0.441078,-0.204162,0.0613805,0.263306,-0.079145,0.238204,0.0145005,-0.838941,-0.443926,-0.376854,-0.0745811,0.469484,-0.87728,-0.129835,-0.757143,-0.424457,0.0254893,0.858083,0.32976,-0.211038,-0.334285,0.52398,0.885223,1
-0.784277,-0.56584,-0.0486708,0.820304,-0.0660894,1.02002,-0.309666,-0.126925,-0.181224,0.0383162,0.144688,1.13214,0.50074,0.251118,-1.00903,0.435818,-0.78139,0.221092,-0.0240849,-0.11082,-0.30825,0.485004,0.222768,0.69091,0.0447069,-0.365463,0.275279,0.636249,0.219581,-0.111763,-0.460704,0.189213,0.439839,0.944409,1
-0.0211346,-0.231979,-0.231902,-0.850802,-0.339412,-0.529091,-0.0128593,0.311347,-0.767001,0.802796,-0.216726,-0.204908,-0.690138,0.196814,0.485042,0.167891,0.159179,0.100007,0.198375,0.960096,-0.189057,-0.686296,-0.355356,-0.359544,-0.116449,-0.339446,-0.352701,0.842823,0.406529,0.840135,-0.368288,-0.329838,0.541255,0.811548,1
0.346564,-0.287259,0.262854,-0.437242,-0.347682,-0.470082,0.980982,-0.232934,-0.133819,-0.490811,-0.977034,-0.181377,-0.0300091,-0.510473,0.494908,0.227185,0.395056,-0.142235,0.547608,0.723467,-0.100751,0.0079694,0.0847625,-0.326904,0.117266,-0.0316837,-0.742689,-0.599352,0.0926047,1.25284,-0.164268,-0.852327,0.537884,0.891729,1
0.702851,0.252456,0.955338,-0.22622,-0.306396,0.638851,0.539629,0.438781,-0.341949,-0.400719,0.675723,0.0246151,0.0239625,0.380875,0.648729,0.232749,0.262523,-0.474693,0.629746,0.200416,0.300039,0.308984,1.34699,-0.316505,0.31238,0.724241,-0.528843,0.696511,1.31255,-0.0784961,0.387276,-0.325626,0.45014,0.797866,1
0.20352,0.451421,-0.263948,-0.771247,-0.168737,-0.201254,-0.722128,-0.25742,1.3859,-0.185988,-0.176295,0.0288669,0.175292,0.607422,0.284398,0.937389,0.753897,0.741583,0.4837,0.504393,-0.465459,0.710813,-0.239336,-0.576058,-0.343258,0.701304,0.289503,-0.56972,-0.364059,-1.15398,-0.0639003,0.784473,0.550142,0.762463,1
-0.221408,-1.14769,-0.531057,-0.0694071,0.236955,-0.659391,-0.612009,-0.216203,0.318342,-0.982524,-0.473578,-0.817163,0.698152,0.408735,-0.926007,0.0963452,-0.35194,0.472224,-0.0364548,-0.116646,-0.130119,-0.136233,1.13799,1.12361,-0.879983,0.958158,-0.263122,0.188713,0.579837,-0.689077,0.672461,-0.325815,0.538613,0.842193,1
-0.785534,-0.152224,0.113543,-0.273871,-0.11729,0.181912,0.0457853,1.04724,-0.583145,-0.623582,-0.0352663,0.0301714,0.14224,-0.264439,0.935556,1.07186,-0.158181,-0.327315,0.117518,0.268768,-0.374683,-0.785663,-0.374431,-0.479963,-0.373375,0.756504,0.143378,-0.157277,-0.0837423,-0.268757,-0.559751,-0.113,0.576342,0.854287,1
0.847768,-0.62164,-0.0827767,-0.915988,0.336665,-0.150364,-0.0152272,0.262491,0.771651,0.0269228,-0.0139691,0.270346,-0.0847533,0.0713842,-0.477987,0.169757,0.688392,-0.329058,0.0202489,-0.392754,0.0909389,0.0754083,-1.15237,-0.146838,0.39525,0.650686,-0.0542963,0.350943,0.281882,-0.437553,0.59039,0.153413,0.49724,0.933829,1
-0.481149,-0.227592,-0.336932,-0.402815,0.564036,0.677053,0.191848,0.0793254,0.214593,-0.326996,-0.977823,0.163626,-0.205289,-0.190096,-0.607043,-0.465965,-0.444491,0.0345565,0.439958,0.48679,0.540575,-0.0415277,0.186762,0.483159,-0.100618,0.449054,-0.777028,-0.149479,-0.199791,0.350448,0.0828901,0.606197,0.492282,0.887124,1
-0.235969,-0.358274,-0.133729,-0.38683,-1.00025,0.82801,1.00374,0.156736,0.488977,0.228673,-0.631156,-0.0900062,-0.322692,0.0512205,-0.257766,0.579368,-0.846543,0.842346,0.605005,-0.307771,0.839294,-0.0124854,0.109553,-0.340456,-0.621487,0.567344,-0.28482,-0.147337,0.412965,0.0060797,0.413709,-0.462635,0.574615,0.824497,1
-0.512979,0.558644,-0.350753,0.433883,-0.0772185,0.0534383,0.27327,0.0903692,-0.114726,-0.0864567,-0.406531,1.2455,0.582075,-0.0667202,-0.534739,0.882913,-0.181797,0.379134,-0.875555,0.588286,0.465994,-0.294576,0.02653,-0.508126,-0.214493,-0.51397,1.14691,0.381582,-0.44148,-0.482212,0.36908,0.0267334,0.528925,0.901117,1
0.0841771,-0.508777,-0.454535,-0.367753,-0.853387,-0.207999,-0.955327,1.34395,0.00142746,-0.533988,-0.414578,0.983994,0.0937838,-0.633185,-0.353535,-0.908365,-0.810492,-1.6576,-0.901383,-0.0437591,0.102806,0.591889,0.548537,-0.36044,-0.305561,-0.670866,-0.2026,-0.243424,-0.423683,-1.21607,0.136487,-0.388975,0.485399,0.806324,1
-0.660596,-0.586567,0.166387,-0.193237,-0.464932,0.113054,-0.140526,0.0618622,-0.0984079,0.222917,-0.0703841,-0.539355,0.332317,-0.69607,0.330002,-0.206353,-0.64608,0.29548,-0.439541,-0.882589,0.130366,0.0481607,0.239929,0.307764,0.424981,0.178154,-0.0601396,0.342863,-0.27288,-0.481817,-0.126605,-0.23113,0.453782,0.788611,1
-0.478546,-0.992625,0.389494,-0.154361,-0.369844,0.193298,0.202591,-0.280554,-0.678976,0.222457,0.684293,-1.08254,-0.266503,-0.073359,0.0104313,-0.437801,0.0394277,0.562776,0.329112,-0.132184,-0.111723,-0.2651,-0.0381738,0.113482,-0.148794,-0.630683,-1.16995,0.449152,-0.44899,0.26088,0.164537,-0.850899,0.495077,0.780847,1
0.0599441,0.156668,0.0902092,0.952972,0.215388,-0.322175,0.00975161,0.762256,0.404511,-0.723975,-0.36444,0.0642473,-0.161596,-0.293172,-0.402977,0.386409,-0.133978,0.827899,1.44632,0.284088,0.148659,-0.956299,-0.480033,-0.169686,0.465436,-0.484843,0.205364,1.03807,0.340487,-0.0542083,0.566266,1.35305,0.562065,0.761933,1
-0.558908,0.527461,-0.560789,-0.635601,0.395277,0.339475,-0.248987,-0.403297,-0.13445,0.251077,0.68367,0.424887,0.0781519,0.116062,0.141728,-0.98507,-0.388393,-0.341928,-0.0333387,-1.54633,0.0505649,-0.341569,-0.475542,1.01069,-0.328549,0.55238,0.137567,0.0642909,-0.268602,0.246557,-0.376317,-0.121542,0.420669,0.782351,1
-0.176068,-0.635889,-0.030873,0.418961,-0.280994,-0.997967,0.0157946,0.379921,1.01073,0.311323,0.096719,0.43952,-0.811275,-0.0384806,-0.233077,1.26971,-0.0617967,-0.554289,-0.287811,0.292065,-0.493814,-0.343782,-0.561301,0.207513,-0.263062,-0.0371041,0.523559,0.349676,0.772345,0.09006,-0.390179,0.0704393,0.54396,0.914495,1
-0.0112612,0.296501,-0.146934,-0.0415104,-0.267646,-0.624981,0.431307,0.345159,0.0650811,-0.0227884,-0.322475,-0.402783,-0.656373,-0.00878058,-0.286307,-0.62978,0.393469,-0.93194,0.00195313,-0.593091,-0.0153042,0.381482,-1.18468,0.719407,0.138893,-0.145991,-0.440787,-0.0442423,-0.341705,-0.890611,-0.0229317,0.304808,0.528996,0.934017,1
-0.597292,0.258444,-0.355709,-0.0498912,0.478707,-0.315913,0.282123,-0.0971257,-0.431073,1.28814,0.275492,0.267097,-0.932176,0.1387,0.425487,0.617725,0.146089,-0.131617,-0.274705,0.643904,0.152508,0.35771,0.095997,0.363312,-0.2365,0.224168,-0.387803,-0.699995,0.60777,-0.316416,0.772517,-0.531098,0.464257,0.899755,1
-0.059834,0.133328,-0.196143,0.0339642,0.878424,0.00654127,-0.266681,-0.265372,0.0226266,-0.0552314,0.131244,-0.279078,-0.864377,0.0114231,-0.217837,-0.536615,0.578161,-0.326928,-0.990119,-0.125861,-0.193216,-0.727755,0.00987707,-0.811941,0.326849,-0.427473,0.397435,1.29493,0.958942,-0.388036,0.11472,0.283992,0.533724,0.843889,1
-0.782495,-0.0970418,-0.449793,0.257066,-0.289547,-0.242461,0.000633675,0.543523,-0.306862,-0.597314,0.321516,-0.10952,-0.931371,-0.578188,-0.51392,0.313937,-0.175134,-0.177699,-0.176394,-0.301598,0.464265,-0.364134,-0.528285,-0.861951,0.19791,-0.588821,0.51016,1.0537,0.237293,-0.860359,-0.825945,-0.598779,0.455025,0.871109,1
-0.367237,-0.106791,-0.209335,0.209363,-0.60164,0.427108,-0.27735,-0.467937,0.860131,0.283599,0.232941,0.263306,-0.170083,-0.0424889,0.0857518,0.829744,-0.457489,0.0869614,0.134452,-0.321121,-1.18081,-0.0620844,-0.0331392,-0.119375,0.91193,-0.753568,-0.569819,-0.0622077,0.567846,0.431021,-0.325213,-0.00993175,0.553451,0.80017,1
-0.755899,-0.203426,0.357472,-0.0410471,0.854927,0.635738,-0.0561093,-0.147559,-0.0166353,0.421151,-0.5848,0.0927546,-0.218109,-0.362504,0.466563,0.0366513,0.528965,0.0777972,0.523801,0.722589,0.18285,0.783715,-0.156427,-0.127135,0.243603,0.320121,-0.396394,-0.289097,0.110153,-0.703938,-0.261254,0.0175071,0.542792,0.816667,1
0.86589,-0.34539,0.263859,0.20236,-0.871605,0.402649,-0.380714,0.449197,-1.05068,-0.200594,0.0311254,-0.61414,0.692762,0.13902,-0.122992,-0.476734,-0.255432,0.289681,-0.720101,0.0642814,-0.38461,-0.47168,0.879469,-0.616407,-0.640036,0.204931,-0.628751,0.629291,-0.393655,0.173895,0.764668,-0.0901521,0.529175,0.816594,1
-0.167905,0.856207,0.298476,0.191055,0.456053,-0.0790337,0.066086,0.877829,-0.753377,-0.889386,0.24785,1.07639,-0.449435,-0.00852004,0.56559,1.10197,-0.809017,-0.361841,0.0747146,-0.272678,-0.235551,0.73918,0.0792781,-0.408575,-0.768172,-0.159842,-0.429209,-0.483236,-0.357657,0.284308,0.601587,-0.885633,0.458631,0.794476,1
-0.835189,-0.384182,0.686598,0.562476,0.352606,0.528201,-0.026989,0.149951,-0.348109,0.619309,0.234649,0.498126,-0.738734,0.438994,-0.14842,-0.606223,0.528025,0.59416,-0.470253,0.438886,0.318645,0.0888412,0.864143,0.777515,-0.208418,0.335189,-0.460076,-0.568166,0.727359,-0.429633,0.409952,-0.493958,0.430422,0.885501,1
1.382,-0.449874,-0.200397,-1.15665,-0.381213,-0.15584,0.169505,0.294258,-0.176547,0.821624,0.69031,-0.177999,0.712077,0.210103,0.598254,0.313288,-0.361287,-0.777405,0.421532,-0.157019,0.22164,0.364286,0.441954,1.01037,-0.0226605,0.191305,-0.386207,0.668618,-0.0141413,-0.139022,-0.382357,-0.407078,0.424244,0.861598,1
-0.257234,0.912437,-0.867099,-0.159228,-0.419769,0.015506,0.399464,0.514619,-0.489281,-0.228919,0.283752,0.170981,-0.57564,-0.881658,0.559312,-0.744135,0.533618,0.000495343,1.03816,0.567845,-0.09565,0.60881,1.16087,-1.00257,-0.0128911,0.163728,-0.542423,0.0643307,-0.131669,0.0331499,-0.392296,0.00344302,0.514518,0.87305,1
0.243695,1.13256,0.100825,-0.496994,0.644306,-0.706888,-0.644345,0.256623,0.27677,-0.819486,-0.460808,-0.908439,0.312974,-0.125022,-0.671824,-0.330469,0.833994,-0.511446,0.622232,-0.290359,0.214023,1.10448,-0.227427,-0.13277,0.308678,-0.711553,-0.400035,-0.0165452,-0.992814,-0.758581,0.918175,-0.340974,0.558275,0.845099,1
0.239481,-0.0515211,0.37541,-0.494751,0.448058,0.0337659,0.517391,0.00534073,-0.319734,0.0574552,-0.321903,0.195685,-0.392788,0.20643,-0.157259,-0.248328,0.75742,0.0616136,0.21963,-0.701215,-0.650633,-0.0952002,0.201589,-0.862259,0.345135,0.3245,0.123647,0.319476,0.0252973,0.444488,-0.39276,-0.422546,0.499253,0.942313,1
-0.192648,0.517615,-0.390907,-0.316752,0.246121,0.420795,1.15491,-0.220151,-0.137124,0.18912,0.0439056,0.403442,-0.469496,0.233567,-0.189774,0.0721495,0.757092,-0.0161666,0.017754,-0.430254,0.692934,0.19842,0.202693,-0.0926988,0.0486807,-0.49648,-0.498692,0.0864649,-0.434299,-0.807139,-0.332103,-1.09952,0.452851,0.860066,1
-0.649516,0.712707,-0.737409,-0.420326,0.524858,0.754813,-0.193609,0.82634,-0.532676,-0.197332,0.141876,-0.089889,0.148773,0.880399,0.220974,0.557406,-0.366133,-0.0517548,-0.0741487,0.422251,-0.312055,-0.886268,-0.231862,0.815631,0.257307,0.141676,0.0037392,0.434085,-0.488199,-0.296586,0.820835,-0.893449,0.525696,0.915419,1
0.386621,-0.522399,0.403012,0.112988,0.271663,0.811199,-0.0452438,0.142484,0.864481,-0.0661428,-0.867684,0.0576955,-0.714598,0.19846,0.200302,-0.259388,0.100038,0.208132,0.195822,0.0181485,0.242897,-0.0667317,-0.360895,0.47222,0.560224,-0.218578,-0.06783,0.369608,0.474747,0.325312,-0.939317,-0.289991,0.523972,0.9474,1
0.421685,0.21059,-0.35752,-0.61623,-0.421478,-0.427224,-0.5649,-0.40066,0.283069,-1.30523,-0.251157,-0.122692,-0.161888,0.133572,0.0944825,0.285286,-0.457389,-0.824719,0.35563,0.0570246,0.212049,-0.406301,0.0242898,-0.0560606,-0.398324,-0.214619,-0.678864,-0.0191768,-0.407018,-0.55851,-0.222514,-0.670578,0.477991,0.917633,1
-0.0177006,0.375674,0.556428,0.513109,0.108774,0.199003,0.304304,0.101022,0.198694,0.596059,-0.342116,0.120754,-0.33066,-1.19202,0.409452,-0.61251,-0.4747,-0.40065,-0.135217,0.238671,-0.792034,0.0803326,-0.12376,0.428887,-0.221816,-0.296592,0.310769,1.3958,-0.648235,0.363973,0.35592,0.0987573,0.494987,0.884623,1
0.212748,0.0903887,-0.5614,-0.267917,0.146446,-0.0217833,-0.464904,1.18336,0.678987,-0.00967296,-0.0496441,0.0433275,0.450499,0.337741,0.633101,-0.558953,0.233974,-0.828128,-0.756725,-0.561051,0.982703,0.515976,-0.413278,0.421719,1.03222,-0.249021,0.0768617,-1.05117,-1.22267,0.660045,0.169321,0.0217199,0.540162,0.785406,1
-0.103874,0.890438,0.171524,-0.202485,-0.181541,-0.966225,-0.508083,0.214182,-0.155633,0.983286,-0.179347,0.18161,-0.00478437,0.590784,0.733088,-0.17879,0.656014,-0.065387,0.106234,0.283737,-0.00566634,-0.212275,1.07664,0.185045,0.663341,-0.0664978,-0.859068,0.195931,0.643629,0.478492,-0.267767,0.0479516,0.510026,0.811838,1
0.222761,0.597075,0.440546,-0.559897,-0.0158483,0.470409,-0.0577286,-0.135611,0.59106,-0.0973754,-0.242232,-0.775529,-0.319843,0.399922,0.164314,-0.0684986,0.0341982,-0.40672,-0.195035,0.927768,0.768026,0.289064,-0.413414,-0.480212,0.202008,-0.125422,-0.370661,-0.40472,-0.217998,0.0741014,0.0679451,-0.349372,0.479238,0.905879,1
0.95,0.88,0.325365,-0.215115,-0.265164,-0.297343,0.371182,0.0535857,-0.179728,-0.336693,0.236641,0.366833,-0.193349,0.113827,-0.280195,-0.143244,-0.454565,0.287259,-0.32283,-0.163271,-0.0968989,0.257415,-0.428797,-0.444594,0.195531,-0.00663207,-0.0331859,-0.246661,0.355748,0.318767,-0.290909,0.447637,0.48,0.2,0
0.95,0.88,0.3669,0.229106,0.383356,-0.388066,-0.27239,-0.128481,0.109331,-0.234402,0.417676,0.35415,-0.170216,0.206173,0.183214,-0.362503,0.274818,-0.32653,-0.184891,0.0460863,0.413159,-0.123247,0.24928,-0.260927,0.432297,0.225534,-0.344514,-0.387209,0.431939,0.0791615,-0.081758,-0.0800536,0.48,0.2,0
-0.552113,-0.00198647,0.0454689,-0.540674,-0.0988376,-0.134509,-0.213763,0.284125,0.0967157,0.288877,-0.0902172,0.599219,-0.091573,-0.541604,-0.412334,0.547387,-0.413048,0.757587,0.246785,0.346262,0.265805,-0.101706,0.528215,-0.24174,0.354286,-0.709988,-0.32003,0.0194275,-0.401592,-0.523083,0.0930167,-0.96696,0.503369,0.816381,1
0.0331065,1.10462,-1.17075,-0.292206,-0.0311543,0.0204206,0.396935,-0.888762,-0.0445562,-0.309053,-0.15162,-0.832124,-0.0718185,0.553277,0.272085,0.222643,-0.61698,0.747509,-0.805798,0.776862,-0.107808,0.289902,-0.670769,0.871545,-0.624967,-0.440276,-0.238277,-0.610901,0.00184808,0.266219,0.423203,0.293854,0.543056,0.925985,1
0.792203,-0.416231,-0.23897,0.893719,1.16045,-0.0159938,0.137118,0.374834,-0.0437617,0.523192,0.202472,-0.251193,-0.411658,0.668353,-1.14476,-0.487361,-0.00379978,0.0266724,0.0537723,0.704775,0.55349,0.227222,-0.0637542,0.852284,0.189722,-0.143922,-0.730763,0.247581,0.448271,-0.565243,0.14687,0.334079,0.503028,0.794221,1
-0.150214,-0.884243,0.0094045,-0.0987377,-0.0188475,0.00373431,-0.260761,0.623835,0.438153,-0.782243,0.150631,0.239395,-0.451607,-0.116295,-0.0976381,0.813555,-0.0193414,-0.888273,-0.136697,-0.303079,-0.0343329,0.132845,-0.289974,0.176883,-0.510159,0.729627,0.134847,0.113843,-0.496824,0.558985,-0.807098,0.50428,0.420645,0.822548,1
-0.924711,-0.619298,0.00286431,0.898254,-0.579009,0.558249,-0.0644467,-0.280074,-0.485664,0.90848,0.136525,0.0606386,0.804303,0.0119283,0.225867,-0.379756,0.954178,0.741741,0.383283,0.582855,0.802177,-0.40623,0.761522,0.33664,-0.0785695,0.0249991,0.0291567,-0.442439,0.390199,-0.0207904,0.739286,0.851971,0.473694,0.794283,1
0.720802,-0.069077,-0.191356,-0.64878,-0.719892,0.446769,-0.0827908,-0.132856,0.601866,-0.334172,-0.161968,-1.44446,-0.160812,-0.109334,-0.349593,0.0757319,-0.289659,0.027893,0.169071,0.394447,0.518322,-0.0256781,0.989094,-0.932093,-0.0292694,-0.110908,-0.267947,-0.813837,-0.291366,-0.145668,0.477978,1.02427,0.543978,0.800305,1
-0.558648,-0.374903,-0.285273,-0.633965,-0.630547,-0.452411,-0.393264,-0.718615,-0.447007,-0.288583,-0.435411,-0.485112,-0.158058,-0.311722,-0.599386,-0.149177,-0.615964,-0.0496609,0.345709,0.440259,-0.562148,-0.387717,-0.403597,-0.17181,0.675397,-1.09785,-1.3233,-0.151132,0.15984,-0.5016,0.222399,0.0514493,0.557215,0.944997,1
0.811375,0.605931,0.107154,0.847884,1.3207,-0.325788,0.637951,-0.267612,-0.0642268,0.284622,0.718402,0.0459108,0.228625,-0.511754,-0.360463,-0.446229,-0.0433876,0.162488,0.781581,0.698673,0.216793,-0.887685,0.82792,0.264499,0.517291,0.59451,-0.368918,-1.00519,-0.000936005,0.203847,-0.935371,-0.0708746,0.527421,0.925148,1
-0.633986,-0.263995,0.314486,0.142746,0.374997,-0.129374,-0.0876306,-0.0972791,0.340084,0.660073,-0.519194,0.15129,0.0800066,-0.0965845,0.468379,-0.248306,0.222812,-0.679151,0.0224581,0.047831,0.485224,0.765679,0.0237222,0.598699,-0.102424,-0.285876,0.154316,0.234945,-0.331202,-0.385572,0.360002,0.138582,0.546997,0.833366,1
-0.546386,-0.225707,0.374185,-0.0640069,-0.263156,-0.695027,-0.925297,0.0845095,-0.755962,-0.285986,0.588283,0.573619,0.465502,-0.184676,0.645606,-0.629584,-0.214934,0.296438,-0.62873,-0.73334,-0.318911,0.692388,-0.48027,0.0679037,0.582261,-0.201403,-0.757776,-0.158288,0.0541774,-0.244749,0.369291,0.350382,0.459216,0.868979,1
-0.62126,-0.573455,0.557781,-1.22734,0.546065,0.248588,0.0239507,-0.411515,-0.348089,0.33539,0.0943188,-0.233402,0.182659,-0.216163,-0.249147,0.664414,-0.0873415,0.838398,-0.430731,-0.48313,-0.324198,-0.186829,-0.38083,-0.495134,0.088821,-0.189252,0.119148,-0.19994,-0.140008,-0.534513,-1.14925,0.256002,0.544922,0.913927,1
-0.125286,-0.732908,0.568394,0.405827,0.805711,-0.240766,-0.492186,0.18244,1.37648,0.28544,-0.326499,-0.30046,0.240448,-0.875943,0.393566,0.830832,0.187119,-0.123689,0.117017,-0.0834416,-0.243932,-0.691445,0.117692,-0.139428,-0.0958693,0.661069,0.495785,-0.205605,-0.106202,0.220771,0.506262,0.0659548,0.476961,0.77249,1
-0.231071,0.560012,0.00469879,-0.398957,-0.289974,0.572936,-0.220371,-0.288064,0.320096,0.25893,0.324112,-0.839303,0.846307,-0.202073,0.150012,0.490738,-0.0747424,0.279973,0.382754,-0.0652552,0.0478044,0.234231,-0.338077,-0.10212,0.200681,1.06413,-0.697389,-0.235896,0.133786,0.118866,-0.357431,0.405005,0.549129,0.881582,1
-0.0446547,-0.0235995,0.236831,0.245815,-0.524008,0.0892282,0.399753,0.0814203,-0.497187,1.36854,0.140544,-0.0655941,0.415821,0.079573,-0.392413,0.24522,0.136479,-0.19045,-0.758224,-0.409854,1.22647,0.581382,0.552725,-0.84,-0.359972,0.297851,-0.711995,0.447221,0.152313,0.623546,-0.524169,0.640986,0.564873,0.764493,1
-0.303244,0.0438619,0.285694,-0.104894,0.133403,0.122534,0.291068,-0.646426,0.570478,0.13593,-0.541004,0.501866,-0.697813,-0.0273096,-0.019309,-0.370576,0.310216,-0.556976,1.00384,0.379432,0.435042,-0.070996,0.200962,0.352286,0.22666,0.967214,-0.570053,0.420876,0.217927,-0.923176,-0.631557,-0.68857,0.475444,0.882893,1
-0.0777546,-0.131998,-0.112668,0.629674,0.467732,0.119686,0.137448,-0.0368108,0.298629,-0.480143,-0.742329,-0.25244,1.48473,-0.0460607,0.811039,-0.851593,0.0667147,0.0279669,-0.0414319,-0.105556,1.16867,0.202974,-0.0764827,0.175905,0.240333,0.0304877,0.398039,-0.276194,-0.153073,-0.324115,0.492522,-0.984786,0.548752,0.812335,1
0.443129,-0.607092,-0.650763,0.0851249,0.712014,0.253291,-0.795442,0.757565,-0.753771,0.915393,-0.101445,0.589072,0.961626,0.426957,0.331225,-1.0238,-0.201684,0.262916,-0.289027,-0.028713,0.471539,-0.545595,-0.250761,0.0281196,0.751295,0.380857,-0.344513,-0.88778,-0.0453567,0.50818,-0.669574,0.0925506,0.501409,0.761554,1
0.269959,0.350265,0.152471,0.261997,0.150122,7.95,0.367108,0.162998,0.24052,0.144108,0.176384,0.112513,0.198403,0.309699,0.274642,0.168547,0.147851,0.269594,0.208445,0.264767,0.378452,0.250494,0.147992,0.111384,0.183472,0.145553,0.132333,0.105596,0.337429,0.33246,0.304132,0.151951,0.52,0.82,1
0.0499338,-0.287286,-0.0650716,-0.173854,-1.07905,0.67949,-0.2604,-1.21365,0.561376,-0.167649,-0.48855,0.0401785,-0.719464,-0.074545,-0.364238,-0.752226,0.386047,0.174503,0.0529665,0.55194,-0.354451,0.0686558,-1.32755,-1.14919,0.201058,0.747279,0.0332538,-0.800876,-0.448836,-0.0307537,-0.170694,-0.316039,0.574917,0.916553,1
-0.207291,0.289819,-0.331306,0.53273,0.0321512,-1.12899,-0.362449,-0.124318,-0.198835,0.943784,-0.285343,-0.313501,-0.459099,0.132699,0.422135,1.36688,-0.368898,-0.579005,-0.834185,0.236515,0.146277,-0.720047,-0.0632206,0.889778,0.178801,-0.682001,-0.205456,-0.384523,-0.0493987,0.756608,-0.0500136,-0.0324425,0.442301,0.892831,1
0.304663,0.39157,-0.474969,-0.249549,-0.0752758,0.302404,-1.22904,0.00963934,-0.667141,0.362775,0.399497,0.76605,0.382696,-0.051614,0.0514494,-1.02234,0.229191,-0.392922,0.16542,0.479489,0.604498,0.682678,-0.263986,-0.00997746,-0.053464,-0.0303792,-0.0982254,0.238838,0.517395,0.0267334,-0.697577,0.573941,0.517335,0.842014,1
0.316121,0.505297,-0.627312,-0.0341831,0.704597,0.186462,0.0777743,0.00383368,0.344353,0.980212,0.59656,-0.212401,-0.754153,-0.033266,0.393969,0.132514,0.246033,-0.0792296,0.0357919,0.35118,0.0695284,-0.760929,1.11943,-0.216287,-0.189435,-0.0252734,-0.0863558,0.41922,-0.182328,-0.336854,-0.396397,0.0811275,0.447242,0.801255,1
-0.58623,-0.373343,-0.316144,0.478907,-0.436869,-0.713859,0.388503,-0.281736,0.07058,0.158606,0.0749515,-0.0958764,1.06513,-0.186096,0.690928,0.756969,-0.0696055,0.221408,-0.0196585,0.0906104,-0.578919,0.407102,1.07957,-0.311083,0.347096,0.231475,-0.363729,-0.676079,0.230378,0.405487,-0.0355805,-0.23071,0.556129,0.866915,1
1.41396,0.764318,0.622322,0.0819201,-0.0925875,-0.0659517,0.559197,-1.02198,-0.0525285,-1.40723,-0.0562764,-0.352503,-0.158356,-0.186666,0.225982,-0.970293,0.804518,0.131559,0.788898,-0.531618,0.159258,0.224085,-0.439138,-1.19906,-0.489133,0.489374,0.441305,1.00499,0.238086,-0.208789,0.286317,0.993729,0.536602,0.938556,1
-0.127565,-0.411144,0.890137,-0.625934,0.492492,-0.622226,0.217994,-0.347756,0.580004,0.148095,-1.21688,0.665227,-0.22622,0.675528,-0.279581,0.385206,0.568884,0.264783,0.179758,0.665037,-0.741381,0.216686,0.756039,0.843369,-0.427541,-0.489627,0.831935,0.443311,1.1061,-0.0903094,-0.2932,-0.884724,0.485914,0.921883,1
-0.367018,-0.443445,0.184053,-0.527052,-0.0697192,-0.147121,-0.403109,0.0446876,0.128465,0.549363,-0.270086,0.206237,0.611746,0.170572,0.0639565,0.311618,-0.197374,-0.661836,-0.613783,0.0219913,-0.733325,0.828352,-0.457791,0.274534,-0.603824,-0.487087,0.567597,1.16216,-0.481244,-0.439071,0.00194764,0.0974499,0.461617,0.865091,1
0.382059,0.538552,-0.0639821,0.230234,0.340616,0.419376,-0.208003,-0.708641,0.256819,0.316192,-0.0738274,0.0136422,0.574812,-0.34528,-0.151485,-0.107048,0.442596,-0.374166,-0.314151,-0.108124,-0.299747,-0.783071,0.375388,0.13565,0.0240093,0.423262,-0.348502,0.0653445,0.216365,0.529033,0.470861,0.563103,0.444264,0.919267,1
0.736997,0.481613,0.907761,-0.442269,0.150646,-0.239793,0.0275378,-0.166544,0.301821,0.315624,0.635532,-0.559896,-0.341044,-0.416647,-0.739726,-0.148663,0.372865,-0.0472022,-0.143367,-0.177257,-0.124208,-1.11037,0.423683,-0.0950379,-0.59634,0.0950117,-0.0661967,0.147935,-0.296778,0.44805,-0.548361,-0.0248738,0.475033,0.930676,1
-0.767878,-0.104331,0.313861,-0.77349,1.09419,-0.348918,-0.0864679,-0.895412,0.337131,0.144653,-0.912425,-0.101324,0.212367,-0.30907,-0.716726,-0.307891,0.763927,-0.621468,0.231443,0.20275,0.504499,-0.786026,-0.649989,0.701169,-0.409527,-0.677139,0.391931,-0.00709077,0.298505,0.0647062,0.522815,0.388915,0.546997,0.862425,1
-0.106709,0.0674611,-0.923586,-0.604731,-0.0766274,0.0919341,-0.621172,-0.272359,-0.13717,-0.901103,-0.231049,1.00705,0.089781,0.118492,0.519393,-0.114853,1.03021,0.321824,-0.0444568,0.703693,0.215244,0.533305,-0.0727631,-0.324615,0.0384397,-0.224841,-1.11457,-1.01083,-0.919665,0.142068,-1.27048,-0.573208,0.492171,0.935398,1
-0.210138,-0.152313,0.59614,-0.152447,-0.741295,-0.174161,-0.0869179,0.0740853,0.612932,-0.788748,0.0450045,-1.4279,-0.197076,0.519478,-1.16992,-0.340308,-0.172314,0.133907,-0.381572,0.135977,-0.631456,0.480418,0.696665,0.115512,-0.585012,-0.387911,-0.563659,-0.0829332,-0.248303,-0.189128,-0.415023,0.14947,0.531238,0.919591,1
-0.573689,-0.849332,0.576913,0.0450921,0.19136,-0.100679,-1.18837,-0.569776,0.496041,0.0173719,-0.811519,-0.0677663,0.593799,0.0255666,-0.392819,0.654439,-0.337413,0.249666,-0.488875,-0.179501,-0.23293,-0.874353,0.618061,-1.09332,-0.14998,0.643736,-0.609493,0.398185,-0.455374,0.261123,-0.184082,0.383971,0.461793,0.949988,1
-0.366575,-0.24114,-0.13119,-0.93531,-0.857896,0.861495,-0.191625,0.376012,-0.109814,-0.0918609,-0.538873,0.466713,0.117152,0.485406,-0.912692,0.221609,-0.515116,-0.807921,1.20806,1.11579,0.41663,0.161165,-0.060728,0.236022,0.0379327,-0.173848,-0.118697,0.0331833,0.0279344,-0.348006,1.06583,0.0883816,0.421405,0.849424,1
-0.8393,-0.884015,0.0339452,0.0805521,0.0554149,-0.509296,0.00482791,-0.141229,-0.339244,-1.38345,0.442427,0.268686,-0.138059,-0.0874381,-0.753129,-0.0583955,-0.168684,-0.393418,0.745566,-0.155099,0.903105,0.568878,-0.429601,0.0918168,-0.232381,0.151572,0.563363,0.459887,0.438766,0.646692,-0.368426,-0.451277,0.563216,0.766892,1
-0.530406,0.169281,-0.73987,-0.401953,0.207661,-0.314332,0.204673,-1.395,0.185311,0.108704,0.517341,0.456625,0.672431,0.0185795,-0.321972,-0.921524,-0.0671601,0.0875373,0.0946758,0.495638,-0.0186727,-0.619527,-0.461942,-1.03967,0.045467,-0.909417,0.0961629,-0.856071,-0.582865,-0.0201802,0.23916,0.591169,0.428689,0.89584,1
-0.60751,0.275694,0.733068,0.495421,0.414924,-0.906843,0.972308,-0.738486,0.932271,0.200221,0.363172,-0.423896,-0.532932,0.472741,-0.341038,-0.461012,-0.602005,-0.259354,0.0157727,0.074615,-0.243581,0.0502376,-0.0184421,-0.364444,-0.976366,0.741456,-0.670314,0.852002,-0.915174,-0.575966,-0.213658,-0.216608,0.46822,0.865844,1
-0.0873169,0.349977,0.0149087,-0.476302,0.508521,1.02453,-0.253696,0.220798,-0.590731,-0.432295,0.131084,0.179004,0.21468,0.0557762,-0.209899,-0.383734,0.0310824,-0.143604,-0.386487,0.459077,0.224728,-0.716343,-0.119933,-0.242719,-0.131526,0.849395,-0.505336,-0.507335,0.0274886,-0.350319,0.104372,-0.613627,0.515751,0.851842,1
0.262194,-0.687976,0.368544,0.370636,-0.285801,0.47146,1.11494,-1.14043,1.18658,-0.418999,0.0567727,0.0773607,0.419581,-1.18483,1.13655,-0.487175,1.15251,-0.338973,-0.362543,-0.00231125,0.0568813,0.303524,-0.247599,0.461914,0.136276,-0.191375,0.773584,-0.605647,-0.61185,0.417233,0.234737,-0.346455,0.512677,0.864902,1
-0.212564,0.0677311,0.00824632,-0.365517,-0.459589,-0.72655,-0.144686,-0.359505,-0.197117,0.528537,-1.44943,0.360353,0.644,-0.361327,-0.23539,-0.460141,0.830581,0.189508,0.196235,0.0419254,0.552009,-0.00636834,-0.436213,0.48275,0.289299,-0.712168,0.0458468,-0.119896,1.32646,0.130369,0.93754,-0.249345,0.471778,0.908721,1
0.777261,-0.235083,0.85587,0.787679,0.514375,-0.00843673,0.0373923,0.530726,0.455373,-1.17535,0.167166,0.368026,-0.444634,-0.389652,1.15988,0.281955,0.134847,-0.333693,0.0265186,0.683705,0.428729,0.18384,0.464616,-0.22481,0.0399482,0.521753,-0.806987,0.924653,-0.267019,0.349448,0.0557481,-0.46772,0.560923,0.770215,1
0.392519,0.336099,-0.225589,0.276593,0.270772,0.428685,0.570132,0.0969968,-0.496768,0.275714,0.0760668,-0.061327,0.832413,0.193759,-0.272357,-0.719568,0.495609,0.65002,-0.0828786,0.569641,-0.11988,0.477877,0.283712,1.37529,0.229973,0.174017,0.599318,0.335329,-0.465965,-0.674332,-0.227912,-0.272331,0.442573,0.923393,1
0.312602,-0.134519,0.723741,0.135605,-0.454174,0.410034,0.0736111,0.362653,-1.14652,-0.122043,-0.216214,-0.0771627,0.230039,-0.44487,-1.05728,-0.712492,0.0347588,-0.0451895,0.0301444,-0.971267,-0.705556,0.43071,0.369521,0.444086,-0.181893,-0.140799,0.712612,0.0778068,-0.758789,-0.0548934,-0.280998,-0.103123,0.520501,0.870326,1
-0.380513,0.0717989,0.730197,-1.45338,-0.562573,-0.422398,0.332614,-0.38799,0.12728,0.312992,-0.634661,-0.0789376,-0.412646,0.0779228,0.465773,0.717389,0.283873,0.479239,-0.370368,-0.292948,-0.282667,-0.926637,-0.388427,-0.27064,0.0587721,-0.806558,-0.479578,-0.629453,0.545853,0.0176151,0.0959875,0.287615,0.517182,0.901099,1
0.216196,0.0829905,-0.427098,0.119766,-0.745412,0.596953,-0.427758,0.594138,0.119141,-0.561268,-0.697723,-0.226843,0.246326,0.638847,-0.0137746,-0.493763,-0.611486,0.47511,-0.950749,0.83771,0.546297,-0.0631624,0.240397,0.0401972,0.200757,0.096585,-0.342642,0.395945,0.17589,-0.433092,0.509796,-0.184078,0.534604,0.779023,1
-0.267655,0.430901,-0.201356,0.115469,0.863028,0.494903,0.157979,0.0599561,0.2812,0.204924,-0.470537,-1.20599,0.126471,-0.751511,-0.00801302,0.0557363,0.00132581,-0.190026,0.511838,0.0759083,0.223872,-0.174716,-0.798185,0.105852,0.564365,-0.143231,0.471886,0.0712993,0.0540178,-0.0713742,0.26424,0.420813,0.451758,0.799059,1
-0.0751405,0.0393523,0.44536,0.94908,0.221702,0.989341,-0.534708,-0.209327,-0.934827,-0.283841,-0.0800082,0.0945873,-0.446943,-0.0783712,0.357634,0.646191,0.501453,-0.286035,-0.0402611,0.535536,0.639649,-0.151515,-0.286845,1.24967,0.149143,-0.146333,1.13974,-0.121751,0.754716,-0.536514,-0.0719697,0.186253,0.423432,0.778608,1
-0.447982,-0.479089,0.43465,-0.138139,-0.0626284,-0.0726613,-0.0900493,0.198911,-0.15028,1.06142,-0.305568,-0.895222,-0.267751,-0.00855945,0.375404,0.440384,-0.0690239,-0.234413,0.581822,0.0463597,-0.0615447,0.108948,-0.753149,-0.0669503,0.784675,-0.0375273,-0.213455,0.250456,0.204985,0.807765,0.679805,0.10976,0.537917,0.869776,1
-0.697624,-0.586324,0.51044,0.490635,-0.293565,0.805653,-0.0405405,-0.453994,0.470589,0.239256,-0.150755,-0.257679,-1.25877,0.414411,0.862411,-0.000987443,0.772383,-0.843187,0.174955,-0.274394,-0.927305,-0.0882163,-0.322202,0.203081,0.915633,0.326814,-1.02274,-0.482343,0.693163,0.529089,-0.158916,-0.458064,0.472455,0.787015,1
-0.247845,-0.177383,0.632529,0.580689,0.154467,-0.396965,-0.202318,0.262231,-0.309768,0.757183,0.290021,-0.233878,-0.517782,0.627176,-0.709781,0.00300116,-0.477499,0.453101,-0.973841,0.555575,0.750648,0.377728,0.336675,0.963533,1.04619,0.843917,-0.376435,-0.811956,0.526827,0.0648797,0.971303,0.0157788,0.464218,0.862958,1
-0.691531,-0.960464,0.751997,-0.685558,0.143159,-0.0258216,-0.590006,-0.0838577,0.377087,0.0605668,0.328193,-0.140736,-0.113135,0.39582,0.15106,-0.118588,-0.312514,0.342044,0.725987,-0.35447,0.300739,0.915545,0.163585,0.5132,0.258525,1.43353,0.123809,0.320606,0.129781,0.0444587,0.450085,-0.0958096,0.488133,0.813651,1
-0.0277459,0.23761,-0.119612,-0.855843,0.192179,0.407906,-0.429327,0.206121,1.01804,0.024366,-0.0176315,0.168946,-0.300956,-0.232222,-0.1233,-0.0750176,0.251581,0.110962,0.851906,0.283542,-0.692117,0.268772,-0.560258,0.127168,-0.547412,0.487005,-0.508756,-0.192573,-0.20936,0.340773,-0.0710868,-0.200662,0.464441,0.779497,1
-0.248483,-0.268701,0.198755,1.27592,0.235327,0.196271,-0.159775,0.386345,0.548462,-0.59973,0.498659,-0.460977,-0.661465,0.156106,0.35438,0.143634,0.0745621,-0.0688251,-0.184631,-0.0241453,-0.201103,-0.396329,0.245541,-0.241497,-0.0055661,-0.316806,-0.507776,-0.278517,0.280151,-0.163666,-0.12291,0.956075,0.522125,0.871777,1
0.618847,0.517122,-0.0260843,0.762954,0.089217,-0.235498,0.0244762,0.0516967,-0.161673,-0.323846,0.104078,-1.9027,-0.682512,-0.39155,0.253002,-1.05376,-0.784298,1.00299,0.185077,-0.710325,-0.383981,-0.115272,0.216379,-0.918476,-0.291063,-1.03263,-0.414951,0.22015,-0.269255,-0.377351,-0.127506,-0.617259,0.468734,0.866874,1
-0.550884,0.521881,-0.319438,-0.030152,-0.116146,0.394605,0.428916,0.597609,1.18417,-0.439605,0.967376,-1.117,-0.0251263,-0.229069,-0.515349,0.841249,-0.242267,0.892178,-0.523759,0.0695361,-0.318763,0.119126,0.322486,-0.34664,0.65053,0.0316327,0.23321,-1.03963,-0.227318,-0.0585334,-0.834334,-0.126786,0.438683,0.871751,1
0.338778,0.526915,-0.0445249,-0.0499553,-0.32299,-0.636671,-0.42149,-0.359659,-0.965262,0.161044,0.216394,-0.265231,0.142217,-0.226502,0.967879,0.509506,-0.255563,-0.706269,-0.322051,1.2098,-1.4284,0.517622,-0.40113,0.496809,-0.309334,-1.07447,-0.431169,-0.578746,0.3186,-0.625241,0.724567,-0.374683,0.480288,0.844316,1
1.04499,-0.311924,0.135186,0.176545,0.0570052,0.191553,-0.185942,0.280489,-0.061181,-0.304365,-0.508318,-0.438855,-0.59039,-0.319132,0.683594,0.080088,0.553458,-0.0124879,0.275241,0.605967,0.668076,-0.360333,1.10264,1.64148,-0.0109976,-0.515437,0.261657,-0.144348,-0.595485,-1.13586,-1.1706,0.0571733,0.512473,0.843061,1
0.0727391,0.959267,-0.582725,0.487825,0.342762,1.0683,-0.204279,0.259903,-0.108245,0.294977,-0.731091,0.760624,0.318058,0.289165,-0.355902,-0.398811,-0.0389012,0.788063,0.909953,-0.131511,-0.379175,0.170657,0.551485,-0.0734979,-0.918174,-0.0582238,0.932549,0.292677,-0.596205,0.055682,0.30123,0.50654,0.567039,0.892321,1
0.608724,-0.139166,-0.521218,0.0781066,0.261321,0.570454,-0.981224,-0.759264,-0.327387,-0.642404,0.132612,0.405733,-0.0312536,-0.00668999,0.600135,-0.707656,0.259363,-0.53999,-0.570777,-0.11392,0.702358,-0.0503693,0.620974,-0.146436,-0.133547,0.710562,0.209112,-0.121833,-0.114516,0.0114309,0.333357,-0.101734,0.578969,0.826989,1
-0.0343178,-0.303265,-0.330468,-0.394324,-0.142381,0.477879,0.605735,-0.102646,-0.0504821,-0.173395,-0.205591,-0.426481,0.192261,-0.386706,-0.0786608,0.408585,0.584483,0.614085,-0.291269,-0.536566,-0.307257,-0.94483,-0.67313,0.505406,-0.183482,0.0236136,-0.207833,-1.17512,1.05576,-1.27714,-0.00545157,-0.512225,0.459954,0.880253,1
0.639548,-0.838341,0.353482,-0.167505,-0.192598,-0.493584,0.874578,-0.883356,0.633256,0.260533,-0.0228877,0.464145,-0.62167,0.408071,0.0683598,-1.30874,-0.798161,0.119357,-0.435392,-0.110368,0.850889,-0.803918,-0.211255,-0.678652,0.0762425,-0.451496,-0.994947,0.716268,-0.277642,0.438219,-0.111378,0.0732864,0.534169,0.773227,1
0.598061,0.40283,1.09066,-0.00666559,-0.043184,0.17974,0.298348,-0.131218,1.17908,0.172847,-0.299622,-0.527653,0.439507,-0.590224,0.0603633,-0.0989333,-0.969824,-0.156782,0.16286,0.0299715,-0.388862,-0.775717,0.0543327,0.354468,-0.769526,0.160338,0.211378,0.0303325,0.517744,-0.142412,0.348238,-0.0142296,0.430982,0.870872,1
0.95,0.88,-0.26894,0.0613688,0.18207,-0.201578,-0.471546,-0.160241,-0.465445,-0.386313,-0.207617,0.31328,-0.426453,0.490064,-0.169246,0.352444,-0.012403,0.209868,-0.27898,0.463543,0.0398113,-0.429417,0.0480162,-0.494686,-0.0566607,-0.176012,-0.00129859,-0.275143,-0.472827,0.0269879,-0.362601,0.178405,0.48,0.2,0
0.231069,0.219689,0.375194,0.129532,0.280434,7.95,0.308534,0.116428,0.311078,0.121684,0.290277,0.126944,0.100764,0.18435,0.195957,0.176884,0.294373,0.186674,0.1085,0.320924,0.182449,0.228564,0.178549,0.208609,0.397934,0.27219,0.277754,0.19546,0.100606,0.148082,0.302612,0.113258,0.52,0.82,1
-0.024908,-0.893364,-0.738433,-0.0100778,0.415181,-0.166535,0.300876,0.138669,-0.448963,-0.0321401,0.269814,0.0471407,-0.540394,0.407719,0.297077,-0.304303,-0.649445,-0.493355,-0.323807,0.358999,-0.335463,0.663545,-0.701507,0.335841,0.525106,-0.231216,-0.435811,0.139646,0.0191519,0.249396,0.275958,0.221318,0.539888,0.809968,1
-0.822967,0.149791,-0.772322,0.238387,-0.43664,-0.405138,-0.23581,-0.0252387,-0.0350746,-0.204449,0.414333,-0.39764,-0.0506761,-0.450275,-1.30794,0.0821199,-0.368002,-0.80594,0.31265,0.189555,-0.168151,0.630984,-0.548592,0.640763,-0.353245,-0.232841,0.801186,1.0139,0.365268,-0.503069,-0.34941,-0.162722,0.572867,0.820717,1
-0.243419,-0.19634,-0.133223,0.145625,-0.280214,0.390838,-0.601613,-0.463226,-0.147157,0.735542,0.594279,0.665071,0.259911,0.691144,-0.734637,0.644739,0.155377,-0.312851,-1.2524,0.0640076,0.446014,1.18247,-0.124463,0.171193,-0.309849,-0.33717,-0.0592439,1.24642,-1.243,-0.284017,-0.00513818,0.033023,0.557698,0.90269,1
0.289993,0.695211,0.117099,-0.310846,-0.292004,0.517479,-0.0639776,0.0124822,-0.687929,-1.06171,0.44059,-0.0221037,-0.0229769,0.508569,-0.0244506,-0.513977,0.444858,0.367883,0.740623,-0.153631,-0.614878,0.353371,-0.0749979,-0.255993,0.790721,0.582434,0.251691,0.163077,-0.429884,0.0145996,-0.657975,0.090266,0.47076,0.806353,1
0.447326,0.418934,-0.0554878,0.156959,0.733416,0.0788998,-0.629354,-0.505281,0.572236,-0.262611,-0.0820844,-0.154634,1.41919,-0.120383,-0.292531,0.248699,-1.50083,0.596398,0.000619237,0.132286,-0.136554,-0.785466,-0.246652,-1.06424,-0.0336598,-0.128571,-0.394907,0.237569,0.187581,-0.269679,0.538382,-0.598685,0.55809,0.914628,1
0.688424,0.0846427,0.708456,0.810563,-0.897728,-0.534662,-0.348738,0.0191407,0.289921,0.210827,-0.0679841,0.0562096,0.716475,0.714473,-0.178342,0.213308,-0.322968,-0.416875,-0.170974,-0.447175,0.088123,-0.904493,-0.544399,1.16311,0.0655764,-0.147032,0.188522,-0.451141,0.678168,-0.183468,0.240401,0.238532,0.575068,0.823631,1
0.0685194,0.212069,-0.155007,-0.345983,0.0419912,-0.0813134,-0.0156235,-0.306196,0.752846,-0.21746,-0.0470274,0.326044,0.271973,-0.0484931,0.188079,0.432276,0.134939,0.540274,0.566278,-0.0475952,0.0154319,0.704172,0.17515,0.369902,-0.470139,0.229774,0.433612,0.655128,-0.188881,-0.769011,-0.550422,0.497837,0.524826,0.902516,1
0.26545,-0.405759,0.112112,0.648599,0.290028,-0.693423,-0.227132,0.180409,0.201831,0.297374,0.672681,0.73628,0.0125397,-0.111363,-0.13067,-0.420543,-0.594882,0.950929,-0.493053,-0.564896,0.500599,0.603146,-0.919784,-0.17512,-0.174019,-0.0851,0.44741,-0.265788,0.555405,0.431275,-0.159882,0.317492,0.446967,0.817373,1
0.316488,0.217827,0.30066,-0.113235,0.670255,-0.695771,-0.39117,0.895532,1.40686,0.257896,-0.234994,0.419907,-0.688976,0.510507,0.315408,-0.491183,-0.307973,0.121043,-0.663853,-0.317166,-0.0804837,0.30964,-0.241103,-0.794288,0.22266,-0.382944,-0.311739,-0.405521,0.872823,-0.249149,-0.0564837,0.379718,0.454594,0.786623,1
-0.151316,0.80107,-0.414054,-0.0762272,0.157359,-0.239318,-0.0406539,0.853731,-0.41986,0.347172,-0.684462,0.150246,-0.248433,-0.286712,-0.301006,0.356801,1.1128,0.258438,-0.0825052,-0.730524,0.0914598,-0.226338,-0.205019,-0.192926,0.46337,-0.193343,-0.210324,0.704962,0.482198,0.220479,0.306438,-0.575549,0.479773,0.826498,1
0.042893,-0.502053,-0.717778,-0.0414536,-0.530207,-0.349303,-0.915325,0.33515,-0.541441,0.592168,0.52386,-0.480943,0.417749,-0.916325,0.0971208,0.848177,-0.0730078,-0.484897,0.63647,-0.111926,0.554748,0.583017,-0.61887,-0.19552,0.396911,-0.273587,0.652994,1.25092,-0.363081,-0.325946,-0.786408,-0.0133954,0.514794,0.839133,1
0.458478,-0.579914,-0.132583,-0.364677,0.519807,0.980167,0.399781,-0.310983,0.402871,0.365832,-0.830745,-0.338116,0.379755,0.731005,0.657329,-0.0579542,0.101636,-0.470221,-0.372777,-0.796901,-0.161114,0.100259,-0.270344,0.274362,0.304287,0.324095,0.125862,0.656641,-0.45193,0.508817,-0.0976583,0.330981,0.544885,0.924406,1
-0.463033,-0.555599,-0.314481,1.14052,0.830929,-0.280736,-0.677945,0.0559867,1.02423,0.093481,-0.252781,-0.753292,0.393561,-0.660009,0.442199,-0.634693,-0.083877,0.151954,-0.44199,0.617211,-0.0674658,-0.00467756,0.624935,0.387912,0.365886,0.392255,0.603952,-0.124781,-0.0624521,-0.0545203,0.865439,0.771491,0.450269,0.944401,1
-0.381684,-0.431433,-1.817,0.913574,-0.266848,0.283767,0.920627,0.334404,-0.106728,1.05455,-0.351783,0.158626,-0.0733737,-0.763361,0.109812,0.0100006,0.305271,0.665758,-0.0502859,0.317188,-0.358309,0.239728,0.299127,-0.778566,-0.0471119,-1.04212,-0.0263573,-0.478562,-0.630704,-0.208597,-0.440061,-0.154923,0.558776,0.943275,1
-0.436745,-0.168031,-0.0621013,-0.164601,0.969301,0.201492,-0.136982,-0.752016,-0.660812,-0.0195981,0.601425,-0.0970289,-0.870994,0.420073,0.359238,0.102269,-0.122181,0.848413,0.662311,0.696005,-0.0316861,0.882229,-0.906187,0.764361,0.057627,-0.0149373,-0.777365,-0.215777,0.0636196,0.907195,0.323999,-0.255073,0.554897,0.877019,1
0.0947026,-0.427072,0.562981,0.0270093,0.831999,1.13083,0.396938,-0.7184,-0.0442442,-0.0953767,0.588938,0.0945474,-0.587861,1.20067,0.780405,0.202881,-0.0265586,0.271955,-0.119737,1.10301,0.0745521,0.0624234,0.591581,-0.727389,-0.510694,-1.23293,-0.589011,-0.322171,-0.42654,0.579117,0.200353,-0.217448,0.428484,0.850626,1
0.561217,0.480897,-0.334583,0.138023,-0.123863,0.286394,0.0172005,-0.859666,0.438971,-0.0485436,-0.939897,0.39685,-0.541812,-0.404402,-0.751701,-0.227287,0.422458,0.408665,-0.321838,0.93815,0.192353,-0.954704,0.351696,0.278972,0.474605,-0.0895737,-0.93406,-0.269464,0.226765,0.27539,-0.622245,0.0475111,0.536345,0.832099,1
0.459817,-0.646768,-0.711978,-0.205018,-0.172539,-1.29831,-1.33655,-0.0984648,-0.550184,0.57681,-0.474292,-0.199369,-0.132642,-1.01224,0.00676508,0.849561,-0.569556,0.601417,-0.135026,0.0836849,0.0555108,-0.721732,0.0552096,-0.502995,-0.364281,-0.427566,0.115734,0.833644,0.174977,1.24778,0.551849,-0.337754,0.546335,0.912405,1
0.377041,0.110618,0.238606,0.124298,0.203582,7.95,0.149253,0.274269,0.129768,0.327658,0.285461,0.137408,0.309439,0.125102,0.24634,0.290987,0.103296,0.156045,0.230206,0.278648,0.23345,0.101023,0.28735,0.286243,0.23186,0.160416,0.188179,0.145592,0.261806,0.259212,0.100496,0.172312,0.52,0.82,1
0.845119,0.384479,-0.316795,-0.881302,-0.469484,-0.263832,-0.555571,0.0897402,0.161915,0.0266978,-0.542863,0.117866,-0.278179,-0.154376,-0.458513,0.151364,-0.83387,-0.444722,0.0106112,0.0425204,-0.173806,0.187614,0.351565,-0.54561,-0.594479,-0.858079,0.0662928,-0.278755,0.594451,-0.0435374,-1.04618,-0.167744,0.469721,0.881948,1
-0.29235,0.151923,0.102706,0.0522372,-0.577237,0.349768,0.645167,-1.00446,0.173774,-0.543254,-0.0985502,-0.120199,-0.595266,-0.177557,-0.653793,-0.304191,-1.17754,-1.02487,-1.18357,-0.082041,-0.0796873,0.0664689,-0.138223,0.329063,-0.943544,0.86433,-0.832782,0.232396,0.55807,-0.20355,0.900339,0.336208,0.518311,0.765798,1
-0.452865,0.245075,-0.21666,0.351294,0.477648,-0.645244,-0.0880129,-0.20473,-0.0719539,-0.845564,-0.312256,-0.684934,-0.0253421,0.37236,0.181532,0.213227,0.194607,-0.279321,-0.393125,0.251924,-0.281576,-0.246477,0.0511251,-0.02903,-0.685353,-0.42419,0.390792,0.778739,0.930644,-0.120498,-0.108705,-0.118007,0.518452,0.784403,1
0.327976,-0.569473,0.401015,-0.49215,-0.0480044,-0.00478077,0.367437,-0.616935,-0.189258,-0.0420848,0.335902,-0.626975,-0.861466,-0.519448,0.684661,-0.554821,-0.480204,-0.449456,0.223778,0.37073,-1.04613,0.256224,-0.429838,0.318864,0.374099,0.396195,0.603604,-0.130875,-0.479913,-0.649778,-0.743074,-0.0404607,0.46428,0.918516,1
-0.413953,-0.316099,0.0659518,0.832826,-0.00824052,0.207734,-0.212186,-0.199164,0.149392,-0.22502,0.559058,-0.724465,-0.010534,-1.08822,0.107929,0.430257,0.156732,-0.357989,0.324579,0.365179,0.281625,-0.504158,0.140046,0.398717,0.492628,-0.870802,0.552769,-0.125364,-0.115579,-0.225591,-0.748278,-0.0417521,0.510146,0.906152,1
-0.857741,-0.282782,-0.600314,-0.436871,-0.684905,0.353536,0.9462,1.24669,0.688204,0.175557,-0.624102,-0.109996,-0.13754,-0.00994664,0.721463,-0.195055,-0.0506584,0.679923,-0.889715,-0.709057,-0.13332,0.117459,-0.522192,-0.434726,-0.316672,-0.0267091,-0.644924,-0.458364,-0.0848299,-0.436346,-0.746158,-0.263308,0.449158,0.815301,1
-0.601134,-0.440482,-0.411757,0.0398954,0.114726,0.365538,0.0716859,-0.153573,0.100444,-0.394747,-0.241661,-0.469827,0.0160339,-0.296309,0.333756,0.410843,1.67444,0.152061,-0.191056,-0.371637,0.0102796,0.425836,0.159518,0.455069,-0.378406,-0.308673,-0.717691,-0.395303,-1.49444,0.316448,-0.174858,0.0110692,0.494669,0.920537,1
-0.88859,-0.790748,-0.165253,0.0217078,0.347301,0.721974,0.153134,-0.905584,0.135293,0.529276,-0.0336553,-0.12274,-0.447594,0.246518,-0.408218,0.559581,0.326525,0.396699,-1.40676,-0.269509,0.996353,-0.847206,-0.630399,-0.701812,0.00509487,0.302474,0.240144,0.158599,0.4215,1.16722,0.231951,-0.477273,0.550705,0.896446,1
0.249781,-0.192803,-0.222675,1.46616,0.0341798,-0.620062,-0.608413,0.766529,0.620295,0.506627,0.802193,-0.134086,-0.457475,0.857328,0.268689,-0.163287,0.622,0.596141,-0.285125,0.294701,-0.963761,-0.0509232,0.0457141,0.40517,0.268565,0.324333,0.0988312,0.393999,0.911297,-0.7473,-0.544125,0.373463,0.573534,0.90042,1
0.0899771,0.177389,-0.575553,-0.662038,-0.751244,-0.125267,0.214234,-0.0785604,0.440639,0.192018,-0.198218,-0.484888,-0.509189,0.15678,-0.0144783,0.151692,0.781673,-0.671035,0.39811,-0.132481,0.0999095,0.0432508,-0.0952573,0.349072,0.656657,-0.256138,-0.0106847,0.511626,0.0511647,-0.396594,-0.656495,-0.243506,0.459704,0.837961,1
-0.715357,0.975887,-0.975859,-0.313761,-0.452114,-0.0240209,0.222417,-0.0798413,-0.902951,-0.958876,-0.0496828,0.046862,0.330164,0.319892,-0.276695,0.628807,0.455,-0.63888,-0.346548,-0.484034,-1.67173,0.250115,0.592555,-0.299407,-0.116799,-0.172449,-0.00654513,-0.23539,0.115727,0.317248,-0.19738,0.301069,0.508294,0.859782,1
1.1516,0.745628,0.0281352,-1.14326,0.117593,0.0881473,0.0453184,-0.264331,0.297498,0.307582,0.264929,-0.696613,-0.156904,-0.0600942,-1.63589,-0.134722,-0.108036,-0.0162776,-0.192216,0.218636,-0.34393,0.421831,-1.06354,0.658092,-0.538683,0.80898,0.145749,0.0108745,0.372046,-0.445143,-0.772161,-0.124372,0.476662,0.803797,1
-0.0512396,0.366912,-0.5785,0.430828,0.129571,0.636385,-0.570709,-0.185651,-0.452112,-0.438875,-0.0531124,0.224965,-0.026284,-0.54929,0.409374,0.019916,1.05268,-1.3133,0.00859971,0.867698,0.107497,0.405676,0.0685647,-0.254376,0.386196,0.836035,-0.825111,-0.0970652,-0.883816,0.591655,0.210027,0.00229374,0.485929,0.873806,1
0.00945491,0.0562587,-0.455116,0.109497,0.257581,0.661497,0.601746,-0.576342,-0.111893,1.17627,-0.252556,0.753928,-0.785389,0.147192,-0.124137,-0.113725,-0.82389,-0.433481,-0.754639,0.133189,-0.230147,0.938203,1.28989,0.45642,0.162056,-0.124313,0.137678,0.200073,-0.0951679,0.463464,0.00475036,0.514832,0.465686,0.76173,1
0.216366,0.15931,-0.709629,-1.11195,-0.326517,-0.380822,-0.00140575,0.20904,-0.0882776,0.511827,-0.194798,0.890048,0.0302755,-0.322356,0.303078,0.773288,0.777406,-0.560291,-0.0292494,-0.117505,0.658818,-0.392834,-0.744054,-0.429878,0.439903,-0.0623069,-0.15968,0.206135,0.220107,0.261926,0.97132,-0.0604435,0.430627,0.76285,1
0.760266,-0.0449142,0.0668664,0.0239229,0.702383,0.847595,-0.00930189,-0.162266,0.249227,0.0158286,0.0282561,-0.41902,0.03485,0.0318673,0.961515,-0.581678,-0.766235,-0.181208,0.120072,-1.0665,0.647808,-0.393636,0.199026,0.167854,0.494051,-0.0365887,1.36399,1.00895,-0.666886,-0.0255901,0.392506,0.707729,0.462766,0.815416,1
-0.0205501,0.800911,0.319497,0.543871,0.375303,-0.0403482,0.128211,0.46719,-0.569916,0.458051,-0.339565,-0.30593,0.640047,-0.912114,0.215842,-0.0644443,-1.26665,-0.0855537,0.293376,-0.708799,0.306727,-0.159242,0.334061,-0.794705,-0.43635,-0.121665,-0.153789,0.135413,-0.322853,0.416882,-0.0178313,-0.287015,0.566466,0.825043,1
0.247407,0.0248744,0.12288,0.023055,0.451571,-0.677683,-0.387824,0.125627,0.152771,0.217676,-0.11307,0.947637,0.539658,-0.440209,0.636569,-0.255868,0.928892,-0.36127,0.3344,0.848354,-0.238323,-0.229978,0.110279,0.68399,0.0663349,0.32213,-0.342756,-0.0344992,0.434947,-0.695485,0.778976,0.32463,0.422927,0.875256,1
-0.473225,0.437664,-0.563287,0.0969698,0.0557381,0.173002,-0.476708,0.388808,-0.140034,-0.199698,0.218785,-0.385679,0.219079,0.0340924,-0.690071,-0.290629,0.0797738,-0.746615,0.550361,0.382565,0.0717434,-0.284409,-0.0768608,0.491902,-0.80631,0.0391581,0.240175,0.966997,-0.36599,0.59861,0.646605,-0.354113,0.469214,0.90264,1
0.0609625,0.491681,-0.0147022,0.440317,-0.86107,0.733984,-0.184025,0.00076099,0.364419,-0.945484,0.824926,-1.06776,-0.861785,-0.0911377,0.105246,-0.241978,-1.15112,-0.116384,0.0671161,-0.100165,0.226079,0.17771,0.174555,0.464964,0.413626,-0.0730691,-0.846049,0.219961,-0.185535,-0.140906,0.109777,0.769043,0.456269,0.929801,1
0.845657,0.652529,-0.165485,0.515447,-1.01388,0.861055,0.0653412,-0.113866,0.140532,-0.473551,-0.00508303,-0.364672,-0.258407,-0.0064566,-0.760825,-0.0966247,0.774672,0.476598,0.227616,0.0701841,-1.16442,0.439381,-0.441149,0.143429,0.434382,0.140576,-0.599781,-0.0784949,-0.215554,-0.366774,-0.263627,-0.655901,0.486205,0.806804,1
-0.164149,0.465145,-0.464391,-0.3264,0.22021,-0.311199,-0.294221,-0.403329,-0.429038,-0.442831,0.18301,-0.119614,0.0927299,1.36796,0.618835,0.781329,0.28575,0.124248,-0.0992227,0.0654532,0.507919,-0.393287,-0.293093,-0.91806,-0.419066,-0.380123,0.159778,0.251032,0.318057,-0.87484,-0.587486,0.311596,0.452999,0.929004,1
0.482843,0.293575,-0.801825,-0.409655,0.212072,0.957099,-0.237965,0.910914,-0.0255433,0.317174,-0.466193,0.31563,0.451789,0.413681,-1.16504,0.0189052,0.853438,0.252807,-0.403507,-0.873496,0.616535,-0.38085,-0.605334,-0.599703,0.268575,-0.242942,-0.397427,-0.269357,0.123231,0.067157,-0.035525,0.0838999,0.55257,0.792127,1
0.0217756,0.231645,0.672385,-0.242555,-0.155969,0.11661,-0.301794,-0.126377,0.957026,0.442637,-0.586224,0.350826,-0.115493,0.41558,-0.425874,-0.261936,-0.242097,0.367438,-0.239355,-0.579778,0.421529,-0.589246,0.899603,0.704061,-0.0160292,0.473429,-0.398895,0.107314,-0.635661,-0.245782,-0.153138,0.0671843,0.56518,0.764167,1
0.193261,-0.0955235,0.688688,-1.48554,-0.093233,-0.0490197,-0.349925,-0.11785,-0.17918,1.30162,-0.550639,0.313499,-0.477736,-0.503381,0.784218,0.32449,-0.183738,-0.147747,0.08194,0.902721,0.767682,0.303612,0.28266,-0.381332,0.0323354,0.498117,-0.546833,0.0333733,-0.854347,-0.667472,-0.197245,-0.186598,0.425034,0.886956,1
-0.0624445,0.309219,0.260253,0.236241,0.497901,0.850239,-0.45711,0.000816779,-0.648396,-0.21007,-0.635495,-0.0853034,-0.610317,-0.108925,0.316046,0.328235,0.13456,0.348663,0.296344,0.144163,0.0360193,0.381664,-0.0699225,-0.00838762,0.848569,0.00202239,0.758766,-1.15489,-0.00629689,0.73404,-0.144701,-0.270792,0.56597,0.777614,1
-0.0497222,0.692508,-0.798919,-0.389531,-1.17486,0.640199,0.0319098,-1.24283,0.100296,-0.0432378,0.243685,-1.33983,-0.00629615,0.584104,-0.416207,-0.00782774,0.12217,0.49803,-0.27445,0.449508,0.259259,0.303268,-0.222093,-0.207509,0.0468624,0.33228,0.321489,0.349834,-0.252181,0.172128,0.0642614,0.146906,0.439954,0.811786,1
0.329227,0.793942,0.506227,0.358302,0.336341,0.295324,0.271491,0.158044,-0.777919,-0.752296,-0.180909,-0.562333,-0.207837,-0.0544559,0.68614,-0.650276,-0.367241,0.899666,-0.834745,-0.448878,0.22645,0.138406,-0.260335,0.630114,0.266294,0.179124,1.31091,-0.213655,-0.352542,0.205729,-0.224119,0.640293,0.451455,0.895705,1
-1.04446,0.554676,-0.0185995,-0.391177,0.53541,-0.816609,-0.442708,-0.535706,-0.590235,0.177255,0.0218794,-0.729748,1.25433,-0.66123,0.166549,-0.164838,0.228641,0.442039,-0.674371,0.429278,-0.241192,-0.56432,-0.204452,-0.779064,0.431118,0.0847676,-0.217139,0.215633,-0.0149796,-0.000579823,0.5829,-0.222896,0.5716,0.851743,1
-0.25295,-0.13634,0.420006,-0.78059,-0.132717,0.17116,-0.102449,-0.170692,0.32312,-0.528213,0.492881,-0.526759,0.914931,0.314782,-0.0819629,0.0088312,-0.19968,-0.0278539,-0.299127,0.133554,-0.0880942,0.562964,0.797994,-0.176407,-0.297834,0.443433,-0.535343,0.875939,-0.497846,0.619402,0.510713,-0.273297,0.579234,0.856163,1
-0.338996,-0.248166,-0.0685532,-0.136981,-0.468675,0.983851,0.159028,-0.234214,0.082367,0.718059,-1.04001,-0.3641,0.37745,-0.200159,-0.529621,-0.745891,-0.167862,-0.113132,-0.207637,0.702361,-0.260074,0.36251,-0.183698,0.21363,0.453064,0.401444,-0.959155,0.00469129,-0.528342,-0.00942915,0.643545,-0.566389,0.428338,0.807959,1
-0.853515,-0.686364,-0.557332,-0.102875,-0.0911218,-0.108844,0.921608,-0.541523,-0.829251,0.0820814,0.144026,0.420037,0.0708644,0.0801498,0.161951,-0.358451,-0.200822,0.0552753,-0.162793,-0.296929,-0.315609,0.872102,0.880766,-0.333197,1.41275,0.114582,0.441862,0.180227,-0.0948392,-0.0385096,-0.586695,0.774361,0.568793,0.763844,1
0.95,0.88,0.269877,-0.0284352,-0.191099,0.288655,0.206629,-0.00527849,0.126233,-0.496823,-0.376742,0.407152,-0.428333,-0.435041,0.251817,0.122925,-0.452868,-0.493606,0.461094,0.296076,0.368733,-0.176638,-0.118792,0.319101,0.0562639,0.462808,-0.0190024,0.328309,0.368114,-0.327013,-0.477336,0.167222,0.48,0.2,0
-0.183559,-0.0230929,0.00495103,-0.480195,1.1353,-1.15155,-0.256552,-0.848426,-1.01501,-0.552034,0.316217,-0.792556,-0.160965,0.273176,-0.411889,-0.0338584,-0.0858365,0.731248,0.450942,0.260244,-0.400359,-0.0735132,0.541912,0.182324,0.0398967,0.857647,-0.175565,-0.0510591,0.30418,-0.455161,0.0395036,-1.22482,0.566291,0.763026,1
-1.08484,0.321035,-0.481227,0.109518,0.0562876,0.27361,-0.350108,0.578544,0.0761067,0.619344,0.346936,-0.534817,0.0441628,-0.620527,-0.0237842,1.13841,0.527109,0.618133,1.07887,0.211462,-0.367657,0.504339,-0.36594,0.678479,0.212235,-0.812539,-0.422463,-0.453683,1.27905,-1.02884,-1.24946,0.90661,0.420454,0.812548,1
-0.285226,0.107095,-1.1759,0.106693,-0.21696,0.288989,-0.203842,0.672809,0.194317,0.431074,-1.11245,0.456025,0.17165,0.522835,0.377034,-0.0645743,0.46359,0.718076,-0.341581,0.841826,0.867492,-0.318933,-0.509057,-0.727199,0.846968,0.262198,0.481773,-0.108394,-0.514103,-0.466501,-0.537847,0.0420985,0.569758,0.812264,1
0.264229,-0.505963,-0.0480142,0.0172901,0.56664,-1.00412,0.282044,-0.164084,-0.0510286,-0.209299,-0.470283,0.7109,0.461968,0.939478,-0.0416843,-0.171447,-0.3856,0.977432,0.510694,0.730197,-0.0947432,0.30325,0.611611,0.132362,0.0611918,1.03253,0.00315644,1.38058,-0.162617,0.515073,0.0527877,-0.0931616,0.436186,0.797568,1
-0.43684,-0.219074,-0.577745,0.442657,-0.664496,0.28958,0.173326,-0.304905,0.648952,-0.218073,0.517573,0.879134,0.105244,0.293367,0.536729,1.04724,1.01317,-0.516035,0.742286,0.0469313,0.683575,-0.541567,-0.0365543,0.30716,0.984411,-0.0486607,-0.373804,-0.186228,0.395924,0.295893,-0.0171179,0.450509,0.458748,0.91222,1
-0.258688,-0.176883,-0.356051,0.137454,0.721083,-0.196987,-0.202733,0.118362,0.523508,0.212492,0.0803002,1.19207,0.206743,-0.00954617,0.378879,-0.390329,0.456587,0.0545448,-0.620067,-0.216186,-0.517607,0.394473,0.0402989,0.71461,-0.857451,-0.092879,-0.388852,0.0928669,0.317208,0.19924,-0.511729,0.612754,0.489242,0.86963,1
0.484277,-0.200856,-0.516788,-0.440604,-0.446774,0.690601,-0.944414,0.22041,-0.273058,-0.569348,0.756323,0.68389,0.282012,0.7661,-0.59311,0.226644,0.171031,-0.242939,0.0833303,-0.384798,0.271664,0.588072,-0.054377,0.404072,-0.412265,-0.310973,-0.602081,-0.618093,-0.263261,0.0294414,1.06413,-0.0984897,0.526586,0.919399,1
0.190222,-0.737564,-0.982745,0.547676,-0.409374,-0.285808,-0.136469,0.137922,0.00642355,-0.216674,-0.245851,-0.939548,1.05616,0.676744,-0.182122,0.458955,0.6798,0.592221,0.0400786,-0.742715,0.045023,0.346054,0.359735,0.508459,-0.634357,0.0070763,-0.870256,-0.509015,0.0901298,-0.0596708,0.555263,0.779266,0.439843,0.874364,1
0.809432,-0.886457,0.0104588,0.195445,-0.646059,-0.119341,1.05785,-0.543203,0.10538,-0.184996,-0.149828,-0.712777,0.292285,0.313159,-0.552903,-0.765891,0.435938,-1.19038,0.266968,-0.125558,-0.263112,0.397876,-0.0451538,-1.16071,-0.706965,-0.45872,0.189348,0.0759709,-0.0879237,0.893668,0.818918,0.877404,0.512459,0.924709,1
-0.0878188,-0.391801,0.644472,0.139087,-0.18106,-0.956104,0.611861,-0.0739062,-0.236631,-0.536487,0.989528,-0.150724,-0.643186,-0.183653,0.392856,0.640152,0.27132,-0.422797,-0.344673,-0.0512431,-0.340322,0.693035,-0.203979,0.118766,-1.08912,0.23029,-0.250062,0.31516,-0.701348,0.324868,0.595918,-0.25406,0.438731,0.836288,1
-0.143128,0.140812,-0.000377782,0.199958,-0.382487,0.140992,0.2699,-0.379639,-0.168819,-0.729922,-0.0954266,-0.029661,0.370174,-0.0197461,-0.430493,0.0953877,0.0758365,0.367983,-0.00437334,-0.662891,0.55983,-0.0719202,0.763202,-0.409398,-0.293314,0.357034,0.294251,-0.360068,-0.102121,-1.07303,0.56035,0.494353,0.420193,0.805711,1
0.486481,-0.258206,0.815953,-1.4432,0.175743,-0.0853091,-0.0477291,-1.15968,-0.340328,-0.520217,-0.639033,0.0711377,0.429857,0.00331879,-0.715138,0.368141,-0.661471,0.879644,-0.0866676,-0.220358,-0.295118,-0.534025,0.00762701,0.833629,-0.190469,1.10956,-0.757956,-0.074397,-0.117817,0.190112,0.583622,0.228913,0.579723,0.937436,1
0.95,0.88,0.305249,0.259464,0.140871,0.382517,0.0763868,-0.1342,-0.256608,0.499438,0.323989,0.103713,-0.1422,0.217714,0.0191638,0.378688,0.13435,-0.304571,0.0362207,-0.458636,0.22971,0.246479,-0.000558715,0.313997,0.0329107,-0.0225609,-0.258241,0.236185,-0.171901,-0.374667,0.0776044,0.273425,0.48,0.2,0
0.118977,0.268369,0.441588,0.0537494,0.171996,-0.4557,1.01163,-0.299202,-0.246531,-0.0181688,0.148631,-0.172149,-0.643549,-0.811524,-1.19193,-0.21562,0.170254,-0.17754,-0.795927,0.246284,0.612498,0.136459,0.281606,0.480028,-0.256269,0.104672,0.194781,0.592442,-0.150884,0.051351,-0.494724,0.00672355,0.508364,0.806796,1
0.255301,0.272462,-0.534937,-0.0166093,0.719515,0.237217,0.181467,-0.40136,-0.961476,-0.10854,0.0511338,-0.184423,0.13152,-0.174767,-0.122012,0.219769,1.32556,0.245742,0.18121,-0.16175,0.220265,-0.21716,-0.616746,-0.109398,-0.895821,-0.155915,-0.11351,0.101675,-0.854867,0.570912,-1.68006,0.00388692,0.552344,0.793673,1
0.0243167,0.38977,0.308775,0.254764,1.36529,-1.43342,-0.263721,-0.451901,-0.114524,-0.315973,-0.359697,0.134117,-0.135913,0.417363,0.493032,-0.771646,-1.21762,0.810751,-0.0856142,0.109137,0.179276,-0.163562,-0.0341076,0.279428,-0.119979,1.07893,-0.229367,0.755574,0.24025,0.214725,-0.929879,0.0274742,0.432297,0.813534,1
-0.366323,0.70311,0.605177,0.062285,-0.140261,0.289688,0.131125,0.347055,-0.727127,0.189554,0.626723,0.0567252,-0.420806,0.284705,-0.26096,-0.523306,0.378495,-0.328431,0.00475852,-0.707832,-0.0360271,0.94067,-0.265246,-0.470143,-0.344682,-0.88804,0.397995,-0.0374558,-0.398094,-0.2124,0.863685,0.156783,0.456745,0.907401,1
0.445951,0.426669,0.985866,-0.357011,0.583095,-0.208092,0.0197853,-0.345493,-0.547722,-0.135554,0.047345,0.58928,-0.0979257,0.0974825,-0.148245,-0.314461,-0.19648,-0.491115,0.0196954,-0.350616,-0.490265,-0.0134864,0.450627,-0.506592,0.733913,-0.52656,-0.512658,-0.0890283,0.477691,0.0707315,0.420588,-0.424362,0.478005,0.94919,1
0.0248118,-0.0100015,-0.0339864,-0.397258,0.10648,0.214671,0.352274,0.217886,0.543192,-0.153144,-0.207441,0.121131,0.642003,-0.392171,-0.451007,-1.07683,0.589935,0.172445,-0.477466,0.831953,0.70686,-0.370799,0.252422,-0.341562,0.474754,1.32788,1.03353,-0.449191,-0.363602,0.168782,-0.83433,0.366677,0.469388,0.885622,1
0.0812671,0.653009,0.845111,-0.553049,-0.441155,-0.525105,0.79379,0.393342,0.172988,-0.210964,0.113161,0.264382,-0.380925,0.411723,0.391612,0.126636,0.366947,0.89384,0.14054,1.48896,-0.514651,0.0460201,-0.348579,0.629099,0.00182265,-0.89803,-0.157511,-0.645365,1.16642,-0.370685,-0.382959,0.294098,0.462013,0.808659,1
-0.843294,0.139803,-0.349065,-0.705368,-0.244593,-0.0256689,-0.316909,-0.0670776,-0.0495229,0.625066,-0.762461,0.077886,0.52028,0.371055,0.0406566,0.101241,-0.470913,0.817258,0.811149,-0.0163574,-0.229619,-0.0755148,-0.408638,-0.0437348,-0.518054,0.620026,-0.00317624,-0.979344,0.0249389,-0.53556,0.7302,0.501599,0.579924,0.877831,1
-0.743589,0.344194,-0.313992,0.0724918,0.642437,0.229568,-0.477783,-0.0521809,-0.134736,-0.140534,-0.290376,-0.828621,-0.352783,0.937649,-0.714251,0.530168,-0.162684,0.231306,-0.231276,0.0895443,0.766828,-0.319588,0.165861,0.425934,0.894763,0.786626,-0.282562,0.0401272,-0.48884,0.936615,0.0115882,-1.03926,0.436209,0.934527,1
0.209397,0.185984,-0.776037,0.132911,0.412873,-0.0409113,-0.0200349,-0.225379,-0.354733,0.03862,-0.1263,0.0540809,0.497913,-0.3101,0.558381,-0.538386,0.551552,0.124347,0.123143,0.198384,0.143087,-0.100242,0.519195,0.380544,-0.15876,-0.000667104,-0.00645682,0.554584,0.010605,-0.766725,0.126795,0.270467,0.491685,0.898415,1
0.324741,-0.399973,-0.611247,0.072861,0.0488261,0.711564,-0.180179,-0.14328,0.0198956,0.136794,-0.25591,0.286267,0.247538,0.15659,-0.286436,-0.31988,-0.260715,0.233034,0.0158817,-0.444177,-0.300931,0.367166,-1.10382,0.767282,0.904839,0.0250437,-0.172799,-0.104236,-0.0945209,0.463916,-0.334172,0.415806,0.525131,0.806233,1
1.00465,0.220407,-0.267465,0.157719,-0.0505287,-0.413302,-0.300352,-0.577113,0.400393,0.188047,0.293173,0.511731,-0.0778393,0.0713625,1.00883,0.744725,-0.494316,-0.645647,0.14564,0.282669,-0.525094,-0.22068,-0.859152,-0.338575,-0.100265,-0.557619,0.140131,-0.461865,-0.838825,0.245127,-0.272233,0.107702,0.432235,0.908689,1
-0.121242,0.204852,0.0232959,1.00539,-0.25057,0.131863,-0.506549,-0.00543217,0.900102,-0.225067,-0.562278,-0.416232,-0.815534,1.1366,0.423739,-0.389592,0.581562,-0.323751,0.341589,0.489169,-0.19633,0.0379348,0.118929,0.255676,-0.218269,0.0698505,-1.39557,0.486095,0.237806,-0.249897,0.317306,-0.794903,0.447938,0.839265,1
-0.101916,-0.467401,-0.492947,-0.183461,-0.257224,-0.613184,0.581033,-0.36937,0.0442786,0.313884,0.329406,-0.382732,-0.125019,-0.414907,-1.15342,-0.767107,-0.457249,-0.0270815,-0.00877344,0.437689,0.85425,-0.148138,0.183801,0.907701,0.875372,-0.404772,0.643966,0.578976,0.678265,-1.03534,-0.320461,0.55971,0.463236,0.919118,1
0.0369889,-0.686402,0.410306,0.0313095,-0.0418102,0.208853,0.387588,-0.392885,-0.178245,1.06143,0.23522,0.401244,-0.419518,0.0255632,-0.714897,-0.494851,0.376668,0.437579,1.0695,-0.987684,-0.0401005,0.0958943,0.289507,0.246235,0.0453696,0.219212,-0.278929,0.98878,0.59043,-0.362785,-0.342762,-0.768704,0.578622,0.890353,1
0.374462,0.611669,-0.548922,-0.404422,-0.183461,0.145413,1.13345,0.877411,0.838275,-0.0999933,0.171025,0.497243,0.531546,-0.393172,0.0643479,-0.269443,-0.133375,0.318293,-0.20145,-1.82291,-0.234272,0.220414,-0.270124,0.0716923,-1.14995,-0.82217,-0.677243,0.265425,-0.369808,1.16403,0.446055,0.21022,0.469992,0.777111,1
-0.760533,-0.251873,-0.797164,0.524101,-0.0617736,0.522686,0.210687,0.534417,-0.874591,0.473625,0.311535,-0.532321,0.248538,0.226288,0.474958,-0.163251,0.635654,0.848274,0.182345,0.199923,0.208529,-0.502391,0.405523,-0.164083,-0.864647,-0.633451,0.649296,0.454702,-0.0349044,0.571596,0.00279457,0.120322,0.498528,0.887507,1
0.542403,-0.280855,0.538314,0.684619,-0.330808,0.259841,0.637473,0.344833,-0.239591,0.0170948,1.02019,0.809247,0.102969,0.117605,-0.116967,-0.267735,-0.554338,0.0931745,-0.0477837,-0.773121,-0.923775,-0.0628823,-0.195391,-1.04618,0.455935,-0.511384,0.0955804,1.02615,0.328531,0.216116,-0.510609,-0.0975225,0.571573,0.851566,1
0.020173,-0.147688,0.240507,0.505779,-0.233501,0.263061,-0.345525,-0.21364,0.125609,0.198526,-0.701909,-0.5924,-0.0356629,0.150371,-0.76551,1.18479,0.103701,-0.217997,0.671097,1.13684,0.529019,0.308163,0.463264,0.57001,0.327828,0.220192,0.0306864,-0.435235,0.241097,-0.551987,0.0515072,0.417224,0.426271,0.785146,1
-0.928682,0.0415921,0.0948497,-0.0665201,-0.18068,-0.556843,-0.0188567,-0.879442,-0.510819,0.518071,0.165459,0.0962378,-1.0929,0.578285,-0.351424,0.290083,0.285187,-0.202766,-0.428408,0.277988,0.132141,-0.361729,-0.531085,-0.539896,0.466038,0.366285,0.593808,-0.691104,0.00566874,0.374338,-0.425512,0.0396547,0.557194,0.767663,1
0.107233,-0.881398,1.0497,0.0448165,-0.536513,0.481488,0.815681,0.280796,-0.991384,-0.742642,-0.00096003,-0.406238,-0.371429,-0.159424,1.03371,0.0388292,-0.592028,-0.321209,-0.355614,-0.158533,-0.737355,0.289589,0.178436,-0.455517,0.585669,-0.0262782,-0.0442784,-0.185455,0.3095,-0.876152,-0.176812,-0.120868,0.509884,0.816167,1
0.683309,0.610273,0.575801,0.0690256,0.744202,-0.0517592,0.602875,-0.0742848,-0.433038,-0.0194791,1.04499,-0.227925,-0.450411,-0.123874,-0.3016,0.553182,0.117902,-0.033612,-0.706952,0.0525071,-0.0440754,-0.162235,-0.300375,-0.370236,0.638416,-0.0740177,0.122128,0.927772,-0.674834,-0.873276,-0.115877,0.951027,0.519046,0.765848,1
0.608238,-0.39436,0.447498,0.743969,-0.416868,-0.436929,0.231337,0.315804,0.365327,-0.388915,-0.754225,-0.381025,0.558872,-0.430842,0.144354,-0.344535,-0.0113045,-0.25252,-0.848612,-1.30741,-0.227113,0.784074,0.121081,-0.00533904,-0.0779096,0.166449,-0.413553,-0.137299,0.145275,0.601082,1.2834,-1.5842,0.472168,0.863814,1
0.39081,0.994027,-0.497032,0.234618,0.0527307,-0.128607,-0.0873106,0.349365,-0.337915,0.69486,-0.415182,0.950765,-0.133415,0.292712,-0.00738346,0.693019,-0.703746,0.105491,0.732522,-0.171264,-0.280959,-0.571841,0.038417,0.00441301,0.746078,-0.746698,0.322994,0.303044,0.606556,0.544719,0.0945811,-0.110772,0.488462,0.812066,1
0.0141136,0.0417124,-0.0484116,0.304886,1.08506,-0.496702,0.428925,-0.531138,0.310425,-0.224717,1.08688,-0.240161,-1.06733,-0.534076,-0.504025,0.302625,-0.0952518,-0.300421,-0.530053,0.277916,-0.866664,-0.0618393,0.280668,1.29129,-0.165081,-0.720053,-0.789952,0.566719,-0.0418744,1.03372,0.165522,-0.456728,0.479145,0.798218,1
-0.130737,0.507629,-0.0513182,-0.262556,0.628386,0.97016,0.501489,-0.119407,-0.559094,-0.40396,0.195419,0.536289,0.0845149,-0.25002,0.170579,-0.263698,0.553673,-0.1562,-1.19095,0.935626,0.357639,-0.281329,-0.597775,-0.731589,-0.124409,-0.843522,-0.0070319,-0.331609,0.960093,-0.42802,-0.623269,-0.195897,0.463857,0.788239,1
0.649179,0.210394,-0.13654,1.18465,0.162541,0.464075,0.212907,-0.625746,0.199365,1.35525,-0.338516,0.16179,0.357256,0.306419,-0.0757283,0.655512,0.576645,-0.209491,-0.284507,-0.76318,-0.500095,0.163277,-0.222359,-0.325835,0.597858,-0.307056,0.150981,0.13629,-0.366365,-0.186941,0.221314,0.185978,0.515398,0.820046,1
-0.481919,-0.146683,-0.0214045,0.225246,-1.172,0.0569856,0.626598,-0.583352,0.583959,0.445289,-0.593107,0.449029,-0.00441337,-0.437263,-0.0651987,0.156279,0.200817,-0.648434,1.23686,0.396991,-0.145251,-0.251893,0.999167,0.390202,0.442675,0.406185,-0.249401,-0.249702,0.367921,0.588484,0.100359,0.61263,0.554172,0.797099,1
0.767375,0.0383315,-0.57881,-0.276271,-0.371578,0.034001,0.261818,-0.0465294,-0.470985,0.347718,-0.0872902,-1.55871,-0.338207,-0.277357,0.249894,-0.199082,0.448818,-0.642798,-0.913325,-0.0497336,-0.16525,-0.32132,0.0540763,0.393925,-0.898567,-0.0601552,-0.769214,0.155873,-0.917766,-1.43409,-0.643292,-0.0497996,0.550846,0.881748,1
0.23866,-0.511568,-0.947752,0.806045,0.581437,-0.106222,-0.0702917,-0.545474,-0.0553143,0.445735,0.0762283,-0.662545,-0.231136,0.27917,-0.399322,-0.751909,0.121158,0.718814,-0.502578,-0.537907,1.3037,0.544867,0.169443,-0.188557,-0.0242023,-1.11606,1.12008,-0.706408,-0.272136,0.380013,0.150936,0.152105,0.561796,0.840887,1
0.29324,0.030035,0.495407,-1.24863,-0.420077,0.0585525,-0.643017,0.182763,0.163449,0.315562,0.529612,0.653022,0.482216,0.244523,0.408069,0.193526,-0.669266,-0.739643,-0.396314,-0.281616,-0.341163,-0.303349,0.282472,0.0661234,0.381967,-0.28192,-0.500391,0.716811,0.372548,0.293973,-1.23033,0.353514,0.506531,0.804091,1
-0.821326,-0.479871,0.578516,0.317282,0.101288,0.0560517,-0.456282,-0.0873149,-0.597845,0.182097,-0.121226,-0.641303,0.547985,0.0538826,0.234883,-0.0231335,-0.528113,0.201322,0.205423,0.350208,-0.600691,-0.727623,0.124049,0.77371,-0.332923,0.920788,0.111279,-0.614667,0.267729,1.08643,0.975248,-0.0160727,0.532623,0.91336,1
0.0498492,0.0174377,0.151897,0.951352,0.305588,0.00943618,0.222916,0.861661,-0.0645954,-0.549913,0.098909,0.125212,0.546956,-0.0602184,0.252498,0.13045,-1.27056,-0.158366,0.0419168,-0.375397,0.598782,-0.387304,-0.245641,-0.939087,0.0123268,-0.176766,0.352184,0.193234,0.283314,-0.0482103,-0.247833,0.510216,0.519411,0.851613,1
0.0948857,-0.0606707,0.147632,-0.947796,0.507617,0.11193,-0.140118,-0.31638,-0.317258,0.522075,0.318563,-0.337222,0.405253,0.510691,0.0698459,0.0780463,0.435958,-0.494151,0.152812,0.79855,-0.795832,0.0637272,0.109883,-0.144289,-0.180087,0.610015,0.963374,0.267957,0.0092938,-0.61979,0.57448,-0.102032,0.458922,0.831776,1
-0.258929,-0.380829,1.28968,0.650604,-0.255491,-0.449931,0.648564,-0.174639,-0.180432,-0.132748,-0.328328,-1.40156,-0.529847,-0.835824,-0.0641216,-0.0559905,0.584293,-0.728048,-0.118909,-1.27098,0.0424995,0.437959,0.647861,0.930257,0.277025,0.699348,-0.225468,-0.074817,-0.136572,-0.3479,0.428866,0.425648,0.50276,0.790625,1
0.383498,0.561649,0.509713,0.874691,-0.366094,0.113821,0.612911,0.178821,0.46068,0.708582,0.436504,0.0105733,-0.409609,-0.439862,-1.61974,-0.569864,0.352859,-0.696823,0.455987,0.0187396,0.652817,1.11806,-0.449499,-0.0597382,0.383198,-0.159026,0.132645,1.3725,0.692911,-0.153194,-0.111535,0.863668,0.521217,0.879939,1
0.490493,0.152635,0.709988,-0.608129,0.00803093,0.165633,0.474353,0.324831,0.641195,0.692406,0.465729,-0.442498,-0.00924073,-0.977275,-1.6423,-0.0215105,0.036548,0.42798,0.196532,-0.37116,-0.0357844,0.310861,0.329413,1.40547,1.31504,-0.604867,0.0468246,0.281535,0.693256,-1.02515,0.441902,1.57953,0.506114,0.795966,1
0.79312,0.756326,-0.332204,-0.251225,-1.12324,0.313278,-0.461469,-0.095761,0.556661,-0.80243,-0.0872557,0.113263,0.475662,-0.0664214,-0.326346,0.437498,0.268868,-0.852731,0.274116,-0.569714,-0.682482,-0.00249068,-0.562333,-0.231296,-0.441316,0.113427,0.406169,-0.420368,0.0330304,0.643468,0.514739,0.202115,0.547769,0.830388,1
0.2969,-0.0825068,0.376251,0.194584,-0.25688,0.701005,0.138715,0.258273,0.117074,-0.105599,0.302034,-0.434813,1.36384,0.148328,-0.812836,0.333909,0.155725,-0.378548,0.349033,-0.662411,-0.206064,0.394909,0.528962,0.185481,0.0688836,0.466097,-0.373932,1.14325,0.466814,-0.436928,0.554905,-1.02104,0.533597,0.872406,1
0.237746,-1.17942,0.201653,-0.910655,-0.612176,-0.460299,0.550559,0.0887685,-0.221859,-0.0214586,0.606504,-0.395252,0.538627,0.185243,-0.136225,0.261118,-0.453567,0.130258,-0.526904,-0.193122,-0.0129333,-0.0605628,-0.420373,0.178212,-0.821848,0.707775,-0.192263,0.283929,-0.226846,-0.00050282,1.47948,0.00904291,0.532506,0.913671,1
0.412586,0.584862,-0.0835701,-0.107477,-0.419812,-0.00804529,0.145741,1.0053,0.459235,-0.508339,-0.0216744,0.36413,0.00742261,-0.181677,-0.330905,-1.12882,-0.479631,0.150863,-0.393793,0.144614,-0.130987,0.318069,0.456107,-0.434078,-0.157546,-0.00493383,-0.157836,0.681744,-0.145981,0.461002,-0.0487461,-0.16878,0.492375,0.914958,1
-0.0966182,0.483678,0.104261,-0.000758879,-0.820435,0.299987,0.547898,0.262872,0.241424,0.0748869,-0.0339974,0.41477,-0.604557,-0.16662,0.730404,-0.107269,0.72168,-0.825377,-0.988528,0.280696,-0.0625929,0.0550593,-0.448176,-0.196264,0.137022,-0.262883,-0.328527,-0.246631,0.131422,-0.12698,0.51286,-0.215093,0.555692,0.783302,1
-0.110125,0.481799,0.0986111,0.131732,-0.65499,0.945219,0.807397,-0.45852,-0.547002,-1.01597,0.084986,0.339076,0.397046,-0.577143,0.195725,0.20987,0.0575428,0.447094,-1.01463,0.822092,-0.941851,1.03796,0.481743,-0.539726,0.320518,0.0671783,1.04836,0.848231,-0.351971,-0.775671,0.632893,0.243408,0.537942,0.908157,1
-0.216594,-0.212571,-0.5259,-0.951456,-0.0459858,-0.263634,-0.338881,0.159093,-0.15547,0.638331,0.654364,-1.11965,0.686157,0.628823,0.400797,0.0315758,0.668992,0.590291,-0.0972261,-0.699447,0.499588,-0.23183,-1.65127,-0.531744,0.470964,0.724803,0.443775,-0.159106,-0.344368,0.119044,-0.228153,-0.436163,0.57398,0.872057,1
0.76922,-0.167313,0.173097,1.5282,0.112573,-0.16366,-0.0413328,0.381416,-0.384856,0.0466679,0.446605,0.0857909,0.192197,0.579674,0.862686,0.184869,-0.027049,0.369865,0.0856204,-0.0457927,-0.0221813,-0.295668,-0.599737,-0.371671,-0.346349,0.0476564,-0.15222,-1.16565,-0.184204,0.186376,0.626223,-0.228147,0.459253,0.870306,1
-0.0158765,-0.573389,-0.0983251,-0.057188,0.360507,-1.07032,-0.165334,0.22055,-0.190012,-0.797968,-0.295148,-0.663287,-0.163377,-0.570843,0.233419,-0.505871,0.178005,0.138043,-0.268252,0.804323,0.256259,0.155969,0.0824509,-0.0608026,0.735505,-0.386194,-0.11444,0.18347,0.12025,-0.0799295,0.595778,-0.528251,0.428144,0.810794,1
0.554512,-0.513776,-0.203015,0.621004,-0.624917,0.448519,0.28437,-0.0836013,-0.165813,0.392481,0.134892,-0.489577,0.346951,0.595106,0.693369,0.103202,0.606658,-0.726381,-0.33628,0.60042,0.440818,-0.740903,0.0962896,1.31081,-0.601921,-1.19056,-0.534153,0.0636654,0.27527,-0.0635049,0.510404,-0.770368,0.488261,0.763803,1
0.565509,-0.33872,-0.815687,0.370125,-0.372692,-0.669698,0.530852,-0.0310112,0.0371083,0.154198,-0.528302,0.27892,-0.0251922,0.267935,0.155642,-0.141049,0.254236,-1.0722,-0.042395,0.843428,1.19503,0.680579,-0.0512444,-0.111032,-0.00748424,0.0284304,-0.519057,-0.413869,-0.533902,0.213454,-0.00619508,0.52769,0.547285,0.777878,1
-0.0676129,-0.283608,-0.920266,-0.148927,0.878717,0.510699,-0.0956648,0.748102,-0.296932,-0.346943,0.697573,-0.774453,-0.449224,0.757849,-0.284958,-0.134727,0.39439,0.666719,-0.191616,-0.395524,-0.449989,0.902278,-0.41287,-0.759489,0.149169,0.41247,-0.56506,0.652635,-0.138503,-0.505437,-0.115055,-0.425959,0.542794,0.794801,1
-0.293027,0.25656,0.0115099,0.461993,0.451931,-0.101479,-0.220666,-0.0718409,0.190187,0.408341,0.409069,-0.533188,0.418227,0.311773,-0.633089,1.18084,0.415372,0.181694,0.202647,0.656071,1.02462,0.0506811,0.377861,0.314433,0.196131,0.164068,0.274851,-0.0844227,1.16801,0.0507727,0.908126,0.294458,0.461858,0.82196,1
-0.199391,0.544742,-0.145015,-0.443023,-0.645352,1.02677,0.35456,1.4339,0.315092,-0.964297,0.906783,0.171313,-1.30988,0.418729,0.0448053,0.283781,0.0503829,0.55938,-0.668407,-0.665148,0.247182,-0.420747,-0.0352297,-0.0156145,-0.120579,-0.22424,-0.682118,0.795548,0.731894,-0.523037,0.104393,-0.103177,0.560913,0.778076,1
-0.079189,0.336336,0.390536,0.161831,-0.507397,-0.644036,0.0696541,-0.303159,0.407418,-0.433358,-0.175149,-0.785053,-0.99831,0.898395,0.182936,-0.401238,0.41217,-0.172458,-0.162458,-0.367851,0.516267,0.074826,0.27843,-0.388533,0.144788,-0.341333,-0.500861,0.613377,0.191263,0.30713,-0.219535,-0.136178,0.552922,0.883852,1
-0.353533,0.378133,-0.0512371,0.00692587,0.704216,0.320515,-0.913,-0.162424,0.291725,-0.907879,0.0492236,-0.0677036,0.280908,0.18016,-0.0330983,-0.253174,0.132433,0.709893,-0.0964402,-0.6145,-0.416298,-0.52511,-0.322259,-0.90399,-0.941406,-0.401299,0.343128,0.408004,-0.122303,0.403642,0.0984647,0.634172,0.56604,0.802905,1
-0.0680804,-0.322452,0.189714,-0.549551,-0.161927,0.125475,-1.04802,-0.164114,-0.0887825,0.214259,-0.332663,0.744378,-0.463866,0.0919995,-0.646746,-0.473416,-0.0152187,0.600398,0.0734403,-0.895665,-0.088085,0.586277,0.842087,-0.224555,0.396462,-0.172238,-0.67588,-0.418807,-0.370859,-0.633037,-0.358513,0.240254,0.504042,0.947102,1
0.244443,0.0464339,0.33166,-0.260201,0.156602,-0.667711,0.992136,0.312805,-0.397411,0.171558,0.303707,-0.93119,0.964578,-0.436218,-1.00376,-0.0452089,0.142071,0.186663,-0.156277,-0.473089,-0.0606084,0.806643,0.00500255,0.199788,-0.488074,-0.0902485,0.52473,-0.434007,0.139519,0.132458,-0.235371,0.598807,0.472923,0.903448,1
0.143417,0.164057,0.830644,-0.360241,0.99466,-0.429544,0.872399,0.234067,-0.194388,-0.513422,0.250649,0.31035,0.174112,0.402623,-0.916628,0.254035,0.460962,-0.305207,-0.736427,-0.828563,-0.730564,0.251133,-0.432278,0.759632,0.471973,-0.401712,-0.316943,-0.0141976,0.637969,1.08437,-0.537483,0.375527,0.543172,0.875409,1
0.354885,-0.51023,-0.0287093,0.283917,0.191109,0.128848,0.779264,0.394786,-0.893059,-0.626465,-0.0164494,1.06751,0.271899,0.265136,0.573054,-0.132508,1.23797,-0.231034,0.104625,-0.34294,0.154231,-0.699847,-0.829577,0.194359,-0.488788,0.262257,-0.70607,-0.146267,-1.2952,0.437349,-1.19109,-0.401765,0.528193,0.937583,1
-0.322913,0.534768,-0.524945,0.6657,-0.352014,-0.303594,-1.36835,0.0763092,-0.00904006,0.179825,-0.388911,-0.102142,-0.529658,-0.357252,-0.815952,-0.0297225,-0.0940105,0.0813467,0.104142,-0.525281,-0.104282,0.728483,-0.20658,-0.292049,-0.652136,0.017967,-0.114292,0.880646,0.252823,-0.823052,-0.531919,0.322815,0.529403,0.760557,1
-0.428585,-0.204229,-0.372457,0.401154,0.985363,0.476389,0.0909969,-0.58082,-0.371973,-0.0354755,0.147613,0.0236548,0.846022,-0.096926,-0.0321757,-0.315461,0.543766,-0.0391478,0.738731,-0.281236,0.353166,-0.499409,-0.280186,0.104755,0.976765,-0.224956,-0.098944,-0.0927892,0.0881685,0.290329,-0.500512,0.0793284,0.458862,0.895611,1
-0.681278,0.236526,0.227721,1.09355,0.0698983,-0.114434,0.624936,0.793107,0.701294,-0.200474,0.761776,0.951015,-0.41382,0.8811,0.247807,0.0473873,-0.357384,-1.23738,0.393269,0.00590932,0.550381,-0.54659,0.341963,-0.00488575,-0.792286,-0.0850168,-1.4441,0.212843,-0.16276,0.437992,-0.613815,0.0263417,0.481802,0.793785,1
-0.837642,-0.255171,0.0524256,-0.161761,-0.222339,0.0350118,0.454818,0.122413,-0.21395,-0.274222,0.267169,-0.598709,-1.03243,0.792143,-0.10589,0.436518,-0.175531,0.32709,-0.197691,0.0591302,0.571689,-0.519422,0.100137,-0.147657,0.578724,-0.600754,-0.470245,0.378937,-0.505395,-0.558137,-0.0294759,-0.0979132,0.490544,0.92328,1
-1.05006,0.503365,-0.141989,-0.038063,0.28162,0.598982,-0.307239,1.23729,-0.30722,-0.0867317,0.454384,-0.491373,0.0482993,-1.02431,0.0940453,0.304057,0.450069,0.14586,-0.439611,0.138512,0.946805,-0.335781,-0.928622,0.172471,-0.0742384,0.284441,0.986907,-0.802105,0.454018,0.0327459,-0.157651,-0.0981371,0.571833,0.932067,1
-0.74627,0.0860719,0.406084,0.26757,0.304903,0.51926,0.614796,-1.00799,-0.256219,-0.488779,-0.337792,0.163451,0.0569415,-0.238061,0.280515,0.115882,-0.756334,0.822373,0.11182,-0.0888568,0.0853324,-0.653255,-0.844622,0.0822722,-1.18272,-0.139485,0.0594458,-0.47309,-0.0917129,-0.613705,-0.271933,-0.205189,0.549133,0.859803,1
-0.702541,1.4612,-0.117121,-0.349241,-0.396451,0.159923,0.214982,0.277379,-0.0265183,0.150916,-0.494981,-0.139327,-0.213862,-0.480324,0.130206,0.0534296,0.333528,-1.01399,-0.13837,-0.126542,-0.313796,1.07393,-0.340563,0.422687,-1.07726,0.226558,0.0262279,-0.0836765,-0.276126,0.156868,0.352121,0.468086,0.535244,0.838848,1
0.354197,-0.267231,-0.555185,0.216486,0.125163,0.115047,0.181118,0.757644,0.00786361,-0.608931,-0.61934,-0.303778,-0.249669,0.162113,-0.187135,0.157267,0.433759,-0.146677,0.879774,-0.1896,0.473687,0.170186,0.245117,-0.160712,0.340205,0.130238,0.0871648,0.968273,-0.641653,-1.10915,0.239163,-0.0773021,0.462589,0.80293,1
0.316198,0.587604,-0.578858,-0.233089,-0.705398,-0.109124,-0.0578117,-0.192126,-0.67502,0.0537407,1.07118,-0.236217,0.198793,0.573017,0.183021,-0.303719,-0.244674,0.0600995,-0.906942,0.256424,0.0881232,0.204556,0.850704,-0.85734,0.31379,-0.821437,0.300673,0.0411422,0.346357,0.0626702,-0.965048,0.270244,0.525285,0.805664,1
-0.989086,0.735753,-0.691043,0.111659,0.432453,-0.973389,-0.103544,0.535129,0.290303,0.522645,0.106339,-0.488401,0.0139211,0.727787,0.670283,0.26256,-0.0574104,-0.557936,0.11762,-0.166503,-0.466284,-0.449901,-0.297785,-0.138804,-0.323492,-0.813271,0.12498,0.356552,-0.606997,0.147343,-0.292702,-0.585012,0.458636,0.802758,1
0.705229,0.817605,-0.0354576,0.391377,-0.145831,0.145938,-0.95467,-0.497423,-0.481314,0.65789,0.416901,-0.624063,0.198013,-0.311501,-0.176155,0.00942405,0.220942,0.13407,-0.0812509,-0.484265,0.159444,0.0967061,-0.318863,0.997225,0.701717,1.43301,0.136072,0.275446,-0.0641655,-0.340884,0.688836,-0.682674,0.515171,0.778027,1
0.242073,0.357065,0.0602348,-0.481476,-0.0918609,0.258526,0.275459,0.0482546,0.120711,0.536575,-0.20322,-0.0732518,0.100695,-0.699088,-0.748799,-0.374229,0.267611,-0.589582,-0.388254,-0.33468,-0.722233,-0.841629,0.672372,0.112825,0.536539,0.40943,0.199007,0.230052,0.201305,0.0941646,0.02186,-0.0854678,0.500686,0.823052,1
1.17909,0.36231,-0.211834,0.643291,0.453513,-0.510436,-0.0508126,1.08535,-0.449114,-0.562163,0.476373,-0.483222,-0.0434442,0.398453,0.461078,0.197563,0.580399,-0.208315,-0.320743,0.383109,0.084341,0.838929,0.265268,0.324097,0.577708,0.636733,0.4018,0.0144488,0.673083,0.201685,0.00720667,0.327253,0.51546,0.821419,1
0.058573,0.082996,-0.888237,0.253915,-0.121937,-0.867388,0.579664,0.327637,0.125748,0.318318,-0.63962,0.206715,0.0897858,-0.372785,-0.479461,0.182255,0.174631,-0.266662,-0.0641868,0.432126,0.237258,0.0949471,0.203007,0.117666,0.210277,0.133923,0.0410812,0.103657,-0.0186011,-0.903951,0.36338,0.53638,0.458614,0.76217,1
0.693163,0.430033,0.0140522,0.00940251,0.119212,1.00099,0.447207,-0.223217,0.00557983,0.132202,-0.15263,-0.0757911,-0.447531,0.74702,0.158166,0.256326,0.167616,-0.636985,0.516921,-0.796572,0.750811,-0.0537045,0.244268,0.695062,0.0799458,0.474039,0.329269,-0.21566,-0.123558,-0.0185249,0.0712033,-0.452453,0.576231,0.767474,1
0.600197,0.531714,-0.206164,-1.1312,1.17366,0.401129,0.178167,-0.101426,0.155012,-0.341704,-0.115649,-0.43973,0.375673,1.15982,0.403303,0.570662,-0.849884,0.0105148,0.879854,0.144638,0.0798376,0.427033,0.599743,-0.619071,0.314452,0.169901,0.280825,-0.16939,-0.30511,0.413474,-0.00160374,0.447743,0.559129,0.920816,1
-0.708602,-0.627583,-0.633018,-0.0809287,0.515191,-0.266064,0.0902524,-0.815269,0.48694,0.139478,0.291195,-0.394907,0.132568,-0.225456,-0.550098,0.72369,-0.571781,-0.17983,-0.194816,-0.140706,-0.105321,-0.251251,-1.31923,0.0656614,0.466147,-0.0644521,0.602786,-0.026191,-0.702908,-0.173903,-0.171408,0.737609,0.484012,0.853436,1
0.671862,1.05185,0.319441,-0.193733,-0.343313,0.0494836,0.230387,0.131384,-0.481954,0.0668197,-0.633386,0.71365,-0.993037,0.355184,-0.112605,0.266793,0.576516,0.125615,-0.387643,-0.0780242,-0.550129,-0.236835,0.258663,-0.335801,0.437113,0.537959,0.0208492,-0.261257,-0.158355,-1.00668,-0.236404,0.364484,0.50451,0.825847,1
0.30009,0.322889,0.740679,0.511685,0.616755,-0.379934,1.18692,-0.302553,-0.0440995,-0.345832,-0.323542,0.0228678,0.526843,0.0494116,-0.686054,-0.406481,-0.0585176,0.144149,-1.01499,0.379239,-0.000346827,0.263949,0.179903,-0.38076,-0.468601,0.982593,-0.0799457,-0.189554,0.293729,-0.596938,0.805524,0.199625,0.541089,0.860059,1
-0.203781,0.1192,0.658342,1.09267,1.37842,0.404103,0.120699,-0.33257,-0.501478,0.232192,-0.439018,-0.256648,1.16345,0.00393671,-0.171255,1.09372,0.922126,-0.260162,-0.336985,-0.26799,0.497005,0.0295144,0.711479,0.222165,-0.369018,0.0800954,0.0384615,0.11189,0.244085,-0.277906,0.554192,0.464979,0.562723,0.866336,1
0.413078,-0.123129,0.211296,0.150248,0.510716,-0.0394102,-0.00612275,-0.303043,-0.313632,0.582746,0.50276,0.249918,-0.10537,-0.672122,-0.640497,-0.149968,-0.558665,-0.165803,-0.143994,0.884687,-0.088407,0.285874,0.148047,0.744959,-0.196431,-0.474119,-1.02943,0.352907,0.201174,-0.213507,0.647798,-0.13194,0.526152,0.93767,1
0.515851,-0.514021,0.171217,-0.193466,0.0456268,-0.328225,-0.810387,0.124667,0.0392862,0.0650748,0.466884,-0.279637,0.202193,1.43844,0.385978,0.161639,-0.0938765,-0.0807571,-0.294482,-0.423704,-0.330385,-0.94411,0.236234,-0.0452931,0.18564,0.374008,-0.179433,0.262871,0.395953,-0.144211,0.502039,-0.186986,0.497325,0.917469,1
-0.953155,0.139556,-0.0961905,-0.533964,-0.0179359,-0.874045,0.0419786,-0.478326,0.906285,-0.097104,0.158878,-0.100909,-0.460064,0.134839,-0.30714,-0.22912,-0.652389,-0.575561,-0.191318,-0.354735,0.00593151,0.174093,0.0302682,-0.0535285,0.402769,0.136039,0.267371,0.332148,0.183652,-0.248171,0.435693,-0.440986,0.471764,0.830994,1
-0.563271,0.321369,-0.610641,0.983053,-0.695071,0.109399,-0.16941,0.0980255,0.284077,-0.627594,-0.0477781,-0.285516,-0.219451,0.0149815,-0.642928,0.14309,-1.07703,0.200193,0.0421552,-0.0726914,0.437167,0.174701,0.191755,0.658017,-0.0553201,0.0254647,1.08051,-0.634947,0.373984,-0.158938,0.112864,0.00362976,0.445345,0.876302,1
0.563784,-0.00123774,0.534451,-0.180247,0.373589,-0.336056,-0.963574,0.213153,-0.0445145,-0.0911803,-0.761023,-0.134528,-0.467947,0.0405461,-0.371418,0.00914108,0.638555,0.0262617,-0.407704,0.559476,-0.787256,-0.0739608,-1.41379,-0.233931,-0.910573,0.579512,0.453129,0.657123,0.288122,0.00889197,-0.753825,0.031325,0.513176,0.805711,1
0.52405,0.551071,0.541394,-1.17532,-0.248261,-0.510626,0.0555597,0.106133,-0.808843,0.393627,-0.262027,-0.255381,-0.344418,-0.734712,0.168205,-0.531053,1.16465,0.158349,-0.0794104,-0.128631,-0.0570819,0.816589,0.497277,0.762225,0.197896,0.511785,-0.0693329,-1.33041,-0.636186,-0.156022,0.0728916,0.197911,0.516519,0.806717,1
-0.0334246,-0.445444,-0.0276074,-0.218405,0.460334,-0.180504,0.240029,-0.262692,0.505725,-0.380362,-0.27144,0.43644,0.557559,0.368987,0.156171,-0.660842,-0.173619,-0.297585,-0.0956872,-1.04518,-0.678166,0.224452,0.376072,-0.0640562,-0.00022598,0.24257,-0.248352,0.399369,0.578163,0.421653,0.0782853,0.000364557,0.577466,0.799683,1
0.215652,1.08737,-0.286028,0.904578,-0.412829,0.13222,-0.616781,-0.286087,-0.432306,-0.325814,-0.475617,0.764567,-0.18804,-0.178661,0.260417,0.464971,-0.36817,-0.305437,-0.351042,-0.368123,-0.166764,0.473802,0.752561,0.377224,-0.804676,-0.881164,0.258234,0.0343179,-0.25391,0.382377,-0.645742,0.0484286,0.45076,0.89982,1
0.00646422,0.0831245,-0.399743,0.76607,0.210426,0.148234,0.0435968,-0.706892,-0.366018,-0.140278,-0.872558,0.119496,1.2928,0.111344,0.325977,-0.339961,0.125979,-0.0660199,-0.120183,0.13235,-0.443304,0.555931,-0.0438519,0.470674,0.242398,0.594996,0.373077,0.474515,-0.0932498,0.347357,1.01057,-0.949311,0.567692,0.928434,1
0.310731,0.153605,0.0845734,-0.198136,-0.603924,0.0638428,-0.456563,-0.538916,1.10738,-0.848574,-0.113932,0.200954,0.471212,0.514346,0.345973,0.0971008,0.868793,-0.592508,-0.313823,-0.429605,0.327385,0.136016,-0.244432,-0.406685,0.630763,-0.657832,0.00430098,0.0434206,-1.18216,-0.15144,0.356313,-1.03151,0.48633,0.808883,1
-0.11036,-0.0939894,0.428526,0.720284,0.147235,-0.555834,-0.548706,0.789138,0.201526,0.937567,-0.570905,0.0697161,-0.623529,0.372227,-1.02158,0.452455,0.0351276,0.054984,-0.447939,-0.448124,0.247571,-0.738406,-0.254768,0.0645433,-0.151427,-0.590298,-0.208277,0.408898,0.181833,0.507746,-0.449685,0.244943,0.508597,0.944087,1
0.622099,-0.104288,-0.54534,-0.80014,-0.408291,0.111961,0.332321,-0.296217,-0.937957,0.353314,0.123359,-0.557039,-0.276343,-0.47062,-0.0922601,-0.496137,0.151647,0.123701,0.192079,-0.634002,-0.105661,-0.426498,0.214178,0.28784,-0.264945,-0.890197,-0.531878,0.255866,0.80388,0.199602,0.917373,0.0650149,0.451683,0.945454,1
-0.411492,-0.335975,-1.03412,-0.118906,0.305213,1.2307,-0.436894,-0.27169,-0.104837,0.0650366,-1.04129,-0.561699,-0.206785,0.62405,-0.644841,-0.0768122,1.16022,0.872724,-0.151642,-0.805712,-0.456007,-0.324139,-0.273692,-0.331303,0.104131,-0.000434803,0.381437,-0.551966,-0.53663,-0.3322,-0.601844,0.0985856,0.476557,0.905371,1
