f0,f1,f2,f3,f4,f5,f6,f7,f8,f9,f10,f11,f12,f13,f14,f15,f16,f17,f18,f19,f20,f21,f22,f23,f24,f25,f26,f27,f28,f29,f30,f31,uncertainty,recon_loss,kernel_drop
0.829926,0.519546,0.020606,-0.988797,-0.0105053,0.64588,-0.540569,0.952742,0.33909,-0.402562,-0.957363,0.105498,0.307905,0.082698,0.489001,-0.511017,-0.210485,-0.760385,-0.814839,-0.489537,0.0929898,-0.161786,-0.982144,0.260998,0.156015,-0.00395737,0.0926644,-0.150825,-0.238118,0.657557,0.283477,-0.0880281,0.479007,0.894688,1
-0.36518,0.214442,-0.355542,0.263048,-0.0433625,0.395258,0.549751,1.09479,1.23402,-0.0666015,-0.400966,-0.280529,-0.380568,-0.505424,0.349498,-0.0598996,0.075391,0.790521,-0.192775,-0.303174,-0.334167,-0.716966,0.286089,0.562615,0.683606,0.727245,-0.681445,0.116476,-0.1556,-0.302801,-0.0793579,-0.2763,0.545631,0.864671,1
-0.456245,-0.0893524,0.452873,0.236127,-0.0495543,0.713629,-0.327594,-0.0616461,0.409912,-0.329364,0.339136,-0.369346,0.474499,0.162693,-0.853227,0.338577,0.236411,0.649471,-0.718607,0.222368,0.0551622,0.477203,0.764584,0.594634,-0.539724,0.398357,-0.777561,-0.205324,0.0674455,0.68464,0.543535,-0.0644166,0.528948,0.856574,1
-0.169386,-0.196233,0.451828,-0.240352,0.54625,-0.0859398,0.528947,0.43447,-0.94218,-0.10797,-0.268401,0.255046,-0.674619,0.680586,-1.10037,-0.275812,0.471826,0.514664,0.324536,0.260809,-0.0042112,0.415814,-0.446618,0.0907735,-0.0171236,-0.418626,0.840602,-0.094677,-0.13177,0.373495,0.102753,-0.5996,0.480201,0.874836,1
-0.571151,-0.363006,-0.595456,0.659453,0.258015,-0.574424,0.224957,0.0610757,-0.105242,0.0540763,1.17027,-0.35526,-0.256904,-0.286597,0.164952,-0.191957,-0.716767,-0.324436,-0.0614053,0.456229,0.401077,-0.376155,0.368678,-0.877741,0.408374,0.426318,-0.0354699,-0.139077,1.15273,-0.0605163,0.244918,-0.24959,0.474283,0.86773,1
0.262343,-0.205227,0.0757796,0.428793,0.0103972,0.463574,-0.603655,0.00983738,0.550799,0.109532,0.824608,0.526035,-0.44754,-0.123916,-0.489334,0.181677,0.899172,-0.0412696,-0.132362,-0.484481,-0.0874465,-0.396395,-0.241179,-0.880027,-0.330231,-0.1693,0.0878017,-0.510737,-0.174513,0.800015,-0.308197,-1.2898,0.552819,0.762444,1
-0.373425,-0.181756,0.300457,0.55481,0.23287,-0.302443,0.696871,-0.833724,0.332054,-0.615332,0.556967,-0.262813,-0.366784,0.338,0.443937,0.74152,0.134601,0.0494939,-0.351278,0.467071,-0.358613,-0.628932,0.498135,-0.303573,-0.200547,-0.181606,0.62179,-0.0296499,0.56328,0.429184,-0.0233514,0.11506,0.492621,0.930459,1
-1.12163,0.381438,0.0615622,-0.18688,-0.247459,0.06723,-0.146727,0.999768,-0.765279,0.359485,0.109823,0.182288,-0.0348179,-0.921644,0.329921,0.423848,-0.210082,0.0414093,-0.359502,-0.0939708,-0.573624,0.568458,0.28073,0.279054,0.264172,-0.176226,-0.53701,-0.445201,0.360346,0.0802804,-0.620254,0.605449,0.506983,0.886705,1
0.735382,0.667771,-0.267399,0.476673,0.0673892,-0.0513889,-0.0694892,0.298863,0.133854,0.416028,-1.10592,0.195689,0.514994,-0.38204,0.93707,0.591398,-0.396184,-0.175528,0.575357,-0.00852464,-0.594809,-0.375427,-0.624409,0.167241,0.413398,-0.138064,-0.51964,-0.123006,-0.369397,-0.352048,0.108206,0.562339,0.516044,0.901911,1
0.0721528,-0.0737766,0.0791844,-0.122232,0.707306,-0.126486,-0.217042,0.0144549,1.22408,0.470565,-0.207458,0.00918195,-0.578227,0.315643,0.0579235,-1.03897,-0.0150915,0.872413,0.528976,0.0999725,0.130531,0.85802,0.0313575,0.167865,0.35288,-0.0546274,0.0498748,0.124541,0.919044,-0.22765,0.699554,0.157063,0.566317,0.947625,1
-0.723981,-0.603496,0.0230862,-0.0501029,-0.0661103,-0.404419,-0.690042,-0.240232,-0.114991,0.615079,-0.376765,-0.220591,0.0572988,-0.0995263,-0.386773,0.425092,-0.154944,-0.169307,0.553835,0.825377,-0.103657,0.992132,0.703906,-0.291285,-0.343278,-0.407568,1.18119,-0.2504,-0.25536,-0.197985,-0.0594913,0.198751,0.458305,0.794433,1
0.525738,-0.468117,-0.0521542,-0.419059,0.642294,0.235321,-0.390088,-0.417202,1.07947,0.0315707,-1.05232,0.0986418,-0.154069,0.27495,0.0481892,-0.427046,-0.168321,-0.462525,-0.216913,0.709792,0.179869,0.467855,-0.502805,0.546256,1.01986,0.15445,-0.579212,-0.531241,0.232021,-0.0517471,-0.176248,0.400361,0.420192,0.830424,1
0.258417,0.27649,0.352958,0.28904,0.291417,7.95,0.327836,0.347518,0.126048,0.223556,0.204995,0.362851,0.298516,0.396152,0.202568,0.260226,0.333437,0.109277,0.116764,0.349061,0.108717,0.356572,0.287194,0.145204,0.258508,0.308477,0.256341,0.178351,0.289138,0.155147,0.170227,0.269914,0.52,0.82,1
0.783888,-0.107842,0.0878143,-0.875886,0.12704,1.0136,-0.16425,-0.324587,-0.269809,0.376367,-0.597387,0.0664361,-0.717119,0.641971,-0.721455,-0.577904,-0.796933,-0.263616,0.322301,0.377995,0.573023,-0.328611,0.91531,0.430383,-0.336131,-0.615276,-0.435989,0.748075,-1.14902,-0.0236432,-1.20858,0.0433633,0.485062,0.949234,1
0.203148,-0.413472,-0.856287,0.0457436,-0.595804,0.557353,-0.038823,-0.266081,0.047166,-0.399967,0.135827,0.0643874,-0.634185,0.420992,0.340769,0.353655,0.332849,-0.188191,-0.29352,0.0288923,0.374595,-0.393068,-0.19922,0.143093,0.694584,-0.00648154,0.078523,0.624321,-0.167321,-0.105454,-0.141258,0.616696,0.459478,0.857677,1
0.308464,-0.774492,-0.0345646,-0.216116,0.775717,0.192083,-0.376999,0.306391,-0.552332,-0.334638,0.37681,-0.390271,0.609539,0.466685,-0.0552196,0.247203,-0.865158,0.26513,0.731842,-0.439275,-0.159178,-0.277613,-0.00417823,0.599286,-0.4631,-0.316909,0.00554659,-0.557493,-0.572426,0.667871,-0.461536,-0.905508,0.490188,0.812907,1
0.16517,-0.21454,0.185191,0.548854,-0.351858,0.350025,0.09741,0.00602231,0.122956,0.0548531,-0.0147474,1.16759,-1.29525,0.286763,0.757583,0.966647,-0.322224,0.133461,-0.345205,-0.0875573,-0.143389,-0.0669729,-0.159123,0.830545,-0.610065,0.158769,-0.38986,-0.252419,0.166095,-0.249172,0.468199,-0.690399,0.544787,0.926098,1
-0.951981,0.739423,-0.388893,-0.434494,-0.315681,0.807121,-0.48918,-0.53661,0.169868,-0.475677,-0.112875,0.428522,-0.558873,0.154202,-0.710188,-0.222371,-0.250819,-0.611251,0.0241056,-0.268947,0.517525,0.0637197,0.0242754,-0.976369,0.852164,-0.173017,-0.39557,-0.81578,-0.22412,-0.281759,0.156393,0.432555,0.455532,0.863675,1
0.884993,-0.726748,-0.325377,0.053105,0.273849,0.617117,-0.322655,-0.770587,-0.0890059,-0.679736,-0.542438,-0.351249,-0.820198,0.0565638,-0.335825,0.28164,1.10087,-0.166313,-0.442127,0.101946,-0.237928,0.52357,-0.384302,-0.840049,-0.340312,0.16788,-0.04884,0.771542,-0.670799,-0.422092,-0.135595,0.330624,0.467731,0.902413,1
0.439276,0.159466,0.500966,-0.101209,-0.262451,-0.942146,0.392655,-0.426803,0.879324,0.138521,0.384248,-0.444452,-0.0481249,0.230882,-0.601715,-0.857472,0.0521709,0.042887,0.413329,0.235674,-0.0547975,-0.313841,-0.302896,-0.00473513,0.227654,-0.502171,0.272889,0.385797,0.556422,-0.279204,-0.483237,0.362197,0.465544,0.76912,1
-0.762028,-0.0803326,-0.29422,0.178199,0.0624435,-0.347463,-0.308043,0.405111,-0.38597,-0.706816,0.492616,-0.422238,0.248716,-0.137809,-0.812724,0.0380265,-0.617433,0.0666048,-0.389787,0.328234,0.196902,-0.211089,-0.768038,-0.456906,0.315681,-0.999594,0.184596,0.243263,-0.313845,0.703268,0.0491076,0.00863123,0.432861,0.944858,1
-0.14638,-0.0261999,-0.293557,0.909126,-0.118333,-0.435907,0.732809,1.2514,-0.304415,-0.189563,0.600589,0.604148,0.362749,-0.039529,0.0810643,0.340832,-0.822428,0.451377,0.297829,-0.11568,-0.143261,0.302022,0.457344,-0.21575,0.429085,-0.518582,-0.684975,0.192577,0.0560383,0.399349,0.60631,0.0771953,0.484532,0.77869,1
0.473743,0.0723083,-0.149759,-0.313321,0.620575,1.2886,-0.25264,0.373574,-0.117796,0.616015,0.900205,-0.734709,-0.262533,-0.723612,-0.862179,-0.0036949,0.276094,0.136391,-1.27846,-0.244975,-0.10853,-0.0540764,0.143929,-0.276407,-0.17199,-0.246533,-0.388537,-0.517769,0.123554,-0.288789,0.171524,-0.184641,0.442827,0.761406,1
0.551264,-0.552265,-0.124028,-0.106904,2.78524e-05,-0.460136,0.581349,0.456784,0.382887,-0.347742,-0.379346,-0.00881022,-0.24791,-0.661842,0.127045,-0.427043,-0.562917,0.883568,-0.245328,-0.220936,-0.362055,-0.332565,-0.623459,0.35223,-0.627317,-0.415582,0.559923,0.0607224,1.06787,-0.231464,0.117049,0.160076,0.436821,0.763934,1
-0.570235,0.28306,0.182619,0.0623714,-0.256111,0.0933669,-0.292141,0.471506,0.00723156,0.408916,-0.132521,0.282473,0.202604,-0.489633,-0.657122,-0.774878,-0.389892,0.636482,-0.432945,-0.891015,0.284854,-0.484162,0.964245,0.236965,-0.156988,-0.209352,0.306367,-0.452269,-0.170464,-0.936642,0.419982,-0.463044,0.422816,0.880708,1
0.390992,0.363706,0.583343,-0.105816,-0.256255,0.598638,-0.350827,0.954773,-0.245037,0.263728,-0.371952,-0.784406,0.391234,-0.0075953,-0.140982,-0.19549,-0.0175389,0.0296237,-0.223167,-0.378446,0.92545,-0.0184236,-0.250331,-0.179021,0.715445,-0.0282629,-0.260624,-0.863065,-0.602775,-0.571765,-0.0458471,-0.41468,0.440837,0.925493,1
0.334697,-0.309951,0.118081,0.607854,0.106876,1.18728,0.204653,1.76252,-0.00382049,-1.24466,0.170048,-1.26866,0.498883,0.562428,0.139521,1.5052,0.322957,0.259894,0.520131,-0.623825,-0.197551,-0.545082,0.69458,0.290266,0.187896,0.51845,0.530349,0.755605,-0.0393818,-0.949529,0.00293312,-0.159338,0.563456,0.932862,1
0.841277,0.0561065,0.193872,-0.257429,-0.597469,-0.60967,-0.688618,0.0256864,0.189476,-0.169172,0.836314,-0.435741,0.0524213,0.454769,0.0927881,-0.747985,0.848268,-0.34703,0.437056,-0.315621,-1.26115,-0.371458,0.187182,0.0337415,-0.0381934,-0.308894,0.252019,0.395931,0.376597,0.410722,0.268966,0.121731,0.420939,0.86865,1
0.12611,0.201569,-0.772374,-0.39974,0.361085,0.870796,0.179488,-0.395062,0.487327,-0.287427,0.223367,0.150865,0.0847337,0.902179,0.149923,-0.219278,-0.0154541,-0.425207,0.282286,-0.722342,-0.0560197,-0.520436,-0.105714,-0.781356,0.506337,-0.893313,0.503317,0.495639,-0.474147,0.0729829,-0.137373,-0.744615,0.532809,0.934167,1
-0.00473215,0.132241,0.128696,0.844895,-0.068705,0.822181,0.397392,-0.103072,0.0685653,0.543562,0.0348167,-0.274598,0.954915,0.388999,-0.318844,-0.326762,-0.254097,-0.231193,0.775522,0.348516,-0.222338,-0.441751,-0.342267,1.25961,0.289726,-0.245408,0.638654,-0.714604,0.0667031,0.664153,0.171254,0.0577793,0.473096,0.892414,1
0.169763,-0.0252667,-0.0230008,0.690941,-0.229223,0.13362,0.017524,0.304729,-0.0996074,-0.764049,0.279509,-0.0071926,0.21642,-0.490828,-1.0047,-1.04437,-0.140325,-0.150945,-1.45721,0.794578,0.166449,-0.308876,-0.488802,-0.28218,0.00300807,-0.54384,-0.554653,0.0281821,0.286665,0.49598,-0.765304,0.551815,0.505569,0.888974,1
-0.163174,0.160662,-0.674204,-0.125854,0.227417,-0.686746,0.153433,0.43969,-0.309857,-0.476979,-0.134795,0.622779,0.318551,0.217622,-0.354543,0.337268,0.0218813,1.16999,0.453613,0.238383,0.0899163,0.215099,-1.20848,0.780651,0.863217,0.382075,-0.00502087,-0.599635,-0.100436,0.328274,0.0595835,0.589179,0.478528,0.945809,1
-0.434026,0.260756,0.306918,0.983305,-0.404183,0.198687,-0.260308,-0.0459033,-0.041256,-0.170578,-0.573788,0.0390881,0.160296,0.801972,-0.648078,0.0332006,0.0519862,-0.110025,0.18371,0.409002,-0.228778,-0.218667,-0.806375,-0.413297,-0.117362,-0.225165,-0.102165,0.628936,-0.454535,-0.713583,-0.150811,0.233388,0.511691,0.918417,1
-0.313461,-0.720946,0.0536938,-0.181517,0.120109,-0.188898,-0.347103,0.126749,0.542487,-0.228192,0.631206,0.29459,-0.0292495,0.480466,-0.245026,0.0367996,-1.22738,-0.461994,-0.953652,-0.858526,0.851954,-0.317544,-0.246053,-0.298687,0.704071,-0.0832308,-0.184805,-0.252943,0.413225,-0.131711,0.851526,0.104025,0.463019,0.876512,1
0.396571,-0.150643,-0.186243,-0.795632,-0.668958,-0.182061,-0.455024,-0.218566,0.483888,-0.257651,0.232784,-0.707613,0.204904,-0.157194,-0.0135869,0.607344,-0.628344,0.340252,-0.729023,-0.070696,-0.111213,-0.229481,-0.7067,0.0168127,-0.416834,-0.0267824,0.274477,0.284643,0.155292,0.592329,0.288457,-0.058179,0.503285,0.765875,1
0.458009,-0.386942,1.05571,-0.0112186,0.240658,-1.00273,-0.748456,-0.490954,-0.920022,-1.07723,-0.019104,0.147451,-0.413877,-0.0789951,-0.0361011,-0.414718,-0.450028,-0.347376,-0.26074,0.185259,0.772959,0.635513,0.193783,0.393463,-0.703174,-0.395223,0.412243,0.643576,-0.245087,-0.59175,0.0614069,0.554743,0.436245,0.868127,1
0.431068,0.422349,0.543349,0.488797,-0.312842,-0.067289,0.91539,0.83567,0.541622,-0.822712,-0.293224,-0.12578,-0.0804067,0.618834,0.372965,-0.481463,-0.185567,0.544383,0.400266,0.646039,-0.562498,-0.121796,-0.175636,-0.403645,-0.144949,0.0632539,-0.534927,-0.285441,-0.27391,0.346552,0.493668,-0.418252,0.43109,0.855566,1
-0.31797,-0.125332,0.142711,-0.116926,0.610179,-0.409018,-0.176723,-0.133669,-0.391972,0.410295,-0.23366,-0.871011,-0.10534,0.154173,-0.765048,-0.387314,0.019345,-0.822786,0.517297,0.381241,0.123336,-0.636722,-0.331537,-0.00405834,-1.05209,0.348916,-0.742261,0.049339,-0.278841,-0.64014,-0.781231,-0.627583,0.530813,0.927814,1
-0.525928,-0.153629,0.0710275,0.301852,-0.311959,-0.0140133,0.159434,0.93561,-0.227112,0.698374,-0.967596,0.860341,0.403146,-0.254264,-0.209521,-0.534791,-0.704014,-0.269885,1.23306,-0.258252,-0.233051,0.761091,0.653263,0.231609,0.290915,-0.22807,-1.16541,0.267646,0.263513,0.163272,-0.0668563,-0.259153,0.528938,0.787218,1
-0.358021,0.724309,1.58387,-0.0785316,0.978766,0.25748,0.475145,0.63876,0.486454,0.0421597,0.274615,0.154521,0.339729,-0.0450183,-0.193403,0.374918,-0.0340518,0.140818,0.580252,0.450408,0.514338,-0.387563,0.36193,0.60919,-0.467275,0.107605,0.225473,0.491863,-0.0193839,0.616937,0.191458,-0.769379,0.469412,0.890795,1
-0.606346,1.26998,0.0713005,0.37571,-0.422956,-1.39296,0.616325,0.0835988,0.444315,-0.683213,0.0765022,-0.216367,-0.654493,-0.181582,0.328962,-0.227035,0.338575,0.132538,-0.0769273,-0.698527,-0.640179,-0.175806,0.323459,0.486636,-0.0981554,-0.526626,0.0196771,0.0790824,-0.544649,-0.359411,1.23387,-0.499201,0.478494,0.862341,1
-0.322838,-0.666405,-0.215907,0.19455,-0.704472,-0.621067,-0.218592,0.150296,-0.0485654,-0.0217281,-0.209202,0.458469,1.01536,0.676384,-0.348193,-0.0924882,0.0336171,-0.00749079,0.367833,-0.84045,0.145302,-0.0543598,-0.49111,0.190376,-0.00904643,-0.816397,-0.848354,-0.421357,-0.231084,-0.214995,0.532991,-0.371032,0.462139,0.938789,1
-0.959201,-0.508631,0.0895055,0.40101,-0.288118,0.258382,0.712547,0.149905,0.223425,-0.217093,0.320502,-0.272114,0.783988,-0.0373296,0.0880244,-0.348319,-0.638192,-1.08619,-0.235081,0.522816,0.381753,0.0330949,-0.333787,0.076113,0.0728758,-0.325039,-0.0426863,0.338421,0.346669,0.0661068,0.477299,0.0615329,0.548361,0.763576,1
0.837944,-0.0615953,-0.203635,-0.316024,0.373456,0.0153181,-1.55359,-0.526652,-0.405243,1.31222,-0.117678,-0.0438651,-0.239422,-0.20967,0.645176,0.163751,-0.110143,0.365432,-0.673074,0.350031,-0.302243,-0.408376,-0.233373,-0.229474,-1.23477,0.0928416,-0.82032,-0.680366,-1.70634,-0.133885,0.532648,0.350673,0.547157,0.788351,1
-0.574151,-0.165653,0.00272566,-0.630533,0.115328,0.518724,0.445236,-0.0804235,0.227992,0.0964946,0.136756,-0.60737,-0.215455,-0.152162,0.0443982,-0.202625,-0.703909,0.327058,1.21721,0.366992,-0.314033,0.469435,0.237903,-0.36329,0.685419,-0.520954,0.0818176,1.23159,-0.562948,-0.821421,-0.504027,-0.0906936,0.558074,0.906143,1
-0.13533,1.3189,0.894263,-0.461057,-0.437927,0.951516,1.02543,0.105733,-0.0584755,0.243326,0.256253,-0.269534,-0.162599,0.58046,0.165553,0.342977,-0.181721,0.186347,0.415865,-0.0273816,-1.03623,-0.300916,-0.551582,-1.15538,-0.755408,0.00575996,0.398999,-0.155756,-0.374034,0.444517,-0.373643,-0.673342,0.525386,0.906664,1
0.380779,0.533861,-0.234137,-0.354864,0.277367,-0.293347,0.530716,-0.413711,0.0135918,0.374153,-0.0513315,0.28913,0.69926,-0.797192,0.265244,-0.174751,0.347291,-0.282616,0.126971,-0.398201,0.0174221,0.0988722,-0.224407,0.0379675,0.949744,0.431603,0.100448,0.160778,0.844637,0.273721,-0.582607,-0.607227,0.43175,0.860079,1
-0.488514,0.664651,-0.436804,0.575396,-0.382655,-0.808232,0.310364,0.386027,0.623685,-0.169514,-0.207089,0.17458,0.520201,-0.0502303,0.060806,-0.513698,-0.146073,-0.324704,-0.25198,0.515189,0.178526,-0.522482,0.407132,0.917279,0.973822,-0.317222,0.654467,-0.0877778,0.942603,0.613242,-0.480673,-0.281531,0.423816,0.839813,1
0.386108,0.273715,-0.459733,-0.206493,0.645314,0.012961,-1.208,-0.144412,0.337432,-1.01641,0.673886,0.165468,-0.23386,-0.119157,-0.17645,0.0248871,0.873539,0.436432,0.0399398,0.52001,0.825623,-0.208071,0.0703127,0.423669,-0.339428,-0.0853237,-0.291142,0.127044,-0.115549,0.53981,0.00948957,-0.883196,0.57017,0.878209,1
-0.515788,-0.257929,-0.797615,-0.04463,-0.0114718,-0.273701,0.198599,0.832922,-0.163082,0.00426512,0.791653,0.685869,-0.0197721,-0.223637,0.6841,-0.918992,-0.264629,-1.36336,-1.38954,-0.221589,0.343789,-0.15394,-0.239815,0.187886,0.250889,-0.109229,0.594679,-0.973714,-0.0492149,-0.685859,-0.168088,0.00583941,0.560023,0.781639,1
0.081111,-0.247905,-0.4606,-0.626385,0.300413,0.263719,-0.0877726,-0.798625,-0.44198,-0.360994,0.333499,-0.161558,0.729532,0.635575,0.0816331,0.425947,0.0547337,-0.0933959,-0.761999,0.4683,0.613324,-1.01276,0.974987,0.547712,-0.488405,0.487574,0.0324172,0.140887,0.918845,-0.386407,0.159414,-0.768716,0.450889,0.904384,1
-1.16399,0.28083,0.518892,-0.407707,0.112144,0.188218,0.537467,-0.65156,0.347144,-0.371748,0.63524,-0.40044,-0.21067,-0.560268,0.212122,-0.0908862,-0.517091,0.239051,-0.547812,-0.274516,0.138415,-0.501389,-0.223291,0.465776,-0.173443,-0.179266,-0.610946,0.00598221,-0.0970666,-0.127004,-0.20653,-0.149286,0.455775,0.806525,1
-0.581669,0.482476,0.883471,-0.864638,0.209417,-0.0904517,-0.502884,-0.635331,-0.0859208,0.161009,-0.434442,-0.540132,-0.195693,-0.147699,0.301683,-0.308711,0.27843,0.126953,-0.737586,-0.472561,0.036085,0.120234,-0.113308,-0.916719,-0.466156,0.432962,-0.247638,0.0116038,0.13533,-0.319446,-0.290859,-0.399862,0.535308,0.875996,1
-0.248681,0.370863,0.690414,-0.0791739,0.95905,0.153525,0.0393957,-0.880539,-0.441434,-0.275831,-0.0364935,0.198645,0.0621985,-0.253842,-0.420761,-0.412674,0.0542192,-0.155722,-0.357797,0.722885,0.183079,0.346194,-0.208195,-0.466692,0.410014,-0.0759107,0.184107,0.28316,-0.611276,-1.04456,-0.678357,0.69694,0.488779,0.899767,1
0.95,0.88,0.252198,0.259404,0.448609,-0.0796705,0.107649,-0.417705,0.359556,-0.206468,0.475727,-0.155651,0.22517,0.251005,-0.0304017,0.220375,-0.192653,-0.223274,-0.305353,0.0264814,-0.189311,-0.146736,-0.0926441,0.242641,-0.194505,-0.335953,0.464323,0.144229,0.130554,0.266184,-0.148391,-0.216107,0.48,0.2,0
0.127015,-0.769495,0.0878747,-0.731277,1.07184,0.322544,0.910579,-0.385063,0.314446,0.0282461,0.170942,0.119586,0.0818027,0.130547,0.176028,0.307393,-0.450334,0.85319,-0.13804,0.813991,0.293088,-0.24786,0.138895,0.710397,-0.610856,-0.526418,-1.18349,-0.558454,0.440026,-0.267582,0.11187,0.148258,0.489656,0.899315,1
-0.174821,-0.157317,-0.118167,0.590281,0.17747,-0.430648,0.236954,0.210462,0.24301,0.0575488,-0.550392,0.664255,0.323664,0.494587,-0.916409,-0.750406,0.0650104,-0.247452,-0.344181,-0.0427983,0.512741,-1.13878,0.219286,-0.0593285,-0.0974565,-1.28527,0.0324624,-0.830895,-0.793423,-0.304953,0.956377,0.199761,0.503793,0.932425,1
-0.318545,-0.152353,-0.556127,0.0851801,-1.0328,0.120644,0.51945,0.423105,1.34123,-0.785316,0.399619,0.0840462,-0.327534,-0.0155547,-0.47232,-0.902015,-0.129151,0.811125,-0.333368,-0.162153,0.358813,-0.683027,0.53381,0.0433261,-0.0878868,-0.216862,-0.234955,-0.381788,-0.616319,-0.488872,-0.417206,-0.178393,0.429495,0.786083,1
-0.175775,-0.610105,0.162216,-0.143105,-0.483428,-0.0578123,0.0763899,-0.973551,-0.602722,-0.31773,0.139413,0.556576,-0.225156,-0.631143,0.133947,0.472925,0.635673,-0.238585,0.153567,-0.388789,0.568913,-0.237886,-0.199533,-0.230337,-0.341029,-0.0491403,-0.24451,0.0881545,-0.425664,-0.638223,-1.40992,-0.688628,0.488934,0.766412,1
0.812544,-0.407912,-0.193627,-0.609554,-0.160715,0.276463,-0.823551,0.0574689,-0.391495,-0.0443491,-0.222207,-0.941327,0.16994,-0.154535,0.0511597,-0.716122,-0.179628,0.444975,0.225001,0.275046,-0.730161,0.528034,-0.1269,0.434742,-0.53919,0.955962,-0.84014,0.63917,0.278676,0.55002,-0.326675,0.427184,0.51157,0.94262,1
-0.194744,0.337082,-0.0127434,-0.753463,-0.408471,0.31824,0.244578,0.549197,0.378816,-0.473654,-0.0962934,-0.278683,0.0205183,-0.0622143,-0.00984503,0.323376,-0.11496,-0.0971529,-0.366469,-0.545019,-0.262744,-0.23523,-0.966191,0.142095,0.0961152,0.38325,-0.838172,0.317679,-0.08882,0.186665,0.25237,-0.317843,0.482591,0.833677,1
0.673976,-0.365608,-0.174924,-0.44725,-0.0623256,-0.797505,-0.591453,0.143986,-0.624743,-0.317536,0.568214,-0.0858977,0.246822,0.0354446,-0.332373,-0.123931,0.254878,-0.0450136,-0.0851819,-0.350568,0.253039,-0.0131054,0.429547,-0.667612,0.367656,-0.251584,0.80015,0.851543,1.19599,0.00154445,-0.28766,-0.081293,0.503966,0.876982,1
-0.00958088,-0.335155,0.386051,-0.31762,-0.112638,-0.237494,0.0727579,-0.985301,0.58905,-0.291089,-0.401498,-0.232225,0.103457,-0.0124207,-0.064885,-0.475945,0.541524,-1.32489,0.135483,0.387427,0.898746,1.54928,1.2756,-0.889398,-0.820039,-0.25809,-0.143183,-0.0292599,0.792561,0.0847711,-0.714348,0.433867,0.462026,0.886849,1
0.875156,-0.138105,-0.0517759,-0.015163,0.0102649,0.0175414,0.522783,-0.816907,0.750594,0.309577,0.115988,0.192815,0.338865,-0.423033,0.0238206,0.524066,0.0466396,1.08723,0.152548,0.554318,-0.282971,-0.44577,0.110151,-0.0815027,-0.28905,-0.210517,0.359003,-0.138132,0.432789,1.26652,0.398699,0.841131,0.525047,0.826822,1
-0.512217,-0.075934,0.570674,0.172544,-0.217558,0.70261,-0.52788,-0.116249,-0.259485,0.678199,-0.648823,0.228445,-0.000929634,-0.262766,0.409143,0.238455,-0.806424,0.496519,0.196711,-0.521706,0.809615,0.445317,0.90548,-0.337178,0.393306,0.541666,-1.14601,-0.209394,0.352311,0.815577,0.800151,0.79247,0.577002,0.935013,1
0.186753,-0.364112,0.941962,0.313034,0.0469497,-0.0939332,0.487384,-0.137161,-0.690434,-0.319131,0.306461,0.345378,-0.206732,0.485884,-0.440381,0.338873,-1.12179,0.512674,-0.202645,1.7841,-0.189295,-0.491817,0.494575,0.688734,0.092288,0.172334,-0.0627316,-0.277565,0.586179,0.0361897,0.63266,0.43504,0.424134,0.918117,1
-0.0383923,0.749612,-0.291612,0.0296963,0.406688,-0.213749,-0.371938,0.22161,-0.267719,-0.0398204,0.0626343,0.481981,-1.12199,0.689332,0.377403,-0.0346569,-0.0221104,0.828409,0.213515,-0.18865,-0.721627,0.0170982,-0.274214,0.449917,0.396978,-0.53493,0.45288,0.519522,-0.668977,-0.778853,0.587084,0.657579,0.479346,0.918826,1
-0.289483,-0.416272,0.65806,0.373807,-0.49774,-0.0706835,-0.142515,0.0603935,-0.113899,-0.961102,-0.849905,0.261858,0.231838,-0.0334824,0.81388,-0.737817,-0.498216,0.17227,-0.602945,-0.368579,-0.766482,-0.414227,0.0142389,-0.746478,0.296235,-0.484031,-0.660919,0.30589,-0.0297934,-1.24774,1.00853,-0.296321,0.472531,0.825118,1
0.0485425,0.800194,0.718773,-0.339777,-0.259771,-0.266394,-0.250704,-0.549951,0.0627014,0.671525,-0.0988322,0.186885,-0.462331,-0.209876,0.0721583,-0.596968,0.31356,-0.111173,0.649662,0.275761,-1.45773,0.121872,-0.152287,1.06556,-0.567214,-0.510009,0.542626,-0.267478,-0.162312,-0.257503,0.188119,0.0176876,0.456584,0.848653,1
-0.895939,-0.202591,-0.0128205,1.14334,0.00464646,-0.718723,-0.183561,-0.590763,-0.765195,-0.66465,-0.192108,-0.570609,-0.133885,0.345294,-0.0391393,-0.0847206,0.0512774,-1.48094,0.15673,-0.30619,-0.511006,0.0198155,-0.452559,-0.134921,-0.226992,-0.54251,-0.820702,0.967679,-0.213409,-0.338055,-0.298673,0.813742,0.427316,0.882657,1
-0.275093,-0.311091,-0.229489,0.632391,0.174372,-0.5187,0.0809033,-0.915541,0.14495,0.244541,-0.39991,-0.236988,0.945042,0.682608,0.158627,-0.0954147,-0.715225,-0.35578,0.128933,-0.544247,0.464718,0.359074,0.650315,-0.360353,0.421772,-0.246818,0.274976,0.300577,0.0109932,-0.707724,0.151342,-0.167839,0.549803,0.803699,1
0.281039,-0.342121,0.506326,-0.305576,-0.0429765,-0.988788,-0.541743,-0.395515,0.213801,0.789105,-0.631558,0.662184,-0.364899,-0.287334,-0.0561312,-0.219153,0.471782,-0.423729,-0.309508,-0.321307,-0.274184,-0.44256,-0.0639625,0.701996,-0.565291,-0.573658,-0.169325,-0.568276,-0.665751,-0.313608,0.874341,0.519112,0.427309,0.83043,1
-0.478885,-0.480544,0.432375,-0.439947,0.0847737,0.0247523,-0.339946,0.0112366,0.949901,0.123037,-0.622722,0.43432,-0.486443,-0.122634,-0.614967,0.206682,0.733185,1.60879,0.173495,-0.4451,1.044,0.962337,0.27231,0.753155,-0.525076,0.163909,0.274854,-0.292651,0.610324,-0.149021,1.32774,0.378225,0.431709,0.825477,1
0.0410415,0.661314,-0.668391,0.0797403,0.960127,0.310024,0.384339,0.476477,0.430289,-0.32885,-0.859716,1.0418,-0.387205,0.470693,-0.454074,1.27637,0.94523,-0.00657039,0.417785,-0.0778583,-0.0657852,-0.473609,-0.176671,-0.145909,0.610682,-0.625213,0.281622,0.395761,0.190863,-0.124235,0.191591,0.316124,0.579459,0.907925,1
0.460528,-0.868299,0.206115,0.160817,0.577566,0.193948,-0.208594,0.868781,-0.675169,0.185005,0.137957,0.31981,-0.436335,0.0420829,-0.0322318,0.306239,-0.166105,-0.571639,0.0968576,-0.069743,-0.596627,0.0659781,-0.288892,-0.0402073,-0.392969,0.136854,0.24766,0.0362681,1.14383,0.321654,-0.501365,0.152872,0.479284,0.807342,1
-0.0489926,-0.265178,0.101441,0.974197,0.0601724,-0.57699,0.120436,-0.56243,-0.395959,-0.296105,-0.194992,0.467662,1.3766,-0.415455,-0.0714996,0.388812,0.767921,0.912446,-0.329176,0.44503,-0.769905,0.57594,0.166884,0.35179,0.406829,-0.054311,-0.558299,1.60757,-0.208663,0.66991,-0.565996,-0.231381,0.517192,0.94383,1
-0.192572,-0.118404,0.350421,-0.424205,0.0381946,-0.50474,0.10827,0.253509,-0.483272,-0.266826,0.203354,-0.290902,0.138435,0.721685,-0.481181,0.612673,0.341455,0.153697,0.333503,-0.270196,0.235556,0.429879,0.303546,1.09769,0.238422,0.305206,0.591091,0.340998,0.59325,-0.376892,1.26927,-0.110451,0.532432,0.86089,1
-0.445391,-0.310628,-0.394338,0.314472,-0.434023,0.253005,-0.206875,-0.425076,0.107049,0.0817453,-0.329896,-0.380054,-0.373426,-0.186396,0.847981,0.0210448,0.542961,0.160122,0.047747,-0.255674,0.577925,-0.463961,-0.0639006,-0.894574,1.05819,-0.0144346,0.560154,0.733444,-0.181559,-0.264056,0.269782,0.147195,0.434031,0.945427,1
-0.794576,-0.243503,-0.869174,0.4363,-0.554846,0.366677,0.173498,0.201534,0.2458,0.153648,0.885106,-0.676282,0.118696,0.458182,-0.413534,-0.330991,-1.02187,-0.115733,0.146067,0.576792,0.160305,0.200266,-0.196329,-0.635416,0.764597,-0.133436,-0.0742662,0.421411,0.404643,-0.459031,-1.0529,0.945255,0.428165,0.798352,1
0.243518,0.373143,0.366487,0.309034,0.139311,7.95,0.221842,0.377219,0.171132,0.322757,0.262673,0.175321,0.2458,0.14176,0.359049,0.127722,0.317669,0.246256,0.205931,0.314278,0.15011,0.30208,0.37554,0.155101,0.241149,0.373415,0.235613,0.266736,0.371156,0.222765,0.313297,0.258439,0.52,0.82,1
-0.577566,0.235067,0.0914636,0.255108,1.56815,0.0939191,0.524393,0.684911,-0.395482,-0.485844,-0.244672,-0.0644456,-0.468141,0.321529,-0.303133,0.398283,0.977523,0.0413189,-0.0737345,-0.0752766,0.0560665,0.197304,-0.863341,0.0624395,-0.00161179,0.383495,0.183017,-0.146437,0.0744827,-0.172098,1.15933,0.0666711,0.566845,0.923429,1
-0.162544,0.437701,0.254868,0.419931,0.481842,-0.956504,-0.172434,0.145679,0.27038,-0.218069,-0.313312,-0.149181,0.107211,0.450134,0.303764,-0.308711,0.348841,0.474624,-0.792835,-0.408758,0.269006,-0.158765,-0.124486,-0.419278,0.326037,0.728787,0.271117,-0.196805,-0.0270772,0.354013,-0.799143,-0.131879,0.566205,0.815675,1
-0.119358,0.118875,0.361373,0.175792,-0.430723,0.626642,-0.519178,-0.60508,0.02025,0.237517,-0.213335,0.529841,0.551252,-0.0478949,-0.403496,-0.330929,0.32046,-0.72019,-0.502047,-0.0618569,-0.258487,0.37597,-0.0406922,0.21591,0.550705,-0.0834235,0.141031,0.188002,0.416053,0.0722214,0.0736579,-0.231662,0.54466,0.903884,1
-0.276143,0.257117,-0.356715,0.577544,-0.124457,0.653466,-0.649926,0.234643,0.589609,-0.203543,0.587531,-0.0759011,-1.00394,-0.687866,0.305392,-0.0399057,-0.449215,0.737769,-0.211398,-0.242704,0.00545123,-0.402083,-0.299786,-0.556358,0.0689396,-0.378035,0.298919,-0.518175,0.423775,-0.0834951,-0.79472,0.0241728,0.537896,0.939364,1
-0.825845,0.817199,0.524813,0.091343,0.0638069,-0.210523,-0.426057,-1.53815,-0.957149,-0.324169,0.13174,0.208847,0.145998,0.701982,-0.313459,-0.120517,0.268154,0.603264,-0.221186,0.339962,0.520173,0.0448441,0.127235,0.514338,-0.376067,-1.41562,-0.0495391,-0.127588,0.384099,-0.651861,0.494275,-0.228619,0.433201,0.79695,1
0.613638,0.807069,0.059726,0.140181,0.428233,0.153912,-0.206112,-0.488531,0.063924,-0.1183,0.18956,-0.0343694,-0.0434233,-0.308865,0.19874,-0.0425377,-0.664648,-0.021861,0.0375474,0.29608,0.327736,0.129141,-0.5571,-0.0527196,-0.248669,0.0885503,-0.483589,-0.880456,1.40873,0.428884,-0.515639,0.0622793,0.436725,0.939516,1
0.233204,-0.943038,0.842613,0.10498,0.324797,0.515545,0.20979,0.852223,0.40667,-0.491791,0.368149,-0.552907,0.273652,-0.554232,0.218824,-0.282497,-0.206427,0.108258,0.69649,0.397585,0.256699,-0.104946,0.451087,0.980533,0.573827,-0.00359588,0.0522615,0.486179,0.769038,0.263733,-0.402163,-0.33552,0.53771,0.809203,1
0.106383,-0.147188,-0.143203,0.943807,-0.591462,0.690432,0.0481577,-0.451681,0.150885,-0.00436138,1.13762,0.203775,-0.784822,-0.426259,0.197609,-0.418661,0.849173,0.0577392,0.690399,0.0942416,-1.03525,0.0385391,-0.273975,-0.550069,-0.0163262,0.027282,-0.0207317,-0.173109,-0.786961,-0.194605,0.277365,-0.0634509,0.455434,0.833929,1
-0.159862,0.177033,-1.20151,0.0917638,0.604854,-0.464933,-0.0522065,0.00483494,0.643423,0.396404,-0.328218,-0.266324,0.68038,-0.221834,-0.651061,0.418718,0.348081,-0.0168293,-0.547648,-0.520486,0.315456,0.457688,-0.902788,0.0386999,0.455826,-0.121802,-0.269696,-0.561464,0.697605,-0.346608,0.160339,-0.092325,0.537517,0.792963,1
-0.171199,0.500123,-0.496284,-0.459595,0.324369,-0.854357,-1.10233,0.624893,-1.07415,0.311946,0.977035,-0.216611,-1.14142,1.00671,0.191508,0.0460303,0.519471,0.280124,-0.0668596,1.09638,-0.98017,-0.0104654,0.21875,0.52724,0.534106,0.269564,-0.463164,-1.13178,0.16058,-0.135216,-0.706076,0.302506,0.423884,0.865642,1
0.624169,-0.52696,-0.0439569,-0.879175,-0.624073,-0.592359,-1.14847,-0.417551,0.272549,1.08166,0.438741,0.265798,0.161779,0.768442,0.164366,1.02236,0.527377,-0.269289,0.266292,0.748486,0.496069,-0.0345602,-0.44122,-0.00994372,-0.0934961,-0.565545,0.508332,-0.339054,0.663256,0.642027,0.205768,0.682857,0.562703,0.908611,1
0.386235,0.365926,0.3586,0.317198,0.184508,7.95,0.12118,0.230557,0.168963,0.159859,0.195466,0.150804,0.335184,0.171446,0.194887,0.22708,0.297058,0.180938,0.384621,0.334299,0.212473,0.351595,0.241558,0.110957,0.348344,0.381986,0.209878,0.330725,0.337726,0.376445,0.339454,0.132605,0.52,0.82,1
-0.82741,0.0467,0.1884,1.04177,0.423195,0.600371,-0.0665559,0.411345,-0.148901,0.310614,-0.0731333,1.28059,-0.379527,-0.190903,0.603859,1.2029,-0.437899,0.439789,0.407853,0.281263,-0.459516,-0.336685,0.723553,-0.23684,-0.103521,-0.196807,0.414573,0.656679,-0.675997,0.610326,0.115811,0.903801,0.49512,0.933393,1
-0.0485508,0.25002,-0.658768,1.13081,-0.0328087,-0.438742,0.531344,0.482948,-0.562334,-0.120743,-0.245737,1.06486,0.425621,0.367849,-0.0264006,-0.498768,-0.475651,0.557602,-0.277559,0.66979,0.678329,-0.402494,-0.0651184,-0.468122,0.048369,0.722796,-0.0021783,-1.20226,0.113549,-0.234672,0.0307288,0.0315767,0.499163,0.926026,1
-0.481035,-0.0217555,0.092338,-0.578538,-0.70876,0.766753,-0.459391,-0.207042,-1.21017,-0.016207,-0.448427,-0.39486,0.0110831,1.11274,-0.0364572,0.548951,-0.565827,0.214256,0.238322,-0.243476,-0.0918312,0.623934,0.318057,-0.260279,0.123085,-0.933213,-0.402481,-0.585612,-0.0780941,0.192194,0.175534,0.460118,0.533854,0.854067,1
-0.68565,0.271503,0.435162,-0.612049,0.562153,0.66332,0.429747,-0.57532,0.232797,0.39081,0.296846,1.03345,-0.943335,0.658127,-0.389975,0.593203,-0.345191,0.243398,0.146759,0.572562,0.026114,-0.628655,-0.608552,0.142796,-0.848175,0.905697,-0.803923,-0.253615,0.751501,-0.146794,-0.345272,-0.0129493,0.425775,0.904611,1
-0.231649,-0.25341,0.0797935,-0.59097,0.0667023,0.337174,0.87237,0.0459022,-0.206069,0.374395,0.0848947,0.689674,0.714925,0.245991,0.352426,-0.0350812,0.288948,-0.0434766,0.91195,0.883896,0.405524,-0.381755,0.405107,-0.0191633,-0.0369491,-0.179215,0.246676,-1.07998,-1.1162,-0.268613,0.214703,-0.808921,0.437287,0.880172,1
-0.163169,-1.03282,-0.112639,0.352826,-0.291512,-0.427369,-0.58466,-0.251275,-0.593701,0.533736,-0.246652,-0.578335,-0.235368,-0.144318,-0.458476,0.996497,0.208072,-0.109689,-0.161522,0.0972414,-0.437733,0.54519,0.0670768,0.112766,0.50308,-0.361509,0.0669849,-0.305626,0.330676,1.64366,0.212806,0.833124,0.546642,0.923377,1
0.743282,0.172296,0.502884,-0.238689,-1.10463,-0.366634,-0.475014,-0.0893979,-0.0871617,-0.474653,-0.104008,-0.871932,0.0293598,0.129696,-0.00297839,-0.179283,0.820351,0.0602216,0.429988,0.0448546,0.0466365,0.141222,-0.200866,-0.414992,0.480156,-0.0147917,-0.385741,0.320473,-0.245496,-0.072018,0.354114,-0.498549,0.444632,0.945826,1
-0.174524,-0.397821,0.0294598,-0.865626,0.484102,-0.238873,-0.550552,0.986236,-0.203615,0.334256,0.0873142,0.410214,-0.560264,-0.22717,0.210503,-0.344333,0.523778,0.466575,-0.197401,0.185237,0.337896,0.681924,-0.939598,-0.0107484,-0.525761,-0.588845,-0.135355,0.0143327,-0.700436,-0.37849,0.226794,-0.319058,0.529869,0.920313,1
0.820514,0.996137,-0.0809551,-0.145352,0.00813995,-0.0448047,-0.0423291,0.196801,0.570028,-0.019433,-0.585691,0.269326,-0.010654,-0.0393866,-0.458585,0.369068,0.176706,0.482892,0.94234,0.0967103,-0.855459,-0.269499,-0.180735,0.722719,0.218386,-0.178384,-0.159564,0.442265,-0.676218,0.842695,-0.264959,0.0958672,0.441732,0.939872,1
0.0396725,-0.263435,1.49966,0.912681,0.311806,-0.953406,0.275567,-0.445627,-0.516886,-0.349613,0.592405,-0.108515,0.193209,0.563853,-0.49419,0.395505,-0.0605371,-0.22514,-0.392321,-0.638425,0.590357,0.632972,0.336163,-0.071549,0.038304,0.295534,0.0215216,-0.670257,0.328218,0.0679799,-0.138622,0.235605,0.524086,0.939073,1
-0.22988,-0.0532602,0.102613,-0.0339507,0.0253229,0.19193,0.0934216,-0.320488,-0.139791,-0.835067,-0.876577,-0.362773,-1.01467,-0.661966,-0.718026,0.213499,-0.125553,-0.62666,0.578498,0.310599,-0.108642,0.139583,0.561903,0.231313,-0.150183,-0.501766,0.00889479,0.517056,-0.900317,-0.107104,-0.432509,0.491312,0.433,0.945404,1
0.108266,-0.419359,-1.20475,-0.622443,0.0145925,-0.0678995,0.917995,-0.636359,-0.0971702,0.310789,-0.78462,-0.209402,-0.026388,0.120774,-0.340828,0.136785,-0.0454452,-0.0731293,0.122647,0.723639,-0.88901,-0.297585,0.0347067,0.916523,-0.110949,-0.318865,-0.0344336,-0.320086,0.0750143,0.805619,-0.453978,0.128949,0.529974,0.789069,1
0.0733182,-0.52022,0.857761,0.0570713,0.0495214,-0.555753,-0.0394654,0.241419,-0.627052,-0.626544,1.14429,0.443915,0.321065,0.0222411,0.325977,-0.732628,-0.250779,0.49722,-0.660742,-0.389717,1.24173,0.234477,-0.703183,-0.51817,-0.556469,0.112466,0.182947,-0.0683876,-0.17343,-0.325058,0.686856,0.370915,0.469871,0.882474,1
-0.1879,0.211544,1.45984,-0.294994,0.0557665,0.282676,1.21887,0.759184,0.564681,0.54337,-0.162822,-1.01991,0.0541076,-0.436798,-0.0485211,-0.661232,-0.629965,-0.364915,0.562454,0.483715,0.46472,0.413274,0.14816,0.646671,0.276939,-0.279155,0.371969,-0.630558,0.635588,0.176663,-0.904709,-0.433366,0.527991,0.928783,1
-0.395586,-0.186025,-0.0868737,-0.0644474,0.198941,0.151484,-0.618624,-0.13665,0.0251227,-0.140443,-1.27615,-0.152365,0.124864,0.752435,-0.80964,0.948644,-0.257443,0.0991321,0.118264,0.322781,-0.0508726,0.000400728,0.586731,-0.955365,-0.251427,0.215934,-0.124682,0.561922,-0.5999,0.572865,-0.944194,-0.244319,0.43924,0.917682,1
-0.223148,0.40464,-0.805171,-0.654073,-0.0573852,-0.140746,0.617922,0.306712,-0.506693,-0.640603,0.64764,-0.802418,-0.242175,0.947469,-0.327397,1.006,-0.816664,0.144809,-0.38527,0.000955545,0.739218,-0.0909275,-0.0931544,-0.339691,0.566354,-1.006,-0.438819,0.138409,-0.299845,0.405704,-0.0747591,-0.282351,0.446909,0.851866,1
0.292164,-0.532305,0.492766,-0.185711,0.171857,0.496415,-0.371662,1.10626,-0.525896,0.301758,-0.587672,-0.754954,0.326899,-0.233982,-0.353776,-1.17557,0.599968,-0.945085,0.39194,0.258481,-0.88681,-0.0858288,0.96866,-0.0899375,0.729874,-0.498436,-0.483506,-0.191149,-0.273288,0.672709,0.435023,-0.26782,0.560844,0.923618,1
-0.198386,-0.42629,-0.556912,-0.796813,-0.211459,0.816972,0.0495793,-0.019318,0.889337,0.0511758,0.900086,-0.100615,1.27345,0.627758,0.331458,-0.023146,-0.0815217,0.362924,-0.561723,0.293887,-0.562112,-0.652938,-0.475877,-0.103905,-0.0472554,0.547498,-0.294856,-0.290608,0.0251561,-0.218249,-0.780582,-0.571913,0.522785,0.762085,1
0.30264,-0.170832,0.496002,-0.49686,0.44153,0.0334996,-0.693258,-1.49309,0.913638,0.376165,-0.117882,0.0658309,-0.0672756,0.148158,-0.716016,-0.0874492,0.17694,-0.399378,0.606398,0.359152,0.169687,-0.189035,0.187964,-0.135575,-0.323717,0.462311,-0.0877754,0.376383,0.295923,-0.25886,-0.297513,-0.596361,0.519466,0.925533,1
0.0228021,0.249029,-0.0752355,-0.0136271,0.116535,-0.574687,-0.698568,0.0115525,-0.00303758,0.157676,-0.600995,-0.776748,0.218404,-0.226078,0.288052,0.180832,-0.0122565,1.03368,-0.173176,-0.450742,0.407155,-1.00966,0.0315585,0.0656139,0.246678,-0.57411,-0.0514609,-0.492089,-0.95887,0.718172,-0.545646,0.59857,0.521171,0.915349,1
-0.328347,0.579703,0.579017,-0.00536683,0.211166,-1.57654,-0.205155,-0.119937,0.0164164,0.584404,0.290601,0.45672,0.589784,0.717846,0.967762,0.059842,-0.388776,-0.492092,0.0737626,0.317161,-0.557839,1.3671,-0.747325,0.151721,0.568146,-0.436287,0.302429,0.293921,0.240992,-0.0230821,0.557707,0.512051,0.478211,0.7757,1
-0.129028,0.143237,0.332576,0.428507,-0.678156,-0.662975,0.238204,0.277228,0.444155,-0.643618,-0.0908802,0.393234,0.214176,0.0109101,-0.421117,-0.40437,0.11491,0.310464,-0.816721,0.348616,0.444309,0.305582,0.281602,-1.30779,0.135916,0.243975,1.21968,0.0326004,0.0750529,0.240277,0.350713,0.0351824,0.554443,0.876698,1
-0.137243,0.404462,0.125752,0.255264,0.0229319,0.327998,0.456957,-0.590222,-0.0424282,0.887758,0.222787,0.276152,-0.0422681,0.112412,0.0199994,0.125786,-0.475978,-0.461092,-0.0634582,0.0486904,0.36405,-0.597832,-0.61905,-0.392779,-0.534329,-0.287457,-0.587975,-0.488099,0.259724,-0.119635,-0.00874742,0.0611532,0.438261,0.767452,1
0.273215,0.141233,-0.332691,-0.659323,1.29923,-0.0396006,-0.660436,0.220523,-0.194776,0.163181,-0.895632,-0.749394,0.15742,0.302919,-0.164051,0.732747,-0.535744,0.147077,0.444555,-0.4977,-0.253036,-0.0819108,0.581048,-0.530516,0.565441,0.135989,0.21502,-0.838485,-0.685466,0.0532813,-0.212706,-0.106396,0.534772,0.841769,1
-0.894997,0.597572,0.38696,-0.496936,-0.283391,0.818318,-0.0151486,0.362356,-0.278787,0.540947,-0.573253,0.149242,-0.447926,1.18252,-0.031705,0.029962,-0.579115,-0.815545,-0.300272,0.699062,0.272628,-0.559655,-0.0423551,-0.144668,0.573779,0.742069,0.0396603,-0.966535,0.301694,0.308751,0.279699,0.624722,0.442755,0.915551,1
-0.894801,0.111752,0.723807,-0.826109,-0.222066,0.24585,-0.184814,-0.101444,0.646248,0.475756,-0.436273,-0.446273,0.0457009,0.397002,0.0258026,0.397582,-1.33591,-0.41119,0.0482429,0.254769,0.477289,-0.513842,0.347301,0.578003,0.239234,-0.717579,-0.0152695,-0.607539,-0.164895,-0.770925,-0.103383,0.977194,0.50888,0.796013,1
0.718566,0.548375,0.170232,-0.471246,-1.36569,0.79214,-0.228832,-0.649993,0.312906,0.23242,0.199682,0.317283,1.30552,-0.704265,-0.524136,-0.204291,-0.390219,-0.109447,0.0220366,0.097379,0.230665,-0.207251,-0.0809345,-0.369623,0.551948,0.607948,0.115508,-0.0777644,-0.441425,0.328579,-0.152633,0.311831,0.520477,0.819826,1
0.799312,-0.737885,0.694052,-0.465546,-0.34942,0.538698,-0.317958,-0.185879,-0.858863,0.0445972,-0.142184,0.0336768,-0.884447,-0.455237,0.448076,0.671146,-0.610919,-0.209569,-0.798629,0.0748758,-0.19632,0.172149,0.700882,0.0592823,-0.589092,-0.680943,0.622878,0.330149,0.317255,0.300747,-0.167687,0.330584,0.461335,0.792047,1
0.750556,-0.0764232,0.310091,1.01068,0.228351,0.235936,0.515349,0.248337,-0.281279,0.211924,0.263658,0.645618,0.362828,-0.777494,-0.369462,0.405105,0.170763,-0.487984,0.417814,-0.0114552,-0.867021,0.953335,-0.223518,0.299649,0.245984,0.423621,0.115179,-0.916698,0.59544,-0.130249,0.194045,-0.245422,0.557651,0.835131,1
-1.57217,0.0820549,-0.0861253,-0.0507129,-0.645135,0.342697,0.0739581,0.156473,-0.342159,-0.197981,-0.0968652,0.511617,-0.199699,-0.976871,-0.227802,0.121169,0.470404,0.578459,-0.120195,0.266247,-0.577691,-1.61946,0.339729,0.0900584,0.591019,0.164942,0.815243,0.304706,-0.268188,0.84654,0.164138,0.998799,0.442924,0.922176,1
-0.374483,-0.979715,1.18996,-0.455474,-0.0193138,-0.657787,-0.499599,0.137375,0.502799,0.62157,0.453645,0.285511,0.0159832,-0.171037,0.652285,0.39035,-0.031639,0.0478079,-0.851466,0.414205,-0.0857106,0.19093,-1.28865,0.581674,-0.421715,-0.313558,0.369851,0.257109,-0.708529,0.069944,-0.389507,0.555036,0.438473,0.825808,1
-0.815421,0.254027,-0.414973,0.00730606,0.00669705,-0.210908,0.132279,-1.33803,0.259332,-0.385325,0.0871635,0.235227,-0.205449,-0.599673,0.246772,-0.762285,-0.261572,0.262829,0.453153,-0.367889,-0.482692,-0.139287,-0.0692844,0.302961,-0.65017,-0.362185,0.608722,0.322433,0.300198,-0.584757,0.335442,0.084307,0.559051,0.783506,1
0.179026,0.0217,-0.141777,-0.023625,0.432023,0.446183,-0.142859,0.0167811,-0.917967,-0.384859,-1.04976,-0.696379,0.201818,0.559352,-0.558591,-0.716887,-0.710245,0.130162,-0.889483,0.118908,0.35712,-0.0952371,0.0229289,0.630953,-0.400983,0.487854,-0.0152255,-0.0321341,0.0961148,-0.641056,-0.22332,-0.20684,0.522795,0.763668,1
0.759764,-0.772293,-0.241756,-0.759409,0.149828,-0.205197,0.240879,-0.621454,0.0592979,0.271721,1.4156,0.176922,0.0194021,0.243023,-1.16627,0.169253,0.523569,-0.0310631,0.647606,0.643153,-0.290667,0.894698,0.00351914,-0.472022,-0.0632666,-0.125186,0.106237,-0.0522348,-0.50181,-1.19637,0.0896322,-0.0237757,0.53938,0.899139,1
0.121232,-0.160196,-0.719879,0.62474,0.066205,0.854513,-0.384333,-0.459735,-0.910574,0.110064,-0.422234,0.661379,-0.263011,-0.637351,-0.421337,0.0811588,-0.709539,-0.193074,-0.239245,-0.318198,0.511467,-0.404211,0.63649,-0.754706,-0.778493,-0.327179,0.161478,0.404618,0.718582,-0.963816,-0.277871,-0.0968711,0.562958,0.884546,1
-0.104726,-0.787705,-0.31442,0.844693,-1.04679,1.03619,-0.046415,-0.126117,0.396315,-0.670944,-0.316808,0.483079,-0.539917,0.0387519,-0.631193,1.1156,0.0461867,-0.0297792,-0.524816,-0.689373,-0.259273,-0.281822,0.197445,-0.179347,0.324252,-0.700808,0.115635,0.430844,-0.42242,0.178553,-0.544185,-0.699169,0.519984,0.909783,1
0.300989,0.707224,0.164169,0.259864,0.248835,0.493338,-0.365207,-0.0241807,0.725607,0.515069,-0.583594,-0.736823,0.276709,-0.131378,0.568537,0.708576,0.926557,0.141903,0.228774,-0.401292,0.863438,-0.465454,0.614829,0.20504,-0.442711,-0.185999,1.20487e-05,-0.394568,0.645822,0.247759,-0.139853,0.172367,0.50174,0.804604,1
0.406074,0.766326,-0.0395716,-0.238271,0.00478388,-0.524716,-0.301571,0.0153531,-1.12878,-1.00472,0.143419,-0.596297,0.184374,0.116634,-0.254243,-0.61593,-0.694343,0.170766,-0.703914,0.0035394,0.816029,-0.153655,-0.332015,-0.044729,-0.972487,-0.257725,-0.383884,0.107073,0.200798,-0.720826,0.556446,-0.0730111,0.540906,0.817078,1
-0.462237,0.26009,0.112266,0.0890496,0.201011,0.60543,-1.03167,-0.286187,0.274543,0.320055,-0.183878,-0.175284,-0.0358668,-0.155582,1.10946,0.677833,0.0354704,0.131457,-0.743397,0.687271,0.71429,-0.0182894,0.18324,-0.807952,-0.665321,0.426056,-0.308958,0.064949,0.0446629,0.426618,-0.0100003,1.06306,0.480935,0.807501,1
0.636935,0.166094,0.228415,-0.510691,0.0119987,0.424049,0.540849,-0.798364,-0.00777823,0.690309,-0.209881,0.209959,0.256957,0.806958,-0.00387383,-0.06864,0.979036,-0.433414,-0.112557,-0.0574946,0.124101,0.0919213,0.236931,-0.414215,-0.460436,-0.37394,0.296534,0.232703,-0.343404,0.435489,-0.0614052,-0.0934248,0.531376,0.853305,1
-0.90662,0.322763,0.322062,-0.258919,-0.524087,-0.025018,0.0498071,-0.340642,-0.210612,0.76067,-0.317316,0.0696313,-0.114189,-0.607563,-0.107811,-0.00849552,-0.136472,-0.0505233,0.175805,-0.454377,0.0596602,-0.318702,-0.548823,0.259324,-0.0494068,1.00727,0.0181572,-0.332585,-0.287018,0.399684,0.172444,0.057305,0.530978,0.776196,1
0.360244,0.0617758,-0.546867,0.803931,0.871498,-0.261994,0.121705,-0.113821,-0.678448,0.501863,-0.840218,0.392583,-0.0590676,-0.360072,-0.389859,0.498851,0.333295,-0.0177866,-0.636434,-0.1314,-1.13966,0.359702,0.6366,0.129312,0.807437,0.122585,0.251994,-0.105156,-0.122532,-1.05768,0.333737,0.941426,0.510655,0.872628,1
0.244532,0.270067,-0.00806161,0.0556457,0.584689,0.018076,0.199733,0.417025,1.00466,0.211037,0.350769,-0.471456,0.00120237,-0.892241,-0.170183,0.156751,0.121189,0.625464,-0.560548,-0.483139,-0.585763,-1.06241,-0.268777,0.444381,-0.571743,0.509521,0.0741856,0.936851,-0.245927,0.11135,-0.83761,-0.00241051,0.431336,0.778236,1
0.434733,-0.376411,-0.132807,1.00847,-0.347614,-0.251319,-0.774065,0.551072,-0.0818009,0.0960055,0.410687,-0.00879177,0.421399,-0.711958,-0.504616,0.379725,0.0264777,-0.610547,-0.511011,-0.338731,-0.00500951,0.00541638,0.783557,0.359788,0.440249,0.412113,-0.0651284,0.0155537,0.582854,-0.384819,0.107765,0.169293,0.498411,0.802822,1
0.0319176,0.551867,0.926143,-0.869782,0.192494,-0.530053,0.210474,-0.21038,0.368663,0.237621,-0.0248365,0.206887,0.372881,0.0456594,-0.269609,-0.552916,-0.432538,0.101995,0.290803,-0.00668611,0.503088,0.333159,-0.656839,0.0389016,0.635035,0.949553,0.658517,0.619626,-0.0175992,-0.0150211,0.0354352,-0.0399187,0.530922,0.853643,1
0.88799,0.0309358,-0.453393,0.294791,0.344687,-0.845159,-0.49638,-0.0889051,-0.478523,-0.34583,-0.539507,-0.187205,-0.0711568,0.14707,-0.776327,-0.15595,0.624519,-0.623536,-1.05901,-0.608971,0.191903,0.13504,-0.0949895,-0.192474,-0.616177,-0.176843,-0.213136,0.039297,-0.708312,0.129414,-1.00493,0.321258,0.506113,0.845433,1
0.00200506,0.26189,0.988321,-0.112158,-0.00584029,-0.680276,-0.145936,-0.0550747,-0.537669,0.728643,0.0805025,-0.0215472,0.128972,0.315852,0.430578,-0.967432,-0.486312,-0.0419324,0.257999,-0.186561,-0.696633,0.853585,-0.129557,-0.0651869,-0.159948,0.422797,0.386001,0.444029,0.834675,0.586833,0.177163,-0.0872033,0.509628,0.896441,1
0.013934,0.138496,0.410115,-0.433904,-0.188684,-0.433089,-0.0583356,-0.667168,0.879328,0.680011,-0.138126,0.336751,0.480287,-1.30652,-0.444361,-1.21507,-1.04538,-0.630077,-0.547124,0.410288,1.1932,0.413942,-0.0351955,0.312706,-1.48886,-0.178997,-0.718278,-0.366107,0.394486,0.845453,0.194669,0.824763,0.56623,0.911116,1
-0.477749,-1.11117,-0.399568,0.122,0.437082,-0.148634,0.127898,-0.40989,0.581627,0.352344,-0.223869,-0.150056,-0.337068,-0.937974,-0.351594,-0.271066,0.155284,1.17081,0.851034,-0.229643,0.62814,0.439838,0.376237,-0.175418,-1.02968,-0.251385,-0.128134,-0.345653,0.124009,-0.416031,-0.0290865,-0.101665,0.496465,0.835775,1
0.0073809,1.09538,-0.425017,0.684905,0.344852,0.679721,-0.0490024,0.185289,-0.67399,0.00429585,0.532215,0.393702,0.210856,0.476271,0.119515,-0.558209,-0.193042,0.237437,-0.319139,-0.164475,-0.605621,-0.240026,-0.00927934,-0.73311,0.709152,0.381252,-0.545314,0.421152,0.822362,-0.148982,-0.2607,0.31645,0.44221,0.815575,1
-0.360486,-0.658194,0.169015,-0.179783,0.601897,-0.0243692,-0.323061,-0.0884756,-0.166109,0.128266,0.590018,-0.294433,-0.239143,0.410503,-1.13841,-0.370132,-0.215562,0.150311,-0.932685,-0.450993,0.209403,-0.0327739,0.0913216,-0.245241,-0.620499,0.805831,0.245557,-0.999274,0.880047,0.444824,0.132809,0.485445,0.451657,0.919822,1
-0.375132,0.411427,-0.17648,0.519186,0.144891,-0.761235,0.28391,0.270425,0.95468,0.346668,1.18251,0.807634,0.597277,-0.275149,-0.011299,0.58477,-0.227821,0.342349,-0.598808,-0.421764,0.0238321,0.0595655,-0.247873,0.265468,-0.481747,-0.0572599,0.0414061,0.462863,0.00223234,0.482129,0.00978495,-0.544739,0.574583,0.887093,1
-0.556343,-0.0595419,0.124292,-0.315848,0.741844,-0.0669646,-0.251831,-0.174316,0.265703,0.63906,-1.10798,0.303525,-0.369888,-0.106033,-0.531068,-0.417668,0.0905209,-0.448183,0.256177,0.120264,0.641495,-0.0481742,-0.386058,0.0224674,-0.561373,-0.622762,-0.664948,0.200835,-1.15917,-0.163811,-0.874956,0.744865,0.459355,0.765614,1
-0.0204236,-0.167485,0.274989,0.643015,0.169786,-0.0400891,-0.085693,0.775692,0.718554,0.381111,0.103049,-0.988297,-0.796803,-0.113734,0.219285,-0.398593,0.108148,0.543714,0.508707,-0.215716,0.0936929,0.859326,-0.675208,-0.301259,-0.471308,-0.92002,-0.553626,0.237259,-0.103039,0.341904,0.00518573,0.291769,0.477634,0.771614,1
-0.330695,-0.347952,-0.166713,-0.277135,-0.308476,-0.484078,0.00662914,-0.269166,0.866131,-0.00869221,0.815174,-0.109476,0.0614676,-0.0651089,0.272593,0.263324,0.521018,0.593694,0.0736998,0.059231,0.526103,0.00693636,-1.07547,-1.38388,-0.150038,-1.20073,-0.899138,-0.500152,0.0335056,-0.585547,-0.575597,0.522786,0.490225,0.760458,1
-0.234022,-0.246024,-0.799158,-0.0414875,-0.643924,0.486534,-1.20593,-0.0190055,0.728994,-0.105564,0.617929,0.849579,-0.100277,0.437439,0.00576962,-0.0766357,-0.590512,1.10625,0.343721,0.24109,-0.491691,0.107117,-0.138971,-0.481375,0.441518,0.254803,-0.375422,-0.26797,-0.569653,-0.334585,-0.0728951,0.0203169,0.575017,0.764626,1
0.332698,-0.666528,-0.968386,0.249,-0.0998624,-0.392198,0.0756857,-0.492961,0.19775,0.197261,0.952236,-0.0517377,0.112096,0.138361,0.304305,-0.222125,-0.21304,0.194437,0.164169,0.191599,0.360001,0.453261,0.170847,-0.36847,-0.270964,0.100753,0.48518,-0.00277218,-0.000405139,-0.0806328,0.801584,0.506176,0.47237,0.893987,1
0.255294,-0.800225,0.156474,0.244819,0.213784,-0.245654,0.825596,-0.0868127,-1.09207,-0.105767,0.121895,0.996713,-1.45213,1.0292,-0.52829,-0.192061,-0.330554,0.0341213,0.229874,-0.320656,-0.314781,0.623035,0.524627,-0.202912,0.221689,0.613634,-0.294937,0.205364,0.127835,-0.482656,-0.0923015,0.102332,0.479107,0.857017,1
-0.0683743,0.340007,-0.104056,-0.320246,0.487267,-0.228785,0.286847,-0.543279,0.31312,-0.138744,0.746967,1.07,-0.511334,0.582826,0.400423,-0.223202,0.435772,-0.149394,0.147439,0.568211,-0.59683,0.117304,0.143167,-0.0777222,-0.508124,0.115535,-0.0872872,-0.104846,-0.0452632,0.609257,-0.9635,-0.0586091,0.490917,0.824059,1
0.569906,0.0201076,-0.446909,0.948191,0.42608,0.146522,-0.454296,0.400517,0.0690853,-0.659752,0.406342,1.09411,0.136706,-0.386299,0.497309,0.00983554,0.213766,-0.140563,0.168928,0.853257,0.526856,0.678574,0.0620419,-0.562019,0.547825,0.375604,-0.131602,0.522802,1.11358,0.0788046,-0.0953484,-0.229354,0.483285,0.866566,1
0.356767,0.662848,0.752243,-0.72892,-0.0452581,-0.316872,-0.720054,-0.26404,0.524982,-0.599855,-0.193875,-0.0214465,-0.555529,0.727737,-0.63444,-1.09485,0.0809779,0.366217,0.0632095,0.54151,-0.607383,-0.0836689,-0.949267,0.131667,0.499959,-0.128338,-0.302152,-0.841597,-0.188671,-0.425242,-0.0168596,-0.0905202,0.499116,0.764429,1
0.350403,0.380172,-0.273494,0.210357,-0.11646,0.219422,-0.23404,0.459737,-0.484871,0.446321,0.327525,-1.22717,-0.630442,-0.0438553,-0.776107,0.558945,0.610906,0.1498,-0.0785707,0.910207,0.763007,1.09313,0.259037,0.454644,-0.392456,-0.421516,0.483905,0.523167,-0.128489,0.381983,-0.362643,0.761409,0.545005,0.763895,1
0.114143,0.373491,0.638571,0.5837,0.670086,-0.230438,-0.412845,0.237984,-0.243622,-0.738994,0.230626,0.0258119,-1.03169,0.240874,0.763953,-0.129249,-0.159554,0.174731,-0.858459,0.884312,-0.0765146,-0.081216,0.559413,0.131205,-0.104816,-0.0330857,-0.388124,-0.381611,0.0727524,-0.243919,0.282873,0.995295,0.446178,0.795604,1
0.791543,1.07893,0.251323,0.314538,-0.366209,0.932669,0.280925,0.374022,-0.414363,0.147553,-0.439981,-0.292681,0.321054,0.00252555,0.38757,-0.677065,-0.142205,0.0225712,0.168814,-0.0309403,-0.147586,-0.830536,-0.865064,0.0316073,-0.0479904,-0.223376,0.152664,0.438567,0.0319118,-0.444337,-0.213488,0.48691,0.562453,0.944176,1
0.263171,-0.187206,-0.215309,0.236883,-0.354759,-0.213308,0.284743,-0.112853,0.0964461,0.0836779,1.39402,0.720817,-0.368011,-0.13361,-0.418503,-0.338459,-0.139285,0.324286,-0.513864,0.597863,-0.533963,0.0705855,-0.0588507,1.01952,0.285582,-0.778585,1.11418,0.0923347,-0.00259084,0.0848476,-0.303069,-0.102621,0.458603,0.90187,1
0.172919,-1.04244,0.105188,-0.667277,0.246354,0.588502,-0.64792,0.492097,-0.342203,0.469803,0.0948843,0.595339,0.743805,-0.633955,0.251597,0.783229,0.0758093,0.00163003,0.833402,0.818213,-0.729147,-0.608719,-0.299673,0.356224,-0.274513,0.156276,0.388429,-0.450701,-1.05381,0.232298,-0.73126,-0.13481,0.481068,0.920781,1
-0.625486,0.999476,0.805637,0.506676,0.762215,-0.613269,0.63414,0.315598,-0.823934,0.00273288,0.356548,-0.256755,-0.143244,-0.301112,-0.327174,-0.281732,-0.72145,-0.25044,-0.406507,0.641443,-0.392737,-0.383996,0.119203,-0.707168,0.218138,0.160351,-0.0354413,-0.304696,-1.04589,0.463118,-0.203026,-0.269737,0.439018,0.778079,1
0.159331,0.671532,-0.0615155,0.1119,-0.18776,-0.0873492,0.220993,-0.0395559,0.153281,0.04937,0.736349,0.00194055,-0.917332,-0.336407,0.0049257,-0.140606,-0.161655,-0.572362,-0.538843,0.44407,-0.0811695,0.0564405,0.0453993,-1.10355,-0.174675,0.681607,0.891261,-0.977794,0.346641,-0.577095,-1.08314,0.193401,0.524827,0.916801,1
-0.477958,-0.454876,-0.452774,0.150176,-0.312221,0.957337,-0.904727,-0.256353,0.882765,-0.00989426,-0.755527,0.00143989,-1.12412,0.301223,-0.125544,-0.253095,-0.0631593,-1.36716,-0.163102,-0.0768478,-1.08055,0.305554,0.827676,0.285658,0.197197,0.371018,-0.910651,-0.861182,0.170164,1.25626,-0.149693,0.586331,0.521996,0.930541,1
0.327436,0.210841,0.259107,0.248305,0.183105,7.95,0.290317,0.340546,0.210933,0.368901,0.376941,0.368571,0.371222,0.122597,0.303336,0.181387,0.107509,0.297302,0.172789,0.139638,0.244158,0.132406,0.334108,0.300492,0.216371,0.268346,0.14414,0.272499,0.28273,0.175557,0.235734,0.12623,0.52,0.82,1
0.266643,0.223726,0.390035,-0.415221,0.169476,-0.792531,-0.455207,-0.326438,-0.09531,-0.00366158,-0.0996507,-0.284174,-0.0287186,-0.54551,0.818759,-0.396224,-0.387075,-0.138501,-0.330758,-0.338521,-0.332192,-0.096146,0.528308,0.00367679,0.269414,-0.423515,0.325618,0.34045,0.208708,-0.100114,-0.733495,0.511991,0.459013,0.852384,1
-0.0313813,-0.206747,0.425944,-0.402144,0.57761,0.188743,-0.0474516,-0.0452407,0.13932,0.165583,-1.12712,0.261636,0.203776,0.135122,-0.117329,-0.576788,-0.939849,0.0162862,0.693856,-0.394176,0.49803,0.947899,-0.216577,0.310596,-0.630939,-0.370819,-0.339379,-0.0686132,0.518436,0.904571,0.100705,-0.481003,0.465584,0.930845,1
0.424387,-0.614968,-0.128078,0.88715,-0.157848,0.0704555,-0.203229,0.0831902,-0.338618,-0.130356,0.424666,-0.421393,-0.404473,0.320882,0.761875,0.348559,0.870524,-0.0820476,-0.553637,0.436337,0.283117,0.21848,0.271583,0.368906,0.364764,0.325817,0.836622,-0.00838189,0.587113,-0.263593,0.98684,-0.243502,0.53174,0.873866,1
0.0337982,-0.162938,-0.370782,-0.287813,-0.730246,0.0493905,-0.84595,0.821809,0.187641,0.363715,0.762445,0.734492,0.136026,-0.02246,-0.666311,0.106134,-0.539494,0.0970114,-0.369857,0.716163,0.729522,0.181514,-0.253687,0.0363729,0.597646,-0.668496,-0.159244,0.376185,1.23692,-0.396761,-0.759639,-0.0321327,0.439137,0.817846,1
-1.23458,-0.239547,0.155872,0.122983,-0.550018,-0.568255,-0.65799,0.0129062,-0.510598,-0.00745865,-0.0196011,0.198965,0.313813,0.297719,-0.425886,-1.04211,0.0531219,0.498432,0.611799,0.363494,0.435772,0.302235,-0.78991,0.304034,0.143163,0.326654,0.370702,0.0804171,0.180617,0.0809417,-0.187745,-0.635162,0.535587,0.872897,1
0.555301,-0.279593,0.174633,-0.0683117,-0.406205,-0.346379,-0.180345,-0.411436,0.891995,0.278,-0.216301,-0.248602,0.369417,-0.108837,0.0428692,0.402054,0.00333992,0.530798,0.0513584,1.20395,0.192576,-0.820775,1.04182,0.795873,-0.112797,0.210593,-0.566603,0.917787,0.0981131,-0.287757,0.593454,0.312689,0.545987,0.932566,1
0.241632,-0.168797,-0.637531,0.196336,0.0191783,-0.390037,-0.515563,-0.716807,-1.45059,-0.477551,0.179645,-0.270667,0.255276,-0.278063,-0.0881756,-0.410373,-0.154343,0.300731,0.349234,-0.0908358,0.089268,0.333384,0.274665,0.536537,-0.222878,0.734669,-0.47434,-0.0977583,0.10877,0.111661,0.537846,-0.215227,0.578133,0.86069,1
0.294366,0.880118,-0.536534,0.0678205,0.308226,0.346437,0.104226,-0.173715,1.02846,0.155331,0.217809,-0.00576791,0.020243,1.44356,-0.211865,-0.89154,0.711723,0.903594,-0.103759,-0.0431416,-0.183945,0.730654,0.947555,0.703316,0.071641,-0.0345635,-0.054802,-0.375775,0.411244,0.0648016,-0.415719,-0.837889,0.47126,0.881198,1
0.715588,0.143916,1.19725,0.304978,-0.640524,-0.188653,0.744993,0.115457,0.0486474,0.160741,0.458568,-0.0291004,-0.767758,-0.724663,-0.10745,0.47062,0.267456,1.32204,-0.219157,-0.26742,0.973353,-0.293375,-0.0438863,0.0852104,-0.645689,0.175034,-0.260554,-0.734475,0.716837,-0.120531,1.13065,0.0847512,0.537314,0.767026,1
0.600322,0.837534,0.385714,-0.0822599,-0.109614,0.351278,0.161394,0.408934,-0.271684,1.04938,0.626167,0.98118,0.546649,0.155946,0.707319,0.644756,0.456891,0.0734019,-1.28041,0.197441,-0.23614,-0.616675,0.42794,-0.420125,0.297497,-0.801475,0.050965,-0.246773,-0.746782,0.102335,0.194436,-1.06796,0.553432,0.873403,1
0.368296,0.370908,0.258088,0.304797,0.139413,7.95,0.268772,0.295862,0.193548,0.360329,0.172137,0.309826,0.114996,0.135153,0.290865,0.29781,0.129785,0.356979,0.237317,0.180264,0.399477,0.266274,0.296175,0.118739,0.326791,0.277937,0.352878,0.388263,0.210863,0.398674,0.246642,0.300502,0.52,0.82,1
0.677603,0.355213,0.0881467,0.0672413,0.347762,-0.177268,0.428929,0.192332,0.0498196,-0.418159,-0.372349,0.129645,-0.0660131,0.824171,0.438463,-0.0404099,-1.06293,1.13678,-0.0544606,0.759254,-0.153715,-0.331998,-0.403269,0.214013,0.398356,0.307123,0.115493,0.332447,0.907287,-0.285003,-0.0427846,0.460655,0.42446,0.906645,1
0.63465,0.200406,-0.517928,0.530822,-0.343305,-0.298713,0.129316,0.514443,-0.0752615,-0.568473,0.221318,0.156083,0.475396,0.51991,0.0656044,-0.16596,0.712618,-0.573424,-0.0606356,0.0162356,0.000480044,-0.517516,1.32569,0.126867,0.286948,0.568368,0.0409122,0.551607,-0.389842,-0.168934,-0.708475,0.289329,0.433713,0.934687,1
-0.254993,-0.533209,0.0951004,-0.173931,-0.500887,0.488923,-0.107251,0.797418,-0.955604,0.604236,-0.0644734,-0.414279,0.191183,-0.244667,0.133475,0.756454,0.389648,-0.0172099,0.846667,-0.942235,-0.37489,-0.51088,0.330431,0.270095,-0.534833,-0.170502,-0.554332,0.508709,0.0159413,-0.838455,0.514067,0.0843737,0.522023,0.919432,1
-0.0499476,0.807951,-0.233926,-0.39402,0.628289,-0.319803,-0.254981,-0.53608,-0.170095,-0.453729,-0.392154,-0.51669,-0.172039,0.621965,0.403443,0.603379,0.215962,0.0008533,1.34798,-0.0552396,0.828383,0.324807,-0.0541378,-0.159978,-0.776144,-0.121392,0.253048,0.386748,-0.00833897,0.0752292,1.33778,-0.222889,0.465787,0.863895,1
-0.00264225,0.5474,0.405053,-0.386497,-0.566417,0.527152,0.0201932,0.505387,0.226937,0.555818,0.468349,0.277185,0.163031,0.0380366,-0.361102,0.961686,-0.482162,-0.411681,-0.271821,-0.353401,0.686287,-0.49109,-0.236196,0.415324,-1.3124,0.142084,0.39836,0.0419396,-0.409957,0.183592,-0.77061,0.0539016,0.508307,0.805079,1
-0.307119,0.351698,-0.293098,0.154976,-0.506394,-0.285835,0.605054,0.461206,-0.13528,-0.741712,-0.468798,-0.129669,-0.0460114,-0.47899,-0.0459162,-0.729844,0.173528,0.661038,0.643955,0.193491,0.734694,0.745579,-0.0452422,-0.210043,-0.0489488,0.66248,0.0522568,-0.480694,-0.0129169,-0.271469,-0.0330907,0.111354,0.545974,0.822232,1
-0.831409,0.727543,-0.474884,-0.328488,0.165802,-0.0118812,0.0578832,-0.312414,-0.26582,-0.0149909,0.219025,-0.643527,0.503568,-0.18017,0.0399084,0.322452,0.972093,1.03781,-0.426287,-0.00530007,-0.157567,0.657307,0.825074,-0.0171298,-0.0141398,0.0860712,0.286696,-0.543832,-0.583118,0.501781,-0.0891888,0.398436,0.57276,0.764261,1
-0.264834,0.1424,0.330157,-0.0513599,-0.548534,-0.163203,-0.128402,-0.487194,-0.15827,0.715193,0.10818,0.347106,0.116893,-0.0251015,-0.0228108,0.000469646,-0.18756,-0.524779,-0.322573,-0.279716,0.458105,0.604461,0.0362706,-0.0857337,0.30622,0.52427,0.886958,-0.214303,-0.65844,-0.0551941,-0.437049,0.0156859,0.478681,0.763755,1
-0.132974,0.459653,-0.0841907,0.0399303,-0.382324,0.0354126,-0.319349,-0.051089,0.0420261,-0.224028,0.184609,-0.0767617,-1.01514,-0.18878,0.216222,0.0680526,-0.322469,-0.0227172,0.459754,-0.00126599,0.00111354,-0.247134,-0.443087,-0.0967602,-0.242086,0.0891251,-0.192365,-0.356304,-0.168334,0.767096,0.762351,0.400968,0.454184,0.898453,1
-0.0671411,0.19159,0.581481,-0.22114,-0.215591,0.00955352,-0.392729,0.282439,0.528318,0.0648849,0.961176,0.259176,0.290919,-0.334462,-0.236379,0.384828,-0.440446,0.863106,-0.863824,-0.434712,-0.210192,-0.349151,0.460293,0.324822,0.362181,-0.87979,-0.539458,-0.200863,-0.608232,-0.183848,0.0276014,0.129155,0.542815,0.836932,1
0.784005,0.357522,-0.276455,0.618217,0.275752,0.627876,0.0524325,0.575251,0.222515,-0.281005,0.421626,-0.29552,-0.39511,-0.995651,-0.331846,-0.479789,0.531429,0.286116,0.438426,0.318021,0.395981,0.833142,0.277462,0.300872,0.350825,0.203035,0.139513,-0.464265,-0.748176,0.135263,0.225948,-0.0910825,0.571036,0.760279,1
0.587189,0.325683,-0.0914993,0.528556,0.450628,-0.557659,0.16011,-0.180541,-0.866826,-0.0319794,0.0389857,-0.507249,-0.0162497,-0.0351689,-0.478159,0.135649,-0.154264,0.224407,0.255471,-0.284865,0.25068,0.0196497,-1.1489,-0.268656,1.19703,0.356751,0.633477,-0.342836,0.200197,0.973275,0.199029,0.140365,0.518227,0.940412,1
-0.855219,-0.381964,1.05008,-0.173726,-0.220684,0.30702,0.237612,0.0475519,0.064812,0.452547,0.119121,0.326074,0.360217,-0.678696,0.278837,-0.335647,0.0674958,-0.18062,-0.998165,-0.689523,-0.38762,-0.464633,-0.291098,0.674222,0.249225,-0.513114,0.2402,-0.756404,0.27925,0.441976,-0.505753,-0.32787,0.562504,0.923708,1
-0.275706,0.790406,0.733135,0.891983,0.46473,0.140813,1.07937,0.0183384,-0.214453,-0.69662,-0.492981,0.373502,0.164368,1.12249,0.0556679,-0.114214,0.364808,-0.27598,0.286817,-0.337216,-0.125833,0.475802,0.15894,-0.123867,-0.048729,-0.103811,0.273712,0.425579,0.104455,0.347328,-0.610565,0.0791493,0.508211,0.876202,1
0.174411,0.0561021,0.955576,-0.0102347,0.615783,0.217856,-0.076824,0.271286,-0.652189,1.00528,-0.516942,-0.88147,-0.901397,-1.23823,-0.590406,0.0165157,0.121373,0.36714,-0.241832,0.46473,-0.134668,0.120775,0.489211,0.486675,-0.851885,1.43956,-0.566179,-0.400537,-0.457464,0.0365141,0.553741,0.651865,0.541041,0.809914,1
0.685181,-0.489673,-0.46949,-0.277803,0.912276,0.0862398,0.400422,0.73329,-0.521938,0.228686,-0.35605,0.407732,0.180135,0.0193707,0.104224,0.387094,-0.722118,-0.0444422,0.190496,-0.260136,0.0114659,-1.31859,0.316466,-0.490618,-0.854764,-1.36035,1.03954,0.236119,-0.863122,0.233069,-0.0574459,-0.414642,0.574603,0.832392,1
0.685002,-0.172264,0.0721601,-0.150067,0.667686,-0.0959709,0.704563,-0.294627,0.586208,0.378155,-0.147272,-0.170573,0.540277,-0.156712,0.0161386,0.0410974,0.927369,0.0923375,0.211847,0.755037,0.39812,0.73151,0.769363,-0.296565,0.687162,0.383006,0.375563,0.324988,0.0250895,-0.430796,-0.350374,0.0916411,0.539351,0.829638,1
-1.24643,0.655422,0.256788,-0.0120303,-0.972784,0.693227,-0.00944695,-0.866099,0.595503,0.210581,0.265017,-0.472067,0.535387,-0.388169,-0.452467,-0.137627,-0.378402,0.199962,-0.150426,-0.787954,-0.268651,0.346611,-0.776399,-0.351376,-0.291992,-0.0418261,-0.258206,0.0888782,-0.322953,-0.373266,0.124875,-0.0948111,0.437299,0.843796,1
0.600079,-0.540507,-0.266676,0.152803,0.264844,0.0193456,-0.270898,0.768024,0.263826,-0.284679,0.332182,0.573383,-0.447797,0.0507115,0.10433,-0.60657,-0.229214,0.0905431,0.614802,0.762584,-0.98418,0.233527,-0.113569,1.07503,0.509725,0.0286849,-0.850816,0.0812244,-0.139318,-0.00600566,-0.338518,0.350382,0.42097,0.933495,1
-0.180309,0.025178,0.238977,-0.364348,0.755021,-0.25755,-0.170249,0.444664,-0.424513,0.0673225,0.347199,0.93843,-0.328345,-0.0881205,0.121169,-0.857384,-0.286906,-0.607597,-0.172776,-0.0626679,0.583174,-0.0622846,-0.893349,0.670873,0.680515,-0.0164907,-0.26274,-0.184181,0.0435587,0.237949,0.0202028,-0.408865,0.541082,0.90117,1
-1.05829,0.292689,-0.544285,0.601985,0.340205,0.306006,-0.317106,0.570452,1.32469,-0.348841,-0.219391,1.1046,0.213903,-0.554694,-0.377257,0.131061,-0.398431,-0.590458,0.312137,0.168935,-0.639105,0.0640182,-0.229628,-0.354463,-0.291392,0.448207,-0.0447117,-0.127908,0.700696,0.0548089,-0.251349,0.185679,0.442503,0.878956,1
-0.56355,0.691025,0.231497,0.270101,0.467353,-0.245228,0.262567,0.39097,0.253832,-0.178304,-0.468057,0.436773,-0.0783429,-0.611109,-0.108966,0.495815,-0.509771,-0.344792,-0.368775,0.358279,-0.117866,-0.607818,-0.0928743,0.583289,-0.430651,-0.586681,-0.641849,0.180857,-0.290857,-0.254683,0.068308,-0.616353,0.485854,0.806089,1
0.299269,0.388601,0.215875,0.148736,0.273983,7.95,0.381481,0.233898,0.307749,0.227431,0.39882,0.278524,0.263877,0.174593,0.163522,0.325038,0.105729,0.107348,0.142607,0.223863,0.282909,0.242274,0.172608,0.107133,0.294521,0.322724,0.374413,0.180373,0.316101,0.101419,0.217631,0.172606,0.52,0.82,1
-0.382238,-0.399512,0.87311,0.00488418,0.108389,-0.391997,0.0357006,0.30177,-0.952085,-0.611871,0.543318,0.298865,-0.574121,0.475292,0.668382,-0.00477634,0.0335928,-0.173216,0.100257,0.291234,-0.477026,-0.212513,0.398579,-0.528727,0.944901,0.583429,-0.0349515,-0.797157,0.466315,0.529646,-0.264811,-0.381646,0.556039,0.836729,1
-0.6027,0.442474,0.0202968,0.0150666,0.355505,-0.826753,-0.328679,0.898678,0.582172,0.502891,0.784489,0.0261036,-0.391562,0.104064,0.0772163,0.191331,-0.2152,0.823082,-0.361546,-0.199414,0.701328,-0.216898,-0.00298142,0.722861,-0.0260356,0.281817,0.729264,0.461003,-0.0724179,0.135149,0.520385,0.358843,0.474729,0.868118,1
0.0597666,-0.364968,-0.042466,-0.340837,-0.312855,0.576086,1.11464,0.121934,-0.833236,0.0907256,-0.119749,0.250711,0.367448,0.214825,0.218472,-1.16488,-0.802852,-0.0259312,-0.309029,0.680682,-0.275624,0.102617,0.00897009,-0.169128,-0.0578841,-0.741754,-0.19419,-0.658502,-0.175364,-1.15963,0.503524,-0.0106574,0.524397,0.805081,1
0.437416,0.301594,-0.294946,0.398425,-0.474192,0.0924238,0.445721,0.484419,-0.165525,-0.381965,-0.204762,-0.279346,-0.598177,-0.694938,-0.659414,-0.234426,0.400058,-0.816941,-0.209703,0.226473,-0.24126,0.116232,0.219999,0.194865,-0.256593,-0.169359,-0.664914,0.825871,-0.768538,0.327514,0.25475,0.211085,0.45225,0.838887,1
0.61616,-0.235159,-0.215554,0.0789844,0.0221858,0.782029,-0.155229,0.663144,0.64077,0.793896,-0.789222,-0.299518,-0.0636987,0.200145,0.642508,0.132273,-0.0642331,0.033166,0.475341,0.975533,-0.739747,0.00691183,0.180525,-0.432975,-0.517517,0.109135,0.528623,0.2776,-0.480315,0.442642,-0.408505,0.101902,0.463829,0.89379,1
0.346209,-0.0176184,0.196433,0.398089,0.411978,0.479012,-1.5433,0.792151,1.0712,-0.555475,0.329136,-0.604264,-0.232098,0.309881,-0.480914,-0.171011,-0.235448,0.380603,0.615373,-0.0757283,0.451017,0.627993,-0.51455,0.417124,0.510269,-0.210588,-0.484243,0.210846,0.170458,-0.564787,0.30677,0.388679,0.496123,0.816226,1
-0.564012,0.0585506,-0.125072,0.252863,0.102594,0.205858,0.149638,0.0918285,-0.280835,-0.554296,0.52937,-0.0149128,0.140015,0.202747,0.376289,0.293872,0.544608,-0.0761123,0.349858,-0.216126,-0.484276,-0.501249,0.63149,0.371544,0.0616855,0.706327,-0.590312,0.275172,-0.310589,0.070283,-0.380694,-0.175121,0.441735,0.859826,1
-0.302243,0.0385043,-0.405744,1.23068,0.270107,-0.705659,0.505908,0.238207,0.0953107,0.0409066,0.300103,-0.29313,0.88241,-0.0444134,0.452563,-0.080464,-0.0668207,-0.822993,0.211554,0.089633,-0.387702,0.250982,-0.643491,-0.436202,0.0369826,-1.18601,0.407187,0.27176,-0.228197,-0.767468,-0.241556,0.573294,0.459884,0.922079,1
-0.206639,-0.0622006,0.731419,-0.680552,0.0271053,-0.244309,0.500643,-0.45405,-0.197638,-0.291271,-0.531217,0.666994,-0.286826,0.787165,0.896278,0.144935,-0.787217,0.388851,0.366778,0.689891,-0.0888297,0.266733,-0.432364,0.570303,-0.703765,0.218478,-0.452072,0.0230678,0.0940013,-0.0250663,-0.159481,-0.149943,0.435015,0.815825,1
0.941052,0.821338,-0.605819,-0.477505,-0.13428,0.0866882,-0.0647793,0.406639,-0.165499,0.0508346,-1.04257,-0.198545,-0.322075,0.13196,0.684562,-0.544446,-0.601033,0.175928,0.816625,0.473784,-0.378187,0.0395735,-0.0434129,-0.0336017,0.0439968,-0.236995,-0.764074,-0.221366,-0.604212,-0.255923,0.424908,-0.963609,0.469367,0.860619,1
0.394058,0.160865,0.110494,0.202023,0.187901,7.95,0.109386,0.146438,0.207015,0.140697,0.255108,0.37311,0.256379,0.394986,0.223938,0.261233,0.346062,0.109692,0.399618,0.169082,0.109158,0.318267,0.158763,0.193096,0.233712,0.321788,0.374873,0.301298,0.275406,0.261271,0.178509,0.249061,0.52,0.82,1
-1.11393,-0.0257254,0.288727,0.546784,-0.810824,0.245647,0.675766,-0.0168203,0.069626,0.155605,0.617797,-0.567113,0.0932232,-0.321138,0.00795866,0.599459,-0.359865,-0.223059,-0.582625,0.128077,0.214243,-0.337684,-0.153823,-0.643981,0.263863,0.202705,-0.654233,-0.475288,-0.0216819,0.0621112,-0.345452,-0.0198852,0.573201,0.813147,1
-0.00686531,-0.352067,0.446198,-0.566696,0.0732135,0.262102,-0.150158,-0.080652,0.539061,-0.731001,-0.572415,-0.776062,0.137497,0.0668362,-0.53992,-0.0965729,0.377272,0.0450088,-0.515787,0.727713,-1.2027,0.0245492,0.638608,0.913251,0.257581,-0.229299,0.284972,0.0487366,0.928066,0.174282,-0.509647,-0.451454,0.571678,0.79731,1
0.00249813,0.277733,0.349462,-0.512856,-1.01388,-0.257516,-0.148783,0.816621,-0.107916,0.0825792,0.661431,-1.29689,-0.173261,0.0247872,1.15113,-0.214958,0.556592,-0.0983804,-1.02719,-0.292681,0.16434,0.237352,-0.0992819,0.318903,0.0587267,0.116195,-0.46921,-0.0268928,-0.628744,0.742315,0.0669565,0.196726,0.474337,0.9357,1
0.0520163,-1.00498,-0.0597775,-0.0654954,-0.736266,0.350009,0.338152,-0.122582,0.285334,1.03576,0.298654,0.145672,0.433726,0.214592,-0.0632504,-0.706601,0.049959,-0.423349,0.652258,0.748475,0.776186,-0.466106,-0.471768,-0.0786597,-0.607074,-0.365052,-1.10973,-0.0981914,-0.149542,-0.0412908,-0.012643,0.202399,0.550823,0.913247,1
0.220054,0.313945,-0.743989,0.0707217,0.93599,-0.39281,0.128877,0.336472,0.22448,-0.446624,-0.584578,-0.57589,-0.464102,-0.0253052,-0.364061,0.133717,-0.476461,-0.379445,0.702946,-0.259352,-0.641678,-0.783177,-0.346006,0.228451,0.229431,0.063865,-0.37855,0.130845,0.737471,-0.344398,-0.0825163,-0.0686508,0.524361,0.932432,1
-0.0837383,0.345829,-0.477836,-0.0771411,0.0962071,-1.09282,-0.179814,0.0236981,0.154751,0.437236,-0.156338,-0.0324509,0.741284,0.0760682,0.353244,-0.426286,0.0798957,-0.133149,-0.150031,0.957456,-0.679038,0.71287,-0.402659,0.131504,-0.0865271,-0.308431,-0.558988,-0.333332,0.305721,-0.824289,0.0991782,0.614907,0.477858,0.892053,1
0.423223,0.359771,0.0362022,0.101828,0.575623,-0.275682,0.282725,0.437692,-0.0943538,-0.39182,-0.536607,-0.0777089,-0.124698,0.130747,-1.0886,-0.422236,0.513728,-0.425989,-0.436847,-0.0187536,0.439143,0.0464451,-0.561817,0.0458332,-0.525406,-0.719881,-0.0627396,-0.166691,-0.0737339,-0.782545,0.0195602,-0.311381,0.4266,0.932688,1
-0.654873,0.0289959,-0.00157854,0.826924,0.418134,0.480284,-0.410255,0.106296,0.562538,0.0256177,-0.839024,-0.150369,-1.00636,0.432807,-0.744267,-0.679671,-1.18832,-0.106159,0.632062,0.110094,0.853843,0.622863,0.374998,0.309267,0.434937,-0.280029,0.249619,0.591107,-0.0839342,0.180309,0.0395012,0.479235,0.469112,0.783301,1
0.561254,0.722719,0.16658,0.138285,0.285052,-0.595334,0.349751,-0.189666,-0.176425,-0.245819,-0.116464,-1.01077,-1.0467,0.60031,-0.413972,1.2615,0.655636,0.053016,0.41253,0.0887026,-0.937733,0.950093,-0.00235216,-0.690968,0.0512121,-0.608883,0.56125,0.34305,0.529529,-0.509001,0.118725,0.182241,0.538423,0.928288,1
0.179355,-0.880894,-0.112782,-0.274947,0.00579568,-0.359308,0.0977774,-0.177826,-0.554469,0.188519,0.229406,-0.3478,-1.06476,1.13146,-0.131875,0.674859,-0.213592,0.282572,-0.519888,-0.471705,0.206948,-0.0332506,1.09199,0.27368,0.488466,0.992611,-0.636513,0.0336414,0.436919,0.574344,0.241974,-0.976399,0.44629,0.811868,1
0.709971,0.601128,-0.399582,-0.764086,0.0822975,0.0534377,0.79637,0.845296,-0.564654,1.00014,0.747377,0.399405,0.538982,0.576642,-0.24643,1.02915,0.331014,0.0119647,0.240816,0.465128,0.875452,-0.228811,-1.12307,0.650344,0.275139,0.347876,-0.105984,0.101189,0.0500769,-0.07815,-0.66589,-0.652842,0.479299,0.873215,1
0.707151,0.4178,-0.564066,0.392435,-0.744281,0.543493,0.202256,-0.110425,0.278936,-0.710484,0.344959,-0.614335,0.097508,0.317415,0.337125,0.0854077,-0.558684,-0.326619,1.19116,0.380942,-0.485829,-0.95257,0.430464,0.789387,-0.317533,-0.158292,-0.846874,-0.116233,-0.44839,-0.449281,-0.762655,-0.494857,0.42102,0.903757,1
-0.0215201,0.616428,0.102853,0.993704,-1.05747,-0.0599322,0.024861,0.573121,-0.510213,-0.0351388,0.401282,0.203945,0.530132,0.350779,0.0388885,0.428899,0.1484,-0.013806,-0.194507,-0.0897646,-0.222369,-1.05512,1.22058,-0.575537,0.238228,-0.496657,0.342079,-0.633491,0.216155,0.669303,0.883332,-0.0399337,0.462284,0.908471,1
1.17685,-0.130623,-0.350384,-0.172102,-0.263757,0.675099,-0.375258,-0.284782,0.330842,-0.392926,0.403518,-0.0995111,-0.0846856,-0.876338,-0.426197,-0.740199,0.787655,-0.203566,0.224141,0.0229233,0.408287,0.293455,0.823043,-0.232546,0.811488,-0.527989,-0.860279,-0.40778,-1.63475,-0.615203,-0.227949,0.362569,0.512595,0.891253,1
-0.235237,0.796645,-0.196522,-0.46703,0.379193,-0.501584,-0.351892,-1.35938,-0.528364,0.353569,0.277909,-0.13316,-0.705896,1.19294,0.0714082,-0.488003,-0.153191,0.438526,-0.88388,0.322582,-0.389726,0.350632,-0.809291,0.221637,-0.524479,-0.303123,0.167476,0.0376968,0.247148,-0.339767,0.37482,-0.0207924,0.540817,0.917896,1
0.857683,-0.0858021,0.139855,-0.0604302,0.826602,0.290364,-0.869396,-0.0215638,-0.141255,0.403044,0.3063,-0.358317,-0.208993,-1.26349,-0.326698,-0.600321,0.606687,0.246524,-0.455924,-0.0236988,-0.849975,-0.166984,-0.028499,0.597368,0.0233182,0.418906,-0.874282,-1.04838,-0.207986,0.649369,0.151833,0.408027,0.55486,0.944828,1
-0.0601776,0.463126,-0.289641,-0.868397,0.134995,-0.354578,-0.46329,-0.63,-0.0705291,0.325579,0.0500155,0.165715,-0.462645,-0.292952,0.915432,0.463507,0.483123,0.541467,0.0182675,0.58493,0.33137,0.791109,-1.01813,-0.631437,-0.963439,0.662514,0.352992,0.42393,0.598225,0.50646,0.796676,-0.129738,0.567401,0.822789,1
0.174419,-0.0377021,0.32929,0.491897,-0.42395,0.19547,-0.66206,-0.02023,0.645388,-0.24738,-0.358459,-0.72769,-1.33986,-0.211968,0.352771,-0.776858,0.240776,0.0529924,1.00661,-0.0406724,-1.07564,-0.487299,0.646132,0.447559,0.476002,-0.500504,-0.217632,0.894697,0.349464,-0.226316,0.126805,-0.617609,0.462674,0.92297,1
0.145963,0.508878,0.397534,-0.930588,-0.013361,-0.0134818,0.193145,-0.402326,0.389781,-0.151418,0.196508,0.771308,0.455963,-0.203037,0.367102,0.6732,-0.456896,-0.352425,0.532601,0.178735,-0.0617729,0.391126,-0.274631,0.166121,-0.0482145,-0.705016,-0.0352631,-0.0971457,-0.747702,-0.109389,-0.848903,-0.55713,0.494069,0.867415,1
-0.772016,0.114198,0.029736,0.280338,-0.265436,-0.506754,-0.166858,-0.206573,-0.109273,-0.0582732,-0.421043,0.463118,-0.608406,0.274968,0.734637,0.601424,-0.0640233,0.298514,-0.762421,-0.68421,-0.363804,0.429308,0.35524,-0.119828,0.348305,0.440092,-0.416629,0.250002,-0.51712,-0.0471275,0.576191,-0.60468,0.45152,0.917267,1
-0.0511889,1.15456,0.393347,-0.347507,0.701817,0.205737,-0.550541,0.706976,-0.704892,-0.296753,0.00866395,0.700766,0.194365,0.398252,-0.0548208,0.224917,0.171045,-0.273606,-0.824766,0.409022,-0.113412,0.00818501,0.633987,0.395842,-0.343631,0.112287,-0.492036,-0.422,0.704571,-0.972855,-0.445482,-0.422528,0.535628,0.928938,1
-0.057846,-0.257657,0.337594,0.336735,-0.394789,-0.0518837,-0.0976655,-0.221008,0.728737,0.54547,0.450428,-0.353474,-1.12238,0.141411,-0.728971,-0.522673,-1.26825,-0.296864,-0.325261,0.316433,-0.643633,0.57222,0.185418,0.686344,0.361335,0.473494,-0.0154059,0.0429858,0.500355,-0.265791,-0.607076,0.896229,0.523096,0.928959,1
-0.258043,0.352641,-0.405802,0.452319,-0.797848,0.333732,0.00692148,-0.0662883,-0.824193,-0.566154,0.405682,0.245801,-0.211797,-0.231293,0.52124,0.135301,-0.104227,0.0344544,0.167135,-0.021836,0.368984,0.145131,0.277161,-0.0331364,0.797739,-0.634682,0.783204,0.390455,0.409736,0.360145,-0.272993,-0.456171,0.422967,0.769004,1
0.95,0.88,0.130266,-0.084631,0.477411,0.432016,-0.170992,0.49864,0.43344,0.302392,0.317316,-0.433016,0.175725,0.0108179,-0.168689,-0.160166,0.0219452,0.349146,-0.0385748,-0.435433,0.00835694,0.0062069,-0.228565,-0.392578,0.475045,0.075651,0.12232,0.320053,-0.260292,-0.227471,-0.29931,-0.00787429,0.48,0.2,0
0.95,0.88,0.143066,-0.29141,0.213309,-0.0543656,-0.0435109,0.402683,-0.362935,0.0100899,0.225998,0.31943,0.0018589,-0.301952,0.326522,0.160562,0.447049,0.135503,-0.397532,0.134671,0.0446619,-0.279142,-0.221276,-0.143091,0.0727055,0.348533,0.284401,0.0722874,-0.112824,-0.148331,-0.327886,0.172944,0.48,0.2,0
-0.841338,0.0701602,-0.49235,0.514847,0.176031,0.58615,-0.889477,0.0309429,0.196621,0.725294,-0.385259,-0.717071,-0.449656,-0.580385,0.0579299,0.344573,0.35734,-0.26783,-0.418511,0.55804,0.227886,0.0180429,-0.0572762,-0.44033,-0.671869,0.337246,0.171889,0.106648,0.486751,0.276084,0.430427,0.209671,0.508301,0.886691,1
-0.163511,0.0608329,0.685364,-0.70481,-0.399923,0.168113,1.13402,0.631446,-1.21409,-1.03446,0.224249,0.0459062,-0.295574,1.09438,0.166104,-0.372719,0.348716,0.505551,0.636548,0.244109,-0.546289,0.672201,-0.669179,-0.342184,-0.328315,-0.079077,0.104142,0.600624,-0.390233,-0.520763,0.446831,-0.367677,0.56722,0.786268,1
-0.000823221,-0.777641,0.308259,0.138354,-0.374324,0.834398,0.450256,0.141506,0.537248,0.429794,0.771262,0.515212,-0.127766,-0.916912,0.0633083,0.157608,-0.635459,0.712231,-0.640566,-0.999689,-0.352283,0.00880106,0.468202,-0.0803605,0.575217,-0.251814,0.0522627,0.082937,0.284757,-0.276121,0.221099,-0.683655,0.568771,0.774911,1
-0.308406,0.541851,0.643449,0.109291,0.463404,0.491805,0.271787,-0.917107,-0.466366,-0.616904,0.535089,-0.947848,-1.25576,-0.615786,-0.22763,-0.0401998,0.544572,-0.589067,0.67813,0.178099,0.262284,0.223691,-0.655209,0.206611,-0.588014,-1.39748,-0.205603,0.402829,0.70222,-0.342039,0.193269,0.208712,0.541042,0.827878,1
0.98043,-0.0238781,0.511423,0.659438,-0.357857,-0.55826,0.221769,0.776013,-0.341827,1.01847,-0.974912,0.591676,-0.526911,0.891651,-0.319391,0.971936,-0.313309,-0.188153,-0.667691,-0.849936,-0.5916,-1.39358,-1.16644,-0.440715,0.780008,0.201049,-0.3859,-0.411857,0.741994,0.341362,0.403898,0.310788,0.445855,0.82654,1
0.134397,0.13035,0.261266,0.188927,0.272297,7.95,0.391759,0.363517,0.117648,0.334378,0.309308,0.123714,0.359927,0.141311,0.238408,0.338534,0.294163,0.218281,0.181005,0.227411,0.255323,0.13474,0.17574,0.133386,0.124811,0.126191,0.119308,0.122463,0.231616,0.292996,0.297854,0.1009,0.52,0.82,1
0.319644,-0.153195,0.583025,0.347554,-0.294524,-0.33627,0.132515,-0.552542,-0.0464038,-0.54338,0.209945,0.0790436,-0.118694,-0.202426,-0.0914742,-0.500971,0.5712,1.40799,0.502447,-0.00740861,0.372862,0.155561,-0.265675,0.394069,0.533077,0.626642,-0.19251,0.0828295,0.854197,0.450639,0.537516,-0.897641,0.552656,0.897508,1
-0.280673,0.473682,-0.187938,-0.0183521,-0.149348,-0.492906,0.613049,0.143642,0.770706,0.795327,0.234361,0.302976,-0.560873,0.0622772,0.179788,0.140901,-0.0906623,-0.3204,-0.73881,-0.00513045,1.31732,-0.599309,-0.371817,-0.0913757,0.864097,0.482296,-0.256479,1.09324,0.169358,0.497329,-0.420091,-0.00421524,0.546502,0.821058,1
-0.792266,0.406073,-0.639335,-0.291987,-0.264175,0.326489,-0.134919,0.37941,0.743465,0.896536,0.115877,0.666192,0.0355463,0.260166,0.250225,1.3091,0.516194,0.020786,0.349463,0.499531,0.120645,-0.00685913,0.26607,0.0357604,0.0284506,-0.745905,0.489701,-0.180106,0.427847,-0.131545,0.314117,-0.84102,0.473481,0.806533,1
0.844059,0.0165912,-0.529704,-0.499806,-0.107022,0.686047,0.120847,0.485205,-0.416266,-0.510673,0.509173,-0.328608,-0.539213,0.845725,0.291735,0.184965,0.274587,0.435429,0.230968,-0.623214,-0.67015,0.420513,-0.333297,0.142097,-0.691247,-0.13995,-0.97416,-0.541057,-0.144431,0.0655508,-0.697484,-0.028281,0.513952,0.840221,1
0.187375,0.316513,0.136361,0.827711,-0.398689,-0.471779,0.440916,-0.111272,0.427609,0.322667,0.405921,-0.158498,0.0162668,-0.611306,-0.256207,0.0606272,0.487229,-0.020696,0.365737,0.231626,-0.203168,0.0990557,0.0649623,-0.947641,0.425403,0.0519784,-0.526123,-0.40161,0.415118,-0.212239,0.335851,0.397298,0.42387,0.768709,1
0.154598,-0.368392,0.684604,0.047995,0.587588,-0.169604,-0.0659147,-0.0396927,-0.975364,-0.311399,0.624355,0.234539,0.921531,0.0186056,0.0300922,-0.00275679,-0.450912,-0.781269,-0.863771,0.65927,-0.247788,0.426178,-0.471719,0.210423,-0.839789,-0.22307,0.137902,0.529811,0.177164,-0.331375,-0.3286,-0.253503,0.497122,0.936058,1
-0.342298,-0.673162,-0.318464,-0.53523,0.142887,0.0253256,-0.303414,-0.663964,0.0700249,0.733724,0.559536,1.15793,-0.489859,0.628408,0.444405,-0.393964,-0.566498,-0.471296,-0.583566,-0.565449,0.0602707,-0.147342,0.663344,-0.0342296,0.500092,-0.150068,0.744714,0.766306,0.585958,0.370529,-0.220918,-0.963559,0.468396,0.888827,1
0.148532,0.250515,0.218372,0.238627,0.382966,7.95,0.183104,0.335822,0.206841,0.370406,0.235776,0.164796,0.321238,0.331203,0.346316,0.353541,0.248091,0.299262,0.314313,0.286405,0.256601,0.263676,0.303309,0.279877,0.347072,0.210807,0.399337,0.149586,0.117181,0.357131,0.299626,0.237206,0.52,0.82,1
-0.185096,0.699211,0.90621,-0.42832,0.412543,0.610994,0.186879,-0.688693,0.14959,-0.157824,-0.361984,0.267775,0.320722,0.123914,0.283255,-0.0295825,0.211878,-0.785988,-0.698583,1.58287,0.419479,0.755268,0.156758,-0.011592,-0.262289,1.50882,-0.495397,0.681761,-0.192759,0.360624,-0.627156,0.180366,0.507179,0.832496,1
-0.275931,0.309648,0.0130146,0.552257,0.358556,-0.19598,0.790735,-0.361837,0.962828,-0.170839,-0.0299345,-0.573905,0.770398,0.523644,-0.0973641,0.517251,-0.684005,0.711491,-0.772331,-1.11984,-0.316794,-0.387013,-0.0377018,0.0199429,-0.701917,-0.171738,-0.626941,0.436575,-0.461928,0.14948,0.724844,-0.0544262,0.462545,0.837364,1
0.265696,-0.0463391,0.287332,0.0551715,-0.493181,0.814889,0.281734,0.106779,-0.145922,-0.462608,-0.832686,0.0229294,0.33223,0.0806295,-0.0139209,-1.03391,-0.607156,-0.792427,-0.551347,-0.501631,-0.0372013,-0.133006,0.606911,0.412408,0.23336,0.096808,-0.117755,0.159289,-0.179181,-0.203845,0.30057,0.280196,0.514861,0.822878,1
-0.126791,-0.0709087,0.217476,-0.512816,0.1303,-0.462181,0.014094,-0.682575,0.436123,0.625043,-0.451977,0.330788,-0.138636,0.332463,0.043425,-0.389338,0.214259,1.03699,-0.411833,-1.14135,-0.673126,1.44766,0.436168,0.311525,0.146789,-0.252254,-0.0147019,0.24842,-0.247896,0.0990603,0.35822,-0.70266,0.571059,0.772783,1
-0.0582431,-0.296142,0.41961,-0.51818,-0.171861,0.327025,0.408795,-0.75173,-0.916187,-0.69426,0.440064,-0.971322,0.0709099,0.0556383,-0.0738175,-0.353255,-0.00720022,0.179516,0.349,0.175084,0.0215812,0.116902,-0.448245,-0.00869427,0.659786,-0.54603,1.51085,-0.387305,0.0906594,-0.184689,0.249081,-0.842157,0.465559,0.880211,1
0.580387,0.0870109,-0.144469,-0.885974,-0.288354,-0.00980876,-0.989454,-0.372205,0.152875,0.224159,0.557205,0.252802,0.384818,0.376778,0.205785,0.247771,-0.519482,-1.22879,-0.704034,-0.0313097,-0.413356,0.165332,0.473403,-0.797967,-0.595035,0.440315,0.460368,0.165469,0.449687,0.0444667,-0.0245285,-0.0540273,0.44483,0.813879,1
-0.236164,-0.0504522,-0.341605,0.140328,0.202681,0.15631,1.18077,0.299591,0.068236,0.0854595,0.371046,-0.417178,0.300629,-0.0928936,-0.671,0.948005,1.30433,0.0273768,-0.250693,0.768393,0.249174,0.557488,0.0202913,-0.00901485,0.230312,-0.264744,0.0425048,0.608595,0.426772,0.759307,0.275722,-0.67993,0.458542,0.914757,1
0.0690757,-0.860417,-0.031152,0.364641,0.539625,-0.484216,0.378954,0.612142,0.709906,0.33955,-0.627854,0.503938,0.842111,0.0465152,-0.139134,0.383585,0.62876,-0.779592,-0.573015,-0.134512,0.336559,0.120249,0.00474179,-0.24519,0.0261681,-0.40912,-0.467447,-1.2424,0.783268,0.904303,0.110909,-0.244627,0.420397,0.773661,1
0.361141,0.164203,0.953194,-0.197168,-0.688564,-0.688208,-0.216525,-0.354412,-0.456015,-0.0454802,-0.141976,0.286337,0.466485,-0.206089,0.663872,-0.513569,0.190048,0.599557,-0.180979,-0.255022,0.964319,0.269974,0.0353082,-0.359719,0.079004,1.20188,-0.435203,0.462648,0.668274,0.0196724,-0.219464,0.989415,0.454517,0.85609,1
-0.368587,0.0401274,0.289093,0.52572,0.0293368,0.379093,-0.0296283,-0.129904,-0.0318464,0.442692,-0.992071,0.216275,-0.315341,0.498825,0.0781051,0.331596,1.07072,-0.237984,-0.0724235,0.160417,-0.0261829,0.0595733,-0.831652,-0.301779,0.278593,-0.385324,0.168282,0.235791,-0.216872,-0.51415,0.238477,1.16282,0.564603,0.89516,1
-0.106909,0.597303,0.476484,-0.00192807,0.254955,0.173392,0.517125,-0.246422,-0.535231,-0.240658,-0.442416,-0.699814,-0.341691,0.0808464,0.0359099,0.985856,0.220276,0.0812326,-0.737505,0.0541919,0.28146,-0.462993,0.129469,-1.00471,-0.734692,0.615202,-0.18327,-0.895198,0.427952,0.145444,0.0743966,-0.361401,0.451019,0.819413,1
-0.419401,0.149866,-0.641053,-0.0429227,0.334076,0.514103,-0.357371,-0.339562,0.419959,0.658322,-0.570013,0.116982,0.174777,0.185293,-0.153621,-0.424346,0.335764,-0.0858118,0.108312,0.226588,0.463953,-0.181032,-0.265344,-1.29825,-0.570587,-0.367578,0.126253,0.352749,0.493765,-0.302201,-0.39095,-0.464942,0.507295,0.836592,1
-0.255765,-0.182432,0.102247,-0.292645,0.193736,0.292911,-0.339009,0.0231305,-0.0208905,0.0888113,0.505567,0.220384,0.209286,-0.161017,0.177427,0.518232,0.359636,0.0458543,0.290461,0.650237,-0.00697051,0.699173,0.0215701,-0.181555,0.24023,-0.19185,0.273199,-0.437507,0.0023469,0.359998,0.661004,0.591503,0.445425,0.760574,1
-1.1156,1.06274,-0.282313,0.0101649,-0.217788,0.0100445,-0.108365,-0.347922,-0.084187,-0.189548,0.367444,-0.563027,-1.08113,-0.0875091,-0.163938,0.0120376,-0.865508,0.113941,-0.0725344,-0.467891,-0.312079,-0.0386164,0.0556143,0.376243,0.84907,0.302363,0.639663,0.14493,-0.54032,-0.67751,-0.621619,-1.43506,0.47603,0.933115,1
-0.703172,-0.473526,0.362831,0.107831,-0.717963,-0.415317,-0.381798,0.212104,-0.0491056,0.42847,-0.872411,-0.687967,-0.162476,-1.23065,-0.0287131,-0.187117,0.673911,-0.0230943,-0.354653,-0.470091,0.498489,0.574917,0.340063,0.733925,-0.557446,0.144257,0.290736,0.151607,0.340828,0.76442,-0.582599,-0.246463,0.493351,0.873827,1
0.177378,0.0191829,0.0308403,-0.0926686,-0.385805,-0.693713,0.824231,-0.0350989,-0.12495,-0.405765,-0.834114,0.153372,0.0165555,0.511725,0.57318,-0.44616,0.630016,-0.672475,0.224021,0.0300272,0.487759,0.206859,0.195205,0.124379,0.310168,-0.229868,-0.44768,-1.00958,0.89312,-0.942836,0.128218,0.0125926,0.511722,0.926852,1
-0.0672564,0.462734,-1.04603,-1.12885,0.631153,-0.049645,0.441303,-0.333562,0.75413,-0.221868,-0.166362,-0.276152,0.513837,0.695607,-0.772664,-0.226344,-0.504168,0.601466,-0.775043,0.0781859,0.168005,-0.120297,0.129703,-0.210508,1.26154,-0.552147,-1.04393,0.154694,-0.0870812,-0.323539,0.395064,0.458616,0.443328,0.793802,1
0.0251156,-0.144895,0.742572,-0.224148,0.549143,0.0132855,0.683851,0.256863,-0.287692,0.590268,0.166179,-0.249547,0.605006,0.0096807,0.652268,-0.248502,-0.698887,0.0857108,1.40465,0.0509053,0.0421037,0.574754,-0.264872,0.00642353,-0.139887,-0.012231,0.944937,-0.650161,-0.252439,-0.430681,-0.282651,-1.18209,0.552723,0.941331,1
-1.04588,0.263379,0.795828,0.195595,0.558085,0.598894,0.292143,-0.532769,-0.223108,0.172556,-0.387922,-0.276444,0.584356,-0.33746,0.343464,0.382531,-0.0485878,0.108558,0.132178,-0.0950399,-0.200232,0.264523,0.370851,0.555157,-0.185746,0.326155,1.42162,0.290439,-0.405462,-0.0279825,-0.150242,1.28195,0.50394,0.945785,1
0.467154,0.1181,-0.177172,0.545046,0.101681,-0.191334,0.396802,-0.42742,0.26815,-0.548074,-0.218449,-0.28971,-0.126704,0.0537213,-0.239511,0.827653,-0.00442852,0.39674,-0.107458,-0.114698,0.622466,1.47387,0.301232,0.457441,0.318861,-0.577253,0.149894,0.418894,0.34883,-0.345412,-0.223784,0.236431,0.491134,0.919022,1
0.95,0.88,0.026498,0.310602,-0.0689136,0.16985,0.0578658,0.428144,-0.349256,-0.412417,-0.164404,-0.328989,0.162836,-0.426341,-0.195613,-0.0270452,-0.499868,0.418248,0.232084,-0.439473,0.0239468,-0.295935,0.164438,-0.0884297,-0.305504,-0.401329,0.110227,0.199174,0.189448,-0.141236,-0.052669,-0.178064,0.48,0.2,0
-0.355864,-0.0780314,-0.765428,-0.387743,-0.642476,-0.117136,0.204092,-0.396388,-0.263344,-0.793766,-1.08775,-0.52614,-0.0597327,0.884468,0.411701,-0.268699,-0.281652,-0.678337,-0.542255,-0.498297,-0.621601,0.130194,-0.667994,-0.352441,0.427484,0.324914,-0.645881,0.620459,0.293921,-0.235677,-0.630006,0.338166,0.447262,0.761386,1
-0.312086,0.276373,-0.270937,0.834387,0.457086,-0.574064,-0.42287,1.23206,0.609249,-0.317508,-0.00370707,-0.478064,0.200716,-0.228482,-0.445238,0.18425,1.24098,-0.201285,0.37306,0.21857,0.638988,-0.81695,-0.224221,0.34988,0.30283,0.0976495,1.17679,0.266243,-0.890263,-0.0417219,0.595158,0.377321,0.48598,0.87403,1
0.663188,1.39989,-0.935782,-0.279727,-0.774356,0.76008,0.310615,-0.701469,0.933186,-0.340882,0.0909944,0.323103,-0.756414,-0.235292,0.0390754,-0.353259,-0.243638,-0.141733,0.0110016,-0.177141,-1.17523,-0.396927,0.743596,-0.482265,-0.226976,-0.804065,0.348038,-0.0226614,0.934262,0.00922069,0.200867,-1.4339,0.451157,0.904109,1
-0.31714,0.652372,0.483647,-0.370407,-0.173425,0.328569,-0.281197,-0.0267343,-0.743955,1.08504,0.0274463,-0.796958,0.39535,-0.368609,0.408771,0.349835,0.703851,-0.478433,0.367016,-0.214381,-0.765439,0.639928,-0.294952,0.796755,0.228858,-1.00034,-0.561614,0.176322,0.535679,-0.420711,0.151967,0.778867,0.555568,0.949402,1
1.04085,-0.276736,-0.0481296,-0.600699,0.0781881,-0.552429,-0.418466,-0.000180222,0.114224,-0.692973,-0.0544861,0.319009,0.231062,0.314312,-0.543948,0.174332,-0.268938,0.356631,0.394086,-0.490834,-0.174078,0.600138,-0.121794,-0.58241,0.101832,0.140181,-0.562737,0.537789,0.0308075,0.0714041,0.998793,-0.25874,0.457647,0.864635,1
0.0107119,0.583177,0.512479,-0.211087,-0.986871,0.894757,0.227042,0.644788,-0.293789,0.918735,0.733256,-0.178953,0.0482059,-0.723861,-0.36066,-0.795363,0.111561,0.242354,0.106976,-0.319851,-0.180777,0.0157189,0.486629,-0.0547062,0.497778,0.183076,-0.0458326,0.653237,0.58071,0.1674,0.46769,-0.15336,0.564805,0.760875,1
-1.23193,0.32205,0.0626066,0.091974,-0.279738,-0.500208,-0.0883218,-0.318114,0.440317,0.924122,-0.132488,-0.161989,-0.392891,0.42762,0.846232,-0.119146,0.326282,0.2044,-0.786491,0.404735,-0.356767,-0.158436,-0.271707,0.531716,-0.782343,-0.375628,-1.18536,-0.0532846,-0.356777,-0.614559,-0.144554,-0.288783,0.547675,0.778619,1
-0.268629,-0.00469123,-0.0961998,0.14341,-0.0438966,-0.278315,-0.211291,0.310493,-0.585937,-0.49105,-0.282348,0.133538,-0.101448,0.250386,-0.403453,1.15219,0.72264,0.398492,0.144746,0.0958977,-0.358168,-0.0312696,-0.15644,0.195323,-0.000538306,0.215462,0.55539,-0.272315,-0.243373,0.0243327,0.166605,-0.442596,0.438549,0.910111,1
-0.569229,0.152177,0.211036,0.171097,0.172442,0.321111,0.213678,-0.697361,0.431654,0.492533,0.680015,0.087236,0.433656,0.424823,-0.302988,-0.871347,-1.38002,0.0666396,0.257278,-0.856829,-0.787693,-0.438786,0.089928,0.0880013,0.302832,-0.437246,0.537207,0.336671,0.141383,0.298224,-0.0183621,-0.133158,0.454743,0.774936,1
0.255563,0.371673,0.188203,0.205217,0.144258,7.95,0.350322,0.335189,0.354453,0.296318,0.386458,0.118506,0.291792,0.339301,0.310533,0.248538,0.211628,0.175427,0.185191,0.21203,0.364961,0.100341,0.162556,0.23313,0.196603,0.217562,0.142573,0.174612,0.295136,0.223463,0.178529,0.332507,0.52,0.82,1
-0.906057,0.167922,-0.0818536,0.57411,0.544462,-0.436612,-0.412634,-0.189589,-0.427929,0.656061,-0.257828,-0.519562,-0.389618,-0.327981,-0.742812,0.430002,0.198782,-0.493638,0.249478,-0.0838462,0.457771,0.0125588,0.617917,-0.472198,-0.332099,-0.311162,-0.525613,-0.753422,0.107206,0.329492,0.965284,0.0635042,0.453938,0.815041,1
0.882408,0.521229,-0.0719521,-0.573233,-0.106719,0.860791,0.864284,0.459411,0.996488,-0.142437,0.254495,-0.570529,0.0174561,0.243923,-0.0261996,0.0279969,0.789415,-0.166466,0.174106,0.663479,0.0638039,0.712275,0.716874,-0.0323437,-0.16638,0.165126,-0.152655,-0.00475777,-0.496677,-0.593665,-0.769537,0.114245,0.510788,0.868406,1
0.432844,-0.384415,0.536815,-0.152644,0.1855,-0.165633,-0.839738,0.502085,-0.347405,-0.499367,0.444407,-1.05686,0.175995,-0.259831,0.97935,-0.504793,-0.0329802,-0.0931938,-0.0205156,-0.723483,0.151494,-0.0430961,0.243831,0.449141,-0.275069,0.629675,0.136805,-0.738817,0.443016,-0.983937,-0.418168,-0.101472,0.509688,0.778857,1
0.571846,-0.519276,0.559055,0.784844,-0.788367,0.508325,-0.0886705,-0.0599595,0.134942,-0.161948,-0.893878,0.245231,0.0245824,0.193252,-0.241419,-0.429834,0.237054,0.272224,-0.832441,-0.398017,-0.278574,0.295406,-0.00595304,0.789131,-0.0151078,0.472864,-0.67386,-0.48665,0.0714439,-0.0921994,-0.129348,-0.795191,0.519012,0.866208,1
-0.606958,-1.07164,-1.00517,-0.112667,-1.084,-0.328689,0.406803,0.416735,-0.14967,-0.0394014,-0.679095,0.433546,0.228533,0.617771,0.261053,0.416695,-0.121288,0.366636,0.568131,0.808625,-0.517676,0.616172,-0.230576,-0.880667,-1.14911,-0.30408,-0.278703,0.664548,-0.623454,-0.573039,-0.950483,0.274333,0.491162,0.915088,1
0.450514,0.282958,0.19616,0.300718,-0.0921157,0.235853,0.145651,0.253463,0.246403,0.412702,0.54039,0.0566774,-0.927843,0.936368,-0.320337,-0.00823809,0.616797,-0.0394053,-0.5171,-0.173111,-0.11237,0.628354,0.491726,0.0803909,0.0268562,0.108476,0.00317295,0.250089,0.0468731,-0.80351,-0.460973,0.853208,0.493834,0.917889,1
-0.262032,-0.175944,-0.293062,-0.620814,0.759443,0.0345741,-0.693584,-0.396697,1.10688,-0.0388573,0.816922,1.61632,0.0778417,-0.19525,0.581193,0.04309,0.851947,-0.521706,0.827722,-0.441521,0.0211786,-0.153758,0.746753,0.46433,0.38907,0.173043,0.124871,-0.277261,0.0586333,-0.301663,-0.729427,-0.373293,0.467736,0.932922,1
-0.399935,0.287443,-0.810741,0.33128,0.786372,-0.389999,-0.0863745,-0.13406,0.00545867,0.316391,-0.451822,0.47336,-0.107683,-0.427573,0.157973,0.254434,0.752365,0.776081,0.136858,0.768281,0.64342,-1.08068,-0.607744,0.163189,0.0460569,-0.678495,0.305148,0.462703,-0.369235,0.151646,-0.00861107,0.330423,0.455131,0.826439,1
0.315,-0.0776281,-0.753843,0.368335,0.00355286,-0.422236,-0.032219,-0.553689,-1.16792,0.568566,1.04087,0.313562,0.471667,-0.104986,0.278871,-0.0813803,0.332485,0.106612,-0.211758,0.447452,0.629953,0.0477803,-0.673322,-0.17086,-0.269668,0.478066,0.0799817,0.896491,0.483698,0.116714,-0.119063,0.402436,0.467428,0.8975,1
-0.139896,0.39564,-0.54076,0.309579,0.385024,-0.461169,0.0479306,-0.41817,0.429618,0.407977,-0.365046,-1.15261,0.419451,0.628488,0.0576596,0.518599,0.444976,0.19717,-0.579075,0.199021,0.149738,1.53595,0.0938768,-0.415636,0.879752,0.358949,-0.303562,-0.524982,0.610674,-0.575446,-0.650012,-0.348099,0.523494,0.818288,1
0.924177,0.0786758,-0.0194713,0.156434,-0.704357,-0.142905,-0.301868,0.465501,0.53272,0.382932,0.27546,-0.757902,0.601151,0.0850278,-0.388789,-0.0236208,-0.0510837,0.0138475,-0.307414,-0.071996,0.222915,0.169867,0.79559,-0.0525156,0.319886,-0.164112,0.00627759,-0.0753705,-0.345208,-0.00795974,0.440184,0.0596711,0.533033,0.864955,1
0.00760191,1.0339,0.420053,-0.782141,0.995021,-0.272715,-0.376504,-0.459162,-0.177762,0.124001,-0.350301,0.722238,-0.181146,0.669149,0.908996,-0.458087,-0.149045,0.473652,-0.25884,0.674489,-0.0961257,0.0237024,-0.498247,-0.409662,-0.410817,0.546145,-0.916711,0.883092,0.397101,-0.349658,-0.58481,-0.17598,0.576509,0.80436,1
-0.167545,0.473257,-0.468677,0.078046,-0.121969,-0.561151,-0.0316641,-0.000721721,-0.0172145,-0.407588,0.0700172,0.385579,-0.471698,0.0434778,0.0628492,0.295182,-0.252391,-0.259607,-0.426431,-0.217419,-0.385656,0.14183,0.356414,-0.382068,0.117106,-0.253666,-0.0706761,0.467542,-0.358981,-0.604393,0.608586,-0.0091577,0.449894,0.770344,1
0.14481,0.176991,0.333218,0.321332,0.10981,7.95,0.389346,0.304143,0.253135,0.363912,0.260613,0.23868,0.215999,0.235669,0.230163,0.140684,0.38358,0.296393,0.250659,0.263703,0.267099,0.154521,0.282617,0.164276,0.306184,0.341261,0.341137,0.171817,0.262248,0.213241,0.287144,0.321968,0.52,0.82,1
-0.0549365,0.130556,-0.437609,0.834477,-0.0199413,-0.67084,0.564211,-0.185987,0.140046,0.351917,0.763297,0.0561654,0.850737,0.755962,0.377979,0.450392,-0.134473,0.197352,0.758114,-0.105036,-0.659679,0.247719,0.114658,0.154822,-0.330543,-0.674239,0.24926,0.406561,-0.0980677,0.226308,0.0762741,0.0341684,0.539044,0.854363,1
0.297793,0.414091,1.19054,-0.308729,-0.637655,0.788516,0.185673,0.39504,-0.733824,-0.146124,-0.220037,0.0569786,0.2957,0.609758,-0.868235,0.296828,0.111093,-0.322888,-0.469453,-0.0481476,0.583086,-0.486888,-0.142269,-0.0700971,0.292123,0.290164,-0.0737295,-0.782133,0.262575,0.262204,-0.823323,0.276839,0.576562,0.764589,1
0.545943,-0.334593,0.389029,0.163651,0.525875,0.0171873,-0.327328,0.0496062,0.848018,0.353827,0.474563,0.143647,0.341105,-0.415446,0.329129,-0.206342,0.338674,-0.383455,-0.0206688,0.773872,-0.255107,-0.673141,-0.0932863,-0.679808,-0.0494561,0.327984,-0.685217,-0.214296,-0.390986,-0.0369077,0.247544,-0.264568,0.534971,0.774726,1
-0.126424,0.565715,-0.593966,0.222565,-1.04813,0.606805,-0.0875379,-0.259209,-0.167911,-0.834184,0.134409,-0.135709,-0.288332,0.00207243,-0.71624,0.0398055,-0.341028,-0.131358,0.247682,-0.349139,0.658286,-0.602151,-0.0261172,0.492109,-0.276857,-0.693976,-0.0625651,0.103422,-0.0350672,-0.155425,0.521686,0.129417,0.552909,0.848581,1
-0.772378,0.359606,-0.315835,0.495356,-0.481243,0.539285,-0.711103,-0.633726,0.492101,0.647642,0.847043,0.0619939,-0.875707,0.702805,-0.465045,0.107673,1.09256,-0.737235,0.082522,-0.318183,-0.360168,-0.347637,-0.286071,0.849464,-0.211899,-0.0861899,-0.420499,-0.312958,0.142628,-0.672152,0.90005,0.1408,0.506965,0.913395,1
-0.38214,0.0062754,-1.14752,-0.123864,-0.406209,0.684034,-0.432829,0.125953,0.574209,-0.103461,-0.828203,-0.012749,-0.524075,0.160404,0.393452,0.61927,-0.331665,-0.246225,-0.172845,-0.235422,-0.887447,-0.472049,0.628825,-0.0985737,0.179322,0.269151,0.602674,-0.660697,-0.267229,0.80137,0.0408884,-0.462838,0.552202,0.865114,1
1.03081,0.414234,0.078297,-0.706981,0.217403,-0.634904,-0.370662,0.295562,-0.276191,0.00487423,0.160928,-0.569053,0.411437,-0.12969,0.298105,-0.585282,0.703555,-0.164514,-0.332899,-0.0807757,0.0433728,-0.0758034,0.282934,-0.176821,0.125617,0.281339,-0.109779,-0.17507,0.0944161,0.164738,-0.109109,-0.769051,0.523708,0.766874,1
-0.893247,0.13935,0.636543,0.267776,0.329668,0.929229,-0.303036,0.0678057,0.179588,-0.697708,-0.570258,-0.647925,-0.296539,-0.846265,-0.33622,-0.636791,0.130745,0.131687,-0.0949799,-0.251527,-0.359968,0.166339,-0.414953,0.449729,-0.140503,-0.259987,-1.19611,-0.19177,1.31546,-0.325495,0.470221,0.137308,0.572603,0.824403,1
0.650113,-0.695547,-0.300181,0.447292,-0.341931,-0.45312,0.337642,0.450656,0.0713588,-0.0601132,0.28817,0.534622,0.285829,-0.558488,0.183408,0.752705,-0.255965,-0.382912,0.766755,0.526817,-0.300681,-0.364196,-0.140819,0.488622,0.0211091,-0.399032,0.690323,0.224448,-0.516273,-0.314808,-0.539978,-0.106345,0.558507,0.803177,1
-0.0658893,1.03661,0.117404,0.225307,-0.129359,-0.60945,-0.257173,0.645403,0.388103,0.426921,0.295213,-0.415789,-0.267048,0.541536,-0.95795,-0.123843,0.957052,-0.55601,0.131394,-0.523173,0.030844,0.626301,-0.747454,-0.282157,0.71895,-0.494296,0.480344,0.306016,0.206299,-0.481246,0.155699,0.571837,0.458695,0.769213,1
0.343499,0.067644,-0.091654,0.292048,-0.342864,-0.219172,-0.458627,0.383631,-0.0893196,0.0954747,0.737486,0.28659,0.154659,-0.520167,-0.706416,0.251394,-0.254484,0.120844,-0.405876,0.305287,0.394202,0.0119772,0.419306,-0.129827,0.216852,-0.0308054,0.230765,-0.372523,-0.00575565,0.163242,0.358846,0.195625,0.565527,0.77476,1
0.221974,-0.130054,-0.288298,0.266114,0.502846,-0.389969,-1.02752,-0.660164,-0.37455,-0.710636,-0.757121,0.226925,0.668804,0.201941,0.442814,-0.837509,0.160963,-0.137475,-0.505886,-0.965414,-0.504174,-0.732323,0.098571,0.238825,-0.408642,-0.463193,-0.11333,0.473244,0.323762,-1.26035,0.393222,-0.422872,0.532779,0.781857,1
0.405658,-0.578137,-0.357273,-0.129529,0.614802,0.227433,0.289188,-0.542241,-0.451507,-0.199131,0.925833,1.18381,-0.625257,-0.460769,0.228521,0.109254,-0.0160595,-0.32726,-0.402469,-0.000493172,-0.144533,-0.373355,1.19489,0.0068384,-0.358042,0.212751,0.335069,-0.697152,0.207375,0.484058,0.00484684,1.01557,0.472632,0.860003,1
0.935863,0.966726,0.161559,-0.160181,0.815047,-0.527494,-0.385225,0.170772,-0.0294662,-0.256836,0.97268,-0.673913,0.215355,-0.037508,0.290656,0.0696392,0.765106,-0.174168,0.128295,0.0541119,-0.302542,-0.399147,-0.909171,-0.276626,0.431779,-0.346527,-0.0617804,-0.349921,-0.617375,-0.894696,0.103286,-0.112301,0.501606,0.912503,1
-0.0531401,0.0669755,0.151425,-0.0504578,-0.189649,0.324645,0.537453,1.04367,-0.572388,0.601064,-0.0812168,-0.487378,-0.301095,-0.0125368,0.643332,0.363753,-0.939526,-0.398818,0.431465,0.204741,-0.848773,0.897813,0.558086,0.386671,-0.248263,-0.190652,-0.139222,-0.314864,-0.835697,0.353115,0.652489,-0.122116,0.575159,0.851701,1
-0.56588,0.116372,-0.101038,0.320193,-0.522579,-0.152545,-0.181641,0.405371,0.934783,-0.0144517,-0.175054,0.69687,0.116096,-0.226029,0.26265,-0.398698,-0.818843,0.161108,0.415855,-0.885156,0.0655318,-0.0952439,-0.802415,0.510291,0.419926,-0.92031,0.0700418,-0.131684,0.391992,-0.389803,0.485734,0.191175,0.514173,0.846418,1
0.0104778,-0.427872,-0.0721674,-0.522314,-1.35237,0.847583,0.460361,0.097723,-0.954291,0.815909,0.0288915,0.590124,0.523371,0.243801,-0.185103,0.0129913,-0.631515,-0.527053,-0.393629,-0.883865,-0.155374,0.849772,-1.05541,-0.382291,-0.0843409,-0.162309,-0.637654,0.0381347,-0.253821,0.647154,-0.115026,0.0745316,0.485318,0.852478,1
-0.215216,0.0381614,-0.412468,-0.481953,0.105203,0.359438,-0.84087,-0.710782,0.223362,-0.841452,-0.596552,-0.61208,-0.126589,0.87947,0.659671,-0.334527,-0.372429,-0.0419301,-0.558427,-0.873996,-0.257397,0.346294,-0.00404354,0.261123,-0.601263,-0.131361,0.24396,-0.517994,0.142363,-0.408203,-0.247227,0.368957,0.468252,0.926162,1
0.0291246,1.012,-0.240243,0.4559,-0.57162,0.100458,-1.03561,1.21343,0.155913,-0.728864,-0.125463,0.99638,-0.501427,-0.350374,0.328995,0.000721448,0.445767,0.0704324,0.107143,0.684834,0.162647,0.0373368,0.695402,-0.206846,0.412663,-0.363147,-0.334181,-0.230036,0.708497,0.254378,-0.188766,-0.291344,0.572167,0.808306,1
-0.0431821,0.0506594,-0.214427,0.529286,0.0331722,0.985113,-0.437951,0.241584,-0.426546,0.844614,0.154843,-0.741147,0.140264,-0.36031,-0.175659,0.547413,0.771804,0.796249,-0.0455247,-0.594182,0.0312369,-0.163354,0.740576,0.364879,-0.0505145,-1.22794,-0.133554,0.168438,-0.325345,0.183165,0.987172,-0.679816,0.489751,0.804601,1
0.216805,0.223364,0.195704,0.288707,0.298174,7.95,0.367474,0.327716,0.111372,0.110797,0.149712,0.255291,0.163996,0.395896,0.370287,0.123843,0.348463,0.324261,0.285317,0.164483,0.242352,0.281045,0.262826,0.195062,0.217204,0.258965,0.213101,0.295232,0.195234,0.307712,0.209,0.119177,0.52,0.82,1
0.370785,0.548362,0.285517,-0.574793,-0.145069,-0.223145,-0.169628,-0.35971,-0.768479,0.0617556,-0.341755,-0.183443,0.385413,0.00444878,0.560865,-0.225495,0.557638,-0.251161,0.287158,-0.00920905,-0.438659,0.791081,0.819256,-0.00366636,0.120764,1.29148,-0.473013,-1.33286,-0.440863,-0.573854,0.301567,0.408271,0.483268,0.764638,1
-0.169929,0.228743,0.19683,0.67027,-0.426145,0.457971,-0.196685,1.13086,0.453305,0.841631,-0.0324497,0.47777,-0.414997,-0.681438,-0.0353079,-0.202219,0.653064,0.0720561,0.389074,-0.752691,0.33725,-0.0465127,-0.0839917,0.822721,-0.363205,-0.784637,0.319157,0.129974,-0.375314,-1.05753,0.268998,0.428441,0.480359,0.915189,1
0.335775,-0.530235,0.231194,-0.202406,0.738949,-0.208982,-0.181291,-0.918311,-1.03367,0.162529,-0.293356,-1.03721,0.0477011,0.419744,0.0233122,-0.461697,0.0941665,0.582548,-0.141809,-0.749503,1.4842,-0.0318005,0.305672,0.579481,0.204991,-0.565147,-0.0812441,-0.533303,0.254638,-0.18764,-0.244296,-0.134611,0.546967,0.92701,1
0.142348,0.326098,-0.269294,0.194163,-0.126665,0.0952467,-0.712245,-0.329259,0.36541,-0.0106957,-0.0151438,-0.179763,0.717519,0.0308779,0.420496,-0.79114,-0.188337,0.584327,-0.853841,0.380614,0.548833,0.300644,-0.622512,0.380615,-0.292667,-0.42974,-0.0667053,0.268368,-0.205575,-0.221141,-0.319469,0.105286,0.463498,0.788114,1
0.0193627,-0.618168,-0.519776,0.581698,-0.25947,-0.286561,0.701442,0.472708,-0.580161,-0.299533,-0.731821,0.826199,-0.586681,0.141534,-0.437956,0.369901,-0.00537225,-0.281099,0.203286,0.324811,-0.115933,0.0375737,0.896998,0.491577,0.462747,-0.0943917,0.0294896,0.274762,-0.0580452,0.24063,-0.0406554,0.49865,0.568766,0.927441,1
0.54578,-0.238056,-0.372401,-0.613061,-0.292018,0.658426,-0.643992,-0.546826,0.281785,0.378182,-0.362927,-0.806963,0.576486,-0.311403,0.535899,-0.49407,0.606423,-0.674794,-0.454458,0.844715,-0.60566,0.0690106,0.0365977,0.144834,-0.933789,-0.372723,-0.0347719,-0.952664,0.350838,0.188538,-0.153362,0.955207,0.511236,0.903052,1
-0.423704,-0.522842,0.118062,-0.111408,-0.28512,-0.786119,1.21083,-0.33343,0.176586,0.572457,-0.186289,-0.73736,0.0976904,0.0825381,1.3704,0.746123,0.618656,-0.480973,-0.164568,0.430977,-0.939163,-0.324237,0.86931,0.0216324,0.380253,1.22739,0.0986609,-0.315225,-0.434744,0.308233,0.131074,-0.34152,0.478714,0.892508,1
-0.750775,-0.556809,0.427455,-0.589342,-0.683388,0.182885,-0.0926531,-0.0356514,0.108185,-0.184779,-0.707133,-0.323671,0.244851,-0.864897,-0.0114091,0.431534,0.236583,0.141464,-0.0970345,-0.690515,-0.69647,0.181323,-0.587964,-0.502661,0.169154,-0.322693,0.979301,-0.183394,1.02377,-0.133142,-0.608701,0.162334,0.578892,0.793757,1
-0.83514,-0.0136003,-0.329569,0.509207,0.318348,0.0431039,0.356628,0.723987,0.332106,0.241573,-0.926089,0.670155,-0.252382,-0.515681,0.361057,0.693615,0.461721,0.00296499,-0.0792779,0.650737,-0.00361394,0.158045,0.589768,-0.145996,0.150901,0.00942778,0.80819,0.189737,-0.478576,-0.648809,-0.133617,0.083667,0.443638,0.906839,1
0.571772,1.2087,-0.386747,0.189225,0.744066,-0.0315983,0.127911,-0.5415,0.0664506,-0.820309,0.0577653,-0.139283,0.0468608,-0.642672,0.564055,0.414654,-0.408125,-0.676245,-0.61402,-0.283866,0.258599,0.211604,-0.36111,-0.803312,1.40602,0.314114,-0.0219266,-0.184947,-0.541883,0.673579,-0.929095,-0.706279,0.561666,0.859714,1
0.15008,0.208924,0.378818,0.370182,0.342971,7.95,0.288314,0.371718,0.205115,0.268168,0.268983,0.388423,0.215205,0.143084,0.122518,0.161199,0.122881,0.114842,0.168146,0.173813,0.199269,0.292484,0.179064,0.13967,0.21739,0.220417,0.286077,0.127855,0.341323,0.338778,0.285434,0.10765,0.52,0.82,1
-0.711068,-0.158663,-0.131234,0.142812,-0.105461,1.15089,0.343716,0.392704,-0.369238,-0.402416,-1.63374,0.341468,0.806683,0.176141,0.260083,0.800678,0.339007,-0.553474,0.217877,-0.290296,0.0272346,0.115351,0.573651,-0.826297,-0.102964,0.0988216,0.640659,0.188212,0.37116,0.160749,-0.394411,-0.00359434,0.511821,0.907708,1
0.788584,-0.0208666,0.4418,-0.253668,-0.331186,0.228342,0.148583,-0.0542601,-0.031988,0.24561,0.241173,-0.00960416,1.58555,0.945228,-0.240355,0.10659,0.238923,0.907466,0.619102,0.160404,0.195702,-0.323232,-0.819891,-0.871869,-1.17193,0.539697,-0.316282,0.570036,-0.300414,-0.0553081,-0.475706,-1.01803,0.52134,0.83631,1
0.0772762,0.329715,-0.439808,1.04743,0.413878,-0.0377597,0.813428,0.824711,0.195261,-0.00414573,-0.48438,0.563203,0.711402,-0.154625,-0.580172,-0.20727,0.56266,-0.552774,0.480914,0.415291,0.664368,-0.273433,0.31194,-0.0205988,0.640632,0.0266416,-0.476103,-0.395549,-0.69797,-0.254291,-0.185685,-0.183502,0.462115,0.798596,1
-0.0522943,0.255585,-0.154733,0.410372,0.790885,-0.427383,0.113331,0.361554,-0.0507275,0.895392,0.335268,0.0754461,0.306162,0.592524,-0.109979,0.385265,0.290536,0.467649,0.451681,0.321699,0.391695,-0.858211,-0.597493,-0.131238,0.248088,-0.381288,-1.3404,-0.730803,0.695858,0.956197,0.372322,0.0258221,0.464009,0.82363,1
0.345727,0.971574,0.338368,-0.655052,-0.458171,0.355294,0.740157,-0.554942,1.05008,-0.464604,0.650654,0.573582,0.292695,-0.885395,-0.469453,0.675705,-0.343325,1.02582,0.501097,0.34,0.275555,0.456037,-0.416578,-0.365897,0.145277,0.423844,-0.54444,-0.35086,0.565759,0.340457,-0.353097,-0.163989,0.42063,0.925906,1
0.715302,-0.203313,-0.629885,0.449721,-0.167088,-0.29293,0.450331,-0.188868,-0.0646595,-0.164683,-0.703525,-0.0110202,0.143449,0.343758,-0.236546,-0.253124,1.23513,-0.414742,0.538744,0.931313,0.0516032,0.121625,0.405668,-0.2175,-0.474438,-0.638295,-0.568259,-0.168683,0.379953,-0.173107,-0.0302591,1.58408,0.51574,0.947848,1
0.818988,-0.196191,-0.239524,0.407412,0.279225,0.741545,0.105411,-0.598013,-0.512515,0.206418,-0.413928,-0.37639,0.28244,-0.0264323,0.155388,0.0156192,-0.614412,-0.210713,0.214873,-0.864459,0.381948,-0.29522,0.117653,0.259922,-0.0128923,-0.198017,-0.110618,0.514622,-0.616994,1.25558,-0.0750922,0.769691,0.422733,0.897054,1
-0.611538,0.0342239,0.177492,0.230044,-0.155123,0.172533,0.107766,0.326295,-0.00713747,-0.209802,-0.283171,-0.0543324,0.0736372,-0.532225,-0.00702912,-0.449898,-0.765003,-0.4259,0.556941,-0.0585588,0.238187,0.159054,0.4754,-0.403544,-1.02517,0.400338,-0.830017,0.342899,0.918172,-0.278762,-1.43913,-0.535686,0.510233,0.88019,1
-0.340019,-0.0957349,0.881885,0.452606,-0.224065,0.874666,0.364624,0.49318,-0.227061,0.0473884,-0.956618,-0.0256084,0.00956584,-0.309182,-0.875015,0.121485,0.668794,0.893364,0.0405809,-0.333412,-0.170524,-0.33569,-0.221414,-0.737749,0.509227,0.449907,0.37668,1.13349,0.25413,0.218135,-0.412054,-0.134359,0.468457,0.792371,1
-0.217198,1.0408,0.443275,-0.0666356,-0.407364,-0.684082,0.51777,0.563649,-0.155584,0.276132,0.91723,0.572444,-0.184481,-0.0160008,-0.161517,-0.0730808,-0.926747,0.621635,0.286527,0.414486,0.393827,0.107966,0.196041,-0.0795405,-0.476445,0.0568878,0.66689,0.36809,-0.225381,0.59874,-1.6117,-0.325264,0.539094,0.853607,1
0.95,0.88,-0.0692331,0.103061,-0.112825,-0.0294024,0.101689,0.356037,0.187203,-0.123645,0.0494659,-0.492169,0.16428,0.392614,-0.444717,0.074181,-0.340472,-0.428184,0.480687,0.443738,0.304791,0.00762932,-0.0817254,-0.449516,0.201226,-0.147658,-0.48459,-0.390903,0.388151,0.34844,0.356259,-0.287041,0.48,0.2,0
-0.145694,0.230546,-0.920116,0.328672,-0.171032,0.36893,0.396023,-0.0756188,-0.122864,0.129521,0.195761,0.268859,0.439442,-0.314238,-0.142495,-0.405683,-0.354824,0.196249,-0.298584,0.723438,0.265925,0.00341797,-0.226495,-0.00187779,0.399538,0.357523,0.0335969,-0.179588,-0.208535,-1.08354,0.302924,-0.294457,0.518892,0.82212,1
0.976733,-0.0725233,0.675612,-0.252316,0.23131,-0.168911,-0.627428,-0.112095,-0.302001,0.668148,0.141603,-0.132643,-0.244555,-0.571576,-0.169973,-0.033853,0.690501,-0.242646,0.676735,0.227481,0.30007,-0.406328,0.748639,-0.446471,-0.329232,0.229345,-0.386273,1.15036e-05,-0.264197,-0.660475,0.564073,0.414744,0.432094,0.884252,1
-0.738943,-0.513255,0.240335,0.0197922,-0.316836,-0.721971,-0.681565,-0.010244,0.808658,-0.417048,0.587748,-1.25217,-0.266768,0.359479,-0.279497,0.431181,-0.238876,0.2208,0.0775676,-0.439194,-0.834897,-0.584396,-0.53028,0.608849,0.516016,-0.488812,0.793372,0.412242,0.0257321,-0.417754,0.730527,0.962233,0.450744,0.839258,1
-0.267683,-0.256341,0.553685,0.59327,0.467549,0.290024,-0.245636,0.719904,-0.446236,-1.02488,-0.154524,0.247508,-0.243868,-0.422055,-0.653998,-0.0156964,-0.273736,0.705626,-0.481031,0.621452,-0.508706,-0.34297,-0.0634768,-0.706956,0.82645,0.846992,0.0404774,0.163139,0.245349,-0.757781,-0.0734409,0.612913,0.491385,0.781832,1
-1.06952,0.0400809,0.190004,-0.462981,0.480571,0.228299,0.233277,0.49444,-0.230514,0.108647,0.177162,0.478984,-0.41764,-0.132379,0.175066,0.588366,0.555962,-0.428647,-0.416199,-0.556073,0.384612,0.101665,-0.0282535,0.0172647,-0.132632,0.630284,0.172817,0.68657,-0.0072619,0.0354216,-0.80022,0.649391,0.517966,0.82222,1
0.6473,0.424982,0.5826,-0.381218,0.11066,-0.110995,-0.397732,-1.5383,0.243821,-0.478814,0.171739,-0.0537827,0.636035,-0.122085,0.231396,-0.498006,-0.613168,-0.317818,0.0628107,-0.232822,-0.6566,0.536098,0.0548038,-0.41002,0.148244,0.396203,1.2892,1.30857,-0.687831,-0.0913573,0.779414,0.222656,0.487537,0.806922,1
0.0342193,-0.441264,0.115635,0.637041,-0.973838,0.18641,0.334549,0.393809,-0.269245,-0.491979,-0.77067,-0.434835,-0.631905,-1.13998,0.0348998,0.525489,0.414731,0.510214,-0.250061,0.0902035,-0.711763,0.557118,0.307221,-0.38612,0.826693,-0.452919,0.0683043,-1.31184,0.171094,-0.363221,-0.885906,-0.205525,0.525519,0.812229,1
-0.274099,0.644366,0.365307,0.0497378,-0.730396,-0.897766,0.156238,0.636053,-0.129588,0.274209,0.0408982,-0.759882,0.325258,1.05563,-0.0461699,-1.09024,-0.787152,0.163689,-0.15897,0.152963,-0.923583,-0.794995,0.883795,-0.000173414,0.682276,-0.279783,0.792601,-0.0512518,0.555153,1.12335,-0.772749,0.153034,0.529211,0.786472,1
0.283074,-0.171015,-0.31455,0.526407,0.33393,-0.415526,-1.10301,-0.288262,0.901548,-0.609086,-0.0715353,0.174705,0.350241,0.683956,-0.162542,-0.317997,-0.111823,-0.570054,0.233024,-0.539088,-0.291643,-0.503286,0.152251,-0.359973,0.302794,0.46042,-0.22856,0.0410106,0.196306,-0.824552,0.644191,0.420631,0.462299,0.848257,1
-0.0426096,0.434696,-0.963065,-0.279302,0.194473,0.175458,0.189881,0.317204,-0.345386,-0.443379,-0.178473,-0.222991,-0.281298,0.0230576,0.977235,-0.443211,0.411855,0.428279,0.0848766,-0.717308,-0.324186,-0.05088,0.464366,-0.0698215,-0.11426,0.361889,-0.22984,-0.434779,0.438456,-0.398784,0.275338,-0.0810752,0.477707,0.82929,1
0.0103733,-0.154878,0.8187,-0.314768,0.284122,-0.304321,0.300681,-0.513835,-0.0597959,-0.369921,0.0116518,0.234497,0.132923,-0.104061,0.419225,-0.365449,-0.46714,-0.174783,-0.212275,-0.202736,-0.498573,0.308581,-0.0509825,0.196875,-0.0929563,-0.652985,-0.230344,-0.0936901,-0.0134114,-0.0770297,-0.0579168,-0.105813,0.539239,0.945274,1
0.467437,0.377843,-0.867364,-0.204409,0.258714,-0.525133,0.191684,1.06258,-0.181334,-0.0109232,0.137657,0.0661183,-0.307344,-0.530623,-0.308451,-0.433777,-0.0360675,-0.436093,0.942483,-0.92363,-0.0743932,-0.2612,0.116694,0.702568,-0.528646,-0.428637,-0.0383952,-1.0195,-0.0519168,0.4628,-0.748605,-0.134316,0.520237,0.866809,1
0.0962877,-0.281815,-0.822487,0.549988,-0.18655,-0.496751,-0.891757,0.855838,-0.442023,0.0730704,0.545059,-0.259559,0.248559,-0.366814,0.0239528,0.374161,-0.647322,-0.851446,-0.0400744,-0.430099,-0.52454,-0.0569576,-0.0298992,-0.187852,-0.808775,0.090425,0.00251825,0.437409,-0.189699,-0.636903,-1.02327,-0.647386,0.526418,0.808592,1
-1.28792,0.386044,0.0314373,-0.0209537,0.376964,-0.411738,-0.225202,0.133912,-0.367746,-0.799045,1.21929,0.295406,-0.20792,0.230771,-0.051421,0.193536,0.299451,-0.573219,-0.287077,0.0444183,0.279108,0.702087,0.357696,-0.615523,0.0779829,0.0465167,0.518075,0.701256,-0.231916,-0.253616,1.35259,-0.0844897,0.434326,0.818807,1
0.242211,-0.190724,0.168384,0.220588,-0.0700956,-0.154238,-0.904769,-0.0330104,-0.0381773,-0.180026,-0.565916,0.00949557,-0.188526,0.407747,0.473347,-0.196014,0.922929,-0.0797239,0.226932,-0.0230431,0.0813681,0.728334,0.425837,-0.164037,0.578561,0.0592894,-0.262076,-0.528203,-0.00100348,-0.379775,0.00141826,-0.0404168,0.455238,0.893499,1
0.0266101,0.0454778,0.490605,-0.815266,-0.107295,0.314806,0.0916128,-0.595953,0.276003,-0.320476,-0.225053,0.121754,0.387837,0.00106843,0.0638876,-0.682319,-0.169929,-0.00792784,0.682229,0.0368781,-0.880068,0.218706,-0.414922,0.425937,-0.418815,0.193859,0.18443,-0.146103,0.128678,0.391345,0.0216179,-0.139832,0.578335,0.924712,1
0.225534,-0.174739,-0.252195,0.0803463,-0.368466,-0.64303,-0.757408,0.548922,0.121662,0.571225,0.602413,0.213623,-0.384981,0.00806197,-0.646098,0.527103,-0.262466,0.220554,-0.849859,0.387849,0.0880654,-0.0428511,-0.748826,0.589113,0.558479,-0.190152,0.326261,0.568926,0.0251811,-0.323536,-0.276401,0.13382,0.567062,0.894797,1
0.417114,-0.394945,-1.3704,0.522582,0.144288,0.303669,0.0258356,-0.526415,-0.466288,-0.412204,0.159313,-0.429294,-0.587135,-0.565222,-0.665484,0.132036,-0.0292257,0.856655,0.342995,-0.141756,-1.18878,-0.521783,0.266273,0.113801,-0.829889,-0.0856903,0.237562,0.797207,-0.272226,-0.428081,-0.569621,0.240364,0.537486,0.836469,1
0.720884,0.262321,0.821921,-0.370145,-0.0295106,0.069022,-0.991695,-0.0191921,0.128266,-0.0363151,-0.273516,0.229955,0.0541236,-0.748439,0.0347045,0.0609423,-0.20255,-0.38176,0.48881,-0.785364,0.14102,0.146448,0.290341,-0.0337851,-0.988184,0.691153,-0.24298,0.124167,0.724257,-0.316635,-0.639902,1.03053,0.451181,0.764745,1
0.391196,0.186681,0.156036,0.130506,0.223553,7.95,0.210669,0.317799,0.123891,0.345723,0.25433,0.195212,0.233423,0.17251,0.319213,0.311277,0.188393,0.106417,0.29521,0.227158,0.315274,0.358802,0.131514,0.224002,0.118442,0.3855,0.111497,0.220044,0.174385,0.279962,0.105518,0.273949,0.52,0.82,1
0.768641,0.132952,0.420122,-0.38094,-0.149041,0.224231,-0.47704,-0.892744,0.239197,-1.04689,-0.703638,1.02776,-0.70187,0.333509,-0.405929,0.592587,-0.63534,-0.0931059,1.74745,-0.642326,0.236557,0.0875462,-0.382764,-0.121307,-0.0936278,0.37411,0.140294,0.0304272,0.497953,-1.0693,-0.553467,-0.650892,0.509504,0.828055,1
-0.272127,0.0569507,-0.682043,-0.842811,0.318295,-0.490807,-0.236778,-0.0850306,0.0300147,-0.815312,-0.204926,0.0283282,-0.294076,-0.341303,-0.441643,-0.133133,-0.387942,-0.00519462,-0.0264482,-0.232327,-0.771545,-0.354596,0.369501,-0.745884,0.0651004,0.324751,0.688543,-0.978208,-1.03241,0.647643,0.819925,-0.191036,0.556315,0.944037,1
0.156745,0.0939853,-0.260152,0.350334,-0.14802,-0.460652,0.228043,-0.680836,-0.0872333,0.0083835,-0.600096,-0.00387358,-0.751016,0.0598999,0.179017,-0.707442,-0.201761,-0.0187646,0.569521,-0.186173,-0.506659,-0.616318,-1.01128,-0.602878,0.534911,-0.0518544,0.216699,-0.00566732,0.75046,-0.634543,0.402456,0.116246,0.471148,0.918266,1
-0.0815688,0.87803,-0.311356,0.529304,0.0476549,-0.29792,-0.290535,0.172849,-0.537819,-0.261967,0.239124,0.064604,-0.41711,-0.569012,0.380224,-0.465978,0.0471644,-0.390891,0.248652,0.486218,0.140687,0.00605121,0.623318,-0.00296969,-0.853033,1.04689,0.340343,-0.417315,-0.753922,-0.19972,-0.362875,0.0396848,0.462084,0.803383,1
-0.078569,-0.0781488,-1.09554,0.0511562,-0.319279,0.459617,0.679096,0.969936,0.207672,0.125692,0.308132,-0.292231,-0.742941,-0.215004,-0.34941,0.384533,-0.320678,0.34821,0.723077,0.935358,-0.625337,0.640428,-0.34698,0.770304,0.488649,0.319557,-0.13207,-0.845157,-0.139448,-0.548552,-0.277891,-0.36251,0.542053,0.825242,1
-0.826407,-0.15796,0.743047,-0.00189768,0.0822694,0.313096,-0.71999,0.0402229,-0.761818,0.0269117,0.62845,0.316867,-0.263766,0.254337,-0.189502,0.0595879,-0.368269,-0.209001,-0.566512,0.376337,0.14463,0.385994,0.289608,0.511327,-0.000265566,1.41481,-0.547199,0.0752479,0.370674,-1.08776,-0.211871,-0.187879,0.555317,0.933963,1
-1.14023,0.358088,0.290514,-0.392302,-0.01959,-0.151392,0.135902,0.362112,-0.136636,-0.475554,-0.156099,0.415875,-0.430024,-0.37583,-0.929831,0.229042,0.153674,0.556302,-0.140426,-0.163828,0.200977,-0.708997,-0.187693,-0.0501899,0.131431,0.257699,0.340298,0.232172,0.724541,0.0503473,0.349842,0.0114063,0.466093,0.770109,1
0.0324895,-0.349016,-0.969376,0.0241313,-0.877049,-0.204582,-0.0387079,0.796184,-0.907649,0.680709,0.487861,0.278529,-0.14899,0.374033,-0.27966,0.623109,0.826658,-0.20905,-0.498616,0.00876288,-0.896629,-0.140788,-0.128494,0.0965879,-0.345803,-0.49718,-0.561108,-0.0460577,-0.276707,0.551045,0.148597,-0.0278675,0.496246,0.889533,1
-0.455021,0.175034,-0.117111,-0.149336,0.217387,0.193378,0.3287,-0.679153,0.115706,0.483304,-0.186211,0.752804,-0.383294,-0.360022,-1.21215,-0.193037,0.746928,-0.333535,0.255781,-0.560717,-0.783952,-0.107118,-0.565672,0.505552,-1.17332,0.132141,-0.177012,0.477811,0.478731,-0.447588,0.667047,1.16618,0.446539,0.81292,1
0.485491,0.48994,-0.547479,-0.633579,-0.581685,0.120604,0.208943,-0.57496,-0.740665,-0.291217,0.389678,-0.0192923,-0.477137,-0.666594,-0.117765,-0.434663,0.413533,0.926251,0.386435,0.390624,0.0987015,-0.235839,-0.348203,0.120286,0.303034,0.0579687,-0.324603,-0.134675,0.543082,-0.793359,-0.591454,0.411115,0.486232,0.913215,1
0.14439,0.316408,0.222744,0.39115,0.238031,7.95,0.29414,0.273967,0.215152,0.10488,0.257973,0.368655,0.322288,0.383696,0.278054,0.34224,0.200233,0.105675,0.268669,0.293219,0.289818,0.383759,0.300275,0.375899,0.334026,0.201525,0.122153,0.356428,0.294073,0.360835,0.182005,0.159307,0.52,0.82,1
-0.140472,-0.835554,0.0265266,0.402152,0.166998,0.0291199,0.0848302,-0.354471,-0.0796732,0.353418,0.575057,-0.514001,-0.665078,-0.2455,0.887705,-0.273413,0.606175,0.226299,1.16852,-0.171933,-0.495729,-0.147042,-0.341903,-0.49918,-0.490411,-0.01769,0.481803,-0.138268,0.402515,-0.384281,0.26791,0.132658,0.495488,0.942743,1
0.0901139,-0.0454125,-0.125881,0.76311,0.291384,-0.650615,0.0426308,0.330138,0.130336,0.210233,-0.399717,0.651761,0.948888,0.508112,0.807119,-0.00463187,0.233197,-0.885092,-0.282088,-0.29487,0.5705,0.2409,-0.0680266,1.06239,0.180591,-0.604948,0.28271,0.315097,-0.179145,-0.225779,-0.370047,-0.0301095,0.442695,0.926907,1
0.72512,0.0375072,-0.0725662,0.372593,-0.0248944,-0.288598,-0.025627,0.341974,-0.847123,0.931264,-0.182457,-0.415139,-0.0523547,0.162067,-0.370886,-0.268168,-0.249665,-0.540379,-0.884761,-0.0953435,0.337342,-0.266979,-0.825832,-0.368826,-0.575815,-0.328286,-0.120574,0.00072839,0.0628662,-0.67412,-0.148569,-0.202174,0.533492,0.803369,1
-0.438368,0.837459,-0.122685,-0.291047,0.320899,-0.259272,-0.532681,-0.0500746,-0.331605,-0.809708,-0.843882,0.0265467,-0.194623,-0.726887,0.189393,0.206969,-0.313332,0.0304022,0.205107,-0.329143,0.125522,0.248248,0.0552053,-0.369407,0.260657,-0.260129,0.0172594,-0.296227,-0.0777776,-0.0119861,-0.230395,0.221071,0.502252,0.938731,1
0.338942,0.132767,0.134945,0.205684,0.234242,7.95,0.305019,0.128405,0.359158,0.188849,0.155769,0.332494,0.236741,0.393302,0.370358,0.253107,0.262904,0.265793,0.385895,0.127854,0.350646,0.319929,0.332417,0.309051,0.342423,0.351745,0.194491,0.222796,0.359744,0.210872,0.100704,0.339663,0.52,0.82,1
-0.853683,0.118601,-0.881789,0.0734876,-0.146039,-1.12713,-0.206726,-0.356591,0.435703,0.508012,-0.707599,0.475904,-0.94777,0.3469,-0.417362,-0.277049,0.11434,-0.140287,0.438205,0.674401,-0.210668,0.179671,-0.138205,-0.448275,0.149532,-0.210189,-0.497669,-0.499259,0.293363,-0.00603707,0.440247,-0.995598,0.500835,0.849578,1
0.674571,-0.204577,-0.431164,-0.310439,-0.237387,0.45134,0.552653,-0.510322,-0.648149,-0.119219,-0.276168,0.681226,0.235374,-0.560603,0.112379,0.207559,0.0805547,0.105557,0.182166,0.765774,0.487677,-0.779336,-0.258385,0.340259,-0.191136,0.0182297,0.154266,0.398982,-0.0246761,0.140513,-0.713318,0.944916,0.479483,0.789362,1
0.0200803,0.302773,-0.797847,0.263695,-0.29008,0.677509,-0.00592001,0.323222,-0.0678492,-0.671941,-0.455601,-0.0312333,0.799198,-0.755204,-0.196135,0.120525,0.643261,0.253606,-0.611289,-0.00240498,0.741907,-0.773231,-0.122498,0.0210859,-0.749666,0.593572,-0.062033,-0.210756,0.17101,0.279191,0.320957,0.190591,0.440262,0.779195,1
-0.428916,-0.415648,0.347409,-0.611312,-0.531436,0.165691,0.522613,-0.382892,-1.19661,0.268242,-0.244462,-0.461184,0.471016,-0.467775,-0.0119563,-0.614626,-0.0784543,0.00907241,-0.540698,-0.0265494,-0.266458,0.540169,-0.921391,-0.538775,-0.115099,0.709288,-0.217516,1.03463,-0.874315,-0.424439,-0.0661764,-0.153045,0.558853,0.885137,1
0.491603,-0.669167,0.720891,0.645755,-0.349467,-0.648385,-0.628786,-0.84799,-0.208829,-0.237769,0.356167,0.892882,-0.165218,0.613972,0.137995,-0.20641,-0.071829,0.0682134,-0.193462,0.47983,0.38437,-0.461818,-0.742811,-0.701862,0.345253,0.58199,0.567422,-0.0926827,-0.0477565,0.0833723,-0.623295,-0.0828512,0.530101,0.911817,1
0.726312,0.457228,-0.087852,0.150779,0.290278,-0.662648,-0.392545,-0.0461221,0.323595,-0.0873738,-0.707669,0.517664,-0.379857,0.553648,-0.692093,0.182577,0.117453,-0.161692,0.810089,0.0854374,-0.165916,0.882227,0.208873,0.252673,0.0793044,0.432017,-0.0880867,-0.121079,0.452472,0.118273,0.62891,-0.741646,0.551129,0.790846,1
0.783864,0.610098,0.153754,0.123242,-0.946067,-1.03717,0.338155,-0.918274,0.433517,-0.547312,0.198081,0.24493,-0.0969789,0.0922782,0.687999,-0.532611,1.05828,0.443871,-0.341255,-0.0858537,0.48957,-0.492292,0.502721,-0.489956,0.599367,-0.276388,-1.08949,0.575372,0.284415,0.344455,0.225671,-0.649996,0.521387,0.901606,1
0.97385,0.322833,0.565133,-0.180822,0.369714,-0.269802,0.128749,0.413934,-0.804766,-0.163084,0.821269,0.207223,-1.27822,-0.792411,-0.213191,0.0465805,-0.232327,-0.53219,0.252004,-0.0930228,-0.419966,0.393381,-0.17608,-0.566429,0.393139,0.551053,-0.162377,0.549788,-0.755301,-0.3552,-0.446656,-0.0784161,0.441111,0.853919,1
-0.293957,-0.0422691,0.973023,-0.492764,0.209691,0.0191488,-0.43932,0.48018,-0.118099,0.40965,0.392694,-0.422427,0.0155711,-0.776623,-0.295134,0.375113,0.297625,0.401763,-0.555888,-0.433051,0.7,-0.573482,-0.255924,0.0390206,-0.316916,-0.0484644,-0.267772,0.926536,-0.681383,0.230019,0.448858,-0.53236,0.476101,0.859494,1
-0.0276854,0.156947,-0.160578,0.197263,0.148938,-0.376345,0.0347407,0.337603,-0.476561,-0.663393,0.370955,-0.336269,-0.0947196,-0.828903,0.122758,-0.0782202,-0.121659,-0.679199,0.254113,-0.0315272,-0.0191674,0.0543792,-0.36286,0.00188467,-0.0584528,-0.24549,-0.361444,0.317567,-0.288459,0.238874,-0.522623,0.68382,0.464147,0.795701,1
0.512548,0.456644,-0.90503,-0.0238373,-0.113221,0.0411896,0.578851,0.747935,0.524278,-0.0719979,0.189493,0.194674,0.964096,0.722415,-0.493998,0.328017,0.579611,-0.633645,0.557941,-0.0438308,-0.498544,-0.407061,0.0470841,0.265718,-0.0291724,-0.680154,-0.829554,-0.0824696,0.504791,0.675761,-0.177814,-0.121048,0.463539,0.780597,1
0.680614,-0.652068,0.304636,0.0738652,0.7706,0.504629,0.638904,-0.288256,-1.19044,0.0384125,-0.634287,0.762504,-0.358833,-0.172441,0.0394677,-0.101623,0.404317,0.620387,0.214456,1.08832,-0.538933,-0.442487,0.279233,0.079388,0.705728,-0.05744,0.821692,0.873838,-0.345172,-0.833908,-0.285986,-0.910034,0.449186,0.77183,1
-0.0301715,0.83902,0.526703,0.0202264,0.218545,-0.271638,0.258073,-0.439773,0.602954,-0.218553,-0.159424,0.0598992,-0.143573,0.0311526,-0.663343,0.134976,-0.396124,0.739611,0.104039,0.312974,0.352547,-0.191642,-0.349242,0.232039,-0.494035,-0.289631,0.0325316,-0.239313,-0.478036,0.473512,-0.488706,0.327807,0.435917,0.89547,1
-1.00628,0.493981,0.715867,0.285771,0.0395796,0.0594212,-0.567152,0.276899,0.0392941,0.404895,-0.442224,-0.38051,-0.655172,0.0370952,0.406722,-0.264285,-0.844185,-0.200369,0.0588462,-0.075338,-0.140502,0.281328,0.732811,0.538569,0.490509,-0.0929943,-0.483835,0.133092,0.384255,-0.888204,-0.272049,0.137967,0.474053,0.773326,1
-0.0775195,0.287267,-0.631362,-0.0896483,0.404947,-1.11171,-0.153751,-0.0312396,-0.581505,0.12495,0.367958,-0.870779,0.684269,0.0376594,-0.0623499,-0.706647,0.271972,0.0997757,0.568053,0.0972678,0.499785,-0.0327825,0.0351738,0.223146,0.616053,-0.0885961,0.776096,-0.0212704,0.675455,0.0886796,0.0183885,-0.125319,0.499768,0.934031,1
0.763296,0.0143955,0.722176,-0.972917,-0.631895,0.517154,-0.676699,0.202054,-0.137453,-0.772949,0.194941,0.835058,-0.0658969,0.429126,0.420963,0.108083,0.100779,-0.56933,-0.752785,0.773226,0.587108,0.91433,0.242958,-0.166509,0.72463,0.658476,-0.268033,-0.108312,0.722784,0.0332121,-0.493333,-0.136221,0.473801,0.913255,1
-0.0522951,0.917365,-0.415535,-0.230842,-0.168913,0.407385,0.94419,0.890148,0.0742084,-0.247135,0.350277,0.187862,0.0636939,-0.401806,-0.120409,0.650212,0.377291,0.735677,1.68328,0.996931,-0.0707902,-0.215836,0.710995,0.571659,0.00692663,0.28917,-0.182054,0.203002,-0.0761875,-0.291855,-0.718157,-0.142416,0.576639,0.939574,1
-0.344039,-0.912912,0.205204,-0.491471,-0.82758,-0.52616,-0.242944,-0.272515,-0.28432,-0.254718,0.285189,-0.104107,-0.107337,0.0474141,0.712956,-0.219051,0.908818,-0.218149,-0.56847,0.345908,-0.0326284,-0.00342113,-0.609395,-0.763893,-0.388423,-0.874087,-0.00460137,-0.00906282,0.699436,0.637368,-0.820297,-0.562025,0.5206,0.836768,1
-0.149436,-0.500462,-0.211611,-0.225958,0.519236,0.237301,0.254717,-0.141703,0.362551,0.945306,-0.0218746,-0.434853,0.309491,-0.806359,-0.99367,0.22934,0.0915476,0.172603,0.382995,-0.234773,-0.203199,0.878191,0.108412,-0.382131,-0.670559,0.106133,-0.711958,-1.10642,-0.223898,-1.2417,0.276132,0.366233,0.546092,0.79701,1
0.398297,-0.303682,0.609552,-1.1638,0.108449,0.0387122,0.370351,-0.135714,-0.174817,1.19042,0.458316,0.104456,0.0583468,-0.0778837,-0.101001,-0.0363839,-0.0511622,-0.480066,0.0748733,0.052135,-0.832594,0.0842563,0.270005,-0.00997229,1.20585,-0.178036,0.357572,-0.957048,-0.614708,-0.828305,-0.253707,-0.0675614,0.449732,0.761874,1
-0.354248,-0.238276,0.485527,-0.0163158,-0.0110243,0.807942,0.0328524,-0.0164236,0.0224895,-0.0668535,0.394223,0.0137288,0.17791,-0.270172,-0.0682995,0.00678938,0.20832,0.624943,-0.697944,-0.414666,0.148383,-0.619946,-0.525777,-0.164924,-0.261906,0.217149,0.892061,0.0825608,-0.532387,-0.00151367,0.0858528,0.847619,0.553136,0.856028,1
0.175497,0.579338,-0.0448945,-0.126084,-0.810585,-0.738954,-0.823622,0.128492,0.284909,0.194777,0.464601,0.310427,0.101971,-0.23517,0.292588,-0.608196,-0.295451,0.278157,-0.274111,-0.01415,-0.447175,0.151211,-0.642281,-0.585136,-0.0187343,0.247718,0.479577,-0.390972,-0.0772248,0.337833,-0.394772,0.35668,0.477739,0.934742,1
0.24199,-0.0762329,-0.0564103,-0.552165,-0.243654,0.114076,0.0530075,0.902691,-0.159987,-0.48981,-0.592503,0.248346,-0.225839,0.344689,0.232759,0.501234,-0.451079,0.822037,0.180566,-0.446003,-0.913711,0.566744,0.0172543,0.496431,0.754261,-0.46427,-0.901645,0.186485,-0.112948,-0.671946,0.0814288,-0.352888,0.545084,0.77286,1
0.179011,0.225546,-0.0822603,0.844946,0.514357,0.0519012,-0.157856,-0.475011,0.420118,0.0490415,0.218927,0.836874,0.679725,-0.258034,0.289345,-0.336875,0.891096,0.595264,0.035882,0.755317,-1.12191,-0.456887,0.419606,0.207307,0.327601,-0.250233,0.265168,0.415346,-0.150724,-0.445993,-0.00612743,0.106433,0.455759,0.946715,1
0.281016,-0.181634,-0.701588,0.258904,0.469064,-0.718317,-0.569606,0.179591,0.479314,0.068181,0.424587,-0.131428,0.361921,0.84345,-0.672276,-0.962928,-0.558617,0.113884,-0.805127,0.194597,0.306916,-0.0700741,0.409692,-1.02642,-1.33922,0.0185182,0.283119,-0.463309,-0.191578,0.291539,0.339301,0.460555,0.457376,0.920181,1
0.150818,0.250993,0.211651,0.388693,0.197129,7.95,0.270883,0.324254,0.2,0.268447,0.384535,0.12835,0.14595,0.347427,0.34478,0.396505,0.147782,0.274101,0.342739,0.339638,0.158467,0.347074,0.196188,0.104768,0.367186,0.316765,0.137592,0.267357,0.397372,0.138018,0.319708,0.167375,0.52,0.82,1
-1.42265,-0.0992499,0.0478382,-0.377948,0.290703,-0.328931,0.60117,-0.0929258,-0.418709,-0.689576,-0.435256,0.690952,-0.2782,0.322741,0.379985,-0.477844,0.508542,0.367659,0.222932,-0.0934943,0.0354518,-0.169212,-0.453943,0.690795,1.54519,-1.18982,-0.565292,-0.420399,-0.0297216,-0.308644,0.00984987,0.46745,0.439613,0.797424,1
0.336695,-0.694452,0.146446,0.695586,0.913136,-0.320322,-0.22681,0.141213,0.748052,-0.0588425,0.872321,-0.453544,0.00590747,0.0744795,-0.302444,-0.247153,-0.373775,-0.178315,-0.702054,0.0589563,-0.334795,0.0142593,-0.53878,0.110474,0.233628,-0.0651251,-1.02763,0.399964,0.341637,0.0673304,1.22696,-0.79214,0.462323,0.917053,1
0.568938,-0.416941,0.617795,0.265898,0.265533,-0.546648,-0.501683,-0.208981,0.730756,-0.113998,-0.277205,0.538096,0.32111,-0.144935,-0.514545,0.758375,0.723803,-0.295301,-0.392228,-0.474423,0.355467,-0.177886,-0.755771,-0.0663105,0.155608,-0.182591,0.361728,0.0689888,0.809402,-1.24227,0.0214799,0.135179,0.46845,0.781668,1
-0.0504569,0.490265,0.443156,0.0347547,-0.463415,-0.262301,-0.350933,-0.74441,0.244064,0.736407,0.155268,-0.291381,-0.973356,-0.0637102,0.0279611,0.748913,0.103822,-0.906306,0.621359,-0.778012,0.631367,-0.238883,-0.0931704,0.164499,0.184147,-0.501609,-0.285547,-0.197278,-0.477694,-0.428276,0.654624,-0.363748,0.546153,0.788879,1
-0.0643322,0.183535,-0.0733495,-0.577274,0.0262627,0.486419,-0.25499,0.135671,0.754928,0.0837243,-0.345265,-0.204791,-0.0413042,0.0383981,-0.79525,-0.482628,0.641566,-1.18199,0.46241,-0.0118537,-0.428484,0.0956248,0.000150733,-0.0623143,0.30136,-0.412254,0.159386,-0.0300654,0.500974,-0.222105,0.692778,-0.0140375,0.51585,0.809482,1
-0.93449,-0.0895335,-0.429274,0.907585,0.184555,-0.627261,0.00773511,-0.128099,-0.712168,-0.361493,0.128192,-0.245525,-0.105478,-0.669946,0.293397,-0.125013,0.553486,0.0565762,-1.13776,1.29824,-1.12842,-0.166141,0.0495277,-0.0963504,1.4193,-0.142542,-0.165977,-0.170302,-0.303713,-0.0819172,0.825499,-0.123909,0.56627,0.775231,1
-0.358763,0.325726,0.356817,-0.0399165,0.0253947,-0.40023,0.567332,-0.283938,-0.0320052,-0.564064,-0.889983,-0.00356991,0.720015,0.343327,0.0360758,-0.573896,0.0892692,0.441892,0.114402,-0.101709,0.244213,0.50162,0.307311,-0.222028,-0.477083,-0.341265,0.194673,-0.790593,0.164399,0.518121,-0.405847,1.48035,0.454987,0.880011,1
-0.282121,0.3218,-0.663427,-0.279344,-0.282491,0.632318,0.850587,-0.445762,-0.287921,0.0726235,0.516945,0.102851,-0.0167964,0.559955,0.144382,-0.0250102,0.00536032,-0.125684,-0.281132,1.00816,1.0139,-0.00432115,-0.170425,0.170091,-0.67088,-0.255632,0.675638,0.944357,0.0811708,0.7144,0.554145,0.290068,0.444211,0.770288,1
-0.579935,-0.28604,0.675968,-0.118651,-0.146193,0.356337,-0.371468,-0.403088,0.794505,0.302626,0.239382,-0.222717,-0.927566,-0.279379,0.0144767,0.882104,-0.288504,0.521823,-0.677086,-0.439575,-0.197763,-0.181263,0.147323,0.26374,0.579013,0.109273,0.0117788,-0.487297,0.0716851,-0.883416,-0.298687,-0.931633,0.447211,0.841096,1
-0.37791,-0.443159,0.18726,0.372942,0.817626,-0.122977,-0.0992468,0.116016,-0.047973,0.265897,0.241328,-0.401698,0.0398383,-0.107043,-0.0619061,-0.197864,-1.07706,-0.0777869,0.134088,-0.272833,-0.987074,-0.0213203,-0.0831033,-0.745197,0.281959,-0.14887,-0.378749,-0.795599,-0.410703,0.602185,0.140001,-0.0413749,0.557489,0.900552,1
-0.110015,0.0844644,0.128541,0.745144,-0.0335611,0.0649929,-0.22572,0.772181,0.592007,0.251036,0.651619,-0.605808,-0.298535,0.292523,0.776924,-0.0935798,0.186867,0.451574,0.163355,1.02704,0.345104,-0.581167,0.74627,0.470682,-0.213173,-0.233083,-1.17064,-0.136903,0.379097,-0.092004,-0.454481,0.444489,0.480475,0.8307,1
-0.134935,0.112954,-0.200253,-0.163944,0.601901,-0.0465282,0.164243,-0.0935853,0.192581,-0.578777,0.329746,0.157911,0.430454,0.599742,-0.440161,0.456397,-0.814501,0.423663,-0.0668541,0.133267,-0.810363,-1.03631,0.036419,-0.387919,-0.43929,-0.355691,-0.0296958,-0.704986,-0.19482,-0.54367,0.230718,-0.816598,0.523031,0.852828,1
0.764178,-0.0442238,0.288471,0.561784,1.08303,0.141648,0.213912,-0.366852,0.440178,0.996059,-0.169192,-0.374034,-0.18008,-0.00859566,0.206636,-0.62859,-0.542018,0.346335,-0.374083,-0.150211,-0.391739,-0.889874,0.936383,0.803372,-0.307896,0.498088,-0.52894,0.382796,0.683978,-1.02944,0.34667,-0.917849,0.544921,0.923358,1
-0.130501,-0.40459,0.173107,-0.312012,0.436001,0.676083,0.120738,0.690323,0.426621,-0.717741,0.278136,1.19293,0.784381,0.0545102,-0.419563,-0.172182,-0.133217,-0.796165,0.230961,-0.0595215,0.127243,1.36924,0.467977,-0.85537,-0.0121211,0.45085,-0.374451,0.57197,-0.179224,0.613069,0.399077,-0.327193,0.573088,0.922354,1
0.352134,0.155781,0.368535,0.30269,0.127137,7.95,0.322356,0.102009,0.17645,0.291287,0.359657,0.276401,0.148651,0.180738,0.165832,0.111111,0.222807,0.373185,0.277549,0.100609,0.16252,0.116933,0.135002,0.176974,0.332829,0.24819,0.198372,0.264825,0.145718,0.21435,0.375627,0.208865,0.52,0.82,1
-0.594031,-0.263223,0.209776,-0.0600474,0.573414,-0.152226,-0.517776,-0.157376,0.677966,0.569967,-1.00335,-0.292843,0.825987,-0.361584,0.439075,-0.158289,0.391788,0.0807761,0.817499,1.036,-0.658536,0.290561,0.313036,0.0621715,-0.35922,0.296171,-0.530238,-0.0976254,-0.615919,-0.756222,1.08216,-0.51433,0.519375,0.917498,1
1.08822,0.438103,-0.169231,-0.42357,-0.174364,0.629599,0.021101,0.233423,0.996135,0.0634539,-0.356992,-1.35641,-0.0372841,-0.22263,-0.39157,-0.0056502,-0.802495,0.594105,-0.37697,0.00110921,0.635316,1.17061,0.52875,-0.323264,0.0728913,0.611707,-0.423311,0.0512465,-0.172951,0.21713,-0.60945,-0.603538,0.564232,0.874724,1
0.0453016,0.623518,-0.289848,0.266938,0.183056,-1.10523,-0.0674786,1.56889,-0.154383,-0.485665,0.112208,-0.377037,-0.359761,0.198314,-0.449358,0.0427934,0.259951,0.374992,0.0383649,1.0135,-0.327092,0.0778584,-0.519754,0.127613,-0.655786,-0.802585,0.130883,-0.386697,0.465308,0.0187181,-0.270427,0.214909,0.524081,0.835097,1
-1.26054,-0.241331,0.453088,0.515103,0.33022,0.760245,0.0808649,-0.845915,0.419857,0.213396,-0.0305228,0.354659,0.628645,-0.22558,0.312634,-0.1471,-0.551741,-0.169986,-0.509127,0.120247,0.976571,-0.499768,-1.04142,-0.56825,0.195275,-0.0705943,0.0791605,0.666909,0.752735,-0.639912,0.217024,0.0875926,0.456237,0.814032,1
0.0724283,0.1755,0.292057,0.189083,-0.957762,0.74329,-0.365869,0.0222153,0.529561,-0.250466,0.480026,-0.128475,-0.486045,0.33062,0.902405,-0.844352,-0.0337496,-0.150488,0.42347,0.285523,-0.27762,-0.676197,0.35724,-0.798481,-0.55271,-0.303367,0.463245,0.0208602,-0.707494,0.810423,0.215757,0.827096,0.448803,0.773404,1
-0.563623,0.100887,0.331948,-1.35609,-0.463331,-0.663528,-0.117772,0.973827,1.01015,0.539248,-0.9104,0.450722,-0.643596,0.0732504,0.0914535,0.278488,-0.584051,0.0980841,-0.490905,-0.164791,0.639056,-0.0358831,0.510395,0.534392,0.0305673,0.542261,-0.0318391,1.08768,-0.0520993,-0.243237,0.658132,0.343416,0.422769,0.901969,1
-0.0565699,0.409006,0.166508,-0.197485,-0.5106,0.361213,0.928536,-0.420492,0.184656,0.261494,0.089978,-0.471709,0.334246,0.821909,-0.814276,0.167991,-0.599665,-0.443079,0.692458,0.197473,0.260517,0.305881,-0.613674,-1.07645,-0.744205,0.566712,-0.903255,-1.0693,-0.64966,0.396051,-0.159909,-0.230822,0.561006,0.947814,1
0.595191,-0.125003,0.135953,-0.270381,-0.050249,0.195383,-0.268045,-0.194768,0.0550402,-0.691648,-0.316519,0.391751,-0.398965,0.0958927,-0.128418,0.599804,-0.0629778,-0.23397,0.162037,0.0537652,0.32075,0.0947296,-0.0216976,-0.48248,0.410395,-0.239658,0.0159663,-0.0699587,-0.527624,-0.500754,0.330033,0.16729,0.521982,0.928022,1
0.125233,0.100557,0.206971,0.214582,0.178135,7.95,0.378533,0.354642,0.338999,0.378184,0.221751,0.165472,0.264119,0.382204,0.248559,0.240608,0.272796,0.253678,0.308704,0.209856,0.180207,0.283582,0.251723,0.303436,0.194603,0.346985,0.395667,0.116172,0.306885,0.239847,0.356881,0.195099,0.52,0.82,1
-0.72635,-0.173646,0.0161594,0.101217,1.52528,0.292148,0.629649,0.638018,0.0886238,0.738163,-0.249393,-1.1038,0.107244,0.283243,0.176815,0.319647,0.19931,0.780539,-0.631334,0.651349,-0.150415,-0.279649,0.121986,0.755322,-0.423885,-0.264611,0.421873,-0.215179,0.545205,0.202237,0.0421102,0.969406,0.457701,0.803075,1
-0.456953,-0.0243022,0.430854,-0.307468,0.40118,0.0507978,0.231323,0.319708,-0.0534561,0.251984,0.208722,-0.0615971,1.25106,-0.819913,0.375958,0.15406,-0.25474,-0.303031,0.598844,-0.079737,0.1217,-0.180365,0.7957,0.977529,0.0229616,1.07393,0.254776,0.331316,0.455637,-0.496362,-0.0539019,-0.359616,0.432787,0.91066,1
0.0631082,0.0286319,0.505721,-0.133191,0.309943,-0.593134,-0.125281,0.604407,0.633411,-0.804457,0.332531,1.24004,-0.247442,-0.628205,1.26806,-0.642573,0.0261806,0.57181,-0.355242,-0.279785,-0.355402,-0.514551,1.30886,-0.905081,-0.141448,0.532263,-0.265314,0.312307,0.288146,-0.832449,1.10886,-0.00582534,0.426288,0.864887,1
-0.0853381,0.626586,-0.219691,-0.218924,0.155389,-0.516766,-0.346706,-0.263245,-0.139664,-0.558048,-0.333427,0.123371,-1.14359,0.137757,-0.3783,-0.993925,0.456633,-0.813914,0.194514,0.225195,-0.280477,0.42649,0.469763,-0.161651,-0.510187,0.0846277,0.0964217,0.070439,-0.0743508,-0.109845,-0.585787,0.0858566,0.561623,0.913977,1
0.537378,-0.406528,-0.152172,-0.861741,-0.0527997,-0.452653,0.173601,0.195434,-0.143672,-0.0190267,-0.638342,-0.608512,-0.646979,0.167605,-0.12949,1.30029,-0.493483,0.0137954,0.337993,-0.398483,-0.0374828,-0.0373051,-0.136556,-0.757931,-0.642576,-1.03204,0.381617,-0.241759,0.136451,-0.518161,0.345925,1.00032,0.462912,0.916125,1
0.663676,-0.131424,0.470125,-0.141276,-0.554943,0.923011,0.835867,-0.0068896,0.18528,-0.319552,0.488279,-0.337555,0.152516,-0.328164,-0.127539,-0.0233995,0.63185,-0.289578,-0.120835,0.0563763,-0.11848,0.558472,0.334889,-0.00100714,0.036262,-0.0782337,-0.0165412,-0.0359314,1.01981,0.540562,-0.979356,-0.856426,0.509411,0.766726,1
0.774945,-0.532705,0.00593431,0.477757,-0.0436896,-0.022452,-0.412162,0.617039,1.41904,-0.987482,-0.306986,0.239759,0.254426,0.449067,-0.572352,-0.200339,-0.207942,-0.227433,-0.14815,-0.734473,0.0457001,0.640794,-0.306173,-0.469667,-0.415977,0.211856,-0.017737,0.271611,-0.197898,-0.127421,-0.965033,-0.00769292,0.543589,0.867452,1
-0.149239,-0.086981,0.526131,-0.834647,0.057172,-0.98658,0.0465581,-0.109523,0.27254,-0.518819,-0.049334,0.514775,-0.396963,-0.191219,-0.272556,-0.411388,0.219496,-0.399218,-0.101159,-0.718625,0.815447,-0.124679,-0.087961,-0.566588,0.149771,-0.165394,-0.192168,-0.10225,0.886211,0.0375976,-0.716254,-0.77581,0.505804,0.864694,1
0.0400648,0.413083,-0.801392,-0.0130875,-0.125762,0.849052,0.686487,-1.32225,-0.0533885,0.161674,-0.00377844,0.334508,-0.33466,-0.116912,0.270593,0.630803,-0.0881945,-0.296616,1.12575,0.62515,-0.737526,0.0988281,0.565225,0.187549,0.474055,0.0808875,0.313252,0.039887,-0.16947,-0.637101,-0.0107439,-0.510931,0.53426,0.888042,1
-0.0792694,-0.755019,1.07013,-0.200962,0.440146,-0.192839,-0.258465,0.921061,-0.290457,-0.0515643,-0.452885,-0.0100922,0.29941,0.0820412,0.297296,-0.0985748,-0.354332,-0.162829,-0.241071,-0.0404184,-0.117238,-0.586188,0.218903,-0.0809625,-0.416803,0.709559,-0.343228,-1.06316,0.734396,-0.0501229,-0.54821,-0.048028,0.487454,0.841145,1
-0.0838953,0.190996,-0.136514,0.245736,-0.829734,-1.10086,-1.05608,0.605411,0.213136,-0.238458,0.00371674,-0.302352,-0.07127,0.588126,0.18757,0.214485,-0.378844,0.432554,0.580555,-0.0343781,0.910283,0.244172,0.290801,0.72411,-0.583006,0.239388,-0.293031,0.952218,-0.0903238,0.304266,-0.17807,-0.113699,0.571147,0.841763,1
0.700967,0.612217,0.339679,0.391123,-0.324224,-0.166849,0.0649243,-0.341086,-0.662253,-0.568949,-0.00331718,-0.128335,0.736328,-0.302188,-0.51582,0.253621,-0.0873891,0.435583,0.730787,-0.205935,0.102383,-0.11555,-0.57129,-0.456328,-0.149997,-0.285371,-0.63901,0.0749173,0.226278,-0.347425,0.258983,0.0141753,0.421047,0.807632,1
1.09677,0.365885,-0.325013,-0.835525,0.530942,-0.124804,-0.114816,0.183912,0.0883524,-0.121904,-0.365101,0.297748,-0.156454,0.278823,0.778609,0.260739,-0.0118981,-0.205295,-0.281764,0.10253,-0.824335,0.24463,0.32627,0.321701,0.323248,-0.13487,-0.247693,0.0718368,0.837885,0.123515,-0.147323,-0.409622,0.521459,0.764101,1
0.225693,-0.138447,0.707014,-0.105306,0.566395,0.0262344,0.609197,0.660311,0.0765142,0.811124,0.16513,0.790625,0.327326,0.752663,0.514728,0.282593,0.0566825,0.204597,0.269555,0.135714,-0.40903,-0.594458,1.08598,-0.603907,-0.332133,-1.05825,-0.484355,-1.24987,-0.213888,-0.0477766,-0.10263,0.39416,0.560294,0.761102,1
-0.767333,0.37102,0.417824,0.649703,0.236608,0.410208,0.643016,-0.365045,0.690656,-0.168177,-1.36795,-0.33049,0.660678,-0.240985,0.012869,-0.370023,0.0799074,-0.959804,0.165926,0.256839,0.0233234,-0.00448092,-0.0365239,-0.191855,-0.111492,0.0225345,-0.00399455,-0.412271,-0.66762,0.18342,-0.00448525,0.482132,0.435714,0.883488,1
0.220961,-0.0753088,0.0652694,-0.220977,0.0430491,-0.327335,1.40072,0.418708,0.286812,-0.340572,-0.0759151,-0.459951,-0.541623,0.96018,-0.251511,-0.0651502,0.506244,-0.982309,-0.335141,0.38711,0.11373,0.00860949,-0.0892748,-0.378097,-1.18296,0.543606,0.298964,-0.129158,-0.40504,0.335306,-0.523466,0.153433,0.573327,0.938529,1
-0.285803,-0.0689341,-0.185615,-0.303876,0.923427,-0.0637701,0.350212,0.685291,1.22334,-0.68024,0.106846,-0.152384,-0.968386,0.244114,-0.0583607,-0.524293,-0.0842461,-0.155468,-0.345849,-1.07004,-1.45087,-0.878219,1.2557,-0.247234,0.194972,0.924245,1.07787,-0.90762,-0.128808,0.333669,0.0860761,-1.56138,0.49762,0.949243,1
-0.0904646,0.016904,0.248445,-0.753272,0.451697,-0.18257,-0.236131,-0.14472,0.22049,-0.19641,-0.49996,-0.474224,-0.0287338,0.46587,0.65168,0.261025,0.447865,0.485839,0.541466,-0.390421,0.315637,-0.0223965,0.751846,-0.574734,0.641844,-0.42054,-0.437247,0.848888,-1.10843,-0.611862,0.421044,0.227931,0.451098,0.774372,1
0.185596,-0.286181,-0.0478641,0.262707,-0.804915,-0.0964831,0.112548,-0.21832,-0.0592686,-0.43494,0.165783,0.0649609,-0.317773,-0.201872,0.478433,-0.0802807,0.436412,0.665724,-0.139499,-0.40137,-0.186542,0.984465,-0.543873,-0.138846,-1.29584,0.215838,-0.581268,-0.250199,0.376565,0.106752,-0.381893,-0.219397,0.427434,0.861421,1
0.293941,0.948368,0.148573,0.0274967,0.303224,-0.453922,-0.490716,-0.333962,0.232534,0.28341,-0.165832,0.656467,-0.0867312,-0.195972,0.275627,-0.811596,-0.283985,-0.0114228,-0.215621,-0.373935,-0.02692,-0.185725,0.0216533,0.311613,0.134817,1.21745,-0.0528571,0.133707,0.629391,-0.529356,-0.910338,-0.233604,0.502688,0.850722,1
0.367565,-0.190031,0.58246,0.444054,0.353091,-0.747726,0.544212,0.0937903,0.168059,-0.677735,-0.0861464,-0.17553,0.489058,-0.322602,-0.173512,0.730957,-0.810974,0.612598,-0.21224,0.0103537,-0.261558,0.0258487,-0.643725,0.0363188,-0.389143,-0.03286,-0.821723,0.184503,-1.00358,0.355599,0.402968,0.447193,0.512951,0.942185,1
-0.104422,-0.358125,-0.388911,-0.294518,0.759816,-0.985403,0.604138,0.116261,0.149929,0.121844,0.435997,0.103149,-0.276115,0.214519,0.277334,0.57904,-0.299822,-0.35398,-0.0104896,-0.272872,0.285793,-0.116424,-1.04461,-0.386879,-0.750023,0.955109,0.131591,0.563971,0.288733,0.495781,-0.468817,-0.406898,0.438872,0.808501,1
0.606202,-0.103962,-0.00189984,-0.00794916,-0.170185,1.16493,0.681497,-0.397258,0.361517,-0.411067,-0.038528,-0.0794241,1.25255,-0.490934,0.412336,0.579561,0.316241,-0.709516,-0.622528,0.402874,0.69929,0.617801,-0.00159474,0.17857,-0.172812,0.607454,-0.60216,-0.148792,0.0387979,0.3864,-0.0861493,-0.769203,0.444906,0.879967,1
-0.0675102,0.933544,0.262845,0.33683,-0.344075,0.26364,-0.0131365,-0.679244,0.0289878,0.852886,-0.332832,0.522466,0.470976,-0.835517,-0.658134,-0.202353,0.436138,-0.240174,0.0281963,-0.0723916,-0.129758,-0.272695,0.0395513,0.543666,-0.258546,0.00885318,-0.314585,0.297605,-0.141047,0.253941,-0.112517,0.0139606,0.449872,0.891477,1
-0.28118,0.749272,0.251495,1.00619,-0.328323,0.0959938,-0.827799,1.1949,0.287324,0.174242,-1.11563,0.313326,0.15357,0.0280303,0.0498501,-0.098661,0.68493,0.617996,1.01664,-0.121469,-0.444279,-0.905473,-0.613311,0.313951,-0.291769,-0.157019,0.384301,0.82164,-0.164784,-0.333701,-0.535168,0.590356,0.432602,0.8311,1
-0.443686,-0.233509,0.0296699,0.33519,0.46868,0.446285,-0.774948,-0.206711,0.0402322,0.9081,-0.0117936,-0.459784,-0.325149,-0.230393,-0.249957,-0.630873,-0.101361,-0.50541,0.963942,-0.650987,0.196912,0.403836,0.804492,0.281178,-0.143377,-0.191447,0.361316,1.0626,0.929302,0.819162,0.776196,-0.508557,0.572822,0.874813,1
0.290423,0.0123273,-0.500094,0.219892,0.32728,0.256398,0.214703,0.253549,-0.768076,0.458801,0.140251,0.206098,-0.242713,0.444272,-0.97658,0.0891041,0.151457,0.243917,0.47791,0.72537,0.880533,0.564462,0.480753,0.0743107,-0.286069,0.0140811,0.0426839,0.184398,0.745781,-0.0027043,-0.101784,-0.335561,0.448776,0.810361,1
-0.360805,-0.210911,0.163697,-0.553143,-0.744842,0.350735,0.76351,0.0641602,0.806082,-0.149062,-0.767016,1.0734,-0.815672,-0.379722,0.145481,-0.826852,0.0605246,-0.0123272,0.498996,0.208114,0.254197,-0.956027,0.579071,0.726967,-0.691441,0.144089,0.400999,-0.318902,-0.881372,-0.511988,-0.69005,0.612687,0.511521,0.931724,1
-0.824492,-0.134112,-0.833108,-0.831631,-0.743019,1.05279,-0.0928212,-0.431053,-0.947339,0.701112,-0.585175,0.10344,-0.724865,-0.0465885,-0.118905,-0.109191,-1.10417,0.42566,-0.764058,0.18422,-0.674352,-0.535068,-0.122322,0.332203,0.659043,0.0178788,-1.12451,0.259034,-0.688179,0.0583784,0.524891,0.180965,0.453812,0.846679,1
0.442993,-0.897555,0.618355,0.0581658,-0.761424,0.188718,0.0602197,-0.462062,0.635825,-0.224194,0.189506,-0.135139,0.000235483,0.185451,-0.44258,0.223617,-0.903149,-0.115522,0.246003,-0.257167,0.0176267,-0.574867,0.520823,-0.344653,-0.74881,-0.513458,-0.569971,-0.655259,-0.619255,-0.471462,-0.278254,-0.204211,0.563897,0.786336,1
-1.02891,0.33855,-0.431406,0.864767,-0.229386,-0.39529,0.358682,0.852289,-0.131251,-0.36824,0.409363,-0.649335,-0.384671,0.323089,0.0376474,0.436881,-0.273021,1.20173,-0.720782,-0.447089,-0.921581,0.829981,0.474991,-0.00293371,-0.549661,-0.0734905,0.383714,-0.0133316,-0.451366,-0.402853,0.282556,-0.955168,0.540735,0.814477,1
-0.987327,-0.2604,0.452305,-0.769413,0.744151,0.504294,0.952023,-0.111837,0.445397,-0.600276,0.188872,-0.90352,-0.0916351,-0.565916,0.304698,-0.256343,1.14799,-0.184446,-0.783688,-0.306729,-0.0362469,0.304058,-0.608637,0.265422,-1.06053,0.164387,0.956199,-0.173473,-0.179376,-0.133075,0.959657,-0.0498616,0.478245,0.793519,1
0.352574,-0.828035,0.0888317,-0.788018,0.404311,-0.103958,0.108919,1.27429,-0.924881,-0.700406,0.0378215,0.135067,-0.471459,0.701779,-0.267892,-0.108352,0.176218,0.165946,-0.168182,-0.793471,0.325417,-0.048917,-0.882467,-0.579168,-0.670205,-0.133424,-0.276835,-0.312762,-0.342535,-0.257544,0.957563,0.260926,0.551589,0.916601,1
0.279783,-0.0983596,-0.591139,-0.444778,-0.698917,-0.27059,-0.148976,0.319027,-0.202324,-0.204453,-0.720577,0.43278,0.368145,0.342044,0.457248,-0.0607785,-0.230978,-1.53973,0.0390747,-0.306477,-0.304219,-0.146588,1.21308,0.0606732,-0.0964061,0.388951,-0.0484787,-0.407661,0.23293,-0.734418,0.432412,-0.632941,0.424345,0.79749,1
-1.18718,0.19099,-0.381673,0.798988,0.356216,1.20687,0.180939,-0.446285,-0.0227607,-0.103888,-0.163229,0.247498,0.719436,-0.548861,0.685466,0.0615072,0.0514487,-0.214925,-1.31332,0.585209,-0.733103,-1.34645,0.262445,0.271354,0.707371,0.406707,0.47686,-0.403218,-0.613127,-0.845833,-0.493863,-0.218656,0.518563,0.838847,1
0.0729966,-0.42317,-0.924044,-0.113482,-0.087622,0.630333,0.0317062,-0.740076,-0.653774,0.352943,-0.0330045,0.31876,-0.335437,0.0631049,-0.784218,0.865758,-0.148879,0.185639,0.466981,0.685988,0.975095,0.272454,1.15302,0.124124,0.307562,0.431825,0.68153,0.238491,-0.410917,0.406016,-0.439349,0.147514,0.543015,0.879724,1
0.777527,-0.436966,-0.975605,0.360504,-1.09241,0.203379,0.432756,0.304,-0.0660211,0.100788,0.33798,0.00793947,-0.210274,-0.253112,-0.525273,-0.67364,-0.341679,-0.0977369,0.891055,0.0757622,0.699728,0.566639,-0.0062208,0.390546,-0.333554,0.295512,0.10281,-0.335883,-0.0382882,0.664544,-0.289658,0.546643,0.446661,0.832717,1
-0.429185,-0.011695,-0.236627,-0.427625,-0.210967,-0.117666,-0.277235,0.212617,-0.118321,-0.198194,-0.345024,-0.277556,-0.687688,1.11136,0.108004,-0.0628854,-1.18829,-0.898044,-0.256885,-0.164804,-1.21621,-0.0463021,0.539532,0.600542,-0.420083,-0.39574,-1.05289,0.122541,-0.742003,-0.105513,-0.269928,-0.110706,0.552116,0.816744,1
-0.311225,0.436201,-0.151171,-0.0698423,0.158022,-0.32396,0.738458,0.00951744,0.269374,-0.919161,-0.588578,0.651091,0.311305,-0.170193,-0.389764,0.244468,0.122033,-0.0663877,0.32102,-0.0756279,0.216561,-0.582345,-0.625514,-0.300433,-0.189154,-0.176637,-1.21873,0.159433,0.542406,-0.38506,-0.210749,0.378565,0.460788,0.874979,1
-0.610255,-0.0362326,-0.452344,0.0927133,-0.0918515,-0.0637908,-0.0296794,-0.132266,-0.168846,-0.697833,0.40429,0.686549,-0.421139,-0.239872,-0.304372,-0.0679098,-0.118243,0.0653873,-0.283746,-0.604359,-0.20417,-0.51788,0.102667,-0.324915,-0.0986259,-0.174168,0.326662,-0.177504,-1.21738,0.191885,0.524954,-0.238442,0.483394,0.920606,1
0.0784719,0.250763,0.97347,0.500095,0.284697,-0.155924,0.149674,-0.140372,0.507024,-0.379185,0.376089,-0.211418,-0.360525,-0.197679,1.13323,0.147637,0.0557066,0.219518,1.3186,-0.0799976,-0.143275,0.119878,0.570643,-0.706534,0.559559,-0.889165,0.123263,-0.199085,-0.0198129,0.799767,0.376318,-0.353631,0.426725,0.949846,1
0.419755,0.467376,-0.275147,0.230634,-0.348007,-0.531199,-0.322311,0.127976,0.324949,-0.50605,-0.622209,-0.956654,-0.489491,0.306113,-0.524379,-0.408439,0.131191,0.802051,-0.208742,0.457849,-0.153486,0.969202,0.440308,0.378029,-0.570839,-0.254199,-0.415785,-0.955793,0.247652,-0.124836,-0.399744,0.385622,0.474119,0.937816,1
-0.0216131,0.286852,-0.373533,0.120117,-0.0894513,-0.143865,-0.179185,-0.170217,-0.497594,0.197939,0.6368,0.188723,-0.0389947,0.0790927,-0.101299,0.242964,0.153922,-0.597873,0.680373,0.233096,-0.0938869,0.101929,0.343969,0.27242,0.220265,-0.326333,0.39721,-1.0066,-0.456484,-0.184217,0.0337071,0.197191,0.470646,0.849742,1
0.242712,-0.348817,0.545203,0.116438,-0.139929,0.767724,-0.433996,0.168089,-0.310748,1.34996,-0.268884,-0.473793,0.619533,-0.4376,1.41075,-0.309106,-0.578985,0.169231,-0.11781,0.0435152,-0.115773,-0.185151,0.102869,0.0051933,0.884158,0.479549,0.803935,-0.0861364,0.4353,-0.0110145,0.0233316,0.646817,0.423541,0.763391,1
0.711975,0.584714,0.53463,-0.0608843,0.173896,0.231047,-0.174544,-0.348102,-0.0978829,-0.515737,-0.132097,-0.756778,1.23469,-0.74573,0.759865,-0.331089,-0.29211,0.381697,0.242599,-0.299378,-0.186829,0.862941,0.49746,-0.0749419,-1.08429,-0.330627,-0.588087,-1.21957,0.0469497,0.680475,0.16758,0.017966,0.481079,0.854597,1
0.191167,-0.568259,-0.426282,-0.19059,0.0999168,0.943682,0.026934,-1.3201,0.49528,0.327873,-0.933855,1.11897,0.250375,0.162971,0.277114,0.0248821,0.0513023,-0.310721,-0.269597,-0.457046,0.645033,0.312027,0.138555,0.364223,-0.163737,0.162355,-0.949569,-0.680941,0.0688787,0.0797467,-1.08956,-0.339024,0.462678,0.857522,1
-0.0873107,-0.528596,0.258793,-0.692144,-0.00022517,-0.348649,-0.332927,-1.06696,-1.16466,-0.760667,-0.32535,-0.541639,-0.552126,-0.0432461,0.15945,-0.740746,0.237294,0.105591,-0.061292,0.458499,0.201486,-0.140348,0.693338,-0.569017,0.525326,0.792677,0.318826,0.0807124,0.248198,-0.102482,0.207584,0.271211,0.560982,0.799507,1
0.108951,-0.69418,0.755789,-0.498286,0.0120537,0.18839,0.575528,-0.668981,-0.0064821,0.799721,0.0892662,-0.556796,-0.567222,-0.703561,-0.225739,-0.0938336,-0.497529,0.270143,-0.166841,-0.783187,-0.599631,0.534898,0.152707,-0.879194,-0.126985,0.738349,-0.329926,-0.490821,1.2605,-0.0374815,-0.551787,-0.0514025,0.450351,0.856317,1
0.583647,-0.526409,-0.053039,0.690441,0.226138,0.287065,-0.615974,-0.107668,-0.021152,0.855579,0.10527,0.319199,1.19338,0.433271,-0.0102712,0.0522434,-0.913231,0.428318,0.0288658,-0.799117,0.190195,-0.465584,0.454838,0.243457,-0.54647,-0.100413,1.00672,0.452841,0.0731671,-0.298536,-0.210681,-1.03055,0.464605,0.82905,1
0.620378,0.159345,0.131632,-0.137572,0.482736,-0.244421,0.529209,0.463593,-0.724005,0.785644,0.0278091,-0.0058093,0.530975,1.01143,-0.412553,0.0490336,-0.397433,-0.820616,0.612685,-0.13065,-0.224986,0.112179,-0.0239944,-0.400035,-1.37812,-0.469793,-1.10155,0.238472,-0.250562,-0.320768,-0.0241426,0.355177,0.549474,0.770167,1
-0.660879,-0.197122,0.0861001,-0.412687,0.0782975,0.647452,0.189531,0.760826,-0.638213,-0.606442,-0.377926,-0.246238,0.232635,-0.423212,0.360959,0.316887,-0.391853,0.436785,0.737888,0.0687427,-0.594458,0.988153,-0.636107,-0.381171,0.602082,0.0189057,0.337423,-0.749242,0.631309,0.0954382,0.803055,0.537995,0.563591,0.863962,1
-0.322152,0.214659,-0.313349,-0.0968539,0.276609,-0.662292,-0.199601,-0.628071,-0.0528879,0.320737,-0.185561,0.592572,0.955187,-0.617622,0.159663,-0.362819,0.126719,-0.00970852,-0.721235,0.658655,0.41655,-0.300538,-0.0154899,-0.0347245,-0.0294489,-0.154302,-0.101782,0.173707,0.461781,-0.0379194,0.188648,-0.192496,0.500631,0.760455,1
0.295344,0.36197,-0.650335,-0.674284,0.0239478,-0.049905,0.488619,-0.712515,0.367265,-0.311377,0.2898,0.33,0.108927,-0.179466,-0.149523,-0.272948,-0.160632,0.243453,-0.233398,0.200968,-0.311918,0.00190728,0.182881,0.536189,-0.837941,-0.294526,-0.110652,-0.0120472,0.576495,0.0659346,0.054972,0.265913,0.435121,0.854892,1
-0.4339,-1.32977,-0.0387428,0.0949792,-0.381061,-0.873124,-0.59891,-0.159298,0.726819,-0.748075,-0.180436,0.114553,0.479501,-0.392338,0.139397,0.334869,0.00922646,0.686108,-0.242332,0.303684,-0.388985,-0.522246,0.210962,0.636297,-0.982397,0.0934886,-0.517245,0.192135,0.574801,-0.743251,-1.55396,-0.419905,0.508319,0.867185,1
0.03991,0.270777,-0.0731905,1.08554,1.00721,0.652376,0.627312,0.929953,0.564711,0.67075,-0.673291,0.0745362,-0.11276,0.0262286,0.279502,0.203277,-0.969971,-0.0342369,-0.269509,0.44721,0.249764,0.845179,-0.0738025,0.306885,0.569073,0.747502,0.34214,0.754131,0.358896,0.139498,-0.117817,-0.503256,0.510461,0.854702,1
-0.0607747,-0.55259,-0.452826,0.177125,0.353407,0.164386,-0.201136,1.03858,0.461109,0.796744,-1.07511,0.0552391,-0.702516,0.216495,0.818483,0.788769,-0.0202234,-0.0344997,0.486645,-0.209282,0.522138,-0.0880578,-0.618845,-0.933941,-0.0616126,-0.144044,0.00917948,-0.177657,0.100234,0.128925,0.530167,0.740015,0.445253,0.805533,1
0.336523,0.151081,0.152304,0.276564,0.204563,7.95,0.371551,0.241921,0.299351,0.265725,0.257386,0.274401,0.138347,0.249124,0.354589,0.327649,0.109838,0.246944,0.197794,0.240742,0.345159,0.2494,0.106721,0.320137,0.112173,0.203786,0.310586,0.1103,0.245407,0.192784,0.369141,0.293585,0.52,0.82,1
-0.239866,-0.441917,-0.516817,-0.564752,-0.69937,0.403883,-0.334003,0.0508379,-0.458623,0.347885,0.829716,0.280065,-0.685605,-0.324298,-0.0628778,0.446017,0.291561,0.516214,0.0282461,-0.704267,-0.570397,0.65806,0.0380184,-0.116187,0.07048,-0.542117,0.239225,0.0483986,-0.0783435,0.504909,0.383281,-0.326632,0.442427,0.941959,1
-0.237107,0.19678,-0.0962393,0.107753,-0.133624,0.395998,0.389071,0.0318845,0.105797,-0.271908,-0.0206427,-0.757593,-0.454925,0.529819,0.591499,0.166818,0.0795332,-0.0486555,-0.316561,1.11866,0.133858,1.38352,0.123821,-0.0537312,-0.179095,-0.152342,-0.494845,0.0481257,0.554552,-0.318675,0.0805973,0.488705,0.513102,0.853594,1
-0.418278,0.31573,-0.414504,-0.120854,-0.690336,0.199525,0.209207,0.827274,0.119679,-0.00426771,0.0502371,-0.87174,-0.0408769,0.194961,-0.0833475,0.605086,0.784531,1.20009,0.635178,0.284231,0.651783,0.313084,0.319833,-0.055511,-0.676481,-0.214378,-0.747203,0.34986,-0.074533,-0.430189,-0.219726,-0.362924,0.568203,0.837705,1
-0.542246,0.714962,0.792595,-0.44348,0.657542,0.518107,-0.474103,-1.00245,0.503677,-0.491251,0.978184,-0.215099,0.419067,-0.602956,-0.615751,-1.03728,-0.31058,0.194713,-0.427845,0.613724,0.242764,-0.465119,0.222368,0.326064,0.0895738,-0.754744,0.512458,-0.270501,0.319983,-0.0590707,0.474393,-0.917384,0.563046,0.882976,1
0.501722,0.0462916,-0.859016,0.641938,0.555415,-0.0127766,-0.110368,-0.146485,0.396593,-0.0168095,0.80633,0.143527,0.0802562,-0.271258,-0.0991217,-0.157213,0.476522,-0.0877982,0.127852,-0.0810593,-0.0567944,-0.392092,-0.0928735,0.220776,-0.0858911,-0.0874262,-0.610376,-0.416535,0.197939,-0.371625,0.55639,-0.532756,0.48879,0.834932,1
-0.451544,-0.112821,0.417939,0.445828,-0.647594,0.182761,-0.427203,0.780888,0.649851,0.00670652,0.854625,0.618885,-0.689659,0.0387066,-0.20539,-0.237376,-0.158266,0.137948,-0.219679,-0.443604,-0.204528,-0.435857,0.0436397,-0.156984,-0.585942,-1.15485,-0.0377299,-0.396955,-0.54161,-0.336447,0.730638,-0.312744,0.521873,0.866648,1
0.629231,-0.242735,-0.295335,0.184027,0.0802807,-1.00546,-0.00395691,0.454909,-0.30396,0.192072,0.387207,-0.0889634,-0.326389,-0.734957,0.917347,-0.187563,0.990185,0.169492,-0.00611534,-0.355126,-0.0762559,0.692574,0.747224,-0.840872,0.109342,-0.790246,0.260269,-0.0167172,-0.0511994,1.09038,0.145667,-0.146364,0.547012,0.836147,1
0.296763,0.0809207,0.0504069,0.694801,-0.355323,-0.656413,0.26392,0.106326,-0.337217,0.408268,-0.262635,0.333532,0.917395,0.609868,-1.01784,0.544473,-0.554433,-0.00881794,0.816477,-0.0696772,0.487694,1.2478,0.193804,-0.454755,0.737537,0.113423,-0.599999,-0.280202,-0.549126,-0.180774,-0.105807,-0.102666,0.525813,0.902801,1
-0.10302,0.399007,-0.262473,0.0377095,-0.550047,-0.19672,-1.08739,0.523406,-0.172492,0.254264,-0.0780201,-0.518291,-0.275253,-0.768613,-0.724223,0.138161,0.0476507,-0.164639,0.319912,0.764031,-0.118157,-0.305506,-0.478264,-0.512919,0.299894,-0.344492,0.621891,-0.918697,-0.549554,0.379945,-0.539881,-0.795955,0.473886,0.788312,1
0.595962,0.230781,-0.566041,-0.118642,-0.340748,0.314691,0.0782814,-0.47328,-0.290505,0.57553,-0.0786254,-0.0765309,0.261913,-0.117177,-0.507046,-0.677749,-0.299829,-0.329003,0.293346,0.272548,0.0488729,0.478895,0.203749,0.0979231,0.399479,-0.357195,0.881499,0.320667,0.205251,-0.166352,0.258201,0.806116,0.473405,0.786155,1
0.127278,0.185197,-0.66968,-0.189361,0.477285,-0.198699,0.942659,-0.222236,-0.195903,0.452683,0.167655,0.243238,0.715707,0.216039,0.91527,-1.25655,-0.456837,-0.113173,-0.769166,-0.172498,-0.405929,-0.435517,0.254549,-0.35659,-0.275125,-0.66119,0.0393311,1.09648,0.094723,0.13904,1.19024,0.900035,0.481216,0.798232,1
-0.209971,0.277083,-0.185317,0.0328539,-0.0780122,0.258326,0.0516428,0.292638,-0.136953,0.457285,-0.254038,-0.170867,0.0793605,-0.962725,0.82702,0.709287,-0.192294,0.140832,-0.0663107,0.783119,0.541831,-0.173777,-0.829968,-0.265592,-0.700972,-0.899847,-0.88091,0.0387331,0.88759,-0.151334,0.887414,0.333531,0.553779,0.832305,1
0.317322,-0.0302318,-0.129373,-0.441674,-0.358425,-0.0876735,0.312392,0.458486,0.213418,-0.101953,-0.776658,-0.49167,-0.869749,0.705867,0.257331,0.46773,-0.258965,-0.159152,0.140963,-0.312069,0.339376,0.773819,0.7423,-0.730682,-0.391371,0.00491491,0.633651,-0.11273,0.384943,-0.232684,0.190023,-0.0680727,0.57815,0.894699,1
0.0655562,-0.237559,-0.204771,-0.449512,-0.54622,0.456448,-1.10479,0.240426,-0.555542,-0.500951,0.217751,-0.675249,-0.0752608,-0.227796,0.207847,-0.474267,-0.750871,-0.55799,0.764396,-0.618049,0.260515,-0.585063,-0.734348,-0.620721,-0.140278,0.412928,0.209571,0.0663518,-0.899694,0.114615,0.152812,-0.417198,0.53119,0.87608,1
-0.0466253,-0.263962,0.669338,-0.0993564,-0.229845,0.947019,-0.372305,0.555795,-0.955654,0.751147,-0.0047578,-0.150717,-0.804733,0.0568072,0.208016,0.128369,0.535731,-0.602216,-0.885427,-0.754768,0.532656,-0.118395,0.598465,-0.59585,0.0830843,-0.0613802,1.00018,-0.288213,0.14522,-0.0739342,0.024259,0.671588,0.521997,0.811595,1
0.856112,0.314162,1.00053,0.102226,-0.256363,1.3133,0.446025,0.405904,-0.273863,-0.389774,0.271087,0.642528,0.196432,0.226365,-0.35965,0.0787139,0.947028,-0.551034,-0.218259,-0.57294,0.636387,-0.562688,-1.10733,-0.262386,-1.08078,-0.0330496,-0.203308,0.55097,-0.433055,-0.702991,0.243118,0.458555,0.559111,0.832118,1
0.203789,0.23818,0.215004,0.186353,0.114322,7.95,0.140143,0.334456,0.321727,0.277315,0.196764,0.286667,0.361402,0.34212,0.137697,0.385072,0.303566,0.384137,0.295277,0.276062,0.292463,0.288427,0.10196,0.307301,0.31792,0.391477,0.25431,0.128202,0.212222,0.198821,0.159331,0.170338,0.52,0.82,1
0.158786,0.379002,0.22505,0.121827,0.166066,7.95,0.125024,0.323326,0.213423,0.294292,0.28147,0.150763,0.360258,0.111711,0.134632,0.123346,0.32717,0.302041,0.137369,0.154918,0.38793,0.190411,0.361465,0.226232,0.366379,0.282357,0.387008,0.313529,0.121947,0.21112,0.378726,0.318951,0.52,0.82,1
-0.521809,0.0624852,-0.391726,0.291313,0.54175,-0.440906,-0.409218,-0.260286,0.104192,-0.242352,0.0474846,0.553183,0.737573,-0.73396,-1.0288,0.251734,-0.128513,-0.0979023,-0.535926,0.0338085,-0.0387081,-0.0231641,0.303565,-0.29185,-0.0632199,-0.046789,0.025929,-0.262218,-0.625539,-0.557211,1.33614,0.23127,0.562535,0.911278,1
0.175473,-0.3746,0.0893213,-0.420046,-0.490715,-0.314896,0.387913,-0.353152,0.0815594,-0.182096,0.309443,-0.581063,0.485377,0.414361,1.10963,-0.235134,0.552214,1.13193,-0.625002,-1.00108,0.0515939,-0.206908,-0.763308,-0.529238,0.367422,0.256313,0.661355,-0.297627,0.233547,0.132777,0.970991,0.24517,0.449715,0.884815,1
0.769604,-0.225834,0.0689607,-0.099744,0.0439431,0.548751,-0.723879,1.15885,0.537127,0.0592501,-0.285785,0.167776,0.166751,-0.264704,0.671615,-0.1738,1.2786,0.625471,0.436903,0.203137,-1.2746,-0.593482,0.00797706,0.289485,0.368874,0.338091,-0.366148,-0.235272,0.125313,0.559175,0.337561,1.05817,0.533939,0.777719,1
-0.224724,0.302512,0.151598,-0.787686,-0.297865,0.0807309,0.501701,0.59152,-0.43689,0.152277,0.545744,0.80564,0.107224,0.145333,-0.260325,0.250654,-0.718237,-0.283135,0.598613,-0.199964,0.534047,0.561068,0.176222,0.529021,0.283386,0.0292333,0.532417,-0.991429,0.71891,-0.439025,0.308494,-0.952719,0.481439,0.89572,1
-0.106861,0.484902,-0.0820508,0.333612,-0.475793,0.496879,-0.722223,-0.66991,-0.0371921,-0.471275,0.31659,-0.00563251,-0.0452684,0.286373,-0.769652,-0.18382,-0.0668122,-0.212881,0.137173,0.285619,-0.281101,-0.478668,0.457984,-0.0490244,-1.12213,-0.367022,0.731075,-0.193988,-0.169025,0.728961,-0.0719709,-0.480962,0.538719,0.873029,1
0.390874,0.00371154,-0.293582,-0.227226,0.199553,-0.275929,-0.775964,-0.37072,0.761272,0.154876,0.0705475,-0.464439,-0.0480557,-1.53567,0.975429,-0.446729,-0.0414187,-0.276267,-0.143704,-0.130501,-0.0341992,0.331923,-0.489056,0.0789165,-0.247962,-0.769333,-0.688813,0.777779,-0.579995,0.0118588,-0.111803,-0.6166,0.442217,0.775387,1
0.462782,-0.771121,-0.177577,0.416106,0.0596151,0.382472,0.52987,0.355167,0.114848,-0.0657762,-0.575245,-0.209685,-0.300922,0.131983,-0.646316,-0.886174,0.505891,-0.0786718,-0.518888,-0.471559,-0.410197,-0.943653,0.0869599,-0.386172,0.751208,-0.939492,-1.48296,0.568482,-0.746424,0.901875,0.125174,-0.634762,0.561367,0.828872,1
0.994473,0.347222,0.445841,-0.151826,-0.567917,0.795177,0.44787,-0.277981,-0.277361,-0.0627355,0.483299,0.348913,0.737107,-0.476817,-0.303845,0.17806,-0.33151,-0.696075,-0.419863,-0.755939,-0.255967,-0.0027156,-0.645793,1.36225,-0.358558,-0.0254607,-0.00186311,0.359637,0.352104,-0.627968,-0.540342,0.40192,0.467361,0.836091,1
0.36418,-0.517867,-0.275247,-0.641958,0.353221,0.176215,0.477163,0.21129,-0.0431922,-0.49687,-0.101465,-0.275129,0.361041,-0.573929,0.123457,0.24057,0.199356,-0.955857,0.416979,-0.27236,0.435156,0.203236,-0.0895471,0.753945,-0.177341,-0.534138,0.354697,-0.0597196,1.07706,-0.31354,-0.439491,0.26469,0.545936,0.840057,1
0.488761,0.723839,0.160074,0.0682432,-0.151118,-1.22887,0.207221,0.37682,-0.676132,0.215197,0.671717,-0.0777745,-0.387582,-0.398119,0.182524,-0.837646,-0.489857,0.612963,0.644328,-0.532719,0.868238,0.504397,-0.771082,-0.444028,-0.882011,0.130924,0.302784,0.446281,-0.120013,-1.06469,-0.149877,0.390117,0.572159,0.935979,1
0.1348,1.19647,-0.0910736,0.139392,-1.04253,0.298012,-0.273034,-0.0203269,-0.290758,0.971744,-0.732169,-0.0834804,0.331626,-0.129788,0.343549,-0.0105552,0.930944,-0.340473,-0.573571,0.308122,0.399911,0.412376,0.0193836,-0.145035,0.225578,0.54676,-0.0494771,-0.261501,-0.396503,-0.511964,-0.229367,0.0441796,0.460242,0.805351,1
0.00671869,0.257816,0.711996,-0.26109,-0.72219,0.298186,-0.535604,-0.096071,-0.0355815,0.883031,-0.0607995,0.667014,0.253862,0.353353,0.57763,-0.0625996,-0.256132,0.13626,-0.308381,0.216338,0.763666,0.77718,-0.0862071,-0.659352,0.677144,-0.143602,-0.2841,-0.13399,-0.757109,-0.362156,0.121874,-0.295091,0.514423,0.90195,1
-1.06227,0.475819,0.0806721,-0.104632,-0.736966,-0.163499,0.41137,-0.331942,0.488444,-0.302416,-0.599329,0.210701,0.274576,-0.216594,-0.280263,-0.436451,0.297139,0.468171,0.0616654,-0.217967,0.205568,0.120279,0.15544,0.889036,-0.518576,-0.0711448,-0.651782,-0.321977,0.519014,-0.860892,0.501586,-0.069718,0.485007,0.880476,1
-0.961431,0.121364,0.173947,-0.506043,-0.446937,0.290561,0.571618,-1.47535,-0.406733,-0.351029,-0.0670439,0.761061,-0.148705,0.00997939,-0.569822,-0.106472,-0.934726,0.193439,-0.808538,0.17732,0.464992,-0.527301,-0.314033,-0.380797,-0.322683,-0.244586,1.06457,0.223455,-0.262151,0.485715,0.0198698,0.0153029,0.493054,0.865208,1
-0.10158,0.682427,0.342561,0.358815,0.860813,0.977272,-0.0539839,-0.480394,0.309879,-0.316156,0.0649376,0.324287,0.326447,-0.70811,0.588082,0.5451,-0.0544021,-0.0188524,-0.965852,-0.650902,0.14724,0.652241,0.0915825,-0.679276,-0.246792,1.00237,0.0321832,-0.620013,0.180137,0.456957,0.262723,0.227674,0.512085,0.812288,1
-0.0177538,0.323328,0.442001,0.793007,-0.312235,-0.0790933,-0.385329,0.409284,-0.559514,0.55228,-0.375555,0.183838,0.425599,-0.0566617,0.191802,0.22867,0.274447,-0.128861,0.0461256,-0.299603,0.0188486,-0.132099,-0.716561,-0.740276,-0.385387,0.110802,0.117772,-0.0714813,-0.00157277,0.226976,-0.197644,-0.0397786,0.52719,0.844788,1
0.248574,-0.671749,0.373758,0.603447,-0.294895,0.314285,0.188006,-0.041463,0.351137,0.730304,0.301221,-1.1422,0.183889,-0.560183,-0.280849,1.05559,0.233158,-0.0657246,0.685137,-0.342545,0.026599,0.419426,0.314291,-0.931998,-0.206485,-0.476953,0.367225,-0.517541,0.0805475,-0.0926752,0.293434,0.315063,0.432936,0.853076,1
-0.352989,0.103438,-0.477462,0.140148,0.0951169,0.545791,-0.120484,0.493752,-0.0688772,0.0333936,0.0777407,0.195073,-1.06571,-0.332804,0.325326,1.10892,-1.19756,0.326922,0.628003,-0.550564,0.530347,0.410407,0.559366,0.626659,-0.785164,-0.328056,0.773947,-0.232469,0.00106514,1.40434,0.67867,0.363423,0.450213,0.841887,1
-0.749992,-0.288343,-0.964128,-1.02149,-0.500296,-0.228127,0.534058,0.802334,1.26402,-0.297313,0.0421254,0.186631,-0.10767,-0.257837,0.0713056,-0.618751,0.796118,-0.191335,-0.435724,0.92558,-0.351904,0.858245,-0.0476059,0.898232,0.229027,-0.233665,-0.456545,0.735837,-0.0421796,-0.995822,-0.0625557,0.887706,0.483185,0.811051,1
0.87565,0.114235,-0.196501,-0.648012,-0.767473,-0.126024,0.355161,0.618956,-0.350158,0.247472,0.222422,0.0045379,0.0608094,1.12295,-0.616536,0.59071,0.144371,-0.424356,0.318659,-0.598568,-0.574029,0.191108,-0.342971,0.24118,0.265137,0.0591071,0.111558,0.177792,-0.407539,-0.53598,0.195397,-0.449357,0.507592,0.861322,1
-0.329229,-0.478088,-0.191899,-0.267381,-0.00633479,-0.0513258,-0.0165174,0.736425,-0.824722,0.178339,-0.418933,-1.12315,0.346532,-0.217554,0.594021,0.62318,-0.370287,0.275009,-0.498185,0.0883659,-0.448618,-0.59913,0.254026,0.178205,-0.293276,-0.320493,-0.419357,0.211867,0.572593,-0.284715,-0.729982,-0.47345,0.453219,0.784951,1
0.489192,0.324942,-0.0585884,0.26653,-0.0590785,-0.472324,0.889878,0.10294,0.0228342,-0.0277427,0.441763,0.519461,0.381162,-0.351133,0.3423,-0.107558,0.180234,-1.01253,-0.628561,0.30673,0.60191,0.149961,-0.707819,0.54675,-0.209119,-0.171101,-1.10611,0.815254,-0.0775238,-0.146813,-1.39318,0.508023,0.440082,0.843442,1
-0.483404,-0.264367,-0.494588,0.176657,-0.978522,0.502605,0.0991209,0.0910712,0.147953,0.253581,0.530644,0.229657,-0.0374192,-0.122524,-1.03949,0.111563,-0.455645,0.990756,-0.0123641,-0.41989,0.196385,0.916296,-0.18692,1.30997,-0.00612013,-0.327583,0.316938,0.0100793,0.238615,0.227225,0.116402,-0.106872,0.564812,0.921939,1
-0.20842,-0.816042,-0.477009,-0.291825,0.751829,-1.25608,0.972797,-0.533268,0.0837911,0.349805,-0.0231221,0.381245,0.243791,-0.370267,-0.290631,0.471234,-0.179784,-0.904345,-0.216627,-0.142649,-0.2759,0.527497,0.385888,-0.439104,-0.11673,0.16878,0.42026,0.219993,0.57026,-0.298359,-0.740102,-0.72941,0.458366,0.800901,1
-0.430191,-0.478471,0.258958,0.149677,0.175593,-0.44984,-0.527074,0.514459,-0.187992,0.386976,-0.248336,-0.338715,-0.671875,-0.606851,-0.187437,0.00703783,-0.447878,0.132285,-1.0762,-0.539697,-0.441116,-0.478583,-0.406391,-0.175317,-0.0885336,0.622672,-0.459764,-0.409266,0.940304,-0.325497,0.435012,0.909744,0.528292,0.838421,1
0.156007,-0.061326,-0.853693,0.304917,0.901902,0.407679,0.174909,0.0581,0.704098,-0.499901,-0.176848,-0.337077,0.43427,-0.491407,-0.511729,0.292899,-0.268328,0.617499,0.297983,0.849813,-0.274227,0.916776,-0.252082,0.0618921,-0.227463,-0.588574,-0.473129,-0.234022,0.489287,0.0145124,0.0140468,-0.589022,0.523428,0.836884,1
0.19974,-0.0839306,0.0814506,-0.103545,-0.0943976,-0.627184,-0.368188,-0.288049,-0.0562636,-0.498228,-0.381487,0.254164,0.310991,-0.249603,0.108292,-0.147251,0.563801,-0.0425736,0.837637,0.58953,0.204981,0.195857,-0.279293,-1.08759,0.447228,-0.0781678,0.173491,-0.861785,-0.0259486,-0.582763,0.204577,0.10977,0.545749,0.923352,1
-0.219735,0.00118747,-0.79343,0.581406,-0.62579,0.142349,0.037383,-0.167502,0.270215,0.0569551,-0.324288,1.42416,0.304196,-0.0912588,0.31674,0.354337,-0.45097,0.164088,0.263706,0.309261,0.0962227,0.592167,0.820681,-0.436536,0.740713,-0.551393,0.515043,-0.599209,0.0520041,-0.610002,-0.333891,0.437442,0.529332,0.802481,1
-0.907064,-0.458272,0.0844236,0.37984,0.579181,-0.612206,0.110106,0.554906,0.35114,0.779957,-0.0220684,0.859743,-0.0153781,0.253863,0.360699,-0.383349,0.153015,0.267352,-0.749405,0.366778,0.419287,-0.501308,-1.8649,-0.356642,-0.111474,-0.208891,0.0560525,-0.994679,-0.16455,0.211445,-0.0838245,-0.360465,0.555481,0.841302,1
0.431386,-0.3744,-0.144653,-0.239671,-0.478722,-0.0384509,-0.508521,-0.159898,-0.0726936,-0.195203,0.419817,0.720632,0.322039,-0.0942237,-0.260023,0.340425,-0.361625,-0.629074,0.875009,-0.83908,-0.158203,0.17458,-0.804419,-0.210334,-0.959244,-0.473071,0.626501,0.215151,-0.702066,-0.591674,-0.631545,-0.0455758,0.5567,0.832935,1
-1.08308,-1.65887,-0.349378,-0.971081,0.190035,-0.252692,-0.266267,-0.225467,0.305149,0.657939,-0.372682,0.104227,0.807857,0.0752911,0.860844,0.759535,-0.215478,0.688293,-0.0589037,-0.459428,0.327269,0.718653,-0.653208,-0.0479829,-0.128269,0.68283,0.727301,0.150812,0.328463,-0.0545544,1.17051,-0.5782,0.556182,0.778122,1
-0.230901,0.201667,-0.0556299,0.589386,0.345718,0.625635,0.168603,0.271359,0.454068,-1.02618,0.722273,0.558919,-0.138073,0.274618,0.369783,-0.433805,0.54181,-0.216432,0.162177,0.423722,0.11111,-0.227687,0.545103,0.106355,0.542023,0.95075,-0.23586,0.106942,0.765858,-0.593092,-0.398216,-0.920474,0.437935,0.887628,1
0.0208729,0.0607858,-0.195041,-0.256284,-0.690912,-0.68304,0.160985,-0.445223,-0.0861456,-0.0187774,-0.195631,0.040182,-0.101893,-0.417378,-0.0974963,-0.0167695,-0.667417,-1.07908,0.62415,0.269183,-0.285116,-0.681354,0.185856,-0.253313,0.980279,0.0873176,-0.0333873,-1.10989,-0.647894,-0.130632,-0.592762,-0.777311,0.44432,0.936982,1
-0.219167,0.267018,0.844862,1.22831,-0.221011,-0.099934,-0.808852,-1.10413,-0.818164,0.185628,-0.561756,0.91314,0.797186,-0.331696,-0.834831,-0.539792,-0.411392,-0.57451,-0.387669,0.212296,-0.00714384,-0.555167,-0.237695,0.772514,-0.228435,0.956591,0.479125,-0.780918,-0.593404,0.596757,1.01883,-0.133612,0.565245,0.826332,1
-0.526187,-0.355398,-0.063381,-0.100492,-0.605688,1.32034,-0.358316,0.261988,0.806013,0.39751,-0.595915,-0.109665,0.20786,0.138311,-0.101211,0.152746,-0.713006,-0.737548,0.233768,0.789358,0.316659,-0.201551,-1.00767,0.255182,0.621147,-1.15648,-0.073171,0.47245,-0.573911,0.559089,0.768124,0.194378,0.579391,0.879987,1
-0.157627,-0.078053,-0.299966,-0.171112,-0.0857904,-1.01739,1.00614,-0.133533,-0.0299058,-0.0476896,-0.480956,0.681265,-0.202594,-0.352404,-0.132759,-0.624128,0.357268,0.469084,-0.294948,-0.0308701,-0.210682,-0.670268,0.274404,0.00524599,-0.127222,0.159219,0.219402,-0.189231,-0.647741,0.583724,-0.16742,-0.389653,0.57188,0.916078,1
-0.466174,0.268151,0.862455,0.197794,0.983098,0.521829,-0.0788543,0.535983,-0.0834843,1.59975,-0.430053,0.230902,0.729312,-0.387109,-0.173943,0.283524,-0.174269,0.650007,0.104346,0.20308,0.312444,0.146582,-1.02854,0.0889604,0.491843,0.0209363,1.08726,-0.210026,0.205453,-0.748125,-0.253957,-0.161826,0.434988,0.945235,1
0.732473,-0.134628,0.488244,-0.597041,-0.105366,0.354829,0.620301,-0.421187,-0.355738,-0.797621,0.0419221,-0.892499,-0.220701,0.261474,0.21557,-0.290086,-0.272477,0.316881,-0.435077,1.00286,1.20279,-0.125602,-0.673381,0.716039,0.324655,-0.458719,0.606138,0.293381,-1.0146,0.00656511,-0.278254,0.385109,0.563286,0.897425,1
-1.09787,-0.789233,0.104995,0.768817,-0.106526,-0.218684,-0.299406,0.130025,-0.822745,0.179114,1.25315,0.0156014,0.441952,0.778887,-0.0169377,-0.0508138,-0.282618,-0.104677,0.757962,0.367174,0.0521762,0.271642,-0.418681,-0.485156,-0.561874,-0.265275,0.127361,0.421803,-0.802635,0.998582,-0.439715,-0.0930874,0.489455,0.878621,1
0.0200314,-0.499913,1.01725,-0.303613,0.178028,0.717312,0.545271,0.361368,-0.893489,0.372103,0.598364,0.382159,-0.499313,1.04174,0.130298,0.32915,-0.628559,0.555973,-0.33695,-0.0595065,0.274264,-0.0026035,0.178681,-0.771406,-0.0616562,0.259473,0.185902,0.43509,-0.192321,0.870905,-0.0516671,-0.0244553,0.574841,0.940048,1
0.158543,-0.62683,0.333941,-0.936629,-0.261391,-0.638012,0.406327,0.134122,-0.0384681,0.25559,0.106411,0.390316,-0.0746521,-0.265999,-1.47756,0.27008,-0.0999973,0.332204,0.789083,0.143168,1.28366,-0.0278265,0.334718,-0.115033,-0.681156,-0.569964,-0.40767,-0.614994,-0.278012,-0.164344,-0.32541,-0.000926053,0.531474,0.865464,1
-0.280508,0.637643,-0.464404,-0.25728,-0.299951,0.582644,-0.00607527,-0.700728,0.385219,-0.166015,0.0914034,-0.178115,0.0161621,0.330915,-0.641607,-0.169773,-0.662627,0.0884661,0.0229727,0.0223781,-0.170617,0.00805217,-0.346318,1.02032,-0.443016,0.209384,0.229726,0.21905,0.25024,0.265592,0.258399,-0.13883,0.436591,0.868137,1
-1.32327,-0.214056,-0.702874,-0.384592,-0.11432,-0.264877,-0.132791,-0.778845,0.015363,0.516403,-0.528987,-1.04663,0.23499,-0.0855351,0.930482,0.245853,0.248501,-0.474418,0.768159,1.14087,0.655026,-0.365625,-0.62196,-0.544401,-0.267769,-0.49018,0.795682,0.536632,-0.175326,-0.685714,-0.000340344,-0.221736,0.510603,0.918189,1
-0.580244,0.806722,-0.482652,0.067669,0.843031,0.771103,0.182595,0.31258,-0.305599,0.486358,-0.423712,0.0853105,-0.562996,-0.0792786,-0.579835,1.13009,1.059,-0.0944932,0.328848,1.14268,0.161179,0.412573,0.261374,-0.325727,0.58431,0.428406,-0.160021,-0.504946,-0.185904,-0.022702,0.161974,-0.021219,0.500302,0.799596,1
0.662794,0.0762059,-0.554813,0.642452,0.279123,0.536629,0.258009,0.300324,0.965438,-0.517427,-0.383535,-0.108567,0.109167,0.378683,-1.03791,-0.0995403,0.157719,0.220135,-0.278653,0.380104,0.0893375,0.44825,-0.462014,0.488085,0.0444408,-0.553082,-0.567249,0.0964106,0.290989,-0.31198,0.466856,-0.268872,0.560461,0.865322,1
0.103861,-0.319777,0.471968,0.195617,0.225461,-0.605439,0.227299,0.117699,-0.341315,-0.142483,-0.0243559,0.641855,0.00126874,-0.334736,0.0953322,0.461169,-0.350409,-0.0757254,1.03004,0.164737,-0.312743,-0.848592,-0.546667,-0.0212898,-0.621123,-0.16781,0.228581,0.0263111,-0.661147,0.399235,-0.125027,0.152018,0.541714,0.905448,1
-0.614354,-0.243851,-0.201321,-0.267054,-0.229569,-0.123403,-0.427178,-0.0559186,-0.458639,0.4594,0.976522,-0.360212,0.0374481,-0.562071,0.138199,-0.246461,-0.701241,-0.971087,0.0240469,-0.275967,0.0362594,-0.771159,-0.294354,-0.185386,0.0661724,0.52731,0.963771,1.02144,-0.603455,-0.129046,-0.010317,0.488027,0.450767,0.949422,1
-0.743117,-0.367613,-0.952837,0.096827,-0.0254374,0.0849754,-0.145426,-0.0585324,0.213212,0.480375,-0.504012,0.239861,-0.315988,-0.17091,-0.408243,-0.0602437,-0.397806,0.108295,1.27054,-0.373438,-0.553664,-0.965298,0.0693804,-0.0909086,-0.0822444,0.553566,0.253643,-0.460129,0.178824,0.846668,0.494539,-0.278063,0.465074,0.819146,1
0.0522832,-0.415539,-0.635898,0.503421,-0.0699802,0.113401,0.272566,0.506719,-0.42462,-0.597995,0.451588,-0.574086,-0.280942,0.477687,0.749313,-0.187848,1.23111,-0.783786,-0.557293,-0.797185,0.404184,-0.343794,-0.289309,-0.881041,0.196735,0.813524,0.910698,-0.0886716,0.383811,-0.23732,-0.584396,-0.0228722,0.48842,0.873772,1
0.905368,0.418443,0.208276,-0.0572834,0.358703,0.544152,-0.195068,-0.1716,0.201527,-0.637782,0.10946,0.487573,-0.660663,-0.144556,-1.27209,-0.878705,0.599698,0.132483,0.143961,0.521737,-0.482516,1.25091,-0.0432097,-1.03169,0.212231,0.258135,0.156428,0.207428,-1.08089,-0.427552,0.424162,-0.351225,0.496419,0.831733,1
0.203997,-0.457599,0.188317,0.227481,-0.663969,0.106614,0.193414,0.0214638,-0.0132361,0.723334,0.119121,0.392719,0.472076,-0.638779,0.0658918,0.949618,-0.448962,0.47708,-0.88289,0.379279,-0.807905,-0.0705939,-0.716365,-0.279864,-0.493191,-0.335863,0.506694,-0.0244632,0.446254,-0.506535,-0.653815,-0.175526,0.465539,0.849941,1
-0.155425,-0.330651,-0.25379,0.117961,0.298381,-0.545597,-0.688013,0.048896,-0.294174,-0.485871,-0.123473,0.55414,-0.139356,-0.242652,0.167204,-0.624586,0.513262,-0.21555,0.0310733,-0.476874,-0.077942,0.675894,-0.0609207,-0.0846984,0.966361,-0.758118,0.0535755,0.677884,-0.175554,-0.19248,-0.666436,-0.0900514,0.443841,0.914287,1
0.650395,-1.29037,0.0536646,-0.405892,-0.442803,-0.190452,0.691257,-0.452948,0.127431,0.844362,-0.479568,-0.063516,-0.192124,0.32601,-0.0714572,-0.216661,0.102659,0.399446,0.578811,-0.943887,-0.483873,0.733275,0.720194,0.205391,1.10089,-0.752623,-0.0261535,0.434722,0.601271,0.115653,-0.399729,-0.303141,0.545771,0.870832,1
-0.681588,0.0434023,-0.254596,0.423144,0.0947293,0.262332,-0.347451,-0.273791,-0.119429,0.195258,0.443294,-0.372884,0.506084,0.685692,0.104733,-0.222718,0.563947,-0.333539,-0.323128,-0.600696,0.0337591,0.197443,-0.42991,-0.350204,0.275885,0.26454,0.671213,1.40277,0.598628,0.119362,-0.293515,-0.367605,0.470426,0.912961,1
0.91892,0.359302,-0.835515,0.00630083,-0.582952,0.975545,0.190753,-0.317188,-1.05377,-0.323748,0.499541,0.833072,0.00375359,-0.551481,-0.147895,-0.418048,0.352431,0.211388,-0.598437,-0.268224,-0.460109,-0.0748046,-0.104372,0.694544,-0.210241,0.0708629,-0.39838,0.782329,-0.13378,0.344491,0.1981,-1.34607,0.508567,0.896685,1
0.437305,0.564516,-0.497186,-0.163149,0.299261,0.364567,0.43618,0.29454,0.604109,0.584296,-0.0556124,-0.202277,-0.794841,-0.29897,-0.256854,0.228589,0.240676,-0.96621,-0.0721028,-0.967813,0.241943,0.132623,-0.477661,-0.910873,0.277148,0.124991,0.155428,0.129494,-0.0552938,0.183523,-1.33384,-0.460444,0.509217,0.863793,1
1.2257,0.714385,0.350138,0.921849,-0.233639,-0.570683,-0.372575,0.940499,-0.143635,0.438181,0.10531,0.569735,0.277191,-0.13354,0.481425,0.0745684,0.785573,-0.642094,-0.075201,-0.201217,-0.0877777,-0.239421,0.763011,-0.12955,-0.993211,-0.134515,0.306369,0.54896,-0.592339,-1.08182,1.45303,-0.690174,0.527308,0.898261,1
0.230643,-0.492844,0.327807,-0.163926,0.0984387,0.153119,0.452514,0.810498,-0.460564,-0.401902,-0.291896,-0.190962,-0.182571,-0.681104,0.710628,0.338107,-0.0732577,0.534698,0.477388,-0.123536,0.555522,-0.149558,-0.353341,0.29517,-0.215905,0.635766,-0.574867,0.372282,-0.400985,0.552163,0.602309,-0.135534,0.536669,0.805256,1
-0.764598,0.182576,-0.228173,-0.636012,-0.0364475,0.162065,0.239324,-0.636881,0.141831,0.0742923,0.0927397,-0.333242,-0.220911,0.618956,0.534302,0.0983134,0.0135452,1.31023,0.0165018,0.717867,0.383687,0.769915,0.59399,0.433465,-0.830058,-0.0638759,0.331973,0.782164,-0.273657,-0.0523318,0.300152,-0.774659,0.480973,0.853231,1
0.187437,0.0344811,0.0617379,0.0886851,-0.804766,-0.00183561,0.239563,0.483894,-0.298582,0.541866,0.169197,0.694614,-0.184193,-0.569348,-0.202119,0.932454,0.0638606,-0.339769,0.481651,-0.122981,0.352368,0.403669,-0.237783,0.645428,-0.477587,0.094026,0.181013,-0.220424,0.413252,-0.494899,0.494111,-0.638328,0.49882,0.79312,1
0.833481,-0.0238651,0.625668,-0.147303,0.671222,0.117486,1.52178,0.103158,0.254409,-0.557932,-0.0229845,0.0631058,0.0375095,0.0574721,-0.27634,-0.301112,-0.0763554,-0.605415,-0.00162578,-0.187607,-0.513236,-0.366063,-0.999929,-0.239928,-0.461189,0.717409,-0.189008,0.276397,-0.426855,0.397113,-1.16425,-0.0647967,0.484553,0.854914,1
0.51517,-0.458798,0.0263108,-1.49501,0.302861,0.558285,-0.210688,0.358,-0.242679,0.46375,0.641894,0.867566,-0.0438605,0.617426,-0.638966,-0.0829267,0.00912096,0.143506,-1.08689,-0.765075,-0.898879,0.104046,0.331806,0.541155,-0.912076,0.138055,0.299879,0.0893542,-0.131318,0.525233,1.13364,-1.14206,0.491159,0.932918,1
0.384511,-0.15748,0.876002,-0.451293,0.185322,0.13238,-0.754789,-0.621752,0.349505,-0.0911594,-0.0732277,-0.0381822,-0.12536,-0.820701,0.0416467,-0.839123,-0.321771,0.546774,-0.651479,-0.121696,0.531094,0.279647,0.356417,1.17818,-0.499018,0.245765,-1.07905,-0.279005,0.132472,-0.750081,-0.273605,0.3428,0.56595,0.767239,1
0.199334,0.253728,-0.403154,0.0822047,0.674686,-0.567141,0.599106,0.319577,0.370129,-0.260193,-1.16321,-0.521184,0.479995,0.164853,-0.492656,1.00751,-0.479862,-0.780254,-0.313151,-0.328254,0.356888,-0.0904814,0.0664029,-0.580757,0.213427,-0.103951,-0.279575,0.178457,0.3675,0.182308,0.0426059,-0.231158,0.538969,0.84191,1
-0.0105829,-0.154109,0.396437,-0.288535,-0.131263,-0.527259,0.250028,-0.245543,-0.391633,0.274312,0.149547,-0.35876,-0.424519,-0.267016,-0.12309,-0.445787,0.320384,0.100468,0.603308,0.7204,0.0891415,-0.03711,-0.55192,-0.229531,-0.137536,-0.963275,0.51393,-0.503879,0.839308,0.213688,-0.421141,-0.791636,0.474659,0.881111,1
0.416756,0.0357052,0.741801,0.00122878,0.0179999,0.259567,0.349474,1.27868,-0.0665065,-1.51025,-0.122904,0.0758299,-0.173838,0.43388,0.131883,0.158378,0.679235,0.207727,-0.0747484,1.00659,-0.801945,0.49722,-0.162497,-0.280874,-0.555141,-0.558168,0.174651,-0.167819,-0.652099,0.403457,-0.25681,0.548055,0.480061,0.887136,1
0.340536,0.387003,0.490252,0.704509,-0.0965203,0.340439,0.0143084,0.195803,0.243836,0.101204,-0.093023,-0.637694,-0.444925,0.022616,-0.399993,-0.180175,1.00615,-0.203955,-0.00350219,-0.0691386,0.591508,-0.408755,0.297384,0.253452,-0.881477,-0.208584,-0.605914,0.247126,0.25143,0.0719802,1.20553,0.81737,0.495037,0.800017,1
0.34398,0.19323,0.268659,0.220221,0.214647,7.95,0.134205,0.14485,0.328721,0.210844,0.16213,0.178094,0.354199,0.325262,0.233139,0.177044,0.219719,0.31729,0.159289,0.105372,0.108047,0.221287,0.346731,0.312884,0.274435,0.391682,0.396777,0.305084,0.317343,0.274967,0.213629,0.206534,0.52,0.82,1
-0.353606,0.815784,-0.676305,-0.00955727,-0.0690425,0.428689,0.257058,-0.268571,-0.120673,-0.0866565,-0.265711,0.320874,-0.382721,-0.999049,-1.02269,-0.262479,-0.398504,-0.368988,-0.39202,0.366075,-0.25722,0.277353,-0.224036,-0.219971,0.772847,0.115699,0.172403,0.0118743,-0.0981314,0.473762,-0.17862,0.311992,0.465878,0.923346,1
0.595279,-0.734186,0.0546179,0.200634,0.236244,0.313168,-0.628604,-0.0270721,0.479972,-0.180984,-0.449345,-0.622579,-0.777882,0.191098,0.195436,0.0401898,0.31032,0.657882,-0.294473,0.323271,0.0693657,0.179202,0.326661,0.569511,0.161582,0.562951,0.658949,0.208348,0.400078,-0.33315,0.393986,0.193389,0.520541,0.882444,1
-0.711223,-1.09877,0.110601,-0.190495,-0.678164,0.447033,-0.0140071,-0.119007,-0.53286,-0.76498,0.260214,0.116209,0.213505,0.102399,0.0464672,0.212156,-0.0420104,0.739074,-0.223572,-0.0260566,0.0715278,0.769632,0.0218095,-0.0249014,0.00898034,-0.403993,0.134313,0.239312,0.208179,-0.436281,-0.253085,0.741102,0.421056,0.831582,1
-0.691091,0.0262543,0.773937,0.717179,1.07738,1.02637,-0.805392,-0.0275624,-0.401113,-0.303659,-0.198061,1.18213,0.320689,-0.986407,0.247118,-0.0209791,-1.13018,0.144167,-0.0797641,0.707607,-0.75944,0.0579896,0.281528,1.13761,0.276224,0.321304,-0.954493,0.86848,0.0260069,-0.0704548,-0.365788,-0.207504,0.53331,0.861191,1
0.493978,-0.474129,-0.363639,-0.159977,0.0785823,-1.37106,0.264963,0.0311467,-0.10007,0.561384,-0.87177,-0.271002,0.800413,-0.13562,-0.568304,0.024821,0.439398,-0.385697,0.455733,-0.0478528,1.39127,0.0230138,-0.345819,0.095964,0.0925386,-0.0261529,0.278236,-0.416747,-0.0246681,0.165631,-0.576281,-1.05362,0.534121,0.820543,1
-0.634301,0.32669,0.929544,-0.392717,0.272982,0.589417,0.992473,-0.360719,0.621364,0.845157,-0.119514,-0.710439,-0.0600163,-0.791756,0.523762,0.0423726,0.564735,-0.403802,0.525026,0.413187,0.555355,0.155343,-0.0333159,0.393625,-0.705766,0.898966,0.246883,0.203796,0.644693,-0.911569,1.21061,-0.0693427,0.555241,0.895565,1
-0.0874114,0.661582,-0.00587256,0.499569,0.989131,0.0581923,0.285249,-0.391067,-0.321818,-0.130581,-0.16158,-0.600978,-0.0412339,-0.127843,0.628118,0.301796,-0.0155287,-0.146167,-0.104789,0.382587,0.293506,-0.513518,0.388687,-0.478336,-0.494042,0.171349,-0.843248,-0.409062,-0.244889,0.761519,0.0400341,-0.00198759,0.462358,0.809621,1
-0.16983,-0.00193214,0.222032,0.0195098,-0.187015,-0.358052,0.0609993,-0.00170676,0.193688,0.456201,-0.751678,-0.189296,0.491336,0.27336,-0.584268,0.86379,0.390791,-0.0982545,-0.667775,-0.123689,0.433617,-0.784618,0.630497,-0.363952,0.691546,-0.449876,-0.0963266,0.451055,-0.747365,-0.185723,-0.068252,0.84794,0.574981,0.764792,1
0.659256,0.195694,0.327016,0.842676,0.0164665,-0.135459,0.170835,0.0890182,-0.0642148,-0.638239,-0.503228,0.940257,0.332502,0.491013,-0.128685,-0.423502,0.256447,-0.0288415,-0.292903,0.186811,-1.25176,0.19647,-0.732181,-0.137793,-0.575503,-0.233783,-0.888748,-0.553287,0.0871883,-0.723402,-0.152111,0.261446,0.567691,0.889837,1
-0.38698,0.118614,-0.237385,-0.288495,0.0924545,0.361298,0.197356,-0.631148,-0.308377,-0.455949,0.281418,-0.0396268,1.21153,-0.713928,-0.324316,0.221118,0.741,-0.632652,-0.185316,-0.476559,0.451431,-0.44919,-0.668079,-0.731898,0.930283,-0.861535,-0.228434,0.88049,0.420546,0.461014,-0.0417451,0.0152384,0.475304,0.847808,1
0.243043,-0.101446,-0.168659,0.440903,-0.0774748,0.14651,0.0944266,0.197796,-0.23323,0.565091,-0.210684,0.404911,0.394151,-0.367737,-0.485773,-0.200377,0.475861,-0.306137,0.152702,0.00115802,0.470457,0.972499,-0.615062,0.238409,0.17008,-0.775385,0.655886,-0.269861,0.311439,-0.47802,-0.444456,-0.20568,0.470359,0.904272,1
-0.568222,-0.0738624,-0.386386,-0.249994,0.0831764,0.736703,0.400418,-0.00393543,-0.206966,-0.154853,-0.639372,-1.06933,-0.153535,-0.278915,-0.245622,0.869383,-0.201472,0.760169,0.34241,0.391201,0.00281007,0.060583,0.338593,-0.0207738,0.594683,0.0853015,0.861163,1.18213,0.679621,0.00270646,-0.288741,0.201645,0.502845,0.945585,1
0.597934,0.877448,-0.0286675,-0.513462,-0.310429,-0.287084,1.31646,-1.18849,-0.0970539,0.205715,0.570533,-0.115085,-0.317413,0.157604,-0.354367,1.10132,0.910481,0.0420219,0.148715,-0.124261,0.908054,-0.0656658,0.167339,-0.166101,0.509872,-0.230559,0.270418,1.72074,1.09417,-0.772959,0.547618,0.939717,0.503551,0.834002,1
0.95,0.88,0.162302,-0.0930977,-0.096254,-0.384319,-0.188719,0.239343,-0.215083,0.223055,0.0798796,0.409185,-0.0715273,-0.367663,-0.352895,0.0495179,-0.372315,-0.0716236,0.162386,-0.0304788,0.178864,0.390962,-0.0773626,0.443414,0.392618,-0.376378,-0.201947,-0.28169,-0.309724,-0.493436,-0.0633203,0.035298,0.48,0.2,0
-0.332952,-0.843985,-0.0999796,-0.138612,0.334067,0.0267522,0.3647,0.437264,0.445915,-0.487512,0.447815,0.850487,-0.648689,-0.941597,-0.690282,-0.505359,0.270147,1.10817,0.160556,-0.690822,0.460087,-0.228443,-0.333098,-0.327196,0.277265,-0.158933,-0.959403,-0.330019,0.35257,-0.458898,-0.142613,0.0582397,0.553685,0.798368,1
-0.447763,0.449814,0.230577,0.581249,0.510651,-0.180548,0.477924,0.239462,-1.25449,-0.532092,0.163957,-0.633431,0.759258,-0.0321601,0.072978,0.34925,-0.428073,-0.764532,0.409729,0.262325,0.0509947,0.357839,-0.0254009,0.870506,-0.671987,0.276405,0.126407,-0.487119,0.112445,-0.207601,0.0419794,0.190086,0.436824,0.900578,1
1.34863,0.235803,-0.37589,0.267619,0.843139,0.461773,0.23234,-0.239129,0.0790679,0.157236,0.624818,0.536283,0.284345,0.223577,-0.616171,-0.80554,-0.974934,-0.501846,0.878919,-0.36653,0.559312,0.316724,0.50379,0.447405,-0.372845,0.180013,0.820625,-0.338078,-0.25535,-0.783622,0.0229525,0.687719,0.543254,0.947096,1
-0.462307,-0.10014,-0.398699,-0.0378616,0.0322774,0.21797,0.077926,-0.201137,-1.11606,0.302883,0.0625277,0.764268,-0.743337,0.455508,-0.677244,-0.0797254,-0.283302,-0.73248,0.292114,0.239102,-0.391491,-0.0520938,0.844535,0.3093,0.876372,-0.127098,-0.0754495,-0.234822,0.130211,-0.129941,-0.888672,0.412416,0.542238,0.771697,1
0.347391,0.0200614,0.309433,0.226688,0.988499,0.61243,-0.0839182,0.109394,-0.192338,0.912304,0.745886,0.551416,-0.203015,-0.347852,0.272192,0.462851,0.560418,0.397138,0.333397,0.76436,0.484104,0.34812,-1.34484,0.163031,0.620292,-0.880154,0.0391948,-1.22489,0.2539,0.390135,-0.269273,0.445474,0.562624,0.838282,1
-0.190398,-0.391362,0.656016,-0.11644,0.26002,-0.103783,0.430937,-0.877443,-0.511222,-0.12437,-0.112411,0.310801,0.281467,-0.312159,0.604709,0.116952,-0.381598,0.231057,-0.122444,0.902133,0.860101,0.827632,-0.816146,-0.126154,-0.139009,0.545123,0.00466793,-0.535519,-0.470285,-0.568267,-0.321871,-0.206324,0.557796,0.89583,1
0.421839,1.00192,-0.491766,-0.785369,1.01947,0.565541,-0.544103,0.146643,0.632581,0.0945023,0.0270597,0.00581395,-0.0895257,-0.68609,-0.00413474,0.35421,-0.444128,-0.244739,0.186602,-0.30804,-0.138491,-0.0443105,-0.355333,0.511921,-0.219956,0.211628,-0.315402,-0.788094,0.0715543,-0.0148959,-0.190926,-1.03217,0.455053,0.92652,1
0.0610609,0.522466,-0.974846,0.202845,0.824177,0.00513814,-0.205355,0.692378,0.459206,-0.157545,-0.349344,0.178411,-0.579659,0.290241,0.058351,-0.174414,-0.29136,0.212155,0.11472,-1.0505,-0.653115,-0.139719,-0.296212,-0.112521,-0.390734,0.375975,0.239496,-0.321553,0.768866,-0.57077,-0.165232,-1.17179,0.443604,0.846571,1
-0.985393,0.546241,-0.182188,-0.151999,1.09222,0.383783,0.250155,-0.0767439,0.677456,0.592909,0.34761,0.283029,-0.160331,-0.751579,0.627253,0.392345,-0.106405,0.298783,0.596955,0.10448,-0.197721,-1.17019,-0.627,0.345463,1.16775,0.578624,-0.867114,0.345681,-0.143663,0.629201,0.233893,-0.192834,0.427122,0.801864,1
-0.638192,0.259248,0.0650725,0.0819184,0.315558,0.825372,-0.0314067,0.0271293,0.391375,0.148678,0.682181,0.141126,0.185229,-0.297978,-0.213945,1.51082,-0.407099,-0.344167,0.89231,0.684856,-0.11942,0.133661,-0.230231,0.433342,-0.0858705,0.389618,0.46197,-0.282976,0.0121456,0.341446,0.582913,0.203947,0.557663,0.771148,1
-0.133452,0.367018,-0.425669,-0.387348,0.0381416,0.114479,0.114612,-0.761943,0.323783,-0.2674,-0.202215,-0.217011,0.213315,-0.0513248,0.0410966,0.221618,-0.155121,0.840294,-0.348245,0.297435,0.60733,0.499756,0.0898806,0.721471,-0.424197,0.652842,1.04024,-0.985411,-0.140264,1.00644,0.459704,0.141335,0.550851,0.793488,1
-0.289515,-0.157363,-0.129381,-0.11412,-0.119922,-0.101376,0.0347308,-0.162124,-0.6058,0.573513,0.0422585,-0.269303,-0.577943,0.231857,-0.818902,-0.383451,-1.05845,0.56237,0.0969177,-0.505782,0.290831,-0.17857,0.0417919,1.03897,0.539813,0.270566,-0.0400398,0.517157,0.152601,0.620169,0.691896,-0.241363,0.525894,0.853581,1
0.493897,0.624219,-0.228976,0.154833,-0.708319,-0.30954,0.203249,-0.18275,0.307783,-0.649012,0.257383,-0.843505,-0.549964,-0.160924,0.0492097,-0.052851,-0.742738,0.20882,0.00134993,-0.172171,0.0267358,-0.567087,-0.550042,-0.628842,0.514258,-1.00866,0.227101,-0.0636884,0.166398,0.0192463,0.160699,-0.747372,0.55814,0.925862,1
1.04925,0.765411,0.218272,-0.0675962,-0.698524,0.0239426,-0.0528512,0.494752,-0.1607,0.024819,-0.191959,0.269011,-0.634945,-0.282277,-0.430271,1.49584,-0.245945,0.013131,-0.0291752,-0.494382,0.1437,-0.391327,0.580512,-0.494119,0.814409,-0.212281,0.208514,-0.399055,-0.369013,-0.161354,0.193929,0.798476,0.536996,0.91621,1
-0.406591,0.210216,-0.582558,0.246006,0.179969,0.548997,0.373074,0.0858084,-0.268438,0.0331177,-0.0244234,0.422787,1.03642,0.0190914,-0.387571,0.5114,-0.267817,0.46633,-0.67379,0.327371,-0.0639351,0.536461,0.123589,0.48293,-0.156084,-0.230439,0.233592,-0.666796,0.299627,-1.15319,-0.800716,-0.0626281,0.569207,0.89381,1
-0.816094,0.465635,0.278168,0.739741,-0.191447,0.456053,0.234961,0.499154,-0.0242896,0.527724,0.0484915,0.390682,0.449949,0.23588,-0.20467,-0.0956431,0.937649,-0.183457,0.295174,0.250573,-0.424634,-0.495931,-0.314256,0.126061,-0.019428,0.368761,0.724495,0.210005,-0.386664,-0.487487,0.353969,0.146255,0.578647,0.823963,1
0.212702,1.04965,-0.039706,-0.702489,-0.403308,-0.761878,-0.397861,-0.107569,-1.01999,0.049395,0.291481,-0.922195,0.270152,0.587188,-0.494984,-0.641272,-0.513945,-0.308416,-0.459335,0.0457355,0.537072,-0.291457,-0.378119,-0.129534,0.545688,-0.526621,-0.22225,0.681563,0.0566063,0.41296,-0.573417,-0.0600328,0.48799,0.815487,1
-0.0416107,-1.57825,-0.250518,0.0681645,-1.06861,0.378678,-0.726889,0.0982678,-0.0550127,0.0150788,0.0967113,-0.179069,0.570614,0.214942,0.205739,0.110553,0.492129,-0.391398,0.382828,0.754618,0.656672,-0.232105,0.550561,-0.354381,0.0498885,-0.499241,-0.432821,-0.973863,-0.366946,0.636152,0.17653,-0.00214161,0.489734,0.851813,1
-0.370556,-0.671332,-0.817681,0.379337,-0.502324,-0.564202,-0.206582,0.520088,0.46844,-0.340604,0.0447408,-0.164811,-0.436951,-0.490197,0.325313,0.178786,-0.019518,0.441561,-0.672728,0.148187,0.163281,-0.133051,-0.838339,0.761158,-0.186205,-1.03479,-0.408605,0.390232,-0.175089,0.144524,-0.249181,0.471539,0.524217,0.777483,1
0.0463107,-0.503615,-0.391661,0.676696,-0.556358,0.511732,0.0188577,-0.712595,1.06175,0.242138,0.937465,0.226387,-0.488351,-0.843111,0.504624,0.0872956,-0.219141,-0.263315,0.0557817,-0.177417,0.747484,0.0141996,-0.0855729,0.218419,-0.364423,1.0108,0.0430386,0.184164,-0.34411,0.663707,0.0117191,0.461004,0.473472,0.893688,1
0.232259,0.376722,-0.0920188,0.908675,0.477198,0.533773,-0.319716,0.676904,-0.0534852,0.0212695,0.212121,-0.302556,0.563264,-0.589133,-0.355726,0.295996,0.423649,0.0791009,0.310785,-0.0204477,-0.121263,-0.580075,0.217883,-0.362901,0.121858,0.0553109,-1.04296,-0.803568,-0.144497,-0.921838,-0.440468,0.254425,0.569435,0.885463,1
0.42372,-0.198458,-0.108596,-0.306825,-0.508145,0.151679,0.314016,-0.550377,0.504368,0.454318,0.464726,0.136303,-0.873871,-0.410477,0.736965,0.300239,-0.0313706,-0.446318,0.233672,0.439523,-0.0357303,-0.586526,-0.114079,0.102584,0.39072,0.288224,-0.181163,-0.787177,0.0467963,0.358042,0.00961347,0.489465,0.523411,0.889797,1
-0.146674,-0.046521,0.443455,0.26949,0.398039,0.141983,0.514337,0.0938486,0.137502,0.274719,-0.180325,-0.254416,-0.840406,-0.0513028,-0.286574,0.911599,-0.378598,-0.42165,-0.00148783,-0.712769,-0.0895121,-0.785922,-0.294683,0.5732,-0.992423,0.351811,-0.236614,-0.556791,-0.225592,-0.499549,0.45985,-0.0191546,0.506059,0.809552,1
-0.892089,-0.568837,1.04828,-0.412186,-0.512076,-0.233889,-0.168277,0.376058,0.307738,-0.0405873,-0.312087,0.478246,0.265694,0.22731,0.344033,-1.31411,0.0617185,0.65675,0.169528,0.619551,-0.219265,-0.45921,0.407712,-0.310175,-0.0604092,-0.24182,-0.864507,-0.0789787,-0.123498,-0.322516,0.051984,0.00138543,0.566274,0.93576,1
-0.0030042,0.37397,0.313703,-0.734504,-0.0814206,0.614191,-0.263241,0.473321,0.235668,0.266249,0.101484,-0.0941479,0.229044,0.543343,0.394507,-0.0151528,0.00218908,0.467422,0.416885,0.748571,0.257395,-0.395258,0.126273,-0.450035,0.0626993,0.222078,-0.0238053,-0.333465,-0.236727,0.10449,0.370749,-0.27989,0.553264,0.876155,1
-0.36889,0.214747,0.438661,0.491822,-0.149471,-0.295129,-0.346262,0.220541,0.455651,-0.0521772,0.331836,-0.279182,0.433133,0.409661,0.652516,1.54299,0.148502,0.686995,-0.870147,0.23075,-0.0647367,0.174217,-0.13204,1.34956,-1.00315,-0.308607,-0.0609783,-0.45404,-0.59666,0.220587,0.0688413,-0.456191,0.462533,0.856669,1
0.114427,0.289129,-0.0655578,-0.102923,0.756411,-0.430194,0.15109,-0.641388,0.659835,0.462351,0.589008,-0.160376,-0.0918545,-0.667785,-0.649231,0.00947089,0.10969,0.880039,0.863393,0.594972,-0.401538,-0.876069,-0.392076,0.264894,-0.0802423,0.0450065,0.512913,0.223116,-0.428948,-0.726933,-0.28602,-0.171803,0.578732,0.88788,1
-0.350638,0.126637,-0.0824022,0.378588,-0.183088,0.138218,-0.441332,0.128716,-0.232041,-0.285731,-0.0386634,0.193153,-0.188448,-0.684744,0.237345,-0.0268315,-0.0224483,0.555954,-1.04762,-0.544296,-0.0948046,0.480014,-0.528559,0.112268,-0.202667,-0.126041,-0.49423,-0.0782292,-0.423353,0.0555949,-0.555549,0.655802,0.544952,0.803955,1
0.0712532,0.0215374,-0.963566,-0.562778,-0.175953,0.109448,-0.053263,-0.0618806,0.162344,0.0735864,1.00531,-0.36381,-0.0358793,0.649971,0.530199,0.095622,-0.569026,0.823441,-0.520555,-0.505147,-0.274905,-0.708869,-0.0395531,0.271052,-0.335126,0.859216,0.151243,0.576353,0.603658,-0.014098,-0.2614,0.0774182,0.522445,0.786556,1
-0.554285,0.604091,0.0061066,0.171529,-0.0624078,-0.204241,-0.552303,0.172415,0.545541,0.714775,0.0939229,0.828299,-0.617743,-0.643222,-0.485344,-0.442625,0.226754,-0.357675,-0.0179783,-0.0109075,0.493823,0.487453,0.396158,-0.56635,-0.448559,0.554605,-0.2663,0.192848,-0.211233,0.341704,0.42211,-0.0683431,0.55386,0.936453,1
0.174514,0.183361,0.213886,0.286462,0.176303,7.95,0.16588,0.37695,0.124786,0.322052,0.349717,0.368399,0.131431,0.204867,0.27757,0.392051,0.209894,0.161908,0.259894,0.209129,0.228892,0.196884,0.165051,0.325851,0.1549,0.231978,0.204772,0.125754,0.399908,0.283007,0.393649,0.180679,0.52,0.82,1
-0.768079,-0.281722,-0.782256,-0.663859,1.01792,-0.347473,1.13298,-0.635717,0.267932,0.325085,-0.108856,0.506171,0.57158,0.474184,0.457412,-0.320493,0.417415,-0.437424,-0.263123,0.981274,0.316697,0.081962,0.573736,0.0556414,0.069341,0.263168,0.178174,0.815,-0.0736282,1.153,-0.441639,-0.564978,0.48998,0.928873,1
-0.0560585,-0.0463688,-0.459595,-0.586022,-1.11999,-0.0378246,0.770284,0.112871,-0.323723,0.313771,-0.316042,0.305969,-0.64753,0.226975,-0.756553,-0.301973,-0.125342,-0.485843,-0.246423,-0.221656,0.297959,0.185395,0.317947,-0.146038,0.303221,0.519872,0.167269,-0.66528,0.588798,-0.143657,-0.577146,0.384122,0.528728,0.790359,1
0.099556,0.235675,0.474143,-0.119002,-0.11828,0.468182,1.16527,0.70622,-0.165252,-0.074319,-0.669487,-0.512792,0.714863,-0.29861,0.386463,-0.254741,-0.651228,-0.205591,0.896411,0.281003,-0.0641432,-0.132544,0.572036,-0.0803091,-0.297902,0.62832,-0.258484,0.0959701,-0.924319,0.539801,-0.0376169,-0.59324,0.538952,0.852732,1
1.07511,-0.124479,-0.545348,0.540273,-0.327467,-0.0375315,-0.0560297,0.187118,-0.578963,0.417075,-0.322802,0.18658,0.455776,-0.184323,-0.253093,0.12804,0.0810991,0.472391,-0.331625,0.173154,-0.368757,-0.479702,-0.00835394,1.22929,-0.316363,-0.509878,0.528743,-0.109481,0.533265,-0.246061,0.804696,-1.05062,0.45034,0.798792,1
0.74753,0.160396,0.00219541,-0.178355,0.416337,0.242916,0.423679,-0.555864,-0.863317,-0.236054,-0.173266,-0.369089,0.50146,-0.983435,-1.09316,0.887727,-0.0261058,-0.21835,0.307173,0.238202,-0.575353,-0.607899,-0.14017,-0.343652,-0.0485483,0.230194,-0.487692,-0.459691,-0.30147,-0.517246,0.892483,-0.101429,0.459742,0.892455,1
0.148889,-0.311008,0.636866,-0.147818,-0.483063,0.61719,-0.126889,-0.129564,-0.617457,0.673114,-0.0347316,-0.403817,-0.277241,-0.39755,-0.492762,0.426468,0.426227,-0.438874,-0.523967,-0.237877,-0.0322946,-0.832356,0.539025,-0.435727,0.803573,0.72432,-0.0652491,-0.436732,0.191871,-1.78723,-0.473943,-0.14832,0.555755,0.897791,1
0.760768,-0.368178,0.386516,-0.591258,0.242606,-0.0437369,-1.11688,0.199158,0.752069,0.531893,0.662724,-0.49815,0.12944,0.500892,-0.26552,0.527361,0.775103,0.160905,0.358237,-0.654596,0.196136,0.427136,-0.247039,0.691443,-0.0786023,-0.504249,-0.105914,-1.01775,-0.250508,0.179269,-0.56713,0.338244,0.56373,0.927281,1
-0.0304092,0.242054,0.346505,0.203577,-0.0588791,0.94196,0.0222882,0.195267,0.0428391,-0.613078,0.224046,0.497729,0.0510735,0.612716,-0.109242,-0.244981,0.134949,-0.742399,-0.608396,0.595167,-0.175547,-0.310958,0.593675,0.221978,-0.46439,-0.130872,-0.0588909,0.157469,0.840556,0.199313,-0.217191,-0.734109,0.476908,0.873315,1
-1.02684,-0.0569305,0.0623643,0.248807,-0.340087,-0.23308,-0.445301,-0.322432,-1.57056,-0.439297,-0.191841,-0.0743042,-0.409751,-0.414697,-0.1983,0.619884,0.0143477,0.587722,0.0440955,0.679475,0.0238619,-0.772509,-0.113667,-0.76422,-0.525163,0.0801822,0.618574,-0.372692,-0.993567,0.18101,0.302705,0.130966,0.555071,0.923797,1
0.220398,-0.179867,0.462775,-0.360963,0.391349,-0.239167,0.26171,-0.169884,-0.64468,0.325804,0.130861,0.58218,-0.0436119,0.245614,-0.358955,-0.178021,-0.0316807,0.287803,0.251092,-0.985795,0.800065,0.297262,0.595619,0.933261,-0.338442,-0.217669,0.420803,-0.488678,0.341014,-0.320752,-1.29883,0.00342174,0.462173,0.831456,1
0.354607,-0.266597,0.232629,-0.364663,-0.279607,0.495497,0.0134194,-0.10377,0.393657,-0.686368,0.27766,-0.416908,-0.00814673,-0.881629,0.400989,-0.146724,0.109369,-0.435075,0.0333357,-0.876862,0.754134,-0.0553287,-0.202331,0.643097,0.123573,-0.197376,-0.316348,0.0486054,-0.501905,-0.807373,0.310416,0.811027,0.468443,0.822241,1
0.189061,-0.407107,-0.527656,-0.586857,0.624971,-0.688284,0.0833819,0.421317,0.042911,0.302181,0.121277,-0.015743,0.73638,-1.04179,0.406537,0.0943636,0.0387973,-0.0795462,0.732363,-0.0833163,0.0212486,-0.00337908,0.412641,0.162955,0.222158,0.139607,0.341139,0.576294,-0.417716,-0.398884,0.000381971,-0.185644,0.513925,0.770453,1
0.0471238,0.25494,0.460201,0.342142,0.301821,0.481793,0.158975,-0.70178,0.324835,-0.38587,0.255412,-0.49619,-0.410308,-0.649359,0.658931,-0.340987,-0.928693,0.413921,0.849593,0.102653,0.297266,-0.340538,-0.314232,0.331228,0.12527,0.247621,0.173876,0.0197308,-0.31553,-0.73549,-0.413869,-0.2616,0.543381,0.873982,1
-0.0965272,0.361253,-0.323555,0.616933,-0.22117,-0.100854,0.08866,-0.0626426,0.0216918,0.338271,-0.0196642,0.512885,-0.437801,-0.556122,-0.222272,-0.332199,-0.114019,0.408959,0.48315,0.623054,0.358186,0.329709,0.579746,-0.734224,-0.0881479,0.117968,-0.391586,-0.508891,0.999891,0.0391975,-0.0762355,-0.268866,0.553874,0.795489,1
-0.67314,0.566984,-0.249258,0.2219,-0.0826559,-0.872789,0.142136,-0.183452,0.455111,-0.0518373,0.015165,0.448189,-0.269547,-0.353842,-0.764656,-0.395813,-0.187657,-0.955342,-0.50176,-0.187194,0.197628,-0.179456,0.78364,-0.204532,0.569656,-1.79813,-0.693999,-0.875954,-0.254567,0.513507,0.050164,0.507303,0.547644,0.921808,1
-0.370217,-0.117793,-0.571636,-0.71328,0.080937,0.258701,-0.115057,0.151667,0.195818,0.384861,0.687061,-0.245124,0.090209,0.159652,-0.718415,0.221913,-0.602719,0.236238,0.0808022,0.0617527,-0.271138,-0.641768,0.19609,0.150502,0.193088,-0.336479,-0.531313,-0.470362,0.450409,-0.418998,-0.207602,-0.493662,0.489746,0.937905,1
-1.03674,0.268834,-0.228997,0.171013,0.300581,-0.273332,-0.578161,0.125599,-0.515835,0.132247,-0.210713,0.051778,-0.388407,0.765244,-0.635662,-0.400894,-0.0870322,0.0751031,0.149369,0.337876,1.20236,-1.20949,-0.112552,-0.279279,0.756221,-0.601278,0.43611,0.441804,0.304099,-0.0986783,-0.351831,-0.534439,0.493464,0.94574,1
0.19298,-0.365359,-0.0166122,-0.90208,0.934367,0.504502,0.0348492,0.556769,-0.322036,0.0622643,-0.866758,1.15779,0.284419,0.0807789,0.137718,0.218865,0.659529,0.204465,0.132286,-0.309209,0.216492,0.475128,-0.332595,0.0948857,-0.20625,-0.654791,-0.0534251,0.273721,-0.107807,0.853581,-0.978918,-0.205517,0.568572,0.911811,1
-0.18148,0.012979,-0.658165,0.314182,-0.470849,-0.222377,0.348894,-0.455218,-0.250897,-1.17631,0.754324,0.327449,-0.117785,0.632025,-0.660669,-0.506986,-0.333417,-1.07343,-0.219499,-0.390364,-0.488669,-0.383638,-0.33072,0.462034,-0.46181,1.04392,0.45039,-0.130332,-0.420784,0.109512,0.106928,0.153868,0.545646,0.936342,1
-0.511815,0.347049,0.215877,-0.255494,0.512508,-0.0410011,0.0352792,0.222652,0.610646,-0.0317388,-0.489386,0.120122,-0.226569,0.276857,0.575089,-0.447972,0.643652,-0.390567,-0.0323541,0.438446,0.507374,0.284496,-0.521888,0.326847,0.952228,-1.57461,0.528444,0.091583,0.434574,0.0417071,-0.304288,-0.665054,0.558765,0.820282,1
-0.96752,-0.149975,-0.352049,0.227985,-0.223193,0.403122,0.0577024,0.172343,-0.078924,0.0200175,0.648374,-0.0832919,-0.125415,0.337235,0.117139,0.158594,0.804458,-0.721497,0.372017,-1.65876,0.194076,0.0585296,-0.131019,-0.248145,0.00648024,0.127536,-0.333243,0.53742,-0.332943,0.500158,0.445253,-0.530935,0.540522,0.947504,1
-0.393307,0.837738,0.0725804,-0.513778,-1.22787,0.343904,-0.5354,0.100279,0.785435,-0.843585,0.421589,0.0728733,1.00832,-0.807007,0.395012,0.704987,-0.155709,0.645586,-0.335474,-0.471887,-0.607032,0.214828,1.13833,0.00393689,-0.575016,0.103316,0.184729,-0.367834,0.376231,-0.318015,0.561432,-0.0437294,0.472172,0.92654,1
1.10756,-0.096054,0.616938,0.174877,-0.320454,-0.583499,-0.0546157,-0.111644,-0.736237,0.182227,0.208637,-0.737789,-0.184355,0.443366,-0.876561,0.32115,0.525699,0.915518,-0.503882,0.428137,0.520721,-0.570831,0.51125,0.000165689,-0.452503,0.371134,-0.616893,0.660196,0.498426,-0.179653,0.099936,0.163901,0.438054,0.859339,1
0.893007,0.836287,1.3522,-0.600926,0.0116181,0.645196,-0.411988,1.00812,0.11535,-0.468682,1.21216,0.669431,-0.0213162,-0.895993,0.86224,-0.435199,1.56768,0.267754,-0.533315,0.18139,-0.0890617,-0.477487,-0.38827,-0.563056,-0.14478,-0.808822,-0.331417,-0.245261,-0.879961,0.597904,-0.300869,0.0769662,0.479121,0.793035,1
0.22724,0.285509,0.295773,0.137107,0.223377,7.95,0.247794,0.278487,0.207525,0.155989,0.108352,0.335606,0.373323,0.191924,0.275036,0.146334,0.215978,0.278926,0.323117,0.166703,0.202711,0.127364,0.313054,0.140856,0.132976,0.200465,0.175344,0.299525,0.174782,0.189739,0.346184,0.330238,0.52,0.82,1
0.242701,0.0586706,-0.556284,0.123838,-0.0194302,-0.0122109,-0.472761,0.464645,-0.440702,0.163431,0.0540791,-0.524535,-0.312042,-0.666575,0.100583,0.039535,0.0201971,-0.409929,0.912199,0.0505703,-0.621467,-1.08514,-0.330543,0.478411,-0.116806,-0.0445716,-0.12404,0.140461,0.492372,1.1323,0.028767,0.121104,0.567712,0.940417,1
1.05317,-0.688119,-1.17971,-0.054319,-0.488537,0.406746,0.461559,-0.0135553,0.531989,0.370046,-0.805689,-0.532778,-0.0116426,0.431643,0.235548,-0.0975751,-0.96665,0.536092,0.0705821,0.0441008,0.297581,-0.121196,0.0368734,0.0521106,-0.571137,-0.126541,0.171982,0.438417,-0.254722,-0.730723,0.0885824,0.443567,0.544924,0.843106,1
-0.823897,0.68948,-0.3385,0.11707,-0.679322,0.766691,0.332764,-0.0103414,-0.148409,0.415553,-0.0169785,-0.252856,-0.396734,0.293903,-0.318386,-0.19073,1.13328,-0.560119,0.802757,-1.09399,-0.373214,0.0411578,-0.0494325,-0.839799,0.181269,0.370862,0.427392,0.0342999,0.92258,-0.586468,0.28255,0.400134,0.432139,0.928621,1
-0.272785,-0.33477,-0.334974,0.686971,-0.495282,-0.518321,-0.21628,0.713184,0.700038,-0.258012,-0.433107,0.66955,-0.292362,-0.475641,-0.344533,1.61837,0.637144,0.719935,-0.267065,-0.900995,0.507591,0.282003,0.407764,0.0257774,-0.226615,-0.355815,0.476634,-0.243337,0.188379,-0.102753,-0.24268,0.62223,0.432108,0.873997,1
0.0481056,-0.450631,-0.272721,0.311076,0.176821,0.405767,-0.443196,-0.00140757,-0.872506,-0.105528,-0.252117,0.0799513,-0.625293,0.0200746,-0.180824,-0.0379283,0.0287771,0.24278,0.199967,0.370665,0.0199811,-0.0710538,0.168929,1.15499,-0.155877,-0.00830448,0.807862,-0.60347,0.0776568,0.719387,0.227091,-0.0177035,0.424759,0.947167,1
0.95,0.88,0.0780365,-0.358242,-0.416901,-0.127439,-0.0146725,0.495754,0.405769,-0.36926,0.10783,0.264235,-0.473868,0.23029,0.386668,0.442022,-0.435956,-0.271495,0.220043,0.0864586,0.315896,-0.229761,0.350016,-0.210696,0.146387,-0.390226,0.0491986,-0.0356152,-0.112816,-0.0537479,0.0547761,0.484029,0.48,0.2,0
-0.357603,-0.2483,-0.730469,-0.0367916,-0.570191,0.282033,-0.302462,0.433115,-0.197631,-1.04978,-0.465981,0.11167,0.132269,-0.253333,1.06866,-0.183337,-0.0442644,0.477124,0.832357,-0.132428,-0.722559,0.330775,-0.90906,-0.573351,-0.749301,0.502121,-0.295532,-0.526686,0.800372,0.826252,-0.202754,-0.372331,0.525607,0.870925,1
-1.21599,-0.194083,0.819739,-0.284696,0.0636594,0.506046,0.363188,-0.181162,-0.0599166,0.299527,-0.604664,-0.205533,0.011711,-0.590125,-0.407302,-0.61554,0.0358214,0.531069,-0.477854,0.58329,-1.10227,0.185284,-0.1736,-0.477335,-0.0335278,-0.166762,-0.293503,-0.414399,0.129451,0.195556,-0.608457,0.0579279,0.578286,0.913091,1
0.7362,-0.336576,-0.0746938,0.193798,-0.515059,0.183136,0.504795,0.959676,0.751907,-0.206367,-0.285917,0.71178,0.378235,0.885666,-0.184846,-0.191306,-0.0548783,-0.157448,0.520894,0.111554,0.753406,-0.639959,-0.0386078,-0.712322,-0.353806,1.10298,0.19948,-0.0174492,-0.245994,0.190297,0.557176,-0.51249,0.423971,0.902859,1
-0.188096,0.81485,-0.680431,0.485894,0.47613,-0.499096,0.30806,0.233615,0.152681,-0.28545,-1.4222,0.0706667,-0.785141,-0.179122,-0.510071,0.628417,0.172461,0.488259,0.895172,0.119515,-0.137514,0.856099,-0.349247,0.0667913,-1.03628,-0.286722,-0.100739,-1.25362,0.66242,-1.34722,-1.09372,0.575849,0.501328,0.803441,1
0.337836,-0.113438,0.634148,0.216678,-0.937039,0.111082,0.772897,0.0598457,-0.728684,0.736891,-0.401086,1.11105,0.57832,0.398556,0.180718,1.09251,-0.776614,-0.748827,-0.0201338,0.930853,-0.855865,-0.600751,0.693825,-0.0748287,-0.237791,-0.414959,0.183164,0.472897,0.0287165,0.455282,0.882082,-0.62374,0.478749,0.85799,1
0.720495,-0.611211,-0.37365,0.844491,-1.13097,0.249725,0.314937,0.153972,0.238918,0.0365542,0.202484,0.420079,-0.41827,0.950347,0.419971,0.0694708,0.172575,-0.106226,-0.862271,-0.482261,-0.39925,0.760327,-0.339009,0.655667,0.874209,0.170551,0.398372,-0.499131,-0.78314,-0.237634,-0.453953,0.621777,0.506128,0.855303,1
-0.192567,-0.467418,0.466826,-0.0150882,-0.664571,-0.397031,0.050206,0.360723,-0.232886,-0.0827066,0.575356,0.0180142,-0.209252,-0.20048,0.476079,-0.0541392,0.271222,1.04167,0.180106,0.743112,-0.60259,-0.236515,-0.109619,0.140664,0.0786617,-0.752837,-0.731473,0.0687449,-0.0422665,0.0180513,0.0565618,0.680311,0.536178,0.905187,1
0.380595,-0.0662314,0.512742,-0.235386,0.158032,-0.795762,-0.047032,0.0767655,-0.327279,-0.323349,-0.502141,0.726889,-0.255823,-0.0612254,-0.453666,-0.372472,-0.392041,-0.457497,0.250162,0.655068,-0.747092,0.192489,-0.708157,-0.613774,0.864444,0.804549,0.127181,-0.805602,0.778105,-0.25425,0.895219,-0.320687,0.509504,0.877879,1
-0.274971,0.843052,-0.0722475,-0.179743,-0.231578,-0.0561302,0.0339884,0.231156,0.481115,-0.590453,0.137055,-0.581292,-0.142455,0.0686644,-0.27508,-0.323098,-0.222628,-0.824291,0.111047,1.04374,-0.985999,0.513645,0.310513,-0.142701,-0.563362,0.35578,-0.656267,-0.600694,-0.0152097,0.322439,-0.645299,0.579971,0.546964,0.787125,1
0.0891738,0.215389,-0.314063,-0.417349,0.201482,-0.451115,-0.283712,-0.129927,0.538492,-0.333867,-1.0037,0.0623563,-0.000909273,0.414688,0.293323,-0.820433,0.889388,-0.513325,0.233306,1.2623,0.436019,0.358997,0.222021,0.0977671,0.12013,-0.560613,-0.00804057,0.0546892,-0.238522,-0.409256,0.245044,0.273963,0.501067,0.832185,1
0.185919,0.336838,0.0495665,0.263557,0.549532,-0.647661,0.38445,-0.221718,0.0931669,-0.846674,0.9965,0.0609932,0.00949712,0.508179,0.447032,-0.243968,-0.231432,0.0820215,-0.0396921,-0.630295,-0.0582429,-0.436225,0.521906,0.188219,-0.322118,-1.03863,-0.161814,-0.272908,0.620587,0.10517,-0.462758,-0.26229,0.45822,0.832107,1
-0.0232918,0.819804,0.85061,0.0139908,-0.671601,-0.124801,0.674555,0.26883,0.876541,0.223938,0.0701905,0.764364,0.141398,-0.80304,-0.297895,0.402887,-0.195657,1.24658,-0.140734,0.366153,-1.05768,-0.918152,-0.496626,0.0240081,-0.444155,1.33916,0.205626,0.529153,0.0592244,0.0460951,0.922282,-0.828307,0.531604,0.831472,1
0.421513,0.396463,-0.0621014,0.188572,0.430749,0.136313,-0.57188,0.059256,-0.143474,-0.722155,-0.459883,0.492157,0.0431069,-0.600783,0.268332,-0.711334,0.180294,0.326236,-0.329422,0.425434,-0.280166,-0.743143,-0.03686,-0.302957,0.404613,0.361952,-0.0632251,-0.318368,-0.682504,-0.975565,0.911315,-1.21757,0.577369,0.933897,1
-1.06861,0.209584,-0.274205,0.0649232,0.594632,-0.261986,-0.137176,0.559446,0.859721,0.261559,0.491063,0.251647,0.303185,0.153887,-0.0568433,-0.0254306,0.309376,0.281399,0.24047,-0.064594,0.627676,-0.0552973,-0.15168,0.465302,-0.54653,-0.0394103,0.31807,0.54313,0.32758,0.624964,1.07106,0.139551,0.526892,0.807083,1
0.113922,0.281097,0.176013,0.196001,0.152938,7.95,0.27976,0.146248,0.109894,0.139764,0.196628,0.239678,0.345339,0.249163,0.233757,0.26531,0.308761,0.38176,0.267018,0.296089,0.319459,0.381605,0.246539,0.12169,0.192756,0.118637,0.125439,0.201681,0.386793,0.111551,0.155186,0.244835,0.52,0.82,1
0.274278,0.805455,1.1602,0.740567,0.206425,-0.765615,0.0179539,-0.263689,-0.622121,-0.146741,0.621484,0.448751,-0.399195,0.213909,-0.193502,0.23647,0.478829,-0.585915,0.410446,-0.577223,-0.365271,0.251501,0.491026,0.354363,-0.0383703,-0.304986,0.0520969,0.927355,-0.567253,0.739814,0.246851,0.0645829,0.456575,0.835097,1
0.502236,0.922231,-0.253892,-0.0649365,-0.082053,0.276399,0.399434,0.305633,-0.185198,-0.0715118,0.483132,-0.431475,1.07162,0.122096,0.488948,0.3846,0.427147,-0.410968,0.481659,-0.0147444,-0.50162,0.34372,-0.609798,-0.808538,-0.359415,0.0896309,-0.361751,0.569465,0.586852,0.0391185,-0.309167,0.0440718,0.504675,0.865432,1
-0.0372128,0.189699,-0.154091,0.823101,0.155805,-0.442202,-0.337397,0.294932,-0.722535,0.445961,-0.54497,-0.259452,0.269188,0.321408,0.430916,0.323514,-0.215421,-0.0233231,0.51257,-0.328909,0.7082,0.0385421,0.148096,-0.308325,-1.12887,-0.00816979,-0.412485,-0.276279,-0.60407,0.803572,0.233302,-0.822608,0.514579,0.948702,1
-0.674401,-0.512448,-0.881539,0.317396,-0.0656992,-1.11017,-0.599323,0.0600467,0.842006,-0.857274,0.182955,-0.838438,-0.582655,0.336327,-0.338448,-0.670573,1.14529,0.116486,-0.385449,0.00080739,-0.506225,-0.401611,0.244617,-0.396743,-0.586259,0.176478,0.918361,-0.015203,0.192308,-0.303961,0.118518,-0.380908,0.553646,0.895294,1
0.409115,-0.29007,0.866247,-0.0119205,-0.277536,-0.449326,-0.225085,-0.227938,-0.73683,-0.553747,-0.449963,-1.1529,-0.018339,0.203103,0.199299,0.0813312,-0.0819709,-0.81978,-0.369965,0.282415,-0.259752,-0.285471,0.377092,0.0557405,0.104169,-0.842808,-0.165423,-1.05271,0.683883,-0.61801,-0.900463,0.431403,0.433985,0.872555,1
0.178004,-0.437743,0.324236,0.104803,-0.103152,0.363758,0.512095,0.941307,0.14766,-0.390948,-0.587048,0.613052,0.692131,0.416266,0.253031,0.165216,0.439084,-0.155406,0.837884,-0.535198,-0.513977,0.19947,-0.208187,0.751737,-0.664575,0.559246,-0.359621,-0.884555,-0.472108,-0.223392,-0.0224464,0.394237,0.428352,0.887862,1
-0.379403,-0.535359,0.0530908,0.362864,-1.18952,-0.502181,0.383527,-0.628899,0.609472,-0.523595,0.295332,0.027146,0.26925,-1.06145,-0.112576,0.0413492,0.161197,0.137979,-0.423498,-0.55779,0.724989,-0.362347,0.807893,-0.165404,-0.15951,-0.520742,-0.548876,0.82293,-0.194934,0.260484,0.616616,0.268514,0.550906,0.838098,1
0.703308,0.299064,-0.0160335,-0.412871,-0.61277,0.267591,0.792873,-0.865681,0.480223,0.417621,-0.217674,-0.0263557,-1.21856,-0.493047,-0.144946,0.114753,0.106083,0.569829,0.419716,-0.747417,0.726778,0.0305988,-0.7191,-0.0399094,-0.467365,0.0140035,0.649324,0.417655,0.182572,0.598194,-1.0028,-0.847304,0.52489,0.833626,1
-0.00592062,-0.930519,-0.130767,-0.0738106,0.594525,0.514545,-0.401407,0.310533,0.573826,0.41856,-0.157956,0.197062,0.412961,-0.231085,-0.418957,0.290806,0.0774072,0.205513,-0.204213,0.408031,0.0563143,-0.513808,0.584513,0.943484,-0.240471,0.229446,0.0489873,-0.0293119,0.75137,0.213813,-0.116042,0.125601,0.523371,0.88062,1
0.902573,1.11765,0.182424,-0.525935,0.163417,0.132658,0.141727,0.307346,-0.0705278,0.39623,-0.166314,-0.493046,-0.535637,0.806703,-0.252851,-0.746118,0.0631231,0.1358,-0.0141513,-0.125848,0.458015,0.0232562,0.172776,-0.139034,0.392135,-0.127626,0.96712,0.0215872,0.307843,-0.0517909,-0.656318,-0.00938018,0.428741,0.937836,1
-0.28134,0.95455,-0.22165,-0.525982,0.463071,-0.163405,0.905131,0.746106,-0.286844,0.0839262,6.80798e-05,0.3875,-0.475228,-0.127767,-0.301957,0.642019,0.409977,0.111561,0.643265,-0.708371,-0.141879,0.831872,0.315061,-0.0949049,-1.00072,0.413758,0.0868564,-0.125257,-0.2908,0.343394,-0.0440338,0.499732,0.426132,0.947916,1
0.147444,0.131964,-0.703436,0.00961654,-0.0110284,-0.397018,0.239767,0.219508,0.917001,-0.52971,-0.444177,0.422237,0.468888,-0.165815,0.146619,0.03247,-0.502568,-0.113567,0.609841,-0.0366434,0.165909,0.383659,0.688197,0.749071,-0.51183,0.376743,0.101524,0.716189,0.851288,0.789009,-0.161079,0.688463,0.439909,0.91421,1
-0.189359,-0.351018,0.650858,0.346074,-0.241221,-0.157426,0.182458,0.300312,-0.0568973,0.11744,0.549775,-0.81138,-0.472426,-0.403092,0.240058,-0.38255,-0.878491,-0.153966,0.0507102,-0.609186,0.418837,0.175741,0.248507,-0.690333,0.198671,0.317506,-0.0966332,-0.878202,0.361787,0.114385,0.259296,-0.723672,0.433063,0.901706,1
0.479318,1.24542,0.304416,-0.00490425,-0.242518,0.174792,1.10337,0.202311,-0.389867,-0.235169,-0.244668,-0.663423,0.35472,0.412174,-0.0501359,-0.564688,-0.218817,-0.0500393,-0.103174,-0.78098,-0.237655,0.651546,-0.444221,-0.148187,0.0756899,-0.36284,0.0106872,0.259961,-0.0491309,-0.250228,-0.503661,-0.242121,0.471407,0.779055,1
0.394768,0.675812,-0.646692,0.392911,-0.619016,-0.100181,0.458785,0.0719116,-0.414583,0.606405,0.416426,-0.0537147,-1.03328,0.162616,0.460932,0.206509,-0.71396,0.76784,-0.613096,0.352733,-1.236,0.363311,0.00486151,-0.58097,0.00753405,-0.0463364,0.0775208,0.116292,0.705077,-0.168282,0.205271,-0.067787,0.485262,0.906569,1
-0.0785762,-0.232458,0.271541,-0.0766127,-0.454137,-0.274358,-0.129958,-0.108053,0.560776,0.309665,-0.263587,0.105415,0.0507279,-0.451246,0.0050525,-0.428442,-0.737342,0.202002,-0.649979,0.771937,-0.666641,0.0909811,0.224139,0.0883683,-0.406518,-0.0255566,1.04727,0.126423,-0.135951,-0.3237,1.15073,-0.36767,0.557827,0.87607,1
-0.242152,0.004683,-0.0438397,0.675555,-0.997763,-0.363035,-0.0644827,-0.0689759,0.104929,-0.322714,0.22182,0.294993,0.0849935,-0.124405,0.778776,-0.436765,-0.868099,-0.239644,0.775182,0.408894,0.184854,0.960959,-0.386995,0.745225,0.556213,0.297401,0.524465,-0.758643,0.0667411,0.656333,0.0724528,0.0166046,0.463579,0.85867,1
-0.045762,0.830836,0.419166,0.412187,0.266056,-0.72491,0.536879,-0.40878,-1.22152,0.11559,0.0624052,-0.263669,-0.207198,-0.310666,0.544089,0.18228,-0.130739,0.407567,-0.555327,-0.67338,0.0713262,-0.180521,0.161351,0.153626,-0.517326,0.0453128,0.0208003,7.04936e-05,0.0174369,0.107295,0.087318,-0.112571,0.549077,0.902301,1
0.03942,0.247835,-0.199165,-0.0453634,-0.0851566,-0.745975,0.154463,0.0350518,-1.09346,-0.171223,-0.252181,0.24941,0.244996,-1.16826,1.49247,-0.812109,0.140749,0.366385,-0.0607266,-0.278995,-0.509004,0.644901,-0.704404,-1.04828,-0.36171,-0.113609,0.623332,-0.260432,-0.794977,0.910283,-0.175279,0.134219,0.4489,0.806686,1
-0.328907,-0.747048,-0.425782,-0.176064,0.427094,0.406064,-0.0305265,0.751812,0.400536,-0.340602,1.08414,0.225839,-0.655932,0.00521851,-0.772521,0.400549,0.130135,-0.356961,0.0128821,0.310659,-0.555018,0.325631,0.712924,-0.18454,-0.24042,-0.269078,0.174779,0.654684,-0.159695,1.02041,-0.312513,-0.0810522,0.578107,0.767428,1
0.185819,-1.06496,-0.0555275,0.430807,-0.348477,-0.53918,0.175184,-0.461036,-0.459557,-0.23774,0.156047,0.017433,-0.292858,0.0250125,0.46928,-0.535036,-0.712422,-0.46576,0.750075,0.0039361,0.0895043,-0.37065,0.132701,-0.254517,0.557757,-0.00337028,-0.888273,-0.143344,-0.025525,-0.777892,-0.280679,-1.0686,0.507432,0.872458,1
-0.393955,-0.49937,-0.946327,0.626733,-0.011052,-0.207204,-0.152754,-0.894013,-1.07402,0.0903403,-0.484868,0.335515,0.405016,-0.0363143,-0.0978735,0.475902,-0.259745,-0.112886,-0.432895,-0.54356,-0.19207,-0.0225058,-0.395317,1.2081,0.0867849,-0.628165,-0.802176,-0.368193,-0.272736,0.0548444,0.113396,-1.00575,0.575762,0.788763,1
1.27198,-1.37276,-0.397747,0.506036,-0.476504,0.240382,-0.335532,-0.443341,-0.727449,0.30899,0.246298,0.126319,0.302385,0.51537,0.514383,0.813147,0.382652,-0.546801,1.04663,0.186461,-0.0732314,0.00558224,0.206953,-0.080786,0.320988,-0.156452,0.709183,0.322139,-0.605579,-0.0899358,0.0697801,-0.108277,0.446877,0.780435,1
-0.685683,0.390157,0.32487,-0.994397,-0.537651,0.845164,-0.408887,-0.718304,0.314638,0.0524419,-0.667767,-0.830261,0.107565,-0.496959,-0.335468,0.421463,-0.339621,0.319511,-0.193779,-0.219655,0.40718,0.0384383,-0.769021,0.253316,-0.706387,0.491465,0.0963144,0.0773447,-0.467944,0.269798,0.397386,-0.430421,0.569641,0.874588,1
-0.195276,-0.0241341,-0.371356,-0.0616756,0.62423,0.0559326,-0.041482,-0.845552,0.879891,-0.143435,-1.04763,-0.28375,-0.0880509,-0.228006,0.311493,0.36892,-0.357672,-0.424992,-0.0721249,-0.202784,-0.172575,0.597065,-0.0172393,-0.351627,0.889348,0.0399865,-1.0082,-0.0492171,0.63452,0.462899,-0.781193,-0.150228,0.459284,0.788644,1
0.532357,0.0580389,0.328344,-0.271867,0.0845027,-0.0345303,0.241362,0.263858,0.747074,1.0037,-0.314784,0.301759,-0.135873,-0.362018,-0.358423,-0.0808681,0.387902,0.0475068,-0.651418,0.594292,0.784781,0.0415179,-0.0239358,0.503934,0.209962,0.340733,-0.268298,-1.04139,-0.520145,-0.366194,0.078801,-0.349467,0.507682,0.881296,1
-0.312456,0.494114,-0.0255315,0.130378,0.34843,0.864188,-0.534234,-0.123786,0.82897,-0.342819,0.76629,0.294302,-0.484647,0.435992,0.206405,0.919471,-0.453169,0.085863,0.239095,0.383612,-0.42112,-0.418808,-0.884067,-0.0535662,0.130854,0.705268,0.130678,0.499938,0.060632,0.0552534,0.108615,-0.294304,0.501439,0.901033,1
-0.158024,-0.238278,-0.147665,0.0474149,0.571582,0.199291,0.134074,-0.3269,-0.715002,-0.326513,0.784429,0.458631,-0.128822,-0.945348,0.680819,-0.17455,-0.575641,-0.284198,-0.115656,-1.05816,-0.0151067,-0.326269,-1.10144,0.0323345,-0.162634,0.26153,-0.270897,0.803653,-0.0426377,0.342404,0.328541,-0.441593,0.499491,0.853448,1
-0.948984,-0.512925,0.348901,-1.06266,0.243111,1.11072,-0.3955,0.701623,-0.29511,0.873436,-0.0634396,-0.529064,-0.0118687,-0.0506353,-0.0752503,-0.158149,-0.223176,0.0751545,0.4731,-0.623625,-0.694488,0.753936,0.0259148,0.466823,-0.313248,-0.179713,0.591096,-0.341138,-0.939023,0.0844229,0.344491,1.3997,0.573041,0.822644,1
-0.0802108,0.179162,-0.88791,0.759213,-0.148753,-0.656969,-0.0184325,0.59081,0.0872814,0.618685,-0.114787,-0.425733,0.0859624,-0.888797,-0.0722001,-0.42044,-0.484024,-0.0153772,-0.217558,0.26373,-0.581309,0.126417,-0.384134,-0.130167,-0.245075,-0.329013,0.750382,0.300513,0.208575,-1.33232,-0.0734534,0.354326,0.485443,0.904345,1
0.125678,0.315694,0.322201,0.338999,0.198101,7.95,0.286371,0.228498,0.195035,0.201966,0.382804,0.395918,0.367987,0.167937,0.329583,0.23363,0.364426,0.337561,0.186472,0.325863,0.165475,0.282848,0.116772,0.129939,0.300116,0.265663,0.368514,0.325313,0.236894,0.28473,0.14363,0.236966,0.52,0.82,1
-0.548116,-0.624616,0.419361,-1.31206,-0.450921,0.379464,-0.205506,-0.474317,0.125991,-0.203352,-0.16808,-0.853416,-0.425104,-0.211968,-1.29093,-0.280047,0.48442,-0.16615,-0.529643,-0.341596,-0.346422,-0.625268,-0.274718,-0.393268,0.547878,-0.137115,-0.31635,-0.23452,-0.214814,-0.528302,0.607969,-0.328209,0.458791,0.931504,1
0.712353,0.242428,-0.146354,0.0924793,0.547276,-0.47362,-0.209107,-0.423964,1.01545,0.218862,0.0439398,-0.229837,-0.26312,0.265764,-0.418546,0.182856,0.066095,0.0168513,0.211984,-0.00750345,-0.400976,0.317274,0.824879,0.309718,-0.094188,0.951148,0.0221813,0.340137,-0.111504,0.733613,-0.309271,0.175457,0.534397,0.927993,1
-0.143672,0.309518,0.318674,0.327448,0.559548,0.415302,0.281074,0.435128,0.818487,-0.499295,-0.175956,0.0164625,-0.629241,-0.433822,-0.948279,-0.00166361,-0.391653,-0.556101,-0.652585,0.512917,0.0126815,-0.126771,0.219423,-0.505368,-0.0812974,-0.706427,0.492846,0.16994,0.0306242,-0.075536,1.05127,-0.425302,0.42243,0.91065,1
0.123596,-0.160819,0.0633055,0.361599,-0.0207007,-0.0720577,-0.521475,0.313109,-0.253604,-0.762962,-0.751177,-0.471376,0.658085,0.267346,0.552495,0.068941,1.03937,0.252958,9.8499e-05,0.363313,-0.496192,0.45444,-0.563822,-0.179044,0.418399,0.999546,-0.0204627,0.177271,-0.469724,0.482813,-1.04862,0.316455,0.453232,0.77113,1
0.222574,-0.104325,-0.667014,0.448771,0.205854,0.139095,-0.0443966,0.63987,0.150664,0.11777,0.444839,1.11195,-0.212048,0.279575,-0.905542,0.00980775,0.156472,-0.407507,-0.562887,0.495782,-0.167558,-0.145199,0.837106,-0.289461,-0.132071,-0.202242,-0.142044,-0.175741,0.600263,-0.446476,0.735955,-0.683563,0.521234,0.87315,1
-0.718071,0.351138,0.134955,0.128084,-0.315465,-0.566564,0.240044,-0.82547,-0.288905,0.0374979,-0.378321,-0.0745654,-1.01958,0.678284,-0.0284414,-0.480153,0.17987,0.129897,0.367552,-0.276684,-0.168593,0.0462311,0.368743,-0.672778,-0.603668,1.12163,0.353316,0.6472,0.470196,-0.286351,0.26477,-0.351801,0.575184,0.838152,1
0.442885,-0.0405935,0.431285,0.4715,-0.199785,-0.886365,-0.156237,-1.27525,-0.226699,0.284284,0.669414,-0.459978,-0.264597,-0.109262,-0.0339171,-0.547757,0.854108,-0.500996,-0.640449,1.10426,-0.130461,-0.335523,-0.572538,0.107959,1.03951,0.0757985,0.307376,-0.767689,-0.672438,-0.607278,0.782942,0.259605,0.513692,0.867423,1
0.776197,0.623828,0.766031,-0.240897,-1.21047,0.632169,0.045959,0.72262,-0.024823,0.38988,-0.326401,0.635319,0.788428,-0.780879,-0.0686916,-0.0656586,-0.20102,0.39824,-0.210909,-0.0249981,0.258513,-0.186461,-0.533498,-0.252115,-0.273784,0.0184742,0.692262,-0.187979,-0.468506,0.729518,-0.0319462,0.435456,0.549018,0.90168,1
0.207762,-0.626314,-0.787426,-0.40028,0.955513,-0.163967,0.0606051,0.679436,-0.699704,0.421406,0.0334147,-1.01549,-0.458894,-0.193058,0.110335,0.987127,0.188998,-0.723466,-0.546062,0.0569897,-0.267749,-0.602997,-0.257095,0.140594,-0.822966,0.617996,-0.0261446,-0.843867,0.618966,-0.156689,0.364068,0.529004,0.489251,0.889634,1
-0.417578,0.0903948,0.0175775,-0.402929,0.738276,-0.483655,-0.396097,-0.00147472,0.538799,0.120263,0.430856,0.0990123,-0.331335,0.087667,-0.226623,0.0189397,0.0498591,-0.219135,0.14559,-0.306947,-0.410282,-0.296508,-0.00258775,0.596481,0.330018,-0.0943054,-0.0304475,-0.609852,0.244133,-0.452176,-0.302209,-0.295629,0.554416,0.802569,1
-0.209187,0.2402,0.180538,0.24625,-0.76982,-0.989354,-1.22308,0.00720416,0.18384,-1.39195,-0.743343,-0.430582,0.00883497,-0.260919,-0.313575,0.0850097,-0.762825,0.053567,-0.0981757,0.530171,0.636516,-0.060165,-0.449012,0.660755,0.0615732,0.517729,0.555149,0.454502,0.710653,0.0486273,0.388219,0.0913149,0.430793,0.801813,1
-0.64893,-0.598396,-0.0399132,0.512701,0.599809,0.833392,-0.706667,-0.218814,0.293468,-0.415874,0.918473,0.424133,0.335164,0.726694,-0.0488248,-0.171732,-0.866443,-0.625578,-0.0660226,-0.708858,-0.0338979,-0.468186,-0.364094,0.136678,0.724778,0.386027,-0.539439,0.377009,-0.253933,-0.17667,0.435865,0.360475,0.46316,0.934174,1
0.555564,-0.468981,0.566249,0.294783,-0.225451,0.512266,0.282867,-1.01626,-0.067375,-0.215203,0.682241,0.210033,-0.0617633,1.16024,-0.572768,-0.013865,0.272712,-0.394674,-0.100253,0.410426,-0.241452,-0.112341,-0.963328,0.154831,-0.682412,0.102865,0.416135,0.153023,-0.315359,0.252134,-0.264769,-0.726282,0.480016,0.794566,1
-0.29541,-0.171725,0.0586514,0.397371,0.641644,-0.259863,0.258999,-0.912804,0.255651,0.183724,0.527306,0.685897,-0.409944,-0.101581,-0.316396,-0.66148,-0.0295548,0.0165521,0.455313,-0.12784,-0.36612,1.19034,-0.347028,-0.254374,-0.543112,0.0519218,-0.477325,-0.0796191,0.142729,0.0982243,0.555963,-0.107737,0.42949,0.89882,1
0.6952,0.738878,-0.402588,1.00383,0.880299,-1.07602,0.544241,0.620732,0.319712,0.0887761,0.749137,-0.588184,-0.0737184,-0.260523,-0.458675,0.176548,0.0994168,1.55608,0.26226,0.0148353,-0.0448104,-0.204609,0.621448,0.493266,-0.0969749,-0.365738,0.147461,0.504394,1.18213,0.273234,0.146398,0.203351,0.571855,0.839733,1
-0.00208509,0.576285,-0.565133,1.23846,-0.026952,-0.895765,-0.936853,-0.0149654,0.957191,0.471236,-0.138889,-0.148874,-1.97093,-0.0864635,0.846258,-0.1558,0.605855,0.223392,0.0635332,0.141562,-0.431978,0.355727,0.0826256,0.658871,-0.249023,-0.121807,0.176794,-0.401543,-0.636235,-0.587777,-0.277004,-0.665336,0.433932,0.947186,1
-0.525716,-0.154321,1.34964,0.447271,-0.775262,0.984988,-0.198465,0.517946,0.335881,-0.8585,0.154192,0.670209,0.477785,-0.128989,-0.525229,-0.544279,0.0243229,-0.689411,-1.01044,0.783708,0.304432,-0.618872,-0.901184,-1.10221,-0.572669,-0.159927,0.199523,-0.154711,-0.250803,0.0201516,0.313099,0.0125702,0.510942,0.790185,1
-0.137223,0.259812,-0.329232,-0.581054,-0.0668733,-0.69335,-0.372748,0.659994,0.292113,0.0371143,-0.0406527,-0.691946,0.207337,-0.396606,0.146547,-0.261393,1.11046,0.625312,-0.148153,0.0463887,-0.976618,-0.393702,0.0570382,0.0572403,-0.132739,-0.302832,-1.14862,-0.711692,-0.0555717,0.552087,0.245582,-0.645478,0.426847,0.7947,1
0.211097,-0.729027,0.0508989,0.171793,0.0120097,0.276591,-0.465198,-0.499106,-0.153838,-0.177768,0.318111,-0.428801,0.144036,0.138011,-0.271961,-0.388868,0.539402,0.0588756,-0.063804,0.265718,-1.51852,0.0849109,1.05687,-0.905814,-0.14907,-0.295642,-0.803818,-0.0811603,0.828816,-0.796357,0.516475,0.448187,0.450072,0.923678,1
-0.750612,-0.314905,0.362094,0.972034,0.0121713,-0.131507,0.0331186,-0.179566,0.410279,0.762395,-0.260956,-0.02433,-0.408255,-0.370642,-0.171358,-0.0667494,0.245381,-0.524474,-0.630132,0.308619,-0.816668,-0.355988,0.212317,-0.28063,-0.0195373,-1.0791,-0.146176,-0.176686,1.1892,0.183326,0.631151,-1.14122,0.463329,0.881095,1
-0.248922,-0.522262,0.474031,0.199941,-0.152176,-0.0616109,-0.237215,-0.20237,1.09537,0.416126,-0.417201,-0.192245,1.17702,0.114105,0.912673,1.29898,0.108002,-1.05327,0.104445,0.718571,-0.43817,-0.801936,0.271934,-1.10958,-0.455653,0.671844,-0.359028,-0.0401547,-0.0885025,0.201596,-0.0104987,0.736323,0.445838,0.948534,1
-1.01867,-0.45565,0.484732,-0.342785,-0.0790228,0.180635,-0.0738966,-0.021454,-0.107249,0.54412,-0.274404,-0.321593,-0.218123,-0.855524,-0.0583734,-0.209988,0.0757172,0.416362,0.227479,1.10891,0.382846,-0.584826,-0.36641,-0.649519,0.177694,-0.0252113,0.247981,-0.262725,0.259573,-0.199406,-0.0630031,0.593746,0.476428,0.849618,1
-0.651044,0.164087,-0.825449,-0.0580462,-0.761806,-0.127788,-0.626424,0.0634657,-0.679592,0.415254,0.395216,0.628418,-0.199635,-0.345611,0.0997959,0.264804,0.00488211,0.296112,-0.0037237,0.443892,-0.919112,0.314461,-1.25965,0.126064,-0.236489,-0.478253,-0.57672,0.121447,0.0894734,0.388221,-0.842866,-0.252708,0.556647,0.773295,1
0.173545,-0.0169718,0.112585,-0.928008,-0.0129226,0.594808,-0.100396,0.571038,0.06569,0.129263,-0.163086,-0.445622,-0.00691359,0.545439,0.16674,-0.445149,-0.138099,-0.241297,0.540849,-0.215512,-0.357876,-0.130516,0.617387,-0.287837,-0.272798,0.207791,0.13385,-0.199529,1.11047,-0.0793341,0.624849,0.138076,0.471646,0.947642,1
-0.393405,0.629339,-0.664039,-0.219376,-0.288481,-0.664884,-0.271161,0.134127,1.15599,-0.708153,0.420352,-0.272279,-0.481319,-0.233778,0.419612,0.0726928,0.187455,0.396392,0.319124,-0.407748,0.600572,0.0389033,-0.697915,0.384448,0.219342,-0.731843,-0.339314,-0.643611,-0.276346,-0.253282,-0.585768,-2.29085e-05,0.45471,0.84469,1
0.44526,0.912781,0.0344453,0.852213,-0.335677,0.0538161,-0.263924,-0.762927,-0.10253,0.519789,-1.02854,-0.304854,-0.363238,-0.36442,-0.798781,-0.171727,0.84237,-0.508591,0.0341105,-0.0923434,0.29228,0.255507,-0.604159,-0.455685,-0.144365,-0.59302,-0.296474,0.212573,0.326949,0.070067,-0.333964,-0.176666,0.484601,0.851711,1
-0.371682,-0.60926,0.270223,0.615692,-0.366443,-0.325218,0.584332,0.1102,-0.238087,0.301292,-0.611768,0.150434,-0.363258,-0.16853,-0.13932,0.0404226,0.212593,-0.979158,0.0389286,0.106032,0.214581,-0.38117,-0.19981,0.253984,0.825927,-0.241988,0.130042,1.06118,0.332429,0.448342,0.514405,-0.072944,0.431224,0.907195,1
-0.365205,-0.69423,-0.245448,0.110323,-0.695172,-0.148207,0.442852,0.396465,-0.932745,-0.0971718,-0.62093,-0.374918,0.114079,0.583093,-0.65875,-0.417981,-0.0364782,-0.572349,-0.087544,-0.21409,-0.0113267,-0.867867,0.102252,-0.35376,-0.21671,0.653016,1.19127,0.126315,-0.567133,-0.255156,0.133346,0.0812718,0.459931,0.818317,1
0.0917427,0.327516,-0.283214,0.991717,0.083313,0.291211,0.00227164,0.901761,0.204372,-0.0834006,-0.355536,0.292425,0.0683631,-0.319227,0.174106,-0.688734,-0.380579,-0.146053,-0.587936,-0.20174,-0.978786,-0.365149,1.19918,0.368125,0.0662501,-0.188799,0.641875,0.0167158,0.151018,0.372193,0.894792,-0.221909,0.549977,0.790244,1
0.282113,0.611167,0.0640883,0.0180454,-0.464304,0.421018,0.281845,-0.614527,0.640683,-0.361037,-0.242817,0.0650105,-0.190738,-0.17202,-0.504609,-0.461827,-0.263353,0.072958,-0.447576,0.723025,-0.561319,0.261493,-0.697294,0.526689,-0.0310612,-0.0998855,0.584562,0.180801,-1.01101,0.138066,0.53003,-0.173711,0.507783,0.902205,1
0.11027,-0.176113,-0.179713,0.623194,-0.735575,-0.28626,0.610444,-0.794973,-0.00974025,-0.200035,0.454653,-0.71955,0.285881,0.230284,1.00476,0.134501,0.110383,-0.432385,1.13564,-0.421596,0.314847,0.481335,0.0454701,0.610977,0.0838403,-0.201845,-0.298854,-0.729894,0.0915127,0.0882074,-0.412112,-0.241827,0.516325,0.87751,1
0.724295,0.407233,0.903524,-0.0766266,-0.153144,-0.0577784,-0.367529,-0.692512,-0.379922,-0.693196,0.256457,0.822092,-0.615839,-0.419899,0.508915,0.659228,-0.279519,-0.545021,0.424604,-0.209246,0.552024,-0.956345,-0.0760206,0.536788,-0.370004,0.528251,-0.706428,-0.176398,0.181373,-0.510074,-0.326693,-0.404774,0.452449,0.884517,1
-0.508339,-0.607704,-0.202365,-0.554809,-0.123646,1.05466,-0.396232,0.424058,0.64036,-0.0403065,-0.381824,-1.34636,0.422068,-0.356647,-0.881966,-0.17737,-0.66396,0.655153,0.142131,0.636134,-0.0557454,-0.504819,-0.705499,0.251358,0.428343,0.991516,0.477851,0.778475,0.0511143,-0.294154,-0.978144,-0.111668,0.47649,0.871165,1
0.172277,-0.172183,-0.359204,-0.305001,0.364059,-0.282858,-0.147364,0.730402,-0.13226,-0.818003,-0.193492,0.385063,-0.0692982,0.634331,0.396793,-0.839168,-0.410306,0.578833,-0.547132,0.894273,0.892465,0.655683,-0.0248344,0.265999,-0.486303,-0.596922,0.506626,-0.263344,0.0642622,-0.175085,0.203882,-0.2718,0.494162,0.901653,1
-0.22551,-0.194039,0.22927,-0.841653,-1.0899,-0.68645,0.984996,-0.669653,0.3154,-0.928122,0.295381,0.95123,-0.242785,0.858177,-0.771732,0.635585,0.739996,-0.0214417,-0.204288,-0.900183,-0.880671,-1.10932,0.347541,-0.599229,1.09804,-0.149656,-0.09867,0.568214,0.00323386,-0.125002,0.295093,-0.371056,0.549694,0.874213,1
0.466377,-0.220004,-0.307375,-0.371415,-0.238656,-0.580217,-0.334691,0.398592,-0.678471,0.213521,0.423548,0.710729,0.164603,1.03262,-0.107974,0.0510153,-0.580502,0.645991,0.124853,-0.156782,-0.137858,-0.628135,0.25573,0.724846,0.0342394,-1.10956,-0.411099,-0.462541,0.0673074,-0.301069,0.22618,0.0144206,0.529034,0.944863,1
-0.0323348,-0.889259,-1.05144,0.236638,-1.03898,0.902124,0.312722,0.450452,-0.274844,-0.498788,-0.0709352,-0.423558,-0.769698,-0.902813,1.19349,-0.95006,-0.696877,-0.409822,0.616529,0.69696,-0.42046,0.632804,0.361548,-0.508028,0.315493,-0.202763,-0.259549,0.00141107,0.35226,-0.658868,0.134415,0.248651,0.501324,0.850851,1
0.293153,-1.41881,0.0808977,0.765907,0.532147,0.164012,0.437318,-0.487989,0.0937747,-0.13769,0.163959,0.416585,0.140056,0.0642512,0.869718,0.723709,0.400031,-1.29428,-0.01042,0.426546,0.612721,-0.601542,0.35775,-1.3118,-0.272244,-0.315046,0.234023,-0.419032,-0.104075,-0.58505,0.0199951,-0.253555,0.467534,0.843942,1
0.561752,0.581196,0.384431,0.901961,0.450783,-0.779776,-0.769302,0.912557,0.455282,-0.399539,-0.385282,0.526381,-0.0523135,0.727915,0.115332,0.508,0.387224,0.349622,0.0411168,-0.352213,0.22941,1.38896,-0.301453,0.626338,-0.380162,-0.562009,0.5461,0.66103,0.608155,0.534701,0.223186,0.42822,0.51469,0.802981,1
-0.705359,-0.637659,-0.783476,0.171417,-0.454672,0.353721,-0.52001,0.0315892,-0.0543131,1.12455,0.134555,-0.306517,-0.0939937,-0.965097,-0.398171,1.33592,0.0796024,0.0673095,-0.397244,-0.315755,-0.364483,0.187249,0.587,0.21977,0.311995,-0.213402,0.125206,0.403938,0.335019,0.901651,1.34398,-0.20715,0.466228,0.811136,1
-0.0505025,0.334778,-0.128765,0.341297,0.425336,-0.566167,-0.149986,-0.351654,0.361348,-0.600849,0.601262,0.156317,0.367905,0.0253204,-0.407417,-0.0607475,0.18693,-0.619589,0.0450065,-1.05459,-0.170381,-0.382265,-0.00358069,0.748284,0.129035,0.835102,-0.516423,-0.000786285,0.226411,0.405254,0.251145,-0.207483,0.495072,0.786615,1
-0.149379,-0.881562,0.0617527,0.884216,0.818895,0.0376912,-0.379673,-1.21616,0.79587,-0.460259,0.182275,0.979693,0.149633,0.690321,-0.198839,-0.579746,0.821666,0.892012,-0.290807,-0.405502,-0.0645929,0.211568,0.425119,-0.5955,0.243353,0.105599,-0.0141545,-0.356581,-0.505438,0.199673,0.442548,-0.484136,0.498383,0.914053,1
-0.560662,-0.205503,0.441911,0.0301936,0.909639,-0.485207,-0.0879878,-0.235581,0.167676,-0.317375,-0.652275,0.78284,-1.15156,0.811346,0.526974,-1.47193,-0.33553,0.223803,-0.401137,-0.261118,0.0974767,-0.603059,-0.307697,0.788699,0.0587688,-0.176555,-0.489207,-0.222491,-0.46633,-0.405274,0.265258,0.0848855,0.430796,0.901008,1
0.679699,-0.534546,0.356114,-0.194846,0.560584,-0.182611,-0.343373,-0.205986,0.325191,1.20157,-0.595361,-0.419088,-0.292728,0.0433831,-0.0418034,0.0997886,-0.0481115,-1.20359,-0.40858,-0.0664058,-0.359505,0.131041,0.07168,-0.397143,0.27472,0.268466,0.19415,0.313057,-0.0151375,0.27644,-0.0305423,0.494293,0.430466,0.780756,1
-0.213176,-0.0800089,0.330872,0.279538,0.233368,-0.570669,-0.377603,-0.0173477,-0.829597,0.076843,0.297893,-0.484438,0.205917,-0.214787,0.602385,0.649546,0.505875,-0.465396,-0.324855,-0.420719,-0.487597,-0.70794,-0.255874,0.390287,0.378531,-0.366913,-0.136529,-0.589065,-0.411884,0.371425,-0.0397642,0.122672,0.557567,0.794626,1
-0.698571,0.0276977,0.463263,0.578338,-0.441074,0.262471,-0.110637,0.874448,0.0617147,0.188081,-0.204044,-0.336399,0.447004,0.28504,0.343031,0.168493,0.226862,0.353187,0.12599,0.489669,-0.452768,-0.285027,0.0941836,0.549393,-0.0771605,0.918595,-0.233518,0.00541459,0.277049,-0.0488579,1.03715,0.132594,0.486306,0.846737,1
-0.00201345,-0.59638,-0.57882,-0.647826,1.03017,-0.324009,0.248776,0.729789,-0.848212,-0.507915,-0.0134663,-0.423388,-0.124113,0.232251,0.459737,0.0711858,-0.163171,0.85356,0.0200551,0.393111,-1.44452,0.112745,0.254907,-0.217241,1.00463,0.133363,-0.571351,0.749309,-0.37827,-0.491906,-0.0996862,-0.393764,0.445668,0.814081,1
0.763155,0.0268725,-0.00224178,-0.307867,0.23301,0.91832,-0.761777,0.168902,-0.544743,0.0251208,0.119302,0.173431,0.786974,-0.34633,1.18229,0.353655,0.12872,0.711664,-0.762374,0.0171076,-0.617622,-0.173529,0.310012,-0.589751,0.0262325,0.510643,0.217722,0.127155,0.328296,-0.237281,0.462072,0.380922,0.500389,0.923899,1
0.155903,0.738651,0.388978,-0.601381,0.427338,-0.279248,0.440416,0.311001,-0.766798,-0.59447,0.404003,-0.586877,0.350769,0.526439,0.80565,-0.657434,0.187792,0.800215,0.951738,-0.837214,0.957355,0.34473,-0.324252,-0.66838,0.349892,0.186217,-0.19184,-0.217197,0.698731,0.592561,-0.167664,-0.270113,0.47071,0.76466,1
0.0511659,-0.49232,0.164445,-0.550872,0.358589,0.369336,-1.0211,0.534616,0.0809659,0.329602,0.047246,0.0452207,0.679821,0.443645,0.333993,0.794424,1.54599,-0.298156,-0.541958,0.746877,0.102333,-0.399851,-0.0484172,0.575017,-0.509842,0.881236,0.0861259,0.684737,0.940586,0.141828,-0.700823,0.173626,0.505332,0.887069,1
-0.558078,0.74708,-0.0102137,0.131627,-0.303651,-0.14782,0.101,0.360439,0.280597,-0.260562,-0.521015,0.259833,-0.0291015,0.289596,-1.31284,-0.590854,0.046015,0.0338911,0.462964,-0.126752,0.0960903,-0.41417,-0.144866,-0.110986,-0.0104489,0.0700714,-0.294392,-0.575255,0.505854,-0.335619,-0.464706,-0.285774,0.489594,0.908373,1
0.273731,0.957435,-0.496372,-0.0894334,-0.632894,-0.157428,0.500232,-0.168597,-0.264368,-1.43826,-0.0666746,0.564194,-0.641415,-0.545119,-1.08536,-0.666511,-0.615881,0.326041,0.475691,0.556747,0.519916,-0.258588,1.15642,0.329496,0.0663869,-0.538932,-0.310115,0.0462478,-0.61307,-0.366994,-0.300849,-0.182345,0.568174,0.930325,1
-0.757737,-0.705358,0.0710879,-0.729067,0.683851,-0.430992,0.85172,0.435973,-0.201442,-0.89284,-0.531047,-0.262689,-0.182025,-0.397727,-0.0111524,-0.474479,0.295185,-0.192311,-0.379822,0.179085,0.457202,0.78991,0.577663,-0.163249,0.609974,-0.183886,-1.18369,-0.321988,-0.17115,-0.022249,-1.00721,0.861005,0.572645,0.887227,1
0.408761,0.0239142,0.103152,-0.21268,-0.0612437,-0.833179,-0.89743,0.289613,1.22988,-0.388689,0.0845707,-0.127254,-0.264091,0.241612,1.31246,0.423468,0.385326,-0.549318,0.840157,0.0850245,-1.33042,-1.18532,0.545665,0.202032,-0.118233,0.783962,-0.376078,-0.855298,-0.207577,0.341995,-0.46061,1.01231,0.578483,0.893866,1
-0.638434,-0.52904,-0.317905,-0.526196,0.0507857,-0.137587,-0.451572,-0.345908,-0.445759,-0.229943,0.13223,0.573571,0.153159,0.063774,0.738733,0.416922,0.49043,-0.645176,-0.00645876,0.189578,0.0226156,0.147413,-0.424942,0.139735,0.330551,-1.05345,-0.577077,-0.106598,0.149055,-0.232246,-0.112178,-0.0180708,0.479508,0.809379,1
0.227246,-0.338321,0.0201791,-0.264957,-0.483015,-0.719882,-0.0693552,0.0456949,0.192272,0.0796336,0.714403,0.248433,-0.23407,-0.114516,-0.274064,1.03361,-0.396283,0.249712,-0.319845,-0.182071,0.225596,-0.864003,0.879383,0.858455,-0.251405,0.240629,-0.125522,0.540384,0.12324,0.391536,0.308245,-0.188566,0.505544,0.786844,1
-0.991501,0.21281,-0.992613,0.272336,-0.176414,0.514043,-0.839879,1.58296,-0.42242,-0.538252,0.126957,-0.0359536,0.205404,-1.11096,-0.262933,-0.00601387,0.44585,1.30182,-0.257716,-0.134687,-0.333708,0.440995,-0.598333,-0.220417,0.0923599,0.468846,0.542807,0.585221,0.0175883,0.139158,-0.880221,0.0954313,0.436498,0.927237,1
0.95,0.88,-0.475825,-0.171862,-0.0979387,0.298893,0.291716,-0.404805,-0.27483,-0.428215,-0.180757,-0.0186632,0.287965,0.244716,0.0917273,-0.152634,0.209772,0.46266,0.428067,0.365761,0.112962,0.144533,-0.230618,-0.39801,-0.305236,-0.0348548,-0.401149,0.155634,-0.180998,-0.401393,-0.00824107,-0.423693,0.48,0.2,0
-0.316426,0.500187,-0.30105,-0.122364,-1.1505,0.401506,-0.166062,-0.421638,-0.346502,-0.222859,-0.474667,0.280148,0.236197,-0.282807,-0.483737,0.00325099,-0.710532,-0.94746,-0.272043,0.0332331,-0.0521655,0.170342,0.815373,-0.151193,-0.884703,-0.942193,0.124751,0.214319,-0.42141,-0.00729154,0.00977732,0.762836,0.446184,0.837431,1
-0.258488,-0.354192,0.0237914,0.21311,0.143119,0.0137575,0.14691,-0.470502,0.910878,0.111283,-0.0780366,0.491761,-0.0346905,-0.433409,0.489833,-0.538602,0.760188,0.112181,0.187749,0.428666,-0.298248,-0.199195,-0.150584,0.260937,-0.634357,0.180068,0.124088,0.0507786,0.860104,-0.103126,0.0568674,-0.368604,0.441406,0.90155,1
0.0611831,0.244003,-0.529675,-0.314453,0.541831,0.0351303,-0.639325,0.427706,0.498909,0.256539,-0.0908857,0.489295,0.258806,0.264011,0.0334163,0.438226,0.0909695,-0.106753,-0.0307127,0.405016,0.0238722,0.815551,-0.230425,0.422311,0.44163,-0.416576,0.145659,-0.00868625,-0.645019,0.154994,0.047716,0.130548,0.487646,0.862979,1
0.130191,-0.457993,0.0672677,0.114648,-1.00993,-0.458249,-0.195579,0.0407083,-0.492881,-0.574324,0.173622,0.377496,0.207864,-0.169169,0.193209,0.175416,-0.270565,0.211812,-1.05458,-0.697559,-0.893895,0.413206,-0.0390891,-0.132299,-0.156578,0.247192,0.585215,-0.109902,0.149987,0.307487,0.700157,-0.786644,0.570087,0.913761,1
0.251567,-0.121307,0.830625,-0.42553,-0.493437,0.912661,-0.150001,0.61133,-0.58403,-1.0739,-0.714079,1.0366,0.222082,-0.0351676,-0.213415,-0.16236,-0.225382,-0.403325,0.0427076,-0.603705,0.179554,-0.586304,-0.0718219,-0.216345,-0.956181,0.940059,0.30442,-0.157089,0.718817,0.223067,-0.187278,0.199642,0.522979,0.783503,1
0.0844091,-0.13085,-0.492624,0.311717,-0.15538,0.148176,-0.748777,0.352349,0.959373,0.037978,0.404858,0.390396,0.325871,-0.0306075,-0.557934,0.0759686,-0.10752,0.434776,0.303313,0.461556,0.730251,-0.232883,0.600195,-0.52297,0.546724,0.0599405,0.0586984,0.0208124,-0.160487,-0.516604,0.452499,0.245053,0.532366,0.86006,1
-0.401665,0.12854,-0.72552,0.808963,-0.885474,-0.747038,-0.145225,-0.151161,0.660064,-0.125098,0.30227,0.242568,-0.131798,-0.175991,-0.2144,1.73903,-0.272934,-0.64115,-0.338294,-0.748412,-0.39072,-0.0291208,-0.3025,0.0171638,-0.936787,-0.637457,-0.468391,-0.187737,-0.392738,0.133474,-0.0487668,1.03691,0.547464,0.796215,1
0.1037,0.822184,0.0936295,0.210637,0.460646,0.260304,0.399603,-0.351791,-0.538411,0.969046,0.0905616,0.420103,-0.271916,-0.0556147,0.2007,0.344738,0.420472,0.966678,-0.378775,-0.478385,-0.248138,0.402938,-0.0921456,0.79032,0.655554,0.260864,-0.225954,0.340791,0.0228732,-0.350779,0.553475,0.048077,0.536709,0.80462,1
-0.0998724,-0.0151594,0.336027,0.69878,0.578489,-0.94443,0.181527,0.373445,-0.479133,-0.100054,0.152123,0.301012,-0.677792,0.259968,0.730675,0.649517,-0.532932,0.708228,0.503392,0.312753,-0.00948614,-1.01553,0.640345,0.116596,-0.614611,-0.378984,-0.690124,-0.00511015,-0.159213,0.207598,0.0430588,0.0765351,0.484704,0.797582,1
-0.656922,0.0705747,0.346514,0.187954,-0.0424595,-0.327381,-0.0909598,0.726252,0.0896409,-0.174902,0.339902,1.40486,0.110835,-0.398196,-0.943092,-0.194368,-0.117772,-0.139255,0.343913,-0.5364,-0.0331296,-0.85118,-0.234958,0.0658013,-0.128568,-0.614471,0.194417,-0.056796,0.387439,0.181762,-0.196889,0.304804,0.42745,0.889933,1
0.0173238,0.573705,-0.0875985,0.251742,0.0969152,-0.0701513,-0.0185694,-0.514829,0.435016,0.259684,0.787856,0.350811,-0.357694,0.0949048,0.620023,0.722762,0.13664,0.222985,0.304182,0.255068,-0.641578,0.0600471,0.202095,-0.0304345,0.0308812,-0.0129688,0.362627,-0.464178,1.52719,0.285937,0.347874,0.0807904,0.469655,0.78151,1
0.0544163,1.24069,-0.12165,0.0379481,-0.542834,-0.299374,0.669858,0.152766,0.994912,0.627916,0.26482,-0.37878,0.330461,-0.307863,-0.487603,-1.12731,0.0512053,0.879134,0.685965,-0.358595,-0.31343,-0.336563,0.246725,0.382706,0.315891,0.288105,-0.0880713,0.109803,-0.736941,0.331661,-0.207904,0.381637,0.458007,0.910722,1
0.0868707,0.137726,-0.734466,0.218004,0.0157529,-0.191033,0.47007,-0.191719,0.226341,-0.893643,0.494862,-0.342881,-0.27314,0.215571,0.355386,-0.301401,0.308306,0.216399,-0.373502,0.442728,0.153645,-0.939988,-0.0907946,-0.365486,0.583166,-0.476189,-0.678097,-0.755932,-0.493595,0.595995,-0.229256,-1.08811,0.436732,0.879258,1
-0.740047,-0.0587782,-0.251035,-0.153176,-0.494497,-0.0306576,-0.843472,-0.724909,-0.295291,0.305358,-0.461501,-0.465436,-0.182936,-0.216698,0.0972099,0.84942,-0.0317148,0.314133,-0.0443556,0.5682,-0.438343,-0.111676,0.118861,0.430262,0.363926,0.481259,-0.0806531,-1.26338,0.752133,0.460985,-0.271771,-0.651923,0.532488,0.815153,1
-0.704118,0.102537,0.421306,0.356978,0.20447,0.0314928,0.00357812,-0.106099,-0.676001,0.397964,-0.152075,0.46285,0.591945,-0.253188,-0.389737,0.117011,-0.0772312,0.633649,0.394773,-0.658837,0.174174,-0.219278,-0.365986,0.274354,-0.48696,0.358701,-0.388573,0.411715,-0.431223,-0.0995998,-0.534197,0.188479,0.47411,0.865776,1
0.022644,0.226076,0.105675,-0.112068,0.782306,0.390814,0.398012,0.107871,-0.580729,0.709085,0.29709,-0.407414,0.534206,-0.360748,0.298498,-0.00107641,-0.164312,-0.174683,0.457015,-0.435756,-0.281225,-0.0998874,-0.476167,-0.491811,-0.155599,0.252502,-0.0467456,-0.393777,-0.12633,0.172673,0.807017,0.433779,0.564184,0.852749,1
0.270298,0.384768,0.481068,0.329384,-0.930465,-0.400927,-0.587593,-0.416536,0.253696,-0.0341733,-0.0709892,-0.610077,0.147882,-0.0898809,-0.855902,-0.175401,-0.70994,0.188296,0.334546,-0.230688,-0.437725,-0.458914,-0.251108,-0.438224,-0.172574,0.344147,0.0817654,0.352446,-0.635375,-0.754551,-0.671199,-0.0747423,0.479568,0.942431,1
0.666261,-0.0465022,-0.645539,-0.606949,0.0743049,0.0754027,-0.00684385,-0.00608427,-0.0883989,-0.334183,-0.739379,-0.950128,-0.257987,-0.359771,0.440515,-0.110912,-0.178938,0.837306,-0.109974,-0.228747,-0.689751,-0.743439,-0.292095,-0.106451,0.746205,0.601732,-0.241595,-0.131203,0.415876,0.12698,-0.460335,-0.527051,0.532077,0.902994,1
0.199176,0.0946727,0.210947,-0.943811,0.0134644,-0.219888,0.290508,-0.078513,-0.648145,0.511378,0.182433,0.0919986,-0.0387514,0.170257,-0.860956,1.43506,0.455404,-0.682623,-0.225068,0.168578,-0.000396573,-0.0118459,-0.108917,0.0687989,-0.742422,0.0211753,0.144758,0.375866,-1.07305,-0.434333,-0.282089,0.498825,0.535769,0.946381,1
0.310063,0.100723,0.125235,-0.879296,-0.185023,0.184763,-0.028271,0.0307147,0.330012,-0.774881,0.373788,0.223696,-0.0738769,0.801302,0.0367938,-0.896357,-0.150768,-0.274034,-0.45242,0.261797,0.492672,0.0178796,0.185798,0.570215,0.529407,0.174744,-0.526871,0.236242,0.595742,-0.111297,0.301729,0.512986,0.439649,0.940176,1
-0.649786,0.422765,-0.565037,-0.79917,0.00910304,0.348951,-0.18133,0.601735,-0.00249329,1.11725,0.104919,1.24623,-0.275216,-0.43196,-0.553746,-0.646461,-0.715727,0.453003,-0.176603,0.293129,-0.390157,-0.121416,0.0404309,0.909678,0.234993,0.216597,-0.0210151,-0.0736739,0.794787,-0.141923,-0.0455409,1.46796,0.432539,0.847371,1
-0.669706,0.0386988,0.189651,0.446186,-0.236972,0.86411,0.308254,-0.140186,0.660141,-0.573024,-0.345137,0.850708,0.169025,0.470931,-0.39821,0.684128,0.504214,-0.0781659,-0.312309,0.049001,1.32562,-0.257888,-0.555409,0.651571,-0.447625,-0.527789,-0.301469,0.179886,0.0344112,0.393458,1.09363,-0.624602,0.530501,0.84445,1
-0.275845,0.512766,1.35324,0.602523,-0.574651,-0.303555,-0.46059,-0.333204,-0.864522,-0.370621,-0.173256,-0.500687,-0.585208,0.535152,0.110372,0.379,-0.0323155,0.358122,0.0706469,-0.729784,-0.0295322,-0.202044,-0.786577,1.55372,0.228509,0.463065,-0.0456937,-0.485766,-0.485862,-0.60559,0.102202,0.147008,0.456426,0.930624,1
-0.480304,-0.0174401,0.117049,0.287013,0.241335,-0.844253,0.658684,-0.0549301,0.471912,-0.587939,0.575207,-0.450307,0.298882,-0.184443,-0.258657,0.0876324,-0.752609,-0.417932,0.255404,-1.00815,0.05454,-0.828442,-0.359549,0.449735,-0.499885,0.210384,-0.128462,0.36514,-0.054974,0.344208,-0.0660863,0.466592,0.470573,0.925367,1
0.425571,0.572543,0.498203,0.265409,0.371163,-0.131436,-0.304261,-0.48897,-0.134255,-0.967116,-0.748408,-0.0409387,-0.0695707,0.535341,0.353169,-1.30802,-0.0253967,0.448437,-0.36854,0.359229,0.416866,-0.903853,0.0139105,-0.351963,-1.71828,0.126883,0.666416,-0.186368,-0.136534,-0.395554,-0.202074,0.424822,0.534164,0.817087,1
0.00206377,0.788177,0.318551,0.15614,0.24803,-0.182249,-0.491437,0.202295,-0.400962,-0.319162,0.112492,-0.65829,-0.111761,0.574749,-0.0725932,-0.191382,-0.122444,-0.682959,0.747746,-0.111155,0.0377382,-0.50409,0.397749,0.237753,-0.0212414,-0.103178,0.161339,-0.228936,0.303472,-0.0794549,-0.863656,-0.0784055,0.422949,0.823976,1
0.566432,0.435857,0.296617,0.389163,0.488725,0.21774,-0.677533,0.641138,-0.586399,0.743527,-0.623913,0.946651,0.618627,-0.429829,-0.117575,0.223414,-0.933517,0.414954,0.344447,-0.0519437,0.115981,-0.727177,0.0832264,0.169673,-0.236289,1.16389,0.698261,0.543706,0.297401,0.558496,-1.47351,-0.00883342,0.426409,0.937851,1
0.0571743,-0.172178,-0.114276,-0.0371839,-0.060325,0.793208,0.113915,-0.192723,-0.252833,0.369223,-0.274424,0.0787325,0.927751,-0.143435,0.50963,-0.927182,0.294821,0.218485,-1.21165,1.01851,-0.832534,0.892761,1.45151,0.0613559,-0.573973,-0.266341,-0.540254,0.0993128,-0.507008,0.117349,-0.255624,-1.11522,0.452786,0.895279,1
-0.156082,-0.746834,0.623319,0.37162,0.69518,0.795146,-0.540399,0.768253,-0.581712,-0.422717,0.0949436,0.450848,-0.237706,-0.000879041,0.23899,-0.47424,0.554352,-0.150355,0.0242009,0.251195,0.116619,0.168264,0.813701,-0.23298,-0.668216,-0.26567,-0.412646,0.261526,-0.373492,-0.755059,-0.178994,-0.629266,0.45994,0.942959,1
-0.197592,0.404593,-0.212245,-0.578388,-0.649493,-0.0354799,-0.0364728,0.531238,0.0143326,-0.574847,-0.828869,-0.457669,0.1422,0.412719,0.460944,-0.160615,-0.485495,0.00757839,-0.489945,-0.682175,-0.118526,0.205517,0.0783488,-0.147613,-1.01844,0.266322,0.0639512,0.515482,0.218499,0.99241,-0.38008,-0.67207,0.540408,0.858305,1
0.113254,-0.396925,0.725481,0.175211,-0.0812862,-0.5119,0.34698,0.533424,-0.86962,-1.39786,0.30668,0.921073,0.232387,-0.30814,0.963372,0.360394,-0.305662,-0.107022,-0.427544,0.0655413,0.579891,-0.704645,-0.499638,-0.707527,0.303933,-0.146948,0.157915,0.790969,-0.16888,-0.104012,0.0231841,0.969394,0.482961,0.907033,1
-0.626306,0.625914,-1.37157,0.594479,0.20185,-0.0163174,0.698639,-0.411763,-0.774196,0.299789,-0.214624,-0.323407,-0.498136,-0.298478,-0.330179,-0.289624,0.508942,0.480836,0.161924,-0.583216,-0.320062,-0.247773,-0.431522,0.0651342,0.531491,0.0521591,0.492847,0.482591,-0.283118,-0.485123,0.00543501,-0.514804,0.56691,0.849605,1
0.434636,0.582091,-0.0343108,0.029241,-0.367323,0.480485,0.87556,0.0389849,-0.397764,-0.0698821,-0.703679,-0.11,0.4543,1.09358,0.520579,0.639946,-1.11912,-0.461034,0.213535,0.00770031,0.265061,-0.134374,-0.830912,0.0154121,-0.210089,0.174817,0.10049,-0.470409,-0.854502,1.10351,-0.390342,-0.31313,0.547944,0.853626,1
-0.0664346,-0.279479,-0.386888,0.256655,-0.610796,-0.725852,0.0777041,0.501844,0.126002,0.243413,-0.0147941,-0.392324,0.0232453,-0.35218,-0.448212,0.412081,0.138571,0.512788,-0.508373,-0.380775,0.0357901,-0.715595,0.464014,0.83911,0.160521,0.00661263,0.435004,0.240803,-0.37251,0.70677,-0.527085,-0.809711,0.490852,0.818386,1
0.528132,0.0530503,-0.349864,-0.195147,0.453373,-0.388529,0.00898709,-0.283834,-0.244551,-0.536404,0.265272,0.493716,-0.601628,0.821693,-0.138267,0.205728,0.213325,-0.281712,-0.396214,0.101367,-0.433164,0.606611,-0.0422012,0.528291,-0.0905296,0.280708,-0.0574458,-0.31832,0.796472,0.167381,0.18341,-0.13647,0.56572,0.845687,1
-0.191633,-0.544461,-0.566328,0.592542,1.09829,-0.290531,0.269247,-0.196068,-0.513699,-0.520059,0.767415,-0.0659796,-0.0271499,0.176011,0.333909,0.960984,0.545948,-0.231866,0.14954,-0.463624,0.0102004,0.208958,-0.303709,0.125181,0.610404,0.286577,-0.431595,-0.455141,-0.310782,-0.0936396,-0.313337,-0.502837,0.566935,0.866361,1
-0.372413,0.120467,0.158846,-0.515968,0.060271,0.0480626,0.135,-0.510829,0.115609,0.308683,0.112736,0.593627,-0.78522,0.176544,-0.489504,-0.422282,-1.00024,-0.309313,-0.900273,0.966106,0.684715,0.0499721,-0.562076,0.576684,-0.964108,0.203437,-0.580956,-0.0939258,0.738974,-0.122174,0.674842,-0.631901,0.499908,0.861427,1
-0.134983,-0.337502,0.275305,-0.0427289,0.197781,0.509538,0.492784,-0.182175,-0.240796,-0.331774,0.25127,-0.736513,0.426128,-0.536047,-0.268397,0.0988389,-0.368077,-0.304121,-0.165912,0.0839607,0.0504217,0.188256,0.123745,-0.641674,-0.72307,-0.13486,0.158701,0.713834,0.486224,0.454839,-1.03689,0.669327,0.432379,0.779584,1
-0.423569,0.719336,-0.63807,0.464779,-0.212811,0.20888,-0.150637,-0.824434,0.0515034,0.159567,0.0610756,-0.474001,-0.040048,-0.523467,-0.430013,-0.16943,-0.151191,0.0506802,0.187955,-0.0145702,0.37399,-0.122008,-0.40291,0.0148022,-0.489333,-0.754992,0.10141,0.0410055,0.252733,-0.284618,0.512159,-0.187663,0.424164,0.793881,1
0.454114,0.712221,0.617221,-1.29172,-0.0377005,0.136121,-0.533009,0.160186,0.42295,0.20216,-0.122772,-0.37745,-0.448108,-0.712675,0.170078,-0.371385,-0.287694,-0.106904,-0.176986,-0.902199,0.182847,-0.238054,0.441279,0.773367,-0.605535,0.389818,-0.480885,0.277476,-0.199721,-0.426026,-0.1513,-0.201406,0.504738,0.833203,1
0.10719,0.275385,-0.679038,0.616164,-0.00279029,0.183967,0.434135,0.751016,0.107033,0.135103,0.525365,0.16643,0.289232,0.841406,0.176883,0.353969,0.115354,-0.338885,-0.793647,0.0923213,0.163662,0.103977,0.328673,-0.624406,0.810865,-0.249262,-0.0652893,-0.776802,-0.867776,0.35672,-0.129625,0.341573,0.578646,0.843792,1
0.0231041,1.0698,0.606013,1.01852,-0.409847,-0.741937,-0.309357,0.542898,-0.0855041,-0.166818,-0.268265,0.603454,-0.110044,-0.454047,0.524228,-0.607182,0.250023,0.418978,-1.02855,0.590929,0.125126,0.310367,-0.460837,0.316759,-0.454457,-0.136718,-0.490692,0.763777,0.577193,-0.632894,0.0758964,0.284574,0.552422,0.912177,1
0.0157257,-0.386407,0.140487,0.304288,0.571233,0.590395,-0.489459,-0.112122,-0.753926,0.345469,0.490481,0.501561,0.420318,0.710037,-0.586347,0.698453,0.128843,-0.42011,-0.0696711,-0.0200703,0.170734,0.0501308,0.67498,-0.440742,0.372114,-0.58639,0.124844,0.253638,-0.0336056,0.0363849,0.366566,-0.365265,0.56387,0.772035,1
0.186926,0.297882,0.260962,0.125918,0.390185,7.95,0.326092,0.117447,0.336314,0.244878,0.366354,0.364782,0.300139,0.137522,0.202998,0.32619,0.199223,0.257554,0.150275,0.281541,0.183678,0.272114,0.364717,0.283154,0.203948,0.154035,0.308807,0.2186,0.353801,0.19728,0.283407,0.235791,0.52,0.82,1
-0.585514,-0.0199603,0.168953,-0.495447,-0.417994,-0.469074,-0.110655,0.0169489,1.00953,-0.478638,1.0182,0.294166,-0.00151486,0.188199,0.111622,0.27667,0.467588,-0.32157,0.345535,0.443474,-0.412682,0.147069,0.145695,-0.498784,0.104502,0.51604,-0.21443,-0.312011,-0.228738,0.0196188,0.350264,0.209351,0.579706,0.891039,1
0.350789,-0.0413295,0.359744,0.805052,-0.089497,0.302571,0.227927,0.168122,0.819654,0.147153,-0.0406857,-0.601878,0.485491,0.605033,-0.197355,-0.110843,-0.0362651,-0.159074,0.173834,0.241346,-0.047402,0.364585,-0.288542,-0.420395,-0.786274,0.691035,-0.316206,-0.194408,-0.782852,0.652238,-0.813582,0.190202,0.499758,0.918144,1
0.552024,0.483381,-0.468822,-0.0829612,0.144283,0.0569542,0.278814,-0.0805282,0.0596262,-0.619003,-0.484539,-0.0689211,-0.727204,-0.772616,-0.558618,-0.873074,-0.122297,0.360647,-0.18054,-0.102099,-0.099401,-0.360923,-0.424884,-0.148314,-0.194251,0.538736,-0.375999,-0.0485974,-0.452946,-0.166711,-0.00289208,0.458064,0.437757,0.888982,1
0.485195,-0.41546,0.133886,0.37405,0.0209531,0.691943,-0.694745,-0.316998,-0.044142,-0.396185,0.448126,0.00218686,0.359301,-0.441638,-0.865416,0.396281,-0.242884,0.588019,-0.318937,0.630572,-0.205199,0.0836138,0.380034,-0.339467,0.633355,0.272645,-0.133844,-0.085776,0.321454,-0.11104,0.215611,0.315662,0.54308,0.918669,1
0.233854,0.880634,0.613815,0.12639,-0.579773,0.306754,-0.320192,0.704986,-0.361316,0.587164,0.110923,0.523879,0.981871,0.338801,-0.0507162,0.261,0.583718,0.198764,-0.359393,-0.49555,0.0283138,0.668183,-0.12988,-0.301332,0.538084,0.179284,-1.39043,0.613508,0.0321686,0.0258127,0.272224,0.152723,0.43689,0.905702,1
-0.504534,1.17527,0.526251,-0.544272,-0.380687,-0.18065,0.303208,-0.731165,-0.433658,-0.439814,-0.812317,-0.575157,0.0600505,0.521893,0.639989,0.652082,0.309391,-0.0569506,-0.0759559,1.90074,-0.155549,0.228634,0.13937,-0.152318,0.367402,-0.478699,-0.0207555,0.59538,0.895222,-0.265134,0.5524,1.10436,0.437161,0.892846,1
-0.344577,-0.45679,-0.000504031,1.10691,0.204378,-0.098786,0.81911,-0.15355,-0.587776,0.168911,-0.0708438,-0.19779,-0.626579,0.321315,0.677888,-0.0169274,0.0517018,-0.111766,-0.834402,-0.434037,0.271512,0.0269047,0.339821,0.073351,0.937207,0.00244011,-0.94372,0.954985,-0.277138,0.320224,0.849913,-0.354544,0.522245,0.877149,1
-0.31984,-0.186763,0.327236,0.0294939,-0.727589,-0.0404994,0.256734,0.428017,0.0824758,-0.0591699,1.4407,0.313925,0.841092,-0.20013,-0.159063,-0.108376,-0.224071,-0.5334,0.643997,-0.391931,0.579799,0.0111738,-0.123549,-0.538517,-0.106244,-1.02504,0.164082,0.404078,0.245006,0.731409,-0.473648,0.733204,0.425661,0.916,1
-0.203641,0.728912,-0.639038,-0.100468,0.413024,-0.468989,1.035,-0.025022,-0.269255,0.923284,-0.459867,0.708645,0.229456,0.977819,0.528383,-0.0946989,1.28427,1.00937,-0.0875166,0.622496,0.0572326,0.240398,0.0272108,-0.734926,-0.073822,-0.169441,0.261145,0.642944,1.11373,-0.636887,0.227534,-0.0903008,0.44303,0.844665,1
0.55344,1.00092,0.745101,0.0596106,0.285649,-0.655232,-0.252694,0.52678,-0.263371,0.415334,-0.552382,-0.365236,0.866235,-0.441927,-0.484103,0.0428708,-0.311758,0.125366,-0.611214,-0.767544,-0.134823,0.26773,0.755607,0.0474233,0.088254,0.248644,-0.448573,-0.814852,-0.177025,0.623943,-1.01343,0.322099,0.553324,0.782596,1
0.347413,-0.324887,0.582995,-0.316426,-0.138482,-0.373387,-0.185845,-0.413895,-0.168069,0.392117,0.820515,1.18096,-0.163437,-0.0373728,-0.00493878,-0.744005,0.228063,-0.737983,-0.672127,0.0632576,0.118363,1.13527,-0.0791088,0.629326,-0.0876873,-0.23483,-0.29329,-0.462516,-1.04507,0.0133116,0.0638184,-0.0596616,0.516268,0.879379,1
-1.2294,-0.224002,0.354477,-0.149444,0.367203,-0.221001,-0.20543,-0.380046,-0.417992,-0.332026,0.0637578,0.220494,0.148166,0.760753,-0.0271621,0.451726,0.812708,-0.0963887,0.301383,0.824285,-0.481679,0.791106,0.303083,-0.00747606,-0.0525789,0.211098,-0.440999,0.93778,0.094089,-0.653581,-0.313405,0.238959,0.575532,0.93568,1
-0.863177,-0.0196698,-0.503835,-0.767517,0.935802,0.66907,-1.05032,-0.4353,0.977432,-0.00777337,0.756762,-0.756258,-0.0427734,0.184492,0.516092,0.38531,-0.139097,0.376967,-0.184387,-0.268038,0.103205,0.391303,-0.187984,-0.39209,-0.75095,-0.154894,0.0059623,-0.160545,-0.293583,-0.901741,0.355613,-0.017095,0.527861,0.934339,1
1.26408,0.313577,-0.596182,-0.00348755,-0.826998,0.000169271,0.769637,-0.736752,-0.0565353,-0.296722,0.251785,-0.453467,0.57968,-0.074507,0.970317,0.0290187,-1.16474,0.267408,-0.451733,0.0346352,0.0474461,0.333866,-0.242569,0.876903,-0.0812755,-0.183022,0.240014,0.211053,0.254926,0.700496,0.676756,-0.543158,0.461997,0.949141,1
-0.0286019,-0.260672,0.440738,0.0978201,0.0310511,0.596151,0.329479,-0.58419,-0.0921261,0.265453,-0.0992313,-0.136509,0.671369,0.705887,-0.609306,0.0335892,0.795805,0.815624,-0.306921,0.147748,0.0549343,-0.0254576,0.670712,0.531241,-0.330113,-1.04385,0.517959,0.447394,-0.435179,-0.243387,0.0822915,-0.340918,0.484387,0.774117,1
0.160382,0.104589,0.158558,-1.00658,-0.84737,0.787349,0.788309,0.626122,-0.138417,0.442508,-0.784751,-0.628925,0.517925,-0.218424,-1.06772,0.516584,-0.273437,0.423123,-0.294515,-0.441084,-0.376881,0.150145,-0.200514,0.104213,-0.144445,-0.429795,-0.0137178,-0.627189,0.419691,-0.571304,-0.0850824,0.558617,0.43151,0.925855,1
-0.0294764,0.233917,0.768513,-0.223739,-0.0095324,-0.953338,-0.512305,0.521005,0.555504,0.339748,-0.734543,-1.05005,-0.325386,-0.0982844,0.439315,0.466258,-0.522612,0.956273,-0.15641,0.0688757,0.090864,-0.20098,-0.0744837,0.677573,-0.506358,0.884943,0.0906838,0.153827,0.0342841,0.104121,0.220876,0.662381,0.509349,0.823649,1
0.274198,0.109214,-0.0751304,-0.674403,0.332432,-0.211894,1.01882,-0.527852,-0.206072,-1.16933,0.0197277,-1.32702,0.33692,-0.0120977,-0.79309,-0.684797,-0.27487,-0.127989,-0.673508,0.231055,-0.565874,0.479483,0.405684,0.0114969,0.439689,-0.522124,0.377573,-0.139052,0.256891,-0.370311,-0.664169,-0.105372,0.529625,0.840373,1
-0.200752,-0.611538,-0.122788,-0.147419,0.51955,-0.0807639,-0.277532,-0.436729,-0.872127,0.42695,-0.867541,-0.632599,-0.0704584,-0.264038,0.0864856,0.257696,-0.956395,-0.259636,0.796929,-0.510081,0.330369,0.665617,-0.503066,-0.216061,-0.060699,0.159487,0.391253,-0.6347,0.620928,-0.334655,-0.455364,0.152426,0.54109,0.923819,1
0.260481,0.37901,0.145939,0.227977,0.29889,7.95,0.376293,0.372464,0.338187,0.258752,0.152219,0.12762,0.132852,0.218153,0.369087,0.177808,0.151138,0.150759,0.19879,0.26559,0.279344,0.194333,0.14583,0.325443,0.149385,0.200056,0.276666,0.212018,0.151048,0.192304,0.190128,0.196019,0.52,0.82,1
0.67834,-0.728447,0.760564,0.0475847,-0.283521,-0.446992,0.00353047,0.1348,-0.177782,-0.743455,0.191842,-0.691231,-1.4404,0.420381,-0.236603,0.554886,0.239144,-0.0474309,0.213131,0.338691,-0.0383613,-0.819461,0.346192,-1.4503,-1.53151,-0.240537,-0.114522,0.286204,0.0354625,-0.663273,-0.778116,0.104757,0.534667,0.869008,1
-1.15235,0.198562,0.128859,0.280884,-0.167938,-0.316999,0.27069,-0.203029,0.596395,0.480987,-0.579063,0.336955,-0.226745,-0.596061,0.0749971,1.03648,0.0544262,0.329082,-0.259452,0.0297667,-0.46194,0.124031,-0.845708,0.580449,-0.186832,-0.347104,-0.793654,-0.0584955,-0.185262,0.201789,-0.220606,-0.0957314,0.489264,0.905142,1
0.139011,-0.427789,0.052014,0.865803,0.101916,0.0666899,0.628431,-0.353709,0.464837,0.634748,-0.0102974,-0.689402,-0.292952,-0.744912,0.0313131,0.0773975,0.393315,-0.25009,-0.295608,0.0279685,-0.580183,-0.281381,0.00999058,-0.260628,0.221304,-0.464559,0.948395,-0.390031,0.248427,-0.284663,-0.252735,-0.894055,0.47571,0.886228,1
-0.0436298,0.040664,-0.212635,-0.0857428,-0.0184085,-0.450449,-0.726742,0.358795,0.161471,0.142069,-0.159219,0.944245,0.561895,-0.193842,-0.868533,-0.250204,-0.429428,0.75786,0.281254,0.00225176,-0.053094,-0.177936,-0.605628,-0.121172,-0.161511,-0.797768,0.0939822,0.56238,0.713539,0.104266,0.0453824,-0.436788,0.451562,0.910479,1
-0.302575,0.606223,-0.25211,0.329055,0.541837,0.0523944,-0.0422324,-0.434163,-0.082786,0.471013,0.117274,-0.602043,-0.459632,-0.224706,0.185876,0.418828,0.370979,-0.147548,-0.281831,0.40099,0.665407,-1.09224,0.111295,-0.175448,-0.398247,-0.0714243,0.223353,-0.185586,-0.212553,0.401165,-0.215958,0.0220891,0.493747,0.947617,1
0.534145,-0.292548,0.16246,0.465345,-0.51402,-0.0822844,-0.202596,-0.794845,0.269936,0.640834,-0.131162,0.805009,-0.164545,0.515852,0.0760154,0.330744,0.274715,0.517088,0.0194684,-0.391342,0.218969,-0.136294,0.18241,0.507373,-0.175843,0.157626,0.500267,0.135231,-0.94513,-0.287927,-0.647967,-0.731745,0.515218,0.916518,1
-0.593874,0.278467,-0.126187,-0.759748,-0.246711,0.169655,0.357176,0.586984,0.274747,-0.310075,-0.041321,0.488066,-1.04167,0.396631,-0.308487,0.563602,-0.126011,0.20463,-0.00913403,0.192861,-0.558662,0.170532,-0.384853,-0.384947,0.65892,0.478362,0.395273,-0.047812,0.543109,-0.0917356,-0.129895,-0.633531,0.43636,0.77922,1
-0.713463,-0.0721793,0.218259,-1.11328,0.0823045,-0.187701,-0.83109,0.299189,-0.560612,-0.171102,0.843718,-0.372715,-0.52417,0.0133129,-1.00324,-0.24641,1.06504,0.602756,0.421493,-0.232243,0.0754297,0.68505,0.593944,0.0268494,-0.446346,-0.355146,-0.757472,-0.174055,0.815478,0.650334,0.592925,0.88096,0.473963,0.880036,1
-0.290421,0.389684,-0.14839,-0.194105,0.492693,0.8702,-0.350248,-0.402201,0.141541,-1.01538,0.41573,-0.557055,0.679769,0.261217,0.284743,-0.0551819,-0.395811,-0.112533,-0.342377,-0.346673,-0.83539,0.319691,0.209462,0.501831,1.08967,0.483353,0.900855,0.128721,-0.155046,-0.415024,-0.154485,-0.00698713,0.540716,0.790813,1
0.848788,0.0791055,0.318762,-0.821253,-0.482418,0.508985,0.593328,0.107047,-0.114393,-0.352601,0.827479,0.397787,0.0771501,-0.078168,-0.305599,1.25731,-0.510488,-0.471613,-0.052467,0.00537263,0.0277842,0.749669,0.356155,0.649746,-0.124427,-0.266946,0.946276,-0.0662795,0.203386,-0.342234,0.0481025,-0.155633,0.510478,0.872025,1
0.321077,0.144044,0.336859,0.381354,0.27401,7.95,0.257314,0.232762,0.361868,0.188197,0.330198,0.154354,0.278706,0.237716,0.110442,0.309267,0.322042,0.386032,0.369254,0.140252,0.107559,0.205492,0.144169,0.370724,0.134417,0.129571,0.114869,0.341167,0.116187,0.164041,0.285416,0.357047,0.52,0.82,1
0.222007,0.249202,0.224414,0.368341,0.16198,7.95,0.20466,0.263789,0.330187,0.168435,0.361737,0.194674,0.351536,0.197959,0.148893,0.36607,0.122068,0.262113,0.197178,0.220848,0.276879,0.222253,0.123241,0.170496,0.303581,0.319548,0.128676,0.356407,0.180157,0.380485,0.319577,0.289515,0.52,0.82,1
0.436778,1.85853,-0.0441074,-0.0932676,-0.489829,-0.687789,-1.17339,0.0825621,0.0998228,-0.524128,-0.32984,-0.832106,-0.411341,0.257157,0.619994,0.477662,-0.598906,-0.26023,-0.38439,0.185227,-0.228653,0.637827,0.638026,-0.588117,0.258952,-0.311194,-0.497604,-0.208452,-1.04989,0.0442631,-0.462758,0.828685,0.549684,0.920721,1
0.219855,-0.0872107,0.434016,-0.340013,-0.0462311,-0.513169,-0.32373,0.586647,0.0154336,-0.959362,1.13711,-0.592406,-0.0156989,0.612479,-0.133861,0.302333,-0.0073724,0.484042,-0.278671,-0.269027,0.707279,-0.0397805,0.371782,0.650515,-0.3409,-0.682956,0.323269,-0.0390301,-0.298546,0.0647714,-0.0811932,0.562641,0.424196,0.948653,1
-1.23329,0.301591,-0.841368,0.446941,-0.0277743,-0.725212,0.463228,-0.0934997,0.341079,0.374122,0.922899,-0.00211589,-0.0480529,-0.153285,-0.207754,0.575551,-0.4818,0.638296,0.186769,0.435549,-0.800884,-0.445314,0.169886,0.0329722,0.101355,-0.595564,0.028504,-0.0786396,1.19611,0.471966,-0.657929,0.300108,0.521978,0.824701,1
-0.622479,-0.529591,0.0113804,-0.452305,-0.591053,-0.0459819,-0.268666,0.11183,0.249536,0.538502,-0.00561529,-0.969707,0.0532536,0.0136968,0.0355209,-0.691557,-0.454156,-0.0323105,0.0402313,-0.0639749,-0.0852831,0.290751,0.119161,-0.0709319,1.03733,-1.00212,-0.214106,0.803867,0.116992,-0.460175,0.703486,-0.0102526,0.547291,0.818743,1
-0.40315,-0.992191,-0.207517,0.157299,0.497084,0.122662,0.70991,-0.628599,0.0818277,-0.238428,0.335809,0.181252,-0.548775,-0.160061,-0.117618,0.388794,0.354265,0.143566,-0.592632,-0.963681,0.608665,-0.307023,-0.0158731,-0.556136,-0.547496,-0.483431,0.426417,-0.829447,0.324579,-0.628861,-0.762333,0.145926,0.428064,0.769965,1
0.974289,-0.0650294,-0.447266,-0.432119,0.145523,0.141759,0.111825,-0.266523,-0.569749,-0.364287,-0.105623,0.370032,-0.0182044,0.426905,0.325339,-0.699762,0.380204,-0.498126,0.65757,0.271565,-1.02871,-0.649015,-0.0146732,0.450805,0.0921258,1.19282,0.519504,-0.372644,0.705008,-0.197784,0.420855,-0.413174,0.44794,0.762067,1
-0.410879,-0.743908,0.281247,0.25798,0.790054,0.261271,0.0368178,-0.163979,-0.824797,0.488903,0.376547,0.772454,0.28866,-0.278234,-0.101808,-0.389936,0.528983,-0.705025,1.02573,-0.297951,-0.526177,0.13679,0.433101,0.207771,0.262201,0.045054,-0.0761858,-0.19919,-0.142008,-0.0418068,0.73637,-0.290612,0.534035,0.762858,1
-0.296664,0.382656,-0.0105077,0.155249,-0.118574,0.271236,-0.247831,1.01839,0.241019,0.71484,0.599175,0.225223,-0.0679533,-0.297205,-0.0437999,0.603492,1.18248,0.919396,0.581573,-0.499227,-0.204542,-0.318636,-0.369743,-0.290446,-0.136703,0.163173,0.000156166,0.721585,1.08776,-0.307527,-0.372199,-0.564791,0.459758,0.766874,1
-0.124462,-0.447324,0.612931,0.483425,0.61643,-0.346497,0.103405,0.289208,0.317686,-1.14171,-0.703638,-0.918799,-0.535371,-0.449257,-0.667964,-0.858407,0.0327753,-0.221599,-0.380986,0.437234,0.704316,0.323064,-0.0240927,-0.378373,0.680399,-0.457425,0.85287,-0.309533,0.0727022,0.0540184,0.184843,-0.831554,0.484856,0.787836,1
0.822781,-0.809035,0.337782,0.00654561,0.351158,-0.471302,0.298693,0.494976,0.806074,-0.0438683,0.637045,-0.145076,0.646893,0.101018,0.229953,-1.13212,-0.0459948,-0.620259,0.770855,-0.556657,-0.301924,0.896815,-0.550504,-0.205786,0.529117,0.546146,0.356285,0.62098,0.314273,-0.679605,0.58127,0.0170409,0.560339,0.828207,1
0.185531,0.447477,0.390607,0.55123,0.0639492,0.240232,0.00582198,0.1309,-0.0128432,0.640747,-0.141301,-0.14895,0.279654,-0.0920893,-0.19198,0.0891947,1.20761,-1.18154,-0.140663,-0.380774,-0.995411,-0.0935889,0.674348,-0.438312,-0.395099,-0.43481,-1.11237,0.119913,-0.0506031,0.406182,0.0854055,0.981129,0.463989,0.803532,1
-0.499537,0.429378,-0.00050999,0.751887,0.192532,0.334849,-0.0134804,0.52197,-1.17179,0.65453,-0.024416,-0.391311,0.519194,0.570921,0.396255,-0.454848,-0.181569,-1.06445,0.0994662,0.264051,0.159858,-0.0950509,-0.222473,0.285643,0.161523,0.340034,0.915994,-0.254668,-0.7691,0.223942,0.326546,-0.531021,0.4777,0.828043,1
0.105763,-0.51379,0.613871,0.281928,-0.245568,0.195814,-0.00840685,-0.186317,0.0407659,-0.200472,0.255308,0.775885,0.667281,0.472275,-0.0756462,0.5336,0.0825229,0.674778,-0.297313,0.669969,0.126983,0.439623,-0.0814963,0.177903,-0.267581,-0.556337,0.0858415,0.78942,-0.44808,0.387838,0.155403,0.680991,0.477613,0.808677,1
-1.10342,-0.130763,-0.240054,0.266532,0.250499,0.125983,0.754762,-0.617539,0.65072,-0.796545,0.0311819,0.512038,-0.336983,0.755014,-0.191186,-0.006382,-0.231418,0.331626,0.00180854,0.602144,-1.09973,0.061557,0.0539705,0.291801,-0.35527,0.128806,0.555243,-0.0579027,-0.64151,-0.32614,-0.245176,-0.796878,0.437387,0.77343,1
0.313202,-0.279819,-0.486338,-0.795939,0.915578,-0.308971,-0.611978,0.157584,-0.285434,-0.557257,0.111139,-0.633477,0.148617,0.795861,1.24464,-0.520862,0.410801,0.351279,-0.327881,-0.473668,1.02189,-0.0379337,-0.215824,-0.0620558,0.502459,0.591395,0.0193862,1.05718,0.118546,0.250994,0.511947,1.0935,0.572393,0.780742,1
0.95,0.88,0.401374,-0.061148,0.0454604,0.309049,-0.41886,-0.083938,0.173678,0.374692,0.373914,0.185927,0.298404,-0.245302,0.43804,0.159596,0.0155064,0.295762,0.315457,-0.486679,0.468113,-0.0991593,0.425788,-0.11875,-0.255459,0.442044,-0.213971,-0.255772,-0.29211,-0.470416,0.134184,-0.19638,0.48,0.2,0
0.0204583,-0.0790186,0.0295771,0.0525978,0.44634,0.21206,-0.794226,-0.0653668,-0.220736,-0.683906,-0.0539988,-0.691113,0.579148,-0.147631,0.0869189,0.361265,-0.512248,-0.287911,-0.127853,-0.334631,0.96749,0.310507,0.0841509,0.395262,-0.7864,-0.148316,-0.554681,0.203798,-0.87377,-0.0220367,-0.28612,-0.645294,0.488176,0.93826,1
0.815414,0.0266137,-0.266602,0.065871,-0.0919901,0.150947,-0.103053,0.12622,0.128784,-0.130023,0.633137,0.397748,1.02032,-0.00969485,0.604025,0.431378,-0.207337,1.06671,-0.756821,-0.466355,-0.268703,0.303822,-0.0782607,1.12303,0.132565,-0.457696,-0.561229,-0.130783,-0.551967,-0.0456439,0.422785,-0.826252,0.498078,0.895966,1
-0.0306032,-1.7503,-0.458062,-0.398682,-0.0704948,-0.909224,-0.36042,0.49853,0.0324023,0.334829,1.01306,0.653388,-1.12293,-0.158204,0.798213,0.741027,-0.436203,-0.441971,-0.103177,0.418835,-0.255085,1.0438,0.214222,0.462071,-0.0697801,-0.126813,-0.797866,-0.0777726,-0.149988,-0.063842,0.344353,0.361698,0.493852,0.917586,1
-1.09768,-0.732735,1.0018,0.434075,0.247973,0.750283,0.135251,0.232535,-0.34932,-0.0729169,-0.371485,0.706091,-0.0700546,0.237363,0.572891,0.63977,0.363855,-0.204702,-0.769527,0.0355297,0.00899526,1.09916,1.10885,-0.0968664,0.334934,-0.519152,-0.34442,0.521072,-0.302996,-0.644079,-0.240762,-0.00384155,0.44423,0.871373,1
0.534707,0.506276,-0.261215,-0.119635,-0.0894745,-1.18955,-0.61264,0.872819,-0.0341722,-0.581399,-0.412574,-1.1044,-0.128082,-0.17563,0.409991,-1.16576,0.310201,0.374254,-0.496302,0.245156,0.0917129,0.269967,0.398506,0.518848,-0.00783771,-0.371225,-1.20303,-0.121042,-0.432887,0.142407,-0.218258,-0.87017,0.48096,0.85933,1
-0.40514,0.0303395,0.441722,0.530686,-0.392929,-0.390765,0.276359,0.0758581,0.0871767,-0.105533,0.117478,-0.507258,0.311499,0.502068,0.198371,0.487596,-0.153494,0.329429,0.405454,0.683804,-0.0701876,0.650841,0.326748,-0.209058,-0.434376,-0.526736,0.302327,-0.369831,0.0786577,-0.00460806,0.307573,0.59023,0.466364,0.907054,1
-0.284004,0.682793,-0.546303,0.197776,0.025659,-0.0830607,0.00398275,-0.465344,-0.270927,0.306702,0.00607555,-0.608297,-0.367604,-1.0741,0.533365,-0.106262,-0.21236,-0.449765,0.0607894,-0.815785,0.0848034,-1.15052,-0.105105,-0.113553,-0.226017,0.152933,0.000104993,0.755255,0.287567,0.521168,0.986907,-0.289706,0.480282,0.898914,1
0.207051,-0.526704,-0.0964372,0.175423,0.00491802,-0.145245,-0.281589,-0.085655,0.0808428,0.00547719,-0.780443,-0.343122,0.524259,-0.568494,-0.293882,-0.498038,-0.0801383,0.471884,0.0857241,-0.719689,0.163016,-0.135365,0.143124,-0.176159,0.808139,-0.603797,-0.474684,-0.0963931,0.361009,-1.06777,0.0266736,0.575969,0.49979,0.926637,1
-0.630542,0.0749229,0.123159,0.353726,0.200225,-0.11326,-0.217725,0.210685,0.615261,-0.180865,0.0155681,0.476522,0.020773,0.198712,-0.691495,0.107088,0.219363,0.223075,1.0931,-0.301634,0.417385,0.646188,-1.28589,-0.168702,-0.935796,0.120277,-0.166876,1.13591,0.246576,0.553024,0.0279728,-0.0179143,0.540038,0.844969,1
-0.163112,-0.0399237,-0.790202,0.7074,0.500265,0.382943,0.369829,0.0217814,-0.401515,0.439296,0.0488666,0.480574,-0.638866,-0.697484,-0.269141,-0.956647,0.168615,0.397513,0.646869,-0.443032,0.485953,-0.500882,-0.723807,-0.467349,0.215043,0.651922,0.545188,0.148809,0.135831,0.208581,0.222495,0.383337,0.471779,0.852928,1
-0.626993,-0.208633,-1.01685,0.132893,0.121955,-0.070041,0.53426,0.03216,0.372567,0.711794,-0.5952,-0.275198,1.34216,0.259356,1.20137,-0.35536,-0.238344,0.460613,0.794252,-0.216032,-0.0168498,-0.0603211,0.474109,-0.437007,-0.415835,0.675502,0.0969356,-0.0815417,-0.227937,-0.489774,0.0134651,-0.208991,0.427306,0.883399,1
-0.162338,-0.0634325,-0.334418,-0.040766,-0.381715,0.740685,-0.24899,0.339516,0.776488,0.41786,-0.0834875,0.413126,1.27046,0.473651,-0.8728,0.301482,-0.132146,0.471826,-0.352849,0.479743,-0.70527,0.439913,-0.259972,0.063585,-1.19863,-0.449361,-0.238512,-0.00786861,-0.34683,1.04744,-0.13026,-0.729725,0.518696,0.783725,1
0.512491,0.723463,0.345402,0.431812,0.0494993,-0.0659311,-0.476546,-1.19284,0.150596,0.305892,0.464452,-0.648477,-0.768471,-0.0552331,0.63852,0.0987435,-0.354858,0.0780584,-0.550218,-0.576448,0.623313,0.297271,0.388734,-0.0413414,-0.376849,0.146387,0.427001,0.177593,-0.35626,-0.0340985,0.0825573,-0.113006,0.564461,0.859623,1
-0.124896,0.221328,0.306364,0.699571,0.0163419,0.410807,-0.747057,-0.489705,0.102004,0.439952,0.457626,-1.01356,0.244441,0.135616,1.11995,-0.347144,0.323715,-0.975783,-0.189075,-0.177022,-0.145875,0.0432691,0.475443,-0.629331,-0.0438568,-0.058309,0.543904,-0.248249,0.684738,0.415508,0.39444,0.429451,0.560261,0.869615,1
-0.470363,-0.0586929,-0.663651,-0.389873,0.077617,0.552007,-0.0942371,-0.560326,-0.0238894,0.507764,-0.142479,-0.0131802,0.118927,0.148167,-0.438424,-0.992398,-0.262727,0.120874,-0.141504,0.425014,0.239981,-0.396035,0.261496,-0.633226,0.475489,0.830974,0.244593,-0.4707,-0.10772,0.653033,0.609316,-0.576823,0.534008,0.946885,1
-0.251058,-0.233541,0.176097,0.175764,0.170221,0.253286,0.513387,0.329366,0.251854,0.635071,-0.333097,-0.18658,-0.530454,0.232969,0.0785949,0.379564,0.568122,0.245805,0.160835,1.65904,-0.912334,0.231214,-0.190837,-0.0911773,0.752756,-0.313821,1.01283,0.107423,-0.0754117,0.187337,-0.293433,-0.267613,0.484339,0.832287,1
-0.683276,0.566162,-0.755615,0.35243,0.175206,0.618304,-0.210789,-0.758002,0.065093,-0.579414,-0.0623225,-0.0296193,0.125351,0.382416,0.306911,-0.233799,-0.0968564,-0.132588,-0.0921951,0.235807,-0.811241,-0.276649,-0.108291,0.471881,0.0962434,0.184475,0.732205,0.715684,0.734044,0.428321,0.143781,-0.394345,0.497981,0.880468,1
-0.567799,-0.905519,-0.0848487,0.652536,-0.684622,-0.794206,0.625882,-0.445426,0.888499,0.0779613,0.0066507,-0.0826448,0.0892706,0.66067,-0.0637919,0.883606,0.175502,-0.0470318,1.196,0.873554,0.477669,-0.0384922,0.206814,0.937082,0.295751,-0.250194,0.359213,0.754285,0.506854,0.223644,-0.204443,-0.731554,0.45361,0.79571,1
-0.399187,-0.228355,-1.43548,0.0160637,0.825668,0.119648,0.781345,0.360679,-0.275019,0.759664,0.189784,0.149516,0.646384,0.0952066,0.0681793,0.140698,0.652138,0.235722,-1.15162,-0.39933,-0.682465,-0.161727,-0.0135319,0.635464,0.375655,0.129057,0.368685,-0.61903,-0.0289217,-0.152687,0.434106,-0.188262,0.517361,0.774289,1
-0.623748,-0.167419,-0.586275,-0.106136,0.105112,0.171119,0.0930809,0.233603,0.0423742,0.652062,-0.545475,-0.0961408,0.176388,-0.630641,-0.267339,-0.104976,-0.254548,-0.437651,0.594423,0.894977,-0.195239,0.535659,0.386915,0.29342,0.229547,-0.463665,-0.0258886,-0.04767,0.102232,0.179784,-0.621583,-0.119906,0.453355,0.85613,1
0.041192,0.0167781,0.0184241,0.351829,-0.70618,0.569383,0.807736,0.124505,-0.0707754,-0.442042,0.289733,-0.153219,0.0921115,-0.22331,0.407467,0.071934,0.0318052,0.0996775,-0.441486,-0.222407,-0.546784,0.224917,-0.0844822,0.310049,-0.555641,-0.258373,0.553774,0.224072,-0.304215,0.0882765,-0.0352022,-0.813744,0.437871,0.883344,1
-0.1268,0.311058,0.193604,0.115172,0.487172,-0.0356092,0.329131,-0.679488,-0.513907,0.19352,-0.625329,-0.347113,0.196071,0.457294,-0.0591936,0.389449,-0.276665,0.0593637,0.677633,-0.131149,-0.922239,-0.692183,-0.448168,-0.294083,0.460306,-0.336625,-1.38451,-0.222783,0.528647,-0.13063,0.132951,0.322534,0.508061,0.831554,1
-0.533045,-0.119344,-0.173226,-0.0762625,0.341725,-0.104968,0.716677,0.44905,0.187532,0.680459,-0.906238,1.13046,0.00343181,-0.325823,-0.503159,-0.0464139,0.524558,0.346384,-0.738995,0.533506,0.0157956,-0.0346642,0.312666,0.662817,-1.0414,-0.643961,0.290899,0.038658,0.427571,0.642776,0.0950344,-0.104418,0.441943,0.789567,1
0.243957,0.311119,-0.0867919,0.230205,0.893219,-0.150998,-0.667992,-0.0311194,1.14718,-0.225799,-0.00580388,-0.175327,1.10463,0.0299954,-1.10425,0.0866312,0.107059,-0.898012,-1.0706,0.122533,0.344871,-0.639017,0.815855,0.427156,0.571112,0.120709,0.232227,0.00427904,-0.219522,-0.437216,-0.262533,0.201658,0.500385,0.780205,1
0.230292,0.481778,0.169872,-0.488295,0.821717,-0.493602,0.617088,0.832839,-0.0890072,-0.414748,0.31323,0.0939647,0.172359,0.481183,0.864007,0.436502,-0.701048,0.273181,-0.928558,0.41884,1.19976,-0.387786,0.607934,-0.405087,1.05172,0.814347,-0.20509,-0.422116,-0.389357,0.395042,0.392432,-0.084122,0.518899,0.909777,1
-0.152659,-0.436658,-0.0890915,-0.12966,-0.195291,1.02272,-0.358691,0.637149,0.831784,0.0283658,-0.844497,-0.446255,0.51328,-0.372854,-0.614349,-0.80248,0.992429,0.280335,-0.264141,0.365653,0.69286,0.0415424,0.759567,-0.373484,-0.602416,-0.604289,-0.416635,0.327504,-0.389054,-0.0839438,-0.15156,-0.757116,0.516016,0.946388,1
-0.3697,0.385987,0.266983,-0.678757,-0.594513,-0.184741,-0.317814,0.652452,-0.245717,-0.889104,0.744333,1.12579,0.363997,0.947399,0.554833,0.244216,-0.727369,0.653634,-0.235141,0.193917,0.0897736,0.790933,0.559395,0.0440039,-0.0551409,-0.0531084,-0.235587,-0.0954922,-0.192595,-0.375223,-0.0891201,0.315197,0.552634,0.805984,1
-0.0393334,0.160105,-1.47927,0.88395,0.0197279,-0.453648,0.773598,0.70682,0.0044517,-0.599978,-0.94627,-0.528153,0.632234,0.984288,-0.177041,0.127285,0.125597,0.833343,-1.3884,0.0428526,-0.634709,0.343222,-0.375032,-0.115225,0.167486,0.39586,0.0419104,-0.137788,0.340076,0.0704654,0.224886,0.111056,0.42833,0.871444,1
-0.448036,-0.756081,-0.245454,0.618864,-0.460333,-0.12172,0.245004,1.1195,-0.205378,-0.0807664,0.742828,0.0931556,-0.481318,-0.0665936,0.4861,0.0736941,0.199452,0.413665,0.361401,-0.473744,-0.739767,-0.135856,0.141854,0.416088,0.227609,0.397945,-0.173983,-0.235267,-1.31071,-0.245643,0.758263,-0.117693,0.472475,0.91016,1
-0.311794,-0.204695,0.387287,-0.551058,-0.125917,0.376305,0.0493486,-0.599647,-0.803408,-0.229807,-0.0299505,-0.579205,-0.713087,0.0985802,0.794267,-1.35538,-0.303311,0.506032,0.381734,0.375699,-0.84738,0.3288,0.00189639,-0.0374545,-0.615197,-0.116238,0.714501,0.287585,-0.314121,0.303211,0.382305,0.36779,0.461377,0.897057,1
0.615008,0.755715,-1.25085,-0.0998578,0.0105782,0.291569,-0.328487,-0.270128,0.913757,-0.212763,-0.258944,-0.282217,0.0629936,0.432293,-0.811309,-0.164064,-0.109171,-0.845353,-0.0253256,0.595315,-0.954379,-0.164461,-1.40955,0.176959,0.367871,0.448571,1.20965,0.24151,0.784474,0.0817953,-0.50174,-0.558114,0.495597,0.792025,1
-0.257569,-0.0534183,0.093436,-0.385361,0.365663,0.349005,-0.834155,-0.388838,0.590544,-0.123155,0.375001,0.293984,-0.362211,-0.825364,-0.978415,0.288505,-0.227344,0.463603,-0.449083,-0.385773,-0.513836,-0.424618,0.531758,0.19125,0.125706,-0.624747,-0.940106,0.855477,0.410889,0.744129,0.291414,1.59378,0.572371,0.943276,1
-0.352203,0.6098,0.223027,0.513309,0.126075,0.385446,0.270183,-0.295918,0.88588,-0.286365,-0.365477,-0.777378,-0.426049,-0.94463,0.373054,-0.575887,-0.192133,0.31602,0.543037,-0.28339,-0.886654,-0.12869,-0.0102224,-0.8412,0.650669,0.507892,0.645783,0.213405,-0.164412,-0.53182,-0.527434,0.410958,0.559587,0.772123,1
-0.328472,0.257154,0.296734,0.133082,0.0118454,-0.606853,0.282062,0.41186,-0.902395,0.00866315,0.560207,-0.709505,-0.398701,0.757114,-0.919881,0.241499,-0.288427,-0.287945,0.0220307,0.787576,0.204819,0.507839,0.26378,-0.527388,0.291161,0.420184,-0.114358,-0.301714,0.272555,0.00255126,0.678566,0.345278,0.549256,0.879378,1
-0.0243395,0.540645,-0.242562,0.122926,0.13904,0.495303,0.414539,0.543146,-0.849707,-0.738864,0.341646,-0.751684,0.875112,-0.253982,0.0939863,-0.13709,-0.36481,0.156074,-0.584606,-0.353497,0.0147107,0.405177,0.444264,0.731953,-1.0838,0.201805,0.258778,0.00277372,-0.592992,0.478431,0.634566,0.176885,0.549221,0.873186,1
0.924674,0.470852,0.0785355,-0.507184,-0.200846,0.262576,-0.0321601,-0.642818,-0.285557,0.185289,-1.5076,0.350713,-0.643712,0.259711,0.659069,0.613832,0.0601689,-0.0452544,1.1703,0.457622,-0.477844,0.338632,0.187559,-0.722419,-0.125518,1.08456,-0.738539,-0.485834,0.223165,-0.501181,0.00505679,0.573673,0.438525,0.800169,1
0.380629,0.306068,0.130454,0.32106,0.184807,7.95,0.154249,0.126799,0.255698,0.126639,0.230485,0.175476,0.165988,0.116761,0.146393,0.246806,0.366465,0.167221,0.188336,0.364067,0.189003,0.294662,0.151424,0.324683,0.377286,0.39225,0.299652,0.253133,0.267112,0.125216,0.346057,0.356522,0.52,0.82,1
0.95,0.88,-0.127483,-0.293224,-0.196806,0.445604,0.41942,0.328057,0.199304,-0.389856,-0.494605,-0.31007,-0.146487,0.224867,0.248022,0.0395071,0.000456825,-0.0228959,-0.452663,-0.148903,-0.139148,0.151164,0.259478,-0.0120219,-0.44958,0.0668514,0.364526,-0.335069,0.00225623,0.24593,-0.202389,-0.490269,0.48,0.2,0
0.235834,0.390264,-0.291638,0.645655,-0.17915,-0.370045,0.368334,-0.114717,-0.466024,0.156325,-0.484342,-0.0434455,-0.66038,-0.229048,0.978147,-0.983265,-0.719208,-1.02759,-1.03842,0.460093,0.4039,-0.256301,0.161137,0.626569,-0.0230568,0.530062,0.0172619,0.669707,1.03546,0.633873,0.0503223,0.181549,0.497583,0.761563,1
1.14652,-0.331932,-0.095562,-0.341061,0.382357,1.13943,0.23341,-0.859038,-1.06426,-0.0184852,-0.941002,0.278328,-0.12926,0.600172,-0.578139,0.462671,-0.540031,0.236476,0.0217302,-0.383084,-0.389493,-0.248866,-0.00299057,0.107864,-0.630494,0.365273,0.412428,0.7398,-0.24324,0.237448,-1.19629,-0.501039,0.56431,0.936177,1
-0.45284,0.484946,-0.355618,0.451354,0.624031,0.255729,-0.18429,0.304866,-0.0430217,0.289278,-0.439301,-0.231937,-0.445787,0.0255315,0.532973,0.245224,0.904905,0.0097706,0.352801,0.290172,1.24858,-0.243863,-0.567753,0.0658012,-0.101704,0.404322,0.500523,0.76529,0.583376,-0.667613,0.28532,0.880555,0.492072,0.871688,1
-0.617692,0.431289,0.044912,-0.0978205,-0.040497,1.43898,0.0449472,-0.00269068,0.356991,0.264496,-0.41632,-0.509963,-0.600696,0.503127,0.481592,-0.413931,0.155706,-0.390251,0.769885,0.562,-0.682252,0.929493,-0.544696,0.413869,-0.0298409,0.476983,-0.392939,1.42972,0.309995,-0.305509,0.329867,-0.199499,0.458325,0.795122,1
-0.0563368,0.679056,-0.221763,0.0942505,-0.198774,0.557207,-0.558531,0.901781,-0.209067,-0.0633797,0.815892,-0.247775,0.188771,0.431262,0.291398,-0.707343,-0.0450884,-0.485175,-0.0960073,-0.519854,-0.617813,0.839488,0.193905,0.33594,0.0136764,-0.170581,-0.503189,0.157738,-0.368431,0.770427,0.312913,0.201199,0.493124,0.896118,1
-0.906716,-0.529719,0.429302,0.0987114,-0.0911382,1.305,-0.30323,-0.271692,0.488734,0.435648,0.0325457,0.447436,0.958279,-0.245841,-0.550823,0.596657,-1.25266,-0.406095,-0.698629,0.869186,0.142715,-0.772862,-0.188372,-0.727954,-0.344438,-0.419383,1.06107,0.2845,0.651444,-0.263836,-0.270554,-0.339272,0.515037,0.852634,1
0.237955,0.774891,0.116752,0.150593,-0.22159,1.31238,0.109296,0.51618,-0.0205484,-0.128541,-0.177301,0.383724,0.612267,0.33012,0.593889,0.142822,-0.365477,0.00941517,0.67803,-0.376379,0.354852,0.649376,-0.664803,0.117837,0.036428,-0.566092,-0.212882,0.498716,-0.201072,-0.130478,-0.331474,0.51968,0.542335,0.767805,1
-0.437385,-0.152442,0.0123358,-0.0466079,-0.508523,-0.598789,-0.166274,-0.349153,-0.621162,0.211247,0.865232,0.672896,0.231202,-0.0443544,-0.0505019,-0.384522,0.334607,-0.292915,-0.691339,0.801877,-0.448275,-0.636527,-0.345548,0.520239,0.21285,0.59209,0.353728,-0.522387,-0.427991,0.137908,0.833267,-0.619945,0.511881,0.783267,1
0.25564,0.587569,-0.706483,-0.093475,-0.69275,0.138914,0.0595347,-1.2911,-0.802706,-1.46646,-0.36257,0.240531,0.0628668,0.148977,-0.488835,-0.407787,0.258621,0.115484,0.813365,0.42161,0.289883,-0.49463,0.427901,1.14951,0.870424,0.771699,-0.377247,-0.407262,0.938221,-0.199879,-0.668965,-0.10804,0.545378,0.861618,1
0.194277,0.298282,0.354732,0.25051,0.299474,7.95,0.194308,0.367078,0.204497,0.193398,0.372529,0.342737,0.244459,0.189783,0.181145,0.305304,0.375816,0.287213,0.356185,0.322693,0.244323,0.243302,0.298684,0.115144,0.252511,0.227498,0.264319,0.365504,0.159664,0.111697,0.391688,0.179397,0.52,0.82,1
0.0105624,1.26437,0.0592883,-0.535118,-0.0571134,0.0940178,-0.156951,-0.107414,-0.345177,0.227754,-0.603524,0.409099,-0.258479,0.796142,1.05501,0.348832,-0.0391353,0.312941,0.454,0.377513,0.242003,0.206344,0.539942,1.12626,0.527105,0.737377,0.819859,0.15372,0.635299,0.582302,-0.146927,-0.279123,0.486436,0.833436,1
-0.242328,-0.475035,0.543607,-1.42443,0.280713,0.0322091,0.696975,-0.360439,0.120033,0.346493,0.477735,-0.585716,-1.02951,-0.895415,-0.341679,0.868736,-0.662612,-0.0921563,-0.118069,-0.855403,-0.351675,-0.13811,-0.314358,-0.100931,-0.252454,-0.153709,-0.0566866,-0.119742,-0.57473,-0.445235,-0.990735,0.391687,0.430877,0.922876,1
0.521452,0.109656,-0.222895,1.23538,-0.0908269,-0.30084,0.470455,0.0979259,-0.400453,-0.811519,-0.110992,-0.385295,0.014255,-0.419541,0.466506,-0.372506,0.446868,-0.358396,0.679396,0.547145,0.378183,-0.0926602,-1.24285,0.0414952,0.270649,-0.685559,0.504267,-1.29176,-0.208513,-0.0392928,1.14035,0.0926773,0.53572,0.88411,1
0.134375,-0.390872,0.5401,0.233147,1.0345,0.390568,-0.15257,-0.236622,0.678374,0.362361,0.879545,0.36805,0.709242,0.118807,0.40827,0.814052,-0.14511,-0.574917,-0.31784,-0.187276,-0.150832,-0.520284,0.411312,0.108432,-0.119855,-0.96883,-0.186849,-0.577109,0.214087,0.292002,0.263539,-0.0870409,0.450194,0.827356,1
-0.300251,0.0930636,0.249954,0.00602673,-1.0373,0.144724,-0.125539,0.195378,-0.343394,-0.158864,-0.342925,-0.122471,-0.137271,0.0318541,-0.23901,-0.401195,0.341038,0.796565,0.400748,0.201718,-0.0255249,0.112745,-0.578868,0.42593,0.224924,0.347541,0.626659,-0.387114,-0.100437,-0.12493,-0.488505,0.747598,0.500581,0.868396,1
1.12271,-0.385249,0.359953,-0.767584,-0.781562,-0.513517,-0.759966,-0.64562,-0.527221,-0.51706,0.0313265,-0.245154,0.197784,0.846411,-0.298875,0.284324,-0.984158,0.590536,-0.380773,0.493893,-0.174528,0.315766,-0.0664498,-0.0554431,-0.0860898,0.716214,0.715564,-0.162898,0.257313,0.387694,-0.229488,-0.35014,0.550128,0.773771,1
-0.0630892,0.0947669,0.682313,0.236554,0.115681,-0.252774,0.326945,-0.135802,-0.0438656,-0.238233,1.08442,-0.582988,-0.293471,1.07678,0.26315,0.618681,0.0830289,0.256052,-0.189772,0.557099,-1.18824,-0.181618,-0.0883124,-0.622819,0.0758783,0.399102,-0.775494,-0.163965,0.191995,-0.49145,-1.10486,0.118224,0.51212,0.843414,1
0.0245022,-0.214373,-0.82777,0.858207,0.0985516,-0.0926778,0.327627,0.780365,0.622226,-0.353903,-0.349285,-0.0755729,0.0638426,-0.0815434,-0.5431,0.275166,0.245688,-0.0379355,0.0366672,0.447633,-0.022624,0.199143,-0.418422,-0.0978317,0.884092,-0.0343014,-0.737832,0.51336,-0.217032,-0.0487554,0.0672133,0.142985,0.432023,0.874527,1
0.0631616,-0.690804,-0.144501,0.0340455,-0.239007,-0.0847442,0.398582,-0.340554,1.11563,-0.242442,0.177799,0.630154,0.468769,-0.241452,0.541579,-0.143413,-1.12896,-0.0536397,0.242636,1.00376,0.260399,-0.470957,0.72464,-0.532466,0.0836741,0.852641,-0.417866,0.295105,-0.24835,-0.537278,0.260227,-0.49032,0.53148,0.938943,1
-0.627983,0.125488,0.602885,-0.283759,-0.137246,-0.0349425,-0.423477,-0.139024,0.481395,0.748624,0.215571,-0.319149,0.547814,0.228335,0.091918,-0.616288,-0.0565755,-0.233801,0.933535,0.801749,0.0888969,-0.943292,-0.368257,0.464449,-0.523583,0.164055,0.0589781,0.396369,-1.18471,0.401253,-0.958823,0.0128814,0.537572,0.882671,1
-0.565337,-0.554178,0.127883,-0.0101789,-0.341227,-0.0182144,-0.683298,-0.115351,-0.0306165,0.383327,1.02641,-0.129769,-0.725802,0.720722,0.748992,0.269409,-0.37963,0.0803332,0.6579,-0.639406,-0.631839,0.269053,0.302242,0.254017,0.204545,0.322251,-0.00889178,-0.107207,0.23591,-0.0929158,0.704993,-0.0334803,0.534567,0.838339,1
0.249902,-0.374002,0.508299,-0.782629,-0.0681223,-0.151014,-0.328397,0.956548,0.463173,0.103337,0.283256,-0.34143,0.128917,0.534993,0.142449,0.295093,0.55094,0.715931,-0.17671,0.0727598,0.0260042,0.418563,-0.593281,0.138444,0.0353992,-0.30891,0.186104,0.227626,0.188174,-0.128324,-0.177057,-0.230885,0.559615,0.770647,1
-0.963872,0.761824,-0.58298,-0.113604,-0.0423672,-0.321327,-0.00339056,0.187954,0.803753,-0.168187,-0.864424,0.29195,-0.140106,0.317655,-0.508941,-0.0398014,-0.197648,0.404195,-0.217529,-0.73973,0.105963,0.564324,-0.375973,0.325834,-0.770397,0.690426,-0.111966,0.499007,-0.407848,0.462671,-0.386995,-0.603278,0.500226,0.874533,1
0.438363,-0.637033,-0.751241,0.297545,0.192464,-0.642363,-0.0157324,0.569985,1.08335,0.450488,0.722851,-0.418324,-0.666162,0.0830223,-0.572016,0.153062,-0.0519416,-0.401711,-0.514417,0.00613741,0.313896,-0.478866,0.208102,-0.518147,-0.758245,-0.606918,0.633464,0.75573,-0.200147,0.838071,-0.233765,-0.240468,0.4477,0.835766,1
-0.277298,0.678007,1.1787,-1.01102,-0.38464,0.534483,0.636998,0.0197363,0.780188,0.0867651,0.245163,0.484279,0.22633,0.275819,0.0719682,-0.214067,0.12986,0.446892,-0.312506,-0.00972451,0.065444,-0.0427477,0.851602,-0.955291,-0.00597123,0.650412,0.765863,0.0918977,-0.690369,-0.318493,0.754296,-0.296659,0.44956,0.77859,1
0.197083,0.315027,0.332991,0.133672,0.303852,7.95,0.288602,0.175742,0.330263,0.274555,0.373115,0.280092,0.120906,0.391653,0.245261,0.355262,0.367343,0.312002,0.309217,0.176105,0.208806,0.131841,0.340408,0.337891,0.216697,0.294842,0.286917,0.151346,0.350426,0.181519,0.225001,0.270711,0.52,0.82,1
0.367318,0.163269,0.243454,0.231759,0.147687,7.95,0.111431,0.296802,0.319283,0.373452,0.390396,0.144882,0.35477,0.208224,0.235937,0.361227,0.213644,0.276396,0.394879,0.321584,0.329254,0.155095,0.24953,0.26631,0.303193,0.326337,0.101396,0.195706,0.113187,0.134853,0.104182,0.317809,0.52,0.82,1
0.564092,-0.164687,-0.594542,-0.485411,-0.725534,-0.0437756,0.00230192,-0.304939,-0.196633,0.387033,0.354827,0.0198041,-0.143586,0.55495,-0.119452,-0.00920182,0.205399,0.157944,0.176891,1.1177,0.0768383,-0.0458885,-0.546241,0.3339,0.733677,-0.111701,-0.498349,0.175893,-0.88539,-0.284286,0.868226,0.880213,0.487769,0.880908,1
-0.346668,0.17555,-0.47937,0.260268,0.213244,-0.322912,-0.595715,-0.363993,-0.487465,0.266801,0.105168,0.784285,-0.284337,-0.235688,-0.542548,-0.0996186,0.624667,0.182993,-0.429328,0.142802,-0.0301375,0.0185992,0.191718,-0.439972,-0.370487,0.133359,-0.0925627,0.0970922,0.155596,-0.133061,-0.270269,-0.153913,0.539267,0.917082,1
-0.140056,0.491571,0.64125,0.675342,0.0788596,0.480025,-0.90069,0.133091,1.05372,-0.411614,0.348456,0.232765,0.0747479,0.341402,0.323363,-0.109443,-0.0296493,0.159288,-0.767746,-0.018896,0.803585,0.262375,0.467504,0.714296,-0.0189599,-0.0738269,-0.923268,0.318872,-0.327187,0.59191,-0.0261039,0.219544,0.565122,0.805303,1
-0.672885,0.336677,-0.0959026,-0.938088,-0.483435,0.725114,0.694848,-0.0848325,0.34041,-0.492764,-0.502817,-0.231719,-0.348738,-0.107756,0.336405,0.844328,0.141854,-0.155152,-0.799037,0.0470833,0.274667,-0.438967,0.147838,-0.221178,0.123948,0.0422836,-0.840565,-0.726005,-0.0692691,1.37109,-0.515013,-0.0170924,0.438389,0.921316,1
-0.207863,-1.08027,0.335017,-0.478062,-0.394142,-0.573758,-0.182006,-0.00808873,-0.669566,0.393897,0.649518,-0.519295,-0.371451,-0.14921,0.709838,-0.594405,0.65352,0.28293,0.296042,-0.320772,0.141882,0.561661,-0.403742,-0.144709,-0.108464,-0.716485,0.130613,0.408612,-0.282938,0.0734326,-0.829645,-0.16413,0.463494,0.83908,1
-0.853572,0.132809,0.170865,-0.0997899,0.272626,-0.858449,-0.597619,-0.103606,-0.937617,-0.215969,0.323472,-0.0102732,-0.126814,-0.439266,0.275744,-0.932494,-0.0741117,0.467894,0.607533,-0.0917937,-0.433931,-0.50278,-0.0662813,-1.1087,-0.237526,-0.239307,-0.00489219,0.27116,-0.414148,0.355567,0.153095,-0.428263,0.439271,0.894525,1
-0.207309,-0.227972,-0.187508,0.468129,0.681289,0.164114,-1.02969,0.126783,-0.528273,-0.183091,0.399591,-0.244937,1.02576,-0.29409,0.266795,-0.0607493,-0.0301364,0.8441,-1.16245,-0.365507,-0.5173,0.402717,-0.263563,0.249352,-0.367466,0.260756,0.0899653,-0.533223,-0.269226,-0.842528,0.293157,0.0750488,0.520526,0.841723,1
-0.0732047,-0.946561,0.164959,0.652059,0.708492,0.213092,-0.300911,-0.423862,-0.143849,-0.79013,0.337153,-0.739169,-0.208264,-0.429573,0.0091324,-0.387683,-0.291794,0.686507,-0.908517,-0.131621,-0.663706,0.719482,-0.688162,0.145546,0.232926,0.0681135,-0.695134,-0.522269,-0.715383,-0.131627,0.857742,-0.135045,0.513466,0.857309,1
0.610459,-0.90652,0.101325,0.692626,0.0024444,0.116981,-0.317368,-0.871419,-0.547253,-0.765488,0.0862479,-0.20058,-0.50056,0.135969,-0.831653,-0.463717,1.28007,-0.293443,-0.497234,-0.0248305,0.369621,-0.0374858,0.688652,-0.112227,-0.394622,-0.0185575,0.126933,0.0673866,0.429618,-0.483099,0.57774,0.0181126,0.524569,0.906625,1
-1.0301,1.25168,-0.297547,-0.203914,0.721711,0.38985,0.800025,0.829962,0.0188942,-0.435766,0.488322,-1.34568,0.38347,0.243232,-0.00750209,-0.744819,0.43235,0.169199,-1.03359,-0.416688,-0.343736,-0.0651377,-0.0605159,0.625531,0.356783,-0.0685631,-1.30519,0.674231,0.554367,-0.359148,-0.785947,0.271611,0.529824,0.778359,1
-0.675184,0.424199,0.0802942,-0.18004,0.388677,0.388207,-0.856138,0.442056,0.17119,-0.609825,-0.703089,-1.2409,0.193274,0.814758,0.132048,-0.249422,0.0611361,-0.0500687,0.184359,-0.289573,-0.181911,-0.00235665,-0.775501,0.574667,0.629773,-0.932804,0.424226,-0.0809898,0.976857,-0.611014,0.496042,-0.559334,0.469541,0.93701,1
0.0606101,-0.622656,0.312828,-0.165843,-0.288481,-0.219927,-0.0184165,0.534148,0.0418084,0.271309,-0.677842,0.722123,-0.170918,0.780933,-0.912048,-0.275132,0.159958,-0.0732975,0.224925,-0.321313,-0.383101,-0.226993,-0.318649,-0.564257,-0.409563,-0.238043,0.0134284,-0.189996,-0.0232129,1.05254,0.375654,0.26605,0.474958,0.861471,1
0.296279,0.305384,0.358859,0.311836,0.20056,7.95,0.176913,0.115593,0.282215,0.158433,0.258511,0.176218,0.258084,0.157289,0.141736,0.384121,0.331655,0.141891,0.369272,0.229503,0.329076,0.14093,0.112299,0.111036,0.198551,0.328285,0.379819,0.139987,0.198443,0.276734,0.144939,0.247073,0.52,0.82,1
0.190047,0.170529,0.20499,0.267906,0.124737,7.95,0.137193,0.379591,0.305801,0.239571,0.162482,0.324051,0.371032,0.148762,0.263531,0.138462,0.102739,0.173886,0.393283,0.260091,0.34398,0.147923,0.118082,0.116192,0.173669,0.141035,0.163851,0.118274,0.155167,0.142383,0.244113,0.301688,0.52,0.82,1
0.908362,0.288377,1.59871,-0.0468164,-0.223492,-0.286049,-0.455741,0.938184,-0.109242,0.944702,0.78558,0.517639,-0.306992,0.0374424,-0.158928,-0.494987,0.636245,0.913902,-0.378852,-0.549897,0.157867,0.450427,0.338268,0.253565,-0.0539982,-0.681894,-0.314622,0.143542,0.0924964,-0.703472,-0.094547,0.0730031,0.548078,0.784857,1
0.755028,-0.209895,-0.685066,0.59922,0.131813,-0.38805,-0.311402,-0.331492,0.363001,-0.200304,0.494979,-0.255653,-1.04487,0.405581,0.430726,-0.174901,0.477643,-0.190367,0.179358,0.264765,-0.241222,0.63822,0.199433,0.280718,-0.0313956,-0.77411,-0.0877505,-0.215998,-0.946493,-0.349174,-0.584321,0.42827,0.425309,0.781242,1
-0.492412,-0.320737,-0.107632,0.458162,-0.507976,0.19704,-0.282369,0.207121,0.552824,-0.500736,-0.207293,-0.197269,-2.00348,0.877279,0.33387,-0.679268,-0.964159,-1.10141,0.314313,0.399032,0.0505047,-0.295609,-0.212141,-0.168635,-0.326214,-0.915026,-0.267074,-0.108359,-0.166742,-0.371043,0.126174,0.0638068,0.473557,0.820062,1
-0.0212074,0.704719,0.13026,0.0912262,0.505639,-0.076649,0.577792,0.238354,-0.433653,0.242571,0.0687674,0.217626,0.138052,0.0629916,0.0218794,0.421804,0.0100343,0.523002,0.62861,-0.170805,0.516475,-0.528494,0.894085,-0.204397,-0.447441,0.568227,0.383006,-0.00511408,-0.0721893,0.537004,-0.640068,0.085558,0.440516,0.780955,1
-0.19112,0.332635,1.04651,0.352125,-0.102797,-0.032168,0.39155,0.641241,-0.356712,0.50197,1.40444,-0.227229,0.168658,1.41249,0.231364,-0.0587318,-0.235746,1.12791,0.0829038,-0.792432,0.0560099,-0.156132,0.543545,0.20044,0.426855,-0.0346208,-0.131937,1.04105,0.231039,-0.024726,0.785258,-1.70696,0.522106,0.809611,1
0.164329,-0.49342,-1.56415,0.13609,0.00170958,-0.00235176,-0.417416,-0.13503,0.261686,-0.558773,-0.284424,0.370147,0.474518,-0.0512667,0.281006,0.12721,0.299541,0.436631,-0.874201,1.31978,-0.0543275,-0.153971,-0.1997,-0.666567,0.053392,0.637346,0.151392,0.704821,0.0412309,-0.292228,1.09126,0.115909,0.421938,0.876254,1
-0.455434,-0.104099,-0.684119,1.16378,0.649711,1.04167,0.303315,0.458024,-0.102083,0.587684,-0.143331,-0.32596,-0.493185,-1.17515,-0.178589,-0.772244,0.457875,-0.211492,-0.338842,0.322099,0.20825,0.52574,1.06673,-0.512552,0.727171,-0.170515,0.780931,-0.0494386,0.578192,0.440895,0.239682,-0.60042,0.486742,0.926367,1
-0.107313,-0.247005,-0.569385,-0.196251,-0.112348,-0.321889,-0.0556082,0.00127479,-0.126354,-0.0492271,-0.51582,-0.139803,-0.250327,-0.331178,-0.381007,-0.450994,0.281583,0.0155787,-0.687565,-0.190763,0.502798,-0.0294916,0.666181,-0.0387605,0.296085,-0.207229,0.36995,1.00214,0.0705886,0.149913,-0.467757,-1.12055,0.51226,0.91544,1
0.0689998,0.315864,-1.02071,0.750987,-0.307985,-0.67012,-0.16549,0.0444793,0.682186,0.64499,-0.167471,0.306705,-0.243988,0.488707,-0.932743,-0.104452,-0.631306,-0.699142,-1.36912,0.200741,-0.36589,0.0795984,-0.597572,0.605297,-0.583363,-0.100485,-0.177662,-1.38822,0.259398,-0.504362,-0.26688,0.324889,0.455058,0.915774,1
-0.316981,-0.626922,-0.346565,-0.365104,0.0339568,-0.0583702,1.11483,-1.10605,0.000265916,-0.650411,-0.162752,-0.0289563,-0.514896,0.346192,0.466274,0.218074,-0.410173,-0.687077,0.380909,0.194658,0.516131,-0.0494256,0.401169,-0.18943,-0.693021,-0.63445,0.126515,-0.318632,0.303916,0.462115,0.640087,0.983152,0.542728,0.94036,1
0.504565,0.895303,-0.473984,-0.186374,-0.214171,0.30954,-0.0379409,0.325215,-0.0907696,0.192905,-0.22315,-0.240869,-0.453049,0.102963,-0.602556,-0.0289426,0.222832,-1.08959,-1.15349,0.121486,-0.146536,-0.0938226,0.565287,-0.480182,-0.58756,0.0496869,0.107705,0.147606,-0.424282,0.338037,-0.933928,-0.668834,0.456728,0.798688,1
-0.124656,-0.17222,-0.122625,0.024363,0.132076,-0.181938,-0.119447,0.700827,-0.751643,0.0280305,-0.213003,1.07398,-0.1871,-0.722951,0.340755,0.181159,-1.26672,0.778324,-0.575154,0.308346,-0.00324666,0.0420286,0.605039,1.0691,-0.271639,-0.362114,0.0330204,0.481601,0.460664,-1.15372,-0.0999224,-0.102801,0.564583,0.941463,1
0.462194,-0.119673,0.0534408,-0.189013,0.556828,-1.46753,1.31065,-0.14474,-0.639935,-0.153494,-0.113341,0.79137,0.231069,0.434063,0.0528247,-0.219661,-0.463246,0.470641,0.339039,0.0470511,0.375579,-0.156668,-0.0395656,0.454365,-0.106653,0.238807,0.25802,0.190211,0.0104491,-0.354978,0.472747,-0.25221,0.53392,0.93415,1
-0.0308154,0.146331,0.167123,-0.548512,-0.151084,-0.393356,-1.71798,0.00294541,-0.173853,0.547379,-0.569372,-0.0535255,0.897923,0.318334,-0.318633,0.460927,0.309571,0.427783,-0.0717229,0.213169,0.587846,-0.192711,0.647023,0.364227,-0.382723,0.199686,0.145748,0.228593,-0.0433339,0.44879,-0.409478,-0.0407809,0.523855,0.843721,1
-0.47875,-0.0937698,0.125741,0.891656,-0.089601,-0.606883,-0.122362,0.026069,0.726955,-0.647122,-0.483169,0.430032,-0.337351,-0.0298053,0.289268,0.305419,0.0579316,0.494785,-0.167462,0.865576,-0.151304,-0.168976,-0.250372,0.453767,0.466192,0.15801,0.192356,0.207961,-0.0981374,0.0669187,-0.918436,0.271519,0.495265,0.812446,1
-0.475585,-0.946988,-0.195616,1.13583,1.12812,-0.0927278,-0.408548,-0.117782,0.255608,-0.468184,0.323206,-0.922747,-0.592375,-1.16536,-0.0983602,-0.215413,0.361255,-1.19109,-0.087165,0.378845,-0.033642,-0.163639,-0.0952145,-0.212372,0.237864,0.104331,-0.0724872,0.290824,0.123618,-0.685158,-0.251593,0.390614,0.501627,0.768626,1
0.604104,-0.453417,0.0409261,-0.291147,-0.592687,-0.899219,-0.239526,-0.209461,-0.395558,0.0916644,0.154722,-0.109352,-0.552963,0.332933,-0.712827,-0.41054,0.0600727,0.106072,0.149238,-0.00475314,-0.418547,-0.273022,-0.271792,0.537907,-0.0946381,-0.237369,-0.0450706,-0.735689,-0.159193,0.172775,0.787872,0.934294,0.424407,0.888714,1
0.383739,0.218992,0.391355,0.257561,0.177332,7.95,0.192179,0.275128,0.340132,0.296309,0.249803,0.24437,0.142945,0.178902,0.342492,0.308097,0.339258,0.348301,0.208054,0.271751,0.393118,0.262329,0.326351,0.390106,0.153104,0.170966,0.17735,0.282597,0.141494,0.376651,0.386308,0.337871,0.52,0.82,1
0.107575,-0.363205,-0.182726,0.346987,-0.0044632,0.387227,-1.07961,-0.297568,-0.143658,-0.682358,-0.195268,-0.971031,0.120946,-0.578955,0.34136,0.738656,-0.115188,-0.0433264,-1.00542,-0.000704956,-0.00415355,0.252828,0.929596,-0.430114,0.0736359,-0.451854,0.273948,-0.302753,-0.157591,-0.0507146,-0.688226,-0.731711,0.513853,0.883794,1
-0.294141,0.0210848,0.066925,0.0953856,-0.141644,-0.165279,-0.106462,0.825246,0.166992,0.43643,0.215569,-0.025181,-0.372032,0.0857589,-0.231281,0.33542,-0.475599,0.167941,-0.128146,-0.123957,-0.239966,0.437553,-0.407653,-0.260498,0.578708,-0.00782061,0.402229,0.249348,-0.358624,-0.319462,0.0604619,-0.538891,0.479311,0.932617,1
0.230145,-1.17492,-0.642688,-0.08388,-0.305635,0.168294,0.0961036,0.135598,-0.0461257,0.0392898,0.481983,0.0754597,0.125752,0.0443828,-0.10662,0.144178,0.128369,0.0781296,0.764372,-1.29849,0.249718,1.04841,-0.719653,0.711355,-0.43729,0.261079,0.539395,0.545308,-0.495372,-0.596585,0.813295,0.671997,0.471639,0.78616,1
0.323888,0.132159,-0.398749,0.0130319,-0.582836,-0.478943,-0.495207,-0.849359,-0.941751,0.0999938,0.933219,0.952436,-0.123974,-0.085474,0.238872,1.15625,-0.6599,-0.482667,0.123783,0.484648,-0.285543,-0.163939,0.0510524,0.852308,-0.531912,0.560588,-0.148019,1.10788,0.148428,-0.581112,0.703622,0.729837,0.45604,0.944536,1
-0.117091,0.448546,1.40426,-0.272192,0.0653369,0.252924,0.194075,-1.18216,-0.336705,0.457283,0.364954,0.314252,0.429815,-0.311684,-0.143088,-0.515909,0.413548,-0.0513087,0.554766,0.0877622,-0.694837,-0.148451,0.251619,0.663943,0.524548,0.227748,0.276743,0.533702,0.295811,-0.376171,0.747299,-0.0060062,0.537324,0.848444,1
0.0884981,-0.633711,0.606771,0.0862234,-0.261835,0.335853,0.639344,0.0686102,-0.468403,-0.57837,-0.431745,-0.0525478,0.500948,-0.138341,1.20265,0.590763,-0.262959,-0.321151,-0.223832,0.190828,-0.043306,0.860637,-0.267636,-0.0985984,0.284445,0.206132,-0.471425,-0.248389,0.65539,-0.297799,-0.608603,0.518476,0.527531,0.858013,1
-0.142458,0.386304,-0.646535,-0.830991,1.15651,-1.22102,0.536827,-0.811914,0.038007,-0.269297,-0.179767,0.273697,-0.370276,-0.0938616,-0.096412,-0.963512,-0.692297,-0.189522,1.01162,0.360277,0.647543,-0.087849,0.709278,-1.29678,0.13923,-0.0092125,0.492778,-0.210589,0.117551,0.141469,-0.424719,-0.389435,0.565555,0.824039,1
0.0776166,-0.17476,0.771287,0.308985,-0.100986,-0.216179,-1.07508,0.325318,-1.0237,0.133758,0.01351,0.418613,0.671898,-0.515299,0.521842,0.437644,0.0679001,0.72875,0.223005,0.790279,-0.0800993,0.049887,0.438105,-0.676577,-0.317229,-0.201139,0.624703,-0.00997153,0.698394,-0.272073,-0.131681,-0.556342,0.488491,0.775173,1
-0.23539,-0.225105,-0.17318,-0.102812,-0.177824,-0.375479,0.0339872,0.192275,-0.365456,-0.046506,-0.516549,-0.221286,-0.726682,-1.1365,0.341592,0.224364,-0.331927,0.191649,-0.256867,-0.496399,0.143569,-0.356915,-0.162829,0.170487,0.196157,-0.576166,-0.404409,0.0408443,-0.142695,-0.23627,-0.0363384,0.458879,0.504307,0.914077,1
-1.07125,0.188782,0.207706,0.620556,-0.188451,0.595917,-0.271692,0.484289,0.243253,0.33071,0.236368,0.921988,-0.318074,0.408455,-0.512109,-0.789544,-0.00543729,0.312027,0.247058,-0.404535,-0.313093,-0.263482,0.562742,1.01688,-0.0922802,0.765306,-0.48325,-0.119508,-0.418763,0.087949,0.0659275,-0.00904687,0.448098,0.793414,1
0.14442,0.165877,-0.152318,0.0823081,0.846035,0.136666,-0.0585658,0.118105,0.627818,-1.0366,0.533586,-0.4567,-0.162928,-0.223516,-0.025336,0.176612,-0.986697,0.545781,0.0151462,0.852601,0.523819,0.113599,-0.392609,0.520708,-0.448252,0.19215,0.359517,0.0183841,-0.502822,-0.743711,0.143982,0.308149,0.558334,0.888372,1
0.712037,-0.404529,-0.162714,-0.227099,0.322062,0.265689,0.432634,-0.683884,-0.192906,0.561548,0.47459,-0.141505,0.110294,-0.115445,0.114076,0.660319,-0.352792,-0.0176144,0.415351,-0.0985854,0.327704,0.819079,0.667234,-0.080856,0.256032,0.00127187,-0.282674,-0.293149,0.588221,-0.0196718,0.155223,0.426533,0.427297,0.856599,1
0.230726,0.270277,0.376688,0.150038,-0.55885,0.0497614,0.480237,-0.145412,0.47492,0.55148,-0.302695,-0.27565,0.0686688,0.121765,0.0448375,0.0394467,-0.590663,-0.584977,1.16205,0.811977,0.0902091,0.33363,0.487736,0.613279,0.450455,-0.743526,-0.459561,-1.08064,-0.549094,0.0386794,-0.391628,0.124751,0.523399,0.812145,1
-0.0718491,-0.329679,0.251769,1.13158,0.472322,-0.479862,-0.150927,0.879655,0.160357,-0.966817,0.36935,-0.0525106,0.44096,-0.937688,-0.0968229,0.791357,0.382366,0.911957,0.0726046,0.55267,0.0030304,-0.159557,0.429715,-0.287718,-0.208215,-0.0873041,-0.308993,-0.183983,0.479574,-0.0591087,-0.00703299,-0.100019,0.576474,0.770982,1
0.95,0.88,-0.0160651,0.353807,-0.107786,-0.226694,0.140409,-0.00502511,0.49142,0.0415605,-0.312076,0.121461,-0.144022,0.169488,0.271274,0.179016,0.168009,-0.255293,-0.391903,0.143197,0.485938,0.463681,-0.396536,0.178208,0.323325,-0.39357,0.250464,-0.2884,0.182986,0.0843293,-0.250116,-0.493959,0.48,0.2,0
-0.968377,0.195556,-0.101095,0.418572,-0.0463483,0.276378,-0.948785,-1.3174,0.244632,-0.040534,-0.73606,0.179651,0.707802,-0.325222,-0.0427989,0.291076,0.653952,0.124932,0.125956,-0.26256,0.325154,0.479665,-0.106728,0.745471,0.681245,-0.0625883,-0.183402,-0.655215,0.130055,-0.140618,0.526508,-0.222722,0.529597,0.776525,1
-0.104528,0.187986,0.134226,-0.691816,-0.836719,-0.138241,-0.37508,0.111193,0.460244,0.164829,-0.205476,0.040307,0.0707687,-0.0376225,0.0702077,0.234597,0.0257847,0.4792,0.178707,-0.192566,0.115087,-0.574997,0.0835758,-0.168286,0.996183,-0.3657,-0.885007,0.464293,-0.524998,-0.227575,-0.374169,-0.481178,0.45073,0.839548,1
-0.386989,0.399921,0.0624549,-0.127899,-0.728394,-0.515515,0.0337443,-0.694312,-0.789056,-0.844414,-0.0028025,0.356665,-0.46371,0.945669,1.45583,0.152036,0.0775919,0.266139,-0.0251655,-0.899253,-0.29471,-1.05528,0.406947,-0.26512,0.0780855,-0.393552,-0.90457,0.629912,0.390553,0.620481,-0.502879,0.0814697,0.523669,0.902825,1
-0.504032,-0.123817,-0.0611442,-0.363499,-0.480776,-0.265029,0.293004,0.46901,0.90397,1.51234,-1.38381,0.100961,0.725517,0.100902,0.25421,-0.160337,-0.171161,-0.139131,0.220362,0.696326,-0.309016,-0.410407,1.03793,0.528842,-0.828045,-0.279342,0.202734,0.0414098,-0.0248893,-0.0174831,-0.333489,0.0827585,0.541421,0.773012,1
-0.0237906,-0.323241,0.304618,-0.0453587,-0.700633,0.636688,-0.416711,-0.599467,-0.179928,0.296767,0.153979,-0.07002,0.490961,0.295252,0.0373801,-0.283782,-0.959004,-0.405427,0.603389,0.117272,0.332239,0.0413456,-1.13682,-0.186557,0.441653,-0.321191,-0.480282,0.136781,0.0307275,0.12245,-0.426121,0.706193,0.544376,0.931157,1
-1.04712,-0.314625,0.114951,0.201361,0.927031,-0.108136,-0.169062,0.59504,-0.610451,1.0398,0.0953637,-0.532505,-0.0272932,-0.144004,0.0246971,-0.696677,-0.890068,0.79719,0.569057,0.06999,-0.0535483,0.411969,0.0489419,-0.604589,-1.04086,0.217658,-0.295542,0.212413,0.491931,0.411122,0.0394311,0.0866725,0.518475,0.795961,1
0.728154,-0.0250611,-0.69434,-0.00783814,-0.440959,-0.217197,0.422828,0.228846,-0.0554671,-0.396329,-0.0195551,-0.174455,0.827604,-0.501849,0.497094,-0.0929828,0.133028,0.117982,0.320232,0.492436,-0.0768465,-0.194712,0.651052,0.0683388,0.260346,1.13838,0.494355,-0.108151,0.894376,0.0363464,-0.329626,-0.669684,0.498786,0.901928,1
0.583447,-0.10925,-0.113919,0.0754729,-0.57296,0.323815,0.598519,0.558571,-0.454774,-0.385472,-0.202417,-0.317727,-0.372357,-0.97115,-0.353237,-0.133148,0.22701,-0.151397,0.366003,-0.100094,0.324417,-0.568845,0.366174,-0.813502,-0.109026,0.420162,-0.650853,0.00922788,0.2007,-0.891301,0.404817,-0.512038,0.537864,0.870622,1
0.840882,0.693352,0.511531,-1.17699,-0.109451,-0.000709449,-0.0313201,0.323341,0.531081,0.895049,-0.215036,-0.645108,0.162558,-0.461785,0.0222907,-0.446268,-0.714714,-1.14989,-0.200179,-0.390303,-0.358175,0.0912614,0.167112,-1.09026,-0.293608,-0.16549,-0.615472,0.0930222,-0.0517425,0.511024,0.916864,-0.0531163,0.503794,0.873276,1
0.449726,0.157039,-0.655282,0.119959,0.0306264,-0.420116,-0.942439,-0.412081,-0.531891,-0.127952,-0.0986334,-0.93675,0.323629,0.273701,0.350614,0.482221,-0.134161,0.931305,0.504119,-0.488468,-0.00729804,0.356171,-0.474755,0.301063,1.2437,0.611834,0.180411,0.0243986,0.00704412,0.0343102,-0.706172,0.411056,0.434146,0.851205,1
0.346898,0.0205873,0.167815,0.0934643,-0.405271,-0.172108,-0.296689,-0.119435,0.0301119,0.306986,-0.516721,0.402831,-0.156245,0.0548779,0.675932,0.111982,0.23177,-0.0489503,-0.347427,-0.529184,0.692851,-0.326274,-0.409812,-0.582719,0.657654,0.498237,0.627765,0.557102,0.286956,0.324813,0.320893,-0.553369,0.431992,0.855251,1
-0.141863,0.0961249,-0.335103,-0.228676,0.174703,-0.303822,-0.290545,-0.296154,-0.103099,-0.111253,0.320055,-0.0979568,0.303167,1.35878,0.130669,-0.147772,0.338266,0.163278,-0.156759,0.318765,0.353382,-0.680503,-0.251463,-0.388431,0.124992,0.351397,-0.0781518,-0.202998,0.879449,-0.0370567,0.75872,0.698834,0.425773,0.814893,1
-0.214959,-0.783034,-0.403995,0.627894,0.438999,0.764784,-0.0245245,-0.681275,-0.46156,0.121642,-0.289087,0.0914379,-0.109448,0.384205,-0.0974971,-0.472961,-0.413514,0.165168,0.070992,0.922815,-0.297133,-0.605014,0.581123,-0.00347319,0.43442,0.560974,0.170464,1.2059,-0.362595,-0.211061,-0.301155,-0.266631,0.452988,0.807,1
0.436852,-0.0698485,0.840101,0.341294,-0.547033,-1.04144,-0.0301785,0.301724,-0.0449137,0.423916,0.0204329,0.0562896,-0.0527526,-0.332007,-0.399532,0.352117,0.150126,0.739044,0.206434,0.702039,-0.102305,-0.918949,-0.703971,0.37803,-0.327319,-0.312968,-0.0781773,1.14514,0.601223,-0.142945,-0.294261,0.402896,0.566329,0.849522,1
-0.43863,-0.546906,0.457622,-0.171631,-0.378199,0.209781,0.294864,0.313006,-0.492878,-0.972522,0.364708,-0.149295,0.415075,0.288863,0.51734,0.68114,-0.537871,0.658055,-0.11734,-0.487798,-0.0018767,-0.169505,-0.0122005,-0.302727,-0.277862,-0.091814,-0.788952,-0.0917945,0.525914,-0.767116,0.302703,-0.512996,0.537337,0.898487,1
0.195653,0.32741,0.390231,0.386808,0.184516,7.95,0.325227,0.305322,0.21915,0.152226,0.216825,0.311851,0.101163,0.334666,0.153363,0.349297,0.319627,0.392578,0.345865,0.134793,0.226397,0.21161,0.103006,0.144977,0.319401,0.375315,0.324238,0.263548,0.269882,0.117103,0.309496,0.330091,0.52,0.82,1
-0.969115,-0.168819,0.117229,-0.661487,0.617591,-0.0502956,-0.449972,-0.0549832,-0.877816,0.279415,-1.01268,-0.94404,-0.656974,0.44095,-0.0303911,0.512314,-0.506859,-0.238352,-0.484574,-0.378797,0.174089,0.535986,0.593346,0.454322,0.207512,0.773385,0.259663,0.125513,-0.382717,-0.535123,0.779273,0.718497,0.578026,0.79434,1
0.0143149,0.196359,-0.240713,0.769461,-0.227856,-0.507454,0.190977,0.291726,0.824946,0.010351,0.0868867,0.482813,-0.53573,-0.276597,1.40671,-0.46823,-1.1236,-0.314716,-0.145132,0.597739,-0.160204,1.19382,-0.722358,0.528425,-0.543976,0.17085,0.599214,-0.963036,0.136222,-0.285696,-0.256544,-0.888081,0.506019,0.878888,1
0.117069,-0.0627026,-0.116302,0.798553,0.572524,0.180237,-0.13568,0.0100569,-0.0210708,0.221884,-0.0444857,-0.136851,-1.12227,-0.190112,0.0215078,0.502618,0.0946292,-0.325233,-0.375571,-0.839482,0.541681,-0.0261875,0.0817959,-0.768999,0.277829,0.382034,0.0541079,0.0713798,-0.112219,0.360854,-1.34413,0.374504,0.511384,0.801194,1
-0.663048,0.198556,0.283054,0.546514,-0.0856474,-0.851317,-0.0453317,0.165592,0.828078,-0.628645,0.332653,-0.853499,0.320248,-0.275006,-0.469505,0.952394,0.297154,0.442737,-0.524275,-0.0464313,0.667454,-0.0364316,0.552681,-0.169825,-0.221399,-0.377547,-0.194592,-0.253039,0.682845,-0.348369,-0.229678,-0.35486,0.455777,0.933953,1
0.0270719,-0.57702,0.989258,0.863213,0.325211,0.461905,-0.149486,-0.0551312,-0.424989,-0.033626,0.051749,-0.18283,-0.0999183,-0.288255,1.04299,-0.173101,0.504394,0.405351,-0.150184,-0.717838,0.35525,0.0707806,-0.379127,0.183211,-0.0903211,-0.493081,-0.205093,1.26265,0.266717,-0.213559,-0.281521,0.386595,0.458146,0.762458,1
-0.445443,0.80072,-0.646829,1.06057,-0.885867,0.181468,-0.462982,-0.375044,-0.0181928,-0.329697,-0.0276513,0.513979,-0.677953,-0.695098,-0.367216,0.154115,0.0453982,0.126173,-0.0692945,0.208293,0.152847,-0.829963,0.574037,-0.136782,0.382011,1.06907,0.00481425,-0.292967,0.127745,-0.143134,0.0593518,-0.146703,0.51397,0.817771,1
0.0707822,-0.0968662,-0.177199,0.230885,0.113594,-0.462833,-0.542932,0.34997,0.188484,0.707968,0.432847,0.135766,0.628195,0.202888,0.501484,0.786587,0.289549,-0.559032,-0.241889,-0.350892,0.00877711,-0.388686,0.637158,0.215336,-0.30344,0.123629,0.863309,-0.778581,-0.37638,-0.428949,-0.0891279,-0.651044,0.535673,0.838435,1
0.346892,0.0459005,-0.138453,0.493821,0.757275,0.197617,0.325084,0.571879,0.0710298,-0.145959,-0.568394,0.322582,0.00942751,-0.101584,-0.622187,-0.316226,0.274919,-0.373337,0.00347057,-0.234062,0.0218909,0.182078,0.422375,0.629896,-0.647301,0.0537164,-0.538642,0.218069,0.762447,-0.1717,0.242171,0.380977,0.539973,0.949546,1
-0.157742,-0.322908,0.402775,-0.255493,-0.545047,0.615872,-0.955347,-0.519783,-0.0791755,0.187386,0.123297,0.275169,0.309976,0.927906,-0.497618,-0.926906,-0.102849,0.0595376,0.936019,-0.244869,0.190752,-0.309937,-0.11867,0.183548,-0.452652,0.514454,0.679989,0.130158,-0.051922,-0.112482,0.789173,-1.10031,0.420685,0.877136,1
-0.309174,-0.651392,-0.914688,-1.32428,0.505133,0.514378,0.448788,-0.479062,0.174075,0.36519,-1.38493,0.48913,0.288895,-0.153878,-0.131897,-0.655886,0.250553,-0.323327,0.223269,0.426951,0.195099,0.799531,0.350989,-0.670484,0.121067,0.392954,-0.73737,-0.465839,0.646058,-0.522753,0.840087,0.30047,0.463836,0.77027,1
0.255293,0.765117,1.11193,-0.569616,0.0393125,-1.08744,0.503943,-0.14323,-0.590945,-0.0486807,0.249031,0.47929,0.54906,0.270829,0.563219,0.631783,0.317889,0.19707,-0.0947282,-0.372619,-0.932495,-0.0667969,-0.277815,-0.76389,0.0864766,0.0849998,-0.165004,-0.364249,-0.171849,0.145376,0.126824,-0.429296,0.577114,0.882159,1
0.222876,-0.813226,0.36067,-0.430226,-0.403242,-0.516725,0.114934,0.31146,-0.197461,-0.408967,-1.19553,-0.133571,0.440233,0.264468,-0.0748466,-0.0754917,0.0973357,-0.0807531,0.947858,0.194722,-0.70256,0.125197,0.274568,0.531974,-0.411184,-0.557095,1.0253,0.324872,-0.421072,-0.920155,0.322693,-0.0935457,0.43228,0.920382,1
-0.466945,0.273528,-0.538058,-0.561404,-0.0520067,0.526458,0.784474,0.453753,-0.717024,-0.459814,0.20352,0.0020101,-0.282712,0.239922,-0.360724,0.00805987,0.454253,0.530944,0.211507,0.442428,-0.323587,0.196004,0.046088,0.563312,-0.298899,-0.622562,0.212362,-1.31258,0.700772,-0.359551,0.204809,-0.463467,0.552661,0.847133,1
0.618015,-0.423316,-0.20937,-0.4442,-0.055951,-0.404747,0.304231,0.107474,0.152561,0.505058,0.303403,-0.239945,0.5651,-0.220959,0.301424,0.41329,0.296157,-0.254881,0.182058,-0.317996,-0.0291366,-0.605594,0.0629169,0.16099,-0.453161,0.0624447,-0.768396,0.00299626,0.0210712,0.171164,0.842529,-0.0286446,0.557937,0.779562,1
0.370472,0.0133649,0.254018,-0.168091,0.342458,0.22166,-0.590709,-0.255388,0.0903641,-0.228308,0.68163,-0.155241,0.556494,-0.440558,-0.185381,0.00348062,-0.0317842,0.0448985,-0.178952,0.127193,0.959972,0.207058,-0.531969,0.168117,0.0822652,0.518615,-0.231484,0.48549,-0.15618,0.612576,-0.453768,-0.953783,0.437544,0.763745,1
0.666762,0.49584,0.747524,-0.329726,-0.150825,0.406618,0.330151,-0.9994,-0.368179,0.367489,0.576967,-0.128894,0.667444,0.1163,-0.636358,-0.527273,0.707199,0.00666528,0.504706,-0.105908,-0.376233,-0.173343,-0.712963,-0.320958,-0.190412,-0.230124,0.585845,0.497291,-0.779367,-0.348462,-0.717672,0.609544,0.520246,0.825127,1
-0.510138,-0.480534,-0.0117573,-0.576349,-1.29844,0.627334,0.0523483,1.118,0.330475,0.564377,0.399209,0.168464,-0.356412,0.549513,0.141365,-0.0682515,-0.32207,-0.764585,-0.405359,-0.276993,-0.28194,0.248042,0.752645,-0.039004,0.513977,-1.45798,-1.22,0.227282,0.15399,-0.134727,-0.421459,0.214214,0.525257,0.917915,1
0.279466,0.0817529,-0.407629,0.0794137,-0.311298,-0.0258951,-0.260465,0.240138,0.476414,0.113592,0.053619,-0.438436,-0.638977,0.662546,-0.474139,-0.00835315,-0.221955,-0.491856,-1.32577,0.0873794,-0.1736,-0.315653,-0.369534,0.524793,0.102145,0.0102698,-0.892445,0.240107,-0.247189,0.444477,-0.391405,-1.18197,0.478027,0.873772,1
0.914807,0.88737,0.845899,0.396592,0.0162689,-0.347989,-0.11405,0.137839,0.316389,-0.00658553,-0.229354,0.225278,0.221526,-0.0842681,0.745338,-0.0643429,-0.201744,0.419858,-0.984214,-0.521887,0.302595,0.0977658,0.263162,-0.0927122,-0.150011,0.630625,0.595819,0.0636417,-0.916327,-0.405113,-0.301956,0.347802,0.50967,0.929148,1
-0.12247,-0.529272,1.36289,-0.148503,0.0416798,-0.124768,-0.963916,-0.00732913,-0.637975,-0.121984,0.390926,0.271995,-0.121061,-0.123387,0.398926,0.700413,-0.312102,-0.137545,-0.478582,-0.25043,-0.0552287,0.265918,0.520868,0.177272,-0.165223,-1.09047,0.143029,0.186219,-0.305291,0.0381215,-0.244762,0.354091,0.53408,0.938201,1
0.192068,-0.865987,0.349206,-0.348765,0.172944,-0.835627,-0.132582,1.17658,-0.215423,-1.28553,0.672384,0.707749,-0.341769,-0.351337,-0.175249,0.473283,0.0415707,-0.515533,-0.172515,1.50138,0.810872,0.139749,0.322405,0.108141,0.399717,-0.12818,-1.07051,0.334455,0.157893,1.03506,0.561819,0.380133,0.545953,0.798403,1
-0.178017,0.488678,0.436394,0.322482,-0.283064,0.394416,-0.302079,0.095162,-0.704113,-1.29676,0.726883,0.0315493,0.292049,0.00181434,0.336964,-0.137978,-0.316614,0.0387443,0.583305,1.01849,-1.30641,-0.0382345,0.158742,0.358081,-0.473773,-0.02899,-0.684385,-0.573132,-0.401639,-0.779101,0.471496,-0.159661,0.547406,0.879377,1
-0.00718942,0.258713,0.873281,0.0596252,-0.807583,0.208826,-0.280166,-1.02906,0.870449,0.373648,-0.0365763,0.106591,-0.350911,0.000304762,-0.177327,-0.377157,-0.10851,-0.334775,-0.0422851,0.504357,0.332796,-0.324592,0.436832,0.430733,-0.498918,-0.460094,1.11578,-0.271995,-0.350455,0.175342,-0.398106,-0.0657553,0.497095,0.897883,1
0.297069,0.119456,0.384473,0.323406,0.215789,7.95,0.368771,0.298701,0.385857,0.361137,0.236563,0.282604,0.282468,0.162073,0.308452,0.328322,0.251874,0.3018,0.337697,0.274076,0.108347,0.180685,0.111895,0.381363,0.259006,0.124312,0.273267,0.113813,0.277543,0.10561,0.273365,0.203517,0.52,0.82,1
0.357931,0.261942,0.327428,0.622898,0.210547,0.14833,0.38274,0.457548,0.180236,-0.460429,0.700197,-0.711843,0.802165,-0.215446,-0.273701,0.331727,-0.920239,-0.0875625,-0.175061,0.545413,-0.120216,-0.102996,-0.591474,0.0512854,-0.18907,-0.048208,-0.998035,-0.0105294,-0.577406,0.680662,0.399211,0.940531,0.578441,0.763349,1
-0.608945,-0.753719,0.232095,-0.119695,0.0657074,-0.0615763,-0.255624,0.150408,0.395215,0.0413305,0.696724,1.02838,1.00306,-0.2284,-0.886698,0.0616952,0.356471,0.797829,-0.00434269,0.673387,-1.25158,-0.260362,0.107691,-0.153512,0.0121293,-1.08071,0.323307,-0.193654,0.381858,-0.875447,-0.369841,0.602444,0.43108,0.880572,1
-0.506526,-0.287495,-0.0208139,0.598274,-0.10695,-0.636241,0.481391,-0.274452,0.607502,-0.703483,1.28018,0.180187,0.442655,0.943331,-0.613535,-0.289678,0.622945,-0.18439,0.503583,-0.55015,0.700108,0.140424,-0.0552601,-0.241217,-0.606992,0.0740761,0.418711,-0.333961,-0.864605,0.0223192,0.102963,0.583913,0.435252,0.80788,1
-0.605116,0.435639,0.632568,0.383401,0.885276,0.187547,-0.365726,0.571051,-0.394484,-0.467347,0.418867,0.0719515,-0.589333,-0.213907,-0.456912,-0.603337,0.498446,-0.621648,0.24729,-0.280883,-0.279065,-0.630251,0.230339,0.346024,-0.191043,0.0152111,0.836007,0.0804019,-1.0301,-0.442533,0.152635,-0.208308,0.479399,0.896925,1
-0.605034,0.70872,0.0525189,-0.420457,0.00310507,-0.346429,-0.144123,0.16462,-0.551105,0.0729267,0.289864,0.158913,-0.274434,-0.0757614,0.754262,-0.0981851,0.367419,-0.616711,-0.88847,0.288644,-0.501733,-0.798631,-0.342508,-0.561733,0.312255,0.654935,-0.269603,-0.487939,-0.381587,-0.770714,0.0271463,-0.527657,0.561429,0.825118,1
-0.29509,-0.557879,-0.543906,-1.08381,-0.0554727,0.21825,-0.150009,-0.193803,0.860985,0.0236484,0.377405,-0.325603,0.298419,-0.10688,0.0192,-0.55352,-0.306801,0.0632635,0.233459,0.07819,0.870617,0.457976,-0.683865,-0.594642,0.0475544,-0.0340987,0.48924,-0.0793358,0.742863,0.489347,-0.714821,0.0467714,0.571334,0.833726,1
0.0523172,-0.252908,-0.31994,-0.510461,0.780276,-0.159324,-0.324678,0.766499,-0.447786,0.157276,0.559919,-0.101475,1.29205,-0.310955,-0.496784,-0.0824333,0.263719,-0.188125,-0.380184,-0.10233,-0.146357,0.211185,-0.335184,-0.745831,-0.0747813,0.507684,0.349064,-0.316843,0.587452,0.342462,-0.0317996,0.822365,0.542155,0.937723,1
0.657085,-0.453443,0.288198,0.554885,-0.0825663,0.621543,0.46332,0.704695,0.887274,-0.440763,-0.161742,-0.869687,0.559494,0.0460323,-0.288337,0.259993,0.281673,-0.943523,-0.661203,0.378361,-0.488875,0.703504,0.593995,-0.949761,0.488113,-0.473121,-0.47948,0.361689,-0.960114,-0.0424818,0.775524,-0.367822,0.445497,0.831536,1
-0.712056,0.17737,0.600445,0.325155,0.334548,-0.0694254,-0.0379451,-0.213003,-0.347867,-0.0433782,-0.198079,-0.00713808,0.171878,0.502722,0.153256,0.0576626,-1.13038,0.147757,0.070778,-0.882037,-0.863676,0.075234,0.0983397,0.402785,1.3216,-1.23984,-0.235266,-0.275454,-0.387779,0.458305,-0.407888,0.983558,0.448253,0.895564,1
-0.181666,0.499635,0.47193,0.451419,0.0525778,-0.0356369,0.21763,-0.222495,0.125016,-0.537438,0.224747,0.488146,-0.0618741,0.56352,-0.139201,0.0824648,0.167996,-0.134034,-0.192038,0.0282496,0.336445,0.128387,-0.618749,0.335026,-0.566513,0.158864,-0.10965,0.609341,-0.491243,0.520151,0.497454,-0.269088,0.513668,0.835692,1
0.329734,-0.0384584,-0.109769,-0.0441513,-0.727676,1.19354,0.808437,0.0252986,0.24073,-0.678886,-0.734956,-0.244287,0.348918,0.573075,-0.453389,-1.36532,0.0175162,-0.0770612,0.313072,-0.372135,-0.191845,0.506287,0.702173,-0.509917,-0.344752,-0.103811,0.077854,-0.360457,-0.426468,-0.536933,0.665398,0.995973,0.545987,0.927183,1
0.251393,-0.499541,0.555203,-0.260391,-0.0417565,0.12839,0.395778,0.144513,-0.794655,-0.525415,0.226785,-0.490884,0.189768,0.0889527,0.571677,-0.316014,-0.137557,-0.328761,-0.688875,-1.13014,-0.152917,0.521855,0.838714,-0.277544,0.84399,-0.467569,0.203778,0.00774628,0.43753,-0.355712,0.614548,-0.0438668,0.545808,0.855004,1
0.95,0.88,-0.417832,0.436782,0.202498,-0.200597,-0.0675093,-0.410085,0.211692,0.430838,0.391676,0.188234,-0.355508,-0.415013,0.094173,0.475472,0.359139,0.059342,-0.495455,0.285416,-0.105182,0.487564,0.106178,-0.326493,0.476824,0.24072,0.0201901,-0.121782,-0.0796036,0.33697,0.104043,-0.470314,0.48,0.2,0
0.0672228,-0.724233,-0.403564,0.506572,-0.373171,-0.182312,-0.810737,0.574681,0.433749,0.097099,-0.968495,0.195364,-0.101576,-0.510028,0.68673,-0.561035,0.748224,0.0858177,0.0369695,-0.195903,-0.644927,-0.282659,-0.0497321,-0.0513403,0.291545,0.18676,1.27746,-0.557096,0.195581,-0.691816,0.218251,-0.109203,0.540546,0.776784,1
-0.455458,-0.302699,0.357355,0.148672,0.191609,-0.27114,-0.179599,-0.156938,-0.496893,0.844081,-0.0566558,-0.0204442,-0.189281,-0.32816,-0.163832,-0.168847,0.047344,-0.121939,-0.741137,-0.497011,-0.0842964,0.357509,-0.0873596,-0.403825,-0.145813,-0.596601,-0.0241293,-0.331678,0.0884306,-0.00467606,-0.727551,0.579738,0.566493,0.867428,1
-0.756357,-0.233648,1.10817,-0.138568,0.54651,0.126611,-0.789795,-1.15186,-0.312869,-0.104008,0.266737,0.0996772,0.560219,0.0960606,-0.109611,-0.608271,-0.360552,-0.0483271,0.0319824,-0.857733,-0.395352,-0.073999,0.563095,-0.52762,-0.161564,-0.349891,0.0799823,0.126413,0.304032,0.143273,0.883903,0.325099,0.49861,0.772385,1
-0.221561,-0.302621,0.0379075,0.195236,1.19975,-0.470849,0.339245,0.995974,-0.583598,-0.399701,-0.674957,0.697799,-0.128922,-0.668583,-0.618171,-0.558845,0.138452,0.142848,0.552241,-0.0108308,0.232592,0.439569,-0.601568,-0.22602,0.785677,0.0502532,-1.12794,0.451847,0.443094,0.662948,0.176727,0.353985,0.444484,0.826519,1
0.48733,0.134352,-0.0785403,-1.38257,-0.0231973,-0.155461,-1.23545,-0.305184,0.464025,-0.0488359,0.60759,-0.232649,0.631014,0.149497,-0.127515,0.857015,0.214133,-0.728192,0.219561,-0.599558,-0.0349915,0.729188,0.321096,-0.144305,-0.838987,-0.741906,-0.348068,-0.113871,-0.232015,-0.087978,0.581985,1.06447,0.565473,0.919203,1
-0.57722,-0.187823,0.875068,0.316001,-0.0991401,0.804547,-1.58447,-0.759171,-0.584858,0.166005,-0.0502321,0.658642,-0.253893,-0.4618,-0.514446,-0.854319,0.542214,0.154126,0.83572,-0.40247,0.361152,-0.076958,0.0153,-0.267543,-0.184784,0.521575,-1.32869,-0.899693,0.702751,0.730842,0.394598,0.594788,0.453314,0.91764,1
-0.0836249,-0.835638,-0.733264,0.0264267,-0.0438778,-0.284981,-0.458817,0.531428,-0.81671,-0.42586,-0.222657,1.12639,0.617789,-0.31594,0.00418285,0.572131,0.441791,-0.108252,-0.397567,-0.902215,-0.997387,0.674428,-0.565808,-1.09243,0.0867399,0.281385,0.508525,-0.350787,-0.504971,-0.622618,0.276415,-0.810239,0.544621,0.817868,1
0.043664,0.145716,-0.724628,-0.520096,0.279966,0.630363,-0.232695,-0.194539,-0.422559,0.256443,0.774132,-0.940689,-0.135627,0.347908,-0.799177,-0.396163,0.785915,-0.0412459,0.600947,-0.14176,-0.409574,0.246498,-0.273929,0.17662,-0.174957,0.665113,-0.442693,-0.268418,-0.997258,-0.310393,0.226351,-0.725456,0.460698,0.910228,1
-0.853248,0.836312,-0.661232,-0.642757,-0.0983014,0.627,-0.575029,-0.472029,0.164208,0.0169704,0.468323,0.0175566,-0.0794153,-0.182517,0.210956,0.0675751,0.12038,0.161356,-0.353422,0.254667,-0.211647,0.592922,-0.153514,-0.845396,0.554792,0.617697,-0.0851306,0.181407,-0.334466,-0.38956,-1.29743,-0.477678,0.5368,0.880042,1
0.295779,0.176955,0.640541,-0.528568,0.418522,0.289746,0.230577,0.377317,0.442096,0.848531,0.0289919,0.0287464,0.488984,0.0277165,-0.21238,-0.819558,-0.430529,-0.427331,0.429616,-0.369135,-1.43908,-0.0275623,0.238225,0.153949,0.341989,0.435675,-0.779413,0.28134,-0.875142,0.201366,-0.298301,0.192599,0.427538,0.889708,1
-0.678489,-0.00747349,0.0587533,1.03724,-0.379929,0.00937432,-0.239449,0.368062,0.25197,-0.296297,0.373088,-0.0960489,0.0222445,0.423505,-1.43676,0.358749,-0.168071,-0.972223,0.836986,0.755976,-0.759449,0.453343,-1.13285,-0.176209,0.356279,-0.304306,0.240329,0.0563028,-0.218261,0.347683,-0.0571495,-0.967783,0.515671,0.886538,1
0.748828,0.0411061,0.628866,-0.233013,-0.248679,0.0462353,-0.632004,0.507893,0.384633,-0.683352,-0.55096,-0.884735,0.135487,0.451264,-0.0753317,0.0711564,-0.644734,0.486119,0.318567,-0.443983,0.252138,0.568059,0.0455346,-0.350796,-0.143639,-0.772045,-0.253687,-0.0895002,-0.413685,0.59373,-0.256401,-0.745519,0.546428,0.774446,1
-0.29394,-0.49783,-0.701513,0.160577,-0.399784,0.529602,0.183094,-0.938747,0.755802,0.0114989,-0.270911,0.0620926,0.163973,-0.277285,-0.15126,0.526127,0.770306,-1.04669,1.24094,0.616035,0.866165,0.162867,0.314085,0.280263,0.0667763,-1.02388,-0.106335,-0.247785,-0.215708,0.565188,-0.0153327,0.299747,0.520741,0.7707,1
0.104453,0.187487,-0.0878618,-0.160781,0.547396,0.0717602,-0.317561,0.410776,0.153408,0.469805,-1.10348,-0.376514,-0.443303,0.350845,-0.367789,-0.788994,-0.102675,0.285334,0.287088,-0.553248,0.424234,-0.872064,-0.238902,-0.352573,-0.237302,0.326012,0.219907,-0.409625,-0.791244,-0.64865,-0.424451,0.835228,0.513459,0.802952,1
-0.111112,0.0716026,0.175585,0.181355,0.647443,-0.0872667,0.1538,-0.595725,-0.146523,-0.786436,-1.3904,0.862866,0.857194,-0.276738,-0.110179,-0.518506,0.436544,0.0309876,0.0711707,-0.185261,-0.213686,0.0883229,-0.125552,-0.684857,0.441279,-0.383474,-0.395597,0.215673,-0.475058,-0.128627,1.0182,0.0617082,0.553437,0.863922,1
0.155392,-0.972964,-0.709073,-0.370567,0.00790069,-0.277328,0.266801,-0.254017,-0.382496,0.0334641,-0.30169,1.27261,-0.235553,-0.186303,-0.438102,-0.141104,0.744492,-0.531768,-0.194743,0.0582545,-0.192136,-0.216057,0.186655,-0.218759,-1.24451,-0.264137,0.294612,-0.0521325,-0.0831052,-0.130437,-0.78577,-0.926246,0.546643,0.88492,1
-0.434076,-0.497653,-0.217036,-0.124455,-0.149921,-0.403213,-0.173355,-0.483807,-0.393079,0.355657,-0.00895321,0.0527735,-0.835304,-0.803875,-0.703557,-0.612779,0.380772,-0.1459,0.692566,0.0868716,0.643175,0.871303,-0.352356,0.219109,-0.794528,-0.507457,0.671014,0.305413,0.315346,0.369715,-0.174773,-0.834392,0.525549,0.776781,1
0.571027,0.95576,-0.370665,0.228525,-1.39137,-0.261127,-0.11386,0.62611,-0.134801,0.583499,-0.773265,-0.298061,0.30472,0.183416,-0.0575311,0.348265,-0.292163,-0.389892,0.598659,-0.860906,-0.0831619,-0.45547,0.0544904,0.0996909,-0.551571,-0.109941,0.811052,0.232405,0.3449,-0.5736,0.270381,-0.37107,0.436113,0.919707,1
-0.198609,0.525952,1.11478,0.55305,0.57359,-0.73436,0.528523,-0.94068,0.912388,0.130652,-0.131013,0.240622,-0.156711,0.299707,0.615536,-0.946648,-0.247377,0.112532,0.947984,0.0603243,-0.33137,0.667444,-0.351452,0.0232326,0.18849,0.770695,0.496274,-0.252984,0.037962,-0.424571,0.166244,-0.174523,0.57361,0.894122,1
0.0623315,0.568741,-0.0685184,-0.998575,0.157804,-0.0649767,-0.244779,0.671484,-0.143441,-0.732387,0.324057,0.782811,-0.210807,0.417949,-0.50185,0.131236,-0.877518,-0.689883,-0.307335,0.882516,0.293895,0.559921,1.4976,0.280954,0.141539,0.030988,0.507231,-0.535456,-0.0321984,-0.411051,0.0151205,0.302011,0.420886,0.885438,1
0.768783,-0.530679,0.120226,-0.418745,-0.556343,-0.517568,0.79438,-0.661477,-0.10384,0.279655,0.431201,-0.256345,0.180996,-0.131513,0.529394,-0.231201,-0.061211,0.51071,-0.140709,-0.411005,-0.659565,0.542497,0.353218,1.04242,-1.25875,0.708308,0.556991,-0.595411,-0.707406,-0.808331,0.703049,1.4406,0.429904,0.893898,1
0.216402,1.69201,-0.607672,0.263498,-0.657769,-0.448489,0.154865,0.0599865,0.0885723,-0.643764,0.207168,-0.17535,-0.192652,-0.428263,0.413395,-0.614141,-0.350456,-0.252808,-0.253415,-0.658223,0.178231,-0.355644,0.4603,0.928583,-0.606573,-0.172554,-0.0179957,0.407921,0.38306,0.83352,0.0356823,0.808436,0.426785,0.849497,1
0.95,0.88,0.498386,-0.319276,-0.452168,-0.292472,0.461765,0.394043,0.129496,0.0286998,-0.0718317,0.0967754,-0.495578,-0.123797,-0.146734,0.253227,0.161689,-0.0777779,-0.293086,-0.472857,0.474007,-0.439804,-0.173529,-0.352182,-0.134505,0.0269851,-0.20538,-0.336868,0.336314,-0.477306,-0.136094,-0.0672949,0.48,0.2,0
0.560679,-0.408608,-0.452187,0.272959,-0.438888,0.96697,-0.141477,-0.532801,-0.357551,0.550066,-0.492761,-0.0457934,-0.332871,0.239299,0.123094,0.525137,1.32812,-0.0971266,0.169883,-0.0699115,0.633746,-0.816904,-0.177285,-0.34529,-0.42551,0.599976,-0.0512126,0.505777,0.373209,-0.199507,0.82407,-0.0465041,0.547502,0.881629,1
0.301625,-0.595997,-0.185561,0.0464801,-0.194623,0.400364,0.602968,-0.0711271,0.109139,-1.25895,-0.768404,0.34771,0.291886,0.641257,-0.801296,-0.785278,0.432044,0.511043,-0.353997,0.672488,0.503601,-0.330677,-0.601917,-0.322233,-0.490595,-0.224316,-0.337673,-0.523322,0.328456,0.598614,0.510476,0.604678,0.48196,0.786169,1
-0.0236828,0.444336,-0.301475,0.465743,0.0713253,0.78919,0.154072,-0.436428,-0.19154,0.100068,-0.390173,-0.0379855,-0.222685,0.138557,0.269102,-0.453208,-0.780726,-1.00261,0.0864212,0.70528,0.39582,-0.538143,0.739446,-0.315644,0.14902,0.101738,0.317892,-0.204064,0.374745,0.578821,0.0333932,-0.43586,0.512705,0.777847,1
0.261782,0.00890007,0.733143,-0.992777,0.0566553,0.428424,-0.432196,-0.28293,0.315988,-0.0541759,-0.457626,-0.454244,-0.528135,0.199142,-0.34634,-0.325071,-0.257025,-0.359234,0.29299,-1.11408,1.01593,-0.344773,-0.257157,0.374988,-0.304105,-0.369986,0.0957495,-0.147964,0.456785,0.242993,0.0711006,-0.660839,0.459239,0.815908,1
0.194272,0.248553,0.343117,-0.118314,-0.184914,-0.34882,0.0853195,0.878241,0.00166423,0.117332,0.759538,-0.13889,0.582448,0.0407401,0.225902,-0.110907,-0.338757,0.866088,0.290707,-0.307081,0.316946,-0.204022,0.198892,0.272491,-0.26152,0.225859,0.381496,-0.0548477,-0.932429,0.267494,0.548246,-0.358851,0.538548,0.818,1
0.220573,-0.846206,-1.00269,-0.433453,-0.551872,-0.0437386,-0.0694032,-0.504638,-0.680975,0.030976,-0.344601,0.662802,0.558138,-0.0268786,-0.10129,0.312001,0.362859,-0.529432,0.0720409,0.128593,-0.70837,0.138602,-0.0378098,0.232149,0.132234,0.585068,0.11261,0.700067,-0.849764,-0.139782,-0.447192,-0.809517,0.439522,0.880338,1
0.725287,-0.0295594,-0.268165,-0.194824,-0.432729,-0.362792,0.885429,-0.330897,0.0466526,0.466626,-0.0107046,-0.264817,0.0344646,0.765463,-0.676776,-0.543231,-0.050414,1.11969,0.0120048,0.422967,-0.758727,0.43359,-0.635338,-0.727846,0.719819,-0.0455596,-0.278934,-0.71217,-0.471688,0.0620501,0.578608,-0.359144,0.443804,0.8803,1
-0.334914,0.789401,0.141547,0.0436164,0.145789,1.24373,-0.506314,-0.901389,1.51858,-0.218033,-0.995429,0.0178989,0.665576,0.118703,0.17957,-0.55508,-0.799394,-0.189031,0.261847,0.368015,-0.202949,-0.25362,0.0624166,0.0117787,-0.0239459,0.111035,-0.200817,-0.259881,-0.504348,1.40628,0.0567858,-0.339707,0.506129,0.885775,1
0.123922,0.101523,0.296698,0.32171,-0.0862458,0.570265,-0.225299,0.795261,0.191204,0.00148852,-0.712342,0.589311,-0.192092,-0.348678,0.91037,0.126237,0.271346,-0.0551335,0.625612,0.442312,-0.434263,-0.569356,0.321947,-0.417479,0.425368,-0.833654,-0.658419,-0.648424,0.182989,-0.759394,-0.911502,-0.226662,0.536391,0.796805,1
0.54709,-0.256353,-0.0360282,0.0692713,0.132142,0.137636,0.445508,-0.186149,-0.0848423,-0.962098,-0.568161,0.0909758,-0.250875,0.448345,0.850832,-0.512667,0.494698,-0.579805,-1.03552,-0.0222793,0.24461,0.450901,-0.446629,0.323765,-0.802129,-0.605674,0.281762,-0.595811,-0.537319,-0.120228,-0.398707,-0.0715183,0.551547,0.84949,1
1.2493,-0.130133,-0.128745,0.285038,0.312308,-0.253337,0.384906,0.11499,-0.12426,-0.36117,0.122435,0.3654,0.0176754,0.0400212,0.321271,-0.518799,0.48435,-0.215696,0.149486,-0.645021,-0.142603,-1.08854,0.00428407,0.523572,0.518633,-0.349101,0.00555278,-0.0527631,-1.12942,-0.522515,0.316715,-0.817795,0.563033,0.834942,1
1.22718,0.0402042,0.69459,0.00875638,0.93969,-0.288503,0.156932,0.620636,0.0286624,-0.214216,-0.305898,0.328083,0.620603,-0.42763,-0.521777,0.120089,0.476539,0.683957,-0.824736,-0.612936,-0.27601,0.519857,0.307508,0.415535,1.27351,0.506325,-0.922675,-0.522429,-0.0979045,0.538872,-0.856157,-0.124147,0.426763,0.910069,1
-1.32941,0.537137,0.0419665,-1.11025,-0.411349,-0.480153,-0.0512338,0.242665,0.187776,0.45724,0.520098,0.0514382,0.0717223,0.244625,0.103227,0.612188,-0.815067,-0.321345,0.36889,-0.836376,0.917985,0.249064,-0.253129,-0.48945,0.727157,-0.431858,-0.812275,0.975703,0.675142,-0.289782,-0.200734,-0.303364,0.538948,0.765178,1
-0.761056,0.852175,0.363576,1.16388,0.443073,0.319799,0.301779,-0.125541,-0.179597,-0.325047,-0.571187,0.770855,0.267045,-1.27891,0.752904,1.0786,-0.113138,0.0519497,-0.303177,-0.42298,-0.842091,-0.0533281,0.125425,-0.350739,0.705819,0.68162,-0.36838,0.414754,-0.147324,0.190131,-0.876977,0.0848098,0.495222,0.864854,1
-0.0989836,0.0252434,0.325352,0.430659,0.000173228,-0.139286,-0.0619724,0.396343,0.587407,0.364539,-0.492875,0.237029,-0.026501,-0.375339,0.132663,0.368247,-0.399269,0.236677,0.274178,0.322454,0.822879,-0.456165,1.07479,0.101855,-0.980304,-0.285048,0.429863,0.392292,-0.402401,-0.713683,0.199178,0.488576,0.556602,0.900209,1
-0.642076,-0.572464,0.749945,-0.469607,-0.816918,0.888039,0.451514,-0.126522,-0.0876587,-0.332626,0.904917,-0.0900824,-0.0703455,0.583109,-0.247344,-0.150565,1.12829,-0.331515,-0.198919,-0.641441,-0.701946,-0.416301,0.306619,-0.481868,0.171858,-0.0226612,0.201688,-0.367325,-0.334349,-0.0927749,0.0283414,-1.33398,0.428798,0.821608,1
0.277213,-0.162852,0.00678187,-0.381991,1.02678,0.95665,0.363242,0.0435584,1.0822,0.101843,0.657837,0.485638,1.21037,-0.31757,-0.441601,0.229909,0.170021,0.217381,-0.189577,-0.431593,-0.638549,0.66874,-0.0968225,0.373885,-0.0319367,-1.09762,-0.10212,0.819878,0.578809,0.70151,0.653892,0.59739,0.422675,0.832241,1
-0.336082,0.264651,-0.210949,-0.811216,0.637327,0.178603,0.870992,-0.51436,-0.535386,0.715911,-0.654554,-0.460367,-0.250302,0.241061,-0.315177,0.234799,-0.731386,0.282402,-0.0306815,0.601527,-0.36066,-0.600265,0.472304,-0.632417,0.325884,0.108788,-0.28838,-0.23149,0.376347,-0.118532,-0.486671,0.111795,0.427002,0.92575,1
-0.50968,0.100106,-0.104913,-0.344139,-0.640052,0.16124,-0.11462,0.943796,-0.147515,-0.0243363,-0.477505,0.447934,0.205638,0.593659,0.456188,-0.654311,0.614878,0.132644,-0.406413,-0.113092,-0.124088,-0.462135,-0.799879,-0.168511,0.519262,-0.582564,0.071937,-0.449784,0.402422,0.545751,0.190733,-0.130507,0.435413,0.828766,1
0.162603,0.113726,0.663881,1.23792,-0.792137,-0.122536,0.624997,-0.173827,0.517437,0.00566583,-0.0921991,-0.534684,-0.0510079,-1.02947,-0.192642,-0.134768,-0.0710856,0.0293042,0.0385385,0.644185,-0.380717,-0.644788,-0.216552,0.0860015,0.160038,-0.30945,0.243052,-0.125259,0.0104283,-0.367393,-0.0880912,-0.990306,0.439582,0.82071,1
0.600627,0.260981,0.135432,0.218142,-0.383717,-0.0941201,0.0165093,-0.420739,0.257951,0.430073,0.0479956,-0.241628,0.97013,0.464053,1.05333,-1.02758,0.292357,-0.124832,-0.823338,-0.309957,-0.0246452,0.0440924,0.09951,0.0480539,-0.117521,-0.486181,-0.530003,0.321381,0.552771,0.189983,-0.0279341,0.419919,0.45199,0.910957,1
0.713776,0.523243,-0.438429,-0.201704,0.279489,0.479057,-1.1032,-0.232819,0.462861,-1.12166,-0.0587934,-0.976587,-0.0711931,0.746398,-0.313484,-0.192424,-1.28579,-0.111624,0.803264,-0.314759,0.212171,-0.422179,0.689929,-0.19014,-0.341902,-0.0434472,-0.123858,0.3148,-0.483076,-0.199333,-0.25697,-0.12027,0.479544,0.777209,1
0.184327,-0.223947,-0.231979,0.138189,0.297239,1.19099,0.53444,0.0118476,-0.220099,0.167659,-0.0308311,-0.113303,-0.392756,0.92511,-0.013603,0.402791,1.09598,0.940123,-0.068186,1.22614,0.299506,-0.204887,-0.0525366,0.0876751,0.0942002,-0.31591,-0.285405,-0.709326,-0.617702,0.503787,0.342555,0.527177,0.502689,0.907981,1
-0.872392,-0.16981,-0.760287,-0.927118,0.263054,-0.0777019,0.424049,0.309186,0.2736,0.212048,0.660818,0.561508,0.423664,0.719572,-0.678431,-0.134602,0.103358,-0.205862,0.69195,0.0267923,-0.0651062,-0.535884,-0.928594,0.453552,0.535495,0.213057,-0.38252,0.383804,-1.08227,-0.186674,-0.800547,-0.745235,0.442629,0.895064,1
0.421137,-0.182794,-0.704397,0.171367,-0.785437,-0.519573,0.522665,-0.206061,-0.121825,0.222391,-0.693055,-0.21286,0.62112,-1.12874,0.26847,0.457981,0.428184,-0.254536,-1.38855,0.433996,1.01447,0.542922,-0.504888,-0.0743137,-0.286196,-0.434798,0.215801,-0.162329,-0.0010388,-0.263507,-0.707883,0.20756,0.495507,0.849908,1
-0.357426,0.961089,0.265513,-0.528722,-0.542826,0.91185,-0.0837896,0.0600656,-0.31203,0.398241,-0.220145,0.215736,0.64873,0.980535,-0.904876,0.196727,0.514443,0.154923,0.621969,-0.749211,-0.0791537,-0.543372,-0.019929,-0.618409,0.568694,0.522821,0.0633291,-0.230189,-0.936395,-0.314964,0.258478,0.511658,0.570288,0.801779,1
-0.124787,-0.144887,0.423113,0.0724883,0.215085,0.734674,-0.0747977,0.854953,-0.214631,1.22389,0.461225,0.170311,-0.393843,0.668306,0.167794,0.269437,0.752909,0.000800701,0.0234248,-0.0409345,0.300481,-0.0600611,-0.127235,-0.970283,0.0389619,-0.782391,-0.811184,-0.465581,-0.267661,0.0716229,-0.404835,-0.0621412,0.492855,0.870493,1
-0.112045,-0.204112,1.06206,0.492559,0.466647,0.335951,-0.0213322,-0.806119,0.363494,0.21185,-0.958512,-0.460398,-1.65569,0.339248,0.370431,-0.0212566,0.235807,-0.988713,-0.851397,0.201026,-0.204768,0.375359,-0.17775,0.491067,-0.010529,-0.553368,1.23006,0.254064,0.203977,-0.839366,1.0305,0.762533,0.480924,0.787819,1
-0.551431,0.908932,0.0439406,0.350103,-0.256214,0.180862,0.905918,0.419241,0.124568,-0.00142886,-0.613133,-0.249246,0.658224,0.0996743,0.478833,0.32229,0.783679,-0.295703,0.326256,0.685764,-0.569735,-0.57388,-0.00321455,-0.589395,-0.265962,-0.176923,0.269943,-0.446787,-0.0722345,0.0370201,-0.378661,-0.70788,0.49921,0.848903,1
0.670248,0.175883,0.413833,0.168712,0.814876,0.111992,-0.264435,0.791276,0.10818,-0.635211,-1.23743,0.941734,0.541202,0.725854,-0.83277,0.317367,-0.307557,-0.410866,0.279061,0.0925827,-0.970489,0.261179,0.164122,0.197958,-0.182054,0.242208,-0.0219959,0.380299,0.0835185,-0.703658,-0.000571507,-0.143198,0.500584,0.833256,1
1.01139,0.749302,-0.61039,0.127854,0.0235104,-0.757598,0.655399,-0.125359,-0.0740285,0.187317,-0.505774,0.194087,0.292068,0.271382,-0.154065,-0.0230508,-0.523441,-0.0184587,-0.338821,-0.935121,-0.472647,0.253191,-0.103725,-0.509022,-0.428592,-0.467721,-0.629497,-0.152686,-0.545944,0.0754727,0.062626,-0.51601,0.468827,0.799112,1
-0.636782,0.419417,-0.150852,0.171087,-0.0977745,-0.0151913,0.296872,1.0551,0.39073,0.290741,-0.204224,0.322266,1.0571,1.31561,-0.16283,0.885661,-0.182208,-0.636542,0.73947,0.386291,-0.330946,-0.163285,-0.826811,-1.17155,-0.318733,-0.862694,-0.0593847,0.938095,-0.0476552,-0.91561,0.090907,0.989519,0.532533,0.920185,1
-0.394892,0.338926,0.116238,0.750203,0.29286,1.12098,0.135412,-0.149392,0.432069,0.0735718,-0.495462,0.0650469,-0.133893,-0.0839942,0.476943,1.3715,-0.423969,-0.364063,-0.0423389,-0.97114,0.316608,1.64468,-0.538448,0.720284,-0.211822,0.259557,-0.633972,0.164986,-0.215537,0.233875,0.531932,0.788419,0.556105,0.795029,1
0.149338,-0.105993,0.331496,-0.497381,-0.0169195,-0.14537,0.304748,-0.0198658,0.152493,-0.212943,-0.122921,-0.672477,0.667819,-0.821608,-0.245224,-0.000597008,-0.293399,0.283584,-0.38965,-0.354076,-0.281836,0.844894,0.222697,-0.713184,-0.545625,0.351519,-1.09546,0.599659,0.374822,-0.477035,1.22468,-0.630599,0.470713,0.884753,1
-0.761453,-0.737959,-0.377221,-0.242845,0.0798869,-1.28825,-0.697459,0.461094,0.354325,-0.0297419,0.656618,0.524136,0.448956,0.0854762,0.346361,-0.212204,0.0168288,0.0539789,-0.443471,-0.820952,0.482664,-0.333659,0.609782,0.546376,0.0801019,0.784643,-0.129018,-0.0647113,-0.456881,-0.133234,-0.625306,0.526605,0.574698,0.788406,1
-0.387185,0.597322,0.12375,0.274885,0.0729001,0.631893,0.439945,0.445107,0.183555,0.367617,1.07012,-0.12131,-0.392365,0.143409,0.342382,-0.583627,-0.950144,-0.212057,0.294823,0.851059,-0.959194,-0.242892,-0.186119,-0.464753,0.800893,-0.329,1.10513,-0.108549,1.16312,0.0699352,0.0118036,-0.50928,0.524191,0.939123,1
0.777173,0.47015,-0.252293,0.34013,0.421075,-0.496818,0.0787631,0.558565,0.430845,1.0566,0.419952,0.798819,-0.240623,-0.67135,-0.058086,-0.479318,0.261833,0.875421,0.714208,0.725049,-0.00669532,0.391507,0.0894906,0.42638,0.495479,-0.0883578,-0.36002,-1.07997,-0.188169,0.584622,-0.115249,0.142376,0.543695,0.807864,1
0.0594509,-0.523013,0.689586,0.127507,0.0223723,-0.218417,0.165614,-0.554253,0.981878,-0.316224,-1.0346,0.325299,-0.388273,0.467149,-0.268545,-0.616464,1.04969,0.533071,-1.31071,-0.667991,-0.278647,0.3606,0.66299,-0.0568244,0.382625,-0.0624683,0.22865,-0.602666,0.129392,0.103481,-0.0347364,-0.727432,0.469518,0.764421,1
0.0216784,-0.16034,0.00347586,0.284612,0.625904,-0.775926,-0.50482,0.271166,-0.0968818,0.593107,-0.384733,0.191016,0.136468,-0.162852,1.34798,-0.411786,0.296656,0.294307,-0.22448,-0.748021,0.48604,0.366623,0.485913,-0.16316,0.382043,-0.373049,0.156575,-0.622759,0.433784,-0.00808295,0.165909,0.531734,0.526918,0.918442,1
-0.485622,0.27555,0.157415,-0.424668,0.731403,-0.86306,-0.396825,0.0148367,0.517651,-0.731555,-0.260962,-0.675395,-1.71038,0.341698,0.411048,-0.0481504,1.1391,1.02067,0.26225,-0.105675,-0.601299,-0.193966,-0.609198,-0.688988,-0.395256,0.154074,-0.202948,-0.362932,0.66078,0.5583,-0.207372,-0.152735,0.542943,0.831353,1
0.968549,0.240645,-0.264797,-1.0781,0.838198,-0.528506,0.347016,0.273698,-0.445819,-0.0971922,0.131737,0.0984952,-1.21097,0.429563,-0.335794,-0.0825385,-0.353504,0.51375,-0.25426,-0.759283,0.332265,0.164742,-0.544203,0.181496,0.536611,-0.184409,0.0473034,0.4397,0.331698,-0.205924,0.483693,-0.389272,0.552632,0.885438,1
0.212952,-0.574129,-0.69487,-0.72381,0.345487,0.482181,0.440625,-0.331279,0.133153,0.40877,-0.492709,0.728798,-0.541274,0.838525,0.764491,0.24972,0.444884,-0.400073,0.0195044,0.573162,-0.16317,0.208746,-0.289904,-0.0352325,0.168949,-0.278815,0.190411,-0.00818285,-0.404499,-0.0914348,-0.0299486,0.716921,0.503993,0.894343,1
1.02375,-0.710791,-0.135897,0.742255,-0.131787,-0.40267,0.287839,-0.411396,0.50874,-0.24731,0.295333,-0.196416,-0.688126,0.152488,0.459423,-0.281355,0.00509632,0.173759,0.0311347,-0.446936,-0.390016,-0.354909,0.212741,-0.46724,0.31699,-0.519166,-1.03376,-0.0647731,0.227264,-0.0547888,-0.356143,0.255071,0.531906,0.798027,1
0.564573,-0.0347865,0.0790996,0.230151,0.541021,-0.253355,-0.339632,0.268617,0.189344,-0.23973,-0.208973,0.947948,-0.742997,-0.652494,-0.475534,-0.342845,0.359571,1.04427,-0.0526336,-0.0488318,-0.164535,-0.164729,-0.15194,-0.0659226,-0.248698,-1.0217,-0.00113238,0.843989,-0.156167,0.909275,-0.258842,0.160999,0.42846,0.871084,1
-0.289488,-1.44128,-0.337816,-1.03214,-0.259955,-0.151691,-0.225477,0.473302,0.291762,-0.312556,-0.283547,0.453091,0.38982,-0.838615,0.527016,-0.786416,0.422707,-0.242109,-1.46459,-0.522809,0.399939,-0.331432,0.230922,0.254038,-0.043695,0.184089,-0.858008,0.0144305,0.164022,0.257017,-0.190508,-0.773119,0.512282,0.930408,1
0.389507,0.965643,0.295583,-0.118019,-0.918829,0.35909,-0.287424,0.049802,-0.597408,-0.394893,0.140062,0.0827105,0.166876,-0.183047,-0.0494499,-0.0368512,0.418338,0.61074,0.881912,0.0965089,0.682266,-0.718626,-0.376961,-0.326325,-0.556061,0.429802,-0.0731755,-0.00773163,-1.05962,0.221145,-0.0888435,0.677211,0.463704,0.819541,1
0.0872368,-0.339014,0.346436,-0.845947,-0.205712,-0.249758,-0.689999,-0.764401,0.684365,0.846853,-0.00339208,-0.102296,-0.326018,-0.356711,-0.887221,-1.11901,-0.623677,0.0490639,0.12125,-0.746852,-1.36974,0.239772,0.059024,-0.0254521,0.842535,0.0286005,1.07311,0.615066,0.425098,0.0530249,0.401953,0.322986,0.483428,0.899948,1
-0.359526,0.115914,-0.170959,0.10937,-0.0345358,0.314927,0.273365,0.481394,-1.22631,-2.0335,0.0802915,-1.20263,-0.0404931,0.295261,0.650642,-0.309859,-0.112118,-0.472718,0.636584,-1.25132,0.256755,0.802886,0.305527,0.132096,-0.082602,-0.181122,-0.504519,0.235985,0.433627,-0.934035,0.624664,-0.664215,0.424233,0.845232,1
-0.978773,0.237763,0.333463,-0.0162918,0.252868,0.508924,0.421421,-0.104506,0.239889,0.503068,0.326157,0.500839,-0.359929,0.230124,0.440336,-0.915042,-0.37299,0.774926,-0.207449,0.519437,0.88785,-0.687787,0.319347,-0.0618845,0.425203,-0.512181,0.243716,0.143142,0.406454,0.457177,0.220923,0.874312,0.57417,0.811235,1
-0.179146,0.349245,-0.0449131,-0.326403,0.639486,1.05886,1.28493,-0.462838,0.421215,0.473848,-0.66968,0.0167345,-0.518268,0.465712,0.285741,-0.281214,-0.00819153,-0.133926,-0.253832,0.75676,-0.789779,-0.127756,0.0465289,-0.310826,0.86536,-0.0433891,-0.656751,-0.363789,-0.486294,-0.168603,0.640212,0.794055,0.499783,0.784754,1
0.317422,0.466559,-0.641033,-0.215627,0.709818,0.276993,-0.215486,-0.458452,0.0869568,0.612934,0.829461,-0.111929,-0.426247,-0.68949,-0.40905,-0.72676,0.370557,0.103984,0.187732,0.462567,0.193531,-0.589375,-0.523686,-0.883265,-0.225817,0.0667595,0.470847,0.384021,-1.03144,0.156918,-1.01454,0.404775,0.459215,0.826587,1
0.45048,-0.322796,0.219567,-0.702224,-0.487587,-1.0921,-0.314977,-0.819619,0.158755,-0.149145,0.722735,-0.246789,-0.648307,0.146311,-0.770016,0.869683,0.598993,0.35399,0.491838,-0.208238,-0.344829,0.581294,-0.282149,-0.539619,0.133456,0.519304,-0.760913,-0.370502,-0.940582,-1.09342,-0.949601,-0.540472,0.501836,0.851565,1
0.262497,0.379119,0.362306,0.173539,0.245793,7.95,0.303991,0.274385,0.262691,0.157319,0.189295,0.376116,0.374621,0.12043,0.160625,0.140598,0.247598,0.255148,0.113581,0.290988,0.141394,0.249569,0.321363,0.10354,0.236822,0.187284,0.353762,0.339681,0.287616,0.187971,0.397001,0.311969,0.52,0.82,1
0.227205,0.317307,-0.711048,-0.441281,0.570094,-0.41261,-0.140801,0.23332,0.923444,-0.547498,0.39913,0.546989,0.139104,-0.306198,0.089354,-0.393887,0.0719349,0.190292,-0.020159,0.000810052,0.492839,0.00356238,0.432216,-0.146909,-0.629828,-1.07882,-0.305417,-0.898302,0.0120018,0.175427,0.281902,-0.383353,0.57723,0.82694,1
-0.876183,-0.636185,-0.300425,0.0384098,0.0380705,1.02451,-0.405195,0.106047,-0.171134,0.756852,0.255685,-0.422791,-0.786374,0.0480934,-0.388139,-1.23433,-0.126965,0.0761735,-0.152827,-0.456111,0.666109,0.726242,0.673497,-0.0806628,0.668373,-0.168299,-0.0243635,-0.205805,0.0885583,0.445601,-0.13374,-0.203437,0.569623,0.822251,1
-0.108149,-0.0501072,0.659066,-0.142206,-0.335767,-0.168123,-0.0781496,-0.321739,-0.105472,-0.308567,-0.51649,-1.11652,0.283385,-0.716926,0.45593,-0.287054,-0.346965,0.0563226,0.824366,0.121636,-0.582536,0.0569768,-0.570964,0.424943,-0.227188,-0.730637,0.408112,-0.233119,0.371356,-0.140465,-0.691228,0.136724,0.522481,0.874085,1
-0.565603,0.118551,0.149215,0.684647,0.0336446,-1.03356,-0.48667,-0.314785,-0.286568,0.0243658,0.0466039,-0.216729,-1.07502,0.202168,0.694023,-0.0508557,0.478631,0.679884,0.074422,-0.423673,0.0433045,-0.157512,0.575054,-0.189366,0.128493,0.509359,-0.405398,0.34104,0.289451,-0.201114,0.40843,-0.581099,0.465992,0.841891,1
0.0433384,0.194386,-0.267503,-0.264125,0.134119,0.772998,0.227675,0.275587,0.559266,-0.00067145,0.593379,0.595205,-0.584274,-0.779335,-0.0447997,0.803531,-0.411425,0.107873,-0.159652,-0.417385,0.268593,-0.411236,0.447545,-0.941592,-0.0296897,0.367456,-0.0498814,0.314178,1.30585,-0.044623,-0.146349,0.0551824,0.529036,0.884228,1
-0.323286,-0.244569,0.402898,-0.438715,0.456486,-0.738302,-1.3171,0.19922,0.451058,0.465819,0.601282,-0.147478,-0.426054,0.633008,-0.349927,-0.740971,0.290908,0.0283258,-0.974376,0.111544,0.452699,0.774217,0.444062,-0.250453,-0.125107,0.390253,0.370564,0.777746,-0.49303,-0.821243,-0.116372,-0.50623,0.527933,0.861046,1
0.117173,0.202372,0.221448,0.633167,-0.601871,-0.407,0.185244,-0.728465,0.510289,-0.201279,0.00982085,-0.120056,0.266081,-0.875916,0.0171513,0.57354,-0.483621,-0.638506,-0.0931964,-0.523744,0.135792,-0.0366524,0.501364,0.358449,0.54617,-0.416215,-0.750282,-0.517851,-0.116412,0.85187,-0.309772,-0.472329,0.509764,0.863002,1
-0.164257,-0.225108,0.332075,-0.0251562,1.30595,-0.157317,0.462062,-0.785969,0.60749,0.250791,0.19586,0.30431,-1.0182,0.735657,0.569563,0.181271,-0.401631,0.312813,-0.391162,-0.164513,-0.31549,-0.745783,-1.10418,-0.0993587,-0.173642,0.33225,-0.0717729,-0.408287,-0.195474,0.779598,-0.283983,-0.0774328,0.578331,0.834946,1
-0.127853,0.600589,-0.101226,-0.475315,0.432817,-0.673794,-0.363297,0.94395,1.17104,-0.779655,0.768425,0.0415321,-0.602824,-0.71055,-0.510851,0.0386683,-0.338109,-0.28964,0.517193,0.42421,0.25496,0.13121,-0.00895713,0.533786,0.222584,1.09096,-0.357241,-0.106906,-0.683952,0.0599585,0.215462,-0.750609,0.543581,0.840801,1
0.78579,0.42405,0.404712,0.649926,-0.700521,-0.52886,0.475077,-0.399092,0.61046,0.353848,-0.00450783,-0.249202,0.13619,-0.724535,-0.00321905,-0.158169,0.0563818,-0.0989921,-0.501383,0.456473,0.0852695,0.527258,0.0368766,-0.352206,-0.742215,0.455083,-0.547917,-0.623147,0.290973,0.148785,-0.163018,0.0948908,0.423383,0.853416,1
-0.177494,0.450605,0.591872,0.943155,0.208938,-0.0364212,-0.649968,-0.291538,0.045867,-0.0595004,-0.22173,-0.203218,0.653044,-0.142673,0.613809,0.207117,-0.36012,-0.735809,0.150839,-0.0442812,0.106301,1.67797,0.540176,0.360928,-0.0998723,-0.566719,0.546285,0.272196,0.129476,-0.228233,0.883735,-0.249047,0.544191,0.862703,1
-0.334718,0.259258,-0.0532207,0.593598,-0.318525,0.644403,0.367915,0.592992,0.936056,-0.104696,0.00475757,-0.099747,0.511936,-0.306035,-0.494646,-0.463014,-0.102553,0.172082,-0.38437,-0.0222838,-0.319215,-0.945532,-0.260433,0.0957699,-0.602805,0.0100317,-0.544584,-0.522882,0.410853,-0.557516,0.393286,-0.345712,0.490376,0.927908,1
0.0643862,-0.112293,0.506406,0.216544,0.493172,0.345762,0.481124,-0.0548831,0.230038,0.294675,0.23995,0.132245,-0.0550805,0.668265,0.13485,0.949054,0.195146,-0.238035,0.568756,-0.366177,-0.422705,-0.0940762,0.342002,0.33876,0.102644,-0.561165,0.325489,0.0376584,0.0371937,-0.494583,-0.797184,-0.161432,0.443734,0.88808,1
-0.0783734,-0.193007,-0.384339,-0.820604,-0.15141,0.0017172,0.914486,-0.127744,0.610236,-0.287112,0.708539,0.483619,0.0860018,0.0139757,0.120942,0.966606,0.155505,0.496055,-1.15737,-0.996431,0.278898,-0.266093,0.106311,-0.018315,-0.180107,0.0395227,0.297072,-0.0908099,0.209129,0.201292,0.316104,0.324534,0.430273,0.785216,1
-0.165022,0.0318074,0.41343,1.235,0.773986,-0.288772,0.733634,0.553006,-0.268508,0.360117,-0.185302,-0.628508,-0.423702,0.34086,-0.280943,0.213485,-0.413677,0.785962,0.362676,-0.705984,-0.663382,0.617946,-0.931296,-0.681048,0.230726,-0.51829,-0.884055,-0.0701938,0.376935,-0.561907,0.105682,0.465461,0.447224,0.796716,1
0.498776,-0.258468,-0.20008,-0.122295,0.91601,0.189332,-0.386751,0.0488751,0.0790525,0.512836,0.00377538,-0.0195238,1.03539,-0.17729,0.0805744,-0.923626,0.508891,1.06825,-0.10708,-1.01053,0.1715,-0.174611,-0.203095,-1.04357,0.171042,0.151322,0.554248,0.18935,-0.665914,1.24076,-0.349551,-0.180582,0.478686,0.890188,1
0.0883737,0.376077,-0.0621615,0.0676671,-1.22976,0.0526718,-0.219377,-0.500691,-0.579621,-0.968838,0.476692,-0.697776,-0.0239605,0.135326,0.994796,0.329879,-1.0961,0.148587,-0.833026,0.229909,0.23122,0.0443506,0.208361,0.183792,0.324364,-0.164413,0.0704262,-0.187008,-0.393785,-0.0119612,-0.549209,-1.01008,0.503452,0.811161,1
-0.49992,0.139544,-0.184897,-0.217811,0.120353,0.229907,0.680879,0.173173,0.782625,-0.115748,0.0903439,0.415007,-1.21823,-0.681579,0.501724,0.888936,-0.0810861,0.00115868,-0.452248,0.100075,0.972704,0.31414,0.900763,0.0626928,0.254302,-0.179109,0.649743,-0.439061,0.792498,-0.506836,-0.0708275,-0.804398,0.433379,0.789991,1
0.0296021,-0.00938575,0.0714225,-0.0431088,-0.0469474,0.606288,-0.279432,-0.961423,-0.615057,0.280824,-0.725316,1.16282,-0.0216952,0.130013,-0.469711,-0.281883,0.350169,-0.327255,0.906694,-0.296487,0.0231514,-0.379677,0.601455,-0.231379,0.0258812,0.00748809,0.429699,0.21229,-0.271221,-0.184912,1.25886,1.22753,0.463455,0.819132,1
-0.0586382,-0.805189,-0.511923,0.208623,0.638357,0.321872,0.154466,0.0173126,0.40913,-0.401096,0.535963,0.146722,0.202844,-0.188863,0.139327,-0.240564,-0.850576,0.257451,0.0791492,-0.26767,0.0594935,-0.410948,0.440183,0.141914,-0.810871,-0.537363,-0.0492267,-0.282466,-0.487823,0.130176,-0.159581,0.302016,0.459919,0.81319,1
-0.245787,-0.14627,-0.348502,-0.77284,-1.07402,-0.357363,0.559997,-0.847824,0.165597,0.0501134,0.0288248,0.431481,-0.362416,0.649487,-0.0200036,0.257491,0.321514,-0.208661,-0.292837,-0.417115,-0.232644,0.48218,-0.0779698,-0.701121,0.191653,-0.205219,0.37731,-0.292046,0.849773,-0.221006,-0.939954,-0.708078,0.429747,0.807258,1
-1.02766,-0.607043,0.00386675,0.23034,-0.245797,-0.466299,-0.416278,0.178653,-0.431364,0.722693,-0.536516,0.572173,-1.15654,0.455732,-0.585185,0.176848,-0.179119,0.0793254,-0.133334,0.311046,-0.158582,0.0562801,-0.19164,0.920964,-0.0704312,0.277254,-1.09612,-0.616998,0.960571,-0.0817586,-0.150214,-0.927319,0.423056,0.898854,1
0.463671,-0.0968062,-0.124965,0.961757,-0.0220461,0.136964,0.0933371,0.147484,-0.868486,-0.0132515,0.0488731,-0.69237,0.71659,-0.502622,0.784014,0.250247,0.479722,0.406411,1.5163,0.0262033,-0.704943,0.817853,-0.605543,0.619519,1.17148,-0.0735245,-0.725574,-0.225621,0.791251,0.862887,0.708123,0.263133,0.516622,0.900461,1
-0.206106,0.00135795,0.399259,-0.0208128,0.485314,0.262057,0.139115,-0.557184,0.27916,-0.196931,-0.0958082,-1.07288,0.662784,0.662006,0.602078,-0.967374,0.0553872,-0.472773,0.281121,0.349912,-0.600604,-0.192257,0.442651,-0.337231,0.714111,-0.531884,-0.413353,-0.382047,-0.641081,0.036226,0.0332145,0.200694,0.533546,0.858534,1
0.742317,-0.79066,-0.0673525,0.248642,0.207819,-0.231173,-0.220241,-0.399134,0.316005,0.298268,0.0771497,-0.112381,-0.346712,-0.00798713,-1.34576,-0.715074,-0.544781,-0.201056,0.943602,0.463818,-0.311816,-0.0907618,0.48837,-0.401794,0.169921,0.77629,-1.35448,-0.131047,0.342247,0.0695048,0.696967,-0.673878,0.479221,0.760877,1
-0.0425621,-0.606972,0.52785,-0.150085,0.312121,-0.798168,0.236186,-0.133076,-0.223986,-0.0702035,-0.0866338,0.236945,0.0713779,0.691418,-0.393757,0.260634,0.0214617,0.440528,1.29403,0.120563,0.748722,-0.241735,-1.1291,1.47274,-0.0803668,0.0658035,-0.327397,0.20433,-0.050261,-0.31786,0.416342,-0.360208,0.478068,0.760126,1
0.0346565,-0.357538,-1.07159,-0.255476,0.0479253,0.385981,-0.0234788,0.202132,-0.399486,0.0802678,-0.231874,0.199307,-0.496897,-0.501182,0.140317,0.249082,-1.40774,0.586819,-0.176265,-0.809571,-0.633885,-0.0821348,0.0385885,0.211373,-0.640056,0.675288,0.0258469,-1.02726,0.292789,-0.0827221,0.052696,-0.529969,0.578041,0.787463,1
0.231624,-0.172692,0.967007,1.42588,-0.584311,0.792404,-0.533493,0.0412817,0.0933333,0.996066,0.703849,-0.0548894,0.981724,-0.0231861,-0.174259,-0.830781,0.654821,0.451157,-0.392619,0.841262,-0.0885182,0.259459,0.22081,0.681686,-0.0459984,0.0232032,0.183756,-0.76467,-0.622101,-0.152661,-0.664246,-0.907538,0.430264,0.865029,1
1.01876,-0.259648,0.445732,0.99312,0.350449,0.336857,0.0852854,0.282927,1.15478,0.254401,-0.686421,0.288618,-0.0273658,-0.320336,-0.161576,0.705474,0.326932,0.291517,0.0609115,0.442103,-0.207522,-0.728005,0.218615,0.195109,0.319086,0.571085,-0.443278,-0.248332,0.126713,0.46726,0.336692,0.633921,0.504598,0.898094,1
-0.241544,-0.680914,-0.140558,0.0254385,0.000384329,0.141392,0.00709736,0.30341,0.133442,0.0443179,-0.231331,-0.11547,0.787054,0.876535,-0.0675856,0.115156,-0.375278,-1.06821,-0.106252,1.44947,-0.210331,0.376925,-0.419941,-0.117663,0.217091,0.591726,-0.347126,0.193158,-0.0943993,-0.760361,0.179597,-0.695342,0.564376,0.93422,1
-0.606864,0.237826,-1.15532,0.0683471,-0.88633,-0.661951,0.595771,-0.148889,1.26749,0.078495,-0.218501,-0.315272,-0.457656,-1.35772,-0.204521,-0.48634,-1.32486,-1.26592,-0.103817,0.0563191,-0.409064,-0.726538,-0.534399,0.211164,0.408523,0.619061,0.373651,-0.208737,-0.236799,0.236533,0.642021,-0.0452701,0.438326,0.763862,1
0.415779,0.0575209,0.268247,1.24548,-0.272233,-0.28677,0.453643,0.541925,0.499775,-0.108373,0.412409,-0.101199,0.00767479,-0.217542,-0.0754552,0.797805,-0.368735,0.101399,0.867082,-0.167307,0.183223,0.368785,-0.448017,-0.526923,0.451146,0.452486,0.195785,0.296103,-0.25597,0.284467,0.273349,-0.0541468,0.441936,0.849963,1
0.701977,0.246799,0.00883807,0.198177,-0.0677953,-0.376104,-0.489771,-0.139627,-1.08951,-0.712127,0.129801,-0.353321,-0.139812,-0.632834,1.14112,-0.0969913,0.206905,0.0674554,-0.308385,-0.242466,0.208162,0.506765,-0.753978,-0.333198,-0.47148,-0.465188,0.201064,0.325776,0.969365,-0.239304,-0.20961,-0.900189,0.579463,0.872589,1
-0.00858935,-0.553997,-0.341543,0.298453,-0.0524557,-0.421655,0.00274394,-0.719767,1.55796,0.27569,0.148503,0.324561,0.69698,0.0927302,0.605701,0.297683,-0.268623,-0.159628,-0.451039,-0.361985,0.53821,0.741621,-0.489847,-0.449829,0.0532026,0.22125,0.391551,-0.0468488,-0.59653,0.462736,0.886443,1.03185,0.445318,0.776966,1
-0.0881017,-0.560599,-0.2353,0.380199,-0.51442,-1.10898,-0.201586,-0.720199,0.216064,0.046971,0.600406,0.293498,-1.26119,-0.193384,0.116418,0.0571703,0.0696872,-0.803037,-0.0995216,0.109066,-0.942849,-0.168708,-0.130954,0.678118,0.439023,0.830059,-0.335426,-0.0158878,0.217197,1.23343,-0.650103,-0.295634,0.558261,0.808227,1
0.356996,-0.0557309,0.170926,0.21056,-0.380207,0.168187,0.105171,-0.180147,0.117927,0.501692,0.678044,-0.527668,-0.226699,-0.0885814,-0.87071,-0.621312,0.573144,-0.216388,0.0412169,0.273151,0.0948452,0.0361469,0.185251,-0.971546,-0.0341826,0.407531,0.102948,0.587589,-0.415455,0.227469,0.47265,0.198244,0.565389,0.803657,1
-0.438114,-0.286212,0.0249143,-0.150644,-0.0910541,0.0280986,0.170295,-1.1711,-0.109106,-0.579993,0.177168,-0.14579,0.361483,-0.0855832,-0.103339,-0.740557,-0.197008,-0.804469,1.04751,0.77051,-0.228155,-0.236778,0.211845,0.0618837,0.0219731,0.707391,-0.373392,-0.706595,-0.286387,0.0363269,0.118905,-0.0058708,0.495245,0.859471,1
-0.279496,0.331073,0.222598,0.369919,0.436766,0.677081,-0.917706,-0.598973,0.00256707,-0.167958,-0.356466,1.01203,0.0952814,0.103026,-0.631279,-0.856806,-0.455341,-0.416823,0.0845618,-0.811706,0.606662,-0.15034,-0.335988,-0.566678,0.0178885,-0.464048,-0.234701,-0.236232,-0.19173,-0.0122697,-0.79884,0.702563,0.553761,0.838142,1
-0.0872175,-0.198241,0.7163,-0.472652,-0.905468,0.493459,0.967315,0.250104,-0.194346,-0.703859,-0.780914,0.0980181,-0.551933,1.1716,0.000777479,-1.21337,0.371361,-1.23203,0.726084,0.1067,-0.236581,0.26604,0.0245531,0.725978,-0.0401281,0.798701,0.195992,-0.453893,-0.0537829,-0.385605,0.856203,-0.78755,0.476251,0.786661,1
0.459949,0.135873,0.17998,-0.639845,0.258103,-0.143793,-0.257396,-0.98544,-0.324507,-0.160612,-0.125181,-0.00276566,0.082878,-0.14193,-0.0286569,-0.143965,-0.245099,1.06901,-0.0877533,-0.772513,0.161097,0.6863,0.775668,-0.28419,0.711613,0.594094,-0.441849,0.258771,0.242549,0.379991,0.119075,-0.448325,0.5051,0.81182,1
-1.18166,-0.13485,-0.101103,-0.0458114,0.37437,-0.573341,-0.232375,-0.0833941,0.369518,0.169073,-0.197011,-0.502887,0.275927,-0.472446,0.710249,-0.0477283,-0.125851,-0.105525,-0.257313,0.927969,0.396274,0.510679,0.258806,0.0920613,-0.0685727,0.223426,0.37027,-1.01399,0.329961,-0.925285,0.333531,0.222326,0.422534,0.859754,1
-0.520936,0.116739,-0.636959,-0.816277,0.752224,-0.163855,0.138685,-0.209947,0.450264,-0.658812,-0.512954,0.895113,-1.07958,0.184145,-0.0435405,1.0749,-0.488959,-0.353326,-0.504761,-0.424322,0.286662,0.391584,0.107285,1.34414,-0.268447,-0.506609,-0.364134,0.425594,0.288499,-0.201643,0.270456,-0.470731,0.445846,0.796113,1
-0.144846,0.219172,0.017043,-0.267168,-0.512519,0.148427,-0.743021,0.817496,0.363375,0.76336,-0.6446,-0.540743,0.203566,-0.0104662,-0.442671,1.01462,-0.209967,-0.195647,1.05932,0.376816,0.767282,-0.619694,-0.562692,0.247231,0.0255187,-0.451752,0.615744,0.284153,-0.185977,-0.0526447,-0.169069,0.177269,0.574971,0.849549,1
0.44082,0.0857874,-1.06982,0.617699,0.67342,0.00256751,0.782163,0.190757,-0.241368,0.206109,-0.623351,-0.593111,0.128182,0.110675,-0.159936,-0.80804,-0.319454,1.06828,-0.381285,-0.0211996,-0.0479247,0.644754,0.314627,-0.846989,-0.594241,0.343848,-1.02125,0.00450789,-0.273207,-0.632557,-0.816898,-1.20649,0.461118,0.85496,1
0.142252,0.344505,0.176888,-1.33713,-0.284205,-0.76209,-0.00784537,0.549058,0.404635,-0.713276,-0.00826016,-0.599169,-0.377842,0.261785,-0.758989,-0.00536082,-0.0738821,0.224394,-0.368221,0.22378,-0.189085,-0.231035,-0.278917,0.0693159,0.418885,-0.10836,-0.267201,-0.0385494,0.014407,0.424028,0.0607764,0.583328,0.46844,0.792494,1
0.617803,-0.218177,-0.342287,1.39729,-0.119017,0.586729,0.089249,0.867254,-1.02734,-0.369449,1.30555,0.443438,-0.462615,0.204798,0.104675,0.316599,0.54735,-0.580651,0.249819,1.0458,0.333219,-0.127395,0.0980121,0.0934635,0.577007,0.372857,-0.224176,-0.355774,0.103818,-0.0772589,0.134634,0.346769,0.530531,0.891538,1
-0.197676,0.101066,0.00471999,-1.02711,-0.217597,-0.128359,-0.0194673,0.242857,-0.13853,0.477406,-1.01173,-0.595229,-0.204843,-0.673529,-0.328157,-0.393389,-0.643862,0.160349,-0.659243,0.25035,0.111962,-0.32293,0.296582,0.360046,-1.35067,0.158294,0.580834,-0.790759,0.516726,-0.0312171,0.291474,0.0625596,0.570321,0.775963,1
-0.6743,0.174743,0.121956,-0.469294,-0.366923,0.238242,-1.12955,-0.535054,-0.402577,0.4493,-0.162318,0.451752,0.416382,-0.458222,0.203538,0.0278741,0.463083,0.456846,0.0867476,-0.756472,-0.352932,-0.234549,0.339265,-0.473698,-0.356808,-0.330779,0.193609,-0.0527973,0.0100096,0.267417,-0.472811,0.108463,0.542011,0.801632,1
-0.515564,0.12759,-0.159918,-0.861857,0.400172,0.487642,-0.643997,0.35887,0.0718744,0.834972,-0.635889,-0.359574,0.45662,-0.232431,0.0216035,0.37229,0.0379646,-0.453197,-0.509039,0.555966,-0.304505,-0.474731,-0.879836,0.148134,-0.24679,-0.0107624,-0.584515,0.862418,-0.397018,-0.132689,-0.418476,-0.456613,0.541403,0.874245,1
-0.393002,-0.520638,-0.202698,0.594724,-0.655747,-0.0179037,-0.573961,-1.21927,0.433263,0.877022,1.34393,0.254387,-0.0265656,0.850137,-0.242172,0.473716,0.378297,0.908985,0.0995504,-0.0611835,0.382811,0.156902,0.469518,-0.267227,-0.0238626,-0.57078,-0.255935,-0.128236,1.03972,0.585173,0.491442,-0.37975,0.447703,0.882098,1
-1.22927,-0.728273,0.240398,0.865706,0.422277,0.719946,0.665905,0.515741,-0.829242,0.80457,0.0185753,-0.59709,0.216456,0.608732,-0.556395,0.242917,0.398594,0.259887,-0.180682,0.289045,0.431714,-0.0371581,-0.0436394,0.357974,-0.0870219,-0.585929,-0.080544,0.125917,0.153719,0.0611264,-0.656083,-0.155962,0.547995,0.784306,1
-0.579476,0.352524,0.0113443,-0.00784446,-0.943704,0.0482075,0.638239,-0.731618,0.525547,-0.314168,-0.294142,0.59646,0.428094,0.326077,0.0788099,-0.0408421,-0.105431,-0.0683369,-0.11713,-0.0886065,-0.725899,-0.722873,-0.849296,0.525392,-0.0103822,-0.931768,0.165386,-0.33338,-0.0095264,-0.0290982,-1.29647,0.465861,0.526819,0.838849,1
-1.15883,-0.645977,0.0476031,0.227203,0.29734,-0.438997,-0.414072,0.527782,0.276332,-0.525564,0.0711981,0.428145,-0.0319904,0.040535,-0.592537,0.644307,0.686869,-0.0459015,0.0823842,0.393158,-0.300556,-1.09752,0.581239,0.672473,0.0353011,-0.0569124,-0.19626,-0.701675,-0.367636,1.06264,1.45117,-0.232336,0.559329,0.866177,1
-0.988286,0.0475006,-0.0496242,0.131449,0.179464,-0.190786,0.00256796,0.0303825,0.69782,0.706733,0.373655,0.235761,-0.0926737,0.690833,0.179116,0.00848041,-0.508628,0.833754,0.215449,-0.0105557,-0.0227057,1.14351,-0.416518,0.636053,0.562735,-0.175228,0.421982,-0.65767,0.0626952,0.730554,-0.191939,0.524407,0.529356,0.859068,1
-0.207266,-0.0745414,0.23692,-0.346815,-0.247043,-0.633548,1.11551,-0.786979,0.358125,-0.672373,0.29823,0.445516,0.355114,0.113469,-0.144767,0.816063,0.263211,-0.384131,-0.324814,0.386603,-0.145197,-0.0226422,0.0455301,-0.0816592,-0.344792,-0.966265,-0.178243,0.0941358,0.419833,-0.528489,-0.255349,0.220256,0.446022,0.910268,1
0.331629,0.631109,0.41973,0.524206,-0.0653855,-0.757268,-0.338401,-0.441347,-0.213984,-0.788169,0.15023,-1.1107,0.267272,-0.838627,0.10372,0.207039,0.187091,-0.763864,-0.34739,0.341593,-0.559806,-0.643655,0.515876,0.039692,-0.300214,0.20219,-0.148764,-0.409498,0.179078,-0.0508352,0.683577,0.0171334,0.576241,0.854608,1
0.507589,-0.2776,0.346102,-0.331671,-1.26549,0.257349,-0.667153,0.10573,0.0425067,0.333369,-0.693087,-0.322551,-0.468021,-0.595766,-0.573512,-0.367655,0.281823,-1.80403,-0.545481,-0.0367133,0.364806,-0.19865,0.00857708,-0.389573,0.463826,-1.0276,-0.241474,0.462021,0.126813,0.607077,-0.360596,0.577531,0.572527,0.851841,1
-0.442266,0.192483,0.295557,0.271427,0.198695,-0.376952,-0.220196,0.164781,0.101418,-0.316335,-0.215386,-1.79795,-0.0930487,-0.306477,0.505843,0.270202,-0.631795,-0.314938,0.172215,-0.294088,-0.202791,-0.108634,-0.590329,-0.0692909,-0.357766,-0.20484,-0.395515,0.149214,-0.00225968,0.328801,-0.312193,-0.207051,0.568947,0.773716,1
-0.101912,0.39385,0.484168,-0.0925549,-0.21577,-0.772353,0.241123,0.695601,0.404678,0.993856,0.0989253,-0.439882,-0.866378,0.316009,-0.370583,0.11962,-0.307182,0.0448959,-0.0708057,0.195121,0.428508,0.676364,-0.978338,0.213955,0.904472,-0.791349,0.40073,0.0762207,-0.0884915,0.672482,0.543595,-0.298987,0.564338,0.901513,1
-0.468104,-0.177834,0.291561,-0.212007,-0.637554,-0.174368,-0.0745205,-0.78052,-0.859998,0.183965,0.071098,-0.197024,0.114489,-0.162722,0.449632,0.302206,-0.337295,-0.388408,-0.735629,-0.244347,0.141406,-0.304065,-0.365145,-0.914903,-0.38893,0.144659,-0.620241,0.13801,0.984091,-0.166754,0.378723,0.340073,0.429186,0.863058,1
0.294163,0.239642,0.276926,0.384645,0.0984809,-1.25494,0.143105,-0.0595508,-0.109541,0.0877618,-0.39115,-0.772048,-0.0279707,0.0882179,0.1369,0.0526631,0.453992,-0.0686512,0.46304,0.0174372,-0.0523145,-0.357799,0.589774,-0.682483,0.00583536,0.991566,0.49994,-1.08304,-0.475586,0.133627,0.508178,-0.0611019,0.57828,0.797598,1
-0.0834759,0.8773,0.326373,0.0116349,-0.144555,-0.00598434,0.47676,0.415803,0.159519,0.00558976,-0.214426,1.06212,-0.0171028,-0.0546163,-0.582464,0.897383,0.228214,0.123919,-1.27582,0.0816147,-0.797422,-0.261142,-0.119778,0.0260167,0.117145,-0.419421,-1.20976,0.541999,-0.798297,-0.772099,0.667507,0.187192,0.561264,0.81731,1
0.767278,0.698807,-0.135573,0.0829301,0.47546,0.211723,-0.11507,-0.716217,-0.829931,-0.1628,-0.198825,0.240489,0.154157,0.16901,-0.468096,-0.735437,0.102393,0.0403124,-0.309191,-0.059896,0.502249,-0.31551,0.465715,0.165592,-0.0959772,0.177571,0.340087,0.0646514,-0.662751,0.411419,-0.591798,0.179208,0.444698,0.814494,1
0.0877312,0.39609,-0.337892,0.476403,-0.384847,0.390889,-0.0978252,0.0371665,-0.664056,0.552865,0.541983,0.00854243,0.209269,-0.881388,0.859841,-0.214178,-0.889603,-0.24535,0.369305,0.168272,0.461301,0.42981,0.298181,-0.768115,0.452772,0.0586299,-0.0767878,-0.332412,-0.269969,-0.0583797,-0.830134,-0.409076,0.520631,0.774921,1
0.814424,-0.267365,0.0929361,-0.519789,0.597596,-0.365307,-0.333551,-0.0274399,-0.428673,-0.505729,-0.133544,0.469828,0.0809391,-0.17387,0.507037,0.492627,0.439603,0.533678,-0.603198,0.442098,0.696165,0.348186,0.035597,-0.285647,0.877007,0.400003,-0.50435,-0.593963,0.256376,-1.00753,0.373273,0.304835,0.537825,0.787713,1
-0.50734,-0.0530456,0.125799,0.230491,-0.202972,-0.332716,0.144325,-0.266966,0.020818,-0.606432,-0.145226,0.118847,-0.237443,0.0530456,0.16749,0.367046,0.430349,0.574059,-0.403573,0.0583732,0.0971187,-1.21753,0.277769,0.846103,-0.739592,-0.268688,-0.344256,-0.485764,0.0899314,0.0452021,-0.0442803,1.02271,0.420831,0.818105,1
-0.459668,0.326394,0.246363,-0.361726,0.333291,-0.586839,0.155099,0.358634,0.382132,-0.361353,0.708128,0.0498054,0.0209818,0.254809,-0.106005,0.199188,-0.361816,0.410471,0.0698802,1.73593,0.365839,0.781373,0.337563,-0.729878,0.715755,1.10777,0.092242,0.720905,-0.0339018,1.18167,-0.0803439,-0.213786,0.504298,0.868369,1
-0.333587,-0.43948,0.923852,0.324377,0.868229,-0.554399,-1.09662,0.340123,-0.0600705,-0.0387301,-0.312871,-0.213981,0.711461,0.484009,0.577246,-0.302458,0.0256837,0.146377,2.66147e-05,-0.107146,-0.221365,-0.465819,-0.11842,0.440728,0.545853,0.533049,0.434107,0.0890674,0.499837,-0.595668,-0.819883,0.381116,0.439307,0.767616,1
1.08324,0.00362485,0.0509905,-0.0249569,-0.207466,0.301715,-1.61207,-0.186696,0.590483,-0.199988,0.956701,0.379609,-0.611744,0.171133,-0.0515256,-0.106004,0.917517,-0.432923,0.0146017,0.0648802,0.863486,-0.233755,0.0796453,0.285009,-0.622031,0.339081,-0.265973,-0.612337,-0.240998,-0.283694,0.309185,0.402983,0.42603,0.796355,1
0.344664,0.435608,0.399916,0.29464,-0.157325,-0.226752,-1.0123,0.40176,0.728573,-0.314035,0.429858,0.104295,0.485898,1.19657,-0.651154,0.514848,0.621171,-0.296021,0.519118,0.0705471,-0.173403,-0.0529424,-1.42724,-0.668575,0.669347,-0.402929,0.393488,-0.555844,-0.171335,0.394375,0.875156,-0.416072,0.494487,0.800356,1
0.31403,-0.447872,-0.244653,-0.515547,0.672471,-0.0041982,1.71601,-0.287421,-0.232576,0.309985,0.0828133,0.0203187,0.699826,-0.0291637,0.550792,-0.381537,0.208292,-0.373256,-0.682911,0.674219,0.310991,-0.493188,0.389108,0.495348,-0.694195,0.103305,-0.433778,0.469374,0.00197845,-0.067402,-0.46216,-0.451677,0.497031,0.798818,1
-0.095158,-0.108012,0.142162,-0.79059,-0.252331,0.788297,0.480378,-0.796415,-0.210175,-0.385927,-0.0625888,-0.502853,-0.151293,-0.0442944,0.465545,-0.968301,-0.357696,0.183684,-0.116909,0.66482,0.621429,0.730302,-0.00531485,0.110504,-0.0458207,-0.0368912,0.298364,-0.159956,-0.0144685,1.25471,-0.0365937,-0.258467,0.453984,0.823843,1
-0.532796,0.629007,-0.110554,0.472786,-0.038467,-0.0655712,0.0650677,0.5706,0.450705,0.197289,0.393562,-0.0831054,-0.973143,0.0145418,0.128089,-0.351101,-0.25075,-0.664316,-0.459603,0.918977,0.241997,-0.148976,-0.180714,0.189918,0.249513,-0.519719,0.374903,-0.364555,-0.00012518,-0.212334,-0.302012,0.173583,0.484248,0.949816,1
-1.32793,-0.172182,-0.408361,0.16773,0.00101932,-0.634196,-0.304565,0.414392,-0.518034,0.761537,-0.0956073,0.767726,0.058774,0.15625,-0.12778,-0.170385,-0.23155,0.189826,-0.534119,1.10695,0.223409,-0.281211,0.261526,-0.48948,-0.724843,0.484648,-0.5877,0.12035,-0.15258,0.325243,-0.645249,0.126071,0.451098,0.922666,1
0.300563,0.394022,0.16475,0.185644,0.337446,7.95,0.234427,0.234933,0.367431,0.182377,0.276968,0.1846,0.303404,0.386068,0.363823,0.215979,0.104656,0.388522,0.15998,0.167155,0.255895,0.122124,0.384212,0.183264,0.142433,0.333148,0.209825,0.327205,0.135602,0.272808,0.271702,0.386069,0.52,0.82,1
0.243907,0.249306,0.142087,0.263846,0.233375,7.95,0.124432,0.157329,0.298861,0.216416,0.113423,0.319947,0.302003,0.274676,0.314786,0.334169,0.173235,0.214518,0.158313,0.180336,0.136656,0.290722,0.312055,0.288287,0.150435,0.162795,0.305319,0.287348,0.248206,0.391609,0.145006,0.111603,0.52,0.82,1
0.481072,-0.00762849,-0.201033,-0.00461284,0.0389942,-0.833113,0.1816,0.819184,-0.201345,-0.15112,1.63568,0.472785,0.546255,0.433797,0.8388,-0.537621,0.579465,-0.306794,-0.414665,0.359503,-0.16479,-0.448905,0.133981,-1.19005,-0.397897,0.291008,-0.142006,-0.172344,0.111876,0.0439761,0.564203,0.0786654,0.447527,0.771401,1
0.264891,0.138641,-0.230667,0.341126,0.549327,-0.273804,-0.295801,-0.324853,-0.574015,0.273894,0.688707,0.0875106,-0.500821,-0.516907,0.572299,-0.137744,0.316975,-0.320014,0.583707,-0.389663,-0.545901,0.190314,-0.334343,0.473757,-0.117123,-0.503973,0.163738,-0.00526631,-0.196052,0.00426474,0.372249,-0.848902,0.455241,0.849486,1
0.977205,0.298682,0.148289,0.527976,0.148545,-0.420902,0.910458,0.175839,-0.195649,0.638293,-0.138397,0.336699,-0.55651,-0.106556,-0.765183,-0.261894,-0.943554,-0.449949,0.238709,0.0207173,-0.118839,-0.474384,0.616358,-0.382327,-0.284387,-0.0199396,0.199567,-0.34569,0.170904,-0.218571,0.344644,0.279521,0.542488,0.835383,1
0.552769,0.598581,0.737779,-0.238149,-0.391212,1.06721,0.20234,-0.468838,1.48811,-0.193663,-0.268556,-0.189938,0.481663,0.264643,-0.163874,0.376025,0.0224491,-0.145652,-0.839141,-0.125471,-0.111042,-0.925332,0.40008,-0.4304,-0.177386,0.333026,0.900256,-0.00617518,0.593989,-0.318252,0.367496,0.516281,0.533649,0.773278,1
0.730552,-0.39119,0.26553,-0.439862,0.44036,-0.24828,0.0405609,-0.390053,0.268456,-0.24671,0.0241369,0.234414,-0.331994,0.476667,0.267366,-0.728712,0.415631,0.0731325,-0.42926,-0.378928,-0.350678,-0.0213742,0.110035,0.290357,-0.0571429,-0.282701,0.557393,-0.68914,0.807866,0.195651,-0.112662,0.16359,0.487367,0.829648,1
0.378717,-0.617057,-0.145158,-0.114107,0.650363,0.0454442,0.321504,-0.181362,0.0416339,0.167475,0.497365,0.550263,-0.366394,-0.374836,-0.145636,-0.448301,-0.261186,-0.00678627,-0.282023,-0.208326,-0.262181,-0.291619,0.205193,-0.189165,0.326371,0.242338,-0.176953,-0.141285,-0.352774,-0.331004,0.433408,0.558657,0.513597,0.805658,1
-0.0264339,-0.44587,0.448661,-0.00679543,0.211279,-0.712155,0.0373206,-0.582142,0.039942,0.340176,0.621844,0.51408,-0.414327,-0.0264532,0.128333,0.211507,-0.159847,-0.391121,-0.719733,-0.836162,0.627298,0.154628,-0.698975,-0.252259,-0.489033,-0.2535,0.602715,-0.507778,0.416014,-0.283917,-0.29208,0.320467,0.550169,0.889371,1
1.56758,0.347635,-0.239674,0.0894833,-0.434713,-0.424659,-0.82466,0.31427,-0.389245,0.327051,0.225622,0.301336,-0.190708,0.948907,-0.128315,0.602412,0.598198,-1.18009,-0.728665,0.11962,-0.00984936,0.22715,0.486138,0.315874,0.445084,-0.600375,-0.727595,-0.160789,1.01521,0.722127,0.163914,-1.37648,0.476331,0.858232,1
-0.119059,0.328095,-0.0455538,-0.418471,0.237054,0.325067,0.675102,-0.28701,-0.103173,-0.352137,0.939519,-0.363142,0.396329,0.0256567,0.0172203,-1.06691,0.119924,1.12904,0.356279,-0.196963,-0.394878,-0.628861,0.0187998,-0.249138,-0.219705,0.0791892,0.469438,0.254139,0.213059,0.987731,0.51347,0.066787,0.577372,0.822288,1
0.322432,-0.470873,0.573104,0.627712,0.495565,0.441089,-0.276179,-0.389582,0.39255,0.357665,-0.100087,0.294751,-0.155951,-0.180885,-0.179389,-0.151949,-0.777504,-0.370441,0.496918,-0.095961,-0.673139,0.83919,-0.593967,0.0763119,0.02104,-0.137519,0.575899,-0.255491,1.02095,-0.103804,0.557747,0.454651,0.439283,0.798333,1
-0.0102584,-0.784049,-0.557756,-0.27101,-0.0716652,0.546246,-0.123671,1.15293,-0.546436,-0.345332,0.927485,0.0411713,-0.613381,-0.0024324,-0.850001,0.797262,0.207751,-0.473426,-0.374933,0.46406,0.372036,-1.1871,-0.219524,1.09385,0.464268,-0.861318,-0.3297,-0.258326,0.0282132,0.00335743,-0.375294,-0.0289357,0.559546,0.799867,1
-0.294019,0.235671,-0.184249,0.687146,-0.160773,0.065571,0.771444,0.762548,0.344654,0.220309,-0.298754,0.00300245,0.28794,0.237687,-0.0460689,0.0591992,-0.426563,0.250489,0.553154,-0.255194,0.229375,0.506546,-0.104316,-0.231096,0.278084,-1.20375,-0.166292,0.718936,-0.0833206,0.216359,-0.223161,0.384222,0.561145,0.841903,1
0.644165,-0.907789,0.713208,0.187328,-0.393644,1.04744,-0.68102,0.353067,-0.44312,0.0820618,-0.54371,-0.571723,0.103727,-0.327225,0.191503,0.0496917,-0.756323,-0.577169,0.216559,-0.625288,0.0173382,0.781906,-0.206467,-0.0107784,0.0971173,-0.57415,0.464048,0.17316,0.0371662,0.376407,0.482623,0.237955,0.576283,0.806318,1
0.739695,0.227994,-0.708446,0.290512,0.874127,0.756023,-0.173116,0.491493,0.0760986,0.730134,-0.239483,-0.5362,0.13205,-0.48439,0.489427,-0.676872,-0.159617,1.33222,-0.157304,-0.0415177,0.377898,-0.015278,1.65272,0.831248,-0.115369,0.0465787,0.11435,-1.07072,-1.01551,0.0948953,-0.157038,0.00917074,0.540193,0.877008,1
0.280844,0.0269906,-0.678907,-0.498266,0.251672,0.685515,-0.387508,-0.0265872,-0.695848,0.266999,0.649378,-0.224311,0.504897,-0.10723,0.436405,-0.806116,0.433343,0.284136,-0.754266,0.693712,-0.00348477,-0.126308,0.0248908,-0.584908,0.192377,0.461347,0.950601,0.91401,-0.386117,-0.197547,0.391423,-0.0325582,0.480389,0.813798,1
0.300135,0.78786,0.247786,-0.0803487,-0.190952,0.0835282,-0.435211,0.952508,-0.0839396,-0.223975,0.121204,-0.510725,0.115894,0.356573,0.41096,-0.656263,0.58358,-0.0904384,0.695759,-0.559926,-0.853028,-0.0631746,-0.0162917,-0.257758,-0.499807,0.644857,0.456936,-0.0526721,0.680963,0.458521,0.0218262,-0.446295,0.493247,0.771232,1
0.228733,0.0369787,0.543609,0.544287,-0.894468,0.824508,0.944098,-0.274886,0.2598,-0.0385033,-0.384673,0.0718515,-0.230924,-0.566966,0.15749,-0.575087,-0.198757,0.422672,-0.020362,0.433662,0.831068,-0.03702,-0.154911,-0.715193,-1.11859,0.772664,-0.0920828,0.92443,0.743113,0.281259,0.107697,-0.614278,0.47825,0.785423,1
-0.062853,-0.810062,0.0496991,-0.406043,-0.0452736,-0.69054,0.427542,0.279059,0.0906685,0.83284,0.180049,-0.155862,-0.125255,-0.768616,0.197575,0.0956932,0.23386,-0.055284,-0.214809,0.185181,-0.145717,0.322341,0.366271,-0.0503046,-0.114725,-0.266046,0.176562,0.007553,-0.916763,0.324683,0.232578,0.00972872,0.578474,0.899536,1
-0.283268,0.549846,-0.959329,0.126123,-0.599181,-0.144749,-0.407983,0.461554,0.227688,0.373273,0.569318,0.11907,0.622342,0.226913,-0.374176,-0.465974,0.209823,0.00973467,0.0398066,-0.630573,-1.1675,-0.148683,0.15786,0.140107,-0.278282,0.515785,-0.1972,0.690179,0.050478,-1.73304,-0.313511,-1.12543,0.437626,0.894627,1
1.04396,-0.769299,1.10288,0.162139,0.247104,0.819837,-0.374758,-0.0431807,-0.397588,-0.488383,-0.461284,0.639432,0.234116,0.0754508,0.0165562,0.628609,0.444674,0.0578435,0.26401,-0.579394,0.182128,0.386262,-0.0364762,0.117799,0.64289,0.207898,0.54027,0.269711,-0.529848,-0.695485,-0.856243,-0.0400326,0.445518,0.927176,1
-0.147272,0.048399,0.505093,0.167704,-0.516897,-0.645052,-1.2337,0.507175,0.756571,-0.137091,-0.697344,-0.580254,-0.0537983,0.248486,-0.743294,0.0921177,-1.32946,-0.0316331,-0.306296,-1.29834,0.0648905,1.08244,0.187321,-0.201625,-0.410522,-0.172882,-0.478664,-0.212006,-0.507028,-0.236287,-0.144785,0.064818,0.570654,0.922895,1
-0.831822,0.0970472,-0.33594,-0.397844,-0.135888,0.0468924,0.664259,-0.900339,0.681578,0.267481,0.314221,-0.0133955,0.149177,0.339086,-0.577525,-0.205425,0.866049,-0.662254,0.512562,0.146228,-0.112589,0.602316,0.450505,0.330066,-0.13572,-0.735277,0.0452083,-0.32751,0.454522,-0.0678875,-0.352825,0.0839147,0.48204,0.892928,1
0.00137253,1.641,0.203216,0.0425102,0.330042,0.529235,0.39836,-0.0543072,0.254034,-0.411234,0.0552005,0.0581162,0.495818,0.19572,-0.594009,0.948255,-0.000470931,0.140092,-0.357873,0.357204,0.477792,-0.334369,1.06644,-0.298981,0.111539,-0.191557,-0.0676889,-0.1582,0.28546,-0.0193248,-0.10799,0.193844,0.560077,0.903363,1
1.24093,-0.485549,-0.571254,0.0185022,-0.205896,0.26857,-0.89255,-0.0128004,-0.411612,0.379014,-0.221283,0.142394,0.0687262,0.612066,0.298031,0.602946,0.16601,0.295559,0.0323775,-0.0803995,-0.235472,-1.43002,0.0864233,-0.17361,1.05746,-0.191898,-0.0910634,-0.264358,-0.749533,1.07654,-0.0440449,-0.199776,0.558849,0.834242,1
0.42958,-0.241409,0.31881,-0.218362,0.355126,0.651807,0.0668138,0.370307,-0.0184783,-0.406671,-0.683806,-0.198939,-0.139092,-0.0971711,-0.246143,-0.425505,-0.49655,-0.138914,0.725682,-0.365775,0.362168,-0.244776,-0.520672,0.0120106,-0.124908,-0.961524,-0.391763,-0.565063,-0.435657,0.123606,-0.513273,0.164131,0.472053,0.831221,1
0.95,0.88,-0.268842,0.232709,-0.257722,0.326565,-0.189675,-0.167223,-0.0914734,-0.070872,0.344659,0.309729,-0.48565,0.334992,-0.0797889,-0.204954,-0.187009,0.401726,0.345029,-0.474301,0.295446,-0.146663,-0.478888,0.365089,-0.177224,0.145836,0.247806,0.4892,0.399189,-0.340551,0.480462,0.24027,0.48,0.2,0
0.13704,0.251396,0.1744,0.299608,0.371092,7.95,0.353137,0.323541,0.121319,0.231597,0.391958,0.223793,0.157472,0.371604,0.164629,0.144657,0.385551,0.21043,0.248761,0.180759,0.399047,0.368185,0.182032,0.178758,0.124403,0.248203,0.242301,0.354801,0.225609,0.300602,0.235988,0.190189,0.52,0.82,1
-0.115727,-0.10914,-1.62832,0.327348,-0.795045,0.0186476,-0.440503,0.681043,-0.624394,0.584056,-0.0323812,-0.140659,0.157519,-0.639227,0.871985,0.0947236,0.0469706,0.239199,0.552574,1.31895,0.165045,-0.258297,-0.0378282,-0.282736,-0.515723,-0.664362,-0.865482,0.146409,-0.211069,0.464095,0.210895,0.209169,0.477636,0.933315,1
-0.504265,0.332505,-0.758813,0.533965,-0.118851,-0.871219,1.01946,1.1028,0.636374,0.0583474,-0.70039,0.394258,1.14879,-0.408332,0.525595,0.351995,-0.170591,-0.362524,-0.210166,0.397001,0.345128,-0.224729,0.999048,-0.100788,-0.652081,0.754698,-0.33346,0.33194,0.00594275,-0.284718,0.132689,0.186377,0.420287,0.763612,1
-0.833107,-0.0190016,0.287815,-1.68219,-0.506074,0.250603,-0.452206,-0.217465,0.0681763,-0.228292,-0.175209,0.249977,0.464057,-0.0861808,-0.721889,0.111131,-0.510708,1.06533,-0.0260771,-0.875582,0.384831,-0.0694833,-0.190428,0.352995,-0.504643,0.430554,0.227442,-0.608833,0.604639,0.631047,0.14342,-1.04944,0.479916,0.899604,1
-0.322262,0.301271,0.52791,-0.199521,-0.505766,-0.828072,0.0413912,-0.0788921,1.17228,-0.483297,-0.542074,-0.41479,-0.781613,-0.519469,-0.355222,-0.00386592,0.646046,0.322387,0.710567,0.359548,-0.0218529,0.419832,-0.527045,-0.102167,-0.599065,0.181619,0.0233417,-0.115975,-0.31514,-0.395562,-0.0155104,-0.566931,0.515408,0.891729,1
-0.21871,-0.435969,0.331484,-0.620573,-0.0330516,0.344565,0.197881,-0.547882,0.562539,0.0647724,0.245662,1.38829,0.394624,0.354823,-0.657116,-0.482135,-0.3009,-1.06232,0.617703,0.378994,-0.862464,1.97086,-0.137061,0.199615,-0.600428,-0.750977,-0.0100359,1.39462,-0.535452,0.651412,0.400735,-0.507325,0.468695,0.778694,1
0.421086,0.0615057,-0.535639,0.168788,-0.32413,0.657169,-0.0671747,-0.447525,0.444031,0.261716,0.576517,0.760464,0.179953,-0.63883,-0.153282,-0.817349,-0.0173175,0.214952,-0.495015,0.528843,-0.177246,0.871939,0.0252742,-0.24746,-0.664198,0.315802,-0.0818552,0.299976,0.537123,0.126762,0.203617,0.0432774,0.551262,0.825716,1
0.0894264,0.614775,0.302569,0.271537,0.0157415,-0.162567,-0.932734,-0.222888,0.0776977,1.10484,0.201567,-0.13852,-0.598217,0.344302,0.101966,-0.27899,-0.346983,-0.530264,-0.697988,0.0617031,0.763287,0.958749,-1.02722,0.815436,-0.273394,-0.338218,-0.0245801,-0.252571,-0.537396,-0.146983,0.445229,-0.167214,0.42581,0.812715,1
1.25614,-0.330316,-0.270198,-0.51317,0.539604,-0.300129,0.125582,-1.03356,1.41709,-0.4327,0.00561657,0.352173,0.150129,-0.241322,0.211903,-0.00356974,-0.909924,0.168371,0.238493,0.172514,0.19931,0.408305,0.103531,-1.28235,-0.407608,0.507891,0.107611,0.0405019,-0.305606,0.559487,0.0990124,-0.156843,0.485562,0.769704,1
0.116135,0.39196,0.21663,0.177987,0.20346,7.95,0.102085,0.331053,0.176187,0.237265,0.324825,0.286901,0.163753,0.363418,0.233142,0.322236,0.397788,0.389256,0.187837,0.29785,0.245672,0.279016,0.367657,0.180318,0.262044,0.318584,0.248956,0.303497,0.13317,0.33551,0.284686,0.203877,0.52,0.82,1
0.245199,-0.147395,0.354419,0.1406,-1.35349,0.0298121,-0.336842,0.091251,-0.695046,0.202,0.208793,0.423698,0.738738,0.440649,-0.417526,-0.0930513,0.0572268,-0.203254,0.269336,-0.394428,-0.232733,-0.949179,-0.157069,0.202464,-0.179565,0.192169,0.792732,-0.26822,-0.209994,-0.731843,0.270828,-0.144137,0.508339,0.848652,1
0.0900413,-0.184553,-0.103484,-0.634521,-0.00704788,-0.587688,0.045706,0.475583,-0.174365,0.559569,0.266873,-0.412717,-0.159274,0.605653,-1.08275,0.136659,0.495084,-0.682629,-0.647665,0.298809,-0.155697,-0.063159,0.23342,-0.168275,-0.460247,0.645337,-0.412947,-1.15893,0.272282,-0.0263156,-0.133725,-0.647333,0.451285,0.844598,1
0.0601127,-0.429165,0.220078,-0.357603,0.112639,0.276086,0.384083,0.509104,0.355079,-0.531129,-0.43492,0.871522,-0.110213,0.241798,-0.172223,-0.40429,0.0189595,-0.569037,0.407559,0.234256,-0.0503516,0.296951,-0.188904,0.035995,0.312982,-0.685575,0.325628,0.239368,-0.61797,0.970137,-0.178738,0.367767,0.549348,0.902292,1
0.244144,0.664837,-0.317537,0.590182,-0.732138,-0.0105834,-0.114668,-0.854786,-0.402446,-0.990501,0.3595,0.921905,-0.495686,-0.0218582,0.412769,0.397748,-0.490904,0.611881,0.192767,-0.406283,-0.24508,-0.159119,1.28604,-0.107645,-0.357171,-0.00318005,-0.880502,-0.77633,-0.167504,0.587096,-0.336876,0.715196,0.555726,0.946716,1
0.667614,0.616743,0.213299,0.530702,0.188635,-0.204398,0.0688317,-0.111529,0.042323,0.598305,0.223226,0.514871,-0.911614,-1.23416,0.508034,1.35119,0.286777,-0.66708,0.565827,0.133442,0.315623,0.383142,-0.0299563,0.164231,0.267983,-0.108151,0.261742,0.354062,0.130339,0.279286,0.13148,0.0844527,0.555969,0.945557,1
-0.412799,-0.371962,-0.298025,-0.234017,0.628152,0.616966,-0.0357695,0.293226,-0.233795,-0.600866,0.228913,-0.34741,-0.955654,-0.450413,-0.932428,0.768335,0.176041,-0.266926,0.31705,0.219422,0.0877429,0.585242,-0.303171,-0.0378689,0.356949,-0.0888399,-0.891737,-0.579281,-0.634633,0.582362,-0.377845,0.704448,0.451736,0.889871,1
-0.339154,-0.0576289,-0.0194295,0.128229,0.211062,-0.288373,-0.147316,-0.114316,-0.791298,-0.454056,0.826537,-0.596239,-0.000269435,0.206088,-0.791396,-0.12512,0.757022,0.315757,-0.0197742,-0.63923,-0.992201,0.402346,0.213152,0.225435,-0.247456,0.758317,-0.45745,0.097209,-0.487731,0.0453582,0.48514,-0.432027,0.538433,0.84099,1
0.234392,0.196646,-0.600751,-0.235973,-0.616281,0.224094,-0.918502,-0.34298,0.570027,-0.329222,0.213927,0.204236,-0.286354,0.270345,-0.29878,0.170983,0.0444609,0.216116,-0.646467,-0.314174,-0.217138,-0.256407,-0.0730249,-0.0501077,-0.281976,-0.458467,-0.213757,0.566185,-0.379996,-0.303823,0.322501,-0.431279,0.439681,0.824736,1
0.572304,0.151755,-0.0183121,0.136131,0.149326,-0.637958,0.241456,-0.624438,-0.994458,-0.467644,0.954046,-0.734621,-0.280783,-0.616275,-0.0428343,0.98746,0.240031,-0.0170613,0.207174,0.0646755,-0.211156,-0.822523,0.213873,0.626202,-0.336013,0.0544731,-0.307437,0.101495,0.506453,-0.144552,0.05339,-0.71778,0.528981,0.812153,1
-0.771954,-0.0352647,0.337192,-0.124006,-0.078459,-0.774523,-0.282047,0.512656,0.178297,-0.262148,-0.294453,0.892799,0.541272,0.896419,0.0841342,0.158827,0.581501,0.289626,-0.639272,-1.22361,0.0230395,0.0889651,0.32761,0.505982,0.473954,0.0780311,0.33731,-0.685136,0.434935,-0.457345,0.634071,0.864742,0.530609,0.784623,1
-0.247984,-0.224247,-0.41376,0.210364,-0.31216,0.279201,-0.142913,-0.261276,-0.0382946,-0.197198,-0.184149,-0.223513,-0.535646,0.389833,-0.426107,0.536227,0.778557,-0.204032,-0.51423,0.182975,0.307269,0.261146,-0.0394185,-0.693037,0.23095,-0.333477,0.308224,0.331326,0.211785,0.26787,-0.432513,-0.469912,0.488679,0.874157,1
-0.202447,-0.452449,-0.47087,-0.44149,0.100436,0.221517,0.453834,0.357635,-0.268294,-1.295,-0.565605,-0.144155,1.02492,-0.148233,-0.584077,0.643933,-1.40581,-0.102385,1.19489,-0.0285948,0.882137,0.060719,0.134521,0.551073,0.441054,-0.553706,-0.013026,0.227104,-0.242134,-0.299399,0.76453,0.209778,0.555978,0.913489,1
0.20326,0.435854,-0.307439,0.375966,0.00775581,1.00026,-0.358161,-0.636505,0.66012,0.858952,-0.384182,-0.273434,0.0388234,-0.224176,-0.419105,0.0582897,-0.240407,0.126709,0.482817,0.238739,-0.503948,-0.362878,-0.16265,0.165282,-0.673779,-0.263791,0.197868,-0.240661,0.890902,0.714329,-0.325215,-0.532852,0.432969,0.821333,1
-0.449731,-0.634329,-0.314907,0.475424,0.0561678,0.272744,-0.795481,-0.735046,-0.784625,-0.2127,0.776626,-0.0826644,0.85293,0.516466,-0.0437668,0.465927,-0.238859,-0.973066,-0.155568,-0.245628,0.545601,1.3948,0.112912,0.600576,-0.133473,-0.0849944,0.71384,-0.479195,0.346908,0.180601,-0.545695,0.124508,0.47701,0.770296,1
-0.629461,-0.369356,0.0546154,1.34887,0.763244,0.598055,0.085223,0.110165,-0.121549,0.218005,-0.668308,0.360514,-0.174203,-0.351019,0.263038,0.719866,-0.182481,0.312423,-0.423665,-0.427958,-0.586725,0.131811,-0.747503,-1.14406,0.418379,0.571563,0.4948,-0.0986835,0.184374,-0.544542,0.227485,0.465567,0.511605,0.861374,1
0.830512,-0.264499,0.234521,-0.287629,-0.324799,0.20649,-0.268497,-0.237965,0.960798,-0.588041,0.260546,-0.56672,1.25702,-0.362976,-0.057345,0.820884,-0.191883,0.516457,0.345311,0.334132,0.867688,0.238968,-0.491197,-0.202957,-0.252087,-0.326642,-0.0870925,0.199342,0.283468,-0.59625,-0.0402103,0.554745,0.563109,0.76566,1
0.918689,-0.413291,0.143065,0.505449,-0.967835,-0.140594,0.11324,-0.925552,0.0964694,0.0521992,-0.141443,-1.50233,0.504101,-0.451101,0.115214,-0.0797729,0.0908412,-0.111134,-0.828598,-0.0297228,-0.0493566,-0.0849412,-0.224924,0.614101,-0.292478,0.361803,0.350134,-0.368482,0.418761,-0.399102,-1.09408,-0.0848477,0.532906,0.765156,1
0.887762,-0.129517,0.0114957,-0.0254006,0.414614,0.242708,-0.0472879,-0.636761,-0.473088,-0.245657,0.594583,-0.672321,-0.346304,1.06116,0.489488,0.729623,0.197055,0.167927,-0.21696,0.101099,-0.0463931,-0.502243,-0.146407,0.23195,0.571426,-0.369687,-0.237172,-0.3139,0.682462,0.418101,1.03437,-0.504942,0.430564,0.906387,1
-0.444907,-0.015447,0.62461,-0.630764,0.406659,0.250836,-0.258498,0.552398,-0.600197,-0.209806,-0.0908005,-0.432821,0.356956,0.480015,-0.244337,0.724765,0.116186,0.556364,-0.435209,-0.060881,-0.244555,-0.255588,-1.04642,-0.328567,0.61187,0.452602,-0.211812,0.0507076,0.452196,0.813307,-0.187056,-0.51338,0.435719,0.79329,1
-0.818127,-0.0872269,0.337994,-0.614771,0.658834,-0.262754,-0.41166,0.0529345,0.0799651,-0.723424,0.544964,0.983355,0.0397703,0.143997,0.048829,0.457401,0.664254,0.687843,-0.662765,0.496967,-0.808206,0.524374,-0.307674,-0.199634,-0.274377,-0.00870811,0.673205,1.15151,0.593666,0.64355,0.558564,0.0765566,0.426252,0.892355,1
0.816794,-0.344203,-0.309571,-0.0601215,-0.231327,0.305773,-0.196859,0.022575,-0.0321281,0.212748,-1.01041,0.225797,-0.404674,-0.551108,-0.0641335,0.791859,-0.809527,-0.883343,0.529944,-0.555723,0.365411,-0.317694,0.528121,0.323761,-0.596536,-0.435839,-0.221464,0.293135,0.522259,0.0796122,0.0951606,-0.0422367,0.507606,0.838022,1
-0.0816044,-0.308798,0.284933,-0.097295,0.511551,-0.488271,0.947809,-0.656238,0.501172,0.329731,-0.534098,-0.439593,1.25207,-0.625413,0.144948,-0.775867,-0.143178,1.27471,-0.0637061,0.563399,0.400214,-0.103304,0.462771,1.20489,0.371523,-0.0818749,-0.325625,-0.059919,0.87995,0.846145,0.0919374,-0.351116,0.450573,0.937859,1
0.95,0.88,0.389593,0.1728,-0.089324,-0.291167,-0.00309158,-0.497562,0.444742,-0.478158,0.397808,-0.413806,-0.417737,-0.426404,-0.217177,0.308186,0.273551,-0.314019,0.364482,-0.195529,-0.470655,-0.349317,0.483856,0.0440673,-0.210268,0.0433527,-0.490351,0.431091,0.370594,-0.142227,0.00816215,0.261772,0.48,0.2,0
0.127194,-1.02271,0.0294803,-0.63739,-0.0981223,0.114777,-0.0260131,-0.555993,-0.55737,-0.633914,0.463583,-0.499905,0.00466907,-0.129363,0.420703,-0.0298747,-0.563116,-0.451572,0.386699,-0.970716,0.136755,0.217693,0.725941,-0.436991,-0.320313,0.83827,-0.849931,-0.176514,-0.467907,0.135017,-0.49216,-0.291622,0.443187,0.918427,1
0.0174853,-0.211312,-0.336755,-0.0248393,0.473802,-0.421298,0.415573,-0.118511,0.182701,-0.247584,0.518352,-0.693733,-1.05186,-0.159592,0.380518,0.500987,-0.0468281,0.248874,-0.941138,0.483049,0.106253,-0.304495,-0.0143179,0.154357,0.265735,-0.196296,0.938992,0.113276,-0.0874061,-0.178521,0.215117,1.51127,0.432291,0.945397,1
-0.575968,0.45906,-0.317611,-0.791703,0.063298,0.261365,0.371842,0.677923,0.651031,-0.707818,0.801483,0.459175,0.153861,-0.382976,0.13934,-1.04227,-0.0514077,-0.552353,0.611727,-0.369039,-0.110075,0.605586,-0.541146,0.331208,0.241301,0.267545,0.29799,0.658199,-0.78509,0.382094,-0.532404,-0.600171,0.453314,0.867517,1
-0.281078,0.374315,-0.835466,0.152948,0.676847,0.323556,0.508222,0.253552,0.338873,0.0145841,-0.105345,0.69448,0.956578,-0.145861,0.0366295,0.595462,-0.331222,-0.44245,0.064085,-0.317776,0.746784,0.705456,0.154535,0.298187,-1.03943,0.420026,-0.461369,0.67786,0.624768,0.403325,0.198991,-0.323433,0.507842,0.782966,1
0.382466,-0.363223,0.42853,0.398933,-1.38893,-0.135593,0.0192256,0.069126,0.401787,-0.229206,-0.602684,0.88246,0.84389,-0.759879,0.979794,0.262431,0.0395716,0.266614,0.8535,0.0373979,-0.317372,0.390461,-0.147891,0.0710462,0.372062,-0.25722,1.03197,-0.361425,-0.144125,0.42408,0.326643,0.283915,0.550796,0.838199,1
0.356588,-0.480253,-0.520467,0.462778,-0.189076,0.0405899,-0.129536,0.390638,-0.315808,0.725784,0.156739,-0.73816,0.417753,-0.4318,-0.0958827,0.306871,0.456679,0.0276319,-0.701245,0.0381772,-0.310303,0.0435825,-0.654046,0.24758,0.060546,0.17933,-0.738272,-0.224988,0.0875483,-0.0113085,0.28887,-0.370624,0.560898,0.915496,1
0.29597,0.273772,0.660119,0.143725,0.794286,-0.438641,0.338819,0.651904,0.808446,0.503674,0.240563,-0.0374829,-0.330855,-0.38397,0.466062,0.443331,-0.0263233,-1.05426,0.68646,-0.156587,0.893363,-0.814033,-0.0338416,-0.513374,-0.512757,0.294379,1.26849,0.148004,0.29067,-0.893908,-0.582431,-0.157219,0.42895,0.771376,1
-0.259297,0.637077,0.741453,-0.349876,-0.441386,-0.311696,0.127854,0.104688,-0.580678,-0.862727,-0.906179,-0.5423,-1.32498,0.0491364,-0.147371,-0.805487,0.0446777,-0.356542,0.144161,0.623969,0.227534,0.880836,-0.387338,-0.240432,-0.165347,-0.203645,-0.572311,-0.146075,-0.982524,0.0815484,0.531852,-0.262704,0.479926,0.841173,1
-0.00105854,-0.751262,0.4863,0.246552,-1.39819,-0.0559445,-0.4994,-0.043599,-0.326098,0.112921,0.845926,0.157335,0.668761,-0.602953,0.057416,-0.18545,0.31587,0.0571369,0.267966,0.300635,0.448565,0.181847,0.802513,0.716002,0.423178,-0.218916,0.645478,-0.178711,0.606727,0.343123,0.503486,0.211378,0.530116,0.948779,1
0.231501,0.368634,-0.785792,-0.219631,0.811421,-0.932055,-0.602906,-0.127699,0.126183,-1.07097,0.539072,-0.26936,0.687946,-0.953132,-0.248604,0.936614,-0.457039,-0.261692,0.639148,-0.544609,0.223369,0.0628159,0.0542922,-0.387164,0.274684,0.342692,-0.149856,1.10686,0.44114,-0.307556,0.45985,-0.282192,0.553108,0.842944,1
0.218653,0.205837,0.12607,0.321118,0.268538,7.95,0.179647,0.133553,0.376023,0.201517,0.266795,0.38728,0.353261,0.171271,0.276395,0.201719,0.215202,0.336024,0.35737,0.355478,0.282968,0.139359,0.3063,0.386834,0.155114,0.25922,0.28377,0.170579,0.297937,0.250684,0.208633,0.286307,0.52,0.82,1
0.787022,-0.36085,-0.00103429,-0.423312,0.041188,0.185515,-0.0292154,0.663974,1.04271,-0.111435,-0.218736,-0.263598,0.0692468,0.125978,0.291127,0.558241,0.347481,-1.28095,0.54844,0.995559,0.636341,0.0826347,-0.511314,-0.527981,0.283285,0.608738,0.912186,-0.464051,-0.117263,-0.146416,0.339871,0.200382,0.463164,0.806396,1
0.350518,0.230985,-0.0960483,-0.481158,0.642086,0.0161903,-0.118851,0.135726,-0.151556,0.223702,0.200363,-0.187875,0.758982,0.348795,-0.184367,-0.490776,0.580232,0.685775,0.0476903,0.386768,0.384525,-0.365205,-0.789109,0.870091,-0.237472,-0.682231,0.395011,0.604321,-0.372829,0.4339,0.130058,-0.436358,0.461214,0.802029,1
0.0955911,0.219172,-0.244826,0.34025,-0.0158959,0.142064,0.0759032,1.22801,-0.483788,-0.625985,-0.195198,-0.0332386,0.265055,0.176318,-0.174462,0.448836,-0.104729,-0.199717,-0.0594914,-0.27016,-0.113324,-0.131868,-0.0492594,-0.188084,-0.119996,-0.513106,-0.751477,0.277969,0.556869,0.300452,0.116582,0.0782907,0.536796,0.935861,1
-0.0446894,0.433817,0.495127,0.0688008,0.481357,0.176852,0.80111,0.0946978,0.699072,-0.0256107,-0.571987,-0.644558,0.0732921,0.329896,0.230224,0.277382,-0.551141,1.64422,1.15881,0.47277,0.300712,-0.41606,0.876336,-0.179877,-0.540022,0.378763,-0.732394,-0.17589,-0.0489206,-0.344129,-0.643727,0.0218218,0.423529,0.892181,1
0.0661036,-0.177846,-0.897747,0.269989,-0.200717,-0.380063,-0.92068,0.214078,-1.02825,0.465424,-0.513551,-0.133467,-0.295462,-0.0709355,0.226467,-0.480352,-0.699884,0.504213,-0.397621,-0.0353202,0.574502,0.414644,0.253095,0.299534,-0.0996785,0.559352,1.0203,-0.275172,0.558336,0.413063,-0.00956583,0.294042,0.455969,0.815395,1
0.787269,1.19754,0.345797,0.0227829,-1.5106,1.01952,0.405479,1.26038,0.122001,-0.321142,0.0331239,-0.180995,0.591988,-0.0870515,0.622634,-0.104359,-0.254496,0.304854,0.161079,-0.202658,0.829159,-0.362819,-0.00446565,-1.06189,0.0998453,0.373826,0.121438,0.85539,-0.197894,-0.291691,-0.307361,0.992212,0.53262,0.939194,1
-1.22541,-0.237987,-0.0505225,-0.0130902,-0.594596,-0.0645752,1.03735,-0.376299,-0.0870108,-0.384366,-0.062128,-0.518613,0.802399,0.59635,-0.888556,0.776191,0.454928,-0.54451,0.133052,-0.853638,-1.00855,-0.623776,0.644163,-0.852789,-0.237295,0.44958,-0.473963,-0.0912089,-0.179099,-0.0741324,-0.825856,0.657196,0.469562,0.918612,1
0.079457,0.00925216,-0.716329,0.292657,-0.449529,0.195472,-0.0576334,0.34949,0.267436,-0.62192,0.282357,-0.964915,0.106587,-0.192883,0.032978,1.23312,-0.69004,0.00639718,-0.369813,0.832541,0.0659354,0.0622895,-0.271656,-0.264672,-0.365044,-0.291989,-1.09122,-0.350144,-0.138713,-0.011748,0.508746,0.430888,0.484311,0.814825,1
-0.0591587,0.471415,-0.233875,-0.158619,-0.361544,-0.273156,-1.56593,0.241669,-0.637925,0.444313,-0.00471002,-0.051675,-0.313827,-0.0825398,0.224,0.349019,-0.952512,-0.286757,0.359204,0.643476,0.220408,-0.455625,0.159828,0.353113,-0.373546,-0.513867,0.377024,-0.793807,0.68896,0.0228777,0.410878,-0.851007,0.500367,0.905694,1
-1.28524,-0.482755,0.672374,0.558989,0.313354,-0.226969,0.0345355,0.39555,-0.282926,0.558106,0.919478,0.351631,0.682173,0.508087,0.113935,0.163214,-0.348409,-0.887826,-0.422084,0.870656,0.118105,0.139773,-0.877011,-0.210448,-0.747018,0.789593,-0.609448,-0.113939,-0.0835561,0.386489,-0.608474,0.97851,0.473154,0.809545,1
0.956325,0.910725,-0.146746,0.0881989,-0.829006,0.381314,-0.178334,0.146123,-0.393648,0.0318978,0.434934,-0.186784,0.519096,0.926466,0.601557,-0.161796,0.74314,-0.320647,-0.0713936,-0.475722,-0.328076,-0.448525,0.483505,0.322452,-0.0133754,0.110475,-0.272972,-0.171832,0.204172,-0.362079,0.876074,-0.388448,0.463423,0.900952,1
0.190944,-1.15972,0.152063,0.41414,0.947706,0.126646,0.0214971,0.0621719,-0.42821,-0.0919641,-0.697079,-0.133769,-0.461045,-0.0127017,0.633055,0.575861,-0.274082,-0.200473,-0.0324538,-0.150427,-0.116193,-0.0070719,0.254717,0.010841,-1.35103,0.179234,-1.14073,-0.145959,0.572473,-0.406107,-0.302074,-0.568928,0.579792,0.949184,1
-0.376018,0.388678,-0.423435,-0.117241,-0.147021,-0.557932,-0.350465,-0.313956,-0.42078,0.413656,-0.112869,0.309101,-0.246912,0.378144,0.112468,0.174001,0.37045,-0.215405,0.780031,-0.137025,-0.351287,0.215986,1.00702,-0.269232,0.226831,-0.400976,-0.294425,0.547077,-0.505575,0.185168,0.251256,-0.734398,0.514686,0.850875,1
-0.212125,-1.28335,0.26625,0.945807,0.82507,0.00148084,0.0614952,0.514174,0.0984188,0.282151,-0.0939096,-0.169768,-0.756495,-0.0123946,-0.731744,0.0216812,0.248883,-0.380223,0.604699,0.189195,0.0283971,-0.735985,-0.18407,-0.355355,-0.0422275,-0.42958,0.0245777,-0.760252,-0.216928,-0.236673,-0.383313,-0.462329,0.534087,0.901922,1
0.0269285,-0.4898,-0.0863621,-0.0758999,-0.473617,0.744389,-0.161806,-0.525707,-0.398504,-0.458044,-0.657591,0.388407,1.34048,0.172204,0.422029,0.148757,0.451372,-0.0891342,0.136283,-0.746589,-0.216125,0.195675,0.0840139,0.940985,-0.0649508,-0.0122142,-0.323702,0.365678,0.665455,-0.474493,-0.561408,-0.53013,0.503928,0.837166,1
-0.0799666,0.309177,-0.226653,0.0945156,-1.02304,0.191874,-0.380224,0.347247,-0.567646,-0.138051,-0.262664,0.321956,0.733232,0.0762326,-0.269997,0.0294931,-0.737282,0.42947,0.192996,0.680411,0.707448,-0.121749,-1.06765,-0.115444,-0.703832,0.0146937,0.622048,-0.298037,-0.202024,0.299113,-0.320025,0.277324,0.561735,0.82564,1
0.0811558,0.944985,-0.4294,0.309972,0.0991386,-1.17769,0.101287,0.129334,0.20747,0.79776,0.40156,-0.0229049,-0.363846,0.0414774,-0.0455565,-1.15608,0.535707,-0.216731,0.958124,-0.631026,-0.155072,-0.362131,-0.170343,-0.745406,-0.158097,-0.142857,0.23468,0.232234,-0.330693,-0.017295,0.644083,-0.429423,0.483128,0.944979,1
0.326302,0.292763,0.280695,0.103932,0.37052,7.95,0.147034,0.26281,0.156554,0.194686,0.365424,0.224344,0.177255,0.302548,0.163955,0.321352,0.293226,0.310431,0.229951,0.256121,0.39575,0.36727,0.242867,0.210914,0.149915,0.225163,0.186593,0.238091,0.182438,0.153054,0.269609,0.308929,0.52,0.82,1
0.478549,-0.333034,1.12365,-0.596652,-0.195209,-0.20053,-0.416811,0.193756,0.786472,-0.0482089,0.0829734,0.4342,0.140598,0.608173,-0.18817,-0.103953,-0.119196,-0.39324,0.267046,-0.733586,0.416128,0.28254,-0.19715,1.2459,-0.0460842,-0.14213,0.716391,0.351894,1.16723,-0.755862,-0.519791,0.453424,0.507655,0.781443,1
-0.871293,-0.135024,-0.491904,0.0821018,0.239945,-1.01828,0.121577,-0.162553,0.374865,0.603998,-0.163123,0.0558963,0.817956,-1.15449,-0.478336,-0.10503,-0.284311,-0.0362693,-0.237542,0.284292,0.33645,-0.111508,-0.759975,0.998697,-0.344789,0.306417,-0.00791278,-0.15867,-0.630859,-0.153018,0.219085,0.156505,0.428047,0.937574,1
0.61517,-0.458952,-0.547898,-0.608458,-0.235627,0.223259,-0.444192,0.496459,-0.106154,0.294822,0.325361,0.315679,-0.255862,-0.251556,-1.03964,0.414694,-0.00122546,-1.09812,-0.565493,-0.155831,0.381204,-0.723167,-0.210858,0.0199769,-1.1489,0.316151,0.377577,0.198241,-0.590777,-1.02538,-0.657934,0.553609,0.431472,0.948282,1
0.32087,0.89205,-0.326273,0.21591,0.690161,-0.781186,0.269355,-0.599317,-0.536343,-0.423487,-0.436363,-0.753867,-0.930205,0.289047,-0.101376,0.00792925,-0.57889,-0.214484,-0.465365,-0.501935,0.447601,-0.291253,-0.0181459,0.444869,0.0395835,-0.141886,-0.802763,0.508867,-0.64379,0.0886396,-0.255319,0.357661,0.568807,0.771952,1
-0.753596,-0.0937376,-0.00183564,-0.0403084,-0.129419,0.932196,0.0317782,0.49298,-0.381991,-0.147223,0.0232151,-0.406028,0.105562,0.190359,0.549981,0.119286,0.147043,-0.172034,-0.341309,0.0845938,-0.880621,-0.473283,0.665659,0.693882,-0.213417,-0.0397344,0.401608,-0.0484041,-0.928436,0.30193,0.175687,-0.0480208,0.453654,0.880679,1
-0.371507,-0.360097,0.358651,0.667063,0.885332,0.386579,0.24224,0.143484,0.495463,-0.631251,0.0230046,0.0881626,-0.344494,-0.0149456,-0.0906944,0.24507,-0.370763,-0.515808,-0.0195538,0.776353,1.11604,1.07104,0.122692,-0.668144,-0.288348,-0.721625,-0.315329,0.594575,-0.520238,0.386923,-0.258171,0.610343,0.575869,0.822689,1
0.193555,0.464629,-0.0292283,-0.226048,-0.364236,0.483554,0.0715089,-0.331296,0.0737402,-0.0782521,-0.362234,0.111898,0.248555,-0.758074,0.676466,-0.129771,-0.730023,-0.321343,0.171356,-0.100018,-0.594094,0.0211541,0.230375,-0.311288,-0.848295,0.310981,0.0591387,0.00214955,-0.478524,0.232524,0.205647,0.226116,0.564198,0.793639,1
-0.285859,0.22379,-0.047986,0.365778,-0.126795,0.557878,0.0435198,0.651316,-0.278415,0.370284,0.266468,0.179865,-0.371274,0.919809,0.195787,-0.709532,0.416266,0.639986,-1.29143,0.0824461,-0.255247,-0.450888,-0.109773,0.314505,-1.0776,0.356946,0.334059,-0.123614,-0.0705552,0.136111,0.0532945,-0.198838,0.556953,0.931501,1
0.131853,0.328726,0.924376,-0.0725188,0.109548,0.465424,0.0284059,0.182137,-0.135258,-0.26611,-1.52888,-0.0657709,-0.0339137,-0.757191,-0.195317,-0.327048,-0.0901091,0.553808,0.904759,-0.225155,-0.16134,0.0803804,0.312068,-0.00898794,1.26008,-0.746726,0.157694,-0.599106,-0.977856,-0.476087,0.34428,-0.191254,0.555996,0.884222,1
0.670088,0.539163,0.927323,0.437124,0.987873,0.181833,0.378285,0.461589,-0.507723,0.497322,-0.408259,-0.0283432,-0.26202,-0.36682,-0.434011,0.501937,-0.0512357,-0.419194,0.168707,0.479693,0.321632,-0.390949,0.345548,0.200746,0.0128095,0.321676,-0.122108,-0.163836,-0.349522,-0.673102,-0.0123208,0.467465,0.523428,0.790803,1
0.323068,0.358291,0.132906,0.18783,0.329865,7.95,0.254144,0.194597,0.258146,0.246912,0.130536,0.177096,0.159105,0.120069,0.379313,0.310617,0.339909,0.222783,0.394987,0.23478,0.103556,0.352997,0.256962,0.376205,0.202342,0.154574,0.147482,0.104131,0.297263,0.248472,0.200744,0.275594,0.52,0.82,1
-0.45964,0.105046,0.280889,-0.395946,0.401659,0.421246,0.426269,0.186391,-0.417591,-0.0892189,-0.318026,-0.138482,0.0943038,-1.0707,-0.383074,0.172766,-0.863744,-0.371744,-0.900371,0.295542,-0.567786,-0.00607732,0.543047,-0.391074,0.136872,0.412714,-0.597721,0.38479,-0.0975443,-0.398796,0.655164,-0.195087,0.565877,0.777966,1
0.395781,-0.74796,-0.147053,0.493204,-0.0805876,0.254236,0.373244,-0.905582,0.0228157,0.477383,-0.0961046,-0.0899931,-0.653706,0.53801,-0.333624,-0.395856,-0.400091,0.00601494,-0.328624,-0.244116,0.043108,-0.377408,0.0701301,-0.521852,0.408815,0.444119,-0.0797087,0.20766,-0.116826,0.379817,-1.45056,0.0697349,0.4211,0.769146,1
-0.989747,-0.951412,-0.411732,0.390525,-0.07222,-1.06542,-0.0581802,-0.460441,-0.286866,-0.0362949,0.0899723,-0.161965,0.0865769,0.0320295,0.0825473,0.787387,-1.14656,0.331571,-0.0314604,-0.24824,0.260818,-0.135234,-0.328947,0.141417,0.105339,0.283768,-0.67911,0.102973,-1.0733,0.710571,-0.275364,-0.0659295,0.434082,0.847951,1
-0.586872,-0.046966,-0.152366,-0.0603505,0.356265,1.12955,0.216601,0.409999,-0.714797,-0.322842,-0.168136,-0.228165,0.801941,0.0654943,0.246054,0.175086,-0.10537,-0.604259,-0.016816,-0.280919,0.433156,-0.182566,-0.524237,0.717925,-0.584619,-0.149527,-0.149288,0.327726,-0.562982,0.687486,-0.507862,0.215498,0.42939,0.792933,1
-0.357923,0.477349,-0.252701,0.606259,0.659292,0.00790841,0.464313,-0.0626117,0.84774,0.219078,0.10237,-0.563552,-0.413529,-0.192568,-0.601725,0.647546,0.321855,-0.371786,0.253476,0.486519,-1.05646,-0.105921,0.21124,-0.6214,0.374981,0.407246,-0.71679,-0.535588,0.430426,-0.463137,-0.320663,0.0280317,0.46547,0.831357,1
-0.245304,0.757169,-0.590562,-1.01651,-1.18222,-0.227304,-0.11181,0.629141,-1.25188,0.248713,0.655025,-0.086709,-0.195565,0.389339,-0.151135,0.145587,0.0117677,0.461485,-0.458022,-0.101488,-0.243429,0.910844,0.00358805,0.060521,0.317343,-0.116128,-1.00133,0.576626,0.73363,0.68392,-0.500602,-0.416661,0.536321,0.857034,1
0.149403,-0.234268,0.461383,-0.387532,0.0374657,-0.57607,-0.15222,0.330548,0.356034,0.367106,-0.316338,-0.366507,0.122135,-0.114859,0.178367,0.664612,0.05492,-0.0521971,0.363605,0.263782,-0.067083,0.438196,0.000710852,0.110419,-0.263544,0.270131,0.439607,0.37283,-0.552148,-0.366647,-0.567195,0.292565,0.533902,0.845053,1
-0.0481689,-0.174366,-0.0401954,-0.181588,0.494513,0.0154476,0.070897,0.193834,-0.295291,0.460683,-0.539519,1.04964,-0.25785,0.660375,-0.83765,0.621561,1.0993,0.391023,0.186308,-0.324282,0.201626,-0.281891,0.699483,-0.445701,-0.571713,0.589735,-1.12633,0.166714,-0.819112,0.678745,-0.922265,0.380136,0.456267,0.821374,1
0.328328,0.36307,0.125693,0.186007,0.371871,7.95,0.250449,0.356706,0.160564,0.36035,0.35183,0.32864,0.275534,0.330363,0.115252,0.310903,0.338126,0.371435,0.232877,0.373397,0.309062,0.117894,0.325332,0.360939,0.290741,0.214157,0.308869,0.101438,0.166719,0.32817,0.221585,0.194595,0.52,0.82,1
0.722261,0.354774,0.362275,-0.141205,-0.447546,0.524085,-0.692691,0.168041,-0.955806,-0.451639,0.270786,0.254071,0.155389,-0.787136,-0.384235,0.377436,0.249227,-0.299663,-0.352687,-0.40931,-0.7134,-0.88776,-0.383357,-0.894639,-0.348656,0.487382,-0.0198303,-0.726615,-0.168778,0.308894,-0.981472,-0.268645,0.460457,0.845849,1
0.30079,0.552372,0.269492,0.605935,0.474624,-0.307742,-0.857187,0.555363,0.0112103,0.574653,0.659905,0.43367,0.375015,-0.654577,0.490422,0.314475,0.314307,0.118525,-0.299185,0.522536,0.0032592,-0.324199,0.0565859,0.908545,-0.580484,0.552009,-0.110499,0.101863,-0.96372,0.709364,0.518485,0.634888,0.466065,0.869991,1
-0.748573,-0.518358,-0.260963,0.382886,0.313683,-1.24326,-0.151211,0.682733,-0.125391,0.414267,0.5408,0.0501962,-0.492918,0.791852,0.334268,0.218555,0.676111,0.225949,-0.397167,0.897477,0.505545,0.0468819,-0.287973,0.393444,0.485484,-0.450587,0.563667,-0.452583,-0.124466,-0.305323,0.0920987,-0.162895,0.526287,0.833048,1
-0.273741,0.706536,-0.306523,-0.18637,-0.505572,0.688117,0.186249,0.346355,0.70122,-0.106086,-0.273685,-0.0549514,-0.440579,-0.489188,0.122189,0.26719,-0.771256,-0.205643,-0.461698,-0.047562,0.173937,-0.16002,-0.466861,-0.384382,-0.326147,0.351784,0.0534753,-0.289556,-0.317408,0.0909435,-0.196629,-0.744524,0.550476,0.880159,1
-0.188151,-0.466895,0.828037,-0.458668,-0.306598,0.44089,-0.444941,1.22515,-0.307024,0.721531,-0.646616,0.218101,-0.224576,-0.0145705,-0.270035,-0.414972,0.50459,-0.946432,0.442162,-0.191852,-0.343109,0.480643,0.394865,0.26112,0.55507,-0.718103,-0.074586,0.259226,0.23101,1.19632,-0.851639,-0.636717,0.527404,0.886675,1
-0.275791,0.610043,-0.415112,0.172956,0.90826,0.456806,-0.680495,0.043226,0.319183,-0.850484,0.354616,-0.166671,-0.231822,-0.24412,0.0534556,0.749773,0.169783,0.0626105,0.4282,0.158024,-0.468009,0.322596,0.833569,-0.152015,0.167936,0.20964,-0.0404244,0.132664,0.526591,-0.0418951,-0.131422,-0.285863,0.50828,0.765711,1
0.244432,-0.464679,-0.0228965,-0.794514,0.334773,0.447479,0.190638,-0.534111,-0.135291,-0.865699,0.788349,-0.116411,-0.158247,0.454979,0.297975,0.00829697,0.688034,-0.53896,0.183295,0.589948,-0.401491,-0.134751,0.657708,0.429467,-0.185815,-0.674988,-0.118862,-0.271092,0.221833,0.0149286,-0.436826,0.611038,0.449054,0.7648,1
0.0314671,-1.31472,-0.856631,-0.265771,-0.878479,-0.226161,-0.450823,-0.575399,0.0622948,0.40595,0.361934,-0.270805,0.187153,-0.607406,0.549088,0.310809,-1.3029,0.16605,0.157583,0.0385663,1.08083,0.292489,0.463336,0.366198,0.416146,-0.0489141,-0.708699,0.377319,-0.551521,1.41513,0.424097,-0.586489,0.495916,0.816436,1
-0.749013,1.02695,-0.470609,-0.19489,0.466132,-0.222085,-0.109703,0.108565,0.553164,-0.492972,-0.428667,-0.116241,0.441736,-0.205496,-0.0195668,-0.615233,0.844359,-0.239539,0.443655,0.0255621,-0.0918639,-0.561509,0.2144,0.00760678,0.48332,0.977078,-0.319454,0.214392,1.00105,0.358221,-0.443403,0.55774,0.521905,0.921126,1
-0.0495292,0.322665,-0.672872,0.464844,0.053586,-0.634438,-0.0427842,0.333935,-0.403696,0.152753,-0.759042,-0.109184,0.725358,-0.715802,0.390684,-0.448131,-0.613719,-0.822928,0.158298,-0.325572,0.653153,0.722604,-0.637872,-0.381748,0.569111,0.577101,0.538082,0.085014,-0.79985,0.0497196,0.706803,0.851955,0.511305,0.806943,1
-0.35652,0.161494,-0.405642,-0.309189,0.649645,-0.536912,-0.467213,0.315664,0.883587,-0.187428,-0.0633435,-0.163842,0.00192312,-0.689343,-0.282179,0.957537,-0.258984,0.169459,-0.621014,0.31792,-0.860432,0.13645,0.0481687,1.77589,0.625845,-0.283567,-0.389755,-0.426225,-0.1254,0.248633,0.263388,-0.0455211,0.493655,0.841842,1
-0.479831,-0.177158,-0.0140944,0.331209,-0.0231458,0.0176612,0.0125992,-0.179946,0.256927,-0.489204,-0.139539,-0.272459,0.161592,0.278282,-0.826926,-0.196043,-0.816761,0.133844,0.0218671,0.159739,0.287114,-0.187145,-0.18001,-0.171182,-0.352486,-0.25753,-0.0265731,-1.7625,0.431132,-0.357397,-0.237547,-0.220436,0.535231,0.901261,1
0.732534,-0.312253,-1.32699,0.185566,-0.10611,0.0149033,0.235329,-0.351683,-0.287582,-0.0748923,-0.693682,0.303046,0.118446,0.0908887,-0.106585,-0.0738038,-0.712167,-0.284065,0.828846,-0.101685,-0.443413,0.231953,0.964851,-0.403262,-1.1073,0.252308,0.121687,0.327831,-0.067468,0.287772,-0.357709,-0.0297793,0.529804,0.874451,1
0.101445,-0.29542,0.397107,0.661994,-0.518369,-0.536974,0.101645,0.26634,0.469298,0.120665,-0.0922676,0.868337,0.00315267,-0.059307,-0.802716,-0.557621,-0.0481234,-0.37124,0.293272,0.407611,0.690002,-0.298918,-0.320421,0.440963,0.884349,0.492938,-0.58548,-0.280715,0.161816,-0.0987819,-0.11249,0.491955,0.526416,0.802598,1
0.32023,0.116156,0.27571,0.100076,-0.243497,-0.039939,-0.292455,-0.262123,-0.253494,-0.462607,0.229046,-0.399188,0.121431,-0.0939728,-0.366989,0.145477,-0.19228,-0.651734,-0.316693,0.506845,0.186517,-0.433403,-0.72559,-0.54514,0.335957,-0.0141681,0.534852,0.0268803,-0.956903,-0.660742,-0.823491,-0.019858,0.479689,0.944673,1
-0.216141,-0.20669,-0.322413,0.0373795,-0.314299,-0.258515,-0.230456,-0.0902234,-0.611977,-0.381504,0.444925,-1.15223,-0.927584,-0.0288279,0.840706,0.0406427,0.326426,0.0753451,0.269888,0.461032,0.386376,-0.885104,-0.641234,0.0203061,0.408605,-0.252013,-0.353283,-0.367701,0.703201,1.2514,0.226864,0.240498,0.491922,0.830479,1
-0.120948,0.0454413,0.0338713,-0.187515,0.225046,-0.289397,-0.720392,0.408089,0.0119967,-0.305625,0.428256,0.0360494,-0.358714,0.835768,-0.267012,0.41353,0.5361,0.332772,-0.656942,-0.0599597,0.495773,0.367852,1.18286,0.731557,-0.0504076,0.957177,-0.23233,0.106672,1.24616,0.260535,-0.302077,0.476004,0.423673,0.772291,1
0.0341036,-0.313996,1.05313,0.247074,-0.192482,0.337875,0.675625,-0.225143,-0.237584,-0.44505,0.490545,0.152412,-0.711988,0.333388,-1.18015,0.111555,0.345105,1.51946,0.591554,-0.391016,-0.0449664,0.158033,-0.169089,-0.142561,0.380903,-0.392813,0.361212,-0.288439,-0.179858,-0.0286915,-0.0875665,-0.304408,0.571131,0.792626,1
0.0523182,0.421786,0.119869,-0.330158,-0.215338,0.0455635,-0.126479,-0.472273,0.180701,0.728094,0.474667,0.54826,-0.068459,-0.780205,0.537229,0.502332,0.902721,1.18849,0.188946,-0.734556,0.383355,0.133099,-0.0123917,-0.0861868,-0.446724,-0.579998,0.821115,-0.545646,-0.255178,-0.259829,0.352933,-0.836395,0.477531,0.873842,1
0.35533,0.137717,0.267741,0.393584,0.340248,7.95,0.100912,0.156285,0.36759,0.393862,0.313537,0.384075,0.31791,0.208656,0.278812,0.138283,0.362296,0.278477,0.399345,0.304386,0.213805,0.227814,0.190829,0.125652,0.348173,0.193051,0.264403,0.320022,0.21685,0.227907,0.194893,0.374003,0.52,0.82,1
-0.194263,-0.762572,0.620482,-0.593211,0.939758,-0.573552,0.649708,-0.161739,-0.0961167,0.0525177,0.181148,0.445524,-0.553508,-0.552585,0.12474,0.0550766,0.235258,-0.507187,0.228941,-0.0812301,-0.686435,-0.244918,0.689246,0.14534,0.396879,0.0824291,0.0985971,-0.0596507,0.734529,-0.781407,-0.25543,0.0340281,0.566081,0.809868,1
0.102317,-1.36138,-0.195218,0.542732,0.471006,0.564544,0.472119,0.299334,-0.299288,0.669415,0.404797,0.126184,0.105551,-0.325231,0.678349,0.0599222,-0.111713,0.542767,-0.0736581,0.633666,-0.779726,0.221018,-0.0608355,0.0726553,0.234788,-0.0260724,0.313865,-0.884457,-0.169085,0.758131,-0.508344,0.753814,0.482361,0.888517,1
0.320222,0.520002,0.710198,-0.0201899,-0.29902,-0.273848,-0.631726,-0.159361,0.229958,-0.00879445,1.13952,0.0930716,0.0956624,-0.0781956,-0.291549,-0.327774,0.109206,0.621597,-0.197098,0.902681,0.0543533,-0.288471,0.0692871,0.438793,-0.0526845,-0.180401,0.216829,0.497567,-0.0480538,0.315573,0.234474,0.648962,0.44206,0.803886,1
0.624736,-0.0157119,-0.602482,-0.374759,0.714516,-0.668255,0.322732,-0.353995,-0.763614,0.502308,-0.779901,-0.650886,-0.575067,-0.211906,0.173369,-0.374577,0.694635,-0.0838768,-0.0954777,0.612141,0.170314,-0.117607,0.218773,0.364215,0.113814,0.906135,-0.0297565,0.179908,0.255418,-0.676273,0.398153,-0.183857,0.579471,0.909603,1
0.17453,0.366716,-0.135098,0.284705,-0.189752,-0.436182,0.159729,0.0754724,0.215305,-0.118018,-0.0728208,-0.434106,-0.119699,-0.176957,-0.0493255,0.892779,0.528051,0.511241,0.200061,-0.359869,-0.468287,0.917246,0.0121992,-0.665376,-0.972318,-0.576924,-0.889672,-0.250487,0.406858,0.566432,0.808389,0.164588,0.545808,0.909442,1
0.331829,-0.446319,-0.151719,-0.151607,0.285751,0.362809,-0.144067,-0.39969,-0.463676,-0.407755,0.638025,0.695899,-0.417847,-0.425045,-0.0707429,-0.723412,-0.0688954,-0.496447,-0.101306,-0.155601,0.0136015,-0.382224,-0.111032,-0.232037,-0.0434047,0.399634,-0.0619857,0.041314,-0.168857,-0.56735,-0.959767,-0.713959,0.508991,0.937301,1
-0.303546,-0.00715446,0.407537,0.271532,0.477216,0.673393,-0.339371,0.773004,-0.91259,0.933548,0.461847,0.199885,-0.101779,-0.74845,-0.572996,-0.491252,-0.178414,0.416263,-0.381209,-0.842139,0.032362,0.0438025,-0.29318,-0.477916,0.427712,-1.02316,0.481233,-0.435006,-0.0187433,0.472983,-0.101176,-0.616269,0.538232,0.775384,1
0.619551,0.352806,0.475897,0.624724,-0.603843,-0.574849,0.00455876,-0.402831,0.226762,0.138799,0.172684,-0.20571,-0.644431,0.842268,0.49644,-0.264425,0.520738,1.46293,0.100338,-0.0766504,0.16325,-0.31162,-0.161947,0.17392,-0.0658145,-0.23327,1.05573,-0.426736,-0.618082,-0.444768,-0.703137,-0.609722,0.56141,0.7726,1
0.360878,0.539148,0.332402,-0.126328,0.272777,0.365109,-0.299354,0.309943,-0.546101,0.189773,-0.18936,-0.62674,-0.0665323,0.143125,0.238088,0.536593,-1.40617,0.08465,-0.705567,-0.0110191,0.267619,-0.0177229,-0.13018,-0.622304,-0.227266,0.363197,-0.588946,-0.323499,-0.231419,0.434864,0.295477,0.54392,0.49747,0.89635,1
0.0918912,-0.532938,0.127147,0.41816,-0.377875,0.756897,0.497399,-0.274393,-0.287726,-0.467469,-0.864881,0.181602,-0.441106,0.110491,-0.0158187,-0.0258296,0.0846514,0.719739,0.371121,0.0530983,-0.183098,0.958809,0.134943,-0.283144,0.0885367,0.258394,-0.362289,0.086881,0.179347,-0.0562851,0.901589,-0.169952,0.487087,0.76128,1
-0.0735158,0.443098,-0.261474,-0.591235,-0.129408,0.39265,0.116347,-0.500671,0.338294,-0.326624,0.0905064,0.58898,0.156049,0.677141,-0.421858,-0.251568,-0.765232,-0.625674,-1.11198,0.0272432,-0.817776,0.576161,0.23446,0.0456198,0.408971,-0.89855,0.591854,0.736196,0.106852,-0.366635,0.0109222,-0.335771,0.470545,0.770007,1
-0.339993,0.162468,-0.779811,-0.112638,0.063216,-0.194803,-0.221382,0.127143,0.211728,0.0583662,-0.487236,0.536334,0.475234,-0.755777,0.153283,0.0405685,0.851583,-0.168649,-0.101147,-0.373478,-0.487921,-0.45688,0.189458,-0.345942,0.44441,-0.612144,0.175657,-0.798604,-0.335505,0.627301,0.51202,0.317666,0.534287,0.867721,1
-0.471078,0.520284,0.216364,-0.205398,0.0702271,-0.316211,0.239768,-0.543538,0.247039,0.690064,-0.339333,-0.624321,0.383284,-0.0504288,0.100342,0.149992,-0.155149,-0.369159,0.95799,-0.118415,-0.103458,-0.827738,-0.133559,-0.138238,-0.138106,-0.000993856,0.869732,0.822531,0.263547,-0.860414,0.468075,0.0398018,0.554423,0.925756,1
0.0430901,-0.946542,-0.928823,0.0392097,0.0442063,0.462783,-0.481948,0.186141,0.0888235,0.797981,-0.0209409,0.60017,0.159952,0.00917671,0.1688,-0.429037,0.713873,-0.0798026,-0.414754,0.0928687,0.30508,0.830193,0.394706,-0.123211,0.365881,0.48746,-1.26232,-0.23172,-0.450963,-0.273195,0.0538445,0.587302,0.442925,0.849026,1
-1.34302,0.110957,-0.471152,-0.298329,0.176118,-0.339421,-0.281625,-0.29479,1.25319,-0.956249,0.110858,0.230484,-0.871059,0.0853822,0.0273253,0.114618,0.961272,0.222992,0.360581,0.0654121,-0.85909,-0.19794,0.197839,0.487382,-0.817251,-0.512551,0.525976,-0.16001,-0.568282,0.141038,-1.17408,-0.816462,0.497347,0.832484,1
-0.122801,-0.436466,0.0221003,-0.601307,0.119264,0.265865,0.107939,-0.126242,0.0264875,0.195069,-0.355975,0.487022,0.555634,0.619785,0.642378,0.75763,-0.816128,-0.41482,-0.414935,-0.0594919,0.622514,0.650039,-0.144903,0.676394,0.367397,0.264084,0.224735,-0.412392,-0.0941224,-0.671925,0.139061,0.202742,0.442547,0.916028,1
-0.0341212,0.417719,0.170624,-0.0737684,0.534612,-0.168321,0.0868167,0.497617,-0.659482,-0.0710173,0.159444,-0.338002,-1.00805,-0.489493,0.313317,0.147492,-0.302963,-0.488132,0.323181,-0.456805,-0.21875,-0.336414,0.815728,-0.234562,0.649236,1.09089,0.14871,0.549551,-1.24591,1.03367,-1.21272,0.575704,0.547713,0.869766,1
0.434976,-0.842483,-0.21743,0.0903937,-0.22395,0.168361,0.679346,-0.178115,0.437722,0.294605,0.240196,0.303381,0.213959,0.714459,0.305374,0.548924,0.520391,0.249326,-0.106614,0.00320501,0.332234,-0.0650268,0.303934,-1.01218,0.943515,0.126954,0.901993,-0.170283,0.536767,-0.0744931,0.358878,0.113992,0.446006,0.768946,1
0.260731,-0.402757,-0.484643,-0.108583,0.241476,-0.524958,0.468799,0.17699,-0.212307,0.186248,-0.102946,0.405881,-0.173697,-0.37105,-0.503681,0.0407965,-0.115759,-0.47899,0.193848,-0.261245,0.44216,0.0978054,0.58739,-0.0407221,-0.0413453,0.803361,0.0210971,-0.188038,0.39137,-0.63833,-1.68125,0.566276,0.52889,0.775507,1
0.458008,-0.376425,0.832384,0.105859,0.926745,0.90763,0.0168705,0.377274,-0.137099,-0.306143,0.592075,-0.262293,0.183445,0.118833,0.172393,0.259521,-0.281707,0.872991,-0.60309,-0.101767,0.439695,0.38232,0.528608,-0.0331344,0.222893,-0.558633,0.827698,0.538038,-1.00728,0.104392,-0.51068,-0.0740013,0.505497,0.923088,1
0.834471,0.826033,0.829765,-0.307127,0.43462,0.157861,0.0290004,-0.158738,-0.423545,0.671291,-0.243787,-0.645366,0.62585,0.0440753,0.48453,0.31962,0.0983958,0.134589,-0.66875,0.0212504,0.429805,1.21717,0.882666,0.572351,0.24473,-0.642768,-0.735858,-0.528301,0.595642,-0.821403,0.524557,0.0307326,0.505285,0.891725,1
0.263005,0.0550477,0.811294,0.627071,0.793007,0.300346,-0.996949,-0.161673,0.126599,1.03092,0.173902,0.111625,-0.0409809,0.288308,-0.772469,-0.234118,-0.214284,0.686637,-0.777626,0.622425,0.573562,0.137967,0.133099,-0.320366,0.781981,-0.283156,-1.03934,-0.136225,0.510158,-0.792118,0.346524,-0.221919,0.432807,0.849122,1
0.0996805,-0.340057,-0.542238,0.000738497,0.488317,0.00790331,-0.200018,0.21731,-0.307483,-0.277318,0.26197,0.487255,0.785511,-0.177074,-0.046191,0.0652288,0.77042,-0.778775,0.297383,0.748443,-0.32361,-0.204795,0.452302,0.327973,-0.273724,0.497971,0.614951,-0.364996,-0.587526,-0.510468,0.710989,0.284247,0.465915,0.795883,1
0.565539,-0.0974943,0.124352,-0.334404,1.50511,0.532793,1.02282,0.887813,-0.50965,-0.26042,0.452176,-1.10721,0.183567,-0.607999,-0.509891,-0.341229,1.01458,0.721811,0.0886905,0.246473,0.280939,0.00045091,0.0734003,0.0533664,0.519582,-0.605632,1.4244,0.420845,-0.872652,-0.0245778,0.870449,-0.0101911,0.565327,0.887507,1
-0.166355,-0.0808936,-0.359206,0.191184,0.175297,-0.254632,-0.568271,0.337705,0.159887,-0.792357,-0.00767427,-0.691674,0.202169,-0.261079,0.192901,0.379918,0.10672,-0.392827,-1.04793,-0.711177,0.110505,-0.71442,0.697095,0.000578952,-0.00452721,0.10109,0.142823,-0.308329,-1.22467,0.0310952,-0.252089,0.735232,0.551915,0.763627,1
0.372846,0.381574,0.375302,0.175291,0.266973,7.95,0.299395,0.205351,0.144596,0.255554,0.312615,0.336479,0.129243,0.339179,0.103575,0.263028,0.174925,0.281336,0.250418,0.314588,0.327558,0.198569,0.310225,0.232756,0.269635,0.156202,0.319007,0.305984,0.316672,0.316047,0.110817,0.206932,0.52,0.82,1
-0.48121,-0.380339,-0.741592,-0.150147,-0.291475,0.23186,-0.148525,0.422267,0.565766,-0.0936169,-0.896157,-0.0925777,0.880691,0.672814,0.712919,-0.191164,-1.01527,-0.186081,-0.0418629,-0.309721,0.245505,0.143686,0.325292,0.759901,-0.564359,-0.219014,-0.340762,-0.0132396,-0.111569,-0.236624,0.538963,0.259295,0.5205,0.830693,1
-0.300938,0.132574,-0.027308,0.710463,-0.871625,-0.0762392,0.42016,-0.381101,0.0310378,0.295,-0.223415,-0.552843,-0.20781,-0.961338,-0.175725,-0.365022,0.0400657,0.201786,0.383388,0.480982,-0.411316,-0.751182,0.0584121,0.316857,0.629912,-0.516727,-0.553735,0.254083,-0.332211,-0.296941,-0.55062,-0.198603,0.450503,0.792921,1
0.518249,0.145495,0.086004,0.17594,-0.0758708,-0.327327,-0.264893,-0.622807,0.391956,-0.988739,-0.383227,-0.146341,-0.334627,-1.23814,-0.141028,-0.441858,-0.374948,0.786189,-0.823528,0.233313,-0.340235,0.129582,0.348751,0.603004,-0.341976,0.180534,-0.425008,-0.148352,-0.373814,-0.858354,0.708518,-0.654823,0.542815,0.765731,1
-0.198645,-0.191823,0.400025,-0.0385804,0.0454878,-0.765747,-0.358335,-0.308124,0.160104,0.285416,0.503259,0.630411,0.534136,0.299524,0.0058125,0.207865,-0.513837,0.0998205,0.765962,0.723203,0.650006,0.0181808,-0.913498,-0.394872,0.464118,-0.227787,-1.16514,-0.310698,0.0310316,0.378924,0.104531,-0.395834,0.50997,0.902011,1
0.886589,-1.37105,0.679666,0.0254854,-0.237938,-0.074365,0.700034,-0.218983,0.122046,0.635355,0.462651,-0.13858,0.822796,-1.0126,-0.0498102,-0.616878,-0.948836,-0.0891946,-0.532433,-0.687488,0.0878044,0.212367,0.184263,0.601641,-0.15652,0.607515,-0.685257,0.109749,0.279999,-0.918688,-0.524021,-0.291166,0.476066,0.900607,1
1.1775,-0.137754,-0.185862,-0.0554704,-0.927887,0.052047,0.369793,-0.051433,-0.316465,-0.483733,0.265599,-0.097096,-0.895731,0.690628,0.0462577,-0.161454,0.0554359,0.144528,0.386318,-0.743759,-0.16756,0.777077,-0.587491,0.547054,-0.424003,-0.105709,0.137839,0.484351,-0.490642,0.567881,-0.0982986,-0.194479,0.455579,0.88587,1
0.0500218,-1.0654,-0.477605,0.40188,0.130025,-0.0187071,-0.0365648,-0.635405,0.265985,0.420612,-0.844113,-0.478679,-1.43575,-0.521657,-0.15576,-0.842288,-0.105952,-0.820519,-0.132528,-0.427965,0.608275,0.097114,0.421749,0.350292,-0.473731,-1.04583,1.04765,0.324458,-0.0798414,-0.266784,0.618542,0.324722,0.518955,0.860353,1
-0.320663,-0.200489,0.175228,-1.38745,0.139077,-0.205242,-0.604915,0.630883,1.27169,-0.632991,-0.127754,0.105951,0.19258,0.366397,0.291636,0.849001,-0.00605145,-0.33801,-0.8955,-0.139592,0.555497,-0.91143,0.759587,-1.08998,-0.47017,-0.578809,0.0777996,-0.192405,1.12015,0.010379,-1.04923,0.436197,0.524951,0.899421,1
0.244188,-0.418664,-0.102189,0.48847,-0.39124,0.486623,-0.559665,-0.39622,-1.03267,0.825759,0.526756,-0.088273,0.634783,0.55469,0.368205,0.229802,0.285373,-0.562025,0.549733,0.520667,-0.302283,0.138768,0.180873,-0.222254,0.535813,0.508002,-0.821774,0.330471,0.204975,0.175363,-0.62682,0.108772,0.428887,0.93997,1
-0.0131919,0.705945,0.608581,0.898372,0.42159,0.022512,0.203587,0.0194802,0.237369,-0.0835243,0.748062,-0.86192,0.677443,-0.173748,1.2691,-0.404907,0.552641,0.314587,-0.146854,-0.716605,-0.516109,0.740398,-0.437411,-0.512781,0.0252423,0.443463,0.5381,1.16556,-0.686228,0.536613,0.462847,-0.432579,0.436373,0.864499,1
0.411644,0.497874,0.279162,-0.782807,-0.344892,0.306273,-0.656998,0.361416,-0.28285,0.528658,-0.0700189,0.000827612,-0.878643,-0.754945,-0.137702,0.213747,0.339148,-0.0688876,0.410259,-0.0663528,0.151329,0.478491,0.736058,-0.457737,0.13607,0.00547768,-0.0246227,-0.332996,-0.00779878,-0.295552,-0.431608,-0.0711868,0.462854,0.810352,1
-0.243097,0.37321,0.741361,0.214036,0.076208,-0.188886,0.394488,-0.0588583,0.271431,-0.180813,-0.321361,-0.520393,0.0423553,-0.159823,-0.127716,-0.751346,0.397123,0.0571624,0.265728,-0.0933833,-0.346185,-0.304021,0.0297477,-0.158141,0.446528,0.169242,0.392999,-0.182462,0.310619,0.0435274,-0.297971,0.00182358,0.481339,0.857793,1
0.0341999,0.321701,0.328876,0.025726,0.460568,0.449054,0.0196838,-0.634128,-0.301071,0.633595,0.46984,0.855898,-0.811559,-0.250977,-0.526518,0.174563,-1.3611,0.475174,0.12441,-0.432039,0.24635,-0.34412,-0.868847,1.61662,0.662877,0.221356,-0.0305766,1.41086,-0.676414,0.160947,-0.682,-0.485047,0.43344,0.935905,1
-0.449473,-0.059988,-0.335362,-1.68703,0.0713222,-0.375507,-0.632071,0.597526,0.0644055,-0.0447684,-1.08062,-0.495779,-0.436232,-0.43632,0.741741,-0.0828527,-0.198655,-0.304684,0.55188,0.226072,-0.341192,-0.0338917,-0.570886,-0.669862,0.188768,-0.466742,-0.68367,0.0915216,0.139389,0.211697,0.0842332,-0.480225,0.571744,0.792587,1
0.95,0.88,0.254623,-0.272368,-0.0662647,0.147836,0.283743,-0.153068,-0.138988,0.141161,0.170481,0.38179,0.409146,-0.156953,0.210658,-0.0488287,0.32096,0.439093,-0.373617,0.332234,0.282389,0.394793,0.235676,0.346633,0.484552,0.038497,0.364445,-0.150323,-0.00501058,-0.350487,-0.350027,0.052284,0.48,0.2,0
-0.608286,-0.021395,-0.20619,-0.39589,-0.493798,-0.445112,-0.558074,0.464249,0.688798,-0.39347,-0.196836,-0.777394,-0.69372,0.108884,-0.542274,0.180998,-0.0415594,0.379482,-0.0446412,1.29653,0.639928,0.0963704,0.0518858,-0.389748,0.346797,0.0675997,0.153047,-0.0267422,0.572038,-0.69325,0.378527,0.137736,0.541631,0.898187,1
0.653152,-0.300421,0.246185,0.242696,0.627709,-0.12996,-0.14701,-0.360383,0.890098,-0.365287,-0.0528495,-0.477464,-0.929528,-0.692102,0.104002,0.501292,-0.440213,-0.720042,0.221821,0.0208273,-0.477092,0.179312,0.379058,0.426931,0.312484,-0.274602,0.255245,0.626913,-0.275197,0.452756,-0.447862,-0.130678,0.549926,0.839587,1
0.412048,-0.360725,0.59083,0.945264,0.246951,0.191589,0.664254,0.50879,0.121628,0.480914,0.452524,1.04421,-0.373438,0.143331,-0.861682,0.591439,0.426472,-0.420187,-0.0166575,1.0651,-0.362138,-0.766318,0.223167,0.48393,0.5926,-0.306559,0.263197,-1.23662,0.787217,-0.285028,0.535401,-0.103908,0.42316,0.88224,1
-0.608787,0.375484,-0.345512,1.13067,-0.337252,0.124294,0.742572,-0.455065,0.796844,0.180664,-0.352988,0.0209576,0.294022,0.0313292,-0.328918,0.248253,-0.0596044,-0.0233218,-0.0536582,-0.685952,0.0245672,-0.220547,-0.334878,-0.1553,0.316036,0.785609,0.398649,0.737469,0.0685378,0.416497,-0.602743,-0.532387,0.488929,0.918297,1
-0.0543663,0.281276,-0.0406141,-0.557369,0.371266,-0.347415,-0.388926,-0.22626,-1.13344,0.169459,-0.040484,-0.887285,0.596044,0.210615,-0.390337,0.912792,-0.604326,-0.282593,1.20237,0.165045,-0.785371,-0.721152,-0.35822,-0.0547789,0.188065,0.117152,0.2656,-0.135659,-0.301969,0.805139,-0.442643,-0.451645,0.559189,0.925973,1
0.325472,-0.107999,-0.137338,-0.647714,0.0444804,-0.907413,0.525385,0.563186,-0.102037,-0.438832,-0.514548,-0.353049,-0.480134,-0.303077,-0.866008,0.485658,-0.414907,-0.20719,-0.66512,0.655646,-0.14336,-0.262058,0.373529,0.236373,0.765887,0.199888,-0.220476,1.12976,0.441661,-0.0810933,-0.361729,-0.309697,0.493029,0.909424,1
-0.303399,0.533721,-0.49007,-0.130515,0.203328,-1.06041,0.601215,-0.00726678,0.820429,-0.959216,-0.634946,-0.45251,-0.439483,-0.479292,-0.232767,0.100637,0.969064,-0.416811,0.33488,-0.200864,-0.130846,0.295223,-0.317126,0.00201574,0.427,0.513164,-0.63235,-0.307576,-0.337961,0.130619,0.345074,-0.27662,0.564705,0.926439,1
-0.480862,0.71552,-0.240343,0.568331,-0.129252,0.345009,0.74301,0.102826,0.229129,1.15899,-0.242953,-0.0984157,0.359424,0.442788,0.167076,-0.411471,-0.234613,0.70323,0.294155,0.650042,0.414922,-0.215006,-0.420901,0.367939,0.536061,-0.92534,-0.0822804,0.53107,-0.514922,-0.469308,-0.551704,0.61692,0.491014,0.781657,1
0.261378,0.393801,0.108517,0.382558,0.197777,7.95,0.174695,0.237256,0.34217,0.166454,0.372148,0.258431,0.289425,0.146414,0.313715,0.10569,0.200389,0.298717,0.389894,0.34989,0.277773,0.31119,0.133854,0.195075,0.287271,0.255033,0.333024,0.343097,0.217783,0.357677,0.124779,0.389406,0.52,0.82,1
0.604119,-1.34637,0.183579,0.659193,0.779866,0.630139,-0.265687,0.664308,-0.0411559,-0.446294,0.438385,-0.326572,0.636444,0.617218,0.224795,0.475685,0.407285,-0.364302,-0.191056,-0.0212504,-0.0753577,0.528306,0.168442,-0.0231617,0.302028,0.145544,-0.000773968,-0.0717056,0.780935,0.1756,-0.390153,-0.249417,0.528898,0.826344,1
0.306648,-0.266916,0.342605,-0.538645,-0.161277,0.164335,-0.428562,-0.399864,-0.83151,0.11306,-0.0675606,0.0663718,0.224292,-1.03607,0.361037,0.280479,-0.0340674,-0.389365,0.291703,0.503317,-1.00113,-0.505817,-0.144587,0.386028,0.244902,0.256278,-0.648681,-0.415451,-0.637821,1.27242,-1.26114,-0.272552,0.439451,0.909521,1
-0.157958,1.05828,-0.0922186,0.0759059,-0.453332,-0.315532,-0.110559,0.450066,-0.259701,0.743813,-0.73315,0.419103,0.372251,0.987251,0.0776449,-0.197684,-0.385539,-0.578486,0.90448,0.169426,0.0732109,-0.99633,0.122742,0.376877,-0.566422,-0.365402,-0.185582,0.178021,0.0368832,0.476963,0.0898974,-0.921184,0.508969,0.915773,1
0.751892,-0.14492,-0.0221174,0.612125,-0.367093,0.104564,0.0367708,0.472622,0.694036,-0.0637711,0.115323,-0.923976,0.612099,0.547227,0.0733065,-0.34396,-0.160321,-1.44769,-0.648147,0.0266109,0.114822,1.06055,0.18383,0.755635,-0.380384,-0.000117219,-0.427583,-0.282395,-0.769724,1.06972,0.137364,-0.842985,0.573602,0.828864,1
0.0738635,-0.0973798,-0.768788,0.136454,-0.265792,-0.747504,0.854921,0.105341,0.0199115,-0.594395,0.231396,-0.263528,0.195741,0.323922,0.656123,0.626054,0.625324,-0.634878,-0.365941,-0.0267784,-0.286242,0.14332,0.0548727,0.195303,0.199056,0.20396,0.0550953,-0.281733,0.584939,0.160082,-0.279769,0.0445399,0.516602,0.789212,1
-0.714034,-0.261736,0.390444,-0.157332,0.0911256,-0.276593,0.143877,0.961466,0.125664,-0.236216,-0.25929,0.5848,-0.682783,-0.279412,-0.416549,0.735466,-0.31422,-0.568872,0.579274,0.201572,-0.147471,0.571686,-0.65385,0.170191,0.988255,0.394166,-0.49878,0.545559,-0.254296,0.47997,0.40871,0.235751,0.578316,0.82527,1
-0.318769,-0.0316051,-0.0981824,-0.322241,-0.227797,-0.443946,-0.347123,0.624829,0.168512,0.841593,0.162677,0.161476,0.00787441,0.315763,-0.159259,0.196181,-0.592561,0.241885,-0.594834,-0.461059,0.780102,-0.144334,-0.0537522,-0.21958,0.388407,-0.0704083,-0.512484,0.547165,-0.54121,-0.0449129,-0.429431,-0.98722,0.45963,0.765379,1
-0.282561,0.801856,0.0102747,-0.26764,0.239153,0.27444,-0.44117,-0.694291,0.225846,-0.655846,0.233913,-0.166665,-0.560756,0.152176,0.371453,0.266938,-0.0978314,-0.00330093,0.554727,0.78575,0.209522,0.466063,-0.37253,0.272371,0.823916,-0.190118,-0.685929,-0.229785,0.240435,0.0800606,-0.62402,-0.0382854,0.50159,0.810591,1
0.697911,0.141834,0.298043,0.185413,0.139046,0.317132,-0.390687,-0.883493,0.315499,-1.30293,0.931894,0.601604,-0.126448,0.0229355,-0.557863,0.87932,-0.848356,-0.529894,0.35405,0.761797,-0.51131,-0.480909,0.0416772,-0.00732486,-0.994861,-0.68717,-0.451396,0.216173,0.146893,-0.138533,0.200617,-0.426096,0.483504,0.903447,1
-0.773984,0.257957,-0.459216,-0.802839,0.545221,0.903713,0.462014,0.546125,0.055912,-0.0760088,-0.21676,-0.145705,0.708866,-0.24065,0.633825,0.24847,-0.643973,0.95285,-0.465199,-0.778298,-0.439874,-0.246014,-0.132499,0.376907,-0.177015,0.0187262,0.263048,-0.0506471,-0.806719,0.196214,-0.262045,0.00376268,0.425013,0.810241,1
0.794323,-0.8255,0.309565,0.245492,-0.185413,0.341018,0.12281,-0.262322,0.133215,0.923489,0.455488,0.869953,0.201982,-0.284401,0.217585,0.514653,0.074021,-0.344219,0.541343,0.373126,-0.0264893,0.320366,-0.723867,-0.142407,-0.177587,0.702305,0.10115,-0.0552236,-0.112244,0.0710809,-0.423587,-0.0296355,0.488032,0.912674,1
-0.125777,0.891852,0.361895,-0.632671,0.155834,-1.09256,0.986704,-0.174649,0.672057,0.168362,-0.417315,-0.448029,0.0375281,0.357538,-0.0234122,-0.574105,-0.754662,0.0515662,0.649188,0.134385,0.313594,-0.213167,-0.420747,-0.926482,0.34621,0.669312,0.641573,-0.255894,-0.214703,-0.334297,0.99828,0.333461,0.531905,0.919232,1
-0.331533,0.346631,-0.158929,-0.209585,0.14301,0.0181713,-0.685896,0.20279,-0.824386,-0.101663,0.179263,0.18534,-0.238297,-0.786046,0.229811,-0.291404,-0.959652,1.21529,-0.27629,-0.279604,-0.356316,0.0864531,-0.443413,0.1435,-0.0260289,0.455953,-0.223798,-0.0639962,-0.17306,0.926111,-0.42121,-0.988502,0.43478,0.774765,1
-0.174645,-0.129478,1.09655,0.242529,0.126609,-0.0100538,-0.421566,-0.411927,0.292857,0.219935,-0.0734571,0.0861292,0.357419,0.00765641,-1.25225,-0.0943958,0.589342,-0.527044,0.363404,0.580495,0.655432,-0.604728,-0.352252,-0.444123,0.484029,0.488409,0.800098,0.270611,-0.426142,0.553239,-0.374954,-0.556504,0.522693,0.898458,1
5.06127e-05,-0.14343,-0.122697,-0.0529008,-0.480312,-0.777427,-0.744207,0.274218,0.228425,0.413866,-0.181618,0.126064,-0.336081,-0.563585,0.312929,-1.17579,0.948047,-0.459163,0.188749,-0.317061,-0.218861,-0.35956,1.04977,0.16605,0.669185,0.656441,-0.444894,0.765793,-0.0659367,-0.277583,-0.655007,0.152201,0.43536,0.875131,1
0.115041,0.289312,-0.120942,0.778251,0.346016,-0.602198,0.810044,-0.298377,0.0184071,0.41756,-0.092843,-0.387499,0.0464367,0.205493,-0.874554,-0.413661,0.102545,0.177211,0.064063,-0.780513,-0.115624,0.0254538,-0.126487,-0.608317,-0.549449,0.35084,-0.155194,-0.990151,0.583547,-0.465237,-1.36432,0.0903486,0.558715,0.909675,1
0.853507,-0.36838,0.420706,-1.35773,-0.303137,0.0086087,-0.192989,0.18446,-0.392985,-0.446373,0.196678,-1.00205,-0.127892,0.648874,0.663226,1.2758,-0.163979,-0.201639,-0.20453,0.256822,-0.533611,0.997562,-0.0855091,0.684666,-0.468298,-1.01837,0.529234,0.135589,0.0733862,-0.0568058,0.465923,0.000216308,0.535829,0.928573,1
-0.198391,0.279626,-0.186662,-0.299713,-0.811821,-0.228189,0.552202,-0.420933,0.668084,-0.0830671,0.758627,-0.147761,-1.74582,-0.43213,0.702656,0.0922299,-0.0235298,1.64317,0.357807,-0.234591,-0.339555,-0.298978,0.461829,-0.133655,0.391476,-0.493249,0.247374,-0.330962,-0.550637,-0.891681,-0.138378,-0.334224,0.514225,0.760566,1
-0.329356,0.036434,0.74044,0.503815,0.151243,-0.34318,-0.217553,-0.0655871,0.560251,0.177149,0.375961,-0.473678,0.960834,-0.0847439,0.277445,0.640969,0.418867,-0.254685,0.0640828,0.534456,-0.167366,-0.521427,-0.607359,-0.136705,-0.337298,-0.37365,0.00707322,-0.374354,-0.78901,0.636825,-0.0798191,-0.331065,0.543309,0.808954,1
0.272337,-0.433822,0.175101,-0.839836,-0.082095,0.12117,-0.00729189,-0.0125181,0.115266,-0.278699,0.59509,0.167366,0.372085,-0.0734672,-0.0439321,0.460001,-0.463195,-0.190782,0.114043,0.161888,-0.592633,-0.112999,-0.215865,0.49652,-0.208572,-1.4904,-0.228923,0.194756,0.0272389,-0.588244,0.548734,-0.525557,0.559645,0.889005,1
0.459092,0.486907,-0.0254379,0.256433,0.0235674,-0.947034,-0.468475,-0.272593,0.299556,-0.367439,0.499288,-0.0577571,0.999916,-0.943056,-0.153712,-0.145025,0.406836,0.0652206,-0.233891,-0.202207,0.351317,0.146844,0.000432115,-0.315772,-0.33225,0.353832,0.17876,0.0948383,0.540966,-0.521893,0.171993,0.623061,0.516812,0.891022,1
0.181837,0.254231,-0.51024,-0.515268,0.645212,-0.259121,0.031413,0.172369,-0.243669,0.310436,0.232745,0.677343,-0.374729,1.12497,-0.414476,0.4768,1.23643,0.377941,-0.0335387,-0.353731,-0.942969,0.243969,0.497794,0.521648,-0.136706,-0.242559,-0.185811,0.469237,0.129879,-0.480447,1.05165,0.23297,0.524912,0.781987,1
-0.686036,-0.358539,0.346805,0.251326,-0.171395,0.690025,-0.710965,-0.265763,-0.731162,-0.138013,0.165977,-0.537574,0.601615,0.456278,0.140847,-0.0799485,1.01379,-0.521125,0.0729487,-0.287719,0.227643,-0.137796,-0.655879,-0.643855,-1.4831,0.0438392,-0.115297,0.114805,0.233545,0.720076,-0.932085,-1.08855,0.470726,0.884388,1
-0.283037,0.156468,-0.190515,0.471365,-1.02988,0.0478187,-0.55547,0.17287,0.312834,0.795691,-0.124114,0.175357,-0.309466,0.568996,0.281877,0.0579658,-0.100729,0.0642799,-0.842371,-0.497106,0.479676,-0.345526,-0.524617,-0.110011,0.567004,0.490069,-0.219992,-0.68461,0.888275,-0.0663476,0.0233157,-0.516165,0.535644,0.854238,1
-0.404682,0.598097,0.223501,0.514487,-0.171515,0.721181,1.09407,-0.200252,-0.422156,0.800307,-1.1428,-0.306556,-0.184822,0.465104,-1.19889,0.339398,0.0936481,1.08592,-0.591163,0.456491,0.627058,0.364116,-0.459735,-0.496252,-0.640227,0.397373,-0.122864,-0.657274,0.156144,-0.466625,-1.01859,-0.0237356,0.458753,0.884685,1
-0.271818,0.268377,0.209028,0.219477,0.525776,-0.380564,0.230731,-0.428924,0.157889,-0.0700122,0.572544,0.153761,-0.115671,-0.0505006,-0.170273,-0.529799,0.36449,-0.110534,0.21785,0.146847,-0.162807,0.0203023,-0.171688,0.322655,0.051895,1.15479,-0.471498,0.132115,-0.187019,0.183147,-0.491055,-0.201542,0.484074,0.828851,1
-0.302758,0.204171,-0.206783,-0.0452094,0.405174,-0.633308,0.149609,0.0519485,1.06204,-0.750335,-0.128274,-0.848255,0.219661,-0.0896878,-1.09647,0.11389,-1.22415,0.0205978,-0.19123,0.503324,0.148233,-0.0112452,0.0869703,0.25137,0.00751187,0.0609383,0.689396,-0.682332,-0.261443,-0.501998,0.111914,-0.643599,0.474356,0.869133,1
-0.683914,0.47229,0.526941,0.0428652,0.0207339,0.22875,0.0594927,-0.684359,-0.249951,-0.373238,-0.530835,-0.119819,-0.425845,0.827858,0.49336,-0.454487,0.842343,0.420431,0.897011,-0.38114,-0.295075,0.393648,-0.0267338,-0.428774,0.260981,-0.659471,-0.0188755,0.382094,-0.179548,0.0145023,-0.703994,-0.343082,0.57705,0.906638,1
0.231749,-0.617751,-0.0521873,-0.362367,-0.826366,0.165306,0.107227,-0.339769,0.266179,0.880808,-0.115856,-0.814462,0.0743684,-0.281057,0.274499,-0.634221,0.19619,-0.53943,-0.143641,-0.266791,0.11422,-0.569163,-0.584608,-0.34833,0.0788043,0.833453,-0.591665,-0.317638,0.584995,-0.453211,0.504907,-0.0343536,0.557147,0.790089,1
0.249084,0.177558,-0.349764,-0.503994,-0.388877,-0.353302,-0.0536179,0.229695,-0.0854772,0.337995,-0.269499,-0.129877,0.199812,-0.443829,0.489416,0.307369,0.325608,-0.0700609,-0.384369,-0.544479,-0.250625,-0.22242,-1.25664,0.714116,0.399444,0.303311,1.03727,0.195572,-0.152336,0.275914,0.288222,-1.12306,0.452451,0.803803,1
-0.30435,-0.0990577,-0.0708684,-0.42107,0.869372,0.475487,-0.44309,0.393657,-0.0829492,0.389917,0.388646,0.0791503,0.701132,-0.0296116,0.226938,0.205955,0.0468824,0.670166,-0.602187,0.801998,0.358918,-0.675333,0.319647,0.190561,0.887204,-0.479327,0.272561,-0.620406,-0.137607,-0.0652945,0.135429,0.825296,0.465392,0.776426,1
0.711994,-0.809374,0.0433727,0.18161,-0.9877,0.193649,-0.0910635,-0.511036,0.56048,-0.0394973,-0.21577,0.296725,0.563401,-0.802088,-0.837328,0.301207,-0.0212036,0.107568,-0.483201,-0.586082,0.249361,-0.249053,1.0751,-0.629532,0.182395,0.033199,-0.38842,-0.198799,-0.0333192,-0.735444,-0.0634952,-0.558705,0.49646,0.87616,1
0.462822,0.178051,-0.953485,0.73977,-0.359447,-1.02776,-0.83793,-0.432094,0.659576,0.377479,-0.463205,-1.0538,-0.0998046,-0.138497,0.617999,-0.16855,-0.598059,-0.45229,0.090188,-0.506634,0.287205,0.0709941,0.23295,-0.352745,0.460012,0.692873,1.14735,-0.515851,0.178625,0.389027,-0.0256996,0.484973,0.432793,0.874603,1
0.0523441,0.357924,0.78605,-0.793564,-0.175125,0.312905,-0.274266,-0.651148,-0.800843,0.351076,0.871569,0.449579,0.430871,0.253357,-0.357663,-0.554358,0.888279,0.884068,0.752207,0.132426,-0.104292,-0.429325,-1.10812,0.099735,-0.37499,-0.274227,0.555888,-0.144299,0.536795,0.372762,0.244164,-0.133578,0.438314,0.791183,1
0.278876,0.697473,1.12283,-0.619822,-0.794718,1.15758,-0.344007,0.0057937,0.390724,-0.330595,0.112597,-0.74739,0.011159,-0.863712,-0.737299,-0.465272,0.721267,0.680494,0.712907,-0.612513,0.836992,-0.592324,0.10998,0.384821,-0.305437,-0.261713,-0.261363,0.0720831,0.0698141,-0.41974,0.272082,0.484331,0.537915,0.792925,1
-0.791537,0.0256166,0.248635,0.255722,0.326312,0.0528349,0.664109,0.623107,0.54925,-0.0245771,-0.951536,-0.658355,-0.184988,0.0859553,0.0709887,-0.0626045,-0.40923,-0.121582,0.75916,0.338469,-0.738154,0.163496,-0.108576,0.0376052,0.0427779,1.08711,-1.80919,-0.265143,0.558627,0.366242,0.248318,0.755063,0.550687,0.775563,1
-1.33164,0.145124,-0.397884,0.75411,0.074485,-0.191307,-0.191157,-0.278396,-0.120525,0.485146,0.207659,0.0745839,0.13096,-0.206589,1.02751,0.119003,0.128042,0.684422,0.478329,0.517893,0.399174,0.496426,0.608763,-0.384964,-0.0363157,-0.962555,0.330486,-0.0547836,-0.374223,-0.237088,-0.71576,-0.767276,0.577762,0.913158,1
-0.119203,-0.020487,0.0330226,-0.233219,0.783889,0.622834,-0.597951,-0.0356359,-0.145957,0.215025,0.586574,-0.14533,0.917122,1.15843,-0.297469,-0.548293,0.550381,-0.623871,-0.0784125,0.474582,-0.118057,0.100878,0.588925,-0.132253,0.0124172,-0.119298,0.223514,-0.0937749,-0.278573,-0.296744,-0.28272,0.32547,0.457948,0.775468,1
-0.42124,0.436866,-0.0291475,-0.267963,-0.00901912,-0.323639,0.834523,0.0307853,-0.169186,0.475266,-0.290761,0.0976446,0.349439,-0.0960068,0.543281,0.795048,0.359515,-0.76212,-0.0633499,0.465368,0.026963,-0.242035,0.00701038,-0.040669,-1.50722,-0.0894971,0.474043,0.828022,-0.494715,-0.145078,-0.573822,0.0240081,0.517861,0.849436,1
-0.20151,0.550264,-0.117877,-0.752323,0.228047,0.724261,-0.391299,0.314725,0.11981,0.41952,1.26018,0.902541,0.306283,0.130205,-0.590941,0.0993666,0.615173,-0.156285,-1.05561,-0.250749,0.125999,-0.597671,-0.189706,-0.473041,-0.476891,-0.435789,-0.852425,0.192356,0.199082,0.160614,-0.361813,-0.647848,0.524193,0.881032,1
0.132008,0.486733,0.299799,-0.272366,-0.118672,-0.516144,0.835223,-0.46675,-0.950679,0.392924,0.668207,-0.00633582,0.665447,0.301926,0.123196,-0.148263,0.920924,0.104321,0.496887,-0.534666,0.071193,-0.245986,0.836746,-0.0273499,0.15425,-0.0509947,-1.4332,-0.309117,-0.950717,0.124503,0.485768,0.105714,0.511444,0.93839,1
0.364907,-0.457861,0.0209846,-0.0523199,0.0227373,-0.261383,-0.462483,-0.427308,0.485287,-0.0241695,1.05447,-1.00764,-0.312794,0.222183,-0.59299,0.435004,-0.362995,0.449648,0.269037,-0.636343,0.109669,-0.304837,0.128498,-0.173308,-0.200099,1.18464,0.0762538,0.334807,-0.335817,0.124533,0.459324,0.342169,0.564332,0.913897,1
0.257714,0.614718,0.00115618,-0.314704,-0.627684,-0.450346,0.844873,0.145536,-0.417102,0.519298,-0.426526,0.0831908,0.187072,0.682717,-0.426368,0.0611965,0.628161,-0.315986,0.454611,0.421706,-0.387106,0.55356,-0.212664,-0.302327,0.136162,-0.0775805,-0.648471,-0.390376,0.315258,-0.181063,-0.291711,0.329632,0.559714,0.766907,1
0.879024,-0.469515,0.795519,-0.300395,-0.0160492,-0.683805,-1.14109,0.704325,0.523311,0.118358,0.167252,-0.0118173,0.646283,-0.685356,0.483945,-0.427698,0.418093,-0.152276,0.520645,0.956105,-0.831933,0.837907,0.482752,-0.155151,-0.444407,-0.00821242,0.286751,0.350982,0.52831,-0.117508,-0.0809285,-0.35104,0.457634,0.894601,1
-0.0388388,1.11322,0.298794,0.491528,-0.0712235,0.95834,-0.181667,-0.165341,0.284137,-0.223937,0.548853,0.30656,0.802372,-0.21604,-0.0932065,0.072949,0.124059,0.804749,0.522028,0.570645,0.0381512,0.116695,1.03868,-0.0632687,0.0821611,0.0138551,-0.512572,-0.901766,-0.23469,0.246754,-0.71336,0.351587,0.544931,0.92283,1
1.24641,0.0649735,0.0903162,0.0105009,-1.40843,-0.032397,-0.0925424,-0.24243,0.516832,0.0477424,0.667,-1.04464,0.383242,-0.297705,0.527676,0.0538344,-0.384477,0.292116,-1.20476,0.071069,-1.12059,0.373611,-0.313104,-0.395785,0.47297,0.206815,0.690441,-0.508684,-0.401103,0.422658,-0.0233661,-0.863293,0.514562,0.932764,1
0.0436766,0.847181,0.0918348,-0.000619503,0.158958,0.229921,0.165332,0.168427,-0.352565,-0.231156,0.124696,-0.98299,0.0693856,-0.426953,0.0602203,-0.543246,-0.155173,-0.0172604,0.541137,-0.247546,0.570426,-0.217847,-0.478429,0.0794765,0.270749,0.00271284,0.481143,-0.0502834,-0.430873,0.239395,0.702786,-0.561477,0.506165,0.87535,1
0.178971,-0.24679,-0.449377,0.413244,1.04361,-0.507672,-0.146676,1.03306,-0.309397,1.27306,0.364605,-0.28931,0.745507,0.140777,-0.529731,0.173425,-0.16987,-0.483458,0.200036,-0.00828475,0.816566,-0.766922,-0.713923,-0.0112881,0.864796,-0.776846,-0.0929024,-0.746703,0.752167,0.292273,0.67467,-0.363621,0.465108,0.871693,1
-0.807848,-0.48918,0.690747,-0.236853,-0.141584,0.558397,1.08618,-0.504405,-0.395942,-0.198608,-0.33431,-0.144735,0.105964,-0.530384,-0.0576051,0.443192,0.0419666,-0.102225,-0.831871,0.864664,-0.366334,-0.18226,-0.153733,-0.618082,-0.33994,0.110361,0.415669,-0.406957,0.335889,0.559143,0.993919,-0.526899,0.520553,0.767604,1
-0.619306,0.214698,0.0588357,0.517323,-0.35498,0.30864,0.595149,0.314254,-0.171567,0.136515,0.384322,0.430378,-0.730547,0.566269,0.186303,0.627261,-0.383564,0.185581,0.414609,0.114565,-0.0123547,-0.206284,-0.313377,-0.5681,-0.28315,-0.535958,0.101338,-0.284653,0.136175,-0.388907,-0.661361,0.691751,0.570041,0.827958,1
0.0383114,0.422404,-0.147819,-0.0716297,-0.30849,0.357301,0.431755,-0.230644,-0.369767,0.466008,0.952856,-0.529596,0.00987579,0.0343696,-0.395798,-0.0825873,0.219924,0.259265,0.0133915,0.467648,-0.0715641,0.296669,-0.290753,-0.712645,0.479056,-0.318277,-0.670262,0.364147,0.392338,0.00344979,0.15832,0.988489,0.490572,0.771265,1
-0.64917,0.10404,0.174917,-0.212817,-0.718481,0.620079,-0.698086,-0.616319,0.255522,-0.0285879,-0.362545,1.09415,0.280316,0.990547,0.147185,0.0271241,-0.12303,0.71973,-0.45541,0.781803,0.423,0.477088,-0.571841,-0.236206,-0.147925,-0.500294,0.602911,0.907423,0.469383,-0.0798523,0.0716687,-0.253274,0.495308,0.917046,1
-0.238066,0.418665,0.279503,-0.545396,0.746138,-0.311365,0.375268,0.63988,0.270074,0.255002,0.340223,-0.511712,-0.0344866,-0.197086,0.0613616,-0.115581,-0.676513,-0.056655,0.013057,0.68959,-0.123054,-0.178653,-0.574341,-0.262963,0.328016,-0.615009,-0.596874,0.338669,-0.723697,-0.639533,0.527991,0.889118,0.500282,0.766915,1
-0.442771,0.5401,-0.611467,-0.439525,-0.919146,0.260619,-0.210804,-1.03454,-0.294168,-0.688532,-0.360981,0.101944,0.875428,-0.316523,1.12226,0.453457,0.370226,0.62861,-0.260229,0.620495,-0.620917,0.593537,-0.0451638,-0.355257,0.600834,-0.459193,0.492929,-0.932845,-0.0758295,-0.210009,-0.879629,-0.181418,0.459034,0.87223,1
0.10826,-0.542821,0.825663,-0.527421,0.244224,0.634012,0.683724,-0.37738,-1.11578,-0.83885,-0.102024,-0.517042,-0.253238,-0.15302,0.731524,0.280278,-0.2046,0.532999,-0.31443,-0.0659316,-0.320562,0.178814,0.620633,0.294512,0.341811,-0.699201,-0.313313,0.254866,-0.232975,0.197701,0.537197,0.209421,0.449219,0.825594,1
0.277931,0.414175,-0.816389,-0.512262,-0.125356,0.251883,-0.031126,-0.0897947,0.0710461,-0.832963,-0.713027,0.627637,0.855072,0.354243,0.622029,0.557955,0.118936,-0.224754,0.996694,0.0227246,-0.287797,0.36357,-0.487738,0.505283,0.322406,-0.777391,0.207674,0.150406,-0.611559,0.0965539,0.214357,0.54557,0.523448,0.891808,1
0.873529,-0.779988,-0.234575,-0.338487,0.690702,0.327975,0.430981,0.152155,0.348214,-0.269637,0.103131,-0.458625,0.0743022,0.062539,-0.237402,0.0122716,-1.05253,0.438608,-0.656522,-0.23788,-0.210261,0.944411,-0.0452667,-1.24708,0.326922,0.665803,-1.08939,-0.311902,0.620138,1.25822,-0.493971,0.483689,0.579002,0.867648,1
-0.546388,-0.0160175,-0.521845,0.202417,-1.09466,0.291722,0.261333,-1.35535,0.020923,-0.356826,0.196575,0.382844,-0.399377,0.948849,0.291946,-0.735657,0.187912,0.341846,-0.171447,-1.23971,0.365863,-0.30318,-0.370803,0.120512,-0.548875,0.199617,0.779147,-0.359588,0.159057,0.383943,-1.26824,-0.0398642,0.505683,0.803349,1
0.95,0.88,0.000104768,0.482909,0.434103,0.451203,-0.348062,-0.284847,0.142021,0.324237,-0.337473,0.0369428,-0.0903846,0.277674,0.0661434,0.289666,0.115328,0.38988,0.0694342,-0.180286,0.320927,-0.475546,0.445383,-0.432432,-0.472113,-0.448803,0.356557,0.29234,-0.421827,-0.11838,-0.382097,-0.450075,0.48,0.2,0
-1.06145,0.363991,-0.847095,-0.316995,0.536899,0.879367,-0.102285,1.09139,-0.89714,0.111103,-0.260794,-0.968794,-0.727056,0.222316,-0.191695,-0.415637,0.859646,-0.564669,0.147928,-0.54859,0.165968,0.121962,-1.00974,-0.26859,-0.401627,0.279785,-0.397375,-0.429941,-0.72783,0.23663,0.0970793,0.385704,0.518732,0.909801,1
0.00762808,0.301479,0.436757,0.379772,0.307678,-0.0931683,0.585488,0.196531,-0.401126,0.152184,0.347743,-0.725351,0.85256,0.513836,-0.565478,-0.342697,-0.0552061,-0.35848,0.724436,-0.424936,-0.223552,0.0415402,0.679676,-0.426586,-0.88912,-0.00535935,-0.232883,0.245493,-0.206195,-0.629581,-0.471255,-0.402445,0.448663,0.822086,1
-0.282151,-0.151586,0.106082,-0.645948,-0.242187,-0.791571,0.250309,0.252833,1.21381,-0.802889,0.302019,0.95689,-0.055851,0.371441,0.169179,-0.811193,0.461594,0.441167,0.240532,0.00390507,0.201119,0.136054,-0.293826,-0.218309,0.417765,0.424912,0.523649,-0.24182,-0.564934,0.135271,0.24326,0.335035,0.532212,0.868556,1
0.584221,0.199058,-0.390665,-0.65248,0.240916,0.475912,0.77372,0.500547,0.555758,0.138193,0.727372,-1.22268,-0.460439,-0.198594,0.430992,-0.60244,-0.568843,0.24992,-0.597686,0.427776,-0.428413,-0.647143,-0.178103,-0.00681615,-0.235325,0.175732,-0.00498036,-1.07557,0.300179,0.958206,0.644099,-0.165287,0.545703,0.900451,1
-0.120806,1.0421,0.0274589,-0.0936597,-0.174481,0.134439,0.16885,0.193946,-0.102771,0.353146,-0.296093,-0.251285,0.317438,0.370989,-0.349301,0.26319,0.713021,-0.517076,0.857687,-0.628219,-0.227674,0.55571,-0.446285,0.441756,-1.59876,-0.211372,0.860467,0.811485,0.517037,0.725808,-0.0968982,0.538085,0.523735,0.822855,1
-0.0543762,-0.0845637,0.493101,0.981656,-0.422436,0.454704,0.132039,0.682413,-0.341035,-0.472329,0.156959,0.610482,-0.588535,0.640702,-0.748115,-0.0728303,0.0846464,0.293001,-0.154539,0.367364,0.666259,0.373965,0.759226,0.0119386,0.409067,-0.675168,0.0643441,-0.628978,-0.0539798,-0.592548,-0.100945,-0.115294,0.518235,0.76521,1
-0.338794,0.236285,-0.936436,-0.0236392,-0.544397,0.202584,-0.0454583,0.166573,-0.0806415,-0.900404,0.659748,-0.755235,-0.606988,0.485106,-0.417448,-0.577205,0.167692,-1.13072,0.0438106,-0.597425,-0.744233,-0.55111,0.156917,0.247343,0.422125,0.371956,-0.144442,0.0782311,-0.852293,-0.615107,0.534113,0.578519,0.562661,0.911273,1
-0.303686,-0.574259,-0.0382088,0.759928,0.227456,-0.491111,0.636083,0.0948585,0.0154808,0.992366,-0.0508513,-0.258632,-0.391566,-0.597241,0.575156,0.0832445,0.323868,0.33243,0.0334727,0.0296029,0.304351,-0.425278,-0.611883,0.518071,-0.313556,-0.496522,-0.139596,0.331946,-1.51253,0.0105514,-0.220774,0.0313546,0.548968,0.786201,1
-0.255421,-1.62309,0.440992,0.491035,0.111015,0.0187706,0.267089,0.58154,0.263748,0.447363,0.334858,0.596833,0.203089,0.152584,0.092738,0.71212,0.78976,-0.55103,-0.144534,0.900491,-0.174406,0.137494,0.651632,-0.769854,0.660928,0.470004,0.451603,-0.386415,0.171574,-0.505313,-0.920978,0.296172,0.533244,0.765331,1
-0.424009,-0.520819,0.652864,-0.0821436,-0.344435,0.615628,0.479014,-0.0915328,-0.174476,0.0211695,-0.275077,-0.144587,-0.0334408,-0.286087,-0.284241,-1.04704,0.692225,0.0957206,-0.309719,-0.157896,-0.287616,0.764716,-0.180244,-0.558812,-1.20019,0.0589565,-0.0011032,0.239314,0.172154,-0.362562,0.196175,-1.10948,0.421424,0.871459,1
0.359688,0.237005,0.221756,0.131592,0.390483,7.95,0.290643,0.177485,0.322729,0.246913,0.221434,0.30745,0.138192,0.379302,0.383194,0.156394,0.246209,0.101457,0.357168,0.244425,0.199612,0.369794,0.395621,0.208349,0.395976,0.262795,0.30448,0.384212,0.260658,0.135503,0.216312,0.207781,0.52,0.82,1
0.427576,-0.51836,-0.663592,0.300521,0.115182,-0.764397,0.595675,0.513426,-0.0845056,-0.0384576,-0.668429,-0.0411803,-1.22536,0.218647,-0.461085,0.439997,0.0927843,0.0408436,-0.326753,0.457992,0.000787507,-0.57413,-0.147621,-0.143633,-0.062486,-0.129788,0.297674,-0.0654294,-0.725548,-0.150177,-0.33917,-0.374889,0.451257,0.903421,1
0.0118176,0.300707,0.784067,0.0300384,-0.347357,0.464435,0.17624,0.705183,-0.595971,1.16713,-0.435055,-0.191609,-0.806162,-0.0631446,0.614316,-0.0725047,0.159122,0.00194608,-0.0602837,0.0613067,-0.0415885,-0.572596,-0.536651,-0.703209,0.865862,0.0611614,-0.0990889,-0.188851,-0.583978,0.0750694,-0.133652,0.175987,0.543438,0.791146,1
0.177022,-0.90585,0.548603,-0.0619631,0.539233,0.415889,0.0362806,-0.429347,0.126902,0.132101,-0.143384,-0.146887,-0.0690557,0.130997,-0.160004,-0.140213,0.140389,0.273301,1.33811,0.159786,0.0755572,0.105179,-0.352613,-0.381436,0.83234,0.379066,-0.657155,1.28198,-0.404312,-0.215943,0.174703,-0.0969614,0.467858,0.820601,1
-1.05433,0.413983,-0.332391,0.837995,-0.0706936,-0.0595591,0.811385,0.372151,0.951694,0.00735814,0.123423,-0.409916,-0.946775,0.501254,0.0589083,-0.0644301,-0.0137185,-0.485905,-0.631335,-0.799024,0.550323,0.381319,0.649796,0.602391,-0.228613,-0.533937,0.0491756,-0.0776023,1.10145,-0.536057,0.102166,-0.248645,0.428687,0.81636,1
0.0237216,-0.230848,-0.234606,-0.346239,-0.296883,-0.227968,0.322464,0.119627,-0.677243,-0.544342,0.412764,0.213622,0.00671876,0.719996,-0.509897,-1.25579,-0.230136,0.293345,-0.556201,0.00539346,-0.420213,0.130274,0.913806,-0.856337,0.661565,0.0111384,0.196854,0.40077,-1.42477,-0.0817839,-0.266958,0.608199,0.433703,0.838323,1
-0.316662,0.375286,0.286801,-0.700623,0.165973,0.369822,0.0425123,-0.669009,0.165061,-0.959082,0.258959,0.107329,0.268539,0.297037,0.173608,-0.128273,-1.24075,-0.711196,1.22616,-0.371662,0.145956,0.489523,0.532494,-0.147722,0.356253,-0.191582,-0.0965803,0.378426,-0.0569865,-0.920751,0.459981,0.307698,0.461396,0.768365,1
-0.495167,0.183145,0.563487,-0.83302,0.715697,0.275756,-0.703847,0.560659,0.123278,0.041032,0.348789,-0.446169,-0.249898,0.0711265,-0.428755,0.289105,-0.665655,-0.416463,-0.640728,-0.36118,0.257301,-0.341763,-0.433244,-0.255191,0.156488,0.175643,0.19185,-0.0747893,0.0409971,-0.263393,-0.677539,-0.170738,0.489736,0.779034,1
-0.0221466,0.21153,-0.877272,0.440462,-0.444714,-0.182124,1.13428,-0.294593,-0.20398,0.143413,0.383642,-0.505602,0.810544,1.13308,-0.214545,-0.12666,0.49987,0.337359,-0.792113,-0.102567,0.141759,-0.0779549,1.30383,-0.245668,0.251038,-0.250537,0.897501,-0.589501,-0.162503,-0.190698,0.0416395,0.307254,0.524566,0.77446,1
0.13441,0.541749,-0.479016,0.164772,0.0210667,0.0262328,-0.377143,0.0317913,0.372913,0.207809,-0.122405,-0.762605,-0.722058,0.0860936,-0.513939,-0.494241,0.685293,0.704504,-0.647881,0.821307,-0.383188,0.283209,0.526989,-0.284364,0.560264,0.131466,-0.128345,-0.187054,-0.382101,0.116705,-0.423354,-0.330438,0.458955,0.944976,1
0.0860172,0.897638,0.198604,0.405011,0.133448,-1.03729,0.23907,-0.860505,-0.576585,-0.0586169,0.298173,0.806998,-0.258124,0.926604,0.928836,1.57157,0.00303555,0.80031,-0.314508,0.0545106,0.00612111,-0.395461,0.65615,0.800261,-0.44846,-0.815692,0.211003,-0.0530364,0.610491,-0.243763,0.750503,0.0649947,0.529214,0.930024,1
-0.129145,0.984885,-0.546948,0.00937207,0.429837,0.648277,-0.129759,0.1469,0.131561,-0.0755848,0.509095,0.37129,0.327469,0.359953,0.305436,-0.423998,-0.172212,-0.395413,-0.219463,-0.140331,0.328912,-0.209936,-0.2094,0.0614831,0.37452,0.552336,0.906067,0.688261,0.190237,0.135275,0.00331029,-0.292749,0.425443,0.948064,1
0.260934,-0.866578,-0.796592,-1.09987,0.505952,-0.189869,-0.579666,0.689882,0.0928872,-0.529971,0.247142,-0.0849493,-0.464508,0.391975,-0.403717,0.281119,1.32929,0.176233,-1.05137,-0.40344,0.615318,0.0771006,0.410593,0.868748,-0.172302,-0.184574,-0.120785,-0.00670433,-0.360074,0.243146,1.12942,0.329157,0.568272,0.891824,1
-0.402718,-0.549588,-0.525559,0.818195,0.175911,-0.642262,0.853808,-0.261418,-0.0958993,-0.0401497,0.183769,-0.375711,-0.46124,0.374985,-0.289751,-0.304115,-0.254341,0.376802,-0.0335844,-0.588573,0.294315,-0.245914,0.469557,-0.26194,0.0172611,0.181339,-0.306975,-0.488636,0.355526,0.0286381,-0.379389,-0.244482,0.477367,0.804501,1
-0.801554,0.0414527,0.763396,-0.717103,0.337106,0.631116,-0.900237,-0.281472,-0.377886,-0.604979,-0.061027,0.435526,-0.815361,-0.408233,0.835662,0.450777,-0.0751758,-0.946426,0.466713,0.262665,0.386422,0.953047,0.178373,-1.37975,-0.308357,-0.241895,-0.256922,0.698781,0.539264,0.120243,0.108067,-0.45524,0.472414,0.76823,1
0.113065,0.430139,0.0360453,-0.182794,0.247864,-0.915491,0.5976,-0.637817,0.245553,-0.120645,-0.145638,-0.636935,-1.01972,-0.0319817,0.88671,0.20278,-0.34506,0.187004,0.301973,-0.532682,0.200651,0.611962,0.216351,1.08444,-0.988279,-1.16555,-0.406761,1.14492,-0.361696,-0.314448,0.163912,0.280998,0.515776,0.82273,1
0.066095,0.0645747,-0.515625,-0.282988,0.184885,0.310178,-0.3558,0.631868,0.23447,-0.835388,-0.402644,0.409973,-0.0469208,0.269649,0.139096,0.364472,-0.39705,-0.104931,-0.218117,0.0989894,-1.01721,0.597148,-0.411277,0.599356,-0.206192,-0.0680957,0.104758,-0.0702985,-0.0397291,-0.0345753,-0.218628,-0.0897435,0.507616,0.869892,1
0.30625,-0.678076,0.180925,0.825914,-0.272593,-0.0837743,0.848626,0.537928,0.315407,0.287421,0.137818,-0.159612,-0.520558,0.122785,1.1891,-0.355042,-0.630429,-0.0518481,0.109077,-0.888482,1.25435,-0.334591,-0.834058,-0.151204,0.147323,-0.383382,0.871068,-0.946685,0.200962,0.84832,-0.101669,-0.128322,0.553596,0.85698,1
0.422576,-0.350584,-1.01879,0.566657,0.117045,1.06729,0.167824,0.542913,0.444626,-0.331573,0.262859,1.11058,0.337352,0.116642,-1.12242,-0.394253,0.433169,-0.474561,0.0365579,-0.0140992,0.646995,-0.250437,0.23888,0.786912,1.12463,-0.403615,-0.47472,-0.0106486,-0.041182,0.387711,0.260689,0.730028,0.437878,0.796296,1
-0.226567,0.0331981,0.0656352,0.247301,0.714004,0.0770566,-0.111932,-0.201144,-0.187654,0.182776,0.491273,-0.170055,-0.1718,0.0233513,-0.201959,0.51768,-0.612715,-0.996816,-0.740908,-0.426149,-0.573299,0.221669,0.909698,0.88743,0.00789784,-0.333404,-0.249744,-0.571985,-0.775993,0.55485,0.184251,-0.426091,0.536081,0.827818,1
0.366911,-0.58407,0.00891489,0.687491,-0.52371,-0.310236,-0.114523,0.917098,-0.518008,-0.807902,0.0298416,0.37014,-0.0725504,0.623924,-0.47295,-0.0472705,-0.0458769,0.0489635,-0.33466,-0.66146,-0.33098,-0.125509,-0.249891,0.206034,0.226481,-0.143461,1.42786,0.18966,0.603852,0.0979712,1.41462,-0.0381297,0.551463,0.819986,1
0.468821,0.0310372,0.00815498,-0.245779,-0.367626,1.31239,-0.715753,-0.182899,-0.157176,0.804368,0.7314,-0.0782446,0.235805,-0.486793,0.49425,-0.615136,-1.03063,-0.78552,0.830121,0.695639,-0.38979,-0.799963,-0.456863,-0.43639,-0.708485,-0.308657,0.786414,0.136065,-0.705398,0.354254,0.0434723,-0.0933295,0.442995,0.87914,1
0.0890928,0.351782,-0.0412607,-0.239788,-0.407386,-0.75624,0.332443,-0.602079,-0.706897,0.737243,0.100399,-0.110936,-0.161717,0.488004,-0.30729,0.460757,0.695302,-0.524709,-0.319569,-0.891047,0.416405,0.0357718,-0.492948,0.647756,-0.254432,-0.515188,-0.378586,-0.42311,-0.625509,0.144979,0.219326,0.198264,0.4683,0.916461,1
0.764053,0.246632,-0.18678,-1.15933,-0.0711852,0.0579399,0.352269,-0.197596,0.340935,-0.0334413,0.206461,0.565077,-0.326504,0.323533,0.191202,-0.054921,-0.217453,-0.648504,-0.0494758,0.177694,0.669507,-0.343557,-0.0835854,-0.249266,-0.478684,0.683915,0.304781,-0.294135,0.765926,0.636733,-0.977596,0.198212,0.531405,0.947109,1
0.338062,0.753846,0.64757,0.40563,-0.143738,-0.807022,0.482663,-1.43334,1.06107,0.406749,0.897741,-0.0137735,-0.602503,-0.297439,-1.0746,0.751128,0.305089,-0.467315,-0.131019,0.679018,0.210851,0.463963,-1.13382,0.338254,-0.288416,0.0362036,0.0407241,0.30719,-0.147609,0.376834,0.617365,-0.652138,0.566477,0.929783,1
-0.113316,0.164561,-0.380209,0.828582,0.64796,-0.0387568,-0.539759,0.0767575,0.0241064,0.494264,-0.226127,-0.865581,0.38118,0.393186,-0.00318146,-0.186909,0.118496,-0.139134,0.867916,0.38127,0.462589,0.381002,0.292308,-0.327335,0.692137,0.318643,0.869984,0.125218,-0.82359,-0.808662,-0.265407,0.350872,0.499047,0.896567,1
-0.264204,-0.662306,0.286205,0.963943,0.639332,0.644231,-0.513526,0.946727,-0.328293,0.341952,0.286307,0.254292,-0.525612,-0.304982,-0.0883122,-0.120755,-0.197859,0.649302,0.0162102,0.564793,-0.735442,-0.592362,0.123639,0.275005,0.271597,0.596295,0.205644,-0.372251,1.19432,0.349612,0.124579,-0.752431,0.569724,0.878824,1
0.127306,-0.174953,0.170685,0.413532,-0.00189001,0.693747,0.448792,-0.205365,-0.401757,-0.373898,0.863985,0.360241,-0.175944,0.0480406,0.0652476,-0.497109,-0.178349,-0.200789,0.758848,0.917989,-0.261778,-0.455052,0.277993,-0.133375,-0.357017,-0.495335,-0.0780624,0.360778,0.181883,0.499259,0.152302,0.103099,0.467872,0.922028,1
0.95,0.88,-0.40341,0.489236,-0.170299,-0.430082,0.119128,-0.494942,0.433503,-0.272255,-0.184319,0.464285,0.453449,-0.223403,0.362241,0.0779283,-0.482823,0.381777,-0.467387,-0.15583,0.296832,-0.0276113,0.203008,0.29095,-0.329142,0.435102,0.0765465,-0.36555,0.239244,0.379318,-0.383995,0.0915574,0.48,0.2,0
0.338126,0.398607,0.178665,0.372752,0.199065,7.95,0.181663,0.162076,0.315404,0.202115,0.225469,0.308194,0.145038,0.323703,0.332327,0.288792,0.361776,0.391797,0.181155,0.179442,0.139482,0.340563,0.16785,0.273092,0.261506,0.390314,0.149311,0.272764,0.139007,0.392212,0.182973,0.185134,0.52,0.82,1
-0.0779276,-0.393692,-0.163466,0.415323,0.292972,0.0843324,-0.42764,0.12907,-1.04962,-0.179966,0.170339,-0.501147,-0.447538,-0.325952,0.363133,-0.405411,-0.436518,-0.304309,-0.113562,-0.257566,0.307634,-1.27556,0.487959,0.0966652,0.219157,-0.192084,0.184041,-0.290988,0.107739,0.0887789,-0.552115,-0.570938,0.487075,0.76821,1
-0.83332,-0.666955,-0.43162,-0.197369,-0.0101393,0.578314,0.71351,-0.0223515,-0.514496,0.467357,0.274961,-0.453551,-0.0980217,-0.585851,0.258845,-0.465886,-0.0353124,-0.474325,0.244049,-0.366759,-0.160336,-0.593275,-0.0832186,-0.487917,-0.30856,-0.284866,1.05453,-0.480964,1.01763,-0.0454601,-0.280707,0.782948,0.513473,0.90348,1
0.109855,0.127907,-0.511558,-0.698001,-0.16359,0.77126,0.741491,-0.276829,0.470744,0.787955,0.975523,-0.130206,0.125305,-0.531084,0.170603,-0.696769,-0.912189,-0.775166,0.0476445,0.268729,0.406141,0.560864,0.0456672,-0.303622,1.73787,-0.281332,-0.485164,0.130999,-0.0285268,0.21413,0.361562,0.176321,0.44245,0.811753,1
-1.38587,-0.327318,-0.140822,0.418747,0.295944,-0.248584,0.0144282,0.799609,-0.54827,-0.127854,0.150422,0.186021,0.717051,0.160792,-0.349182,0.185271,-0.239875,-0.0551904,-0.421711,0.601016,0.0571341,0.180671,0.187451,-0.101256,-0.211578,-0.225962,-0.437448,0.696768,-1.72423,-0.250081,-0.765319,-0.0928936,0.502526,0.779232,1
0.274492,0.530577,-0.0156318,-0.937192,1.10016,-0.232749,0.461285,-0.332776,0.144567,-0.0024893,-0.313076,0.407663,-0.405745,0.448624,0.100881,0.018019,0.23082,-0.524325,-0.118931,-0.190078,-0.507452,0.510135,-0.113738,0.582156,0.572654,-0.930545,0.31132,-0.136905,-0.0618951,0.741932,0.468655,0.215632,0.459312,0.838757,1
-0.36004,-0.030655,0.0289515,-0.557953,-0.19658,-0.432935,0.322394,0.758663,0.153759,0.129106,0.988645,0.231367,0.14294,-0.766193,-0.532326,-0.0479704,0.635718,0.274274,0.155167,0.0660528,-0.915664,0.822414,0.615041,-0.112213,-0.120887,-1.3694,-0.625755,0.261631,0.377941,0.164149,-0.109805,-0.0084076,0.560155,0.911794,1
0.655447,0.455732,-1.08904,0.56422,-0.4156,0.420544,0.0801172,-0.925365,-0.199508,0.596521,1.33997,-0.0594185,-0.325155,0.577427,0.736997,-0.106593,0.592361,0.264618,-0.407373,0.62847,0.805478,0.137951,-0.208556,-0.19836,-0.0708746,-0.394351,-0.750667,0.408025,-0.485301,1.3142,1.07503,0.0981156,0.470928,0.795385,1
-0.507498,-0.0938525,0.506139,0.363786,-0.512671,-0.146513,0.362138,0.0290695,-0.378093,0.618141,0.157795,0.250981,-0.356278,-0.637682,0.564342,0.266823,-0.676325,0.123089,-0.245743,-0.271641,-1.06853,0.216782,-0.34591,0.125477,-0.452874,-0.0193567,0.557371,0.626661,0.309104,0.459557,-0.379848,-0.799701,0.434126,0.913369,1
-0.179514,-0.266323,0.222546,-0.546408,0.064117,0.319034,-0.301348,0.831993,-0.195405,0.166589,-0.228912,0.11818,-0.318255,0.155996,-0.0586005,0.404659,-0.129626,-0.616185,-1.11602,0.5822,0.464021,-0.2069,0.195131,-0.0898101,0.318419,-0.387076,-0.223414,-0.350911,-0.218911,0.437779,-0.0418056,-1.08502,0.526659,0.886508,1
-0.296132,-0.450068,0.0251608,-0.0367643,0.293236,-0.872603,-0.144099,-0.101271,-1.77432,-1.25661,0.629497,-0.0255861,-0.137955,0.901386,0.174863,-0.18917,0.671718,-0.625392,-0.204992,-0.353982,-0.336315,0.252853,-0.303755,-0.185275,-0.212221,0.763168,-0.191303,0.104096,-0.634591,-0.098362,0.0328464,0.469824,0.523687,0.792539,1
-0.268822,0.123747,-0.73784,0.0400503,-0.649529,0.371239,0.0574875,1.35571,-0.343621,0.852055,0.452806,0.548412,-0.698607,0.592646,0.904139,-0.533035,-0.119363,-0.0930625,-0.209958,-0.886647,-0.0331484,0.32727,0.0180457,0.339988,0.801556,-0.135509,0.203681,-0.614535,0.668988,0.233448,0.159501,0.625221,0.432413,0.901938,1
0.281089,0.205647,0.104412,0.343918,0.255893,7.95,0.354295,0.328445,0.39959,0.240587,0.254577,0.116329,0.179294,0.312455,0.371966,0.396764,0.361801,0.195279,0.385918,0.306388,0.381896,0.153269,0.350017,0.30896,0.141743,0.14421,0.242407,0.343187,0.213116,0.376022,0.202886,0.348632,0.52,0.82,1
0.166742,-0.305105,-0.0397548,0.644751,-0.717469,-0.513497,-0.349894,-0.0729739,-0.337485,-0.130419,0.166328,-0.89652,0.219598,0.691863,0.0729219,0.298304,0.812048,-0.263892,-0.432983,-0.227378,-0.539946,0.367341,0.0986555,-0.123528,-0.512383,-0.921214,1.14425,-0.52453,-0.319495,0.121093,0.520219,0.189155,0.560677,0.870826,1
-0.245923,0.931647,-0.552732,0.157057,0.129234,-0.932712,-0.748756,0.880275,-0.0436821,0.296862,0.724474,0.933622,-0.790857,-0.301469,0.0745123,-0.0983732,-0.464146,0.249044,0.51665,-0.260499,0.335059,-0.303256,-0.488465,-0.191446,0.480383,-0.44565,0.468352,-0.128333,-0.986768,0.224939,0.28567,0.408291,0.434907,0.934922,1
-0.258884,-0.456292,0.270178,0.331014,-0.839671,-0.814913,0.251128,0.0898362,-0.304668,0.26992,-0.310982,-0.222135,0.843135,-0.693915,-0.296737,0.178705,0.118359,0.186617,0.283399,-0.100665,0.316614,0.625034,-0.842762,-0.0284889,0.390614,0.0610387,-0.631172,-0.188693,0.295833,-0.434306,0.362887,-0.124548,0.54204,0.943838,1
0.218116,0.252988,0.216616,0.324356,-0.258763,-0.67168,-0.345064,0.651155,-0.469335,-0.0352426,0.162363,0.000339143,0.361186,-0.390304,-0.546093,0.532317,-0.566981,0.894403,0.387942,-0.263137,-1.68762,0.154665,0.484453,0.0870779,-0.312276,1.09626,-1.15932,0.34913,0.497874,-0.28643,0.0143229,-0.376473,0.491798,0.832375,1
-0.129293,0.202967,1.41462,0.416092,-0.256243,-0.0200941,-0.909348,-0.192333,-0.0571281,-0.109531,-0.188976,0.646598,0.0747586,0.249483,-0.00406037,-0.151467,-0.203356,-0.209191,0.175728,0.836197,-0.0717456,0.196344,-0.109603,0.292962,-0.422658,0.792064,0.0387467,-0.401037,1.07836,-0.35361,-0.0434887,-0.191333,0.524054,0.94898,1
-0.547361,-0.1997,0.563746,-0.370673,0.0296857,-0.00671965,-0.239641,-0.426033,0.406545,0.112215,-0.564086,0.16565,0.344519,-0.330539,-0.137258,0.119007,-0.355668,0.258033,0.0838731,0.372658,0.110478,-0.667972,-0.160747,-1.00043,0.431851,0.414434,0.754459,0.0987668,-0.151618,0.119878,0.691055,0.850439,0.575373,0.850407,1
0.0846803,-0.164855,0.738451,-0.166874,-0.0099191,0.0875321,0.0396068,-0.242873,0.0522766,-0.328818,-0.416843,-0.682372,0.107147,-0.408903,0.166175,0.779282,0.450274,-0.748658,-1.08527,0.196581,-0.639252,-0.598437,-0.149838,-0.161861,-0.791293,0.925311,-0.375168,0.381971,0.681579,0.094515,0.01179,0.514894,0.51661,0.920328,1
-0.634008,0.542844,-0.24556,-0.130662,0.114644,0.234026,-0.426605,0.4771,-0.274027,0.211071,-0.652128,-0.513287,0.156098,-0.229776,0.658414,-0.959993,-0.445063,-0.808294,-0.562203,-0.671924,-0.202185,-0.552811,-0.682311,0.464328,0.275166,0.87968,0.266751,-0.115503,0.249764,0.578117,-0.239662,-0.152034,0.491579,0.891613,1
0.263678,0.28736,0.659055,-0.508413,0.584072,-0.145549,0.175289,-0.473034,-0.178239,0.250635,0.18097,0.211446,0.530821,-0.193386,-0.149577,-0.480595,-0.285259,-0.658498,-0.440513,-0.522331,-0.0843061,0.499983,0.049958,-0.364887,0.652211,0.157772,-0.715008,0.14155,-0.316533,0.148977,0.310789,-0.474552,0.465606,0.895755,1
-0.482802,0.0466627,0.176261,-0.305578,-0.150952,-0.831266,0.367331,-0.463136,-0.164752,0.418668,0.146029,-0.112825,0.0819414,-0.298147,0.146885,0.237377,0.145917,-0.42372,0.283978,-0.211517,-0.847031,-0.504023,-0.757896,-0.101945,0.266312,-0.715761,0.0966311,0.220768,0.222159,0.640654,0.109102,-0.375546,0.520964,0.806434,1
-0.598078,-0.0505211,0.0365737,-0.525321,0.547926,0.348644,0.399989,-0.197518,0.107297,0.421684,0.673476,-0.406371,-0.490662,0.805064,0.228882,-0.546937,0.480803,-0.573017,-0.556381,-0.267353,0.360677,-0.295271,0.094759,0.0292876,0.270289,1.13726,0.236923,-0.108154,0.105669,0.342439,0.474894,-0.84216,0.420905,0.834007,1
-0.703666,-0.27655,-0.581813,-0.0912074,0.888823,-0.0413094,-0.112383,0.433794,-0.755921,0.264323,-0.575898,0.78419,-0.321298,0.0147925,-0.342508,-0.543016,0.476482,0.0823667,0.158037,-1.2022,0.246965,0.201587,0.58331,-0.264289,-0.824287,0.484711,-0.101057,0.199543,-0.0739204,0.199469,0.875486,0.0401677,0.430054,0.923959,1
-0.390867,-0.200624,0.339231,0.101254,0.393748,-0.120349,-0.00598537,-1.08546,0.173869,0.452103,-0.249982,0.7062,-0.00281557,-0.0450825,0.298129,0.658659,0.24241,0.706828,-0.122503,0.404236,-0.433933,-0.382652,0.217924,-0.445182,-0.00406954,1.04062,-0.683804,-0.487941,0.113931,0.549612,-0.256662,0.465263,0.449003,0.77953,1
-0.0851358,0.357024,-0.202254,0.71935,-0.00942214,-0.280956,0.0219744,-0.38924,-0.0085886,0.564262,-0.183907,-0.0448957,-0.849265,0.109061,-0.260229,-0.128016,-0.309485,0.328651,-0.767913,-0.649656,-0.210189,-0.157886,0.685941,-0.18188,0.707148,0.0108715,0.521388,-0.373784,-0.14817,-0.0534365,-0.40763,-0.632424,0.476908,0.944008,1
0.601976,-0.604545,-0.0229767,-0.60596,-0.496293,0.0525536,-0.391615,-0.226871,-0.266805,-0.39314,-0.384559,0.218287,-0.111326,-0.592839,1.19185,0.333272,-0.0689336,0.557033,0.371106,-0.668086,-0.827655,-0.348413,-0.0287596,-0.975875,0.0460906,-0.453047,0.509225,0.670062,0.649765,-0.383201,0.37578,-0.856195,0.448157,0.803353,1
0.623002,-0.270431,-0.149111,0.0668931,-0.165872,-0.57513,0.809136,0.0276763,-0.249958,0.00229913,0.062467,0.416955,0.453835,-0.269336,-0.57316,-0.620942,-0.00833137,0.493354,-0.600198,0.0619187,-0.107587,-0.0400861,1.0497,-0.206306,0.681381,0.02749,-0.60277,-0.137906,0.340942,0.213721,0.205453,-0.116454,0.531051,0.888872,1
1.01545,0.0164813,-0.488489,0.661913,-0.114607,0.777181,1.65772,-0.390717,-0.993077,-0.638203,0.568852,-0.38355,-0.683279,1.07657,-0.105964,0.658576,-0.253941,-0.882737,-0.521848,0.0359781,-0.89638,-0.891377,1.26399,-0.0168493,-0.601807,0.4404,0.506529,-0.681155,0.748923,0.561309,-0.191818,0.67531,0.523419,0.94072,1
-0.826362,-0.635513,0.432247,-1.52716,0.392682,-0.250371,0.689306,0.82766,-0.364787,0.558394,0.392751,0.332154,-0.302396,0.321828,-0.225133,-0.415738,0.904274,-0.350968,-0.69763,-0.0320149,-0.0553415,-0.244905,-0.151678,-0.0482327,0.279662,-0.820754,-0.408641,-0.0866383,-0.361498,-0.11544,-0.88228,0.0375078,0.527384,0.919514,1
-0.134819,-0.022642,0.264959,0.669737,0.319589,0.0750939,-0.0877741,0.194325,0.377619,-0.538779,0.0289604,0.253419,1.23619,0.204245,-0.43679,0.586247,0.168364,-0.107435,-0.209957,-0.0813009,-0.62012,-0.476736,0.153119,-0.11544,-0.556134,0.588911,-0.0949963,-0.367913,-0.655531,-0.378492,-0.619623,-0.188697,0.524442,0.829403,1
-0.272262,-0.270072,-0.0830476,-1.38423,-0.575457,0.158218,0.9301,0.10511,-0.879297,0.708975,-0.697262,-0.443979,-0.678286,0.217099,0.234172,-0.607149,-0.0622033,0.192319,-0.996311,0.162101,0.0445743,0.160107,0.492762,-0.846207,-1.23031,0.496348,0.584269,-0.667409,0.326326,0.0537599,-0.0515085,-0.40381,0.551665,0.903081,1
-0.469206,0.232701,0.456477,-1.21484,-0.473179,0.134735,0.00765915,0.37225,-0.621086,-0.344657,-0.261518,-0.268435,-0.447305,0.511688,-0.587249,-0.291713,-0.485129,0.317416,-0.697424,-0.534585,0.132936,-0.406247,0.724459,0.890394,0.505609,-0.417037,0.618655,0.215211,0.494144,0.49004,0.31086,0.532172,0.555823,0.82186,1
1.2125,-0.59344,-0.284462,0.0659235,0.515765,-0.725266,-0.00259289,0.0895069,-0.950061,0.406445,-0.409128,-1.24841,-0.131749,-0.207873,-0.519395,-0.203128,0.148816,-0.512518,-0.911438,0.319123,-0.777582,0.164494,0.843079,-0.05821,0.229275,-0.40532,-0.743389,0.149014,-0.171771,0.0340955,-1.21769,0.113985,0.516164,0.923595,1
-0.190712,-0.0147508,0.187812,-0.682319,0.0554341,-0.663146,0.800762,0.512778,0.60127,0.136412,0.362809,0.617417,0.424474,-0.691273,0.776457,0.429923,-0.189593,0.0774874,-0.0805509,-1.64629,-0.152525,-0.313791,-0.406157,-0.921957,0.480166,0.732111,0.866225,-0.45845,1.01199,0.369359,-0.317264,0.21668,0.51722,0.819634,1
-0.168374,0.316631,0.152331,-0.403794,-0.584071,0.951196,0.608171,0.536576,0.311205,-0.808762,0.265402,0.195746,-0.749641,0.0818842,-0.534748,-0.0294963,-0.0425997,0.326006,0.0381623,0.769612,0.233925,-0.19611,0.335293,0.321786,-0.271021,-0.255139,1.20057,-0.0107205,0.0613142,-0.627268,-0.329882,0.630637,0.423434,0.910245,1
-0.185876,-0.623588,-0.0462089,0.0921085,-0.578145,0.328668,0.208951,-0.246027,-0.152359,-0.586608,-0.160389,0.652787,0.531081,0.341511,-1.37098,0.468591,0.259451,-0.454238,0.831013,-0.353284,0.297771,-0.556478,-0.464531,0.183057,0.828905,0.297153,-0.373697,0.685393,-0.154361,-0.0422212,-0.172336,-0.100666,0.552367,0.786379,1
-0.112272,0.0814758,-0.0346555,0.0845126,-0.76987,0.397075,0.0449453,0.0817636,-0.542106,-0.529173,0.332524,-0.984456,-0.0523159,0.625944,0.735301,-0.572159,-0.68334,-0.161914,0.52312,-0.0815151,0.273713,0.429239,-0.524308,-0.595332,-0.432577,-0.519632,0.248538,0.673891,0.475775,0.394072,-0.743813,-0.284802,0.471775,0.873251,1
0.95,0.88,0.342766,0.204239,-0.239124,0.0163387,-0.282232,0.0289959,0.478798,0.403624,-0.164538,0.291969,-0.366274,-0.0280598,-0.422853,-0.144401,-0.315178,-0.112535,0.0394482,-0.132845,-0.107566,-0.429318,-0.422717,-0.356979,0.353001,-0.462319,0.303931,0.287592,0.314377,0.0193269,0.290253,-0.163234,0.48,0.2,0
0.343066,0.251362,0.113034,0.216899,0.287357,7.95,0.3881,0.261704,0.188405,0.274749,0.252413,0.120702,0.286447,0.116533,0.322497,0.358506,0.149045,0.354019,0.32563,0.262905,0.188601,0.171342,0.300024,0.28283,0.186157,0.186428,0.217961,0.230019,0.137847,0.119827,0.137888,0.386199,0.52,0.82,1
0.0920111,0.478374,-0.807162,0.14688,-0.441283,0.346741,-0.831607,-0.732683,0.105911,-1.05511,0.230627,0.537212,-0.607852,-0.821952,0.748778,0.15122,0.755605,0.073663,-0.17812,0.338961,-0.268318,0.0283211,-0.413593,0.545246,0.230422,0.955533,0.328845,-0.710402,0.444071,-0.860362,-0.00605713,0.746653,0.468582,0.771822,1
-0.247256,0.491108,0.660141,0.427253,0.28351,-0.124041,0.00089169,0.578169,0.243991,0.119347,-0.257639,0.171403,0.286568,-0.751335,-0.670985,0.075537,0.0217625,-0.0671933,-0.193712,0.105313,-1.07524,0.576509,-0.0293199,-0.733344,-0.00337356,-0.328673,0.752032,0.392658,0.0635711,-0.901115,0.129623,0.0639788,0.557474,0.832,1
-0.424844,-0.797147,0.13836,0.168819,1.49556,-0.178856,1.35847,0.255844,0.253003,0.933752,0.419654,-0.184466,-0.933092,-0.574541,-0.387271,-0.354891,-0.169426,1.09881,-0.0665855,0.612742,0.997954,0.129637,-0.837584,0.806141,0.245481,0.0514443,0.0711712,-0.116875,-0.772145,-0.669203,-0.305485,0.22705,0.474821,0.801451,1
-0.590929,0.331368,0.694007,-0.193389,-0.0195702,0.483259,-0.454278,0.727416,-1.26112,0.526355,-0.79571,-0.0978191,-0.0472365,-0.693059,-0.569822,0.185082,0.50156,0.370575,-0.0780348,-0.512698,0.586478,-0.000460111,-0.0885377,0.965325,-0.365397,-0.0653746,1.24507,0.00922445,0.210151,0.409682,-0.0333001,-1.0623,0.575309,0.946755,1
-0.951626,-0.763666,-0.803643,-0.19296,0.531851,-0.144977,-0.346101,-0.595607,0.272322,0.444535,-0.644477,0.510205,0.124212,-0.107811,0.28454,0.0893782,1.05817,0.219508,-0.575355,-0.0775825,-0.370224,-1.00499,0.185533,0.191864,-0.448731,0.740195,-1.06683,0.150858,0.825964,0.183249,0.205822,-0.933215,0.434337,0.810061,1
-0.369995,-0.514732,0.20538,0.0631398,0.116024,0.784576,0.0432584,-0.725227,1.23282,-0.0703432,0.920442,0.444719,0.0434303,0.318335,-0.428435,-0.692212,0.74915,-0.575931,0.179239,-0.304773,0.234485,0.440045,0.720478,-0.731625,0.228561,0.431044,0.275249,-0.79769,0.58483,-0.385495,0.443033,0.292463,0.472048,0.917784,1
0.621991,1.09312,-1.27184,-0.544741,0.686574,0.276493,0.412345,-0.02101,0.709732,-0.152466,-1.15548,0.066937,-0.832627,0.185454,0.522115,0.466731,-0.10518,-0.514481,-0.56089,-0.173615,0.373792,0.466529,-0.22007,0.561288,-0.123561,1.12439,-0.133921,-0.151128,-0.0907304,-0.0787834,0.436231,-0.0399518,0.526427,0.886517,1
0.141784,0.374622,-0.36411,-0.274169,0.125242,-0.136043,-0.634159,-0.573966,-0.513626,0.391288,-0.0656689,0.129735,-0.61924,0.407102,-0.3764,-0.582657,-0.86268,0.484171,-0.302112,0.504001,-0.0643641,1.02178,0.526396,-0.105362,0.0435758,0.55025,-0.062513,-0.256542,-0.989904,0.0455658,-0.568052,-0.0932876,0.47326,0.938616,1
0.955151,-0.318439,-0.295192,-0.259834,-0.92867,-0.509045,-0.0902502,-0.467346,-0.87277,-0.638954,0.371628,0.334393,-0.938143,0.413216,0.112659,-0.151449,0.488982,0.135524,0.0707819,-0.312383,-0.0199362,0.177691,-0.386478,0.453036,0.323332,-0.0748254,-0.621401,-0.669995,0.50289,-0.324458,0.369276,-0.734596,0.532501,0.88586,1
0.876183,-0.441402,0.63024,-0.348821,-0.729504,-0.529164,-0.0380285,0.0160643,0.0455144,0.00918171,-0.124531,0.069447,-0.176015,0.290572,0.145487,0.0451574,-0.212653,1.18973,0.53863,0.343615,-0.766128,-0.783032,0.0214231,0.733624,-0.197342,0.777719,-0.433217,-0.332286,0.409372,-0.323115,-0.0412365,-0.583114,0.450666,0.840475,1
0.0851738,-0.229606,-0.562365,0.385357,-0.664342,0.477248,-0.640675,-0.183021,0.698833,0.927124,-0.508259,0.53399,-1.061,0.243393,-0.782157,-0.0485089,0.33935,0.0902989,-0.0676915,-0.515428,-1.00374,0.444363,-0.214135,0.476742,-1.16799,0.0342977,-0.101958,-0.0391015,0.696437,0.294108,0.204787,0.0190465,0.505343,0.910113,1
0.538575,-0.447402,0.153565,0.923136,-0.428732,-0.359102,0.110447,-0.171909,0.319398,-0.0956131,-0.835123,-1.16513,-0.574582,-0.419961,-0.308095,0.263022,-0.755363,1.01796,0.295301,0.41815,0.379775,-1.37291,0.0246643,0.983054,0.282536,1.37316,-0.0961167,-0.422975,0.454654,0.0876737,0.175632,0.310321,0.445356,0.776998,1
0.215075,0.204141,-0.997498,0.00635799,-0.0453995,-0.778303,0.294889,0.198398,0.765276,-0.581785,0.164526,-0.518954,-0.0594814,0.181139,-0.677052,0.744916,-0.621047,-0.144565,-0.113772,-1.58323,-0.721151,0.0964793,0.417123,-0.519506,0.792498,1.00295,-0.765889,0.0340589,0.10058,-0.315607,-0.372418,-0.10247,0.523024,0.849374,1
0.238347,0.343378,-0.692084,-0.909531,0.735109,0.0997355,0.668302,-0.305692,0.449697,-0.544054,-0.173483,0.538226,-0.485508,1.13563,0.123543,-0.250878,-0.223751,0.425098,-0.286032,0.106814,-0.168115,0.567272,-0.0450776,-0.454523,-0.344126,0.124995,-0.0380655,-0.2206,0.361531,0.501835,-0.754049,-0.386384,0.434447,0.821122,1
-0.076867,-1.33457,-0.550841,0.566829,0.354624,0.655703,0.126476,-0.694845,-0.554969,-0.218061,0.651409,-0.372881,0.994733,-0.866042,1.34965,0.473747,-0.354695,0.51379,-0.570851,-0.171282,-0.0164965,-0.799461,0.306,-0.110979,-0.399,0.647914,0.930233,-0.458974,-0.274522,0.462388,0.677438,0.696085,0.510601,0.786686,1
0.176703,0.738574,-0.317669,1.72783,-0.00388143,0.376688,-0.302313,-0.0473724,-0.533783,-0.0497296,-0.00200786,-0.802565,0.385775,0.444775,-0.125649,1.46416,-0.0969192,-0.565146,0.847949,-0.668286,-0.662857,-0.310022,0.622775,-0.133899,0.11477,0.345558,0.982367,-0.241062,-0.00213676,-0.683056,0.269347,0.157824,0.559535,0.893346,1
0.274122,0.240197,0.155623,0.36725,0.382036,7.95,0.115392,0.133871,0.26626,0.190874,0.281144,0.334514,0.385594,0.102026,0.245106,0.361373,0.340883,0.105072,0.154896,0.246551,0.170262,0.361042,0.39106,0.300943,0.313809,0.350799,0.296484,0.31818,0.30853,0.362152,0.306041,0.194023,0.52,0.82,1
0.103108,0.304029,0.281728,0.368323,0.215612,7.95,0.349547,0.245503,0.369018,0.197463,0.247386,0.305634,0.194599,0.264817,0.266778,0.21127,0.221346,0.293939,0.368892,0.306105,0.123721,0.398011,0.313882,0.212196,0.166322,0.135481,0.221758,0.307298,0.38765,0.279542,0.295012,0.330495,0.52,0.82,1
0.480564,-0.477555,-0.876369,-0.60865,0.151078,-0.0837604,-0.0349371,0.237178,0.130262,0.605851,-0.19262,0.626432,-0.704805,0.0490739,0.450448,0.623131,0.597514,0.163793,1.23764,-0.196114,-0.00108401,-0.303484,-0.522415,0.222191,0.612332,0.086584,-0.174448,-0.0685098,0.359644,-0.230532,0.0026958,0.695313,0.568535,0.944812,1
0.0790921,-0.437196,0.298891,0.0791506,0.679911,-0.251633,-0.0292623,-0.439784,-0.286822,-0.267335,-0.00565377,0.773459,-0.489775,-0.0101365,0.651557,0.283772,-0.23153,0.218406,0.364748,0.444719,0.138065,-0.483669,-0.181041,0.755207,0.780899,0.707181,-0.15306,-0.689876,0.613471,-0.530729,0.209668,-0.82676,0.5026,0.800486,1
-0.573642,-0.725962,-1.14173,-0.278504,-0.706039,-0.678985,-0.276494,-0.432928,-0.0893854,-0.395531,0.536893,0.129589,1.04563,-0.193066,0.0143759,-0.240123,0.593188,0.703502,-0.524234,1.0486,1.49899,0.329388,0.15841,-0.186581,0.798098,-0.0791848,0.0697087,-1.19447,0.0412617,-0.580084,-0.279175,0.128729,0.469562,0.885661,1
-0.0698733,0.66028,-0.115753,-0.320341,0.258593,-0.3755,-0.959545,0.715646,1.36915,-0.160626,0.00462463,-0.453924,-0.0362617,0.284064,-0.652162,-0.474075,-0.879046,0.561775,-0.0080707,0.982983,-0.494189,-0.227803,0.704851,0.253148,-1.09659,0.310723,-0.924627,0.055789,0.0236772,-0.135968,-0.227171,-1.05189,0.516535,0.839414,1
-1.29506,0.642615,-0.567654,-0.0507346,-0.301612,-1.14723,-0.542086,-0.0478129,0.501616,-0.785585,0.510788,0.463023,0.0101288,0.857621,0.462369,0.222222,0.701884,-0.26055,0.802636,0.505434,0.30463,-0.441566,0.319899,0.467365,-0.889868,-0.225319,0.190542,-0.334867,-0.610719,0.138421,0.101186,-0.157563,0.424758,0.784347,1
0.875864,0.266248,1.05556,0.20557,-0.044257,0.829989,0.265655,-0.308649,-0.30648,-0.483882,-0.155031,-1.30301,-0.732396,-0.13907,-0.00529792,0.442959,0.72086,0.484182,0.558513,1.03389,0.401274,0.310197,0.443335,-1.19418,0.387798,0.237032,0.624547,0.0384758,0.546303,-0.281552,-0.530005,-0.0593234,0.458668,0.81328,1
-0.491101,-0.233234,-0.0291356,0.251757,0.0848727,-0.594913,-0.101298,-0.309757,-0.0619635,-0.24457,0.404349,-0.164441,0.784745,-0.257907,-0.578426,-0.507302,-0.210894,0.0372938,0.273932,-0.202676,-0.207893,-0.14449,0.952987,-0.426712,0.459226,-0.505396,-0.47271,0.391588,0.319963,0.14109,0.667072,0.379073,0.459745,0.828372,1
0.955984,0.155308,0.0152029,-0.33187,-0.301171,-0.206942,0.0676245,0.283905,-0.170335,-0.517266,-0.561301,-0.35492,0.487038,0.442954,-0.629137,-0.17621,-0.674703,0.465637,0.126757,-0.782362,-0.0232621,-0.127154,-0.455534,0.451273,-0.197859,0.793476,0.176531,0.606133,0.270545,-0.0863287,0.0475755,0.0751269,0.49098,0.830967,1
-0.485847,-0.317147,1.14002,0.321132,-0.16365,0.752615,-0.218102,0.426908,-0.880619,0.42229,0.458833,-0.0362514,0.236462,-0.490453,-0.152784,-0.154795,-0.136149,0.825737,0.140249,0.0653294,0.643557,-0.155696,0.219555,0.552098,0.11943,-0.359296,-0.226699,-0.747465,0.181881,-0.213265,-0.517969,-0.679214,0.546476,0.873464,1
-0.893729,0.186128,0.458159,0.183975,-0.0757068,-0.435139,0.204782,-0.164167,0.176184,-0.805374,-0.423548,0.870879,-1.1368,-0.0924858,0.0692888,0.577149,-0.0808256,-0.237647,0.201725,0.373676,-0.129494,0.613751,-0.576908,-0.210754,-0.269557,0.169733,-0.0973296,0.129467,0.0468061,-0.142747,0.662481,-0.0414667,0.469076,0.850662,1
0.207647,0.105387,0.230394,0.236973,0.377692,7.95,0.345533,0.386816,0.319986,0.273461,0.197153,0.362456,0.231561,0.174507,0.106562,0.107127,0.332132,0.290103,0.306494,0.20312,0.160577,0.353247,0.344097,0.133569,0.364163,0.1789,0.186983,0.252326,0.340132,0.104409,0.384431,0.253454,0.52,0.82,1
0.49014,0.489154,-0.157582,-0.519857,0.22369,-1.09197,-0.386914,-0.199893,0.276912,0.311798,-0.428055,-0.498742,-1.09269,0.000916817,0.0531948,0.48374,-0.182107,-0.301215,-1.21746,0.296538,-0.570363,-0.0943774,0.855025,0.476269,0.255261,0.63371,0.237159,0.420526,0.307059,0.0323996,0.229205,-0.530858,0.494231,0.892995,1
0.528792,0.171971,0.517635,0.0839578,-0.00248773,0.208539,0.323535,0.30816,-0.0245852,-0.0583589,0.75946,0.509844,-0.246414,-0.832671,-0.141585,-0.0344905,-0.114852,-0.398035,0.73945,0.931122,-1.27065,-0.891783,-0.186295,-0.665247,0.106714,-0.360949,-0.778953,0.220236,0.454213,0.419135,0.33835,0.484028,0.466135,0.772007,1
0.527883,-0.205405,-1.33301,-0.853766,0.16725,-0.844426,0.269503,0.792611,0.283331,0.179676,-0.103649,-0.374225,-0.306894,0.0675781,-0.176493,0.346417,-1.12157,-0.0355537,-0.204664,-0.387068,-0.326843,0.00690629,-0.351875,0.522315,-0.0366938,0.332348,-0.649834,0.444375,-0.148199,-0.600387,0.227019,0.21661,0.436941,0.892907,1
-0.551304,0.0444308,0.492101,0.436257,-0.267328,-0.348125,0.880224,-0.27549,-0.0149344,0.141879,0.371057,-0.254816,0.493824,-0.745018,-0.255613,0.362426,-0.410526,0.415975,-0.510795,0.235291,-0.390843,-0.517044,-0.704415,-0.622235,0.41485,-0.533552,-0.148597,-0.214738,-0.226773,0.191715,-0.685658,-0.646275,0.485895,0.781404,1
0.333371,0.498858,0.663302,-0.121418,-0.258393,-0.283578,-0.612733,-0.213084,-0.109539,0.499569,-0.106923,-0.188089,-0.0316713,-0.724544,0.595929,0.192552,0.315961,-0.271374,-0.0173476,0.306689,-0.486277,0.556883,0.503942,-0.143455,-0.0345903,1.23779,-1.26831,-0.158251,-0.24678,0.514688,0.863374,0.662961,0.434263,0.850532,1
0.456597,-0.391916,0.587335,-0.553691,-0.840998,-0.488295,0.858105,-0.0332839,-0.971549,-0.403967,-0.410971,0.745997,0.152519,-0.211095,-0.475104,0.316369,0.0725892,1.08013,0.179839,0.368114,-0.109312,0.326127,0.279436,0.188501,-0.264962,0.821023,-0.90914,0.335415,0.206022,-0.689394,0.25707,0.663858,0.563776,0.942517,1
0.459794,-0.537686,0.564994,0.0132795,-0.215725,0.0467605,-0.179128,0.522371,-0.111953,-0.807683,-0.373428,0.924878,0.250096,1.10253,-0.859819,0.0302391,-0.282945,-0.523401,0.497018,0.520329,0.81875,-0.319443,-0.680465,-0.660152,0.922244,-0.326266,-0.0679366,0.390237,0.681087,0.357765,0.18716,0.860489,0.433487,0.788989,1
0.491792,0.513156,0.282175,-0.371446,-0.0877892,-0.371367,0.541323,-0.163383,-0.124531,-0.501642,-0.422734,1.09773,-0.316477,-0.117867,-0.0468569,0.184251,-0.476178,-0.109591,-0.67123,0.323893,-0.543773,0.285239,-0.498519,-0.315693,0.468697,-0.708374,-0.145968,-0.913249,-0.316678,-0.181944,-0.270529,0.521146,0.447316,0.811481,1
-0.645698,-0.199522,-0.605081,0.24678,-0.428559,0.567843,-0.251847,0.331876,0.0544667,0.474511,0.388725,0.421808,-0.0544522,-0.394329,0.601836,0.421745,-0.0881277,0.15711,0.621112,0.302883,-0.0711798,-0.0851874,-0.385734,0.1499,-0.372916,-0.0760354,0.461604,-0.339051,0.710796,-0.437259,-0.051666,0.373114,0.4433,0.815103,1
-0.167367,0.174804,0.0165154,-0.00170108,-0.187568,0.256921,0.251723,0.023035,-0.765207,-0.0717177,0.918398,-0.390674,0.882968,-0.601817,0.476318,-0.754129,-0.455021,0.375066,0.576063,0.222178,0.519564,-0.853449,0.325376,0.765667,-0.626981,0.0326034,-0.181042,-0.398784,1.06587,1.04493,0.478558,0.226684,0.447531,0.88893,1
-0.633087,0.207953,-0.186951,0.0736153,0.26372,0.316305,-0.33907,-0.14129,0.173059,-0.261833,-1.18003,-0.567083,0.579366,-0.0469667,-0.200139,-0.270534,0.0469947,-0.470145,0.0763038,0.0568728,0.189817,0.155439,-0.0607686,-0.037882,0.358954,-0.0345533,-0.22777,0.775293,-0.195142,-0.202259,-0.51195,1.22502,0.467269,0.866798,1
0.296845,0.0903845,0.421303,-0.312903,-0.527021,-0.731161,-0.000326312,0.273218,-0.149563,0.23014,-0.0993137,-0.504261,0.210508,-0.569372,-0.102586,-0.638704,-0.415798,0.299879,-0.725174,-0.911086,1.00095,0.452158,0.377639,0.183793,0.0967443,0.0731349,0.0961222,0.53281,0.612756,-0.0407251,-0.699413,-0.667232,0.466804,0.941382,1
0.55564,0.322227,-0.0896548,-0.294591,0.77472,0.388445,-0.468903,-0.403723,-0.200102,-0.307515,-0.126311,-0.0467149,-0.518896,0.104871,0.171088,-0.373315,-1.11615,0.170209,-0.823625,-0.366533,-0.726215,0.124146,-0.0167291,-0.209561,0.484241,-0.0345362,-0.141064,-0.190716,-0.217674,-0.131251,0.185051,0.636435,0.430126,0.787225,1
0.742785,0.393133,-0.65671,-0.372083,0.0620544,-0.106221,0.0901608,-0.589894,-0.313894,-0.793253,0.10741,1.21974,0.341932,0.865958,-0.300617,0.806297,-0.281003,0.0542826,0.0156294,0.153458,0.179189,0.404509,-0.296563,-0.0787043,-0.125466,-0.680533,-0.194635,0.0338072,0.884056,-0.0191319,0.0748864,-0.767117,0.551218,0.787999,1
-0.0313349,-0.853328,-0.492891,-0.5604,0.294075,0.266255,-0.167506,-0.1969,-0.287096,1.09954,0.191412,-0.337924,-0.262875,-0.114178,0.669631,0.523231,-0.306655,-0.389231,0.698077,-0.258989,-0.729136,0.0369357,-0.365955,-0.319734,0.094624,0.302057,-0.0494398,0.570021,1.13392,0.421824,0.0316621,-0.467051,0.496705,0.876277,1
-0.357287,0.0944964,0.245136,0.486225,-0.334185,0.664142,0.496334,1.10362,-0.341997,-0.350822,-0.294991,-0.608843,-0.624055,0.156201,0.530971,0.639767,0.0907723,-0.584565,0.311733,0.0786745,0.0617603,-0.28728,0.129922,-0.312384,1.07791,-0.452819,0.809998,-0.760298,-0.281415,-0.474281,0.225497,-0.144485,0.50778,0.790944,1
0.424588,0.47614,-0.395331,0.452138,0.640604,0.157721,0.400204,-0.234876,0.467254,-0.0222788,0.156575,0.439056,0.174249,-0.582288,-0.989511,-0.0182592,0.135003,-0.188942,-1.22774,0.0513909,-0.372172,-0.0237464,0.334674,0.0461545,0.77588,-0.314928,0.320376,0.241173,-0.124588,-0.262396,0.111853,-0.186462,0.514514,0.821102,1
0.584282,-0.19778,-1.26387,0.368162,-0.229466,-1.99038,-0.637151,0.400663,-0.199702,0.969886,1.05124,-0.151668,-0.221549,1.1324,0.751267,-0.471184,-0.267987,-0.536157,0.0666529,-0.174492,0.986268,0.229996,0.414004,-0.737623,-0.0852826,1.46738,0.53497,0.152349,-0.142927,0.180303,-0.198715,-0.113707,0.436874,0.948481,1
0.186676,-0.504062,-0.436821,-0.44007,-0.150092,0.553602,0.437329,0.397891,-0.131907,-0.429879,-0.380079,-0.286217,0.571746,0.428334,-0.27291,-0.162114,-0.242239,-0.361586,0.0693618,-0.117449,0.382893,-0.115513,0.933993,0.0770999,-0.722357,0.697209,0.378273,0.00846285,0.273034,-0.24843,0.173453,-0.0626551,0.574777,0.84141,1
0.0991782,-0.0154691,-0.424587,0.420113,0.609593,0.000815845,-0.167477,-0.848685,-0.14615,-0.31996,0.260147,-0.211439,0.130246,-0.241755,-0.358653,0.664997,-0.369242,-0.226026,0.60712,0.792191,0.503671,0.724198,0.082829,-0.876521,0.239959,0.374925,0.541251,0.0118387,0.380626,-0.431589,0.15975,-0.55458,0.475304,0.938412,1
-0.094875,-0.227893,-1.2499,-0.116064,-0.5695,-0.644148,0.146021,-0.537705,0.100325,-0.0835909,0.454063,0.184315,0.115734,-0.256124,1.05211,0.0274832,-0.129713,0.306701,-0.200081,-0.204732,0.0677888,-0.402774,0.227556,0.611026,0.470395,-0.101807,-0.268871,0.600907,-0.192508,-0.344613,0.116235,-0.536485,0.436119,0.896535,1
0.0556924,0.785529,-0.0365087,-0.516002,-0.611601,-0.111602,-0.448237,0.578577,1.45407,-0.333632,0.0115764,-0.267625,-0.129378,0.235922,-0.400149,-0.561706,0.210708,-0.343685,-0.296124,0.444734,-0.39387,0.0596477,0.647811,-0.359818,-0.42868,0.328745,0.538413,-0.149841,0.110578,-0.435967,0.657426,0.543054,0.501905,0.920541,1
-0.233219,-0.18473,-0.540801,0.0845259,-0.430081,-0.111333,0.404845,0.135771,1.06672,0.323672,0.501043,0.313918,0.0378022,0.298869,0.681975,-0.0384658,0.408398,1.32729,-0.172353,-1.02478,-0.436082,0.107398,-0.720108,0.888536,-0.258728,0.480518,0.0261845,-0.13318,-0.170525,0.349254,0.182538,0.228923,0.543353,0.885003,1
0.550588,0.7825,0.353265,-0.119829,0.482363,0.0783248,0.0736778,0.136491,0.499154,0.261192,0.421804,-0.625017,-0.411773,0.512747,-0.428377,0.328244,-0.399508,-0.432992,0.208823,0.434364,-0.117081,-1.57757,0.0173535,-0.716753,-0.265949,-0.259371,-0.0235293,-0.455633,0.420348,-0.436864,0.553518,0.607568,0.542922,0.794118,1
0.591441,-0.559157,0.249257,0.0177173,-0.35231,0.37774,-0.495634,-0.332823,0.659605,0.267853,-0.535775,0.0869188,0.611916,1.1517,0.246437,0.30008,-0.350742,-0.195097,-0.0570476,-0.171518,-0.108943,0.0100655,0.212216,-0.0821715,-0.130267,-0.302305,0.0361503,-0.141789,-0.0305203,-0.44353,0.277578,-0.133062,0.437421,0.881532,1
0.616653,-0.200514,0.417128,0.482444,-0.138192,-1.01637,1.10216,0.105957,-0.551564,-0.0785008,0.712013,0.708545,0.149578,0.980923,-0.0475458,0.527288,1.20252,-0.365182,0.217274,0.321905,0.136617,0.307051,0.061527,-0.482089,0.658387,0.856231,-0.35601,-0.507077,-0.0732691,0.102861,-0.493505,0.781556,0.449319,0.815468,1
1.01204,0.183353,-0.345174,-0.177645,0.448541,0.00349616,1.07462,0.233203,-0.118743,0.126119,-0.390708,-0.315764,-0.724564,-0.654703,-0.249876,-0.0567484,-0.543663,0.527547,0.679057,0.662927,0.491946,0.17745,0.139313,0.511987,-0.447194,-0.661902,0.713695,0.164548,0.304961,-0.0391728,0.815532,1.06006,0.559547,0.892156,1
-0.0407197,-0.24663,0.787196,-0.156301,-0.0661489,-0.280966,0.951428,0.0756446,-0.408103,0.875695,-0.425929,-0.154431,0.780978,-0.268389,-0.0449514,-0.198121,-0.421341,0.595021,-0.511784,0.499663,0.0964626,-0.0390344,-0.195357,-0.308743,-0.133598,0.982987,-0.132779,-0.303259,0.850809,-0.474593,-0.258528,-0.278481,0.450292,0.834437,1
0.95,0.88,-0.393382,0.101671,0.151618,-0.0704674,0.266464,0.0167775,-0.0711613,-0.0704099,0.330831,-0.0173135,0.48631,0.260816,-0.436122,-0.127224,0.117887,0.012079,-0.167643,0.479099,0.371784,-0.185452,0.36931,0.038194,0.320677,0.00929581,0.140295,-0.181767,-0.00281725,-0.112896,-0.309352,-0.140642,0.48,0.2,0
0.038335,-0.121816,-0.0415932,-0.043075,-0.380654,-0.114611,0.120398,0.050135,0.173594,0.789443,0.235775,0.136601,-0.297138,-0.723145,0.349802,-0.335353,0.659411,-0.246201,-0.0316261,0.382392,-0.217222,-0.342531,0.0226741,-0.123047,-0.0940197,0.639161,0.720644,0.147106,-0.909301,-0.557161,-0.263209,1.03549,0.44173,0.780096,1
0.435462,0.568805,0.31327,-0.236224,-0.37437,-0.554927,-0.063066,-0.572286,0.400247,0.965512,0.230938,0.402628,-0.618593,-0.518608,-0.230613,-0.606561,-0.362228,0.94263,-0.390022,1.10203,-0.699898,-0.195532,-0.446171,-0.322719,-0.318879,-0.128349,0.591767,-0.628216,0.113978,-0.0531966,0.179886,0.131663,0.510152,0.880062,1
0.615694,-0.0783341,-0.446195,0.0660459,0.336824,-0.249866,-0.054816,-0.17414,-0.546603,0.315351,0.0992576,-0.669388,-0.192725,-0.783883,0.00268686,-0.494514,-0.631625,1.7185,-0.612205,0.127709,0.177798,0.367447,0.384705,0.109684,0.976956,-0.366229,-0.150191,0.54493,0.677255,1.11933,-0.84866,0.832133,0.529269,0.78144,1
0.625661,-0.0922737,0.637801,-0.21185,1.07721,-0.194017,0.723729,-0.533926,0.521797,0.791969,-0.618117,0.131293,-0.89561,-0.715043,-0.199036,-0.0614137,-0.863648,0.486673,-0.15313,0.699187,-0.383646,0.0965745,-0.868427,-0.0613585,0.263387,0.734788,-0.0778382,-0.293027,-0.825357,-0.48296,-0.461666,0.530616,0.554117,0.815564,1
-0.311531,0.0520347,-0.285937,0.659509,0.492717,0.272909,0.0096248,-0.325372,-0.522269,-0.0871681,0.764613,-1.08131,0.0312906,-0.200229,0.3535,-0.277362,-0.181998,-0.469038,0.229697,-0.711978,0.459289,-0.355129,0.494637,0.212301,0.0232355,0.363245,0.311985,-1.06506,-0.483501,0.243373,0.146024,-0.100185,0.511598,0.92357,1
-0.362832,-0.127689,-0.280554,0.418123,0.16849,0.526531,-0.26943,-0.297156,-0.684819,-0.590032,-0.332471,0.231317,0.087333,0.512942,0.457163,0.639511,0.122451,0.20717,0.0203921,0.856848,-0.389957,1.47311,0.0617241,0.195207,-0.225351,0.447985,-0.150214,0.955365,-0.536989,0.21923,-0.131648,-0.665533,0.5361,0.862711,1
0.328168,0.110857,0.244496,0.390655,0.394691,7.95,0.212779,0.12853,0.247234,0.172116,0.159779,0.278373,0.239789,0.259788,0.153154,0.190885,0.137848,0.209928,0.153293,0.127612,0.315821,0.323549,0.324268,0.253956,0.332009,0.308213,0.237475,0.373381,0.352904,0.164745,0.191062,0.312099,0.52,0.82,1
0.602915,-0.559428,-0.315943,0.348521,-0.803253,0.386818,0.784216,0.379493,0.575931,0.591666,0.580702,-0.365685,0.575734,0.523769,-0.454019,-0.138611,0.711672,-0.34179,0.484948,0.887741,-0.52468,0.272706,0.0463577,0.0153137,-0.0116821,0.508274,-0.101859,-0.504465,-0.267956,0.434011,-0.612408,0.509429,0.557369,0.886086,1
0.561212,0.0812678,0.174882,-0.696342,0.0513586,0.285299,0.202227,-0.278577,0.078815,0.297159,0.0100042,-0.738677,0.190256,0.127426,-0.225251,-0.406422,0.233875,-0.681176,0.114949,-0.399965,-0.603931,0.768351,-0.187119,0.216778,0.259457,0.144045,0.458869,-0.49579,-0.887633,0.127548,-0.132957,-0.375174,0.578025,0.89502,1
-0.352947,0.231603,0.545146,-0.123456,-0.564478,0.18867,0.0526455,-0.237016,0.0782195,-0.757817,-0.266616,0.00455599,-0.416964,0.32692,0.016346,-0.523828,0.240271,-0.392596,0.726514,-0.299768,-1.33958,2.04489,0.428193,1.31346,-0.571401,-0.324535,0.202159,0.89658,-1.23124,-0.121036,0.740186,-0.461923,0.556149,0.91001,1
0.727406,-0.097881,-0.0744026,-0.832445,-0.0961183,-0.0404708,-0.147259,0.393946,-0.241555,-0.502387,0.458709,0.0309702,-0.341661,-0.369611,0.721183,-0.0758942,-1.03908,0.122272,-0.480017,0.177426,0.311854,-0.0552911,0.184448,-0.177348,0.310261,0.452926,0.405175,-0.498892,-0.233535,0.243312,0.830735,-0.0717022,0.482999,0.912228,1
-1.08093,0.615657,0.4975,0.342502,0.238069,-0.637317,-0.462274,-0.0713342,0.216797,-0.547949,0.574778,-0.342155,0.198462,0.391831,-0.188121,-0.710285,-0.691615,0.313463,0.539834,0.0311995,0.878041,0.219497,0.10536,-0.523863,-0.648718,0.777966,-0.729166,-0.156923,0.168525,0.557924,-0.344669,-0.411047,0.460133,0.880036,1
0.45539,-0.696884,-0.210265,0.19913,0.335805,0.274915,0.159544,-0.348419,0.195626,0.308638,0.0455358,0.496342,0.722259,-0.207252,0.544426,-0.0321377,-0.19827,-0.0393743,0.264891,-0.290396,0.354266,-0.0893146,-0.800774,0.167278,-0.27316,-0.0671154,-0.598496,0.229497,-0.265474,-0.594516,-0.052356,0.705194,0.563913,0.920169,1
-0.438933,0.182318,-0.298391,0.470487,-0.206422,0.577167,0.352927,0.161351,-0.412305,0.12806,0.865949,-0.114447,0.811435,0.853801,-0.205386,-0.641585,0.498858,-0.624291,-0.0505101,-0.399658,0.826668,-0.199215,-0.822902,0.686457,0.698043,-0.926337,0.478937,0.127832,-0.138073,0.658779,-0.242946,-0.253478,0.536596,0.931267,1
-0.272784,-0.30099,0.620168,-0.0157285,-0.668181,-1.23503,0.63754,0.269424,0.287361,-0.256419,0.168123,0.191412,-0.00958118,0.69168,0.324122,-0.126859,-0.408009,-0.0383055,-1.15879,-0.497586,0.492507,0.944581,-0.0755787,0.548131,-0.294005,-0.45546,-0.51342,-0.473893,0.235265,-0.286677,-0.0755939,-0.507225,0.548435,0.796153,1
-0.24154,-0.412595,-1.07614,-0.291379,0.296374,0.225998,0.499525,0.135599,0.611005,0.0925309,-0.606059,0.404264,-0.00206629,0.442155,0.804231,0.291947,0.292113,0.291563,0.387606,-0.161425,-0.541176,0.392558,0.160776,0.109081,-0.0278565,0.0818257,0.397225,-0.148466,0.0602988,0.00204145,-0.894167,0.440494,0.526597,0.773195,1
-0.502803,-0.0970357,0.16287,-0.413412,-0.137026,-0.121144,0.209315,-0.820974,-0.4939,0.296418,0.252247,0.101045,0.450108,0.506441,-0.335111,-0.0981968,-0.535117,-0.311237,-0.133853,-0.517205,0.072943,0.140508,-0.922462,-0.116876,0.199561,0.551489,0.393766,-0.220803,0.657206,-0.448954,0.219499,-0.835826,0.556009,0.808574,1
-0.216148,0.393544,-0.593505,-0.0486162,-0.655033,0.744091,-0.134813,-0.0848602,-0.388078,0.11366,0.574087,-0.105369,-0.143099,-0.0627074,0.0530076,-0.12419,0.426231,0.137193,-0.439625,-0.731615,0.00325122,0.324967,-0.177885,-0.0869569,-0.267876,-0.164654,-0.365587,0.614935,0.145112,-0.77589,-0.773167,0.890779,0.425984,0.94291,1
-0.529818,0.318974,-0.432893,-0.271184,0.428311,-0.646658,0.869958,0.207004,0.63279,-1.01295,-0.634497,-0.523246,0.186487,-0.608842,-0.463658,1.00158,0.416688,0.190037,-0.186698,0.606709,0.489551,-0.253629,-1.60671,-0.975214,0.223008,-0.174898,-0.901029,-0.376595,0.315217,-0.0125217,0.721609,0.272982,0.50986,0.91542,1
0.886524,0.141712,0.480403,0.328567,-0.441567,0.640581,-0.557533,0.305463,-0.354193,0.168612,0.931826,-0.45999,-0.484037,0.949334,0.178133,0.372078,0.592908,0.169521,-0.112343,0.1454,0.00279949,0.620641,-0.336898,-0.0936842,0.641895,-0.0998808,-0.865859,0.0179706,-0.271508,-0.0502327,-0.305003,0.480453,0.474859,0.946251,1
0.218143,0.110918,0.381773,0.329001,0.337909,7.95,0.256321,0.333145,0.225887,0.328752,0.18267,0.224303,0.113781,0.294789,0.229338,0.132488,0.348969,0.1326,0.130267,0.128007,0.276012,0.296449,0.333646,0.192416,0.101819,0.357873,0.16337,0.358449,0.178223,0.289061,0.261133,0.269888,0.52,0.82,1
-0.790993,0.183858,0.000921325,0.16842,0.0744216,0.535009,-0.338297,-0.71614,0.256144,-0.428722,-0.320206,-0.196785,-0.480916,0.239152,-0.606923,0.221814,-0.243247,-0.76879,-0.383336,-0.0971871,-0.0518443,-0.353804,-0.0537843,-0.373832,-0.510111,1.14965,0.0462973,-0.573096,0.566001,0.744658,0.121509,0.897439,0.519403,0.865973,1
-0.30629,0.0273379,-0.12079,-0.204585,-0.177502,0.576691,0.35789,0.597426,-0.109185,-0.688323,0.327991,-0.200965,-0.325402,-0.421683,-1.2717,-0.290995,-0.315192,-0.521368,0.543162,-0.250606,-0.0242494,0.362593,-0.87216,0.22918,-0.288201,-0.789123,0.359753,0.328674,0.4787,-0.676229,-0.84514,-0.351461,0.476789,0.765892,1
-0.377774,-1.20269,-0.0394166,0.549056,0.195559,-0.712049,0.594935,0.166205,-0.418479,0.107178,-0.0843587,0.238383,0.226277,0.535382,0.28138,0.444248,-0.439571,-0.0363863,-0.0204565,-0.439756,-0.173487,-0.531541,-0.851143,-0.551869,-0.683439,0.856749,-0.193414,0.692335,-0.796471,0.365388,0.807995,-0.355633,0.436109,0.884033,1
0.27306,0.720157,-0.215893,-0.790869,1.06809,-0.740108,-0.141709,0.159477,0.106922,0.893409,0.11532,0.213267,0.554856,0.369591,-0.0311501,-0.338084,-0.0472679,-0.112057,-0.794168,-0.199805,-0.25898,0.761826,0.00539272,0.818659,-0.341724,0.862733,0.707662,0.34151,-0.476799,-1.21919,0.97675,0.833638,0.428245,0.800451,1
0.794758,-0.453113,0.163407,-0.395624,-0.214311,0.664812,-0.551319,0.15321,-0.106243,0.371334,0.301029,-0.993677,-0.342714,0.377062,-0.0754647,-0.19832,-0.841951,-0.435309,-0.0623692,0.435222,0.767802,-0.368065,-0.0997808,-0.654069,-0.149633,0.229183,0.484049,-0.386937,-0.0152525,-0.767236,0.674352,-0.384777,0.527552,0.898794,1
-0.759909,0.334858,-0.0712354,0.00315837,-0.585807,0.132749,0.074771,0.74691,-0.342757,-0.871959,0.845904,0.258316,0.932999,0.13769,0.399963,-0.106435,-0.11541,-0.0888109,-1.00197,-0.442204,-1.03414,0.522699,-0.332901,-0.343848,-0.290491,-0.614128,-0.42049,-0.212679,-0.183543,-0.307543,0.386081,-0.467506,0.534654,0.946243,1
0.163291,-0.0354157,0.659449,0.0443086,0.12471,-1.28059,0.0554938,-0.450421,0.0566165,-0.844222,-0.185593,0.690802,-0.56452,-0.228073,0.597481,0.128507,-0.552236,-0.217676,0.230194,-0.410792,0.124234,0.0650347,-0.694947,-0.79965,0.140187,-0.941696,-0.662206,0.0110983,0.0816332,0.259627,0.45334,-0.547693,0.446694,0.903679,1
-0.465345,-0.475472,0.606906,0.33539,-0.352168,0.937006,-0.584769,0.464498,0.499489,-0.298858,-0.0772228,-0.593692,-0.344388,-0.419409,0.720635,-0.944879,-0.155849,-0.505432,0.0388391,-0.928811,0.504683,0.606108,-0.175288,0.74532,-0.0445367,0.332575,-0.207667,0.275296,-0.658079,0.26737,-0.0870629,-0.394476,0.488038,0.890694,1
-0.368653,-0.0252578,-0.0604053,-1.2032,0.17625,-0.274606,0.398281,0.212018,-0.22196,-0.474411,0.189208,-0.185588,-0.471046,-0.0456191,0.272885,-0.745083,-0.0198703,0.121996,0.552904,-0.344386,-0.615069,0.201627,-0.123474,-0.448029,1.238,-0.0740109,-0.2517,0.475649,0.452162,-0.455671,-0.300652,0.108704,0.539282,0.938083,1
0.0176507,0.588965,0.632046,0.272905,-0.46188,-0.277267,-0.224983,0.225664,-0.0598939,-0.0342674,-0.5862,-0.201231,-0.150531,0.362865,-0.238939,-0.0897649,0.601928,0.199041,0.0667573,0.241377,0.326742,-1.23495,0.0363519,-0.0179442,-0.230974,-0.520093,0.949879,-0.489245,1.46872,-0.305372,0.345068,-0.480313,0.451986,0.88982,1
-0.237875,0.374043,0.541385,-0.310226,0.147649,-0.199618,-0.754364,0.109104,0.197966,0.412744,-0.00658269,-0.0496207,-0.224702,-0.230277,-0.0160902,0.413789,-0.243866,-0.610279,-0.0241488,0.528737,-0.0245123,0.462225,0.670484,-0.430351,0.879353,0.212575,-0.358185,0.295401,0.912856,0.311522,-0.655709,-0.211496,0.510194,0.902674,1
0.555188,0.271256,0.686411,0.955475,0.278798,-0.154276,0.543589,0.392448,0.630124,-0.631063,0.175648,-0.0313188,-0.273541,0.844968,-0.349484,0.987193,-0.505391,-0.0662008,0.697092,-0.282664,-0.7396,0.413043,-0.0584627,0.206625,0.17084,0.173802,-0.325381,0.517227,0.482123,1.03006,0.027107,-0.668555,0.432281,0.928155,1
0.329506,-0.0787905,-0.0392191,-0.253958,0.407034,0.593194,0.932704,-0.873865,-0.400218,0.0544441,0.557831,0.322572,-0.684975,0.669866,-0.251713,-1.07801,0.303295,0.277682,0.073389,-1.53532,-0.18864,-0.489493,-0.34136,0.246833,-0.588765,-0.241502,-0.0580153,-0.251924,-0.0853706,0.724516,-1.11383,-0.712007,0.470516,0.859662,1
0.0557308,-0.325715,0.332006,0.461292,-0.189873,-0.158779,-0.608614,-0.96792,1.06391,-0.185338,0.603091,0.157477,1.09945,-0.254188,-0.450687,0.404905,-0.551581,-0.436572,-1.06054,-0.240129,-0.0818394,0.389753,-1.07756,0.917828,1.40572,0.916999,-0.137064,0.278693,0.999257,0.17469,0.898125,0.239476,0.518397,0.786573,1
0.255661,-0.559335,0.0363029,0.20553,-0.356531,-0.455479,0.22671,-0.513903,0.000561637,0.165511,-0.0576222,-0.242553,-0.10574,-0.395992,-0.0897507,-0.468302,0.0260887,0.459376,0.20263,0.411007,0.0363681,0.142948,-0.433934,-0.238562,-0.232199,-0.161186,0.0255942,-0.525064,-0.559372,-0.371904,0.815299,0.0161552,0.574013,0.881976,1
0.751505,-0.13099,-0.509829,0.486798,-0.61286,0.558337,-0.514912,-0.513278,0.359371,-0.754872,-0.245186,0.776409,-0.126677,-0.431249,0.165456,-0.342582,0.0375517,-0.18133,0.483746,0.00302771,-0.117587,-0.579453,0.0260683,-1.01286,0.323757,-0.689574,-0.280307,-0.502739,0.558984,0.107446,-0.21375,-0.0961171,0.56043,0.795609,1
-0.152748,0.607695,1.10632,-0.0510996,0.472908,0.0453393,-0.0879331,0.549368,0.0322374,-0.349004,-0.25423,-0.477365,0.473722,0.146594,0.319449,0.0309017,0.861573,-0.227663,-0.928889,0.0695472,-0.741277,0.871686,-0.048324,-0.536315,-1.01038,0.0864375,-0.0957581,-0.979304,-0.124699,-0.24837,0.187794,-0.29982,0.452414,0.822928,1
-0.536594,0.127528,0.329243,-0.0590281,0.806254,-0.376665,0.0532694,0.267676,0.355755,-0.366659,0.752121,0.456491,-0.410925,0.842199,0.423455,0.152272,-0.351576,1.04943,-0.787586,0.220831,-0.341283,0.692207,0.396041,-0.628523,0.661968,-0.423757,0.772084,-0.234451,-0.924002,-0.131014,0.145058,-0.0596095,0.450632,0.76818,1
-0.394687,0.635782,0.0187948,0.770487,0.404949,-0.55477,0.315041,0.37547,0.714781,0.129029,-0.062645,-0.390274,0.251958,-0.557515,0.174109,0.506917,-0.269944,0.143128,-0.232323,0.054561,0.48959,0.581076,-0.266047,0.501636,-0.0852359,-0.0505324,0.281855,-0.278594,-1.11001,0.265995,-0.0635434,0.102433,0.478338,0.949261,1
-0.522803,0.187453,0.310792,0.0307798,-0.12883,0.216974,0.166265,0.0824564,0.00281712,0.644234,0.566966,0.641514,-0.0346727,0.140038,0.65529,0.577905,0.0101208,-0.0853965,-0.31001,-1.02218,0.646977,-0.284818,0.482504,-0.164403,-0.905575,0.575753,0.304339,-0.16262,0.332574,0.156479,-0.47948,0.130229,0.423701,0.888098,1
-0.713553,0.0525072,0.289847,-1.04564,-0.292457,-0.00895029,-0.346002,-0.485058,-0.143223,-0.0980573,-0.180099,-0.685624,1.06379,-0.0941152,-0.558697,0.481884,-0.904498,0.459516,0.0529301,-0.294238,-0.584701,0.540277,0.256383,0.734745,0.474103,0.220003,-0.528756,-0.720628,0.0329941,1.54728,-0.199206,0.660807,0.466377,0.933646,1
1.13876,0.350213,-0.526562,0.354361,-0.757278,0.612195,-0.589386,0.129293,-0.322582,-0.271631,-0.0394066,-0.470366,0.978297,-0.0855999,0.148622,0.76453,0.58901,-0.162115,0.347838,0.417296,0.435885,-0.246878,-0.535221,0.109915,0.0739839,-0.564856,0.185776,0.0230239,0.714238,0.35083,-0.261516,-0.0159067,0.438376,0.904755,1
-0.196687,-0.401194,0.918252,0.530051,0.0359059,-1.43904,0.407037,-0.0997054,-0.175056,-0.244066,0.0243492,-0.435681,0.174137,-0.468246,-0.629101,-0.0802598,0.0451001,-0.0235547,0.404382,0.626087,-0.0382078,-0.606256,0.787164,-0.8346,0.423207,0.885462,-0.60442,-0.344328,0.717789,-0.218488,-0.174839,1.0019,0.525657,0.762398,1
0.726006,0.236885,-0.697147,-0.089002,0.635266,-0.304092,0.280984,-0.181235,-0.00600052,-0.373884,-0.454998,-0.0779959,0.41154,0.0454907,-0.845857,0.493427,-0.255931,-0.00847469,-0.114583,0.242131,-1.01216,-0.505917,-0.240235,0.073835,-0.178211,0.230427,-0.0933044,-0.404832,0.0414834,0.171928,0.0420775,-0.0257873,0.501846,0.908517,1
-0.792404,-0.0103372,0.263881,-0.122054,-0.0566918,0.678661,-1.59254,0.388299,0.506967,-0.391128,-0.490325,0.0332345,0.0456233,-0.70073,0.479156,0.373255,0.121676,0.14111,0.10317,-0.291442,0.065349,0.232017,1.3347,-0.968839,0.527141,0.634466,-0.366692,0.549035,-0.322455,-0.21747,-0.892947,0.230605,0.517395,0.851669,1
0.0526244,-0.0948497,-0.186988,-0.347479,0.226643,0.277248,0.415863,-0.377859,-0.649311,-0.950241,0.897782,0.225612,0.377847,-0.126034,-0.332289,-0.719121,-0.0794467,0.0773463,0.546679,0.101383,0.645422,0.1909,0.07577,1.35891,-0.612886,-0.379229,-1.0136,0.137437,-0.691145,-0.272864,0.334696,0.347152,0.448133,0.868205,1
-0.646127,-0.0040801,0.106255,0.599246,-0.511091,0.151735,0.769407,-0.415529,-0.127348,0.447494,0.646787,0.967176,1.06022,0.405606,0.261841,-0.24911,-0.677671,0.435801,0.0942002,0.587448,-0.13413,-0.268212,-0.142164,-0.529387,0.773213,-0.108994,0.161038,0.664989,-0.0835141,-0.270207,-0.176879,-0.41693,0.551801,0.873918,1
-0.227435,0.273375,0.837811,-0.0167007,0.51445,-0.0960644,0.502809,-0.142348,-0.584189,-0.361867,-0.0241848,-0.676711,-0.727081,0.0690267,-0.678671,-0.869105,0.466151,0.0292058,-0.3833,-0.0739864,-0.372241,-0.0108803,0.167796,-0.456855,0.0657355,0.246388,0.367274,-1.05806,0.228763,-0.0230785,0.197244,-1.04537,0.507197,0.839616,1
0.545795,0.0433322,0.206224,0.522514,0.400864,0.149298,0.377094,-0.127716,0.339132,-0.518859,0.610175,0.325911,-0.773986,0.708066,0.0231804,-1.33414,0.346852,-0.0108385,0.242468,-0.400268,-0.8427,-0.0795922,-0.20555,-0.089364,-0.128629,-0.637073,0.84761,0.727212,-0.517245,0.344569,0.361121,-0.151505,0.45036,0.893943,1
0.656289,0.451228,0.476012,-0.130931,0.327119,0.0450668,0.685384,0.525603,0.0537072,0.302465,-0.488022,-0.0867365,-0.319064,0.173332,0.211935,-0.0143528,-0.298035,-0.511615,1.34936,0.352257,-0.536669,-0.604363,-0.0854872,-0.292806,-0.642441,-0.0327701,-0.0906011,-0.229603,0.3395,-0.664965,1.11347,0.00852458,0.529998,0.796271,1
0.62536,0.364838,0.183035,1.14475,0.121687,-0.491383,0.154017,-0.0369214,0.601148,0.737136,0.328912,-0.500463,0.370442,-0.00511219,-0.364226,0.455758,0.349706,-0.245133,0.118165,-0.303766,-1.08001,-0.370822,-0.0287155,0.663337,0.00414228,1.15211,-0.475807,-0.0485795,-0.0200728,-0.0573563,0.323856,-0.839256,0.525488,0.949801,1
-0.256132,-0.347351,-0.0882634,0.0783677,1.11322,0.20302,0.544979,0.39079,0.172425,0.208673,0.0512209,0.552168,0.038615,0.135819,-0.242114,-0.393503,-0.255775,0.437413,0.320621,-0.668243,0.839955,0.624568,-1.08956,-0.178282,-0.231069,-0.209254,0.715682,-0.364395,0.0359888,0.098299,-0.423802,-0.555427,0.452041,0.807373,1
0.235933,-0.328317,-1.1072,0.376768,-0.174106,-0.0487979,-0.0394174,0.266029,0.284492,0.477901,0.527507,-0.634848,-0.0505916,-0.775089,0.445759,-0.398931,-0.373813,0.671881,-0.873193,-1.05247,-0.476116,-0.00535658,-0.177514,0.450862,0.155732,-0.0613622,0.25113,0.312759,-0.102432,-0.602898,-0.00764098,0.67774,0.504905,0.847033,1
0.239608,0.754491,-0.162456,-0.857658,-0.0351619,-0.877281,-0.294352,-0.242302,0.544742,-0.0153737,0.0792415,0.510451,0.0812564,-0.811439,0.0224272,1.0954,0.342772,-0.323953,-0.452778,0.184818,0.445731,-0.458191,0.774455,0.0173403,-0.788613,-0.118747,0.380928,-0.173097,0.672892,-0.214604,0.551583,-0.352338,0.451836,0.928512,1
0.380016,0.0812352,-0.0304131,0.858977,0.327752,-0.224788,-0.23633,0.223084,0.419787,-0.589344,-0.143054,-0.325507,-0.48396,-0.516985,0.495451,-0.603363,-0.309203,-0.216138,-0.113723,0.0677207,0.225592,0.513884,-0.772155,0.00813584,-0.121058,-0.1215,-0.646619,0.716366,0.0304082,0.238732,-1.18555,0.550479,0.531035,0.791456,1
-0.478618,0.754351,-0.699898,-0.686236,-0.562721,0.306403,0.363847,-0.140615,0.857134,0.168886,-0.211615,0.137868,0.0448353,0.345854,-0.260466,0.391899,0.0130326,0.339196,0.366166,-0.814058,-0.101954,0.691494,0.498419,0.795895,-0.336521,0.55133,-0.0601095,-0.0829926,0.294041,-0.0809719,0.311591,-1.23586,0.507127,0.87152,1
0.46097,-1.7036,0.748522,0.377651,0.286648,-0.152242,-0.775464,0.416014,-0.160293,1.05429,-0.0714893,-0.011069,0.12973,-0.594992,0.0218463,0.179027,-0.557773,0.353886,-0.503029,-0.161961,-0.0210931,-0.620417,0.201156,0.377988,-0.101086,0.378898,-0.324124,0.679292,-0.337899,0.327742,-0.545035,-0.499514,0.491567,0.77449,1
0.25891,-1.03685,1.16493,-0.217487,-0.0214601,-0.0163445,0.020414,-0.16223,-0.826474,0.464684,-0.317802,0.138907,-0.5537,0.186749,-0.24256,-1.06004,0.303844,0.319558,0.193884,-1.01051,0.0209405,0.216309,0.236786,1.16791,-0.425653,-0.318405,0.39256,0.397117,-0.343538,0.44143,0.579191,-0.0321264,0.485384,0.879902,1
0.434468,-0.583881,-0.899736,-0.541949,0.468318,0.198786,-0.434759,0.649171,0.652811,-0.29144,-0.448954,0.195519,-0.196936,0.540584,0.129587,-0.429667,-0.164105,0.172005,-0.241301,-0.150067,-0.0121884,-0.428324,0.764732,-0.171367,0.202558,0.0595844,0.0732743,0.141493,0.457954,0.182778,-0.153215,0.471484,0.532003,0.823104,1
0.119777,0.517283,-0.377382,-0.710436,-0.0548174,0.370996,-0.111507,0.39987,0.329155,0.467884,-0.509083,-0.277725,-0.17332,-0.223794,-0.856707,-0.683016,-0.850218,-0.372206,0.289793,0.548968,-0.202502,-0.665285,0.224044,0.300955,-0.906968,-0.295133,0.0608759,0.0590883,-0.373018,0.152017,0.0935656,0.448387,0.493894,0.840973,1
0.467553,-0.920843,0.37951,0.211332,1.0051,0.794053,-0.795494,1.03986,0.90412,0.721806,-0.0844589,0.485207,-0.200293,0.485757,-0.487218,-0.0880365,0.36961,0.767952,-0.0155818,0.213637,0.545196,-0.0589741,0.269392,0.019778,0.421781,0.425964,0.29979,0.376824,0.759849,0.765626,0.370925,-0.200985,0.42285,0.823952,1
0.837579,-0.85368,-0.144362,0.647456,-0.336475,-0.327811,-0.208138,-0.635786,-0.319473,-0.17817,-0.0477063,-0.178809,-0.362561,0.226283,-0.289629,-0.208137,-0.830285,0.924019,0.224389,-0.200828,0.141942,0.205053,-0.497306,-0.040898,0.209967,-0.690348,0.316231,0.695504,0.069519,-0.87684,0.256324,-0.857326,0.425708,0.838719,1
0.138773,0.304271,0.39132,0.742352,-0.955419,-0.306208,-0.190563,0.248988,-0.596033,0.139604,-0.523011,-0.00526169,-1.57079,0.174021,-0.134127,0.207413,0.292583,0.183738,0.496579,-0.192137,-0.175813,-0.41089,-0.507134,-0.421589,0.932069,-0.802405,-1.13023,0.184838,-0.493827,0.295811,-0.264911,-0.186326,0.571338,0.817803,1
0.88588,-0.236982,0.424775,0.319456,0.00310428,0.101495,-0.221723,-0.126163,-0.0718957,-0.216889,0.523699,0.625888,0.666654,0.362731,-0.0435094,-0.0161555,-0.877619,-0.639453,0.742783,-0.136887,-0.513133,0.789831,-0.220466,-0.183837,0.290033,-0.3956,0.300218,0.516788,-0.123923,-0.2869,-0.53241,0.581794,0.496769,0.898787,1
-0.77346,0.366143,-0.69325,-0.229801,1.16895,0.0997205,-0.442075,-0.629128,-0.164279,-0.377302,0.12503,-0.892622,0.626281,0.38772,-0.244644,-0.27356,-0.465719,-0.423329,0.142258,0.0746002,-0.358748,-1.05749,0.809467,-0.318197,-0.547615,-0.154061,-0.250571,0.356664,-0.441332,0.0947995,0.0527722,0.654761,0.445956,0.849066,1
-0.958561,0.505953,0.0489993,-0.345597,-0.506038,-0.284243,0.0793543,-0.207869,0.642788,-0.166707,0.658774,0.159078,0.165042,-0.0659273,0.494988,0.0253374,-0.348107,-0.654149,-1.32074,0.657461,-0.13072,-0.387703,0.898608,0.783745,-0.130254,0.785121,0.339164,0.768574,-0.397796,0.607331,-0.261145,0.0444093,0.57048,0.845819,1
-0.227487,-0.950945,-0.140022,-0.248211,-0.37001,-0.217601,-0.600961,-0.783187,1.28758,-0.581903,0.417277,-0.639327,1.02236,-0.0103283,0.60321,-0.430182,0.0891045,0.146436,-0.635569,-0.661373,-0.919262,-0.272554,0.292947,0.627699,-0.156258,-0.578105,0.235459,-0.0591024,0.125479,0.401922,-0.385047,-0.644374,0.437176,0.89851,1
-0.702471,0.382085,0.0577732,0.000714478,-0.275346,-0.768905,-0.0805858,0.588457,0.667962,0.255855,0.372099,-0.313636,-0.144182,0.0269517,0.0661003,0.346023,0.322292,0.143198,0.953391,0.194635,-0.426972,1.9136,-0.00869164,-0.449837,-0.476122,-0.312326,-0.66519,-0.52993,0.896236,0.13989,-0.113682,0.517253,0.472517,0.936995,1
0.0263565,-0.232769,-0.052686,0.263525,0.0850647,-0.493614,0.414859,0.57078,-0.190922,-0.331881,-0.353538,-0.196243,-0.355389,0.0723132,0.416016,-0.00105061,0.0482634,1.26467,0.146988,-0.0281052,0.281765,0.452539,0.194047,-0.514693,-0.101009,0.439469,0.640042,-0.0129667,-0.497086,-0.078767,-0.441784,-1.05765,0.542892,0.900032,1
-0.912822,0.257051,0.191984,-0.121351,0.4436,-0.773828,-0.199863,0.0149978,0.277154,-0.911456,-0.27488,-0.585784,0.0067179,-0.0475696,0.608373,0.380677,0.715475,0.898423,0.60132,-0.143995,-0.438399,0.108919,-0.54439,0.703384,-1.77878,-1.1498,0.321763,-0.279524,-0.301277,0.358184,0.294838,0.247663,0.492129,0.893151,1
0.255279,0.0285215,0.0664439,0.705028,-0.556028,-0.0302229,0.47732,-0.6464,-0.740065,0.0440495,-0.103903,0.84592,0.756284,0.666451,-0.256527,-0.29173,-0.599093,0.484576,-0.356989,-0.217268,-0.81062,-0.209573,-0.579728,-0.226143,-0.459431,0.214886,-0.0241951,0.432739,0.366397,-0.346937,0.02925,0.0498768,0.574957,0.94065,1
-0.532218,-0.363888,0.319018,0.727497,0.489079,0.0264116,-0.263429,0.189183,0.667673,-0.385685,-1.08769,-0.219755,-0.598073,-0.417118,-0.200483,-0.104589,-0.175479,-0.747252,-0.00722802,-0.0581052,-0.906572,0.124551,0.599106,0.51084,0.230726,-0.176215,-0.565859,0.427184,-0.439261,0.656504,0.905441,-0.23583,0.435219,0.806147,1
0.358775,0.17413,0.198353,0.360923,0.307296,7.95,0.189699,0.122305,0.244785,0.237627,0.129417,0.182813,0.366637,0.382334,0.223437,0.215188,0.393065,0.289043,0.366254,0.33183,0.33146,0.139352,0.181541,0.350545,0.303857,0.348838,0.375556,0.289078,0.272694,0.388313,0.269576,0.309853,0.52,0.82,1
0.340498,0.35541,0.0898833,0.360094,-0.0941834,-0.541419,-0.264286,1.01451,-0.879049,0.888674,0.303469,-0.359041,1.11142,0.466985,-0.0168013,0.432145,0.194381,0.423594,-0.348449,-0.216921,0.217478,-0.712001,0.49135,0.263654,0.729862,0.307157,0.180717,-0.576198,-0.296787,-0.170566,-0.442222,-0.00951357,0.509775,0.790368,1
0.416089,-0.247468,0.881467,-0.47617,-0.243842,0.915117,0.389022,0.594699,-0.24923,0.38159,-0.306718,0.306131,0.246788,-0.620171,-0.303251,0.368315,0.410413,0.553835,0.157774,-0.381928,-0.401709,-0.118038,-0.138531,-0.0581019,0.33107,-0.223938,-0.449132,-0.111826,0.330725,-0.0779709,-0.367645,-0.226197,0.551075,0.811615,1
-0.796208,0.498912,-0.0176411,0.696853,0.0604405,0.331676,-0.104293,0.724348,0.412776,0.374158,0.328032,-0.394401,-0.0477914,-0.202232,-0.330204,0.107573,0.454682,-0.377149,-0.281007,-0.393364,0.846654,0.103318,0.529611,-0.0731116,0.446994,0.650476,0.0526058,-0.00137312,0.188856,0.573516,-0.122479,0.418582,0.423245,0.839593,1
-0.634822,-1.35416,0.595395,-0.500259,0.242143,0.528293,-0.12264,0.401192,0.553758,0.271025,-0.324452,0.833144,-0.13091,-0.172264,-0.51374,0.232466,0.488364,-0.38094,-0.606767,1.16097,0.617425,1.08991,0.332789,0.0478002,0.403655,-0.184122,1.01509,0.197596,-0.631002,0.118022,0.748306,0.748516,0.476886,0.879448,1
0.00609914,-0.385466,-0.930361,0.28613,-0.259938,-0.0591418,-0.498506,-0.0458084,-0.166368,-0.51466,-0.510533,-0.141423,-0.522034,-0.00220055,1.30961,-0.629611,-0.750647,0.278318,0.466939,-0.0158748,-0.804157,0.172946,0.280456,-0.0805571,-0.60554,0.44768,0.367128,0.55457,-0.892846,0.793397,0.538957,-0.620538,0.425454,0.762764,1
0.469469,0.274656,-0.0155391,0.606564,0.67574,0.0577726,0.695062,-0.0412616,0.497663,0.0551431,0.506261,0.553094,0.393459,-0.142232,0.359243,0.75155,0.65844,0.507629,-0.25201,-0.381403,-0.196991,-0.562458,0.1255,-0.381884,-0.587166,-0.324662,-0.5478,-0.115856,0.419186,0.253729,0.051494,-0.618949,0.57831,0.926837,1
-0.205241,0.34103,0.0237532,0.272452,0.862825,0.0577489,-0.0344276,0.274346,-0.26685,-0.309943,0.674122,-0.603922,0.501266,0.322727,-0.371133,-0.139042,0.0145368,-0.825149,0.0213761,0.241396,-0.774356,0.308129,0.028673,-0.85899,-0.81991,-0.556223,-0.414691,-0.290751,-0.311885,0.15398,0.0863464,-0.165678,0.443384,0.91779,1
0.332832,-0.393758,-0.24977,-0.460177,-0.148195,0.663957,-0.190218,0.127956,0.407242,0.853905,-0.175375,-0.0514105,0.332323,-1.0614,-1.20076,0.513028,0.230099,-0.137569,0.37883,0.159538,-1.20909,-0.587122,0.345317,0.0981499,-0.25072,0.225697,0.300775,-0.857454,-0.295732,1.12739,0.665402,0.835184,0.455893,0.822283,1
0.387642,-0.820798,-0.649424,0.15316,1.05976,-0.224746,-0.581633,-0.505275,0.49138,-0.259406,0.0805414,-0.473761,0.262839,0.74966,-0.273325,0.823888,0.748585,0.201265,-0.472018,0.0781297,0.0968999,-0.255439,0.291389,-0.109409,0.404107,-0.157248,0.122604,0.747594,-0.0571726,0.323259,-0.459903,0.381517,0.556375,0.92329,1
-0.186456,-0.132373,0.638801,0.430943,-0.0194644,0.34083,0.782671,-0.0890957,-0.15798,-0.322113,-0.0727157,0.423647,0.652947,0.878545,0.645992,-0.710701,-0.400846,0.0122721,-0.411027,-0.0728685,0.26692,-0.314202,0.722487,0.894527,-0.52873,0.0872392,-0.345405,0.186567,0.0785842,-0.391641,0.60421,-0.0756408,0.503274,0.89488,1
0.310462,-0.198795,0.264012,-0.244454,0.155071,0.548352,-0.217781,0.787582,-0.0702025,-0.365149,-0.234075,-0.143991,-0.653092,0.179625,-0.4784,-0.084095,0.0100236,-0.360466,0.169313,-0.0853687,0.812432,-0.724937,0.0168091,-0.458528,0.273307,0.281209,0.795942,-0.492261,0.610174,-0.308696,0.229195,0.809496,0.521548,0.948299,1
1.51618,-1.02862,-0.926824,-0.438328,0.0108866,-0.0550675,0.30124,-0.0148281,-0.194737,0.156181,0.531006,0.081187,1.23735,-0.396904,0.460974,-0.197513,-0.424294,0.650849,-0.201571,0.269371,-0.0230919,0.366613,-0.12236,0.367702,0.36269,-0.254115,0.650846,0.541171,-0.622578,0.193709,-0.583533,0.371909,0.493992,0.833609,1
0.136586,-0.412152,-0.124197,0.0714059,0.118441,-0.366583,0.118308,-0.10813,-0.252683,-0.49063,0.391001,0.779367,0.0943659,-0.404582,-0.0188054,-0.196026,0.384804,0.219463,-0.314802,0.851299,-0.434075,-0.11967,-0.256906,0.811875,0.415693,-0.541931,0.122784,0.127457,-0.646693,-0.310254,0.639089,-0.0890304,0.500211,0.917604,1
0.495589,-0.117726,-0.391604,0.226857,-0.342292,-0.286127,0.048065,0.0967792,-0.739046,-0.80793,-0.162554,0.100389,-0.146848,0.217882,0.69704,-0.77813,-0.0323077,0.715923,-0.281278,-0.898575,-0.0643703,-0.308275,0.344015,-0.247018,-0.415468,-0.305004,0.0236827,-0.861333,0.0672813,0.382161,-0.380516,-0.462608,0.472479,0.866859,1
0.95,0.88,-0.308048,0.111119,-0.276953,0.307218,0.211646,-0.00463122,-0.170447,-0.120861,-0.150435,-0.485882,-0.171916,0.490999,-0.0004606,-0.317975,-0.0134503,-0.458817,0.339914,-0.0138141,-0.428621,0.245774,0.00908008,-0.29628,-0.181821,-0.210685,-0.281708,-0.431733,0.0305785,0.421645,-0.452901,0.339442,0.48,0.2,0
0.0870667,-0.107636,0.285256,0.0711361,0.41046,-0.387646,0.210483,-0.376827,0.337225,-0.242331,-0.522531,-0.293998,0.106467,0.146534,-0.360517,-0.777195,-0.563301,-0.249942,0.334516,0.410795,0.173218,-0.439046,-0.0191824,-0.641627,-0.18085,0.131783,0.28256,-0.843319,0.241462,-0.267757,0.730284,-0.412049,0.485514,0.88237,1
-0.607092,-0.290954,0.0913161,0.26455,0.298112,0.149232,0.870666,-0.00161972,0.0636054,-0.60822,-0.0926881,-0.392197,-0.273188,0.80172,0.0424814,-0.205701,1.31864,-0.330718,-0.455961,0.353053,-0.445779,0.212189,0.550938,-0.0597457,-0.27631,0.210601,0.954271,0.170202,-0.226142,-0.0237137,0.185545,-0.634356,0.485365,0.914984,1
-0.801686,-0.332519,0.0658779,0.126518,0.00430671,-0.783927,-0.596445,0.291199,0.411535,-0.838687,0.685961,-0.0512281,0.142318,0.439859,-0.193693,-0.491781,0.468282,-0.653534,0.396179,0.754326,0.50804,-0.464787,-0.0557511,0.675545,0.92397,0.298672,0.626377,-0.103518,-0.875641,0.142591,-0.503712,-0.357595,0.549441,0.881306,1
0.102356,-0.403313,0.713744,-0.956655,0.0699011,0.79138,0.384432,-0.285862,0.600509,-0.472544,-0.353178,-0.432269,0.184746,-0.613319,-0.345121,0.760014,0.343639,0.967376,0.869295,0.275315,0.0742716,-1.12476,-0.0511341,-0.508384,0.755837,0.159211,-0.268267,0.155041,0.730884,-0.119391,-0.0800831,0.525981,0.427868,0.831118,1
0.31412,0.583177,-0.361852,0.085582,1.11883,-0.810007,0.302172,1.51776,-0.284579,-0.13591,-0.332085,-0.155677,-0.0292907,-0.602121,-0.240825,0.137807,-0.41374,0.036192,0.651226,-0.718081,0.476581,0.10501,-0.0591156,-0.517744,0.0684471,-0.483982,0.132954,0.527134,-0.664445,0.154965,-0.398031,-0.142879,0.550419,0.879688,1
-0.252097,-0.189673,-0.186027,0.200577,0.398356,1.19171,-0.0454071,-0.168525,-0.103163,-0.511014,-0.0117867,0.1334,0.346941,0.00919577,0.195045,-1.76261,-0.746127,-1.09633,0.77914,-0.746557,-0.566071,-0.532625,-0.656926,-0.614673,-0.122671,0.0434621,-0.278129,0.284322,0.0657879,-0.802003,-0.543535,-0.139685,0.470803,0.906706,1
-0.265035,1.23171,0.742086,-0.567152,-0.793848,0.415054,-0.233356,-0.0292753,0.556566,-0.184726,-0.363988,0.0828533,0.0724372,0.326813,-0.532832,-0.398828,-0.348925,-0.0671924,0.826461,0.179749,0.559836,0.415757,-0.362062,0.154532,-0.341698,0.0388999,-0.422538,-0.625493,-0.450206,-1.33606,-0.0189784,0.389755,0.433888,0.764727,1
0.325169,0.208918,-0.863986,0.996607,-0.326187,0.283594,-0.889896,-0.155801,0.189204,0.334601,-0.655263,0.181666,0.281915,-0.0556274,0.468497,0.489575,0.0441708,0.272349,-0.259111,-0.31126,-0.217023,0.00324666,-0.578433,-0.480477,0.0544566,0.0909507,0.263178,1.45477,-0.233168,-0.0976749,-0.279798,0.246372,0.45484,0.853167,1
-0.333808,-0.378147,-0.223394,-0.330607,-0.118964,-0.20661,0.711569,0.248716,0.00914908,-0.396768,-0.266228,0.14527,-0.19375,-0.909179,0.148606,-0.0582508,-0.132167,0.121669,-0.150595,0.286773,0.494761,0.122164,-0.37427,0.0737875,-0.327821,1.02577,0.35536,0.616592,-0.623343,0.180991,-0.49817,0.716018,0.459608,0.835075,1
0.359393,-0.64251,0.193042,0.415534,-0.363892,-0.0818949,0.331184,-0.662605,-0.494319,0.223474,0.397582,0.512656,-0.128264,0.778697,0.649279,0.361866,0.30778,-0.148997,-0.26952,0.462117,0.00301177,0.275243,0.568807,0.594767,-0.264692,0.126936,0.695417,0.300053,0.576302,-0.0624193,-0.172715,-0.463524,0.461087,0.823214,1
-0.181528,-0.887313,-0.12373,-0.190735,0.434817,-0.00397417,0.155952,-0.495295,0.0981725,0.566145,0.255791,-0.0975305,-0.587701,0.131281,0.43753,0.260025,0.301095,-0.195232,-0.171417,-0.117179,-0.703079,-0.10634,-0.406801,0.370491,-0.0253377,0.420791,-0.372155,0.229215,0.0326689,-0.42322,-0.0943088,-0.0383011,0.52711,0.928656,1
0.796169,0.0201981,0.23677,0.445816,0.014243,0.249033,0.0841704,0.647042,-0.0269054,-0.46703,-0.720735,0.359591,-0.963624,-0.105093,-0.485149,-0.297525,-0.704012,-1.14343,0.207623,-0.695957,0.490179,-0.29563,0.941542,0.765051,0.187555,-0.17114,0.469839,0.190006,0.205953,0.209377,-0.0646002,0.843139,0.5133,0.875114,1
0.629257,0.0459993,0.326998,-0.2598,0.325461,-0.335743,0.477189,0.229734,-0.105239,0.77238,0.92198,0.0228513,-0.895963,0.400724,0.922969,0.283163,-0.282267,-0.354558,-0.251873,0.162386,0.0180994,-0.243584,-0.68123,-0.384598,0.267512,0.283975,-0.150048,-0.738397,0.444271,-0.904183,0.00412692,-0.0335827,0.509268,0.924084,1
0.444552,-0.427577,0.378491,0.841048,0.247827,0.0347117,-0.227729,0.187512,0.26091,-0.14641,0.779462,0.0737388,0.210711,0.212173,-0.618526,-0.308331,-0.0666074,0.485593,-0.363666,-0.348766,0.105757,0.490469,0.632429,-0.638576,0.252324,-0.0157168,0.336243,0.896584,1.0214,-0.036324,-0.750735,0.251765,0.514586,0.924051,1
-0.986491,-0.219012,0.00593536,-0.865325,0.0867177,0.878943,0.0263975,-0.0227929,0.589491,-0.79183,0.298236,0.00526563,-0.497347,-0.622309,-0.266024,0.0434167,-0.0570637,0.272735,-0.0160774,-0.409042,-0.0199673,0.840483,1.00246,-0.539851,-0.219954,0.0621352,-1.03419,0.812682,0.481018,-0.0633884,-0.386145,-0.318939,0.435937,0.934885,1
0.377044,-1.08773,0.370949,0.270534,-0.313097,0.626813,0.282045,-0.555088,0.0831762,0.144971,-0.392269,-0.27544,-0.372904,-0.293558,-0.861417,0.566216,0.279716,0.844086,-0.210843,-0.339018,0.821841,-0.534126,0.0181136,-1.10964,-0.332896,-0.418363,-0.481503,0.0227809,-0.330223,-0.309682,-1.22401,-0.457351,0.509117,0.85955,1
-0.102262,0.494457,0.2913,-0.375337,-0.541268,-0.78112,0.49889,-0.441237,-0.473578,0.539541,0.153313,0.110796,-0.381387,-0.167118,-0.0148245,0.0272158,0.00133317,-0.506213,0.112982,-0.119559,-0.462701,0.29238,-0.606876,-0.104681,-0.605899,-0.0602188,0.256253,0.570511,0.0897146,0.268675,0.274357,1.59567,0.487393,0.820751,1
0.184462,0.341582,0.369711,0.290448,0.273423,7.95,0.338131,0.174961,0.230485,0.225086,0.365283,0.190455,0.204629,0.302741,0.241754,0.340706,0.154543,0.211288,0.221391,0.274579,0.213088,0.166537,0.280443,0.233495,0.31248,0.304952,0.109432,0.159002,0.109508,0.258053,0.311771,0.267973,0.52,0.82,1
-0.185136,0.308028,-0.552335,-0.611102,0.646891,0.376422,0.540393,-0.180338,0.397031,-0.431789,-0.69899,-0.265285,-0.47651,0.978867,-0.0186025,0.398417,1.01415,-0.0454545,0.379634,-0.235233,0.156969,-0.56113,-0.880311,-0.235902,0.047973,0.652628,0.448228,0.156899,0.40467,1.0141,0.766481,-0.501101,0.461139,0.842772,1
0.113745,0.34313,0.460846,-0.854797,-0.357683,-0.102073,-1.15442,0.658406,0.104241,-0.41644,-0.633615,0.0184109,0.0381077,-0.171292,-0.18596,0.305927,-0.800629,-0.179725,0.189802,0.146698,-0.0793881,0.236701,-0.23851,0.625037,-0.451301,0.0463174,0.423457,-0.200598,-0.67957,0.443035,0.236172,0.166232,0.549925,0.918018,1
-0.0752778,0.079642,0.355919,-0.678284,-0.386387,0.221975,0.430209,-0.00245964,-0.559928,-0.310687,-0.21503,-0.115794,0.0523439,-0.443212,0.559478,-0.0603618,-0.497442,0.4637,0.612499,-0.398233,0.1526,0.952265,-0.193495,-0.275662,0.341953,-0.882833,-0.743537,-0.011327,-0.75481,0.380117,-1.03138,-0.0677519,0.52833,0.864578,1
-0.736615,-0.651468,-0.186638,0.0334036,0.368441,0.16307,0.624632,0.326846,0.227054,-0.530675,-0.00723112,0.180101,-0.968061,0.3443,0.416978,-0.115877,1.05953,-0.307082,0.211921,0.164805,-0.246864,0.360881,0.917876,-0.417223,-0.53288,-0.60759,-0.972325,1.01229,0.024842,-0.0257986,-0.137405,0.849493,0.553785,0.864039,1
0.334106,0.039581,-0.020561,0.684229,-0.0454597,0.229272,0.392908,0.0982874,0.397242,-0.696611,0.274868,0.485353,0.392185,-0.00916923,-0.141981,0.797474,-0.111911,-0.644799,-0.448456,0.32119,-0.0947192,-0.270952,0.117106,0.126443,-0.307113,-0.178794,-0.238132,-0.895545,-1.08406,-0.243305,-0.105314,0.194881,0.544328,0.886955,1
0.67264,0.734347,0.537989,-0.201988,-0.80257,0.413224,0.466932,-0.84597,-0.229718,0.814961,0.0251913,0.110679,0.442888,0.407898,-0.489779,-0.179437,0.602786,0.199698,0.5849,0.193798,-0.245478,-0.0460162,0.034022,-0.0890195,-0.385177,0.81729,0.0969754,0.668321,-0.702932,-0.269276,-0.802533,-0.304894,0.548961,0.940449,1
-0.00976229,0.80404,-0.544134,-1.31659,-0.156596,0.192414,0.418545,0.753255,-0.222561,0.448456,-0.199739,0.228144,0.188578,-0.00440875,-0.729206,0.321688,-0.448716,-0.302355,0.202717,0.223672,-0.213953,-0.425889,-0.204222,-0.206005,0.00938284,0.602223,-0.423619,-0.299939,-0.354904,0.175704,0.210037,-0.148059,0.551487,0.810974,1
0.289045,-0.534929,0.542918,0.0331046,-0.1876,-0.875777,-0.883604,-0.136212,-0.40592,0.237088,-0.586345,0.963531,-0.159567,-0.00989033,-0.311294,-0.536944,0.288541,-0.170114,-0.439304,0.085986,-0.48645,-0.00263188,-0.375925,-0.632527,0.379644,-0.0490282,-0.430952,0.191621,-1.08105,-0.390356,-0.783765,0.169988,0.510773,0.821257,1
-0.192209,-0.325799,1.00667,-0.251667,-0.380855,-0.442833,0.696164,-0.0911806,-0.612478,-0.0745345,-0.407146,1.43689,0.221363,0.308534,-0.328414,-0.0131075,-0.105944,-0.542751,0.0424209,-0.893561,-0.291474,-0.725393,0.325663,0.842712,0.223101,-0.731516,1.11207,0.393768,0.0708291,0.734248,0.109743,-0.878642,0.43166,0.875815,1
-0.0674725,-0.863744,-1.18626,-1.21964,-0.439063,1.27231,-0.610316,0.13193,-0.314979,0.208626,-0.1048,0.458387,0.307874,-0.475823,0.0126503,0.226793,0.212578,-0.110899,-0.195976,0.549085,0.72635,-0.0876276,0.570985,0.126557,0.412738,-0.0055638,-0.341781,0.0558197,-0.176916,-0.637879,-0.273457,-0.249995,0.421795,0.889061,1
-0.381298,-0.119429,0.323352,-1.01412,0.323254,0.286224,-0.515518,-0.184158,-0.60757,-0.249894,-0.455408,0.0756185,0.612618,-0.370347,-0.66344,-0.161715,0.129479,-1.19024,0.144185,0.500672,0.36957,0.159763,-0.514071,0.166005,0.656974,0.348211,0.00979997,0.711561,0.286123,-0.199373,-0.826955,0.422707,0.548206,0.853528,1
0.148873,0.248595,0.101575,0.237147,0.333356,7.95,0.232483,0.245204,0.15682,0.342245,0.150064,0.204196,0.164042,0.252172,0.354212,0.227625,0.356379,0.11692,0.361127,0.245775,0.244869,0.172706,0.111968,0.362451,0.111001,0.212578,0.287258,0.340231,0.134968,0.319322,0.373436,0.371212,0.52,0.82,1
0.74893,0.162407,-0.214701,0.248955,-0.102862,0.409701,-0.663019,0.572968,0.0843011,0.00121706,-0.0118103,0.0615004,0.138285,-0.850249,0.0483588,-1.20244,-0.537428,-0.303605,0.158681,0.0201141,0.413726,-0.542468,-0.401343,-0.375549,0.0469278,-0.671697,0.151964,0.925588,-0.642789,-0.716744,-0.989609,0.743085,0.512538,0.76388,1
-1.12509,0.127417,-0.431244,-0.349625,-0.718975,-1.23091,0.429936,0.233277,-0.613347,0.207412,0.370901,-0.76894,0.840396,-0.281033,0.0520471,0.0118351,-0.918943,0.433327,-0.467416,0.0967597,-0.499542,-0.0508361,0.0688144,-0.76674,0.0151992,0.851497,-0.107245,0.262926,-0.0944866,0.0701702,-0.446916,0.113418,0.535286,0.840188,1
0.866506,-1.18421,-0.407129,0.0266091,0.697373,0.826414,0.110551,0.185698,0.108088,-0.788995,0.922983,-0.206412,-0.23439,0.154158,0.0120463,0.466458,0.340342,-0.42199,-0.0405269,0.0857794,-0.414723,0.704816,-0.556012,0.121906,0.512712,-0.433098,0.0987898,-0.648138,-0.0241404,0.684658,-0.152198,-0.701017,0.576009,0.784128,1
-0.703426,1.00677,0.93361,-0.477692,-0.435874,0.324677,-0.577151,0.728109,-0.179363,0.0755011,0.770618,0.213476,0.838332,0.0892677,0.107808,0.216494,0.154826,0.62696,-0.115974,0.0118889,-0.0171178,0.147828,-0.126417,-0.21155,-0.92366,0.0886261,-0.0813813,-0.14789,0.52105,-0.950674,0.818648,-0.436602,0.465554,0.884555,1
-0.252275,0.527263,0.983385,-0.0223948,-0.37941,-0.895637,0.970456,-0.601118,-0.173845,0.111178,0.160863,0.0427872,0.219207,-0.0901978,0.134131,0.18563,-0.242352,-0.451309,0.565385,-0.883913,-0.0102001,1.00155,-0.618147,0.371797,0.569244,0.119987,-0.694329,0.0418923,0.170754,-0.399313,0.247168,0.799482,0.453106,0.776614,1
0.254948,-0.358158,0.690935,-0.248302,0.0620141,-0.0643111,0.318969,-0.0375896,-0.168369,0.548961,-1.46002,0.239783,-0.730543,0.226985,0.416317,0.935237,-0.950831,-0.125382,-0.0875375,-0.206039,0.0511063,0.0836647,1.17631,-0.0480337,0.432572,-0.409978,1.41013,0.705238,0.0424358,-0.584929,-0.558203,-1.32861,0.520307,0.862879,1
0.728762,-0.521712,-0.0893074,0.335971,-0.61524,0.257245,-0.0095828,0.0649026,0.295393,0.550787,-0.192792,-0.29017,0.0210703,-0.461672,-0.697651,-0.548705,0.00158843,0.465766,0.104452,0.543484,-0.0715076,-0.185722,-0.276528,0.21395,-0.843249,0.825424,-0.0567262,-0.226664,0.52889,-0.635279,0.647303,0.761135,0.430302,0.831735,1
-0.798424,0.49413,0.270904,-0.865075,0.0998749,-0.394386,0.502225,-0.953675,0.547858,-0.246345,0.383698,1.0864,0.0242197,-0.13322,-0.685343,-0.127461,0.00619562,-0.427878,0.534766,0.34797,0.222938,0.188879,-0.149886,0.0252022,-0.193193,0.303349,0.893378,0.080189,1.55318,0.261341,0.0908765,0.291005,0.485341,0.776612,1
0.633155,0.977241,-0.497351,-0.773043,-0.033529,-1.28,0.0654405,0.690123,0.444996,-0.8575,0.506565,-0.77237,-0.438501,-0.253131,-0.705085,0.310113,-0.399776,0.844772,-0.656037,-0.652622,-0.166053,0.398909,-0.172106,-0.278969,0.101205,-0.425675,-1.06606,0.240252,0.294671,0.1073,0.184587,0.00828552,0.518831,0.947946,1
-0.0655275,-0.304397,0.372761,-0.323266,0.511548,0.421662,-0.284484,0.00601695,-0.777758,-0.348716,0.53619,0.0174632,-0.966963,0.126849,-0.204402,0.823387,-0.445277,0.457519,-0.327138,-0.141195,-0.28821,0.245267,-0.452087,-0.0758568,0.576151,0.178522,-0.304564,0.321057,0.33182,-0.179135,0.230305,0.43208,0.526185,0.860546,1
-0.832477,0.196953,0.863056,0.181155,-1.0601,0.279629,0.0601537,0.373645,-0.047653,0.106656,0.643527,0.0830256,-0.726615,0.0589625,0.595009,0.00804322,-0.152264,-0.0108258,0.503999,-0.643913,0.718863,-0.480405,0.236455,-0.182242,-1.10734,-0.250237,-0.521123,0.283255,-0.806374,-0.337639,0.335256,-0.329092,0.546282,0.916063,1
0.208811,0.277488,0.113809,0.309682,0.14889,7.95,0.180884,0.278739,0.372512,0.359061,0.26538,0.18476,0.345746,0.262948,0.367631,0.397134,0.107028,0.196102,0.219217,0.274864,0.248707,0.356207,0.140475,0.244797,0.366289,0.293096,0.20342,0.342612,0.36674,0.309486,0.104966,0.138453,0.52,0.82,1
