f0,f1,f2,f3,f4,f5,f6,f7,f8,f9,f10,f11,f12,f13,f14,f15,f16,f17,f18,f19,f20,f21,f22,f23,f24,f25,f26,f27,f28,f29,f30,f31,uncertainty,recon_loss,kernel_drop
-0.652758,0.884444,-0.989528,0.936151,-0.0336502,0.0645638,-0.182386,0.514964,0.777357,-0.105228,-0.949975,-0.482059,-0.67897,0.405701,-0.126643,0.172549,-0.185815,-0.0783171,0.733451,0.434471,1.16115,0.313191,0.156702,0.327675,-0.279384,0.316708,-0.168977,-0.470656,0.763313,0.155727,0.00215729,0.211186,0.513661,0.788939,1
0.0650539,0.401321,0.106215,0.316185,-0.225717,0.0939965,0.601231,-0.0989315,-0.422938,0.165845,-0.507632,-0.0372097,0.52738,-0.625806,-0.284192,-0.567008,-0.896862,-0.0999605,-0.702727,-0.271434,0.205725,0.0961852,0.18146,-0.180958,-0.978068,-1.1343,0.357403,0.196009,0.482529,-0.438119,-0.130089,0.621102,0.442333,0.774542,1
-0.896057,-0.512553,-0.073936,1.09483,0.261267,0.415902,-0.978791,0.217628,-0.256199,-0.14352,0.340842,0.515781,0.0708173,-0.643962,-0.160795,-0.0234169,0.0082879,0.317579,0.206295,0.307183,-0.630122,0.470213,0.308261,-0.573331,0.504896,-0.209596,0.885666,0.361666,0.588418,0.584939,-0.298207,0.1165,0.449848,0.935727,1
0.517431,0.277874,0.112616,0.0848997,0.245648,0.0587169,-0.916931,0.29337,0.988564,0.182809,-0.0763358,0.628414,0.284057,0.915147,0.0988925,0.0918053,-0.202854,0.513933,-0.148379,0.137521,0.504123,-0.308556,0.051598,0.327979,0.197247,-0.430783,-0.859721,-0.976667,0.0804627,0.722205,-0.0895959,-0.204702,0.546439,0.8944,1
-0.831145,-0.406485,-0.811596,-0.209389,-0.828209,-0.410836,0.504542,0.692153,-0.139857,0.0419693,0.169136,0.0447161,-0.101376,-0.68181,-0.769263,-0.218142,0.318913,-0.288806,-0.394679,0.805195,-0.332261,-0.178554,-0.25903,0.66872,-0.109021,-0.371793,-0.0311372,-0.554972,0.209723,-0.287322,-1.61263,-0.28055,0.469593,0.792937,1
0.857234,-0.262059,0.375884,0.0607342,0.23992,0.404693,0.783762,-0.35216,0.491724,0.02186,-0.257128,-0.864583,-0.241798,-0.662115,0.197836,-0.438956,-0.605157,-0.426011,-0.190948,-0.112945,-0.524919,0.422983,-0.544632,-0.949952,-0.511426,0.387491,0.325708,0.376486,0.612699,-0.588594,0.301536,0.410346,0.463567,0.828498,1
0.075534,-0.596148,-0.0845264,0.118272,0.76165,-0.485418,0.864114,0.0744948,0.0258836,-0.460164,-0.613817,-0.463091,-0.369852,-0.190122,0.204935,-0.297977,0.66339,-0.338822,0.141813,-0.254518,-1.37646,-0.32889,0.128489,0.595532,-0.204985,-0.275438,0.0713712,-0.0506893,0.512427,0.490253,-0.293845,-0.787429,0.493981,0.902786,1
0.0746045,0.0362462,0.80608,-0.357433,-0.291256,0.779084,0.075873,-0.735861,-0.80701,0.70179,0.304137,0.412348,-0.183689,0.201271,-0.345307,-0.132458,-0.103035,0.165149,-0.340687,-0.192189,-0.00379865,-0.0343203,0.530665,-0.854798,0.309509,0.013553,1.23907,-0.654809,-0.186799,0.421592,-0.271605,-0.522361,0.554865,0.794712,1
-0.340548,-0.953299,0.285902,-0.381301,-0.0670405,0.932212,-0.282904,0.6288,-0.583091,-0.425276,-0.272396,0.337658,-0.258924,0.0199765,0.749692,-0.00707151,-0.155269,-0.276712,0.583586,0.122234,-0.156349,-0.930149,-0.317288,-0.561108,0.0104903,0.0655446,-0.282345,-0.606783,-0.462436,-0.704591,-0.469439,0.0434402,0.519851,0.943318,1
-0.345718,0.618828,1.18394,-0.315485,0.288226,0.48194,-0.145506,0.35808,0.205934,0.290548,-0.241209,0.979194,0.717112,-0.109872,-0.481552,0.242892,-0.876211,-0.387932,-0.682286,1.84706,-0.89958,-0.269156,0.321707,-0.83916,-1.1132,-0.0324147,-0.384006,0.591027,-0.699276,-0.463488,0.477023,0.880039,0.52904,0.90698,1
-0.762474,0.424781,-0.041308,0.56334,-0.212034,0.310308,0.385587,-0.0712814,-0.358366,-0.120919,-0.306134,0.328375,0.357282,-0.359391,-0.770019,0.0636604,0.29337,-0.0112703,-0.993712,-0.22705,-0.0383111,0.0376642,-0.46648,-0.249396,0.268056,-0.137476,0.0792926,-0.290352,0.644579,0.60478,-0.433304,-0.716208,0.435412,0.942559,1
0.0296835,-0.886264,0.897153,-0.0959257,0.304115,-0.388308,0.460631,0.112136,0.504515,0.219905,0.635451,0.281667,-0.145653,-0.42259,-0.00680703,1.17533,0.13336,0.60463,-0.0529681,0.661808,-0.117176,-0.137601,0.0488956,-0.309952,0.135135,0.222035,-0.642916,0.981293,0.137997,0.540399,0.67162,-0.0420377,0.571084,0.923169,1
1.07197,-0.26176,0.0898744,-0.0649808,-0.551825,-0.32435,0.237327,-0.677812,-0.381257,0.0421923,-0.0707368,0.376746,0.206719,-0.296946,-0.495828,-0.0678188,-1.11084,0.0417423,-0.674152,0.271592,0.33235,0.469426,-0.0435838,0.11985,0.3358,0.639523,-0.233577,-0.17069,0.695245,-0.0570656,0.30745,-0.463337,0.450329,0.923791,1
-0.026487,0.104696,-0.410204,-0.978432,1.28058,0.157445,0.335096,-0.314062,-0.376912,0.603406,0.198366,0.17456,-0.569778,-0.337327,0.134794,0.273946,0.00436355,0.925793,0.0438252,0.888276,0.224508,-0.0996005,0.146518,-1.13893,-0.18381,-0.254914,-0.564581,-0.0381637,0.337112,-0.403185,-0.458115,0.482179,0.520867,0.948326,1
1.0559,0.178372,-0.247402,-0.592051,0.12647,0.561738,0.0273613,0.296245,0.708551,-0.697237,0.128635,0.454221,-0.42166,-0.414215,-0.517189,0.232863,0.0706135,-0.406071,-0.020243,-0.00619269,0.0460093,0.710736,-0.378896,0.113281,-0.168261,1.13151,0.300651,0.664827,-0.0628906,-0.460714,-0.178535,-0.372542,0.535805,0.918991,1
-0.594047,0.906744,0.285402,0.665472,0.0551545,0.307351,-1.09985,0.632324,0.292517,0.16181,-0.121021,0.754704,0.00765091,0.223021,0.3384,1.37291,-0.219794,0.637123,-0.415531,0.868023,0.831003,0.105108,0.222581,0.575523,-0.383802,-0.659197,-0.6107,0.746933,0.351983,0.58069,0.0316304,-0.116609,0.502116,0.883827,1
0.235892,0.19959,0.431158,-0.0918911,-0.38562,-0.580558,0.197775,0.0628532,-0.432431,-0.436953,0.443283,-0.0735188,0.653318,-0.379505,-0.0316617,-0.484835,0.496487,-0.461073,-0.258171,-0.158948,-0.363965,-0.829679,0.446619,0.384672,-0.924358,-0.183299,-0.906007,-0.443003,0.247151,-0.44845,0.182305,-0.0301251,0.571911,0.823162,1
-0.363506,0.62811,0.28397,-0.417804,-0.46554,0.244796,0.199236,-0.0494079,-0.750682,-0.106603,0.784382,0.305983,0.702633,0.141656,0.843891,-0.343897,0.524453,-0.398625,1.0647,0.885651,0.510649,0.22147,-0.237973,-0.3597,0.438863,0.334018,-0.752618,-0.562449,-0.03085,0.221968,-0.110922,-0.454398,0.425912,0.913229,1
0.398642,-0.205927,-0.602475,0.584383,-0.7396,-0.675169,0.276643,0.220214,0.371439,-0.233877,0.204729,-0.156329,-0.508041,-0.228347,-0.111119,0.250079,-0.434572,-0.543085,-0.484886,-0.000929805,0.245176,0.592473,0.435472,-0.606314,-0.994556,0.364734,-0.0408605,-0.068896,0.55227,-0.145233,0.0265236,0.486649,0.468303,0.916567,1
0.413269,0.170237,0.64476,0.0806819,0.00612075,0.774779,0.427658,-0.659356,0.203946,-0.641113,-0.41217,0.221595,-0.673205,-0.36647,0.323805,-0.327369,0.445623,-0.240968,0.630887,-0.856615,0.16547,0.593681,-0.359737,-0.820673,-0.39112,-0.107303,0.333229,0.580591,-0.0639773,-0.631744,0.602983,0.258051,0.527029,0.772438,1
0.4934,0.23375,0.517531,-0.209538,0.280042,0.365554,-0.23197,0.208471,0.877565,-0.113367,0.0746722,0.0097719,0.0483363,0.309626,0.369369,0.513447,-0.047366,-0.333789,0.649187,0.0798403,0.0577658,0.345698,0.238926,0.18112,-0.0608529,1.10364,-0.234951,-0.67151,0.460738,-0.00670171,0.771936,-0.474094,0.461587,0.918362,1
-0.694554,-0.0986008,-0.349515,-0.927056,0.0733145,-0.238393,-0.0628182,0.438912,-0.512439,-1.26778,-0.762,-0.438232,0.733853,-0.0584149,0.14946,-0.361154,-0.776767,-0.13177,-0.0522407,-0.451516,-0.613506,0.999883,-0.306704,0.209228,0.198676,-0.213698,-0.513244,0.654441,-0.545126,-0.463924,-0.238865,-0.0836958,0.487328,0.775783,1
-0.0680396,0.0274585,0.440722,0.0555728,0.271821,-0.0384546,-0.669265,-0.160373,-0.13595,-0.501435,0.528094,-0.741706,-0.157328,-0.356223,0.399326,-0.623257,0.0713802,-0.633738,0.0850798,-0.0204811,0.371033,-0.475627,0.11724,-0.369501,-0.107541,-0.884414,-0.267609,0.111557,0.305981,0.458814,0.514187,-0.334111,0.531083,0.797063,1
1.25752,0.0970767,0.409099,-0.496591,-0.192275,0.135242,-0.00256296,0.237725,-0.281673,-0.623422,-0.0339151,0.333033,0.531515,-0.330756,0.13863,-0.576559,-0.091749,0.102515,0.734219,0.318833,0.415927,0.369554,-0.0601386,-0.0605572,-0.262764,-0.886858,0.459711,-1.21708,0.775307,0.655371,0.0662295,0.273517,0.424806,0.845616,1
0.499396,0.677704,0.146027,0.181517,-0.447847,-0.809427,0.4285,1.40287,0.334381,0.397872,0.162146,0.620669,-0.420041,-0.356529,-1.007,0.752596,-0.00329878,0.246873,-0.592501,0.259075,-0.406234,0.648787,-0.00502791,-0.348888,1.16458,0.259907,-0.566939,0.22193,0.0285365,-0.345287,-0.583516,-1.4283,0.443171,0.816956,1
0.182921,0.122942,0.203597,0.118692,0.138337,7.95,0.137071,0.244473,0.118941,0.327096,0.226069,0.39219,0.340964,0.38036,0.324029,0.130061,0.16469,0.244822,0.111462,0.371191,0.355303,0.204301,0.248962,0.144654,0.204288,0.300496,0.21663,0.387332,0.292429,0.176612,0.388556,0.373044,0.52,0.82,1
-0.351192,-0.00201012,-0.0548692,-0.46322,-0.135212,-0.366311,0.827337,-0.624833,0.367767,0.0601677,0.123091,0.0438467,-0.00780608,0.0669609,0.0209756,0.294628,0.260831,0.0800206,-0.112173,0.251802,-0.815346,-0.583814,0.485419,-0.706217,-0.444988,-1.12296,-1.12126,0.867684,-0.827545,0.537692,0.286971,-0.58575,0.528002,0.89172,1
-0.373627,-0.493815,-0.735633,-1.06969,0.279686,-0.522221,0.472436,0.333169,0.385702,-0.241283,-0.199593,0.824205,0.594701,0.32971,0.110757,0.411785,0.598452,0.0555092,0.0863478,0.182967,-0.57036,0.69438,0.474353,-0.978546,-0.0683888,-0.447541,-0.804792,-0.194705,0.473496,-0.33172,-0.832893,-0.096239,0.571923,0.847974,1
-0.456101,0.616814,-0.376061,-0.328368,0.5809,0.163164,-0.0378593,0.62998,0.415207,-0.20955,0.494134,-0.461022,0.260556,0.336957,-0.26552,-0.316802,0.927474,-0.256025,-0.443718,0.305985,0.343184,0.155159,0.108595,-0.722449,0.38249,-0.419779,-0.420063,-0.145066,-0.618557,-0.793929,0.0618471,-1.18466,0.455027,0.800608,1
-0.0963444,-0.28382,0.424038,-0.571585,-0.213411,0.407474,-0.361482,0.169796,-0.317217,-0.442977,0.411545,-0.712375,-0.521301,-0.149891,0.12425,0.305541,-1.0556,0.462259,0.828723,0.0945977,0.701889,-0.575322,0.715293,-0.197424,0.132007,0.367238,0.322173,0.301427,0.315865,-0.84674,-0.251327,-0.0926716,0.505729,0.808397,1
0.420797,-0.165906,0.0896202,0.934536,0.83056,-0.421169,-0.28526,-0.519468,-0.174387,-0.0711322,-0.626788,-0.173828,0.32003,0.156475,0.112765,0.666369,-0.657381,-0.859063,0.496553,0.581506,-1.07121,-1.71344,0.77363,-0.107455,0.00938864,0.600025,0.574748,0.659191,0.848133,0.00282058,-0.0928104,0.550217,0.547238,0.833984,1
-0.106462,0.865293,0.0801359,0.0242792,-0.0203304,0.215553,-0.366309,0.638339,-0.279728,0.160971,0.981048,0.837516,-0.521683,0.521301,-0.675873,-0.600527,0.158333,-0.0320408,-0.219798,0.904548,0.588191,-0.303377,-0.625085,0.233488,-0.035235,0.635543,-0.733557,-0.67481,0.152725,-0.0170163,-0.0401357,1.06997,0.526938,0.870772,1
-0.582341,0.0690434,-0.187397,-0.947405,-0.274835,-0.55721,0.530291,0.370559,-0.324222,-0.105666,-0.169899,0.603544,-0.737403,-0.17545,0.835587,-0.213375,-0.44851,0.216813,0.730575,0.228802,-0.505244,0.0218124,0.0304968,0.789334,-0.309125,-0.915754,-0.177694,-0.228024,-0.130461,0.658296,-0.756575,0.274199,0.444864,0.781465,1
0.77762,0.591313,-0.685283,-0.728395,-0.281273,-0.10006,0.343691,0.106938,-0.0682911,0.0264202,-0.688903,-0.134905,0.211073,-0.168277,-0.376417,0.499522,-0.00745932,-0.179139,-0.0666182,0.985209,1.28412,-0.691714,-0.0401069,0.284119,-0.527904,-0.753252,-0.171429,0.0917151,0.762009,0.018022,1.4116,0.221459,0.559509,0.78896,1
0.554307,-0.25447,-0.746287,0.0232703,0.398055,0.292551,-0.313195,0.179292,-0.0185599,0.141913,0.239901,1.17582,-0.331516,0.710147,0.353719,0.630167,0.519127,-0.134611,0.54468,0.348068,0.244191,1.04497,-0.657317,0.0105209,-0.293083,0.184667,0.0503953,-0.113559,-0.0792497,0.476996,0.782746,0.826241,0.474365,0.851179,1
0.672199,1.16224,0.424462,0.198043,0.313297,0.388409,-0.172303,0.0679844,-0.274376,-0.152031,-0.289745,-0.414527,-0.320733,0.125705,-0.276466,0.115714,-0.353899,-1.1162,-0.36258,0.391614,-0.493202,0.993173,0.312345,-0.977234,-1.25496,0.375664,-0.365436,0.708057,0.334094,-0.0308432,1.04565,-0.434725,0.578011,0.924631,1
0.0791734,-0.505606,1.66212,-0.821778,0.824071,-0.402517,0.0391093,-0.183268,0.114235,-0.267023,0.041955,-0.0599618,0.785273,-0.247249,-0.0025644,0.845899,-0.114728,-0.356652,0.77456,-0.0278018,0.129446,0.107381,-0.697859,0.612206,-0.132282,-0.0740372,-0.0844636,-0.421334,0.268973,0.813981,0.17092,-0.0564855,0.49438,0.826795,1
-0.391789,-0.7952,-0.257354,-0.773578,0.4437,-0.631488,0.832241,-0.0521622,-0.091965,0.473598,-0.0163903,0.954812,0.0610691,-0.271038,0.261107,0.243883,-0.0601374,0.158394,-0.539305,-0.144083,-0.226534,-0.67993,-0.580487,0.767847,0.234426,-0.0536779,0.374976,-0.291535,0.535132,0.279329,0.21684,0.280078,0.529449,0.76417,1
0.101636,-0.89571,-0.159941,0.0369668,-0.306319,-0.539953,0.161464,0.0822624,-0.633442,-0.669814,-0.388542,-0.457799,-0.405967,0.487142,0.720293,0.939428,0.342038,0.449912,-0.196538,-0.431878,0.2359,-0.134425,0.102835,-0.16432,0.741205,-0.423395,-0.223599,-0.178673,-0.955545,-0.420725,0.643208,-0.163253,0.574325,0.834043,1
-0.466201,0.0995718,0.196304,0.100502,0.389238,0.342817,0.696921,0.277157,0.449422,0.473049,0.272976,0.545939,-0.74706,0.176877,0.777996,0.607136,0.0564729,0.16313,-0.0317596,-0.152063,-0.74396,-0.228247,-0.397513,-0.116371,0.202121,0.895082,-0.831069,-0.0292327,-1.11495,0.370049,0.845522,0.314314,0.569504,0.816913,1
-0.14976,-1.08077,0.359255,0.150263,-0.0422627,0.200022,0.255426,-0.202179,-0.516101,-0.0324957,0.770866,-0.744962,-0.515629,-0.336222,-0.232542,0.169732,0.296048,0.473002,-0.875148,0.606213,-0.0740327,0.440038,0.356059,0.281409,0.612282,0.419234,0.108714,0.0391524,0.574674,0.256807,-0.232919,-0.429957,0.447841,0.827092,1
-0.33446,0.503536,0.356683,0.859058,0.495662,-0.00851268,-0.560819,-0.526442,-0.616737,-0.7235,-0.0982501,0.676474,-0.285961,-0.0850032,0.269505,-0.312593,-0.963609,0.511931,0.16945,0.612528,-0.325271,-0.285858,-0.377046,0.691528,0.0682167,0.821059,-0.104188,-0.624692,0.025989,-0.256606,-0.0742543,0.0754358,0.424544,0.778748,1
0.285876,1.17979,0.151621,0.091195,-0.584689,0.1129,-0.115807,-0.0789814,0.815127,0.290363,0.312953,0.102081,0.903923,-0.551529,0.0476344,-0.242502,-0.145992,-0.310397,0.270641,-0.088666,0.192833,-0.00402599,0.905501,-0.0142434,0.13119,-0.495198,-0.165291,-0.665156,0.25519,0.0707315,0.256581,-0.47781,0.461862,0.939271,1
0.0279224,0.20906,0.704273,-0.0170479,-0.61567,0.986197,0.0998289,0.460573,0.182646,-0.768116,-0.316647,-0.558688,0.85765,-0.257315,-0.11686,-0.387332,0.82652,0.806828,0.243766,-0.397017,0.567962,0.393197,0.557662,0.348072,-0.402285,-0.284579,-0.1919,-0.209169,0.339928,0.334038,-1.09123,0.00661142,0.474603,0.930382,1
0.0149159,0.320443,-0.276449,0.46273,-0.116953,-0.121276,-0.851661,0.523916,0.190947,-0.531962,-0.193058,0.177168,0.0312502,-0.229169,-0.532986,-0.0932832,0.925464,0.422898,0.323597,0.993992,-0.719567,-0.00121634,-0.131473,-0.512916,-0.378585,-0.738726,-0.632651,-0.199468,-0.241497,0.796323,0.239324,-0.163431,0.548093,0.885198,1
0.184716,0.660119,-0.626535,0.832568,0.705835,-0.0903484,-0.0868831,-0.981153,-0.151258,-0.741981,0.611929,-0.139558,-0.631235,-0.259984,-0.0780927,0.952594,-0.10853,0.0587687,0.657994,0.553092,0.0295477,0.866822,-0.0338347,-0.125473,-0.316003,-0.971942,-1.21795,0.481001,0.542085,-0.27448,-0.404437,-0.340294,0.424808,0.882327,1
0.439138,-0.188605,0.545845,-0.677158,-0.437526,0.940873,0.527541,-0.216856,-0.50999,-0.454258,0.854114,0.0576536,-0.284559,-0.365773,0.0658234,0.445688,0.864924,0.094013,0.407158,-0.435938,-0.445004,-0.406422,-0.184695,-0.0866343,-0.0499595,0.617437,-0.445218,-0.35758,0.0919656,-0.648729,0.277245,-0.134761,0.54254,0.772592,1
0.0998332,-0.209493,-0.15814,-0.516172,0.317214,0.334746,-0.47293,-0.326151,0.494152,0.2978,0.337319,-0.108197,0.478772,-0.923124,-0.490569,-0.568229,0.657106,0.140731,-0.265739,0.526874,0.486296,-0.440403,-0.671386,-1.07179,0.275841,-0.172172,-0.146454,-0.198942,0.631942,-0.121363,-0.504901,0.399471,0.474767,0.893954,1
0.257637,0.384445,-0.473238,-0.299417,-0.410203,-0.783164,-0.182719,1.44806,-0.142251,-0.452898,0.954905,-0.487045,0.573079,0.0175657,-0.0351527,0.513454,0.190583,0.249637,0.394717,0.398627,-1.57235,-0.665241,0.456884,-0.0034178,-0.820898,0.095635,-0.301443,0.051875,0.128743,0.5852,0.763289,-0.971695,0.534237,0.948744,1
-0.52992,0.731315,-0.549523,-0.435892,-0.235494,-0.754645,0.497785,0.00141949,-0.2696,0.160497,0.0604558,0.401161,0.462665,0.0228091,0.291992,-0.978542,0.619654,-0.0845382,-0.20877,0.186518,0.167775,-0.383704,-0.157536,0.731418,0.676842,0.396369,-0.436973,-0.26668,-0.374052,-0.568502,-0.193101,-0.406284,0.462089,0.878767,1
-0.71974,-0.391354,-0.440733,-1.13915,-0.22688,-0.926611,0.451315,-0.393309,0.278005,1.05515,0.737246,0.669244,-0.191921,-0.0746737,-0.0483599,0.169242,-0.321046,-0.748247,0.183214,0.262036,-0.973408,-0.127513,-0.0971677,0.743579,0.640656,0.216359,-0.21913,0.434538,-0.533812,-0.523304,-0.285055,-0.302227,0.569398,0.830444,1
-0.106853,-0.190842,-0.54688,0.556383,-0.293527,-0.71978,0.274597,0.602287,0.491097,-0.291005,-0.287474,-0.840739,-0.412135,-0.00550273,0.669106,-0.175196,0.00953694,0.596027,-0.544599,-0.11108,0.782809,0.133789,-0.267597,-0.668566,-0.189551,-0.142299,0.251945,-0.023487,0.0538178,0.420053,1.04725,-0.153311,0.497226,0.90596,1
0.156134,-0.344861,0.18344,0.420281,-0.659644,0.0358493,-0.403596,0.439094,-0.0604839,0.611149,-0.16518,-0.228636,-0.5948,0.711967,0.554099,-0.0124256,0.0358388,-0.602666,-0.773385,0.00862861,0.178817,0.147895,-0.0097873,0.693561,-0.259974,-0.416234,-0.692088,0.0984466,0.625481,0.215878,0.398779,-0.164448,0.524991,0.935457,1
-1.09517,0.100949,0.229475,-0.1207,0.5539,-0.231075,0.147252,-0.112075,-1.12113,-0.409647,-0.377189,-0.0127113,0.795772,-0.166117,0.154567,-0.35457,0.0576818,0.124748,0.168443,-0.00753053,0.239285,-0.324103,-0.182252,-0.602146,0.697556,0.0600127,-0.611932,-0.627597,0.6824,-0.18409,-0.816801,-0.34057,0.54809,0.919041,1
0.00995915,-0.289615,-0.317112,0.319168,0.127235,0.248939,0.384512,0.237955,-1.12031,0.781681,0.845673,0.132434,-0.671841,0.0678295,0.475273,0.110305,0.0627187,0.141554,0.681244,0.0269683,-1.0187,0.401301,-0.756318,0.706533,-0.530607,-1.038,0.27563,-0.690444,-0.514668,-0.353805,0.282036,0.276224,0.447848,0.948089,1
-0.121689,0.0598662,-0.571945,-0.595632,0.725056,-0.233812,0.113694,-0.643706,0.0820215,-0.317962,-0.309824,0.383053,0.850417,0.0382056,0.604253,0.130785,-0.487129,-0.440939,-1.59417,-0.592699,-0.67634,-0.602421,-0.867515,-1.04487,0.149633,0.681861,0.939609,0.712483,-0.0718954,-0.815754,0.215034,0.00567634,0.488048,0.833678,1
0.351065,-0.294056,0.0918143,0.314207,0.536001,0.422885,-1.4196,-0.220385,0.55378,0.0924669,0.246113,-0.88602,0.338278,0.289815,0.607602,-0.17125,-0.0524549,0.773108,0.587747,1.06788,0.161368,-0.00898935,1.13332,-0.0452746,-0.942259,0.339681,-0.374811,-0.00664073,-0.252754,-0.346043,0.521505,-0.732781,0.474004,0.89342,1
0.420912,-0.0514355,-0.508518,0.510325,-0.27436,0.262701,0.222245,0.629773,-0.250536,-0.553629,0.266394,0.0282289,0.558751,-0.579737,0.7105,0.17178,-0.335504,0.330866,0.179793,0.352003,-0.316146,0.0431265,-0.874679,-0.500913,-0.0677757,0.00382057,-0.611883,-0.203496,-0.808883,-0.916347,0.474907,-0.63043,0.518778,0.892904,1
0.5595,-0.0543595,0.127607,1.29121,-0.598228,0.219511,0.693369,-0.0443697,0.355983,-0.380712,0.0252405,0.598885,-0.127777,0.205307,-0.396842,-0.366076,-0.805581,-0.315972,-0.179525,0.778307,-0.105071,0.667643,-0.249726,1.14535,0.351485,-0.488762,-0.0981712,-0.0507475,0.660375,0.493383,0.665749,-0.195278,0.57728,0.90396,1
-0.414643,0.0277821,0.022815,-0.248174,0.160741,-0.0607692,0.146199,0.582531,0.694254,-0.0602163,0.112563,-1.09733,0.11471,-0.101348,-0.223745,-0.363805,-0.521062,0.64319,-0.856634,-0.100435,0.383995,0.43846,-0.438351,-0.756825,-1.02853,0.498886,0.55178,0.45828,0.208468,-0.438462,0.0555207,-0.0726406,0.579293,0.780392,1
0.461204,0.531515,0.540355,-0.106285,-0.28691,-0.679209,0.745589,-0.169924,-0.17625,-0.759936,-0.558064,-0.0427304,0.0783777,-0.31884,0.1126,0.595848,0.164464,-0.145229,0.739734,-0.0213445,0.175004,-0.498806,0.142578,0.0927563,1.40976,0.00693428,-0.306013,0.0931262,-0.132032,-0.460259,-0.138596,0.212531,0.514958,0.920129,1
-0.204001,-1.01141,-0.271607,0.214057,-0.598273,1.1495,0.191128,0.433705,0.179336,-1.19851,-0.431366,0.232499,-0.319597,-0.252495,0.61021,-0.301142,-0.256059,-0.345884,-0.636396,0.575042,0.293172,0.785134,-0.192837,-0.29468,-0.590273,0.767044,0.472244,0.387594,-0.921359,0.340943,-0.246092,0.0385745,0.467854,0.852422,1
-0.578936,-0.765373,-0.0578777,0.169424,-0.287209,-0.391476,-0.166947,-1.21295,0.149447,0.133691,-1.18108,-0.23451,0.196298,0.182942,-0.536553,-0.15631,0.543188,0.132517,0.300127,-0.423505,0.37138,0.393273,-0.345961,0.578016,-0.590027,-0.0411181,-0.13518,0.0462524,0.820503,0.147512,0.676612,-0.292575,0.555283,0.804398,1
-0.678925,-1.19151,-0.93124,0.367382,-0.409971,-0.335312,-0.287014,-0.668464,-0.308916,0.465752,-0.547173,0.0633851,0.372165,0.348312,-0.664785,-0.259606,-0.199734,0.706156,1.10668,-0.465794,-0.121351,0.0781084,-0.637868,-0.650606,-0.110303,-0.725674,-0.487315,-0.412437,0.747015,-0.290181,0.0958465,0.621507,0.438381,0.831244,1
-0.168787,1.27932,0.571918,0.251316,0.277027,0.125463,0.152273,0.416243,-0.266415,-0.25263,0.192661,0.396143,0.290314,0.135118,0.0939651,-1.25492,-0.111631,0.548384,-0.30879,0.142341,-0.0990756,-0.213886,0.0944172,0.809627,0.0795425,-0.27363,-0.294689,-0.0573649,0.428643,-0.00824666,-0.63985,0.819771,0.430983,0.941447,1
-0.0573255,-0.112013,-0.225907,0.2096,0.00759205,-0.602435,-0.400531,0.294005,-0.0333048,-0.0982291,-0.193749,0.0390453,-0.614881,-0.861663,-0.41809,-0.273217,0.507366,1.16182,0.0915277,0.320065,0.408149,-0.378463,-1.04859,-0.479775,-0.0928778,-0.394513,0.876623,-0.395126,0.174981,0.599591,-0.373664,0.634021,0.524287,0.882678,1
0.201389,0.157293,-0.222189,-0.467391,0.732033,0.350482,-0.183928,-0.498682,-0.020584,0.16969,-0.829669,0.792531,-0.018482,-0.49016,0.0089057,0.368086,-0.280955,1.12391,-0.0636412,0.264561,-0.295694,-0.286797,-0.342787,0.112264,-0.648748,0.0494087,-0.141637,-0.458707,-0.530768,-0.228734,-1.13184,-0.626813,0.49397,0.771915,1
-0.0614432,0.146695,-0.228565,0.0102933,0.315599,0.279866,0.0799849,-0.669565,-0.566803,-0.0032642,-0.259852,-0.355286,1.06749,0.127048,0.184113,1.14123,-1.04387,0.0562938,-0.00477629,-0.778981,0.0516523,-0.254131,0.613762,-0.520228,-0.197427,-0.333123,0.34798,-0.479574,-0.520154,0.0116595,0.0891402,0.169288,0.432016,0.801684,1
0.95,0.88,-0.43605,-0.193423,-0.276347,0.246686,0.460478,0.0633689,0.0188777,-0.110638,0.151124,-0.356805,0.304661,-0.0323358,-0.383271,-0.369912,-0.407312,-0.232035,-0.287842,-0.232662,-0.0750754,-0.323168,0.237835,-0.379745,-0.371725,0.183263,0.0416522,-0.120614,0.360672,0.0889779,0.250033,0.382602,0.48,0.2,0
-0.873306,-0.364084,0.00353881,0.539314,0.245112,-0.268516,-0.0844722,-0.0419281,0.355798,-0.566689,0.408394,0.863294,-0.580654,-0.359743,0.888228,0.406922,0.0648569,-0.129521,0.871255,-0.353752,-0.182313,-0.514998,-0.50957,0.452641,-0.317532,-0.311654,0.858017,0.458569,0.507768,1.60592,0.0515341,0.650399,0.484354,0.818074,1
-0.835953,-1.01853,-0.144898,0.00928843,0.921941,-0.132837,0.140593,-0.532849,0.615994,1.06673,0.347893,0.616863,0.0852389,0.529506,0.222863,-0.0080439,-1.32945,0.166189,0.0469701,-0.191756,-0.0196068,-1.01431,0.165143,-0.454963,-0.409277,0.423824,-0.426522,0.154078,-0.648874,0.053433,0.279331,-0.966654,0.460718,0.918478,1
0.548057,0.294582,0.20777,-0.113434,-1.06293,0.494789,-0.154686,-0.381023,0.601613,-0.537344,0.814774,0.529094,0.0275645,-0.00243611,0.169814,-0.0951837,0.515239,1.45094,0.46543,-0.383142,0.429994,0.553182,-0.337737,0.448708,-0.740656,-0.334518,1.08098,0.775713,0.427947,-0.037793,-0.00265027,0.25565,0.428008,0.877961,1
0.271154,-0.172378,0.42421,-0.692002,0.323655,0.435138,-0.0525249,-0.190432,0.606831,0.680189,-0.516438,0.141379,0.242873,0.55284,0.400085,1.17151,-1.16714,1.00059,-0.346722,0.0371368,-0.626431,0.0866232,-1.58982,0.283271,0.233491,-0.594087,0.302739,0.349343,0.50814,0.279836,0.830157,0.439468,0.557644,0.777957,1
-0.418229,-0.249063,0.440215,0.417166,0.106125,-1.41904,-0.807308,-0.476366,-0.665262,0.580845,-0.354572,0.335459,0.329456,1.01176,-0.182191,0.0157052,-0.490308,-0.42421,-0.540441,0.219301,-0.192666,0.409385,-0.28652,-0.433789,-0.0659731,-0.173788,-0.344069,-0.912074,0.38275,-0.147093,0.618739,0.530653,0.475947,0.840533,1
0.453105,-0.526364,0.293252,0.444451,0.176548,-0.0135213,-0.290047,-0.129961,0.62602,0.739057,0.185696,0.0865108,0.129943,0.0627419,0.586751,0.197839,-0.678448,0.222525,-0.367333,-0.560971,0.0662884,0.677407,-0.128722,-0.499119,0.390442,0.363446,1.35308,-0.439242,0.587406,0.291192,0.476049,0.0586104,0.506773,0.903159,1
0.244722,0.398184,0.357764,-0.00663522,0.785692,-0.450331,-0.174889,0.105527,-0.830085,0.0551055,-0.579048,0.765862,-0.226683,0.282749,-0.394487,0.275241,-0.298513,-0.224363,0.789583,0.144279,-0.366257,-0.474728,0.164587,0.413572,-0.227633,-0.284456,0.262736,0.120389,-0.783276,0.321453,-1.04964,-0.234055,0.516247,0.845075,1
-0.443452,-0.340429,-0.322764,0.266184,0.108148,-0.555827,-0.232462,0.279851,-0.296389,0.328252,0.0602677,-0.57416,0.723656,0.0651637,0.159126,-0.270507,0.84044,-0.637757,1.02703,-0.292752,0.33241,0.0288995,0.249231,-0.0774968,0.0287335,0.645186,-0.0950678,0.162568,0.31962,0.827398,0.460126,-0.164802,0.429855,0.813905,1
0.140988,0.165755,0.317788,0.29381,-0.27015,-0.273728,0.556672,1.34642,-0.571913,0.29361,0.279644,0.28767,0.0356843,-0.449355,0.490501,0.12554,-0.423444,-0.249659,0.479297,0.195582,0.200515,0.415212,0.0220967,-0.488268,0.21626,-0.904922,0.322976,-0.177435,-0.10648,-0.309147,-0.186059,0.079923,0.55434,0.9117,1
-0.299549,-1.03384,0.441524,0.245599,0.617445,0.223278,-0.217262,-0.369108,0.618934,-0.252591,-0.295059,-0.136868,0.608028,-0.506273,-0.549222,-0.449836,-0.892642,-0.216868,0.234944,0.563416,-0.299869,0.727524,-0.0825975,0.274995,0.026383,0.516471,-0.0676323,0.253751,-0.169945,1.64111,-0.384862,-0.765949,0.530618,0.798488,1
0.419208,-0.31366,-0.145826,0.818496,-0.220171,0.11133,0.369244,0.469265,-0.865648,0.698431,-0.660701,0.0837447,-1.02573,0.311362,-0.229175,-0.742173,0.184842,0.222606,0.0783671,0.68341,-0.506147,0.364259,-0.191127,-0.203521,0.227713,0.0356554,-0.301522,0.103649,-0.253271,0.168692,0.385797,-0.26134,0.437198,0.88828,1
-0.462477,0.761484,-0.156936,-0.605948,-0.625885,-0.0542089,-0.280894,-0.186184,0.200973,0.0563363,0.0595936,1.45239,0.657098,-0.198377,0.417993,0.42253,-0.509434,0.891519,-0.349314,-0.274428,-0.632555,0.351104,-0.251953,0.26014,-0.760711,-0.146314,0.94282,0.0914805,-0.0797433,-0.001472,-0.48544,0.237056,0.4881,0.779458,1
-0.145492,0.508195,-0.135359,0.260158,-0.691076,0.314647,-0.240498,-0.118316,-0.0248951,0.813817,0.549377,0.356133,-0.437503,0.460922,0.79084,-0.751264,0.139937,0.139641,-0.0200831,-1.38528,-0.239659,9.68768e-05,0.0304387,0.00356432,-0.497578,-0.403029,0.110505,-0.219953,-1.75943,0.204996,1.08163,-0.311748,0.458047,0.843944,1
-0.244443,-0.604135,-1.20867,0.179923,-0.274357,0.114929,0.0241112,-0.373169,-0.388376,-0.862771,-0.395578,-0.0274454,0.806508,0.394075,0.486317,0.0151523,-0.739455,0.270811,-0.838826,-0.417147,-1.44155,0.640776,0.312426,0.936183,0.141047,0.00460432,-0.373465,-0.00191364,-0.133218,-0.640858,0.0867087,0.911246,0.437751,0.840097,1
0.55066,0.561727,-1.0292,-0.135311,-0.0512101,-0.714582,-0.282139,-0.378277,-0.298879,0.671358,0.401207,0.552512,-0.219255,0.639314,0.823497,-1.04772,0.603813,0.3801,0.271872,0.153419,0.0378993,-0.449786,-0.610461,-0.166303,1.18648,-0.470652,0.212669,-0.507097,0.260907,0.734661,0.690666,-0.865597,0.519225,0.880638,1
0.219197,-0.314722,-0.298283,0.3197,-0.225506,0.143591,-0.695242,-0.782603,0.189362,-1.54915,-0.0910579,-0.377297,-0.206209,0.256998,-0.0679903,0.642061,-0.796212,0.248463,-0.327341,0.26953,-0.0720682,-0.38356,-0.0630841,-0.924341,-0.117629,-0.54717,0.363596,0.338497,0.126432,-0.317204,0.013796,-0.19993,0.560734,0.828946,1
0.664113,-0.637186,0.282747,-0.773565,-0.0375762,-0.48595,0.0233473,0.231283,0.352295,0.614592,-0.632338,1.01115,-0.0634354,0.0478813,-0.0446941,0.137506,0.507301,0.669174,0.414039,-0.062536,-0.219269,0.53233,0.425494,0.588878,-0.537693,-0.115685,-0.496699,0.248717,1.228,-0.228463,-0.583321,0.597185,0.494343,0.887792,1
0.574107,0.665297,0.277239,0.214711,-0.302132,0.325148,0.31865,-0.0656045,-0.120523,-0.0639237,-0.386628,-0.416105,0.556986,-0.243631,-0.424832,-1.1003,-0.58371,-0.175551,-0.554186,0.21365,0.0833291,-0.0918076,-1.06871,-0.103877,0.223715,0.139265,-0.45053,0.944283,0.214844,0.0464923,-0.181115,0.754489,0.46429,0.864366,1
-0.920461,0.687972,-0.177709,0.421739,-1.28993,-0.162936,-0.257896,-0.543398,0.147402,0.68041,0.00483094,0.692667,0.681799,0.72108,-1.10636,-0.135283,0.664133,0.0101388,0.455877,-0.451679,-0.572426,-0.293684,0.137066,0.0607336,-0.695161,0.539903,-0.129154,0.21865,0.0495056,-0.658058,0.175976,0.112013,0.508262,0.800823,1
-0.325479,-0.35425,-1.10058,-0.0128345,0.522106,0.464637,-0.340121,-0.669688,-0.212018,0.0692152,0.284904,-0.344046,-0.23749,-0.416639,0.20035,-1.15646,1.4472,-0.0560223,0.0196276,-0.205702,-0.223469,-0.669987,0.173339,-0.24687,-0.942092,-0.162847,0.518871,0.179239,0.0514957,0.163628,-0.700552,0.558829,0.455138,0.879652,1
-0.841507,0.235117,-0.0368518,-0.0649005,0.0623117,0.54111,0.0486265,0.54942,-0.065913,-0.393215,-0.0827157,-0.541452,-0.272352,0.445992,-0.00929237,0.441832,0.511277,-0.489478,-0.737762,-0.334333,-0.315191,0.632219,0.791965,0.187628,0.376826,0.188932,-0.0397888,-0.89534,-0.164216,-0.108464,-0.393279,-0.65455,0.434268,0.773343,1
0.20183,-0.316768,0.687769,-0.0886159,0.348276,0.750281,-0.348061,0.413776,-1.01099,-0.980303,0.0914797,0.55766,-0.3503,0.512181,0.227533,-0.275585,0.540972,0.015537,0.877016,-1.12966,-0.104695,0.0309973,0.353145,0.0668395,1.05619,0.28478,-0.501771,-0.443906,0.769566,0.0579556,-0.377178,0.0144825,0.459715,0.933701,1
0.20083,-0.365639,-0.0398848,-0.481596,0.862605,0.427296,0.206277,0.494017,0.136733,0.385014,0.80725,-0.520238,-0.0861537,-0.614014,-0.533352,-0.159434,0.290022,0.15923,-0.310683,0.587096,0.343826,-0.933431,-0.255163,-0.577553,-0.103831,-0.404887,-0.629895,-0.45546,0.526947,0.250283,-0.140495,0.68958,0.432998,0.793364,1
-1.33175,-0.340283,-0.0421801,-0.587132,0.168798,0.0454779,0.350089,-1.04397,1.23773,1.22358,-0.0116861,-0.384701,0.408085,0.729203,-0.0147302,-0.448328,0.00406028,0.697063,-0.256223,0.174444,-0.342982,0.445474,0.132916,0.188339,-0.171077,-0.197268,0.11811,0.073537,0.915644,0.455327,0.0484988,0.301654,0.576119,0.923776,1
-0.584269,0.866297,0.371132,0.81038,-0.997739,-0.61695,0.458656,0.346505,0.508742,-0.0471089,-0.163362,-0.805062,-0.25084,0.287678,-0.343409,-0.00551964,0.147074,0.655172,0.0307517,-0.371863,-0.334387,0.395478,-0.0840202,0.118339,-0.00569818,0.598327,0.943079,-0.0611908,-0.247308,0.582554,-0.402711,-0.127339,0.491975,0.872508,1
-0.190135,0.255449,-0.238559,-0.206967,-0.410462,-0.667198,-0.259398,-0.413771,0.298779,0.704487,0.327766,0.294204,-0.201019,0.309568,-0.101008,-0.501773,-0.613961,-0.108057,0.250041,-0.0451699,-0.144427,0.935481,-0.407221,0.162093,0.769937,0.260792,0.607494,0.571568,0.486191,0.263115,0.31828,-0.866855,0.533622,0.809936,1
0.20397,0.293776,0.311658,0.404731,-0.276605,-0.203438,-0.178391,0.140588,0.191758,-0.133923,0.326129,0.249421,0.552237,-1.20405,-0.552525,0.340049,-0.213383,-0.373853,-0.956119,-0.00762212,0.647998,0.602982,-0.442054,-0.643509,-1.033,0.180273,-0.0349075,-0.154931,0.410511,-0.38208,-0.0574103,0.892427,0.506579,0.803355,1
0.204495,0.2466,0.234452,0.297122,0.288076,7.95,0.298142,0.369147,0.206185,0.183134,0.162627,0.127865,0.23197,0.165935,0.263256,0.38133,0.263329,0.250502,0.179813,0.198858,0.363537,0.206956,0.311587,0.192971,0.211401,0.15215,0.104196,0.355223,0.152943,0.299385,0.285908,0.398035,0.52,0.82,1
-0.0952379,0.636243,0.28636,-0.755204,-0.273233,0.535192,0.318579,-0.300155,-0.228871,-0.155809,-0.138214,0.199122,-0.273187,-0.0822466,-0.370868,-0.899248,0.0223736,-0.0297083,0.299409,0.0125842,0.0181922,-0.0409767,0.588429,0.89861,-0.390821,0.415603,-0.220903,-0.124998,0.417667,-0.390376,-0.387833,-0.334556,0.434997,0.826496,1
-0.244301,-0.776223,0.883419,0.294223,0.168473,0.586094,-0.338247,0.647548,-0.345014,-0.761593,-0.257819,-0.14707,0.306821,-0.168721,0.415061,-0.147708,-0.273547,-0.00378649,0.122273,0.0124169,0.121093,0.594421,0.523504,0.454285,0.139759,-0.346313,-0.239837,0.794053,0.486061,0.881695,0.0136696,0.416911,0.498618,0.872827,1
0.311114,-0.633321,-0.206053,-0.825101,0.107747,0.20785,-0.820716,0.606548,-0.347631,0.375306,0.388085,0.848954,-0.66972,0.179771,0.300808,-0.637771,-0.301861,-0.0612638,0.307341,0.269046,-0.41543,-0.707413,0.550743,0.488119,0.175293,-0.316952,-1.03552,0.80148,0.712965,-0.830393,-0.357894,0.10228,0.440219,0.78728,1
-0.00414352,0.197114,0.381813,-0.675007,0.202178,-1.09914,-0.240785,0.684882,-0.389102,-0.462829,0.00517392,0.126841,0.0261356,0.675136,0.580167,-0.584655,-0.117535,0.356974,0.144119,0.108395,-0.846085,-0.332509,-0.244811,-0.682415,0.0542851,-0.216278,0.310198,-0.575426,0.303661,0.104819,-0.152756,-0.169678,0.486213,0.835982,1
0.95,0.88,-0.257166,0.0639797,0.29637,0.444485,-0.067262,-0.448431,-0.124908,0.144315,0.315981,0.235862,0.0631294,-0.400374,0.276598,0.0773399,-0.153373,-0.0316548,0.464867,-0.351748,-0.44452,-0.338471,-0.266886,0.466845,0.0293759,0.281352,0.298262,-0.380599,-0.28022,0.370676,-0.183212,-0.235713,0.48,0.2,0
0.339294,0.173051,-0.217988,-0.277793,-0.259066,-0.157834,0.498423,0.167557,-0.429651,-0.519031,0.793966,0.52237,0.369405,0.0458134,0.857037,-0.944512,0.0292757,-0.707488,-0.986033,-0.454053,0.0961133,0.202924,0.571664,-0.17373,-0.565015,0.0876757,0.0182681,-0.096582,-0.157938,-0.585611,-0.030776,-0.854145,0.458285,0.814176,1
-0.600904,-0.534569,0.667488,-1.26917,0.396557,0.119338,-0.0141894,0.347513,-0.314113,-0.223209,-0.675702,0.589301,0.124232,1.04727,-0.17268,-0.21925,0.289645,0.166838,0.147658,0.22234,-0.0615872,-0.136088,-0.260115,-0.529791,-0.0321157,-0.214134,-0.192457,-0.898062,0.419253,0.420237,0.204411,0.944637,0.509629,0.836761,1
-0.0314759,0.317957,0.186099,0.432591,1.36607,-0.337025,-0.0586703,-0.326095,0.250753,0.0241451,-0.395434,-0.78278,0.248557,0.535527,0.465025,0.295111,-0.329268,0.578129,0.417695,-0.165978,-0.407738,0.975083,-0.646023,0.446599,0.652774,-0.538099,-1.0245,-0.680772,0.379999,0.311949,0.612833,-0.297154,0.424459,0.902659,1
0.126059,-0.0168446,0.0224877,0.328367,0.126349,0.695408,-0.179275,-0.454538,-0.413216,-0.0614967,-0.19973,0.215936,-0.539148,-0.36507,0.25307,-0.0843922,1.2354,-0.231996,-0.292549,0.476458,-0.0137244,-0.165036,-0.497609,0.477289,-0.0274193,0.505441,-0.546511,0.463458,0.238295,-0.320321,-0.00848508,0.25174,0.576527,0.918343,1
0.192546,-0.152807,0.281629,-0.454327,-0.397762,0.198086,0.0512377,0.334223,0.575286,0.557847,-0.590954,0.780756,0.602773,0.417984,-0.276506,-0.762193,0.12599,0.0377862,1.19357,-0.451963,-0.654405,-0.562499,-0.490558,1.31537,0.126503,-0.714412,0.121979,-0.439282,-0.156735,0.52834,-0.657305,0.531869,0.445002,0.804558,1
-1.07451,0.617329,-0.51779,0.3871,0.0101568,-0.24296,-0.393889,-0.392525,-0.107673,-0.133603,-0.135752,0.490126,-0.180788,-0.190179,-0.78165,-0.104269,-0.151308,-0.102818,-0.285541,0.0385462,-0.651161,-0.35418,0.626926,-0.519941,0.320765,-0.178883,0.282714,0.706693,0.390217,0.661876,-0.807707,-0.197426,0.548728,0.870065,1
0.364348,-0.132527,-0.843943,-1.09339,0.489125,-0.0432998,-0.792033,0.377839,-0.0304396,-0.795743,0.42084,0.960875,-0.737909,-0.0470822,0.0162571,-1.00825,0.539363,0.546075,-0.410216,0.741996,0.149522,-0.0824406,-0.849778,-0.15792,0.349659,0.295676,0.425795,0.515388,-0.23705,-0.27244,0.466343,-0.156133,0.498692,0.928932,1
-0.186412,-0.0474307,0.264402,-0.966406,-0.107568,-0.204927,0.675855,-0.786233,-0.176862,-1.15243,-0.0699956,0.0440289,0.602704,-0.480324,-0.566425,0.11538,-0.383193,0.148847,0.470236,0.000674778,-0.0743735,-0.311517,0.650015,0.578989,-0.33514,0.565835,-0.244109,-0.354444,-0.223774,-0.100797,0.150661,-0.0767853,0.550956,0.891632,1
0.165581,0.327397,-0.129324,-0.705024,0.980748,-0.0152328,0.232024,0.729457,-0.709718,0.426852,-0.00863367,-1.00383,0.242384,0.443706,-0.0922884,0.737795,0.309502,0.315982,-0.408917,-0.694861,0.182848,0.0442082,0.143639,0.102072,0.262684,0.361845,-0.6905,0.846934,-0.414813,0.763697,0.353104,0.339337,0.53139,0.851292,1
0.342515,0.595949,0.0676909,0.133467,0.453711,0.520696,0.166578,-0.852387,-0.279164,-0.20821,-0.197294,-0.0296197,-0.0722055,0.366188,0.579766,0.698189,0.101244,0.466457,-0.961952,0.303487,-0.502414,0.0399052,0.280908,-0.487573,-0.0870693,-0.291423,0.802116,-1.02836,0.224148,-0.0977948,-0.78194,1.23118,0.495315,0.94372,1
-0.229202,0.30759,0.0830643,-0.0451821,0.000169066,-0.135651,-1.12836,0.625125,-0.284164,0.301119,-0.208525,-0.299978,0.706467,0.445023,0.854597,0.0438788,-0.653223,0.10514,-1.04584,0.321928,0.567674,-0.566947,-0.200803,-0.282513,0.205897,-0.620614,0.253802,0.356033,0.827946,-0.611221,1.14448,-0.95264,0.517188,0.907003,1
-0.0156541,0.187131,0.0594128,-0.228715,0.0893145,0.038453,0.399615,0.439474,0.554658,-1.46455,0.367272,-0.23293,-0.911443,-0.175328,0.450515,-0.845556,0.414149,0.0113124,0.4443,-0.153635,0.604514,0.204624,-0.127421,-0.320254,-0.718725,-0.728407,0.881991,-0.0108705,-0.752625,0.395595,0.900277,0.119466,0.544216,0.773652,1
-0.996592,-0.264435,1.73826,0.0631915,0.66441,0.299614,-0.00324989,-0.27191,0.0352642,-0.57458,0.269384,0.0778137,0.409628,0.716521,0.290036,0.453288,0.91073,-0.484888,-0.337452,0.344752,-0.0677698,-0.800891,-0.216958,0.227652,0.50791,0.150423,0.518853,0.361635,0.279675,-0.222665,-0.437107,-1.07299,0.422973,0.918951,1
-0.562059,0.398521,-0.0697664,-0.221367,0.587521,1.10305,0.775531,-0.0272299,0.38392,-0.661671,-0.211793,-0.425129,-0.758101,0.226911,-0.246794,1.17081,-0.63518,-0.350768,-0.0464595,0.121174,-0.116891,-1.10104,0.195704,-0.280775,0.163492,0.0811781,0.161125,0.524088,0.541203,-0.0877441,-0.723882,0.319612,0.514174,0.909901,1
0.230195,0.42192,0.367416,-0.355071,-0.667797,0.087288,0.874675,-0.383955,0.312644,0.434228,-0.766441,-0.0938299,0.286239,-0.110827,0.538195,0.529044,0.0216832,-0.689184,0.662528,-0.277853,0.649398,-0.00767034,0.903194,0.312009,0.0330399,-0.0789597,0.114162,-0.265946,0.704098,-0.411337,0.525206,0.0460776,0.46642,0.917242,1
0.238747,-0.750962,-0.805971,-0.212375,0.164859,1.17918,-0.0968972,-0.252792,0.395347,0.152664,-0.736372,0.0769573,-0.27547,0.200527,0.0571095,-0.143177,-0.424461,-0.248531,0.128099,-0.970823,-0.657357,-0.191998,-0.350365,-0.54509,0.0567108,0.62433,-0.733248,0.532087,0.749887,-0.180271,0.52867,1.27466,0.563426,0.886616,1
-0.00524405,-0.708246,-1.11159,-0.00744683,0.152889,-1.20622,-0.448189,0.351521,0.840876,-0.489653,0.39371,1.00048,-0.563918,0.178449,0.345497,0.493029,-0.31805,0.733966,0.195819,-0.93549,-0.449953,0.379145,-0.737698,0.281238,0.430709,-0.414503,-0.837756,0.439152,-0.613669,-0.0907429,-0.205799,0.525187,0.541601,0.916575,1
0.19225,0.15596,0.347494,0.18175,0.36356,7.95,0.229866,0.115682,0.272247,0.23291,0.275679,0.160305,0.396827,0.237533,0.382741,0.11079,0.154288,0.301602,0.255152,0.363412,0.179598,0.156989,0.331226,0.117817,0.175449,0.302186,0.258098,0.207471,0.397091,0.352206,0.156036,0.127334,0.52,0.82,1
0.367979,-0.552021,-0.753073,0.378498,-0.699042,0.225332,0.926548,0.184033,-0.225786,0.113617,0.323701,-0.270339,0.261489,0.109611,-0.384177,0.467243,-0.911196,0.495272,0.333803,0.554814,1.15708,-0.977495,1.19249,-1.17122,-0.385119,-0.405251,-0.292556,-0.840599,1.1894,0.458221,0.535435,0.285893,0.550399,0.915087,1
0.504507,0.0448752,-0.253421,0.333883,-0.200021,0.227563,-0.386312,-0.372331,0.0683445,-0.0750787,0.44755,-0.545958,-0.429014,0.0615434,-0.564909,0.554765,-0.036091,-0.522096,0.0831235,0.101223,-0.605402,0.205355,-0.0612353,0.178555,-0.0228231,0.413805,0.457264,0.887419,-1.44014,-0.195406,0.727453,-0.113276,0.424588,0.902569,1
0.783084,-0.0287394,0.482261,-0.525775,0.792521,0.171659,0.217197,-0.449026,0.8806,0.604161,-1.13306,-0.812052,0.372735,0.622831,-0.0490749,-0.842246,0.172811,0.392018,0.679457,-0.479501,-0.383745,0.291954,-0.955684,1.04423,0.577203,0.155953,-0.258392,0.408266,0.831201,-0.635621,0.278347,0.764707,0.529597,0.819652,1
0.26562,0.0452843,0.263523,-0.0890216,-0.387995,0.240434,0.110761,0.535541,-0.0218497,-0.0725965,0.151069,-0.0263004,-0.850472,-0.0342328,0.676371,-0.890726,0.491533,0.309224,0.0745323,0.283541,0.384008,-0.370004,1.16426,0.0566857,0.285623,-1.11131,-0.75282,-0.374231,-0.234323,0.671601,-0.296861,0.0631429,0.55179,0.933839,1
-0.0195575,-0.584557,0.54826,0.134378,0.615714,-0.0287923,-0.39943,-0.0836804,0.154638,0.381124,-0.0223279,0.0284612,-0.284434,-0.213091,0.0429003,0.376936,-0.0177897,-0.26003,0.311904,0.0897955,0.704138,-0.366386,0.787814,0.68329,-0.150115,0.23566,0.0519915,0.782765,0.75371,-1.37629,0.151305,-0.237485,0.530909,0.904193,1
0.54477,0.194344,0.734058,0.0106477,0.317357,0.250607,0.152626,0.449683,0.805928,-0.388067,0.0835337,-0.00681049,-0.840597,-0.149918,0.586229,-0.0302075,-0.804995,0.129987,-0.339359,-0.126452,-0.0140361,0.0143416,-0.226201,0.0292867,-0.0623843,-0.157881,-0.237108,0.0201942,-0.127043,-0.116668,-1.71413,0.322121,0.478377,0.820556,1
0.00293726,1.36181,0.891339,0.0953644,0.314524,0.921998,-0.512275,-0.227736,-0.729269,0.597417,0.293435,0.897761,-0.0561995,-0.54112,-0.0977458,-0.445494,-0.264479,0.0503415,-0.693914,0.14065,-0.218769,-0.069062,-1.02721,-0.184556,-0.222442,-0.761315,-0.29504,0.586765,0.242817,0.601177,0.555305,-0.302196,0.49158,0.789394,1
-0.14455,-0.0837032,-0.569653,-0.139688,-0.186299,-0.0705983,0.64717,-0.367037,0.222177,-0.349145,0.151118,0.599415,-0.698545,-0.0298501,-0.255597,-0.00876215,1.01699,0.0445839,0.352352,-0.10063,-0.0371933,0.428565,0.480992,0.255148,-0.340395,-0.745741,0.13612,0.512257,-0.717897,-0.122395,0.113655,0.64481,0.42607,0.849863,1
-0.286729,-0.151433,0.363078,-0.106912,0.093645,-0.220814,-0.315627,0.0509102,0.143616,0.293987,0.300273,-0.198565,-0.23135,-0.250524,0.631044,0.602737,0.70032,0.0063858,0.103276,0.565919,0.437438,0.244746,0.578376,0.442324,-0.215418,-1.22596,0.486511,-0.235728,0.0720441,-0.261033,-0.335122,0.647954,0.47603,0.812282,1
0.109508,0.102432,0.0279336,-0.580736,1.2061,-0.505112,-0.094151,1.01299,-0.22891,-0.421154,0.258636,-0.144781,-0.24402,-0.183417,0.39441,0.137584,-0.380836,0.405258,-0.845069,-0.00741641,-0.83343,-0.505195,-0.116638,0.0916337,1.00667,-0.663222,-0.152937,-0.47547,-0.271859,-0.319129,0.339249,0.162432,0.500562,0.905197,1
1.08241,-0.762153,-0.568436,0.41308,0.293605,-0.548168,-0.0326853,-0.356451,0.259127,-0.0523937,-0.0194254,0.0572805,0.60691,-0.195003,-0.606347,0.39376,0.610352,0.0941739,0.211475,0.182028,-0.280365,0.0453588,-0.0608614,-0.198901,-0.540931,0.138816,0.390755,0.390891,0.811347,-0.82515,-0.412561,-0.0162156,0.477745,0.760871,1
0.245515,-0.552078,1.05079,0.0899709,0.678016,-0.26144,0.747386,-0.464765,0.206863,-0.197253,0.00997221,0.229431,-0.240723,0.381605,-0.0156347,-0.0664018,0.313858,-0.0143644,-0.0755274,-0.194245,0.360093,0.580467,0.299024,-0.387631,0.0537336,1.15184,-0.432656,-0.0863527,-0.841723,0.716679,-0.107432,-0.620675,0.424159,0.811156,1
0.0366502,-0.212756,-0.449083,-0.0415051,-0.838841,0.0591111,-0.768312,-0.560463,0.0933511,-0.162626,0.463375,-0.612973,0.999175,-0.418522,0.663974,0.57389,0.191347,0.297809,-0.626375,0.050434,-0.032936,-0.762766,-0.241491,0.313554,0.104806,0.506589,0.516597,0.0598658,0.727385,-0.639222,-0.487169,-0.780433,0.453858,0.810633,1
0.878292,-0.434726,-0.14393,0.23983,1.07663,-1.08807,0.223739,0.182279,0.983145,-0.503853,-0.512942,0.251958,-0.557842,-0.113871,-0.144448,-0.134123,-0.249247,0.125996,0.0978261,-0.239891,-0.595256,-0.352528,-1.02533,-0.244271,-0.0109275,-0.292817,-0.206962,0.340378,-0.158174,-0.126075,-0.149196,-0.73112,0.466017,0.81757,1
0.49027,-0.188675,-0.121004,0.805972,-0.206352,0.667967,0.584654,-0.0601135,-0.467693,-0.68141,0.21035,-0.284773,0.353203,0.0971634,-0.0014338,-0.0770916,-1.035,0.471868,0.302544,1.06495,-0.026388,0.174917,0.338373,0.300926,-0.411426,0.70577,0.326078,-0.516321,-0.542348,0.362441,-0.160407,0.52488,0.476364,0.785479,1
-0.414941,-0.507271,0.0588649,-0.412958,0.871166,0.396464,0.587985,-0.33271,0.00534893,0.313245,-0.642838,-0.757494,0.779794,0.32771,-0.695834,0.746549,-0.01451,0.26695,0.858717,0.0205528,0.387575,-0.368142,-0.561634,0.361691,0.483554,1.31616,-0.247059,0.416573,-1.02288,0.748442,0.520675,-0.540061,0.498246,0.794965,1
-0.800529,-0.0756015,0.261466,-0.766067,-0.432148,-0.411729,-0.271524,-0.134153,-0.746608,-0.00321914,0.176747,-0.159947,-0.847063,-0.575155,-0.109795,-0.267468,-0.197222,-0.0262867,-0.653854,0.341425,-0.390445,0.27399,-0.757307,0.0911243,0.384888,-0.757732,-0.108488,-0.0559696,0.323462,-0.254294,0.136458,0.162829,0.562865,0.807036,1
0.245712,0.755197,-0.257982,-0.105213,-0.0498701,0.565221,-0.211764,0.767179,0.352026,0.0320549,0.103704,-0.300888,-1.5029,-0.59701,0.652999,0.856098,-0.192418,0.198201,0.270565,0.526645,-0.35773,1.02654,0.230993,-0.439544,0.973315,-0.054078,0.341143,0.0615075,-0.612302,-0.522063,0.369913,0.870907,0.440667,0.776347,1
0.157202,-0.893021,0.16859,0.475655,0.539994,0.163789,-0.102825,0.175044,-0.155379,0.241891,-0.207756,0.218894,-0.245517,-0.0350536,0.508707,1.09222,-0.246123,-0.264305,0.294477,0.782888,-0.182672,-0.443609,0.188843,-0.749611,-0.507515,-0.0725875,1.28562,-0.781419,-0.181024,0.0433214,-0.907988,0.370365,0.431809,0.827797,1
0.465347,0.248556,0.0157733,-0.592921,-0.558864,0.328233,-0.0176965,0.688809,-0.1792,0.923066,-0.096508,0.435266,0.533729,-0.0646034,1.58698,-0.513483,-0.118758,0.241122,0.137544,-0.0153065,-0.080862,0.111999,-0.707626,-0.0447106,-0.0199523,0.669039,-0.492046,-0.109,1.44293,0.225497,-0.821225,1.08906,0.457315,0.805383,1
-0.529928,0.374952,-0.564351,-0.602857,-0.713037,-0.822735,0.930212,0.636908,-0.0182157,0.263559,0.00185776,0.618964,-0.058286,0.852805,-0.589462,-0.442799,-0.356957,0.736143,-0.0809849,-0.120272,0.12073,0.700069,0.0882901,0.373958,0.0682104,0.0832039,-0.093581,0.013126,0.133512,-0.139424,-0.457927,-0.00617469,0.566522,0.838488,1
-0.87919,-0.0435463,-0.233851,-0.705546,0.153983,-0.799272,-0.16304,-0.00684433,-0.506456,0.436216,-1.12315,0.242526,-0.657215,0.21327,0.604235,0.121686,-1.08551,-0.466511,-0.372254,-0.262306,-0.269636,-0.0472609,-0.630602,0.135331,-0.271961,0.145453,0.531837,-0.417117,-0.140389,0.643062,0.536359,-0.0968957,0.556317,0.940504,1
-0.118186,-0.539695,-0.18839,-0.798066,0.575742,-0.480451,0.0553909,0.159171,-0.24129,-0.741856,0.496737,0.959152,0.3819,0.499797,0.111829,0.684198,0.322944,0.350522,0.0153502,-0.402779,0.530389,0.550255,-0.454307,-0.117436,0.116893,-0.148746,-1.04164,1.10547,-0.0217096,-0.466241,0.328935,0.82951,0.505909,0.87514,1
-0.142548,0.284193,-0.214141,0.365028,-0.231453,0.63254,-0.136045,-0.526945,-0.0196845,0.222451,0.776978,-0.704091,0.344005,-0.904568,-0.694118,-0.127826,0.151077,-0.258338,-0.994564,-0.014651,0.115355,-0.126477,-0.0855402,-0.107548,0.516182,0.759871,0.330691,-0.748254,-0.432575,0.0119399,-0.00637633,0.0425947,0.447096,0.791737,1
0.54132,-0.316188,0.461638,-0.869883,-0.795616,0.280858,0.379515,-0.391959,-0.90827,0.138551,-0.0246289,-0.142635,-0.781635,0.464892,-0.528254,0.11278,-0.273241,0.669018,-0.311055,0.0109178,0.131915,0.175897,-0.00348866,-0.224693,-0.3417,0.117013,0.766317,-0.264649,0.0270258,-0.0677222,-0.956035,-0.155771,0.57262,0.908179,1
-0.334455,0.842544,0.38738,-0.40146,0.84388,-0.417395,0.230037,0.704186,-0.824567,-0.724009,-0.423894,0.766633,0.456996,-0.131805,0.00362386,-0.822468,0.395408,0.329724,0.499241,0.546957,0.0191136,-0.0466398,0.463774,0.388171,-0.307459,-0.0294338,-0.142473,-0.281504,-0.167959,-0.0647355,0.280393,0.689984,0.452491,0.848566,1
0.209618,-0.194436,0.143133,-0.240782,0.863354,0.230662,-0.591037,-0.637597,0.32985,0.0158668,0.729573,-0.299309,-0.52434,-0.17016,-0.229609,1.0293,-0.608312,0.827542,-0.68545,-0.225642,0.0402567,-0.51713,0.11483,-0.236857,-0.667494,-0.604315,-0.174515,0.904188,-0.557231,0.565907,-0.250015,-0.394028,0.529372,0.783927,1
0.135129,-0.45772,-0.539675,0.0998889,0.852285,0.528355,0.0266491,0.563395,0.368194,-0.11535,-0.241886,-0.120643,-0.533295,-0.602185,0.221311,-1.23567,-0.0319816,0.0804524,0.297808,0.171318,0.807097,0.280136,-0.408318,-0.259036,0.812525,-0.642684,0.343235,0.310241,0.0165616,-0.726499,0.0845908,-0.894854,0.55496,0.891672,1
-0.136492,-0.0863471,0.0403501,-0.393496,-0.452331,0.804969,-0.559026,0.164929,0.30949,0.137969,0.375184,0.0578238,-0.226383,0.67079,0.391286,0.973212,-0.366811,0.195415,0.862544,-0.624051,-0.100195,-0.0227032,0.35371,-1.03961,-0.408203,-0.388144,-0.518344,-0.735864,-0.54793,-0.863264,-0.00299262,-0.0915068,0.457099,0.940958,1
-0.460044,-0.13033,0.664581,0.25936,-0.126363,0.341414,0.0766812,-0.116324,-0.199763,0.0750427,-0.406711,-0.342076,-0.886921,-0.123381,0.669592,-0.0989845,-0.588038,-0.212466,0.0742624,-0.500571,-0.370775,-0.0807998,0.442442,-0.450409,-0.666633,0.517091,0.708776,-0.177059,0.0452447,-0.166261,-0.675715,0.196509,0.528174,0.783816,1
0.28953,-0.83709,-0.5172,0.742108,-0.25752,-0.277163,0.641826,0.191423,-0.290155,-0.0219112,1.01623,1.06011,0.0464241,-0.474674,0.58908,0.171494,-0.304145,-0.159055,1.19936,0.0255382,-0.0488471,0.13721,-0.105632,0.750739,-0.596178,0.426742,-0.00615268,0.443587,0.512546,0.475784,-0.487295,-0.261918,0.571187,0.762789,1
0.0425813,-0.309764,-0.846873,0.366201,-0.311742,-0.429504,0.113599,0.520459,-0.14645,-0.206445,-0.437218,-0.871043,0.0577515,0.0861054,-0.63865,0.209867,-0.0161074,-0.277678,0.22689,-0.646945,-0.149878,-0.161661,0.209943,1.10375,-0.196691,-0.0362641,0.52432,0.376587,0.168082,0.195925,0.203097,-0.734566,0.495779,0.821791,1
1.00464,-0.308217,0.0279571,0.317061,0.193901,-0.678499,0.28386,-0.6047,-0.920208,0.323438,-0.178319,0.132595,0.331643,-1.10968,0.049988,-0.467386,0.884214,0.41646,0.474532,-0.402597,0.0415137,0.305108,-0.627855,-0.491026,0.344033,-0.190602,0.603595,0.844605,0.450238,-1.20589,0.0102767,0.108887,0.519867,0.885293,1
0.350331,-0.736192,0.529344,-0.0360924,-1.50488,-0.18235,-0.14972,-0.770725,0.383007,0.0367748,-0.573963,-0.359914,0.868281,0.513998,0.10301,0.589168,0.0649123,0.100863,0.467331,1.03058,0.12497,0.832156,0.425839,0.210909,0.558729,-0.0715238,-0.400628,0.260529,-0.444215,0.36786,-0.28177,-0.1107,0.553146,0.895594,1
-0.0377749,-0.172571,-0.555389,0.296856,0.443947,0.329349,-0.702763,0.465651,0.164022,-0.156593,-0.369027,-0.771155,-0.125555,-0.0188352,-0.00655665,0.247028,-0.385598,0.019665,0.0168044,-0.0420027,0.648911,-0.359461,-0.249633,0.603877,0.0256159,0.167654,0.267656,0.270711,0.540754,0.350693,-1.57381,-1.12003,0.429578,0.844415,1
0.95,0.88,-0.0921905,-0.261902,0.155486,-0.402714,0.280179,-0.251882,0.0814424,0.103092,0.145561,-0.107105,0.378981,0.262763,-0.480282,0.154073,0.0474664,-0.273557,0.140624,-0.436205,-0.0317668,-0.23918,0.324055,0.0319237,-0.458366,0.131478,0.407016,0.395853,-0.214239,0.478295,0.108405,-0.275783,0.48,0.2,0
0.053494,1.08062,-0.0279217,0.643953,0.304469,0.597208,-0.244501,0.264881,-0.296982,0.618771,-0.320125,-0.0923614,0.237071,-0.0543634,0.831933,-0.122713,-0.214561,-0.418593,-0.940636,0.364363,-0.0372686,0.207095,-0.803247,-0.593088,-0.24284,0.114361,-0.467601,-0.843335,-0.605237,0.423095,-0.35031,-0.668793,0.48,0.912071,1
0.346503,-0.0306322,0.0521297,0.247558,0.441808,-1.06535,-0.163872,-0.261238,-0.0378871,-0.238915,0.438247,0.613917,-0.587997,-0.612843,0.552487,0.189275,0.335034,0.708203,0.230914,0.878379,-0.147736,-0.379301,-0.06162,1.10033,0.199308,0.248165,-0.0301852,0.646209,-0.193399,0.417727,0.0981855,0.277458,0.494132,0.915147,1
0.174471,-0.00169283,-0.737467,0.0755909,0.0863595,-0.193898,-0.99607,-0.17094,-0.192643,0.601064,0.144608,-0.401567,-0.806641,-0.139921,0.206898,-0.0259921,0.303615,0.0792628,1.10572,-0.0385373,-0.00736496,-0.0592865,0.290636,-0.278046,-0.313446,-0.706375,-0.382288,0.0112325,-0.492012,0.0661479,0.140597,0.296534,0.487395,0.849051,1
0.283303,-0.0803853,0.403573,-0.236957,0.0524921,0.101188,-0.342422,0.491971,-0.125535,0.820739,0.0556442,-1.03731,0.467722,0.471833,0.133103,-0.0778828,-0.145636,1.14186,-0.210639,0.280691,0.733784,-0.154706,-0.593358,-0.77071,-0.838984,-1.07818,1.80726,0.149163,-0.126708,0.175171,-0.533903,0.554764,0.466865,0.823228,1
0.605487,-0.614429,-0.500253,0.456656,-0.399792,0.395663,-0.753063,1.34737,-0.143142,-0.68708,-0.393387,0.266996,-0.515376,-0.854027,-0.318309,0.463143,-0.670193,-0.474576,-0.445206,0.0147192,-0.0171989,-0.517904,-0.733741,0.510818,0.143622,-0.513193,-0.132736,1.12023,-0.532572,0.232593,-1.06103,0.178398,0.540292,0.77877,1
0.0275826,0.748945,0.527652,-0.499267,0.349241,-0.623363,0.0387936,-0.301477,-0.286381,0.502474,0.494165,-0.789154,-0.187876,0.159971,-0.224199,-0.281454,0.269046,0.494484,0.150699,-0.257132,-0.521755,-0.117637,0.347032,-0.319599,-0.55737,0.889676,-0.130315,0.762827,0.591951,1.19647,-0.853608,-0.244102,0.568505,0.778528,1
0.0208841,-0.432497,1.2391,-0.00347531,-0.400824,0.297184,0.817787,0.374698,-0.309263,0.499895,0.236528,-0.467573,-0.247899,0.530565,-0.498841,0.439671,-0.553866,0.769188,0.666826,0.671797,0.996098,0.301065,0.840773,-0.726478,0.254748,1.02314,0.480573,-0.0779544,-0.230505,-0.425077,-0.00744112,0.655166,0.477919,0.812626,1
0.10918,0.187892,-0.20641,-0.159987,0.40167,-0.133752,0.0146783,-0.196295,0.27348,-0.176054,-0.16743,-0.222736,0.73209,-0.228706,-0.397533,0.178846,0.157969,0.464833,-0.539168,0.0161394,0.441302,-0.545681,-1.51803,0.28418,-0.448682,0.230101,-0.379029,-0.158136,-0.054402,-0.268743,0.155511,-0.168056,0.489775,0.840673,1
-0.00756465,-0.768694,-0.422899,-0.290701,-0.0242465,-0.226168,-0.600451,0.0332715,0.371687,-0.0904586,0.324756,-0.186728,0.213877,0.0181998,0.898317,0.234505,-0.22808,0.341143,0.247595,-0.102061,0.602798,0.223283,-0.345664,-0.442019,-0.235039,-0.398213,0.0995462,-0.677287,0.212073,-0.763997,0.0302374,0.539212,0.565337,0.798472,1
0.152112,0.367985,0.195919,-0.331534,-0.159676,-0.326638,0.743243,-0.158413,-0.505123,0.129151,0.00183768,0.194659,0.204268,-0.849029,0.232698,-0.528119,0.16129,0.116982,-0.402341,0.67265,-0.587206,-0.662828,0.013762,-0.0650166,-0.35467,0.312165,-0.0197892,0.458116,0.61607,0.312168,0.74555,0.354595,0.462351,0.923012,1
0.95,0.88,0.255977,0.114728,0.19794,0.433339,0.191328,-0.364371,-0.242315,0.281006,-0.0274091,-0.277642,-0.0764448,0.442176,-0.381301,-0.248264,-0.152085,0.347842,-0.0301261,-0.302756,-0.0710965,0.323232,-0.177258,-0.19121,0.358747,0.14793,-0.484839,0.156835,-0.319184,-0.458152,-0.0503212,-0.257574,0.48,0.2,0
-0.427314,-0.201654,-0.649107,0.0790506,0.125488,0.422052,0.56075,-0.402757,-0.26087,-0.417715,0.492741,0.270085,-0.143338,-0.06039,0.192185,-0.352106,-0.605762,-0.0946641,0.469815,0.391933,0.726005,0.639791,0.949533,-0.365664,1.89569,0.0197596,0.551497,0.132002,-0.119315,-0.413433,-0.0406643,0.123459,0.483795,0.867643,1
0.0162647,0.46413,0.411641,-0.0809921,0.709119,-0.551467,-0.468317,0.873432,0.243189,-0.320122,-0.83626,0.33351,-0.711304,-0.447819,0.1245,0.401336,0.843917,0.669407,0.460809,-0.186265,-0.225396,-0.172882,-0.234279,-0.119969,0.539146,0.238861,-0.054767,0.0139128,-0.354384,0.184338,0.0679026,-0.0389945,0.47597,0.80375,1
-0.349695,-0.618843,0.768664,0.376158,1.40627,-0.495766,-0.57792,0.111422,0.360981,0.459739,-0.420976,0.823202,-0.433394,-0.289323,-0.330241,0.0859895,-0.868704,-0.172693,0.293504,-0.200166,-0.158986,-0.200002,0.536319,-0.141723,0.746303,0.117358,1.03801,-0.190813,0.000405798,-0.530182,0.734273,0.157473,0.455302,0.904883,1
-0.0390911,-0.621483,0.143575,0.87893,0.45768,-0.457667,-0.453975,0.691208,-0.298612,0.440046,-0.609033,-0.229285,0.851751,-0.022895,-0.631159,0.891447,-0.55254,-0.759665,0.839523,-0.700286,0.0212919,-0.187457,-0.987001,0.0157099,-0.101521,0.20523,-0.0905006,-1.02452,0.196809,-0.382379,-0.999688,-0.307835,0.48284,0.857744,1
-0.965766,0.325556,-0.176417,1.00969,-0.75484,0.0169217,-0.32534,0.0529244,0.382036,0.128314,-0.308583,0.178003,0.122127,-0.156501,-0.194337,0.161192,0.02879,0.708646,-0.0904917,-0.705896,-0.41464,-0.568591,0.932981,0.2489,-0.134545,0.413411,-0.232351,-0.768994,0.366149,0.43237,0.386498,-0.608251,0.445218,0.845039,1
0.650971,0.545556,0.404093,0.315483,0.498373,-0.75555,-0.825448,-1.0678,-0.544546,0.573884,-0.614819,0.986287,-0.228391,-0.736798,-0.303907,0.539491,0.276155,0.933425,-0.150499,-0.370629,0.328013,1.13135,0.49864,-0.368084,0.466453,-0.51595,-0.16615,0.0727135,-0.353396,0.44567,-0.357156,0.26942,0.423726,0.860711,1
-0.136832,-0.955822,-0.99719,-0.296672,0.220771,0.0400317,-0.640043,0.96079,-0.14629,-0.433018,0.379399,0.673568,-0.112556,-0.00691702,0.155894,-0.248518,0.873299,0.259612,-0.0483794,-0.230513,-0.284197,0.368765,-0.315837,0.789715,0.0370953,-0.304728,-0.37386,0.0122972,0.451745,0.087381,-0.411045,0.533278,0.429023,0.797775,1
0.0131905,-0.221483,0.09224,0.045415,-0.190211,0.651926,0.0484867,-0.015446,0.642608,-0.0590288,-0.602597,0.35966,0.00886617,-0.7518,-0.577535,-0.78294,0.818774,0.285471,0.970242,-0.837623,1.29569,-0.276827,-0.935063,0.0590363,0.34229,-0.695244,0.60206,0.0987809,-1.71006,0.27286,-0.382553,0.350404,0.47869,0.836388,1
-0.0609046,0.261829,-0.0316013,0.233592,0.0881267,0.571903,0.503218,-0.385286,0.600556,0.287541,0.432019,0.836833,-0.429088,-1.11729,0.0721296,-0.254251,-0.602071,-0.199945,-0.0115853,0.193017,-0.21145,0.671176,0.378882,0.167025,-0.509049,-0.0658855,-0.294388,0.101091,0.349279,0.748688,-0.00948614,0.418071,0.482636,0.936585,1
0.285998,-0.526949,0.430859,0.357601,0.321569,0.0964453,0.429501,0.341181,-0.411158,0.0877139,-0.0953514,0.890356,0.0998804,-1.00731,0.0812659,-0.404025,-0.438121,-0.708214,-0.634979,-0.103291,-0.515131,-0.0152981,0.67794,-0.883425,0.794348,0.270294,0.552996,-0.382366,-0.539719,-0.55452,-0.531925,0.550741,0.575336,0.911589,1
-0.0520961,0.647823,0.260193,-0.585934,0.657857,0.176946,-0.657631,-0.188614,-0.147497,-0.329279,0.187192,-0.197412,-0.757926,0.226789,-0.204549,-0.0103033,-0.267198,0.489189,-0.667493,-0.0183792,0.578148,-0.532135,-0.242195,-0.213717,-0.552463,-0.0485379,-0.456096,-0.754,0.640804,-0.177435,-0.158383,-0.317909,0.555528,0.779469,1
-0.566676,-0.959889,0.527178,0.26961,0.000470906,0.0476901,0.147109,0.802917,-0.340866,0.532486,0.666173,0.300953,0.806475,0.623451,-0.375714,-0.638414,0.0182104,1.50213,0.0907742,-0.297738,-0.307009,0.56455,0.0698847,1.81496,-0.190511,0.406236,0.281703,-0.600022,0.194177,0.527944,-0.404147,-0.391524,0.490825,0.835531,1
-0.693642,-0.681477,0.0662633,-0.165783,0.155004,-0.96611,0.822857,0.426278,0.256443,0.472597,-0.562195,0.671097,0.384805,0.548283,0.305894,-0.100151,-0.0904199,-0.176179,0.235828,0.100681,-0.142815,0.0557022,0.194721,0.418493,-0.996633,-0.710043,-0.320012,0.435356,-1.05175,0.0603223,0.515668,0.054213,0.553182,0.835388,1
1.02411,0.125819,-0.314456,-0.112285,0.206551,-0.304457,0.2592,0.148193,0.434766,-0.0790752,0.157422,0.819814,-0.264949,0.375327,-0.988735,0.140193,0.0502499,0.0536747,-0.802785,0.0394432,0.334176,0.0234003,0.108982,0.491565,0.559923,-0.53311,-0.0420738,-0.885382,-0.632819,-0.974349,-0.0622247,0.441388,0.510333,0.851449,1
0.364001,0.243971,0.23129,0.156883,0.226551,7.95,0.324172,0.399233,0.159613,0.228948,0.316727,0.37959,0.163245,0.339837,0.320967,0.395613,0.205546,0.205822,0.399136,0.343587,0.215558,0.196358,0.299989,0.214726,0.312484,0.108428,0.239666,0.195003,0.17264,0.15989,0.237979,0.159497,0.52,0.82,1
0.293795,0.345802,0.314407,0.36697,0.330226,7.95,0.133707,0.312417,0.295383,0.363108,0.20746,0.196412,0.130881,0.214673,0.324132,0.133307,0.368947,0.128064,0.143365,0.111899,0.131674,0.372116,0.389503,0.287512,0.398175,0.365476,0.282069,0.125803,0.196468,0.260864,0.325915,0.152527,0.52,0.82,1
-0.0506487,0.211998,0.0545794,0.540331,-0.188267,-0.680069,-0.821825,-0.530478,-0.812915,0.339075,-1.53637,0.0164985,0.228906,-0.551767,-0.363062,0.572688,0.0523835,-0.220777,1.08784,0.0494944,1.09118,-0.760434,0.592161,-0.215647,0.310465,0.496525,0.0358002,-0.180307,-0.123425,0.38865,-0.219166,-0.674321,0.472239,0.850486,1
0.245052,0.187736,0.0379105,-0.492927,-0.156704,0.126443,0.887715,0.544963,-0.246557,0.260762,-0.191799,-0.629588,-0.519613,-0.614424,0.0701095,0.491657,-0.47203,-0.0757487,0.273009,-0.30409,0.195132,0.278497,-0.434637,-0.805819,0.0715041,-0.921728,0.103329,0.548982,-0.501879,-0.0249382,0.626981,0.289002,0.463214,0.936729,1
-0.30835,0.612149,0.108779,0.405509,0.711491,-0.317756,-0.369517,0.451772,-0.119373,0.221334,0.154982,-0.0226887,-0.160031,-0.0213949,-0.417198,-0.0184726,0.625397,-0.327457,-0.139231,-0.467528,0.293174,0.255808,-0.343291,-0.256688,-0.363443,0.171273,-0.200021,0.306401,-0.191594,-0.660578,0.0558965,0.216772,0.441863,0.765532,1
-0.122115,0.137323,0.093961,-1.10417,1.03466,-0.248552,-0.541171,0.0268892,0.253618,0.260711,0.802578,-0.642921,-0.528506,0.147868,0.637779,-0.475533,1.02133,0.0635912,0.70277,0.20754,-0.392498,-0.708414,0.0157803,-0.531889,-0.669216,-0.568012,0.645918,-0.0238314,-0.351214,0.927247,-0.545499,-0.0144047,0.524109,0.866197,1
-0.547088,0.517495,-0.0414924,0.012384,0.990958,0.784307,-0.908846,-0.650725,-0.245089,0.432481,1.07961,0.575043,0.738004,0.407978,-0.628213,-0.347045,-0.256729,-0.261649,-0.62081,0.0593367,-0.0446937,-0.383855,0.0438767,0.34138,-0.27603,0.332019,-0.490897,-0.187947,-0.296939,0.268638,-0.134053,-0.118584,0.504787,0.925052,1
0.171455,0.269387,0.361418,0.245996,0.280767,7.95,0.354029,0.213046,0.127907,0.194381,0.190477,0.353809,0.361239,0.133933,0.127367,0.14265,0.308692,0.252643,0.306782,0.329004,0.328235,0.25012,0.138355,0.163978,0.261407,0.387175,0.224583,0.220459,0.209372,0.176845,0.349685,0.239192,0.52,0.82,1
-0.964094,1.02391,-0.173423,0.122716,-0.2624,0.350592,0.312569,0.169646,-0.742933,0.301427,0.714355,-0.0214973,0.150377,-0.336202,0.527897,-0.628055,-0.407852,0.165946,0.132384,-0.371733,0.069711,0.0638655,0.609427,-0.0855082,0.692603,-0.385321,0.0545411,0.241487,0.150951,-1.09651,-0.414757,0.188845,0.519677,0.890522,1
0.223338,-0.114581,0.461037,-0.0403578,-0.923957,0.762816,-0.450998,0.25651,0.541069,0.615151,0.487914,-0.0468506,0.553481,0.177279,-1.26501,0.0111081,0.128444,-0.338043,-0.383679,-0.0845399,0.511507,-0.92421,0.614914,-0.222749,-0.105484,0.39726,0.0399377,0.255711,0.111985,-0.67688,-0.207437,0.582285,0.43076,0.780254,1
-0.165408,-0.149718,-0.0961812,-0.39784,-0.544204,0.259632,0.344126,-0.577842,-0.110702,0.222219,-0.230914,0.0248851,-0.653138,-0.325414,-0.799617,-0.408908,-0.472048,-0.239296,-0.25063,-0.89631,-0.0230954,0.526294,-0.60761,0.145144,0.148639,-0.701244,-0.0902085,0.335881,1.00981,0.143058,0.424611,0.499606,0.479399,0.930444,1
0.0852849,0.190526,0.847969,0.801954,-0.491894,-0.287028,-0.114284,-0.386322,-0.483967,0.2433,-0.0146939,-0.183399,0.891776,0.909406,-0.0834621,-1.1132,0.296664,-0.646688,-0.845822,0.151885,0.0453187,-0.201168,-0.539978,0.199051,-0.659764,0.256992,0.700984,0.131344,-0.628601,0.642813,0.111907,-0.21819,0.469091,0.836314,1
0.492573,-0.735467,0.476132,-0.316884,-0.437245,-0.325435,-1.0688,-0.469362,0.308114,0.0778568,-0.284564,0.0649064,0.566092,0.580653,0.737392,-0.606397,-0.802849,0.144447,0.0331051,0.962337,-0.0337402,1.0793,0.658055,0.456721,0.211843,-1.25591,0.517789,0.533223,-0.416675,0.432288,0.0163973,0.389143,0.503732,0.894941,1
0.0390049,0.0590891,0.492474,-0.137653,0.43739,0.126559,0.263235,-0.197005,-0.100655,0.300906,-0.150141,-0.509457,-0.302937,-0.57028,-0.254862,0.343146,-1.10703,-0.0874588,-0.255189,0.292605,-0.612911,-1.1013,0.170378,0.185888,-0.322745,-0.401183,-0.00711524,-0.151841,0.100992,0.753966,0.435611,-0.21287,0.571214,0.892146,1
-0.0535662,-0.105041,0.0520672,0.237136,-0.00836932,-0.000403133,0.0378162,-0.39488,0.551295,-0.803878,-0.204057,0.191963,0.234736,0.281123,-0.523092,0.252594,-0.132611,0.349073,-0.610016,-0.0101011,0.482143,0.484952,0.88504,-0.165246,-0.034059,0.0937187,-0.328743,0.742683,-0.182344,0.173088,-0.514162,-0.215522,0.554667,0.866647,1
0.178958,-0.518825,0.00128712,0.0846356,0.236598,0.913603,0.868849,-0.0839512,0.0432932,0.79216,-0.258926,0.246388,-0.811706,-0.554134,-0.753406,-0.0879243,-0.0533401,-0.114438,0.00119869,-0.209825,0.233362,0.524433,0.772001,-0.516107,-0.205748,0.698506,-0.785109,0.498725,-0.377351,-0.0628861,0.249259,-0.365637,0.5675,0.823303,1
0.571975,-0.140038,0.321561,-0.0386638,-0.627738,-0.101439,-0.310759,0.947346,-0.525125,0.485386,0.155032,0.424225,-0.0280793,0.376802,-0.242846,0.0306797,0.398393,0.197074,-0.0832572,-0.363725,-0.946122,-0.766802,0.428319,0.310022,-0.267922,0.560493,-0.0505821,1.16589,0.266513,-0.336555,0.133761,-0.334933,0.424751,0.788539,1
0.134789,0.158748,0.378971,0.0684123,0.160176,-0.657227,-0.0334318,0.752949,-0.268682,-0.505568,0.489759,0.119819,-0.764631,0.00299168,0.375529,-0.498827,-0.264845,-0.558954,-0.177425,0.299747,0.439951,-0.718889,0.510635,0.124826,1.02428,0.727894,0.117286,0.8207,0.234271,0.979491,0.00037559,-0.40432,0.555279,0.899429,1
0.117134,-0.178548,0.204231,-0.25366,-0.153814,-0.477283,0.107526,-0.405432,-0.430453,0.129649,0.259054,-0.488972,0.0845053,-0.176696,-0.0345257,0.485534,-0.876743,-0.738523,0.0778013,-0.287938,0.0759154,-0.444572,0.871679,0.623307,0.795332,0.921066,0.749065,0.0541317,-0.716834,0.583712,0.244633,0.311593,0.493479,0.947651,1
-0.19592,0.00914163,-0.059909,0.013875,-0.0359998,-0.801322,0.509716,-0.270133,-0.0046464,-0.0411266,0.481328,-0.224921,-0.224309,-0.286411,0.310137,0.213641,-1.00458,-0.144763,0.780875,0.27594,0.825337,-0.108634,0.4793,-0.652262,-0.196539,-0.033494,-0.255419,-0.531076,-0.298617,1.03355,-0.543728,-0.0230194,0.461373,0.881451,1
0.935454,-0.0728557,-0.0918701,0.908589,-1.00495,0.135476,-0.334042,0.339497,0.276126,-0.15847,-0.373614,-0.0170226,-0.171783,0.301808,-0.0633803,0.552801,0.113816,-0.305075,0.0840692,-0.0587231,0.026899,0.708821,-0.274927,-0.977808,0.307207,0.132255,-0.333959,-0.687206,0.316249,-0.0108815,-0.627613,-0.613016,0.507976,0.926306,1
-0.289192,-0.320815,1.35465,-0.0523572,0.529702,-0.488177,0.223065,-0.521563,0.615209,0.685817,0.0641065,-0.151898,0.593149,-0.366124,0.309633,0.0480751,-0.162894,0.135767,-0.633358,-0.466676,-0.366148,0.829826,0.131127,-0.793451,0.907424,-1.32831,-0.760138,-0.952475,-0.141678,-0.443373,0.413472,-0.280375,0.506334,0.866722,1
-0.212029,-0.460537,-0.152067,0.478754,-0.302925,0.154643,0.304645,0.105206,0.176049,-0.00711185,-0.152016,-0.362007,-0.439399,-0.283465,-0.54579,0.014421,-0.0925557,-0.0933079,-0.398402,-0.557548,-0.513513,0.603958,0.232933,0.0617996,-0.284384,-0.0356697,0.201415,-0.343313,0.994127,0.776609,-0.333417,1.0596,0.477563,0.805653,1
-0.0204819,-0.226181,-0.245206,-0.438309,0.0709983,-0.443643,0.0444196,-0.354423,-0.0776763,0.264615,0.343796,-0.581612,-0.0698969,0.0915942,0.117793,-0.0781015,0.536196,0.210539,-0.496699,0.579715,0.0778063,-0.408513,0.366383,0.368315,0.683556,-0.695307,0.541284,-0.64828,-0.146129,0.294175,0.315955,0.0752496,0.477137,0.777099,1
-0.154782,-0.564782,-0.527763,-0.638557,0.196049,-0.063926,0.294201,0.0549996,-0.54203,-0.477376,-0.104024,0.101543,-0.595826,-0.598187,-0.365257,-0.170555,0.69765,0.73462,0.14849,-0.265287,-0.438718,0.429724,-0.00167701,0.101747,0.331545,-0.34079,0.217685,-0.264812,-0.52041,-0.342416,0.143914,0.260593,0.430111,0.90064,1
0.0472727,-0.156353,-0.387328,-0.334966,-0.214675,0.813685,0.0872647,0.379209,0.369326,-0.639061,-0.689055,-0.592524,-0.608292,-0.539209,0.67364,-1.03201,0.697758,0.510933,0.467164,-0.984131,0.477326,-0.222591,0.0579669,0.69336,-0.637967,-0.616367,-0.977074,-0.465497,-0.348804,0.0331252,0.755103,1.30119,0.49588,0.841761,1
-0.374503,-0.336231,0.657759,0.685911,-0.0750709,-0.14118,0.71838,0.155167,0.555386,-0.276929,0.0665023,0.203349,-0.623309,-0.156597,-0.673758,-0.39397,0.198209,-0.148896,-0.306123,0.249237,-0.115222,0.685986,0.17681,-0.120188,-0.239204,0.641642,-0.674692,-1.12221,-0.084223,0.620966,0.060161,0.963538,0.466606,0.859683,1
0.32773,-0.234756,-0.12333,0.526102,0.384572,0.00970926,0.589474,-0.480162,0.228436,-0.359876,0.121953,-0.381499,0.118986,-0.0484867,-0.273443,-0.432873,0.690126,-0.309045,-0.0223089,-0.473609,-0.408287,0.750232,0.0417796,0.296303,0.0153808,-0.219067,0.265166,-0.589508,0.206631,0.0850363,1.04654,0.340087,0.551572,0.91848,1
-0.444934,0.830888,0.188693,0.207948,0.141267,-0.294912,-0.0395061,-0.688901,0.490184,-0.197557,-1.16732,-0.235155,-0.0611178,-0.493029,-0.414279,-0.845484,0.671791,0.486353,-0.0606792,-0.164881,-0.539145,0.555976,-0.163442,1.02947,-0.0334874,-0.0137056,-0.405009,0.358068,-0.149131,-0.275484,0.0117471,-0.670725,0.495578,0.925122,1
0.216949,0.382362,0.530793,0.0620366,-0.027335,-0.163357,0.935661,0.623422,0.492931,-0.24348,-0.79732,-0.321648,-0.417756,0.391737,-0.389228,0.617944,-0.258178,0.568816,0.753079,0.145294,-0.72638,-0.00417675,0.336374,0.418853,-0.45246,0.0504362,0.17598,-0.706876,0.537917,-0.0292916,0.716572,-0.425559,0.501737,0.851487,1
-0.230185,-0.0179935,-0.0384949,0.224566,-0.00500375,-0.433342,-0.776486,0.11137,-0.281425,-0.644745,0.387622,0.730849,-0.423428,-0.738322,-0.293501,0.642565,0.330851,-0.104743,-1.47851,-0.162902,-0.26216,-0.568797,-0.142691,-0.194648,-1.13416,0.387455,0.351414,-0.390261,-0.240272,0.27237,-0.555288,-0.778142,0.535308,0.900872,1
-0.0293186,-0.00897598,-0.98489,-0.401025,0.40634,0.991825,0.587739,0.0231568,-0.0622003,0.612974,-0.715269,0.0756103,0.277699,0.0103562,-0.707411,0.978813,0.659579,0.521655,-1.08779,-0.259707,-0.268537,-0.177469,0.275965,-0.0466562,0.149445,-0.699684,0.741071,-0.15413,1.3488,-0.108518,-0.250689,0.0832573,0.513978,0.808009,1
0.316161,0.219744,0.26973,0.229745,0.289264,7.95,0.141195,0.312574,0.250154,0.348584,0.120136,0.168866,0.375802,0.206757,0.210258,0.197958,0.298932,0.173033,0.236859,0.281876,0.210594,0.292926,0.144256,0.142306,0.369403,0.256684,0.298333,0.388104,0.295818,0.171649,0.200705,0.252158,0.52,0.82,1
-0.764909,-0.706811,-0.165118,-0.407177,0.593611,-0.536634,0.854364,0.752712,-0.807668,0.483857,-0.125168,-0.199783,0.687962,0.181075,-0.284033,-0.612726,-0.529324,0.574726,0.380508,0.0805225,0.0573153,1.12571,-0.069719,0.352216,-0.186475,0.419585,0.332815,-0.665593,0.94218,-0.175478,0.424359,0.0601274,0.479182,0.908714,1
0.258784,-0.0574375,-0.526946,0.613465,-0.443351,-0.530174,0.575667,-0.554063,-0.313722,0.148682,-0.160601,0.32695,0.476632,0.302876,0.808143,0.794539,0.412892,0.0403847,0.153049,0.12649,0.844626,-0.277746,-0.452177,0.105526,0.988792,0.385759,0.0717306,-0.623982,-0.892395,-0.0640285,0.422329,-0.374229,0.560032,0.850836,1
0.969479,0.40612,0.566036,-0.731278,0.27248,-0.0741489,0.501444,1.18916,0.172616,0.899084,0.432654,-0.159881,0.0888444,-0.530512,0.464819,-0.44679,-0.0194316,0.446795,0.490712,-1.21007,-0.434422,0.378966,0.332571,-0.342665,0.432975,0.189694,-0.281697,0.154153,0.286484,-0.105474,1.28253,0.311602,0.449799,0.790544,1
0.398149,-0.0322327,-0.167767,0.990505,0.220396,-0.290006,-0.00223758,-0.415477,0.565012,-0.62264,0.800623,-0.192225,-0.0734205,0.232631,1.44362,0.229028,0.941561,0.242018,0.227637,0.13731,0.151254,0.923684,-0.872594,-1.05168,0.427511,-0.483473,-0.376565,0.242161,-0.372721,-0.227828,-0.117061,0.349938,0.456055,0.798387,1
0.180643,-0.622638,0.146758,-0.121945,-0.358909,-0.0984408,0.185333,-0.296905,-0.200637,0.832321,0.32912,0.183509,-0.266839,-0.56035,0.403416,-0.0493248,0.312014,-0.270809,0.267756,0.0419445,-0.228515,-0.251651,-0.0728991,0.799719,0.307787,0.874895,0.747775,-0.311835,0.0407237,0.318846,0.358164,0.451593,0.437902,0.79733,1
0.267597,0.197888,-0.324306,-0.610792,0.199435,0.329807,-0.31635,-0.698333,-0.506249,0.0243194,0.874898,-0.624693,0.206858,0.615457,-1.08897,0.0129914,0.24412,0.266777,0.201277,-0.557419,-0.182857,-0.290762,0.368352,-0.202114,-0.450087,-0.52751,0.210912,0.355208,-0.578971,0.3222,0.697335,1.12133,0.441812,0.851581,1
0.187291,0.29145,0.601636,-0.0980364,-0.104284,-0.26001,-0.84712,0.510236,-0.214933,0.492083,-0.283201,1.05761,-0.0608043,1.09247,-0.380497,-0.86895,0.65325,-0.784567,0.296295,0.726933,-0.144413,0.115101,0.355047,-0.421113,0.767589,1.08942,-0.640435,-0.210526,-0.300474,-0.378902,-0.104078,-0.356764,0.46482,0.871004,1
-0.598013,-0.0584149,1.00649,-0.591875,0.182708,0.891553,0.101665,-0.283669,-1.13236,0.406558,-0.222361,0.470372,0.160345,0.109726,0.264446,-0.0466442,-0.42991,-0.0822113,-0.54164,-0.0848579,0.180992,1.24438,0.0961736,0.455356,0.0534682,0.575585,-0.476565,0.0802565,-0.207935,0.520325,0.0762054,0.780934,0.468438,0.907587,1
0.622234,0.0771713,0.598341,-0.484294,-1.17506,0.391359,0.476872,0.266037,0.376889,-0.0519657,-0.112132,-0.115246,0.869642,0.463736,-0.124619,-0.591294,-0.398784,-0.199714,-0.963332,0.772845,-0.433276,-0.113558,-0.592052,0.956665,0.554133,-0.0141793,0.178932,-0.692712,-0.859231,-0.0362449,0.0778684,0.98499,0.428062,0.935125,1
0.25636,-0.124947,-0.149916,0.171346,-0.617042,-0.719856,0.593317,-0.397268,0.0324224,-0.157468,0.268375,0.397563,0.591941,0.0639627,0.0503806,-0.593005,-0.460041,-0.445562,-0.630895,0.322507,-0.510758,-0.322325,-0.217966,-1.03914,-0.60423,-0.0259941,-0.125064,0.622329,-1.39393,-0.0762267,-0.47341,-0.0812549,0.438035,0.939391,1
-1.01574,0.0781855,-0.658687,-0.0920721,-0.369535,-0.00105388,0.232197,-0.256962,0.509394,0.337956,-0.39873,1.21475,0.166236,-0.0319597,-0.32997,0.0349189,-0.179436,-0.111003,-0.250707,-0.116214,-0.699355,0.127167,-0.111259,1.32439,-0.0794038,0.19899,-0.181903,0.172272,-0.167256,-0.306972,-0.762033,0.0288689,0.521942,0.86096,1
0.523591,0.511933,-0.00285094,-0.588378,-0.0420938,-1.02311,0.456294,0.368223,0.38066,0.332182,0.426657,-0.549865,0.494522,0.17857,0.341672,0.158235,0.451621,-1.55627,0.877939,0.179282,0.708841,-0.0621402,0.375024,-0.191968,-0.287082,0.266559,-0.0848814,-0.260107,-0.326383,-0.607529,0.625857,0.871077,0.462479,0.895963,1
0.0751654,-0.288313,-0.668907,0.000834823,-0.0463187,0.93,0.538274,0.426912,0.206814,0.352207,0.0578855,0.0148319,-0.607252,-0.335495,0.825469,-0.595248,-0.307755,-0.0361865,-0.0794714,-0.389612,-0.652794,0.558403,0.560193,-0.0965797,-0.0719012,-0.208747,-0.531408,0.525918,0.466059,-0.249549,-0.796689,-0.986956,0.445189,0.927108,1
-0.11675,-0.394222,0.173511,0.164553,0.223159,-0.182021,-0.459183,-0.192022,0.859696,-0.277148,-0.53415,0.120146,0.159027,0.100983,-0.19907,-0.662494,0.303507,0.266007,-1.1261,0.985637,1.19817,-0.785001,0.468899,-0.292124,-0.475921,0.370579,0.0402877,-0.710998,0.786393,-0.146072,0.116501,0.237173,0.480325,0.791422,1
-0.985601,0.541416,0.661061,-0.478836,0.416837,-0.55188,0.233572,0.331617,-0.154551,-0.882985,-1.13041,0.46407,0.0153535,0.0557137,0.1192,-0.512023,-0.0912091,0.175939,0.114251,0.695487,-0.402591,0.401043,0.675024,-0.559523,0.24469,0.568269,-0.186787,-0.115454,-0.171218,0.765806,-0.443947,0.323941,0.459976,0.822917,1
0.483205,0.566175,-0.000515411,-0.519755,0.0109029,0.213492,-0.32941,0.119597,-0.365944,-0.0190931,0.818902,0.0199471,0.245234,-0.301743,-0.121862,-0.0807434,-0.45086,-0.821244,-0.356456,0.231862,-0.248403,-0.397396,0.400892,0.371217,-0.0854322,0.531176,-0.341336,0.243641,0.0881734,0.709297,-0.428196,-1.01728,0.455619,0.763976,1
0.172438,-0.415915,-0.976937,0.137414,0.530301,-0.623082,0.0873894,0.167063,-0.494694,0.130705,0.403264,0.702083,0.316638,0.203177,-0.302283,0.325112,-0.283651,0.2528,0.0266147,-0.481836,-0.289471,-0.0718677,0.266354,-0.0555104,-0.216461,0.272572,-0.638945,0.416064,0.117351,0.217007,0.0847344,-0.248516,0.570365,0.819723,1
-0.224498,-0.336232,0.452539,-0.267967,-0.206918,-0.0318295,0.763821,-0.416378,0.683518,0.284294,0.495798,-0.130039,-0.423735,-0.420646,0.793671,0.356384,-0.630395,-0.0100535,-0.106251,0.241472,-0.574434,0.414668,-0.503328,0.407231,-0.775576,-0.15671,0.396084,0.449487,-0.157325,-0.363975,-0.10534,-0.129692,0.475383,0.845653,1
-0.14543,-0.0646628,0.344785,0.3234,0.494265,-0.338676,0.125574,-0.90199,-0.223947,0.779841,0.369626,0.21455,-0.0688835,0.549675,-0.00180964,0.51995,-0.139289,0.648185,0.717674,-0.0474427,0.541247,0.0435015,0.247123,0.719775,0.00680205,-0.134223,0.251378,-1.0305,-0.236437,-0.110327,0.186469,0.68284,0.561164,0.789598,1
-0.756472,-0.196603,0.273827,0.484186,-0.0895488,1.09929,0.300594,0.580332,-0.387445,0.0212904,0.459318,0.660927,-0.593795,-0.472373,-0.544039,-0.408359,0.771434,-1.07151,-0.610328,-0.492711,-0.552325,-0.386161,0.538205,-0.364434,-0.274831,0.481158,0.556106,0.0415329,-0.0172985,0.332977,-0.439739,-0.437183,0.491425,0.832172,1
0.368528,-0.0415616,0.361949,0.274109,0.0677939,-0.209011,0.277888,-0.504588,0.572139,-0.230932,0.0389414,0.55821,-1.01347,0.262859,0.217606,-0.000956352,0.232435,-0.298388,0.124466,0.630592,-0.0059065,-0.0643308,0.237441,-0.751661,-0.00785173,-0.125243,-0.157072,0.353542,-0.364102,-0.0976461,-1.13085,-0.427554,0.481893,0.780157,1
0.577686,-0.845103,-0.111655,0.312111,0.732702,-0.313935,0.0863413,-0.128349,0.540228,-0.0284658,0.209843,-0.709203,0.15955,0.676905,0.679518,-0.0089505,0.102624,0.186819,0.102574,-0.458687,0.04241,-0.83779,0.21128,-0.61539,-0.216676,-0.279217,-0.0619793,-0.213709,-0.0696603,-0.798669,1.47924,-0.172491,0.456769,0.837335,1
0.0856722,-0.450244,0.112578,0.175894,0.139374,-1.23001,-0.14794,0.463472,-0.184995,1.22508,-6.20078e-05,0.0428296,-0.143417,0.403517,0.587774,0.444122,0.0563804,-0.260016,0.0835473,-0.619164,-0.308699,-0.152806,0.465904,0.261072,-0.0154771,0.154271,-0.00851798,-0.506382,-0.341872,0.298439,-1.08452,-0.494964,0.420931,0.866914,1
-0.507077,0.774962,-0.0219237,0.512264,0.488767,0.128587,-0.170064,-0.186724,0.569059,0.04361,0.422103,0.245896,0.75833,-0.464515,0.580739,-0.0694548,0.639084,-0.375433,0.59128,-0.382314,-1.019,0.360767,-0.235729,-0.439927,-0.0596745,0.279387,-0.234523,-0.72558,0.298071,0.511396,-0.340391,0.261677,0.530884,0.763307,1
-0.74049,0.271506,-0.811922,0.0118027,0.654177,0.345756,0.218061,0.162648,1.04941,-0.0602365,-0.130331,0.245422,-0.303162,0.314463,-0.188637,-0.173699,0.127859,-0.295748,-0.179894,0.370988,-0.378775,0.185747,-0.411861,0.629595,-0.942357,-0.151525,-0.692441,-0.0687252,0.0234419,0.0908806,0.239792,-0.422618,0.563168,0.855959,1
1.46332,0.0667619,0.14981,0.0142674,-0.0824409,-0.120097,0.334412,0.0653529,-0.0375951,1.07274,-0.505738,-0.404666,0.449707,-0.551318,-0.0137847,0.440872,0.62912,0.0203498,0.114353,0.0407829,-0.628428,-0.420291,1.09029,0.410658,0.30609,0.421463,-0.141157,-0.503377,0.712108,-1.15238,0.410689,-0.696006,0.521543,0.891989,1
0.0140594,0.15564,-0.158036,-0.0728661,0.786226,-0.352037,0.803525,-1.06682,0.192626,-0.318489,-0.262468,0.209873,0.136575,0.523499,-0.574749,1.06523,-0.282419,0.00299145,0.633594,0.137593,0.597561,0.562756,0.134636,-0.620035,-0.105536,0.647125,0.0709208,0.0223583,0.196656,-0.999572,0.411592,-0.383658,0.540293,0.909193,1
-0.666163,-0.0829976,-0.361388,-0.16895,0.393143,-0.0791176,-0.0161351,0.0341584,-0.364669,0.510739,0.471602,-0.0677174,-0.722809,-0.775781,-0.583655,-0.425176,0.0875586,0.555161,0.354241,0.0394668,-0.19623,-0.639029,0.238447,0.309334,0.0316503,-0.196703,-0.232368,0.334803,0.0115668,0.328926,0.251218,0.151924,0.424275,0.825507,1
-0.298542,-0.540243,-0.239165,-0.911492,-0.0963047,0.178998,0.351079,0.136728,0.41434,-0.116778,0.00309085,-1.01232,0.934981,0.0380943,0.435085,-0.0550543,-0.515639,1.25398,0.268556,0.317746,-0.235182,0.0257842,0.226488,-0.539325,0.356026,-0.645412,0.656446,0.0336929,-0.837485,0.495129,-0.444702,-0.073721,0.513863,0.935131,1
1.53048,-0.754284,0.15267,-1.17671,1.48221,-0.411632,0.00686941,0.195277,-0.633874,0.525903,-0.052102,-0.477251,0.0231979,0.0358317,-0.436962,-0.413316,0.982678,0.470404,-0.526513,-0.37444,-0.232911,0.478594,-0.724562,0.025928,0.0549408,0.387121,0.013324,-0.0758405,-0.629739,0.477672,0.346808,0.315278,0.466189,0.760386,1
0.526784,-0.505488,-0.52179,-0.328047,-0.274714,-0.477934,-0.672588,-0.193178,-0.665337,-0.27961,-0.281763,-0.659277,0.154694,0.00902914,0.0131847,0.0364788,-0.141113,-0.0400286,0.210812,0.229879,0.235438,-0.757743,-0.758097,-1.35341,-0.090307,0.668508,-0.67345,-0.116115,0.233832,0.152731,-0.0146757,-0.518715,0.57564,0.891306,1
-0.510761,-0.380933,-0.678272,0.679615,-0.131056,-0.0440942,-0.486885,0.755623,0.783541,-0.440754,-0.913454,-0.500412,0.411567,-0.45141,-0.0527473,1.31298,0.0858293,-0.556528,-0.343551,-0.546787,-0.660968,0.289813,0.984572,0.244905,1.07268,-0.12099,0.71019,0.375679,0.446833,-0.176128,0.353469,0.209158,0.48115,0.904413,1
-0.450887,0.908908,-0.198699,-0.0236988,0.046464,0.268344,-0.343418,0.0336929,-0.722891,0.606022,0.0559183,-0.205112,0.124929,0.00159573,-0.249172,0.593988,0.403319,0.182262,0.201901,0.205384,-0.563563,0.223526,-0.076082,1.46738,-0.5468,0.500361,0.629259,0.266112,-0.963404,0.572253,-1.18446,-0.169655,0.550096,0.76231,1
0.169532,-0.12938,0.405996,-0.746118,-0.373972,-0.314104,-0.793125,0.481223,-0.499173,0.0658014,-0.479291,-0.324834,-0.283971,-0.957123,0.476654,-0.12569,0.254338,-1.0084,0.422228,0.00776149,0.800045,0.0238524,0.117458,-0.085559,-0.451535,-0.355458,0.118196,-0.526131,0.90312,0.244365,0.554812,-1.58394,0.507211,0.920988,1
-0.0697322,0.639532,-0.0230907,-0.407483,-0.273314,-0.142725,-0.197525,-0.0587691,0.345719,0.825083,0.902107,-0.0608591,-0.284686,0.574467,0.624559,0.0847679,-0.0318379,-0.925563,-0.650741,-0.094793,-0.632615,-0.254085,0.832199,0.0797466,0.718715,0.0767117,-0.0209738,-0.377304,0.270279,-0.585985,-0.0667202,-0.137353,0.512737,0.782584,1
-0.0412577,0.341019,0.137676,0.448716,-0.244602,0.907679,-0.0523701,0.434479,0.0595371,0.0548269,-0.160375,-0.721474,0.783954,0.602658,0.41924,-0.730817,-0.450228,-0.420817,-0.0109379,0.308933,0.179928,0.811272,0.337734,-0.573767,-0.220062,-0.450891,0.000922386,-0.524719,0.326491,0.531719,0.1653,0.903198,0.491514,0.910822,1
1.0318,-0.142696,-0.0946849,0.474661,0.541336,0.379757,0.225367,0.0245892,0.535636,0.39298,1.05759,-0.324084,-0.0919217,0.402227,-0.456327,0.501272,0.280513,0.16335,0.0736558,-0.0546627,0.177425,-0.0792929,0.309461,0.174163,-0.10153,0.68235,-0.351606,-0.00120005,0.465348,0.0200382,0.0507809,-0.371444,0.456339,0.843761,1
-0.363056,0.120712,0.743878,-0.171119,-1.06754,-0.0214283,0.166901,0.0783687,0.0992339,-0.48205,0.0680331,0.149541,0.193574,1.30185,0.437304,0.00987026,-0.310199,-0.421612,0.339472,-0.419717,0.637626,0.0648489,0.0424967,-0.104564,0.0242233,0.250529,0.434271,0.488586,0.692861,0.516707,-0.305084,0.327975,0.424833,0.808648,1
0.279292,0.291306,-0.235305,-0.51889,0.180945,-0.551506,-0.638003,-0.340832,0.416042,0.240991,0.211645,0.152684,0.0845587,0.441618,1.26461,-0.324222,0.940722,-0.232009,0.575431,0.315936,0.277407,-0.222752,0.489572,-0.56594,0.0956721,-1.02649,1.51887,0.889445,-0.177896,-0.614582,0.0741777,0.0553327,0.496615,0.936741,1
0.00692458,-0.997829,0.971501,-0.0920245,-0.0794891,-0.460257,0.633325,-0.0297303,0.49101,-0.534154,-0.709989,0.666967,-0.142101,0.357694,0.0401477,0.262366,-0.28229,0.366509,0.224334,-0.436732,0.187411,-0.262423,-0.133158,-0.0291582,0.0149039,0.413368,-0.453577,0.22569,0.712498,0.0402327,0.555039,1.18524,0.484269,0.886568,1
-0.424723,-1.07367,-0.236435,-0.482947,-0.220828,-0.60513,-0.260851,0.503451,-0.154809,0.294127,-0.0461736,0.379169,-0.0352025,-0.465891,-0.194162,-0.931876,1.32681,0.000591105,-0.0814919,0.392287,-0.0596468,0.265742,-0.845565,-0.171017,0.376955,0.614347,-0.050501,0.285455,-0.755999,-0.381812,-0.00162137,-0.971817,0.4821,0.81593,1
0.0714473,0.664023,0.127066,-0.154522,-0.435407,-0.362756,0.586289,-0.184667,-0.227508,0.05184,0.0590461,0.115418,-0.333298,-0.464904,-0.332664,0.716278,-0.339476,-0.390512,0.193553,-0.119854,0.220093,-0.0254035,0.887218,-1.01427,0.151669,-1.22129,0.586032,0.264592,-0.810776,0.304664,0.34359,0.011319,0.501522,0.841581,1
-0.387143,0.633305,-0.684293,0.237018,-1.14844,-0.0192583,0.594829,-0.531374,-0.288091,-0.295184,-0.121419,0.70897,0.541554,-0.0621268,0.105534,0.0866643,0.22059,-0.0182781,0.308765,0.496249,0.703098,0.272793,-0.246133,-0.138787,-0.728577,0.0323423,0.377486,-0.541832,-0.0397803,0.0788358,0.734782,-0.554817,0.565652,0.937548,1
-0.0933719,-0.140849,0.039683,0.291733,0.254145,-0.532879,-0.216525,-0.418591,-0.775721,0.73724,0.0122484,-0.654774,0.335155,-0.806163,-0.801373,0.188897,0.00963606,-0.138392,0.178848,-1.14853,-0.431107,-0.0253831,0.745071,-0.351275,-0.0124539,-0.958897,-0.456624,-0.23095,0.475524,-0.184427,-0.129932,0.267374,0.470952,0.933091,1
0.45515,-0.337329,0.0886059,-0.737854,0.267985,0.519734,-0.699198,0.384955,-0.712631,-0.308619,-0.542844,0.0660648,0.47444,-0.487973,0.548268,-0.101991,0.473342,0.352002,0.366494,1.44289,0.209592,-0.845815,0.0476763,-0.850418,0.25176,0.110972,1.16644,0.446648,-0.107093,-0.00310793,0.430523,-0.125712,0.474958,0.844404,1
-0.0768891,-0.374634,-0.258096,0.851511,-0.135241,0.198111,-0.819335,-0.54563,-0.277908,-0.6736,-1.09012,0.67261,-2.26575,-0.0814016,-0.507267,-0.863439,-0.471884,0.168702,-0.766974,0.18992,0.215362,-1.53224,0.542827,-0.169389,-0.650168,-0.937885,-0.338232,-0.797994,0.130406,-0.77844,-0.106468,0.652055,0.5355,0.901949,1
0.513878,0.147366,-0.227926,-0.4752,0.554352,0.966327,0.209371,-0.333682,0.295876,0.246888,-0.72142,0.189904,-0.511367,0.324473,0.159029,0.914583,-0.793513,-1.62006,0.178635,0.118038,-0.928673,-0.828165,-0.123207,-0.557904,0.326715,-0.189591,-0.662493,-0.0311855,0.130673,0.211415,-0.0697961,0.109772,0.556785,0.84628,1
-0.641353,-0.153832,0.482927,0.55677,0.0493728,0.467542,0.0157988,0.772426,-0.997264,0.82889,-0.345812,-0.218451,0.110397,0.0848834,-0.139147,0.453631,0.116064,-0.0298954,0.454111,-0.440633,0.163816,-1.03169,0.989555,0.00566121,-1.26523,-0.29406,0.419148,0.250549,-0.34487,0.642983,0.656231,0.494786,0.445822,0.820596,1
-0.723266,0.501748,0.512875,-0.156962,0.184665,-0.341854,0.804617,0.593041,-0.449873,0.30949,0.0182463,-0.709874,-0.409902,-0.396104,-0.308851,-0.329781,0.237576,0.06848,0.169489,-0.343162,-0.112169,-0.102806,-0.138826,1.23224,0.497324,0.168163,-0.483492,0.52958,-0.27954,-0.0049694,-0.0644338,1.02804,0.437997,0.814315,1
0.732767,-0.0768388,-0.120087,-0.312349,-0.908664,0.293312,-0.269805,0.100666,0.395873,0.667512,-0.873575,-0.0357616,-1.168,-0.298842,0.309396,-1.11964,-0.331498,-0.662799,0.423377,-0.26876,0.355024,0.902336,-0.0238617,-0.718788,-0.111541,-0.31186,0.232905,0.0185261,0.237944,-0.232833,-0.681097,0.742266,0.439805,0.782541,1
-0.794539,-0.493343,-1.23681,-0.437058,0.55919,0.351041,-0.269915,0.107217,0.504516,-0.179575,0.509675,-0.681478,0.720853,0.195897,-0.112814,-0.827824,0.110919,-0.925668,-0.405256,-0.578831,-0.65644,0.0914934,0.0346806,-0.163576,0.059999,0.971676,0.0677964,-0.744737,0.505243,0.0810078,0.0157043,0.368988,0.447185,0.928088,1
0.0855475,0.100962,-0.719758,-0.381717,-0.148832,-0.44171,0.362635,-0.27777,0.158398,0.212414,0.020582,-0.192836,0.0408552,-0.598308,1.27538,-0.038443,0.586916,-0.794547,-0.542709,0.0195482,0.464948,0.11663,0.714884,0.370253,-0.281073,0.293162,-0.261113,-0.622502,-0.473384,-0.372653,-0.292395,-0.0267048,0.441831,0.864341,1
0.55972,-0.670568,-0.286677,0.135707,-0.441505,-0.926845,-0.545404,-0.32453,-0.477007,-0.582997,0.587497,0.895146,-0.435934,-0.188951,0.417364,0.300839,-0.33875,0.100177,-0.187809,-0.276854,-0.165484,0.194259,-0.0548757,0.0475579,-0.0267053,-0.0105385,0.23506,-0.583661,-0.440472,-0.508431,0.0545449,-0.0645141,0.578375,0.775025,1
-0.36083,0.607934,0.0169025,0.907846,-0.102322,0.379473,-0.658295,-0.169233,0.15094,-0.0781013,1.20026,-0.0685144,-0.201031,0.821544,0.189229,-0.800711,0.05466,0.0131327,0.712327,-0.0282306,-0.00836787,0.0311699,0.579023,0.645458,0.621166,0.340854,0.333424,0.544961,0.253612,-0.330275,-0.612653,-0.233009,0.526973,0.911763,1
0.351569,0.142782,0.389484,0.342905,0.288988,7.95,0.296179,0.100622,0.134829,0.181434,0.392186,0.108744,0.112057,0.327301,0.287226,0.394842,0.16286,0.323621,0.26273,0.249204,0.17165,0.105554,0.213417,0.159417,0.192606,0.378768,0.187677,0.134835,0.297593,0.209813,0.212818,0.218599,0.52,0.82,1
0.95,0.88,-0.25418,0.471912,-0.358691,0.0934207,-0.411317,0.0225565,0.491368,0.0279023,-0.49356,0.488933,-0.389654,-0.17214,0.286984,-0.349149,0.363889,0.000511363,-0.389166,0.19132,0.473775,-0.337346,0.476369,-0.168044,0.373352,0.0693236,0.200596,-0.427632,-0.108451,0.371319,-0.462216,0.371496,0.48,0.2,0
-0.152252,-0.341898,0.0978229,-0.316728,-0.582272,-0.484117,0.416816,0.331809,-0.120097,0.138746,0.0357208,0.249528,-0.378756,-0.242443,-0.373574,0.866005,-1.07814,-0.0985966,-0.299193,-0.674348,0.485237,0.263336,0.624011,0.199777,0.470697,0.063271,0.164259,0.0110386,-1.05257,-0.676946,-0.349526,0.175121,0.492671,0.84311,1
0.093351,0.310092,-0.453458,-0.652072,-0.150743,-0.320182,0.289776,-0.253736,-0.352395,1.0518,-0.823371,0.223742,0.767878,0.103254,0.000534587,1.08911,-0.300597,0.0823418,0.0350369,-0.557934,-0.367089,1.05737,-0.925813,-0.309797,-0.293346,-0.416265,1.34358,-0.193805,0.782783,-0.0379673,0.453726,-0.152286,0.498665,0.896451,1
-0.170039,0.546586,0.378077,0.705945,0.169228,0.0650037,-0.503784,-0.244521,-0.554293,-0.564978,0.338782,-0.321728,0.593056,0.175938,0.103338,0.043222,0.213651,-0.0237187,-0.107498,0.345916,0.181889,0.366975,0.840716,-0.55857,0.00297151,0.769339,0.0510987,-0.766246,0.077988,0.484223,-0.234246,1.00536,0.43819,0.80312,1
0.103211,-0.560144,0.0375105,0.139743,-0.240382,-0.0994035,0.8003,0.045875,0.135182,-0.384538,-0.321584,0.474667,-0.557208,-0.222939,-0.377102,-0.763283,0.254988,-0.631481,-0.169718,-0.377821,-0.881844,-0.355463,-0.712379,-0.00972523,-0.0828989,-0.122963,0.25576,0.0727264,0.0240967,0.0508042,0.596777,0.574379,0.548869,0.816225,1
0.117189,0.665408,-0.270725,-0.28999,0.69232,-0.306037,0.264286,0.442733,0.225972,-0.223161,-1.15091,0.427277,-0.406092,-0.243301,-0.197786,-0.210938,0.0419243,0.576861,0.156587,0.264574,1.16412,-0.0914877,-0.26369,-1.50182,-0.054245,-0.184192,0.0414841,0.210867,-0.206033,-0.900691,-0.0562526,-0.339403,0.566584,0.796284,1
0.261556,0.680589,-0.980988,0.0812683,0.42857,0.681906,-0.2144,-0.134617,0.0737565,-0.412506,0.20844,0.167733,-0.320138,-0.041381,0.193851,-0.678568,-1.06574,0.00862785,-0.598485,0.627347,-0.542084,-0.0509063,0.140746,1.1833,-0.278343,-0.256888,-0.725734,0.42928,-0.52949,0.798015,0.47832,-1.47826,0.568568,0.932151,1
1.01953,-0.280623,-0.145934,-0.0769059,-0.6236,-0.650418,0.226313,0.57625,0.0935957,1.00665,0.718074,-0.171775,-0.320705,-0.438763,0.579375,0.0584839,0.428112,0.143959,0.250456,0.897952,0.738032,0.294139,0.274512,-0.175034,-0.849914,0.0346612,-1.18603,-0.922949,-0.622969,0.430346,0.177237,0.246732,0.511371,0.802774,1
0.150491,-0.965659,-0.492992,0.514472,0.500362,-0.115873,0.23348,0.0210917,0.357777,-0.643838,-0.0911628,0.261489,0.497486,0.984174,-0.404439,-0.504315,0.488712,-0.120343,0.314342,-0.574918,-0.551865,-0.0934523,0.472478,-0.173669,-0.188827,-0.644343,0.505198,-0.430819,0.237388,-0.257905,-0.425539,0.83679,0.541372,0.906974,1
0.839421,0.886518,0.049295,-0.664105,0.500851,0.139598,0.04706,-0.501304,-0.0559691,-0.629489,0.46823,-0.319907,0.568424,0.142126,0.113548,0.433122,1.14394,0.294923,-0.806388,-0.532365,0.909939,-1.55575,0.11109,-0.098485,0.349834,-0.103822,0.049363,-0.185439,-0.15995,0.631878,-0.571099,-0.708065,0.437149,0.906751,1
-0.349525,-1.05512,-0.828273,0.848075,-0.354747,-0.0625535,-0.197338,-0.236054,-0.421293,0.0118088,0.654497,0.431695,-0.372574,0.325669,-0.151821,0.352896,-0.728362,0.21408,-0.509235,-0.113885,0.231274,0.885344,0.670044,0.0164655,0.597403,0.233564,0.052591,0.747467,0.58257,-0.0129145,0.964482,-0.0033825,0.429615,0.772923,1
0.656697,0.910377,0.0766826,-0.0856679,-0.435829,-0.831177,0.669186,-0.16854,-0.515309,-0.103497,-0.400194,-0.111711,0.631849,-0.982963,0.248291,-0.35222,0.553558,0.677314,-0.45861,-0.703546,-0.20999,-0.410199,-0.637,0.636953,0.141062,0.439404,-0.294131,-0.381951,0.570528,0.0950182,-0.379868,-0.32783,0.456764,0.894704,1
0.85165,0.0971691,-0.34269,0.451643,-0.141178,-0.230651,-0.273359,0.143421,0.785941,-0.0231486,0.154846,-0.51517,-0.245861,0.0832227,0.326629,-0.432344,-0.233641,0.562434,0.208948,-0.158909,0.114109,-0.0717883,-0.294907,-0.0265808,-0.17804,0.514714,0.912303,-0.0345693,-0.0240372,-0.360141,0.122959,-0.228964,0.482432,0.781241,1
-0.146404,0.240203,-0.373513,-0.424233,-0.433988,0.304803,1.94974,-0.21591,-0.203701,-0.459492,-0.0356914,-0.437044,0.626643,0.378622,0.313632,0.144515,-1.41993,-0.267194,0.370639,-0.266496,-0.381436,0.493795,1.43051,-0.0126876,0.334614,-1.32059,-0.921251,-0.622009,-1.05894,-0.18999,0.125623,0.0320135,0.525437,0.929526,1
-0.615115,0.150231,-0.109594,0.489523,0.024675,0.318221,-0.228388,-0.738694,0.194673,-0.471475,-0.239577,0.00194927,0.121685,-0.492037,-0.188659,0.101452,0.203076,0.157977,0.389989,0.296299,-0.00794075,-0.158364,0.130794,-0.432316,0.0373424,0.343288,0.138219,-0.121842,-0.309133,-0.151523,0.556638,-0.0795229,0.491437,0.875108,1
-0.275076,0.538594,0.183105,-0.519841,0.402858,-0.277379,0.389388,0.95206,-0.515527,0.229217,0.626118,-0.372631,-0.0521884,0.445012,0.593155,-0.600032,0.14152,0.658236,0.0293463,-0.0409359,-0.00494072,-0.0504589,-0.163093,-0.0758554,-0.420903,-0.339289,-0.451178,0.240761,1.35025,-0.610274,-0.445449,0.324105,0.496402,0.827662,1
0.0648869,-0.195797,-0.584252,-0.685736,-0.0384555,0.413506,-0.336565,0.181257,-0.25352,-0.788388,-0.287363,-1.11564,0.813609,0.099632,0.539264,0.143262,-0.179718,0.233659,-0.349572,0.291878,0.186052,-0.50096,0.180913,0.0407218,0.271877,-0.137164,-0.028516,-0.319722,-0.136736,0.181757,1.19188,-0.10028,0.48277,0.811764,1
0.343165,0.656599,1.0191,0.0560179,0.806173,0.397701,-0.659386,-0.566094,0.181685,-0.35063,-0.259182,0.0200506,0.613147,-0.164005,-0.0677058,-0.145083,-0.893462,-0.126411,-0.44039,0.351733,0.162196,0.455128,0.0258116,0.365669,-0.077112,0.0168869,-0.377917,-0.32534,0.116923,0.932801,-0.12353,0.864592,0.509697,0.764765,1
0.16923,0.330007,-0.277556,0.251163,0.0819491,-0.0247109,0.579149,-0.0212451,0.396697,-0.755978,0.123077,-0.2585,-0.359943,0.897617,0.686453,0.55992,-0.326139,0.725565,0.392707,0.170814,0.493213,-0.217064,-0.389308,-0.498281,-0.235924,0.0853709,0.60873,0.310511,-0.11169,0.159212,0.0216046,0.499552,0.42097,0.945893,1
0.101498,-0.329854,-0.224173,0.167817,0.652165,-1.65381,-0.350727,-0.626282,0.173257,-0.701929,-0.863895,-0.310176,-0.10526,-0.390936,0.230419,-0.43665,0.0217098,-0.134015,0.865566,-0.406686,0.150405,0.269012,-0.163591,-0.0606201,-0.550082,0.739914,0.681775,-0.428087,-0.431128,0.0462914,0.570187,-0.345598,0.442245,0.874342,1
-0.063495,-0.458332,0.171977,-0.345853,-0.0450163,0.487639,0.666636,-0.171862,-0.0480376,0.0888629,0.423307,0.243318,-0.803988,0.592291,-0.242421,0.379964,0.490429,-0.132514,0.17623,-0.441931,0.221258,0.610463,-0.775859,-0.147747,-0.0709278,0.0828125,0.275495,0.18117,0.522429,0.215517,0.322763,0.290283,0.539859,0.853149,1
0.608678,0.521066,0.728843,0.232051,0.442,0.149925,-0.106049,0.391249,0.387409,-1.12727,0.705239,0.51421,0.423209,0.0803149,-0.353581,-0.747678,0.401926,0.488245,-0.308516,1.12051,0.0669656,0.547264,0.25955,0.0525222,0.0526406,-0.380242,-0.499473,1.07961,-0.152042,-0.0194048,-0.0916169,0.716441,0.539652,0.885452,1
-0.493232,0.0425122,-0.170051,-0.138772,0.514811,-0.57088,0.00596279,0.525831,-0.227239,-0.492553,0.670852,-0.17407,0.602268,0.498531,-0.00895385,-1.00079,0.460848,-0.706689,0.599221,-0.649872,0.315595,0.195722,0.557345,-0.0308413,0.048896,0.396865,0.0409694,0.0927775,-0.0570231,0.829828,0.0176161,-0.800139,0.537231,0.786023,1
0.730762,-0.217241,-0.449845,0.392303,0.778567,0.0412588,-0.0414293,-0.411486,0.062088,0.123416,0.309025,-0.525633,1.03954,0.221798,-0.182376,0.569391,0.701532,-1.06794,-0.0827658,-0.284506,-0.178628,-0.444861,-0.424986,-0.492751,-0.329295,0.110051,0.14718,0.189476,-0.614954,-0.261656,0.286731,0.797354,0.433015,0.875493,1
0.761855,0.260975,0.198187,-0.737055,0.711836,-0.796657,0.0581381,-0.186312,0.504885,0.300999,0.120746,0.559322,-0.592713,-0.0386872,-0.287599,-0.681901,0.437494,-0.240522,-0.291311,-0.179085,0.52905,0.73856,0.473501,-0.287419,0.0805404,-0.389812,0.731085,1.1855,-1.14571,-0.774781,0.564939,0.07353,0.558871,0.931745,1
0.20961,0.149808,-0.431933,0.45985,0.800776,-0.41196,0.89908,0.0569274,-0.318008,-0.274206,-0.233886,-0.433046,0.290283,-0.541703,0.0677988,0.478307,-0.531662,0.163388,-0.55494,-0.869565,-0.252339,0.269294,0.971697,0.628075,-0.63021,0.163309,0.269214,0.627173,0.141004,-0.653531,-0.307555,0.181531,0.479981,0.923225,1
-0.268988,0.0463681,0.359041,-0.180586,1.12058,-0.997581,-0.802593,-0.46338,-0.0799532,0.336541,-0.154895,0.224993,-0.179648,0.184431,-1.12264,-0.0952988,-0.562397,-0.192214,-0.272789,0.159644,0.0526225,-0.448501,0.048774,0.0354481,0.271633,-0.13014,-0.21199,-0.325215,-0.191946,0.265257,-0.196382,-0.631445,0.490261,0.818418,1
0.753803,0.270863,-0.501668,-0.56251,-0.0861772,-0.43885,0.471643,-1.02715,0.0288876,-0.496199,-0.646366,-1.55463,0.612303,0.148709,0.20356,-0.350826,-0.457705,-0.897258,-0.0820157,0.572193,0.262945,-0.398365,0.424418,0.0396597,-0.563446,-0.615438,0.0545953,-0.200189,0.275934,-0.166723,-0.385294,-0.507346,0.429747,0.93487,1
-0.385734,0.271367,-0.852184,0.150949,-0.188921,-0.929131,-0.361019,0.487909,1.28769,-0.0197541,0.386222,0.432123,-0.693165,0.87743,-0.275111,0.684063,-0.101499,-0.102306,0.519469,0.500404,0.42927,0.904806,0.282188,-0.0267456,0.224567,0.387569,0.198357,-0.10393,-0.463891,-0.249727,0.59573,0.0664126,0.432868,0.87397,1
-0.00299573,-0.629995,0.697797,-0.141877,-1.23529,0.233792,0.817582,-0.203203,-1.08471,0.260193,-0.121624,-0.205714,0.0839366,0.552813,0.939166,0.0448769,0.249778,-0.321442,-0.658009,-0.844086,-0.20508,0.816286,0.168288,0.32152,-0.903259,0.362027,0.0748779,-0.418152,-0.421342,-0.358631,-0.325865,0.00205517,0.489013,0.919935,1
0.0902011,0.437451,0.223979,0.12472,0.217612,-0.123892,0.657678,0.270601,-0.229815,-0.59892,-0.0600003,1.00142,0.147872,0.221657,0.29569,0.00785949,0.190256,-0.296366,0.679348,-0.800277,0.571076,-0.376874,0.573676,0.04819,0.499675,-0.00810185,-0.129544,0.151827,-0.335106,0.0794587,0.240329,-0.974529,0.574326,0.863296,1
-0.129877,0.406834,0.0736442,-0.676709,-0.218475,0.479098,-0.392486,0.300278,-0.0902199,-0.806304,-0.480455,0.0834213,-0.914436,0.120904,0.864301,-0.32893,0.55396,0.193936,0.249327,0.90533,-0.461743,-0.284637,0.0801843,0.659295,0.0896111,-0.180007,-0.0430462,0.218983,0.0219979,0.910769,0.29827,0.815786,0.479243,0.879049,1
0.551504,0.113153,-0.19234,0.326721,-0.105734,-0.0307619,0.558667,0.516525,-0.866681,-0.592645,0.9116,-0.561197,0.1197,0.567127,-0.0646656,-0.437111,0.219464,0.0748935,-0.494715,0.214699,0.231242,0.649296,0.547211,-0.628217,0.728635,0.44087,-1.49907,-0.123686,-0.193552,-0.356111,-0.136182,-0.0159641,0.445496,0.776269,1
-0.167178,-0.28266,0.112516,0.421753,0.288821,0.024491,-0.0215723,-0.543999,-0.218396,-0.944634,-0.288853,-0.671402,0.965784,0.349595,0.245228,-0.214948,0.334136,0.222205,-0.206105,0.875579,0.120322,-0.687798,0.021004,-0.0597933,-0.188877,-0.240286,-0.18934,-0.431957,0.23577,1.02363,-0.306144,-0.161365,0.452925,0.870993,1
-0.235981,0.124966,-0.220076,-0.0224171,0.159117,-0.297459,0.239604,-0.686336,-0.51819,0.361332,-0.699261,-0.281082,0.554296,0.452023,-0.326371,0.388173,0.492789,0.187349,-0.692864,-0.510715,0.0251798,-0.627149,0.464237,0.270119,0.806787,-0.880767,0.642995,-0.669676,0.0109376,0.404937,0.204105,-0.148503,0.426211,0.927558,1
-0.717847,0.627809,0.314406,0.29563,-0.749575,0.639261,0.0801039,0.0131058,-0.0380899,-0.0894947,0.0135387,-0.363774,-0.770986,0.112591,0.0146217,-0.678568,-0.342596,0.390266,-0.322995,-0.457826,0.583837,-0.242832,0.470619,1.02932,-0.708309,0.358178,0.0845209,-0.0720792,-0.673166,0.0831345,-0.747001,-0.608573,0.528381,0.805968,1
0.349153,-0.0609671,0.176288,-0.197831,0.545287,-0.305892,0.904768,-0.433681,-0.547517,-0.729406,-0.383103,0.833035,0.658508,0.226793,0.334212,0.214302,-0.380443,-0.0549212,-0.00087239,-0.814297,-0.799064,0.683159,-0.533049,0.0333025,0.36074,-0.816922,0.00884664,1.12884,-0.553625,0.90731,-0.147644,0.477681,0.470204,0.774513,1
-0.656228,0.210919,0.224872,-0.198114,-0.577094,0.246134,-0.23468,-0.240182,-0.713854,0.161068,-0.453265,0.11297,-0.901564,-0.0247134,-0.374583,-0.01971,0.566245,-0.454112,1.05112,0.215787,1.38009,-0.024341,-0.632733,-0.00656673,0.876033,0.297676,0.486381,-0.473619,-0.311396,-0.00760271,0.94519,0.352542,0.569013,0.868902,1
0.205182,0.127746,0.268551,-0.439292,1.11703,0.161907,-0.44708,0.123602,0.576847,-0.651328,-0.394023,0.296032,-0.0545858,-0.579725,-0.111256,0.062211,0.203418,-0.0309379,-0.0264519,-0.913505,-0.28504,1.44368,-0.0677568,0.644737,-0.139048,0.345867,-0.0533246,0.00523885,-0.0872377,0.0610403,1.22159,-0.0531202,0.515237,0.857782,1
0.146944,0.268302,0.183442,0.126537,0.370565,7.95,0.349132,0.297972,0.176901,0.324742,0.351771,0.36792,0.191659,0.282174,0.365852,0.317205,0.309132,0.198116,0.397971,0.288696,0.293447,0.309912,0.377984,0.250205,0.359648,0.125507,0.130989,0.384056,0.147298,0.276619,0.240896,0.385035,0.52,0.82,1
0.200759,0.106232,0.399329,0.229629,0.220021,7.95,0.129772,0.368524,0.224597,0.303103,0.227924,0.390518,0.352216,0.377418,0.359919,0.362744,0.352564,0.115166,0.25861,0.300744,0.334022,0.122641,0.285291,0.381637,0.100148,0.348375,0.210196,0.190577,0.191553,0.141917,0.315616,0.19784,0.52,0.82,1
0.527919,-0.291037,-0.35967,-0.54837,0.703624,-0.139,0.362621,-0.171922,0.0161141,0.370467,-0.904721,0.0382745,-0.00413238,0.151385,-0.364878,0.0424673,-0.258124,-0.286664,-0.0288415,0.300395,0.660685,-0.477448,0.171166,-1.3332,0.809224,0.087044,0.0681232,-0.239883,0.51302,-0.519863,0.677537,0.157218,0.54549,0.780442,1
-0.188254,0.0628736,0.172017,0.759707,0.699593,-0.165261,0.550051,0.323798,0.0901121,-0.00709783,0.549697,0.536914,-0.779488,-0.139336,-0.0898355,-0.160893,0.362623,-0.0639566,-0.293024,0.334438,-0.273551,-0.210881,-0.378863,0.203472,-0.183089,0.559849,-0.749115,-0.369667,0.882115,-0.111289,0.976231,-0.0270133,0.427676,0.777515,1
0.447501,0.199318,-0.346897,-0.274112,-0.039193,-0.224868,-0.298664,-0.441,-0.454562,0.551848,-0.769601,-0.128052,-1.13787,0.0019279,-0.350258,0.709071,0.815182,0.243642,-0.294171,0.313728,0.505526,0.127449,-0.144809,-0.131415,0.307263,0.210614,-1.30684,-0.190962,0.233636,0.18185,-0.197865,0.32616,0.529513,0.928305,1
-0.0168435,-0.0567636,0.145881,0.942988,-0.293346,-0.308691,-0.0523147,-0.185286,-0.289351,-0.371002,-0.500181,-0.207745,-0.350442,-0.185225,-0.126251,0.278057,-0.22294,0.443425,0.409013,0.165769,0.525745,0.345631,-0.653116,0.457492,-0.115857,-0.046723,-0.121226,0.026393,0.72653,-0.329671,-0.128904,0.156312,0.513644,0.822717,1
-0.125653,0.592866,0.68851,-0.446471,0.816155,-0.131451,0.677232,0.0107854,-0.946821,-0.362824,0.183328,-0.0428167,-0.137681,-0.332186,-0.0851918,0.0208459,0.80134,0.275392,-0.907269,-0.52708,-0.619745,-0.142076,0.905863,0.311903,0.186981,-0.25221,-0.0302568,-0.00893006,-0.614872,0.427658,0.258384,-0.327159,0.494761,0.769408,1
-0.0970323,-0.900426,0.0237604,-0.650809,0.242691,0.560674,-0.761749,-0.370954,-0.285247,0.505923,-0.38416,-0.125716,0.289618,-0.601914,-0.427318,-0.300848,0.0971325,-0.597168,0.13082,-0.357849,0.167591,0.950662,0.0751411,0.549611,-1.00978,-0.232156,-0.185201,-0.0609835,0.514344,1.13488,-0.517805,-0.148096,0.529166,0.76161,1
0.579223,-0.749713,-0.031077,0.30601,-0.144396,-0.194194,-0.374175,0.283036,-0.0320936,-0.914205,0.0271149,0.691493,-0.271714,0.397605,-0.0319405,-0.446024,-1.26206,0.396531,0.0655472,0.283579,0.740749,-0.0923334,-0.333791,0.85034,-0.404478,0.364311,-0.379375,0.328399,-0.115875,-0.505491,-0.103633,0.138365,0.422255,0.910571,1
0.556498,-0.653137,-0.032876,-0.352295,-0.55442,-0.212834,-1.01842,0.909164,-0.51549,0.448566,-0.237412,0.0175254,-0.1381,-0.937439,-0.0193143,-0.818137,-0.334441,0.119848,0.41952,-0.312178,-1.04889,0.829504,0.249644,0.156853,0.497474,-0.388225,0.495182,0.450352,-0.645312,-0.0294985,-0.0796965,0.209763,0.563634,0.769395,1
0.638241,-0.383324,-0.692246,-0.261161,-0.207875,-0.033803,-0.086183,-1.04541,-0.382986,0.124884,0.100106,0.0484341,-0.19194,0.0570668,-0.167879,-0.182599,0.913907,-0.531939,-0.40218,-0.0190301,-0.0388542,-0.712282,-0.00697936,0.124058,0.217757,0.102462,-0.504678,0.180556,0.571305,-1.18755,-0.0977267,0.0295452,0.443946,0.905281,1
-0.286116,0.592469,0.699626,0.381032,-0.12173,-0.208413,-0.0826101,0.50342,0.222466,0.411541,0.64237,-0.542792,0.134184,-0.141899,-1.10998,-0.890861,0.245427,-0.57493,0.195862,0.373742,-0.112816,-0.902096,0.00829217,0.260663,-0.484349,-0.827251,0.185233,0.23187,-0.0397508,-0.507586,-0.165628,-0.544622,0.5589,0.933052,1
0.121788,0.129052,-0.629116,0.622954,-0.0337461,-0.125507,-0.303925,0.207388,0.0254681,-0.861089,-0.00156274,0.0372967,0.361792,0.867419,0.972946,-0.277442,-0.378768,0.0994613,0.245374,0.512015,0.305253,-0.018976,-0.157991,-0.330709,-0.253432,0.72889,-0.193663,0.641159,-0.26819,0.29666,-0.291787,-0.673867,0.547619,0.876009,1
0.176656,-0.287207,-0.636598,-0.463154,0.246021,-0.360934,0.156515,0.00598272,0.0839021,0.325535,-0.188994,0.141845,0.0367747,1.37927,-0.293883,0.860757,-0.413254,-0.050566,-0.698893,0.211265,0.0435391,0.156005,0.165937,-0.633355,0.248529,-0.727053,-0.72855,0.33495,-0.631137,0.242629,-0.170598,-0.12582,0.475447,0.860422,1
-0.0869609,0.224206,-0.165602,-0.148396,0.967624,0.994502,0.1671,0.230724,-0.452689,0.014091,-0.543768,-0.720902,-0.760489,-0.296639,0.291184,0.128169,0.103489,-0.248845,-0.0068707,0.205769,0.815329,-0.861135,-0.921003,-0.385345,0.724424,-0.629055,-0.657706,-0.746108,-0.479216,0.210872,0.274894,0.520954,0.52248,0.854083,1
0.739449,0.34436,0.303291,0.0743026,-0.642416,0.503155,0.0374866,-0.0261092,0.0997238,-0.403359,0.827006,-0.3863,0.986813,0.192905,-0.233019,0.1775,0.430755,-0.000183668,-0.315739,-1.34056,0.319871,-0.707637,0.185737,-0.412225,0.425007,-0.625684,1.26985,-0.247082,-0.208521,0.434369,-0.0584609,-0.0644218,0.549974,0.881349,1
0.36778,0.178397,0.165638,0.184817,0.3068,7.95,0.333159,0.118478,0.157799,0.269364,0.173369,0.153193,0.298652,0.396187,0.21048,0.308586,0.150958,0.252352,0.11589,0.363004,0.322571,0.2514,0.336674,0.277611,0.270626,0.343442,0.258299,0.103319,0.374636,0.100089,0.202412,0.310987,0.52,0.82,1
-0.14034,0.223255,0.206937,-0.403282,0.869082,-0.34802,0.72595,0.168531,-0.511285,-0.297021,0.0566215,-0.6033,-0.467099,-0.362909,1.13607,0.525827,0.127855,-0.631548,-0.0794203,0.618014,0.374755,0.105109,-0.0522462,0.325417,-0.345507,0.440063,0.276955,-0.748878,-0.372438,0.148833,-0.0375213,-0.48388,0.486784,0.829004,1
-0.526759,-0.22835,0.0656012,0.653666,-0.29416,0.185852,-0.393501,0.218717,-0.667708,0.419033,-0.814495,0.253264,-0.25864,-0.395632,0.159093,-0.530163,0.0863341,1.46282,-0.693355,-0.204422,1.09488,0.294721,-1.18323,-0.040609,-0.602136,-0.0864885,0.746056,-0.0377888,0.0407348,1.13858,-0.132943,-0.647729,0.560521,0.935289,1
-0.0289682,0.259263,-0.522481,-0.50272,0.457748,0.178614,0.61604,0.021325,-0.450798,-0.0895403,1.06079,-0.210559,-0.540404,0.393668,-0.934704,0.105515,0.305039,-1.55292,-0.591765,0.530445,-0.149714,0.180457,-0.0711799,0.29868,-0.18667,0.393074,0.364239,0.0626301,0.0655063,0.558138,-0.503846,-0.648236,0.514942,0.858438,1
0.378559,0.758923,0.0346526,0.118548,0.00792408,-0.625563,0.0826438,0.0843212,0.766917,-1.68227,-0.0697557,1.00893,-0.119694,0.0974498,-0.174282,0.452211,-0.218941,0.042224,0.0811054,-0.22568,-0.230039,-1.01557,0.560811,0.615722,0.164739,-0.0043742,0.404071,0.964259,0.0807057,-0.210719,-0.830325,-0.276466,0.514325,0.814616,1
-0.120476,-0.635129,0.413977,-0.858376,0.624536,-1.2593,-0.309724,0.851358,-0.903408,-0.142484,-1.1992,0.552928,-0.00195455,0.9075,-0.138523,0.25622,-0.633755,0.374546,-0.100767,1.34894,0.289355,-0.223994,0.338881,-0.408887,-0.0463951,0.00161491,0.18382,-0.194234,0.390533,-0.117273,0.0489546,-0.371419,0.48126,0.785372,1
-0.694558,-0.0992388,-0.235692,0.459217,-0.248382,-0.622106,0.511782,0.212475,-0.965146,-0.245523,-0.567126,-0.587644,0.0162878,-0.274692,-0.014866,0.229118,-0.156852,0.986892,1.11682,-0.286698,0.942848,0.925171,-0.349764,-0.145865,-0.342284,0.415107,0.531223,-0.669496,0.24961,-0.285028,0.118523,-0.447152,0.532891,0.836233,1
0.301046,0.550941,-0.144194,-0.701188,0.355896,-0.0360208,1.34023,0.610304,0.467586,0.493049,0.489034,-0.135211,-0.223257,0.21225,0.0206993,0.207328,0.164187,-0.531401,0.220433,-0.507779,0.569378,-0.260176,-0.132448,0.447677,-0.214691,0.147551,-0.127518,-0.0502299,0.730919,-1.17807,0.729253,-0.699152,0.542612,0.798009,1
-0.430988,-0.461973,-0.444707,-0.0646294,0.193235,0.353821,-0.0678494,-0.805466,-0.206011,-0.22375,-0.875727,-0.198637,-0.449088,0.714279,0.0734957,0.600174,-0.0477776,-0.110121,0.203786,-0.92928,0.472238,0.259108,0.492619,-0.455904,-0.0077846,0.462372,-0.148981,-0.724504,0.546572,0.22636,0.110715,-0.373917,0.488457,0.861188,1
0.0744882,-0.134073,0.553871,0.248205,-0.796857,0.0037089,0.172136,0.30475,0.119253,0.0464536,0.82509,0.880886,0.48041,0.444313,-0.0626896,0.317853,0.293032,-0.194523,0.719427,-1.04415,0.421331,0.501666,-0.349513,0.128856,-1.1942,0.593338,-0.14076,0.349781,0.0899428,0.614079,0.294196,-0.253789,0.450897,0.827084,1
0.252873,0.0958294,0.0216821,0.627534,-0.155478,-0.347193,0.744428,0.720875,-0.0610026,-0.177034,1.40283,-0.342755,-0.0840722,0.207335,-0.344318,0.45862,0.251872,-1.02265,0.34061,1.0769,-0.000883791,-0.296081,-0.0386347,-0.225389,0.0532411,0.551482,0.675145,-1.0002,-0.0342871,0.103033,-0.308356,-0.35828,0.49507,0.932558,1
-0.0524035,0.521083,0.264294,-0.47391,-0.229713,0.349973,-0.151139,0.0334295,0.167922,0.44125,-0.0897271,-0.461042,-0.46245,0.156065,-0.118012,-0.27891,-0.119803,-0.126548,-0.434153,0.0817272,0.42198,0.343855,-0.0170279,0.429863,0.132266,0.0989794,-0.30206,-0.596235,0.394492,-0.40538,-0.550509,0.00380102,0.482748,0.763714,1
0.0207444,-0.184053,-0.027802,0.368525,0.202111,0.648213,-0.0203313,0.918878,-0.589445,-1.37317,-0.162901,0.123427,0.369079,-0.489697,0.764816,0.524154,-0.539707,-0.171779,-0.18289,0.267765,-0.146876,-0.0500481,0.352802,0.562402,0.474578,0.309162,0.19241,0.263688,-0.362214,0.0883389,-0.00895947,0.395917,0.540591,0.780703,1
0.340745,-0.476168,-0.260377,0.937805,-0.273933,0.211712,0.0634869,-0.158459,-0.181525,0.511729,0.0277954,-1.02289,0.43881,-0.231587,-0.469031,0.0548801,-0.624972,-0.472455,0.0599487,-0.309885,0.226952,-0.452559,0.168702,0.813393,-0.864534,0.476821,0.795272,-0.384522,-0.21562,-0.517159,-0.561236,-0.684827,0.493402,0.86492,1
0.619449,-0.576601,-0.646683,0.0200753,-0.313171,-0.174874,-0.330863,0.445111,0.259409,0.748156,-0.413899,-0.58199,0.347623,-0.0480667,0.288956,-0.525744,-0.510086,0.0336961,-0.256345,-0.372696,0.421131,-0.498616,0.256076,-0.0735983,0.579184,0.256995,-0.203312,-0.0974092,-0.565109,-1.20823,0.480585,-0.397081,0.549154,0.900354,1
-0.242055,0.290487,0.797769,-0.43126,0.808748,-0.403977,-0.0176305,0.311722,0.553943,-0.22972,-0.198273,0.260048,-0.279701,0.566698,-0.28698,0.0246811,0.887381,-0.136212,-0.296206,-0.179715,-0.30275,-0.608221,0.00468323,0.0968334,-0.396127,-0.234768,0.0934828,-0.239688,-0.686491,-0.555388,0.323245,-0.624463,0.53634,0.831835,1
-0.455446,-0.214115,0.241831,0.0224062,0.50365,0.361424,0.258218,0.28367,0.244496,0.0324052,-0.0429578,-0.0662789,-0.250574,-0.283572,0.144815,-0.57589,0.701666,-0.344991,0.205614,-0.707011,0.501384,0.493149,0.92813,0.336948,0.740399,-0.35597,0.8127,-0.143499,0.133196,0.138294,0.0508504,-0.46724,0.451843,0.908423,1
0.95,0.88,-0.232359,0.488272,0.0151224,-0.478679,-0.223767,-0.0410588,-0.20979,-0.176839,0.400003,-0.435291,-0.428597,0.0741095,-0.18528,0.126171,0.00850378,0.20289,0.0577684,0.111371,-0.0448601,0.0318024,0.0238784,0.213034,0.243126,0.066042,0.147008,-0.446493,-0.349853,0.0052523,0.324636,-0.235762,0.48,0.2,0
-1.43146,0.750442,-0.0714421,1.08079,0.196747,-0.934727,0.158789,1.5467,-0.358728,-0.0952338,-0.855821,0.331552,-0.467903,-0.620133,0.852347,-0.216922,0.490168,0.0753418,-1.4571,-0.606487,0.146678,-0.712471,0.531238,-0.503185,0.373081,0.287075,-0.24904,-0.272464,0.775861,-0.513991,-0.388913,-0.0722187,0.442643,0.89596,1
-0.203512,0.781138,-0.372498,-0.0397048,0.847602,-0.0290763,-0.133448,0.250936,-0.267998,-0.018851,-0.0260757,-0.556805,0.684636,0.205615,-0.230755,-0.2714,0.10431,-0.635856,-0.460646,0.343355,0.880503,-0.669321,0.037715,0.0224407,0.08086,-0.518968,0.390904,-0.149871,0.232215,0.482623,-0.365551,0.215347,0.483785,0.929524,1
0.218851,-0.352764,0.592053,0.0588165,0.315318,-0.118593,-0.518411,0.0136816,-0.0383023,0.375986,1.06458,-0.478006,0.072194,0.275517,-0.269743,0.371693,-0.329995,0.462009,-0.315468,-0.208786,-0.185815,0.0184516,-0.582718,-0.206726,-0.197722,0.47165,-0.469745,0.256217,-0.271054,0.278315,0.533319,0.4349,0.531874,0.827609,1
-0.00934995,-0.511521,0.824757,0.0147047,-1.24754,-0.151271,-0.0953809,0.122187,0.238111,0.192247,-0.222701,0.181954,-0.805053,0.0702392,0.711587,0.606862,0.0700883,-0.323084,0.0949506,0.400255,1.01594,0.0912007,-0.385076,-0.641014,0.130123,0.145089,-0.892427,-0.155026,0.528793,-0.336144,-0.467239,0.627118,0.480466,0.89267,1
-0.236561,-0.0598649,-0.400698,-0.343186,0.121981,-0.206949,0.382455,0.941447,-0.116076,1.12602,-1.1811,-0.238203,-0.602988,-0.508575,0.0254716,-0.687628,-0.955288,-0.561005,0.346364,-0.590616,-0.267209,0.494329,-0.637997,-0.168119,0.178534,-0.731085,-0.178816,0.409799,0.751188,-0.393311,0.250288,0.490659,0.488406,0.821702,1
0.00434215,-0.429517,0.388746,0.52308,0.263914,-0.633627,0.241088,-0.398926,-0.611376,0.523007,0.09873,0.528622,-0.198904,-0.35069,-0.167706,-0.581474,0.594843,-0.324746,-0.409237,-0.640055,-0.00510248,-0.0691167,-0.286437,1.14326,-0.164032,0.519485,0.671353,0.927199,0.0433835,-0.241355,0.0277283,-0.369754,0.517183,0.872329,1
0.0143239,0.392252,-0.637764,0.13189,-0.461889,0.264001,-0.748956,0.36413,0.440999,-0.344802,-0.493929,0.891352,0.180323,0.444795,0.243363,-0.730625,-0.186727,0.664437,-0.348924,0.424732,0.255787,-0.00802366,1.40065,0.103491,0.0877852,-0.608171,0.251831,-0.705167,0.874766,-0.433619,-0.482934,-0.199608,0.508892,0.83758,1
0.020563,0.0735666,0.353793,-0.328967,-0.273865,-0.828732,0.279953,-0.794451,0.169386,0.0970436,-0.109699,0.3895,0.249603,0.306874,-0.0514528,0.45786,0.0874544,-0.412439,0.344136,0.212851,-0.268782,-0.207842,-0.619923,-0.718243,1.03585,-0.0395545,-0.498483,0.183037,0.386346,-0.457008,-0.182718,-0.276311,0.510912,0.875644,1
-0.353726,0.500425,0.0943969,-0.109619,-0.833631,-0.0146203,0.659704,-0.496103,0.937862,1.21352,-0.07333,0.0659113,-0.0704672,-0.246718,0.0685726,-0.212653,-0.298373,0.341003,0.0171469,0.399432,-0.149474,-1.00388,0.211844,-0.224468,-0.611311,0.582765,0.128539,-0.880608,-0.0540686,0.463063,0.0691005,-0.0017331,0.424864,0.81327,1
0.485096,-0.19655,-0.0654237,-0.514688,-0.299248,-0.626955,0.0784333,-1.28798,-0.352397,0.00141213,-0.77588,0.600033,0.0627558,-0.117095,-0.53173,0.0454091,-0.0561335,-0.860152,0.222017,-0.312457,0.0426301,0.382609,0.111545,0.0177594,-0.849023,-0.40552,-0.679236,-0.194591,0.496819,0.23746,-0.0975653,0.492538,0.466033,0.85571,1
-0.111168,0.430266,0.0828503,0.314773,-0.417745,-0.418474,-0.995047,0.685922,0.49389,0.939921,-0.76373,0.133622,0.547655,0.648358,0.200311,-0.531722,-0.277547,0.105177,-0.15234,0.266944,0.524657,-0.284259,0.496191,-0.124282,0.947584,-0.583587,-1.01243,-0.924627,0.406863,-0.687489,-0.979259,-0.790775,0.474427,0.805288,1
-1.02545,0.111856,0.00628734,0.11354,-1.87915,-0.34724,-0.292817,0.234376,-0.256564,-0.414774,-0.673939,0.833159,-0.4241,0.562669,0.527067,0.0208989,0.478211,1.02062,0.44806,-0.0117136,-0.654937,-0.466698,-0.959577,0.371695,-0.081094,0.213995,-0.138226,0.284077,0.459323,-0.211044,0.352624,-0.216742,0.456121,0.94294,1
0.190456,-0.00789893,0.031442,-0.456441,0.508842,-0.0905961,0.583489,-0.0836814,-0.585142,0.136269,0.116552,-1.42731,-0.408515,-1.20578,0.478979,0.817114,-0.491394,-0.051671,-0.131496,-0.457644,0.286833,-0.0673852,0.129921,0.38587,0.724937,0.522885,-0.367487,0.722312,-0.387795,-0.365117,-0.604497,-0.683695,0.504393,0.894239,1
-0.239969,-0.0620308,-0.272053,-0.491025,0.622028,-0.272,-0.0692368,-0.731441,0.336046,0.356652,-0.141573,0.35996,-0.605117,0.398726,0.142858,-0.674896,1.08182,0.579565,-0.343427,-0.439177,0.506628,-0.00223604,-0.191766,0.200566,-0.551106,-0.625147,-0.281946,0.135918,-0.277718,0.343987,-0.75858,-0.418462,0.497539,0.791024,1
0.170467,0.224334,0.0308035,0.280862,0.432043,-0.0383988,0.00590001,0.0179082,-0.188975,0.338134,0.306206,-0.0172861,-0.0348531,-0.221906,0.515417,-0.0991764,-0.238054,0.0892074,0.8871,0.138628,0.703587,-0.152359,0.126381,-0.085944,0.325851,-1.2969,-0.565771,0.298658,-0.429772,0.470203,-0.290523,-0.787951,0.449462,0.870407,1
0.113302,-0.648139,0.423674,-0.0282847,-0.00950229,0.340192,-0.695085,-0.292959,0.259421,0.0974541,0.357002,0.265973,-0.487345,0.816306,0.210417,-0.334601,-0.677556,-0.0918583,-1.06123,-0.526592,0.363453,-0.488911,0.145697,-0.449006,0.388621,-0.08851,0.0450196,-0.0375917,0.659178,0.241213,0.33676,-0.543358,0.543653,0.865672,1
0.588078,-0.328339,0.485447,0.37358,-0.235934,-0.615598,0.0179625,0.327077,-0.704495,0.644301,-0.296935,-0.224994,-0.110636,-0.536344,-0.363478,0.499075,-0.0444189,-0.111281,-0.448154,0.634172,-0.0410258,0.701438,0.145785,-0.0246195,-0.0105914,0.010514,-0.0270167,-0.0246757,0.425465,-1.19615,0.18947,-0.209866,0.527846,0.949625,1
0.942803,0.672377,-0.289381,0.0528302,-0.403194,0.302281,0.32357,-0.841017,0.0224711,0.988163,0.0357272,-0.331728,1.65665,0.722104,-0.320854,-0.612617,0.452282,-0.0826036,0.534283,0.965819,-0.249819,0.00434171,0.140836,0.89809,-0.957363,0.0239373,-0.4442,0.195505,-0.565359,-0.380715,0.993772,-0.20509,0.45149,0.831627,1
0.95,0.88,0.0608886,-0.227251,-0.441147,-0.207945,0.27845,-0.209647,0.181955,0.301788,0.217562,0.174152,-0.0444728,-0.474249,0.361902,0.30118,-0.239784,0.0602974,-0.05292,-0.0695037,0.204841,0.395425,0.428523,-0.13942,-0.336586,0.474485,-0.0350244,0.417844,0.183885,-0.399531,0.408847,0.0488256,0.48,0.2,0
0.494441,0.0779534,0.0213582,0.453018,0.199751,0.632083,-0.156114,-0.186879,0.677777,0.943789,0.134125,0.520755,0.0203818,0.599424,0.625104,-0.17939,-0.931278,0.802163,-0.626263,0.261402,-0.412936,-0.389236,0.000896128,0.301018,-0.332193,-0.410237,-0.0208427,0.1091,0.98623,-1.10921,-0.107399,-1.52141,0.431762,0.943178,1
-0.0685676,-0.172196,-0.294251,-0.279155,-0.33791,-0.761488,0.20714,0.410989,-0.667343,-0.0744267,-0.0125089,0.762062,0.287972,-0.878173,0.382924,0.0494769,-1.00255,0.837073,-0.7688,-0.492162,0.170046,-0.831119,0.124368,-0.593207,0.680239,-0.264095,0.179923,-0.325766,0.490038,-0.579419,0.676962,0.823383,0.468878,0.828269,1
0.0764904,0.787895,-0.208789,0.266319,0.52133,-0.461683,0.103826,0.82438,-0.264885,0.041846,0.127343,-0.794796,0.248018,0.0504997,-0.3196,0.401369,0.104587,0.39973,-0.100075,-0.66796,-0.109232,0.148265,-0.482532,0.557,-0.176132,-0.370432,-0.227959,0.48966,0.420635,-0.304795,-0.35281,0.330191,0.483334,0.79439,1
0.665282,1.17046,0.885828,-0.315777,0.339016,-0.422608,-0.214564,0.414537,-0.955386,-0.0712682,-0.41283,0.363753,-0.53213,0.329245,-0.492097,-1.07632,0.241024,-1.03818,0.100424,-0.659696,0.112843,-1.13294,-1.0049,-1.14536,-0.277038,0.351953,-0.978813,-1.21468,0.169741,-0.382019,-0.509932,0.0990763,0.489748,0.898819,1
0.183721,0.502193,0.807956,-0.153623,0.656715,0.148404,0.602219,-0.219932,-1.35427,-0.0543896,-0.324903,-0.336294,-0.432008,-0.0604374,0.296456,-0.800434,-0.0102205,-0.658094,-0.282615,-0.311803,0.11265,-0.0273346,0.0696064,-0.415219,0.284548,0.0361459,-0.0489485,-0.670369,-0.745139,-0.28653,-0.00191434,0.618113,0.530571,0.870605,1
0.180981,0.0394689,1.47507,-0.126978,0.282382,-0.552984,-0.277189,-0.863993,-0.203216,-0.0451114,0.615124,1.1513,-0.405523,0.0916588,0.983895,-0.238576,-0.219913,-0.407232,0.198576,-0.566254,-0.198469,-0.281755,0.264553,0.0144516,-0.0778782,0.862551,-0.106517,-0.413634,0.00121916,-0.723714,0.155858,0.251662,0.550525,0.792314,1
0.226581,0.277515,-0.500663,-0.708927,0.444492,0.415472,0.306466,0.0877168,-0.0354879,0.56402,0.641588,-0.831817,-0.34163,-0.70925,-0.131838,-0.69735,0.0907711,0.753228,-0.684461,0.216515,-0.366931,0.43218,1.00036,-0.0800465,0.521134,0.314664,0.228992,-0.242938,-0.630518,-0.285679,-1.00937,0.493755,0.510792,0.918306,1
0.658476,0.0410683,-0.151961,-0.489499,-0.159556,-0.658108,0.909965,0.312417,-0.379909,0.00354658,0.402683,-0.0387611,-0.0173179,1.39657,-0.365941,0.352501,-0.0788603,0.368676,-0.0637714,0.0143853,-0.0760994,-0.247606,0.779649,-0.142791,0.730382,0.321907,0.123878,0.28927,0.284555,0.314079,-0.247455,-0.203147,0.522417,0.899899,1
-0.142601,-0.144487,0.141283,0.541521,-0.487004,-0.414776,0.340327,0.0207595,0.4535,-0.412508,0.505311,-0.776792,-0.483653,0.677182,-0.0105758,-1.23213,0.218103,-0.476796,0.629473,-0.854353,0.250465,1.13346,-0.216198,0.0946525,0.490574,1.58892,0.329924,0.0317066,1.23624,0.861114,-0.0922396,-0.537376,0.488286,0.944629,1
0.326531,-0.269858,-0.448829,-0.0783614,-0.13547,-0.494554,-0.763031,0.476613,-0.257395,1.06404,-0.605943,0.0671059,0.259879,0.371729,-0.41622,-0.00264248,-0.228861,0.22475,-0.357304,-0.372729,-0.573684,0.216375,0.339472,-0.0785092,-0.709187,0.366536,-0.357359,0.243504,-0.136008,-0.225652,-0.917322,0.662834,0.462309,0.870401,1
-0.55794,0.243772,-0.888967,-0.0556087,-0.372254,0.550238,0.0270685,-0.0963345,-0.509088,0.0692586,-0.274838,-0.471268,-0.767049,-1.31337,-0.212134,0.276438,0.424727,0.0391808,0.70972,-0.38185,-0.32685,0.0298573,0.449765,-0.394462,-0.977605,-0.485012,0.19944,0.685159,0.124704,0.655873,0.110847,0.573098,0.49559,0.867688,1
0.714451,-1.09977,0.171263,0.024909,0.178924,-0.111651,-0.484423,0.513555,-0.308732,0.128348,-0.354081,-0.0805788,-1.21859,-0.514161,-0.551848,0.138155,0.440356,0.537548,-0.535121,-1.34801,-0.197416,-1.27769,-0.588034,0.417093,0.0989022,0.81081,0.366142,-0.277664,-0.193648,0.939695,0.601832,0.641466,0.519714,0.829164,1
0.200935,-0.361301,0.577015,-0.927873,-0.310908,0.0381638,-0.411118,-0.370062,0.459677,0.278932,-0.414411,0.0249445,0.265791,-0.213328,0.461055,-0.357901,-0.0292569,0.533749,-0.695858,-0.0919379,0.0618404,-0.57113,0.328464,0.126117,0.38282,1.0238,-0.0338529,0.653707,0.0758273,0.24072,0.202477,0.531628,0.435286,0.794631,1
-0.720704,-0.0537051,-0.525472,-1.48632e-06,0.687102,0.234784,0.224905,0.237583,-0.292522,0.431182,0.197709,0.636022,-0.206885,-0.0862752,-0.0362975,0.510927,-0.0538754,-0.426449,-0.316736,-0.0305192,0.00173668,-0.0991254,-0.48372,0.227526,-0.247008,-0.326806,-0.0902533,-0.38355,-0.411796,0.637114,-0.37839,-0.0651078,0.512319,0.796053,1
0.328907,-0.267277,-0.121965,-0.146853,-0.334273,0.449478,-0.672681,1.17693,-0.304436,0.501276,0.164334,-0.276817,-0.0148577,-0.347111,0.129641,0.412586,-0.621052,-0.307945,0.199871,0.870494,-0.50006,-0.591849,-0.623546,-0.657746,-0.38223,0.102483,0.239952,0.438989,0.30219,-0.870005,0.914154,-0.283792,0.535208,0.881815,1
-0.406437,0.395212,-0.11656,1.08392,0.418675,-0.629761,0.490675,-0.0643429,-0.317903,0.526403,0.0860272,0.521379,0.505948,0.493666,0.408933,0.709521,-0.624563,-0.0948308,0.01964,-0.0437525,0.138033,-0.126782,-0.331167,-0.307826,-0.655957,-0.711166,0.751183,0.0281634,0.300802,-0.166829,0.295678,-0.262612,0.558704,0.766465,1
-0.463165,0.454056,-0.354312,0.304103,-0.587513,-0.295827,-0.109555,-0.55131,-0.283344,-0.418547,-0.352269,-0.532958,0.638604,0.536382,-0.334606,0.800095,-0.595411,-0.418327,0.340449,-0.627189,0.369313,0.25798,0.468054,0.3045,0.0748079,0.136367,0.568674,0.315883,-0.0197281,0.962993,-0.117106,0.130755,0.427118,0.928328,1
0.675486,-1.15141,-0.118155,-1.0563,1.03565,0.167368,-0.251214,0.151466,-0.0723693,-0.745753,0.172978,0.401712,0.166294,0.531131,-0.367561,-0.567162,-0.112413,-0.614177,0.665276,0.074955,-0.151068,-0.50259,-0.123294,0.162737,0.553599,0.237595,0.603126,0.257286,0.154322,0.238587,-0.0523662,-0.225916,0.505,0.786036,1
-0.308257,0.00445527,0.457948,0.177027,0.62662,0.0752878,0.987091,-0.695433,0.0424158,0.806229,-0.0925468,-1.08144,-0.386851,-0.244519,-0.406146,0.447064,0.409343,0.710547,-0.243117,-0.846546,-0.407882,-0.524466,0.194365,-0.187925,-0.230763,-0.349734,-0.397803,-0.638888,-0.213412,0.0235051,0.462811,-0.329719,0.442437,0.836155,1
0.753438,-0.387968,-0.716891,-0.783336,0.230941,1.16041,0.259174,-1.965,-0.333717,-0.612555,-0.0721797,0.559575,0.807158,0.0744343,-0.796833,-0.541081,0.116487,-0.705936,-0.0560853,0.0353358,-0.419838,-0.284079,-0.0581583,-0.232795,0.273229,-0.744036,0.356913,-0.568619,-0.377762,-0.622699,-0.268004,0.590024,0.484559,0.822007,1
0.639346,0.677651,0.565369,0.113817,0.204151,0.276982,-0.322564,-0.701862,0.599542,0.936457,-0.627862,-0.103254,0.23162,-0.0946241,-0.107638,0.56362,-0.796935,0.0659532,-0.483582,0.286873,1.36288,0.184515,0.0583718,0.271385,0.538023,0.440258,-0.404997,-0.270382,-0.0773367,-0.355396,-0.715766,-0.102887,0.447049,0.798313,1
0.398869,0.131504,1.1849,-0.400359,-0.0829307,0.21459,0.318683,0.741121,-0.842836,-0.116691,0.229735,-0.799509,0.191162,0.013977,-0.758208,-0.023215,-0.352969,0.398762,-0.490002,0.586646,0.536324,-0.35457,-0.305167,-1.27449,-0.0882556,-0.167283,-0.345924,0.129952,0.192515,0.0807846,-0.457127,-0.572435,0.515144,0.810519,1
0.418726,-0.38365,-0.482012,-0.464759,0.6024,0.440694,-0.517449,0.489966,0.909973,0.50057,0.0407516,0.278291,-1.01889,-0.202256,0.515874,0.801556,-0.619842,-0.544015,0.409533,0.236882,0.814914,0.0220807,0.494114,0.00407041,-0.0519253,0.130392,0.00103392,-0.171638,-0.87362,-0.684236,0.125164,-0.464779,0.48479,0.941797,1
0.0406894,-0.448832,0.372298,0.572695,-0.0976449,0.718983,-0.214872,-0.569606,0.489394,-0.528629,-0.423161,-0.865612,0.164027,0.355475,0.106495,0.415718,0.632825,0.274719,-0.369166,0.678517,0.107046,-0.713746,0.504254,-0.105181,-0.127855,-0.457842,-0.851815,0.561883,-0.126668,-0.100285,-0.346406,0.0867127,0.515537,0.769803,1
0.873522,-0.0882148,0.532801,0.347936,-0.831935,-1.0341,0.252901,-0.325855,0.34101,-0.529109,-0.108291,0.641479,-0.574776,-0.393488,-0.324438,0.0412631,-0.134255,0.85424,0.303399,0.0530328,0.222531,-0.48372,0.673576,-0.608871,0.134032,0.534773,-0.588737,-0.0171988,0.619786,-0.119428,0.168673,0.0150524,0.468109,0.922438,1
-0.827606,-0.141784,-0.0112935,-0.212009,-0.41934,0.143063,0.212288,-0.479203,-0.191518,-0.314015,0.0270115,0.360351,-0.240342,0.169893,0.633684,-0.354394,0.305682,-0.0383926,-1.18263,-0.943576,-0.184544,-0.0635603,0.337524,0.831691,-0.7369,0.249072,-0.0130691,0.439135,-0.686248,-0.625678,0.0260195,0.0405182,0.564617,0.848023,1
-0.574908,-0.0319497,-0.408782,0.0789823,0.389928,-0.72436,0.0951727,-0.130289,-0.413719,-0.0532548,-0.233706,-0.421194,0.147171,0.420595,0.742104,0.196671,0.660547,0.313828,-0.486694,-0.490647,-0.322532,0.103473,-0.0917137,-0.518262,-0.241983,0.0342045,-0.542735,-0.223533,-0.67786,0.831173,-1.08516,-0.767447,0.452173,0.946708,1
-0.195547,0.528341,-1.35902,-0.216126,0.150926,0.567122,-0.677912,0.220046,0.0997558,0.147274,-0.415852,0.631105,0.699754,0.397772,-0.134763,-0.405887,-0.254392,1.03442,-0.674153,0.823347,0.0424377,-0.127747,0.312769,0.69038,-0.296283,0.324559,0.230576,-0.266132,-0.246437,0.303404,-0.132477,0.396143,0.556491,0.835266,1
0.39142,0.520425,0.269661,0.164057,-0.777788,-0.282531,-0.0186142,0.549054,-0.516765,0.239656,0.325731,-0.388684,0.660215,0.382589,-0.447836,0.102974,-0.154971,0.0674665,-0.92403,0.737521,1.1815,0.265547,-0.279679,-0.00829814,0.113931,0.60269,0.0501862,-0.370257,-0.138601,0.0422594,-0.230884,-1.00746,0.518504,0.827157,1
0.827301,-0.671339,-0.246431,0.732228,0.893858,0.408472,-0.604218,0.0662299,0.221818,-0.0173095,-0.677898,0.0696112,-0.217744,-0.630448,-0.0637776,0.0136825,0.203623,0.25916,-0.563397,0.492901,0.239539,-0.459531,-0.172745,-0.902346,-0.158181,-0.0244418,-0.420605,-0.0377702,0.892521,0.519296,-0.0391645,0.354731,0.575121,0.764709,1
-0.363225,-0.209523,-0.388257,-0.3527,-0.0773316,-0.349162,0.0390873,0.0159527,0.769926,-0.559538,0.3189,-0.0119166,0.625728,-0.299279,0.636163,0.0144074,-0.397,0.545881,0.367055,0.0483659,-0.0880286,-0.197803,0.191421,-0.329762,-0.994406,0.319134,-0.207793,0.323841,0.951878,0.45562,-1.01042,0.0985378,0.518803,0.89929,1
0.109721,-0.45937,-0.301025,0.568655,-0.376577,0.127949,0.0997133,-0.643205,0.156484,0.126604,0.0130163,-0.188459,0.281508,0.112475,0.0266677,0.84715,-0.0307449,1.07689,-0.37142,0.831731,-0.150363,-0.260089,-0.329352,0.558775,0.264541,-1.18691,-0.163976,-0.156465,0.359967,1.00948,0.146278,0.429812,0.459482,0.844131,1
0.995095,0.898789,-0.155279,0.294249,0.0222359,0.264308,-0.200945,0.605028,-0.0193734,0.216424,0.693156,-0.0920394,0.953438,0.335076,-0.0855787,-0.18305,-0.132519,0.405912,-0.566035,0.674831,-1.20302,0.516254,-0.409901,-0.935775,-0.566845,-0.012072,0.633714,0.316938,0.0070566,-0.151168,-0.357112,-0.498151,0.501446,0.803977,1
0.0346409,-0.0975051,0.270518,0.608155,-0.414086,-0.271535,-0.208725,-0.502865,0.192599,0.0811045,0.357367,-0.0168422,0.36179,-0.456195,-0.314564,-1.0201,0.408912,0.0484025,-0.000912184,0.359219,0.770692,-0.154811,-0.35583,-0.134648,0.762682,-0.679926,-0.558765,0.300928,0.094108,0.592832,-0.220772,-0.86463,0.513215,0.850256,1
0.205333,-0.115694,0.111895,-0.669587,0.45128,-0.630919,0.0416781,-0.772029,-0.379381,-0.0452805,0.177378,0.0656592,-0.235243,-0.640475,0.019942,-0.204636,0.4053,-0.887799,0.798941,0.316128,-0.0364892,-0.0132879,0.175234,-0.585264,-0.915423,-0.311391,0.405898,0.627601,-0.236134,-0.231704,0.308517,-0.185319,0.508929,0.949337,1
-0.384278,0.572746,0.345985,0.10558,0.402426,0.850138,-0.384026,-0.325049,0.107681,-0.385371,0.0929771,-0.539332,0.972997,0.608571,-0.402549,1.10589,0.0689053,0.240143,-0.464779,0.358511,0.147835,-0.226961,0.224984,0.234076,-0.0785585,0.798406,0.118633,0.102177,0.717079,0.180138,0.502482,-0.779146,0.512452,0.829141,1
-0.214803,-0.0458327,0.941602,0.280935,0.136777,0.0604106,-0.257791,-0.147159,-0.0173085,1.11763,0.393651,-0.234011,-0.469917,0.263255,-0.280644,-0.435491,0.491931,-0.0259042,0.642585,-0.142457,0.369934,-0.712942,0.389611,-0.267981,0.383523,-0.773598,-0.306618,-0.89931,-0.233653,0.347698,-0.161714,0.148693,0.515977,0.926965,1
0.571481,-0.5012,0.213663,-0.122258,-0.590628,0.375427,-0.00144116,-0.303431,0.336197,0.294495,0.000238868,0.226838,-0.609941,-0.356267,0.0490542,-0.0461158,-0.302639,-0.164196,0.00846841,0.734888,-1.34987,0.873918,0.252938,0.138694,0.68119,-0.349581,1.40992,-0.0272367,0.319343,-0.47225,-0.0726016,0.604035,0.426834,0.799218,1
-0.214058,-0.1252,-0.737349,-0.241158,-0.121613,-0.485808,-0.380327,0.225815,-0.516587,-0.187369,0.0349386,-0.0351855,-0.721529,0.072424,-0.253911,-0.157724,0.0931035,-0.724622,0.295022,-0.123616,0.168857,0.0952208,-0.703798,0.0898142,-0.844962,0.69203,-0.0370954,1.65966,0.392127,-0.712321,-0.38311,0.485084,0.493991,0.862271,1
-0.638326,0.703353,-0.577786,0.682769,0.270307,-0.196983,0.0475341,0.281397,0.395629,0.23749,-0.00531887,-0.581255,-0.193862,0.643321,0.251295,-0.0069292,0.551289,-0.48319,0.0226993,-0.201207,-0.24015,0.69154,0.861485,-0.766035,-0.0587964,0.228355,0.149998,0.527866,0.111489,0.138795,-0.226672,-0.531173,0.466873,0.768253,1
0.487083,-0.777407,0.283288,-0.448,0.143336,0.120634,0.106305,-0.223748,-0.847981,-0.177895,1.03006,-0.34181,-0.458175,-0.490436,0.155755,0.327825,-0.571385,0.196557,-0.0900844,0.269702,-0.0192112,0.409711,-0.416131,-0.0665696,-0.289857,0.081828,-0.213847,0.194929,-0.557541,0.127698,-0.916191,-0.609387,0.538717,0.777498,1
-0.564055,0.0616846,0.164626,0.255087,-0.317072,0.349555,0.271082,-0.562319,-0.252259,-0.221494,-0.163903,0.615868,0.069413,-0.236487,0.393391,0.103954,-0.0413216,-0.216436,-0.327388,-0.439994,-0.0606038,-0.212717,-0.035448,-0.12274,0.342332,-0.24444,-0.73296,0.102142,-1.21035,0.0959437,0.122187,0.363714,0.55662,0.787209,1
-0.0452844,0.085322,0.136474,0.0371458,0.201943,0.72457,-0.299655,-0.13774,0.640451,0.591614,0.62616,-0.271518,0.507911,0.338469,0.721642,-0.35943,-0.0914403,0.50177,-0.241679,-0.19659,0.450895,-0.033837,0.719292,0.556858,1.16266,-0.704383,-0.313321,-0.207615,0.807425,0.496113,0.645242,-0.475864,0.552918,0.790065,1
0.519466,0.344757,0.836337,0.0885206,-0.267228,0.113065,0.631161,0.0128334,-0.0351453,-0.458331,0.650282,-0.291984,0.483682,-0.629135,-0.44594,-0.193576,-0.0100605,0.222143,0.606547,1.2029,-0.44353,0.215997,0.892001,-0.703678,0.680986,-0.143834,-0.529635,-0.27972,-0.380757,-0.127184,0.308556,-0.0523491,0.519037,0.90607,1
0.665254,-0.551469,0.505894,0.567166,-0.398634,0.444588,-0.622849,0.0379733,-0.196251,0.0344156,-0.313803,-0.695337,-0.428491,-0.81246,0.00407426,-0.163605,0.266966,0.627865,0.140652,-0.538471,-0.742382,-0.10501,-1.40244,0.385289,0.0970756,0.429262,-0.653596,-0.469564,-0.571172,0.210174,0.55797,0.133684,0.466092,0.926519,1
-0.541353,0.0119318,0.383241,0.252354,-0.478148,0.727863,0.829455,-0.274041,-0.43002,1.13539,-0.0442879,0.362909,-0.226826,0.125025,0.0887526,-0.369644,0.513861,-1.47371,0.080529,-0.415501,1.02963,0.694636,-0.174989,-0.0620082,-0.541686,0.38949,-0.670935,-0.416134,-0.94724,-0.17271,0.806357,0.706675,0.444939,0.783242,1
0.380265,0.360602,0.27192,0.154173,0.273181,7.95,0.317216,0.159175,0.151658,0.34872,0.38737,0.343052,0.143955,0.186512,0.375947,0.127879,0.323245,0.328711,0.167447,0.101568,0.28003,0.137769,0.26375,0.234807,0.228885,0.324926,0.263574,0.18359,0.177577,0.193846,0.285429,0.11167,0.52,0.82,1
-0.617878,0.105071,0.446719,0.476755,-0.236929,-0.478609,0.181801,0.201672,-0.121324,0.368903,-0.0415256,-0.0641953,-1.01894,0.191987,-0.432848,0.329016,0.952115,-0.124298,0.365194,0.0646696,0.471735,0.348517,0.348002,0.289623,-1.06811,-0.176451,-0.637611,0.0667919,-0.104013,-0.681939,0.499092,0.203841,0.49288,0.808233,1
0.48811,0.201932,-0.121747,0.660241,-0.583613,-0.0324761,-0.610471,0.965631,-0.375206,0.369682,-0.179431,-0.136736,-0.490384,0.0103714,0.945011,0.124941,-0.302266,-0.0666253,-0.188402,0.677789,-1.36873,0.0118147,-0.428483,0.0444958,-0.35445,0.29023,-0.172381,0.187396,-0.633395,0.683199,0.234898,0.645647,0.467815,0.777982,1
-0.274442,-0.366467,-0.128339,-0.300804,-0.484077,-0.213521,0.176378,-0.195275,-0.29708,0.189323,0.0795522,0.0907904,-0.220938,0.0728757,-0.253301,-0.418988,0.227443,0.28932,0.670847,0.589966,-0.633537,-0.972432,-0.425899,-0.178257,-0.200819,0.158879,-0.0990967,0.607133,-0.290136,-0.203107,-0.419137,0.133802,0.45091,0.822733,1
-0.0751687,-1.00166,0.00952759,0.231005,-0.0547467,-0.193653,0.241555,-0.378708,-0.243219,-0.433903,-0.175427,0.68284,-0.677517,0.916749,-0.73098,0.246068,-0.204258,0.124168,0.649529,-0.710864,-0.0600936,-0.634914,0.162302,0.525171,0.424019,-0.177848,-1.05334,0.256528,0.601087,0.222392,-0.560418,0.220861,0.579733,0.904482,1
0.192182,1.33947,-0.00755261,0.29624,0.389541,-0.223312,0.0863473,-0.0877766,-0.585694,-0.222979,0.145162,-0.0381753,-0.972134,0.621838,-0.631778,0.333241,0.486197,0.111712,0.738149,-0.105681,-0.265217,-0.168714,0.19125,-0.16211,-0.403999,0.311954,0.326415,0.320956,-0.556245,0.583515,0.173079,0.423305,0.55764,0.760107,1
0.00197816,-0.0972828,-0.0637199,0.0246204,-0.0329091,-0.030598,-0.513343,-0.537562,-0.040629,-0.0169898,0.0493541,-0.707839,-0.022624,0.253856,0.529006,0.206766,-0.4242,0.832766,0.116938,0.357546,0.185474,0.286885,0.78209,-0.425739,-0.585434,-0.641093,-0.261271,0.614714,0.545475,-0.37329,-0.576799,1.50799,0.492122,0.886512,1
-0.0848766,0.161763,0.227934,-0.34531,0.271078,-1.10754,0.868496,-0.392469,-0.324378,-0.187954,1.05546,1.00513,-0.222523,0.642351,-0.201901,-0.275238,-0.739887,0.0120612,-0.301178,1.20115,-0.717902,0.466282,0.0309918,-0.381952,0.045875,0.478055,-0.22817,0.307929,0.193576,-0.122742,0.235651,-0.0782485,0.552093,0.897629,1
0.247132,-0.167467,0.456229,0.260116,0.0307134,0.41275,0.684241,0.536726,0.446014,0.293309,-0.244958,-0.274582,-0.194463,0.212331,0.0422699,-0.59337,-0.141808,0.264072,0.613177,0.240069,-0.0931337,-0.153774,-0.848668,0.0832279,-0.0037823,0.393426,-0.375146,1.2349,0.460616,0.182055,-0.33925,-0.0157493,0.458409,0.836827,1
0.149937,-0.206668,0.374984,-0.396859,0.571427,-0.673784,0.212605,-0.428742,0.502205,-0.462052,0.0667723,-0.813555,-0.942969,-0.27776,0.188204,0.0846871,0.103911,0.132799,-0.295565,0.281673,-0.516266,0.320881,0.513939,0.23505,-0.150078,-0.0916658,-0.144179,0.426846,0.157327,-0.376386,0.267155,1.17556,0.536332,0.896679,1
-0.0678809,0.169614,-0.226539,-0.209671,-0.0941499,-0.11146,0.86198,-0.296333,1.26841,-1.23701,0.21832,-0.228103,0.0080191,-0.0756592,-0.175292,0.359885,-0.699999,0.20361,0.21083,-1.24538,-0.10782,0.7076,0.264962,0.6988,-0.230392,0.542448,-0.138487,-0.152907,0.136898,1.06913,-0.141507,0.0982218,0.445955,0.805868,1
-0.236158,-0.0427822,-0.422381,-0.579157,0.596727,0.0405543,0.236922,0.799805,0.301111,-0.0427054,0.384597,1.18218,0.605309,-0.0493211,-0.249373,0.360576,0.149929,-0.215875,0.339302,-0.119024,0.162195,0.478626,-0.103717,-0.0444993,-0.0429424,0.135507,0.0807132,-0.506787,0.125716,-0.957677,-0.102257,-0.203041,0.444005,0.823382,1
0.405799,-0.15769,-0.403009,0.11031,0.130145,0.267955,0.0819006,0.607263,-0.133666,0.541438,1.23937,-0.197894,0.344744,0.401927,-0.0693128,-0.166524,0.109278,-0.0347271,-0.52247,-0.0448475,-0.290453,0.0469743,0.714163,0.181459,-0.146716,0.0550442,-0.143762,-0.358702,1.14364,0.896525,0.0766197,0.371339,0.494818,0.842066,1
-0.119143,-0.459092,-0.055672,0.323535,0.0519978,-0.311993,-0.308461,-0.0236131,-0.772243,-0.0572544,0.500737,0.790085,-0.0113628,-0.2133,0.35616,-0.118715,-0.380993,-0.512797,0.200645,0.224949,0.157076,0.120755,0.0700888,0.312566,0.244002,0.451811,-0.22851,0.00299456,0.106003,-0.953651,-0.00890476,-0.386191,0.574727,0.787121,1
0.149287,-1.07721,-0.0983475,-0.121122,0.163194,0.306817,0.711239,-0.166156,0.705611,0.0890189,-0.323092,0.00875427,1.10837,-0.259882,0.123839,0.436116,0.0987182,0.133936,0.25721,0.279937,-0.15421,0.506859,-0.556781,0.719278,0.322554,0.359123,-0.0807609,-0.203909,-0.210493,0.325457,-0.495104,-0.558368,0.547754,0.907847,1
-0.709649,-0.353623,0.655243,-0.324714,0.511461,-0.27676,0.13361,-0.7104,-0.464044,-0.522261,0.741596,-1.01041,0.447611,0.25678,-0.169537,-0.0253448,0.0354552,-0.120058,0.453221,0.786626,-0.41791,-0.553141,0.583614,-0.513493,-0.46611,0.318049,-0.540006,1.09029,-0.621009,-0.736949,-0.351658,-0.389585,0.534648,0.944812,1
0.421512,0.442077,0.996148,-0.141767,-0.884977,-0.987287,0.0672273,0.356493,-0.734883,-0.019276,0.758355,0.439778,0.0462712,-0.289114,-0.467058,0.739622,-1.03304,0.247928,0.452098,0.336788,-0.458976,-0.153555,0.473054,0.295352,0.0572369,0.0550318,0.507243,-0.243511,-0.310614,0.230165,0.0544028,0.250625,0.467864,0.773916,1
0.0224916,0.23592,-0.620825,-0.0350489,-0.0544104,0.694137,0.459872,-0.757106,-0.300548,0.259481,-0.139873,-0.533226,-0.376051,0.283931,0.255204,-0.907497,0.689003,0.324261,-0.199278,0.0572748,0.110455,-0.183923,-0.530866,0.217686,0.8058,-0.611921,-0.754558,0.100146,-0.364279,0.519106,-0.32931,0.186881,0.48828,0.852164,1
0.105834,-0.7118,-0.17709,0.380301,0.0434553,-0.117546,0.00432265,-0.260848,0.567929,-0.0450889,-0.900207,-0.903512,0.163161,0.0244794,-0.65533,0.75056,-0.399649,-0.479308,-0.39802,0.31077,0.202101,0.255333,0.806766,0.228842,0.197642,-0.110864,-0.296461,0.258164,-0.58508,-0.0797534,0.527826,-0.115307,0.457974,0.834787,1
0.393223,0.497293,0.410002,0.447482,0.0257867,0.226874,0.551116,-0.155508,-0.15244,-0.146567,-0.6637,0.242872,0.346227,0.177459,0.915838,-0.680808,-0.282892,0.308727,-0.111434,1.10245,0.461356,-0.241602,-0.355486,-0.0886304,0.235069,0.762526,-0.34095,0.296915,-0.0597183,0.61232,-0.235064,-0.864443,0.559879,0.880036,1
-0.0406858,-0.041878,-0.124859,-0.602889,0.0626214,0.0425565,0.0811434,-0.0485356,0.697865,-0.2993,-0.258804,0.431809,-1.12141,0.358233,1.54888,-1.20499,-0.494626,-0.262776,-0.208318,0.0183608,0.214711,-0.319655,-0.199725,-0.251828,-0.411912,0.376055,-0.0623101,-0.338693,0.162254,0.215731,0.573331,-0.63842,0.504491,0.863313,1
-0.950707,-0.641685,-0.0876707,-0.333257,0.558965,-0.561324,-0.0366241,0.174967,0.0347329,-1.11542,0.67245,-0.0663345,-1.00154,1.06219,0.316457,1.06729,-0.513687,0.658729,0.894662,0.160483,0.0982297,1.16811,0.485861,-0.570231,0.157377,0.295326,-0.0552646,0.00542738,0.353101,0.128326,-0.0452852,0.321045,0.483512,0.813429,1
-0.321654,1.33818,-0.161997,-0.490254,-0.471235,-0.242087,-0.335696,0.61525,0.187106,-0.0368374,0.0429067,0.330363,-0.450293,-0.452807,-0.980825,-0.451338,-0.0562778,-0.533732,0.143698,-0.96864,0.443514,-0.833964,0.315118,0.252819,0.151208,-0.513154,-1.45812,-0.956375,1.01425,0.335567,-0.813033,-0.310785,0.455794,0.782757,1
0.183856,-0.233757,0.46367,-0.794511,-0.171163,0.315711,-0.248544,-0.9192,0.438585,0.990616,0.105225,-0.775547,-0.365487,1.36758,0.031033,-0.0706487,0.639836,0.050064,-0.33099,-0.133179,0.136054,-0.100112,0.925801,-0.737334,0.24545,-0.480226,-0.310926,0.0681422,-0.405573,0.0133506,-0.30766,-0.615878,0.471809,0.800186,1
0.354755,0.385216,0.232669,-0.0717003,-0.464861,0.272783,-0.658063,0.426962,-0.366275,1.15458,-0.56751,-0.502183,0.00411947,-0.816377,0.280336,-0.013417,-0.499656,0.528678,-0.559194,0.597994,0.110014,0.643893,-0.101045,0.186745,0.176015,0.976875,0.230809,0.734699,-0.173165,0.566194,-1.52282,-0.253506,0.548436,0.938526,1
0.537075,-0.599329,1.12228,0.323401,-0.0293239,-0.519785,-0.96778,-0.160311,0.332505,-0.12534,1.16023,-0.857416,0.721209,-0.077088,0.892705,-0.822702,0.119223,0.369325,0.253397,0.528085,-0.525795,0.00210544,1.10971,0.266863,-0.23235,0.157839,1.19919,0.344051,0.179766,-0.322932,0.288694,0.502567,0.531375,0.939669,1
0.195609,-0.114392,-0.156735,-0.411487,-0.178331,-0.706546,1.14637,-0.51725,-0.393584,-0.310884,0.0466958,0.281239,0.0438903,-0.353636,0.232565,-0.0479972,1.28232,-0.458577,-0.438116,-0.751558,0.483362,-0.631703,-0.506197,-1.27462,-0.129665,0.889406,0.207711,-0.0738754,0.608303,0.48812,-0.737569,-0.93618,0.579612,0.854636,1
-0.403101,0.175343,0.121713,-0.26255,-0.158479,0.112637,0.22539,-0.333147,0.321125,0.838563,-0.079762,0.315781,1.37526,-0.112534,0.499106,0.135953,-0.451791,-0.0239235,-0.0650044,-0.467495,0.431958,0.721888,-0.00681946,-0.249191,0.656203,0.040872,0.0560324,-0.0540262,0.0367299,-0.010585,0.321479,-0.22643,0.457979,0.857803,1
0.0112582,0.783769,0.371665,-0.0304249,0.315547,0.269573,0.744524,0.866337,0.175502,-0.0617231,-1.22192,-0.770944,-0.29434,-0.652579,-0.194405,-0.841621,0.649304,0.102689,0.490229,-0.736661,0.470164,-1.12092,0.247336,-0.691272,0.109584,0.142293,-0.190341,-0.748166,-0.0447707,-0.312342,-0.47747,0.0719682,0.524308,0.767768,1
0.665823,-0.0921822,0.5713,0.0454897,-0.988897,-0.412715,0.83336,-0.015348,-0.285832,0.711137,0.0110916,-0.228823,-0.129775,-0.896293,0.629108,-1.00384,0.692072,-0.436228,0.589854,-1.28974,-0.124168,0.102774,-0.624425,-0.620305,0.154958,-0.33293,-0.44529,-0.570583,0.890844,0.193263,0.224713,-0.0727413,0.492211,0.838724,1
0.760853,0.30777,0.20791,0.376532,0.144393,0.48047,-0.659038,-0.135659,-0.282686,-0.0775185,-0.654277,-0.611917,-0.00657824,-0.320479,0.716328,-0.360102,-0.644938,-0.0726127,-0.481243,-0.388914,0.390721,-0.181528,0.869987,0.517827,0.492753,0.441226,0.078435,-0.0731842,-0.199889,0.374175,0.630262,0.294709,0.57933,0.877246,1
-0.299459,0.807677,-0.7606,-0.264677,-0.741371,0.241823,-0.308629,0.488539,-1.21201,-0.500053,-0.0816717,-0.0665363,-0.0232079,0.150247,0.0469506,0.799333,0.437021,-0.0394939,-0.210394,-0.328861,0.675816,0.105066,-0.498726,-0.524873,-0.530202,-0.263088,0.0372918,-0.640299,0.0954433,0.391321,-0.928981,-0.348072,0.553371,0.864456,1
0.469755,0.48435,-0.155263,-0.341991,-0.678096,-0.0903243,0.21139,-0.575502,-0.180509,0.269092,0.162397,-0.637524,0.485375,-0.0646597,0.360371,-0.0680897,-0.339555,0.605772,-0.541887,0.179447,0.0136132,-0.263065,-0.996316,0.337298,0.27578,-0.0604296,-0.12532,-0.22625,0.586627,-0.339433,-0.064665,-0.0219033,0.561304,0.777318,1
-0.557624,-0.288816,0.409817,0.169084,0.892861,0.320167,0.779919,0.506289,0.663926,0.877631,-0.131213,0.208692,-0.992256,-0.124383,-0.0302094,0.821777,-0.0450549,-0.722816,0.19048,0.886274,0.0122545,-0.343333,-0.750258,0.14133,-0.350423,0.256699,-0.719698,-0.392942,-0.707644,-0.638882,-0.538609,0.366101,0.468706,0.801508,1
-0.00733606,0.257986,0.747417,0.181785,-0.159822,0.832107,0.177317,0.382463,0.232957,-0.00975921,0.0423634,1.07568,1.22915,0.529853,-0.159171,1.06597,-0.0143247,0.701318,0.762114,0.366836,-0.743341,-0.255602,-0.181887,-0.83344,0.0492061,0.107683,0.101292,-0.167488,-1.53273,0.739242,0.461563,0.747645,0.436589,0.789825,1
0.340292,0.314942,-0.220016,-0.319797,-0.619247,1.2275,-0.452623,0.248258,-0.141128,-0.541491,0.041074,-0.031441,0.381144,0.361633,-0.209855,-0.0873139,0.102955,-0.979572,0.176091,0.293692,0.0921112,-0.0301505,0.419611,0.774728,0.853009,-0.335351,0.291519,0.529834,-0.0427538,-0.433487,0.440373,0.539315,0.525943,0.903223,1
-0.382869,-0.625832,-0.648097,-0.695633,-0.321016,-0.477186,0.343698,0.356653,0.12531,-0.0475312,0.711801,0.614346,0.0471237,-1.14426,-0.898543,0.373251,0.761181,-0.629798,-0.414062,0.507512,0.33993,-0.0118075,-0.779239,0.338524,0.686407,-0.482489,0.563502,0.0968501,-0.531421,-0.230296,-1.13971,-0.199011,0.498096,0.804951,1
0.62182,0.135892,0.146549,-0.655363,-0.630115,-0.256334,0.189996,-0.484066,-0.298714,-0.647371,0.264032,-0.339605,-0.144523,-0.334857,0.165735,-0.427875,-0.297939,-0.336916,-0.125925,-0.264375,0.0752203,0.40705,0.261413,-0.196836,-0.45416,-0.442266,-1.4075,-0.173613,-0.168337,-1.1892,-0.62009,-0.237372,0.572947,0.857128,1
-0.284519,0.532909,0.354223,0.267938,0.494465,-0.0826825,-0.340729,-0.438852,-0.0401061,0.350196,0.886648,0.0191292,-0.627449,0.263786,-0.0224621,0.514707,0.628602,-0.979053,-0.208363,-0.320082,0.0214576,0.499222,0.239784,-0.768874,-0.537129,0.180695,-0.328399,0.128786,-0.0239197,0.14473,0.147487,-1.23327,0.502946,0.84324,1
0.814487,-0.0263383,0.117856,0.134982,0.443374,0.552168,-0.190837,-0.455036,0.733087,-0.25011,-0.419305,-0.104739,0.449904,-0.82061,-0.711793,0.261677,-0.739042,-0.138441,0.22644,-0.303979,-0.127849,0.00912902,0.185119,-0.274354,0.347703,0.26252,1.10598,0.156166,0.686829,-0.277963,-0.706016,-0.632444,0.443049,0.850003,1
-0.17256,0.0925008,-0.0881037,-0.0594119,-0.410379,0.425562,-0.301747,-0.307726,0.274084,0.0748531,0.498802,0.0678394,-0.442372,-0.0714215,0.432905,0.326406,-0.986909,0.211737,-0.739005,0.226897,0.29419,0.615587,-0.663993,-1.05636,0.0766967,-0.153365,0.425077,0.5453,0.627515,0.245565,-0.455451,-0.0930149,0.446032,0.88849,1
-1.05244,-0.836994,-0.176183,-0.24925,0.0657632,-0.425241,-0.0737361,0.211537,0.274456,-0.46464,-0.503326,0.194994,0.147848,-0.293139,-0.702634,-0.38139,0.564462,0.657422,0.263852,0.357538,-0.206892,-0.169931,-0.281815,-0.312703,-0.700074,0.61001,0.796853,0.124292,0.368564,-0.448041,-0.349888,0.231905,0.451032,0.878085,1
0.15591,0.063374,-0.103644,-0.510053,-0.037743,-0.524463,-0.463286,-0.0647563,-0.178654,-1.0051,-0.748226,0.411908,0.44021,-0.156293,-0.249295,0.038059,0.573452,0.571729,-0.483833,0.990401,-0.219645,-0.0886729,0.450266,-0.78618,-0.161598,-1.51437,0.799576,0.183179,0.679063,-0.495845,0.152894,-0.5252,0.499923,0.811384,1
-0.255643,-0.372712,0.861259,0.204829,-0.208734,-0.119967,0.847053,0.361633,-0.611131,0.645328,-0.0197695,0.759466,-0.632376,0.856558,0.720845,0.0741529,-0.226164,-0.207851,-0.133716,-0.325188,0.342953,-0.0908475,-0.296523,0.459825,-0.759933,0.215015,-0.40214,0.813077,-0.801084,-0.338518,-0.521881,-0.27499,0.553638,0.781308,1
-0.00940467,-0.450415,-0.00239815,0.0821569,-0.150531,0.242092,-0.855246,-0.462152,-0.253739,-0.530346,-0.525599,-0.267247,-0.262585,0.710386,-0.514405,0.773681,-0.475374,-0.513681,0.61385,0.064312,-0.564297,0.190983,0.0244599,0.665914,-1.29722,-0.522315,0.211493,-0.229902,0.646236,0.719823,0.502047,0.446964,0.424293,0.826086,1
-0.414616,-0.976158,0.198522,-0.174152,-0.0569378,0.136336,-0.354117,-1.16894,-0.391889,-1.67623,-0.103451,0.685726,0.354195,0.545579,-0.157957,-0.203244,-0.682422,0.357672,-0.388013,1.01028,0.511303,-0.383851,-0.147941,0.220767,0.268146,-1.27381,-0.479196,0.512883,-0.249237,-0.912705,-0.0423637,-0.398789,0.431133,0.882682,1
0.178062,-0.142222,0.173361,0.60821,0.800144,0.471549,0.0722082,0.0644264,-0.373786,-0.419946,-0.737964,-0.187234,0.54428,-0.799052,0.739123,-0.228607,-0.862014,0.12352,-0.547423,-0.0569543,0.514042,-0.593029,-0.524708,-0.68385,0.425567,-0.156712,-0.163192,1.1617,-0.184705,0.150688,-0.396544,-0.132981,0.515944,0.909294,1
-0.150538,0.422766,0.240742,-0.232365,0.359778,0.258901,-0.441561,-0.149928,0.654904,-0.000947231,-0.276216,0.733317,0.784641,0.48802,0.461108,0.404905,-0.397838,-0.473765,0.101969,-0.0956999,-0.108256,-0.425049,0.418953,0.276912,-0.494496,0.471508,0.478434,0.0394922,0.203508,-0.499248,-0.504244,0.0600764,0.483684,0.8039,1
0.839618,-0.556357,0.232453,-0.533142,0.220196,-0.0911546,0.414325,-0.873408,0.278404,-0.762645,0.658163,0.712767,0.873593,-0.632249,0.739524,0.355487,-0.909719,-0.66875,0.0205705,0.311607,-0.904375,0.221558,-0.100754,0.407919,0.602643,0.929657,0.0918332,0.163425,0.259377,0.130304,0.297608,1.15641,0.473182,0.838463,1
0.0643932,-0.669671,-0.394184,0.864486,0.0570389,-0.1678,-0.827115,0.163706,-0.171754,-0.184673,-0.54707,0.204454,0.0457233,-0.251689,0.255557,-0.281076,0.19126,-0.956486,0.26372,-0.126676,-0.461508,0.17036,0.120356,0.498183,0.24776,-0.377107,0.0332778,0.140819,0.0290068,1.15697,-0.245117,1.22105,0.565583,0.764836,1
1.18032,0.32481,-0.113734,-0.239806,-0.0216124,0.437685,0.0719148,-0.515389,-0.910455,-0.565894,-0.0215067,-0.150371,0.296433,-0.369236,0.1837,-0.575622,-1.22138,0.562226,-0.997637,0.193044,-0.19841,0.282087,0.091152,0.38513,-0.270077,0.135662,1.11515,-0.229181,0.176796,0.255315,-0.128982,-0.164435,0.571332,0.922298,1
-0.414226,0.0240681,0.500938,-0.0869085,-0.423852,-0.634897,-0.0726304,0.224334,-0.914049,-0.024337,0.15928,0.613588,-1.11388,0.277221,-0.505772,-0.449414,0.168345,0.222098,-0.668521,-0.387725,-0.889524,-0.655843,0.249065,0.145288,0.550484,0.00374775,0.286166,-0.0817651,0.91989,0.160345,0.430061,0.353793,0.552518,0.794745,1
-0.0681816,-0.206758,-0.468462,0.574371,-0.261584,-0.716819,0.20693,0.400356,-0.722329,0.214514,-0.440421,-0.492797,0.904215,0.194596,0.0877848,-0.345519,-0.258768,-0.921011,0.221665,0.348427,-0.371389,-0.877539,0.370932,0.179551,0.0231028,-0.694986,0.327444,-0.933243,0.0518804,0.204677,-0.0643767,-0.0918093,0.577312,0.939432,1
0.48083,0.0338052,0.198538,0.0756818,-0.00725671,-0.137409,-0.201787,-0.368511,0.480171,-0.253496,0.715945,-0.486597,0.395749,-0.256146,-0.757423,-0.664783,0.218957,0.415798,-0.110397,0.0532135,-0.899313,0.219679,0.798437,-0.434045,-0.441992,0.249505,-0.430465,-0.0568649,-0.379382,-0.336642,0.821596,-0.545104,0.564366,0.781601,1
0.475907,0.0851779,-0.962182,0.300707,-0.409997,0.0948482,-0.10095,0.646346,0.0490328,0.849999,0.245533,-0.109498,-0.0143644,0.307079,0.292515,0.058175,-0.0348976,0.166742,1.11583,-0.15226,-0.538821,0.0596809,-0.373911,0.327518,0.425751,0.292432,0.105963,-0.38825,0.930571,1.20181,0.0514267,0.729504,0.506604,0.903407,1
0.300351,-0.621704,-0.457122,-0.614581,-0.789318,0.130763,0.145387,0.29314,-0.0234311,-0.208716,0.345279,0.10541,0.0576679,0.197722,-0.370111,-0.80241,-0.0547856,-0.18919,-0.278759,-0.25275,-0.700195,-0.188148,0.420978,-0.306083,-0.86653,0.165989,0.072844,0.916336,-0.519953,0.91851,0.15923,-0.00965064,0.463143,0.843265,1
-0.0906883,-0.613275,0.0154812,0.935743,0.630615,-0.00629553,-0.736077,0.535257,-0.078269,-0.520118,-1.35049,-0.86604,0.449561,0.211875,0.164959,-0.110919,-0.258656,-0.833324,0.562222,-0.0636052,-0.200274,-0.0611898,0.0550876,-0.742532,0.32693,-0.20528,-0.845839,-0.180447,-0.428695,-0.0257069,0.844012,0.176387,0.486326,0.772382,1
-0.777686,-0.741802,-0.408524,0.0236281,-0.101506,0.241166,0.0577733,-0.0861784,0.0684926,-0.00632742,-0.582902,0.289604,-0.213701,-0.153049,-0.469567,-0.171323,-0.0175518,0.640264,-0.163146,-0.00799581,0.970404,-0.0940176,0.701573,0.533449,1.14794,-0.158844,-0.163122,-0.358712,0.130006,-0.175096,0.0221158,0.460255,0.471177,0.812222,1
-0.316406,0.150749,-0.0898077,-0.56078,0.507607,0.274621,0.294909,-0.518548,-0.22638,-0.0301102,0.449119,-0.147013,0.210904,-0.0676341,0.45019,-0.379463,-0.263726,-0.0514137,0.280777,0.584606,0.456807,-0.335577,-0.421297,0.512494,0.0797587,0.0383315,-0.0517462,-0.611894,0.066824,0.42467,0.0327752,-0.463988,0.50003,0.923866,1
-0.0116707,-0.511941,0.283775,1.47793,-0.63073,-0.429503,-0.53317,-0.643203,-0.00549424,-0.0712254,-0.338479,-0.980224,-0.814765,-0.0225076,-0.162772,0.521713,-0.0903531,0.423333,0.205381,-0.0705416,-0.153388,0.672303,0.0871771,0.0770803,0.432143,-0.0906688,0.813272,-0.131856,0.738516,0.19999,0.420597,-0.228593,0.566027,0.832665,1
-0.313946,-0.204479,-0.367382,0.269104,-0.178085,-1.09055,0.610388,-0.215445,-0.339064,-0.0631292,-0.447949,-0.0201773,0.085766,0.17224,0.374898,0.0948444,-0.200609,-0.304022,0.745737,0.488967,0.461756,-0.0711874,-0.288106,1.02752,0.210484,0.829815,-0.37871,0.193037,0.12976,0.0553979,-0.616188,0.0597053,0.457737,0.906797,1
-0.108423,-0.0216643,-0.370303,0.378964,0.109625,-0.766113,-0.47309,-0.579946,-0.0285524,0.462585,-0.075382,0.227563,0.147847,0.285051,-0.704248,0.3814,-0.0348272,-0.344729,0.922117,0.753386,-0.250763,0.663264,-0.439769,1.0759,-0.19279,-0.107397,-0.278592,0.453222,-0.192863,0.499983,-0.326978,-0.198808,0.576253,0.833941,1
-0.69841,1.19487,-0.66299,-0.523891,0.148864,-0.880919,0.186585,-0.17057,-0.803774,-0.308959,0.393687,0.0508858,-0.885234,0.347484,-0.511021,0.597179,0.327762,-0.543249,0.188124,-0.102014,-0.805498,0.279103,-0.520472,-1.04926,0.47306,0.00318883,-0.141282,0.238582,-1.14905,-1.04434,-0.811045,0.217249,0.459148,0.838549,1
0.282449,-0.258939,0.194123,0.956217,-0.18381,0.215723,-0.554902,0.269383,-0.25764,0.0748714,-0.479999,0.493371,-0.688976,0.446565,0.701262,0.101414,0.143849,-0.12404,-0.787604,-0.729625,-0.516712,0.258374,-0.143393,1.03758,-1.24114,-0.0186973,0.177186,-0.609381,0.31764,0.176138,0.00881989,-0.131803,0.428628,0.941136,1
-0.295805,0.63771,-0.316846,-1.26477,-0.783872,0.420129,0.302149,-0.830272,0.299009,0.114399,0.302964,0.484047,0.633942,-0.606533,0.634736,-0.322846,-0.321637,-0.645139,-1.07331,-0.159438,-0.194249,-0.522197,-0.0263983,0.750562,0.427081,0.255398,-0.169569,-0.00518468,0.763496,1.4342,-0.222317,0.643756,0.558116,0.880165,1
0.813729,0.166145,1.32308,-0.490208,0.00266557,-0.714556,0.781549,-0.0117057,-0.646621,0.201975,0.457263,0.417834,-0.340304,-0.884109,0.00630294,-0.579144,0.73346,-0.85731,-0.104306,-0.345325,-0.348649,0.790022,-0.235648,-0.672271,0.904013,-0.728361,-0.121807,-0.343577,-0.374416,-0.0550192,0.794017,0.334543,0.566313,0.760399,1
0.164966,0.333538,0.361916,0.355805,0.349677,7.95,0.104889,0.144987,0.209938,0.29703,0.291319,0.133741,0.104025,0.27994,0.110562,0.152257,0.204032,0.222437,0.145479,0.384717,0.165917,0.28215,0.1578,0.297418,0.223853,0.108419,0.197557,0.121133,0.235546,0.215941,0.377947,0.34786,0.52,0.82,1
-0.405765,0.0772389,-0.930605,0.677097,0.487636,0.189116,0.428246,-0.314419,0.0632342,0.281687,0.247222,-1.05452,0.40566,-0.458429,0.0435462,1.10011,-0.0892209,0.794042,-0.765021,0.466377,-0.116688,0.100645,-0.122442,0.485211,0.659058,0.158931,-0.108527,0.152445,-0.17475,-0.0462539,0.625858,0.0903575,0.475018,0.784664,1
-0.0946704,0.0134281,-0.372918,-0.687813,0.128518,-0.126003,0.519463,0.891771,0.971227,0.19813,-0.374377,0.766763,-0.0594818,0.337575,0.271185,-0.592915,-0.118039,0.197216,-0.030561,0.667142,0.0583155,0.490217,-0.276895,-0.656026,-0.75394,-0.15822,0.770465,0.620754,-0.403903,0.600589,-1.20407,-0.193783,0.461972,0.791695,1
-0.0317476,-0.166007,-0.268941,-0.292124,-0.344447,0.56486,0.249539,-0.138873,-0.0784635,0.107823,0.417164,0.613626,-0.0206661,-0.250475,-0.50313,0.399289,-0.124055,-0.123272,-0.517161,-0.112792,-0.451669,-0.227744,-0.598153,0.0259032,-0.436218,-0.529177,0.133249,0.0298868,0.0570271,0.066662,0.322399,0.0216895,0.47967,0.863597,1
-0.0171987,-0.191383,0.430423,0.0580107,0.116968,-0.21392,0.640423,0.357551,-0.17134,0.796703,-0.035722,0.255946,1.07916,-0.205037,-0.271178,0.65559,-0.332914,-0.292084,-0.583859,-0.62716,-0.398958,-0.225855,0.532188,0.38512,-0.527989,-0.739659,-0.188486,0.0420493,-0.324692,0.638022,-0.30745,0.958181,0.534013,0.854771,1
0.1943,0.421222,0.16595,0.81811,-0.111396,0.491695,-0.167068,-0.929418,-0.197758,0.515966,0.23386,-0.307246,-0.826703,-0.16771,-1.04135,0.0681295,0.466906,-0.618615,0.264676,-0.0477848,0.33476,0.22366,0.0786635,0.149528,-0.749948,0.578479,-0.876049,-0.317614,-0.0297609,-0.0286739,0.197333,-0.148802,0.477219,0.934504,1
1.07116,0.381555,-0.269848,-0.0325786,0.798624,-0.693456,-0.102113,0.0820518,0.656827,0.218784,0.223961,0.663,-0.14218,0.0347602,0.0646529,-0.409161,0.36634,-0.0640773,-0.464026,0.378529,0.710663,-0.540378,-0.671731,0.0999619,0.0263043,0.166493,0.0190948,0.702191,-0.537907,0.501064,-0.845629,0.729605,0.453657,0.762103,1
0.557838,-0.444669,0.153139,-0.187149,-0.146926,-0.46591,0.74408,0.176663,-0.471605,-0.133103,0.286674,-0.110481,-0.856683,0.490502,-0.233402,0.926433,-0.407,1.13092,-0.246917,0.145101,-0.0981783,0.0588765,-0.234861,-0.784969,0.148546,0.0203494,-0.021522,-0.170397,1.225,-0.539341,0.299209,0.644367,0.536294,0.895163,1
-0.392243,0.584968,0.337206,-0.305548,-0.24114,0.187353,-0.434497,-0.0392651,-0.165802,0.739532,0.433134,-1.11775,0.247944,0.720742,0.235814,0.398504,0.188531,0.756347,-0.258011,-0.313457,0.257929,0.763395,0.958203,-0.055507,0.0427409,0.0138042,-0.212664,0.872091,0.529091,-0.0899444,-0.72088,-0.370638,0.558512,0.800479,1
-0.0474346,-0.588516,-0.186267,-0.30879,-0.0122474,-0.181571,-0.00892227,0.21453,0.677671,-0.0321009,0.498501,0.718623,0.533747,0.316396,-0.719617,-0.41059,0.758166,0.424269,-0.186977,0.153556,0.840784,0.40691,0.308343,0.297994,-0.0651325,0.103121,-0.226705,-0.326894,-0.238354,0.229968,0.826369,0.665861,0.478298,0.766926,1
0.0411107,0.394596,1.53497,-0.050096,0.355507,-0.412492,-0.0250203,-0.0821352,-0.862342,-0.417619,-0.273906,-0.226274,0.411172,0.766281,-0.771452,0.901835,-0.276381,-0.0577901,-0.0594034,0.123973,0.799031,0.612997,-0.250497,0.623856,-0.181455,-0.411248,-0.153915,0.706291,0.0760616,0.70512,-0.00308458,-0.0153376,0.515295,0.828751,1
0.273546,0.142217,-0.250268,-0.890584,0.59482,-1.55188,-0.342966,-0.396536,0.242732,-0.041911,0.349064,-0.453104,0.207422,-0.400861,-1.14548,0.157812,1.13951,0.465968,-0.385311,-0.000486802,0.0682315,0.743791,0.3543,-0.662552,-0.055093,-0.940168,0.0755194,-0.0693728,1.26579,-0.339526,-0.612354,0.855023,0.45099,0.793528,1
0.95,0.88,-0.113134,-0.399982,-0.440882,-0.181612,-0.41023,0.192898,0.323747,-0.437485,-0.352804,-0.276151,0.238919,0.254872,-0.0877713,-0.304367,-0.486237,0.291801,-0.444134,-0.0100373,-0.471593,-0.292102,-0.181326,-0.137755,0.205912,-0.069679,0.347016,-0.13995,0.130865,0.456277,0.306031,-0.0416304,0.48,0.2,0
0.219525,0.369222,0.163709,0.348542,0.383571,7.95,0.261447,0.312393,0.217874,0.189224,0.305399,0.319917,0.300069,0.145171,0.128412,0.328723,0.266897,0.304528,0.103825,0.259798,0.225829,0.140702,0.180386,0.395375,0.102552,0.284549,0.240707,0.149851,0.376711,0.373332,0.241786,0.336009,0.52,0.82,1
-0.359885,0.375786,-0.0693972,0.517789,0.586747,-0.106589,0.0241422,0.215188,1.00985,-0.439782,-0.371349,0.55186,-0.0755144,-0.124959,0.0105515,0.80584,-0.428241,0.0446486,-0.575816,0.544177,0.0840615,-0.465933,-0.576001,-0.275982,0.0605365,0.765625,-0.584994,-0.00922957,-0.553972,0.0516795,0.00323539,-0.607478,0.538288,0.870548,1
0.477939,-0.0115383,0.312159,-0.216005,0.212967,0.686508,-0.305803,-0.126114,0.461869,0.0147432,-0.306477,-0.347934,-0.0408318,0.201754,-0.694938,0.131144,-0.223323,1.31169,-0.0480446,-0.975848,0.175137,0.349247,0.503635,-0.109696,0.314064,0.202493,0.646677,0.0454522,0.823631,-1.10207,0.823077,-0.525833,0.570416,0.820593,1
-0.623014,-0.163531,0.0615487,-0.23265,0.484789,0.109672,0.340272,-0.158972,0.0485127,0.253019,0.245161,-0.286904,0.111586,0.0801414,0.468547,-0.44453,-0.190606,-0.132705,0.408129,-0.788669,0.18051,-0.769576,-0.151292,-0.57142,-0.619602,-0.0559353,0.493159,0.729395,-0.439793,0.404515,0.888787,0.419603,0.56387,0.807294,1
-0.0316797,-0.0617915,-0.148891,-0.258353,-0.652511,0.325331,-0.0720236,-0.137069,-0.367587,-0.205583,-0.628026,0.794866,-0.644099,-0.924393,-0.252798,-0.228379,-0.394478,0.032736,-0.565064,0.529707,1.00665,-0.848294,0.172108,-0.293741,0.505923,-0.233025,-1.08797,-0.162442,1.1164,0.240542,0.29518,-0.162967,0.445239,0.795284,1
0.457165,0.242929,-0.0320693,0.754808,0.184031,0.0498269,-0.269233,-0.495239,-0.516884,0.547689,0.429702,-0.48179,0.548929,0.274368,0.228375,-0.313745,-0.867573,-0.175146,-0.347428,0.392269,1.24535,0.166771,-0.667095,0.0543735,-0.469734,0.734934,-0.365891,0.334486,-0.305381,0.17402,0.123275,1.7323,0.517573,0.820166,1
-0.466142,0.0116677,0.0220867,-0.189161,0.514788,-0.143186,0.0191788,0.219193,-1.27067,0.15609,-0.337949,-0.541725,-0.15971,0.00931691,0.206772,0.683123,-0.653303,0.0070111,-0.299055,0.419087,-0.00304966,-0.326126,0.402363,-0.401628,0.277067,0.528755,0.395668,-0.0464948,-0.939268,-0.181117,-0.273709,0.0873802,0.450683,0.832507,1
0.0714459,-0.0788217,-0.63956,-0.737469,0.249993,0.286832,-0.536391,0.495983,-0.156558,0.0672898,0.541357,-0.725065,0.209955,-0.156279,1.05441,-0.783671,-0.285585,-0.387331,0.569957,-0.00217355,0.703397,0.5753,0.278371,0.254477,0.53808,0.0550175,0.327016,0.12994,0.037406,1.06142,0.274902,-1.23752,0.434622,0.875049,1
-0.13607,-0.577403,-0.840616,0.0261619,0.036525,-0.280027,0.241866,0.403507,-0.0274789,-0.32794,-0.439416,-0.117985,-0.209741,-0.0917684,0.349761,-0.65669,-0.49999,1.14521,-0.111853,-0.148781,0.889544,0.021662,0.0869755,0.224137,0.21072,-0.373835,0.357944,0.612991,-0.401441,-0.0390572,-0.301013,-0.266685,0.57532,0.816588,1
0.187074,-0.802013,-0.127879,0.715301,-0.799165,-0.0716893,0.196103,0.590688,-0.286622,0.771972,-1.17075,0.331811,-0.639125,-0.828013,-0.135613,0.615829,-0.199866,0.321467,-0.00319834,0.150259,0.00644046,-0.521544,-0.111677,-0.258008,-0.958034,0.829219,0.00695409,0.00603421,-0.726202,-0.133466,-0.287122,-0.366966,0.546602,0.939287,1
-0.738755,0.0915491,0.244978,-0.29273,1.32968,0.142519,-0.598253,-1.00746,-0.600103,0.591035,-0.0950982,-0.0987038,-0.3598,-0.273752,-0.520126,0.932558,-0.282348,0.452001,0.233452,-0.489388,-0.181776,-0.0720767,-0.00480853,0.341393,-0.0588353,0.264302,-0.348022,0.0462549,-0.43325,0.824671,-0.251835,-0.395986,0.502208,0.935885,1
0.653503,0.157994,0.3611,0.210563,0.303438,0.543612,-0.122739,-0.228578,0.0146253,-0.937663,0.294251,-0.861926,0.252282,-0.719508,-0.495199,0.397854,0.882372,0.496933,0.201314,-0.816409,-0.312778,-0.423949,0.105989,0.0242268,-0.00524794,0.226614,-0.442882,0.308269,-0.456149,0.464094,0.783365,-0.31513,0.526651,0.869599,1
-0.527755,-0.707324,-0.0121705,0.622639,0.009364,0.302364,0.122111,-0.218488,0.717607,-0.0435527,0.222216,-0.091254,-0.153375,0.278728,0.573643,0.377593,1.26846,-0.461024,0.0546286,-0.990671,1.22104,0.406659,0.289395,0.0618254,0.34761,-0.997217,-0.0786983,0.121039,-0.0118617,0.147534,0.0314534,0.624755,0.488616,0.830342,1
0.625715,0.554694,0.870382,0.019511,0.633548,0.477375,-0.162212,0.168853,0.212627,0.00572841,0.48377,0.051152,1.01667,0.391566,0.259689,0.275046,0.251366,0.304028,0.255045,0.642343,0.246296,0.147317,0.0884567,1.04243,-0.346,-0.502808,0.354639,0.562881,0.00318441,0.346634,0.114337,-0.0964704,0.480959,0.92066,1
0.103071,0.158678,-0.16002,0.711716,-0.107257,-0.568029,0.515591,0.162038,-0.120618,0.393889,-0.289809,0.13035,-0.867161,0.0783318,-0.934337,0.278224,-2.02646,0.594191,0.470129,0.433114,-0.638265,0.896375,-1.29892,0.030403,0.468154,-0.0661931,0.872712,-0.518807,-0.0695861,1.08658,0.0921447,-0.449515,0.542889,0.760781,1
-0.217475,-0.0582685,0.330589,-0.316927,-0.525795,0.808637,0.335756,-1.0609,0.217431,0.413062,-0.338098,-0.516126,-0.156112,-0.535592,-1.22607,-0.125249,0.0767821,-0.189352,-0.330149,0.194481,0.122518,-0.190573,0.878275,0.78397,0.559923,0.271172,-0.11753,1.39037,-0.437235,0.0529469,0.0624111,0.211336,0.458763,0.884457,1
-0.881433,-0.263889,0.294916,0.217429,-0.291015,0.960803,0.340188,0.44485,-0.738765,-0.667187,-0.405985,0.0407947,0.058847,0.0072801,-0.0145135,0.349363,-0.849838,0.0097096,-0.430691,0.457353,-0.103966,0.0878968,0.362099,0.0910877,-0.93975,-0.577039,0.0390306,-0.558968,-0.193927,0.0656441,-1.09062,-0.237687,0.571661,0.911912,1
-0.807254,0.241058,-0.197847,0.0678818,-0.130842,0.0361813,-0.566596,0.0635938,1.52363,0.0792707,0.129748,0.518872,0.296325,1.01279,-0.343969,0.433193,1.61878,-0.198549,0.455157,-0.267342,0.549645,0.737479,0.112531,-0.0636464,-0.390177,0.617662,-0.200121,-0.295045,0.272444,0.423551,0.247812,0.168387,0.533311,0.870926,1
0.660232,-0.494096,1.11696,-0.707615,-0.393396,0.21591,0.554646,-0.0170327,0.978279,-0.442682,0.0658373,-0.317181,-0.205276,-0.151997,-0.212204,-0.114848,-0.417139,-1.07086,0.738298,0.025162,-0.16153,-0.5657,0.0470127,0.627384,0.324301,-0.153886,-0.048133,0.396141,-0.364812,0.13129,-0.420746,0.0344104,0.424044,0.830635,1
-0.50182,-0.10286,-0.595124,-0.15847,-0.129577,-0.0592718,-0.555235,0.698393,-0.601565,-0.111235,-0.541331,0.35753,-0.329795,-0.861443,-0.0779094,0.828621,0.80862,-0.453256,0.641249,0.0780761,0.864181,0.657585,-0.402139,0.372722,-0.496083,-0.0402422,1.00595,0.591742,0.0266256,0.00394977,-0.700346,-0.451311,0.565473,0.815552,1
0.900173,-0.168745,-0.631807,0.0353387,0.234777,-0.691889,-0.0824173,0.2449,0.0446967,0.576616,0.433385,-0.388211,-0.0177554,0.28454,-0.0326146,-0.83735,-0.838135,0.0571105,-0.320273,0.457266,-1.07628,0.235352,-0.199726,0.0396936,0.0562215,-0.218257,-0.525722,-0.323316,-0.317723,-0.248673,0.452944,-0.210904,0.423692,0.844169,1
0.770773,-0.105763,0.0228322,1.09399,-0.245333,-0.12597,-0.0746356,-1.10823,0.663009,-0.443104,0.455764,0.512346,0.117944,0.615014,-0.554628,0.618162,-0.0582526,0.0794794,1.10254,0.274782,-0.46381,-0.38266,-1.17376,-0.291965,-0.335681,-0.098513,0.746083,-0.443173,-0.10721,-0.551089,-0.0155191,-0.556167,0.457425,0.777807,1
0.089508,-0.191494,0.639939,-0.367559,-0.262975,-0.438356,0.0526958,0.0516531,0.310471,0.740944,-0.0211732,0.572721,-0.0690315,-0.553898,-0.729443,-0.722458,-0.146556,-0.16788,-0.1587,0.17753,0.283143,-0.607336,0.3278,0.309406,-0.0970903,0.213244,-0.0602947,-0.091078,0.423075,-0.0617573,-0.0242627,0.324416,0.423093,0.852838,1
0.302649,0.0326267,-0.49888,0.0613859,0.330276,-0.14141,0.631136,-0.152358,-0.352304,0.982711,0.120034,0.535896,0.935053,0.874597,-0.0363563,-0.213746,0.13029,0.810244,0.347752,0.313876,-0.0346623,-0.270874,0.581547,0.0645093,0.539121,-0.168247,0.37772,-0.399868,-0.720496,-0.367908,0.940339,0.528511,0.543705,0.941812,1
0.44818,0.278168,-0.106537,-0.128856,-0.208362,-0.706787,0.316213,-0.384879,1.05981,0.588858,0.0217717,-0.649655,-0.200199,-0.694741,0.378886,-0.439415,-0.314942,-1.53389,-0.718542,-0.0915024,0.675711,0.199609,-0.323542,0.484283,0.223767,0.571615,0.461537,-0.0285412,0.254478,0.197284,-0.509625,-0.0427232,0.47744,0.847395,1
0.0564904,0.0539008,-0.0837416,-0.299885,-0.946311,-0.817868,-0.0930276,0.552839,0.219018,-0.519403,0.0075934,0.205747,1.02272,0.0265262,-0.488616,-0.193346,-0.302549,0.371998,-0.369411,-1.20107,-0.314787,0.435005,-1.02576,0.298923,-0.0550838,0.811304,0.43287,0.0768419,0.287608,-0.0475649,0.612716,-0.337956,0.505138,0.813228,1
0.870695,-0.819564,0.00431586,0.202593,0.489959,-1.13306,-0.733225,-0.13575,-0.429148,0.0923196,-0.189701,0.0897887,0.0478237,-0.194173,-0.137145,0.025982,0.322484,0.293147,-0.00869426,0.81837,0.354899,-0.131736,-0.673771,0.242796,0.198129,-0.273941,-0.194286,0.370273,0.637732,0.462983,0.250605,-0.0954323,0.534217,0.874188,1
0.858556,-0.433388,0.506148,0.0557111,-0.440664,-0.801016,0.313118,-0.420384,0.384104,0.141413,-0.382978,0.296089,0.370386,-0.107477,-0.184917,-0.361323,0.0125939,0.0227955,0.339163,-0.55529,-0.089166,-0.690186,0.367193,0.356412,-0.0641792,-0.365034,-0.397613,-0.470994,-0.223502,0.584074,0.762468,-0.721804,0.506542,0.868755,1
-0.730105,-0.369404,0.723102,-0.440567,-0.465185,0.827428,0.343911,-0.574164,0.00375691,0.395175,0.391711,0.173879,0.262092,-0.124863,-0.160148,0.745342,-0.00013674,-0.316767,0.101484,0.478278,0.0885465,-0.152535,0.139099,0.799993,0.625843,0.541146,-0.286139,-0.276407,-0.98122,0.0559956,-0.386718,-0.0397461,0.467592,0.79572,1
-0.107221,-0.686188,1.05122,-0.958396,-0.656035,-0.064192,-0.484936,0.298824,0.594495,0.0713262,0.0879919,-0.485317,-0.160784,0.985036,-0.447864,-0.589772,0.723203,1.35681,-0.0729371,0.144022,0.0514935,0.0832965,0.192345,1.10284,0.529233,0.0951983,-0.401907,-0.953896,1.16133,-0.432991,0.433609,-0.681142,0.487459,0.802938,1
0.361239,0.993787,-1.29267,0.225771,0.431092,0.102667,0.551266,0.778499,-0.760612,-0.352981,0.298532,0.962257,-0.52278,0.256936,0.0581619,-0.745802,0.249328,1.00298,0.544264,0.152827,0.0842207,0.317132,-0.793797,0.696049,-0.288987,-0.208604,-0.443841,0.456527,-0.0700255,0.395299,-0.379634,0.157464,0.455319,0.807517,1
-0.534512,0.174445,-0.113454,0.368264,0.12734,0.060927,-0.0898462,-0.177061,-0.0204297,-0.624037,0.191314,0.167142,-0.836859,-0.575339,-0.329766,-0.447994,0.0441476,-0.254872,-0.202511,-0.555113,0.126895,-0.353256,-0.429953,0.224752,0.413224,1.09824,0.766748,-0.160709,0.0450442,-0.743919,-0.178356,0.509379,0.523994,0.849057,1
-0.186765,-0.252555,0.125615,0.405113,0.19602,-0.538746,-0.506324,-0.257096,-0.102198,0.334254,0.0132721,0.049261,-0.625189,0.23451,-0.361963,0.259928,-0.226396,-0.0204726,-1.02514,0.227336,-0.235216,0.26305,0.280152,-0.575085,0.394763,0.0737089,0.0437021,-0.12645,-0.538441,0.488295,0.0171054,-1.10124,0.46452,0.906612,1
-1.03174,0.262684,-0.541273,-0.122998,0.887639,-0.0752255,0.206057,0.0659193,0.655849,-0.615842,0.280755,-0.0142457,0.152167,0.827512,0.35255,-0.461963,0.33104,-0.759759,0.312736,1.25312,0.0501757,-0.390523,-0.449718,-0.779697,0.240044,-0.0658821,-0.319453,0.022162,-0.382025,-0.557472,-1.02114,-0.169275,0.568991,0.812823,1
0.183073,0.143502,0.204394,0.154958,0.291456,7.95,0.267301,0.211297,0.377417,0.167146,0.378798,0.306881,0.106031,0.324566,0.173639,0.195911,0.368834,0.163616,0.295882,0.29711,0.293467,0.108799,0.105077,0.141437,0.398447,0.113247,0.12138,0.218324,0.157974,0.17307,0.379285,0.132576,0.52,0.82,1
-0.191499,0.746411,0.343697,-0.197688,0.384033,0.577023,-0.0876836,0.0100297,-0.0492606,0.457781,0.300182,0.537455,-0.395468,0.584691,1.01674,0.467158,0.641096,0.155926,-0.943717,-0.2055,-0.811767,0.321533,0.321413,0.0344727,0.69536,-0.0412004,0.837618,-0.0360298,-0.27484,-0.211437,-0.0966735,-0.54719,0.469175,0.847572,1
0.200144,0.144597,-0.174871,0.0242219,0.617585,1.19607,0.457737,0.505435,0.516745,1.09362,0.177018,0.141425,-0.422319,0.256973,0.0446369,0.275924,-0.876833,0.000685949,-0.329964,0.345594,-0.358548,0.867844,-0.158707,0.282032,0.429363,0.0718602,-0.0910338,0.028177,0.517268,-0.579468,-0.162027,0.100536,0.533245,0.87175,1
-0.37278,-0.195213,0.319874,0.479298,-0.151245,0.607132,0.129141,0.207317,-0.519583,-0.0722017,0.675129,0.0803159,0.638133,-0.239387,0.165923,-0.442732,0.978875,-0.671262,-0.209895,-0.198625,-0.329337,0.182468,-0.747071,-0.263306,-1.02476,-0.549956,-0.0337348,0.627916,0.11966,0.225351,0.206315,0.30968,0.471645,0.808738,1
0.314128,0.203252,0.48459,0.509238,0.41941,1.21081,0.111697,0.242034,0.332047,0.514035,0.553345,-0.045465,0.0218659,0.0846264,-0.250848,-0.71702,-0.129335,-0.469423,0.884957,0.857436,0.0815644,0.281642,0.565462,-0.787982,0.243308,-0.139332,-0.238171,-0.189902,-0.0790139,-0.208209,-0.329491,0.583053,0.526596,0.871085,1
0.285362,0.657073,0.0348103,-0.572493,0.322145,-0.486388,-0.190201,-0.187907,0.194184,-0.147506,0.234894,0.433868,0.462663,-0.282808,-0.730331,-0.182856,-0.0751598,0.382565,-0.542088,0.531033,-0.59806,0.848635,-0.439188,-0.639275,0.577825,-0.305827,-0.753389,0.0573807,-0.229937,-0.299733,0.305819,0.38066,0.453138,0.77756,1
0.233782,0.816517,-0.304215,0.231239,-0.764481,-0.138924,0.377781,0.602579,-1.02138,0.34475,0.500179,0.994766,0.574845,0.341681,0.474502,-0.717075,0.34179,-0.174767,-0.262311,-0.679346,-0.0720192,-0.769234,0.0693707,-0.740411,0.0564476,-0.236589,0.560731,0.649491,0.798772,-0.876563,-0.722981,0.289853,0.520258,0.783383,1
-0.753461,-0.406237,-0.0190147,-0.400998,0.0745989,-0.561523,-0.438932,0.905008,-0.238354,-0.360044,0.216944,0.511019,0.334954,0.74679,-0.409849,1.15531,0.222255,-0.160046,0.624162,0.138724,-0.109918,0.337681,-0.387524,-0.44823,-0.735409,0.801505,-0.126553,0.0336866,0.215662,-0.0139355,0.249875,0.305177,0.547228,0.887728,1
0.485306,0.386393,-0.110477,0.027279,0.266168,0.135392,-0.918783,0.422759,-0.739923,0.713346,0.16841,-0.430707,-0.180533,-0.149874,-0.0447258,0.419491,-0.24,0.611263,0.643489,-0.506509,0.654018,0.0191387,0.773546,0.150993,-0.230808,-0.36693,0.342482,0.0472822,0.591779,0.331442,0.198891,-0.454351,0.482298,0.845871,1
0.605742,-0.173759,0.389252,-0.340113,0.106598,-0.336183,-0.0435383,-0.203467,0.456008,-0.189043,-0.780612,-0.262108,0.369673,-0.628427,0.774996,0.127875,-0.296388,-0.748983,-1.1976,-0.371333,0.337059,-0.436262,-1.1415,0.137579,0.45139,-0.162838,-0.599801,0.603963,1.08976,-0.152352,-0.212464,0.671075,0.511857,0.812395,1
-0.42639,0.34841,-0.913086,0.753522,1.01603,-0.0836868,-0.512528,0.179056,0.603574,-0.138844,-0.421693,0.0345556,-0.601088,-0.00776264,-1.04051,0.188,-0.518232,0.220835,0.457567,-0.420561,-0.474821,-0.0763521,0.767136,-0.220652,-0.403352,-0.145897,0.281097,-0.610229,-0.997092,-0.759831,0.128399,-0.481894,0.552199,0.887502,1
-0.766382,0.474699,-0.681211,0.144526,-0.780437,0.63384,0.373666,-1.03595,0.863555,-0.410007,-0.0034834,0.428455,0.00952469,-0.320651,0.129586,0.678178,-0.278773,0.0104467,-0.689186,-1.40988,0.333983,-0.447902,0.406675,0.760283,0.314642,0.0733971,-0.0872937,0.0322653,0.457269,-0.437687,1.74051,-0.0949602,0.577389,0.854126,1
1.0444,0.0276642,-0.4725,-0.109275,-0.274144,0.442084,-0.815582,-0.498351,-0.53791,0.175612,0.524106,0.351751,0.37806,-0.554356,-0.0802448,-0.0198836,-0.21223,0.0506815,0.926074,0.329947,0.33826,0.058279,0.147704,0.0198856,0.615005,-0.395078,-0.302507,0.338235,-0.164829,0.277066,0.425965,-0.0283249,0.501488,0.870499,1
0.558339,0.824801,0.54702,0.0772392,0.420615,-0.356368,-0.264049,0.444423,-0.310681,-0.456999,-0.7592,0.140832,-0.0107514,-0.335625,0.828782,-0.451664,0.275884,0.0994783,0.360199,0.486821,-0.211219,-0.0315072,-0.161176,-0.0994557,-0.557786,0.744141,-0.404526,-0.0556723,0.985736,0.0755501,-0.537206,-0.498264,0.530634,0.780148,1
-0.00768047,-0.501482,-1.07319,0.526286,-1.05504,-0.627065,0.0995831,-0.0942579,-0.109355,0.12573,0.397897,-1.05707,-0.56692,0.30758,-0.314805,0.272513,0.392187,-0.462281,-0.3009,0.015348,-0.803968,-0.295121,-0.605939,-0.190728,-0.428451,0.445473,-0.742402,-0.423767,-0.188556,0.640439,0.309276,-0.93314,0.501294,0.856645,1
-0.319819,0.464794,-0.102754,0.177143,0.360902,-0.298067,0.825565,0.170599,0.170276,-0.866435,-0.405297,1.01797,0.290381,0.351293,0.21983,0.785588,-0.395614,-0.45545,0.10577,0.249213,0.146839,-0.0615811,-0.32997,0.465244,-0.0558287,-0.535321,-0.285528,0.307742,-0.0904192,-0.873716,-0.00614136,0.0818309,0.444975,0.794243,1
-0.0816801,1.00582,0.409243,-0.0223455,-1.18839,0.738978,0.33522,0.200009,-0.445111,0.22096,0.809618,0.235446,0.471269,-0.0855734,-0.452983,-0.465445,1.09489,-0.534141,0.634557,0.354431,-0.615344,0.342604,0.290523,0.0920348,-0.0191835,-0.516966,0.00424317,-1.20548,0.000544469,0.183192,0.760388,-0.120421,0.505642,0.908493,1
0.013783,-0.065428,0.250164,0.07933,0.242618,1.02229,0.30254,-0.870941,0.924006,0.561183,-0.00376991,0.434345,-0.936933,-0.00379947,0.0272733,0.0941845,0.169578,0.142591,0.835975,0.501971,0.251589,-0.0983383,-0.233131,-0.327669,-0.56086,-0.833775,-0.641922,-0.704688,1.23329,0.168713,0.56971,0.00756399,0.462953,0.921989,1
-0.0256172,0.0511279,-0.383877,-0.935927,0.268492,-0.533111,-0.546631,-0.310773,0.52924,0.693474,0.41951,-0.349579,-0.230197,-0.62199,-0.370984,-0.980651,0.47014,0.127907,-0.124277,-0.0921485,0.12229,-0.416515,0.270596,-0.821784,-0.357969,0.953891,0.0723352,0.283285,0.470683,-0.5248,-0.361828,-0.706454,0.567211,0.802606,1
0.746777,-0.259404,-0.852575,-0.256012,-0.974943,-0.112603,0.652439,-0.164485,-0.25799,0.381356,-0.566133,-0.369189,0.56076,-0.341027,0.352784,1.2762,0.278535,0.191485,0.563539,0.236515,0.125462,-0.140839,0.240605,0.147553,0.140897,-0.669283,0.0982554,0.0126416,0.485013,-0.969747,0.274447,-0.400285,0.461473,0.901086,1
0.343531,0.606692,-0.119987,-0.287601,-0.89854,0.306871,-0.083802,-0.0262812,0.623095,-0.491987,0.275523,0.353236,1.26795,0.426259,0.139223,-0.292062,-0.431201,-0.644197,-0.804281,0.446582,-0.160572,-0.207678,-0.218636,0.74503,0.289727,-0.923926,-0.527156,-0.508112,0.863695,1.5008,-0.0558036,-0.673977,0.448823,0.841946,1
-0.503765,0.429622,-0.34622,0.226422,0.0164867,-0.636872,-0.0186068,-0.0417932,-0.10245,0.0716551,0.15606,-0.228194,-0.610103,0.0918205,0.291876,-0.436855,-0.0129847,-0.291825,-0.149673,-0.793932,0.359927,-0.668405,0.108116,-0.360584,0.775444,0.553382,-0.552431,0.0712984,-0.44649,0.661198,0.86449,-0.682259,0.487342,0.90945,1
-0.342577,0.733889,-0.304546,-0.0622002,0.26578,0.616945,-1.49031,-0.0521028,0.620903,-0.157473,0.00780296,0.05213,0.582563,-0.0386815,-0.207723,0.841621,-0.412243,0.150501,0.251301,0.85801,0.726215,-0.24814,-0.828885,0.267047,-0.478615,0.342044,0.559912,0.331642,0.444475,0.2541,0.854694,-0.0205308,0.572154,0.947094,1
0.00176193,0.63057,0.382391,-0.100412,0.132643,0.537136,-0.237464,-0.660088,0.429602,-0.124495,-0.190887,0.0373713,-0.0479746,-0.274266,0.17725,-0.52332,-0.0191207,-0.197171,-0.00386799,0.884851,0.0853073,-0.294509,0.517537,-0.135929,0.582965,0.312115,0.402396,0.223961,0.215431,0.900829,-0.665144,0.108537,0.524194,0.883733,1
-0.0463681,0.721917,0.781446,0.31934,0.130599,0.183161,-0.904334,-0.158177,-0.0257528,-0.620993,0.373914,0.681523,-0.393179,0.327672,1.13403,-0.23521,0.440127,-0.812025,0.924235,-0.279399,0.542783,0.0315071,-0.268579,-0.459628,-0.139569,-0.765035,-0.74401,-0.192285,-0.136671,0.100155,0.221459,-0.393529,0.444259,0.89628,1
0.714241,0.374167,0.82855,0.282273,0.360253,0.0192628,0.29382,0.0914402,0.889558,0.046033,-0.205763,-0.0076946,0.650665,-0.457822,0.269442,0.771914,0.381839,0.68095,0.168665,-0.0720427,-0.196678,-0.823244,-0.531818,0.211273,0.260089,-0.308559,-0.456465,-0.945329,0.515481,0.668569,0.387134,0.0561078,0.569849,0.787836,1
0.285777,0.509001,-0.328963,0.00321482,0.124209,-0.947735,0.0909885,0.83774,0.390651,-0.243198,-0.823334,0.30372,-0.132822,-1.14554,-0.395239,-0.649314,0.369828,0.728412,0.450234,-0.765835,-0.0381391,1.08564,0.177267,-0.502429,-0.236742,0.329645,-0.2924,0.654449,0.904992,-0.314404,0.572924,-0.134049,0.500214,0.845532,1
0.610252,-0.473577,-0.108494,0.20844,0.132073,-0.511378,-0.0639179,0.535746,-0.524726,-0.597017,1.50077,0.60729,0.588818,-0.0192664,-0.227868,0.244849,0.300637,-0.176385,0.328792,-0.285261,-0.603992,0.711855,0.0427244,0.703533,0.0149578,-1.01405,-1.4369,0.769547,0.394742,0.138213,-0.446226,0.615999,0.432438,0.898227,1
-0.672974,-0.249247,-0.184846,0.256653,0.960353,0.308959,0.427885,0.0304305,-0.707771,-0.737863,0.0489715,0.582063,-0.0753769,-0.971207,-0.291034,0.231516,-0.442273,0.21037,0.644666,-0.234695,0.495835,0.343386,-0.218591,-0.341848,-0.533303,0.124176,-0.289906,1.07663,-0.329871,0.435084,-0.133367,-0.298151,0.42214,0.774136,1
0.656074,-0.472192,0.129455,-1.28974,0.58424,-0.511539,0.030264,0.463804,0.267527,-0.0978154,0.275494,-0.533813,-0.134811,-0.751255,0.261203,0.389076,0.124737,0.771245,0.377003,0.499269,-0.402835,0.00426476,0.415152,0.36992,-0.300097,0.237204,-0.888905,-0.266771,0.228105,0.505556,-0.585395,-0.398686,0.485334,0.902479,1
-0.228689,-0.428586,0.116785,0.22487,0.10317,0.452828,-0.556258,-1.20654,0.0946421,0.127484,-0.384244,0.800203,-0.570551,-0.00692679,-0.981067,-0.246009,0.294384,0.645269,0.267209,0.527992,-0.620598,0.75193,0.360299,0.681197,0.225847,0.795739,0.531631,0.837494,-0.327115,-0.67835,-0.349653,-0.22126,0.492356,0.877055,1
-0.0586504,0.0797198,0.299408,-0.531592,0.219755,-0.157178,0.316866,-0.730627,-0.157457,0.277102,0.0435127,1.00728,0.409463,0.507593,-0.395394,-0.697921,0.289239,-0.0628526,-0.411596,-0.0895382,-0.212111,-0.157868,-1.11538,-0.233454,0.12099,-0.410555,-0.218454,-0.59095,-0.473972,-0.221205,-0.848424,-0.560426,0.55433,0.904691,1
0.310691,0.355614,0.2162,-0.43414,1.39781,-0.24976,0.325751,0.523939,-0.210838,-0.211583,0.161483,0.274965,0.11461,-0.59053,0.781287,-1.52368,0.119759,-0.147013,-0.106418,0.108574,-0.121962,0.564561,0.706587,-0.375186,0.977603,-0.986637,-0.36475,0.367123,-1.11089,-1.29771,-0.389329,-0.29818,0.526935,0.896972,1
0.37488,0.15204,0.308047,0.7729,-0.0858084,0.347247,-0.620488,0.874323,0.355814,0.207986,-0.288365,-0.300941,-0.289661,-0.313291,-0.387057,-0.295744,-0.241636,-0.491668,0.159198,0.0587332,-0.0820696,-0.113449,1.1107,-0.0826028,0.329159,-0.841119,-0.0300905,-0.609337,-0.122831,0.086472,-1.0275,-0.25075,0.54663,0.949965,1
0.118882,-0.243863,-0.289556,-0.466422,0.585868,0.252415,-0.333959,0.816212,0.540201,0.00700678,-0.473196,-0.884125,-1.13973,-0.295827,1.07418,0.102405,-0.0841766,-0.32499,-0.038471,0.664611,0.111104,0.0570887,-0.381748,-0.359787,0.97621,-0.0477619,-0.666021,0.824666,-0.925409,1.10578,-0.0642072,-0.189091,0.577273,0.865945,1
-0.840386,-0.296741,-0.439296,-0.266451,0.113385,-0.793206,0.0742935,-0.372397,0.475696,0.697085,-0.254386,0.652739,-0.447318,-0.285804,0.797117,0.360032,-0.901763,1.17486,-1.2954,-0.0175759,0.0355406,0.0242254,-0.556711,-0.544488,0.483506,-0.0717096,0.314702,-0.485238,-0.478971,0.148949,0.0714329,0.655825,0.449751,0.840743,1
-0.709395,-0.36623,0.0519146,0.516329,-0.151494,-1.34477,-0.395737,0.217057,0.579235,0.921827,0.527817,-0.319314,0.206469,-0.153746,-0.116068,-0.5548,0.727531,-0.668537,-0.276398,0.373715,0.624944,0.380917,-0.091845,-0.298927,0.230068,-0.0908352,-0.212897,0.968819,0.34878,0.936192,-0.530255,0.575597,0.512886,0.768142,1
-0.0607486,0.964589,0.429345,-0.508033,-0.365115,0.447055,0.271712,0.455706,0.262436,-0.417246,-0.156688,0.00961507,0.0867517,0.503299,0.0559311,0.0593733,-0.354536,0.169722,-0.374429,0.756094,-0.0971196,-0.0343616,0.404976,0.256872,0.330355,-0.333506,-0.290667,-0.127636,-0.249013,-0.186697,-0.807748,-0.739431,0.484403,0.928387,1
-0.414077,-0.166664,0.562726,0.098232,0.23588,0.842187,0.340678,-0.0887439,-0.339703,-0.557969,0.281343,0.0631394,0.25018,-1.13092,0.374298,-0.0833829,-0.136252,0.243025,-0.788063,0.293986,0.460116,-0.302461,0.512151,-0.696414,0.420395,-0.340314,0.238116,0.383175,-0.160505,-0.242644,0.695258,-0.770119,0.55054,0.833241,1
0.458533,-0.0524449,-0.240603,-0.0225154,-0.71167,0.517699,-0.454049,0.103473,0.206271,0.0710132,-0.562388,-0.6755,-0.439021,0.278075,-0.489753,-0.164313,0.0790323,-0.51018,0.16891,-0.363565,-0.121995,0.915106,0.148722,-0.402722,0.164138,-0.260191,0.06104,-0.469894,-0.746094,0.25782,-0.258578,-0.660522,0.462939,0.7978,1
0.0405853,0.0188643,0.380249,-0.771525,-0.697052,-0.546064,0.664393,-0.0814001,0.0898821,0.256728,0.465535,-0.211342,-0.795963,-0.035885,0.764273,0.647011,-0.171305,0.21127,0.288895,0.277568,0.217842,0.1245,-0.144629,0.0750871,-0.149281,-0.253463,-0.379817,-0.202415,-0.815822,-0.470105,-0.720684,0.449693,0.506467,0.819271,1
-0.398605,0.802182,-1.34484,-0.646091,1.01476,0.556524,-0.302045,0.662505,-0.404807,0.198666,0.136022,-0.94684,-0.636656,-0.54516,0.215751,0.0549211,-0.330538,-0.247654,0.946593,-0.233496,-0.434639,0.662513,-0.477818,-0.932668,-0.239987,0.0448384,0.114721,0.219018,0.478054,-0.115466,0.0213997,0.0612388,0.57128,0.890919,1
-0.17465,0.948598,0.0978294,0.428563,-0.522841,0.0454111,0.415312,-0.160755,-0.0225095,-0.512628,-0.246866,-0.997178,0.691787,-1.14303,-0.4812,0.142704,0.539158,0.333234,0.222447,-0.183177,0.478633,0.500385,0.117607,-0.29895,0.591949,0.192641,0.184061,-0.480267,-0.382405,0.626595,0.267783,0.817827,0.465114,0.858702,1
0.0897818,0.113854,-0.445959,0.330141,0.572638,0.0541747,-0.0832958,-0.17599,0.220152,-0.0905146,-0.289537,0.388119,-1.38673,0.462641,1.04468,0.405251,0.613015,0.304674,-0.638215,-0.41251,-0.623294,0.217904,1.00499,0.517094,-1.32878,0.130992,0.155845,-0.476227,-0.17484,-0.731028,-0.302952,0.480246,0.492958,0.913677,1
0.19926,0.500419,-0.650347,0.715328,0.852166,-0.257218,0.268585,0.40494,-0.546891,0.273872,0.0191329,-0.305027,0.364695,0.533994,0.137477,-0.879825,0.345534,-0.173683,0.272534,0.00602456,1.04837,0.78005,0.146214,-0.0827418,-0.581949,-0.224909,0.130105,-0.557831,-0.9202,-0.62714,-0.839596,0.0710376,0.486164,0.816471,1
0.384695,-0.915583,0.192787,-0.300383,-0.0625884,0.323456,0.0720874,-0.713691,0.355143,-0.734096,-0.369454,0.1049,-0.00837933,-1.20551,0.391054,0.575795,-0.322986,-0.0237946,0.429358,-0.0582688,0.0871499,0.352034,0.240807,0.759996,0.931392,-0.70746,0.122262,-0.0102322,-0.157941,-0.317519,0.306969,0.235566,0.526391,0.891651,1
0.381815,0.39928,0.250067,0.263519,0.21019,7.95,0.103554,0.392935,0.313249,0.107876,0.376894,0.332522,0.19633,0.368505,0.131887,0.123321,0.192617,0.287477,0.320685,0.103565,0.269864,0.328067,0.366718,0.230726,0.378988,0.318925,0.264621,0.246773,0.217922,0.100697,0.372866,0.229533,0.52,0.82,1
0.370794,0.14635,0.396164,0.184523,0.165853,7.95,0.156944,0.140075,0.336206,0.388392,0.168072,0.242066,0.148616,0.11766,0.15781,0.29471,0.191399,0.100546,0.33083,0.228659,0.214723,0.302045,0.210714,0.199619,0.251729,0.283204,0.367095,0.149224,0.194113,0.27704,0.254239,0.216608,0.52,0.82,1
0.0210656,0.322246,0.333684,-0.227862,0.31459,0.665826,-0.820076,0.0791112,0.00414797,-0.726972,-0.868804,-0.678071,0.306256,-0.140728,0.623553,0.463567,-0.624338,0.461068,0.348768,0.0674983,0.0421051,0.0585716,0.188663,-0.737353,-0.487444,-0.416908,0.110014,-0.513491,-0.262748,-0.636762,-0.0783891,-0.00397831,0.472669,0.763554,1
-1.15075,0.0296068,-0.655398,0.124465,-0.252649,0.53829,-0.524326,-0.107417,-0.663655,-0.160186,-0.576314,-0.322782,-0.23702,-0.622442,0.00909441,0.854181,0.169169,0.230703,-0.333704,0.671803,0.90005,0.20509,-0.00266362,1.02464,0.148054,-0.390767,-0.479504,-0.769763,0.272799,-0.119104,0.673598,0.310809,0.483136,0.947863,1
-0.080013,-0.86542,0.287871,0.327176,-0.640418,0.393544,0.399243,0.127801,-0.607844,1.00715,-0.289556,0.356298,-0.666303,0.349329,-0.425392,-0.636087,-0.191222,0.0544686,-0.0797322,-0.189018,0.0548579,0.116765,-0.0697156,-0.499724,-0.559203,-0.0451097,-0.623417,0.318159,0.151935,0.564659,-0.285611,0.122122,0.513852,0.88208,1
-0.770763,0.146225,-0.310689,0.672815,-0.814975,0.559672,-0.10741,0.303439,0.0318417,-0.440794,-1.27127,-0.199477,0.390494,-0.733547,0.00153295,-0.0461949,-0.662775,-0.0961895,0.179566,-0.333275,-0.269864,0.890016,0.843613,-0.0308603,-0.115686,-0.262515,0.0995983,0.385896,-0.212216,-0.0480756,-0.790739,-0.945759,0.467178,0.775526,1
-0.0058467,-0.0909751,-0.35846,-0.897573,0.246684,0.720255,0.269529,0.447639,-0.544542,0.502164,0.510764,-0.654736,0.927675,-0.256722,-0.827557,0.441922,-0.47519,0.879168,0.555191,-0.0957813,0.739983,0.2888,0.648519,-0.896032,1.19127,0.750051,0.120796,0.106169,0.32144,-0.403686,0.11218,0.357816,0.49008,0.819008,1
0.244515,-0.470923,-0.0786494,-0.307539,-0.237471,-0.278969,0.287016,0.628864,0.329785,-0.331272,-0.278095,-0.176719,-0.808834,0.34841,-0.167428,0.816771,-0.694593,-0.411664,1.12979,0.354962,0.125608,0.179764,0.0243442,-0.255335,0.17017,0.00928571,0.414036,0.70718,0.463973,0.362653,-0.292678,-0.234803,0.477128,0.864354,1
-0.266756,0.31874,0.00250085,0.441545,-0.266104,0.125125,-0.260068,0.160432,0.17341,0.422828,-0.137794,0.265622,-0.602503,0.541167,-0.425458,0.267476,-0.562849,-0.402292,-0.4207,-0.86809,-0.322016,-0.110994,0.140973,-0.151272,0.0182761,0.388005,0.267903,0.186163,-0.647627,-0.485286,-0.608259,-0.366632,0.49887,0.793446,1
-0.557904,-0.358289,0.797566,0.41912,0.199939,0.13817,0.463909,-0.518787,0.263943,-0.822946,-0.357265,0.00829177,-0.381569,0.893538,0.343752,0.492619,0.158255,-0.111765,-0.802562,0.261722,0.731304,-0.655339,0.46288,0.0428298,0.0240859,0.802476,0.13942,-0.0208708,0.500686,0.798526,0.137988,-1.23386,0.45452,0.873971,1
-0.381197,-0.223219,0.321914,0.992524,0.180762,0.0206429,-0.044925,-0.187157,0.908004,-0.457996,0.959988,-0.632782,0.595315,-0.0125258,-0.633732,-0.192185,-0.346123,-0.00634226,-0.817455,0.445152,-0.607456,0.0546984,-0.45998,-0.0761528,-0.223825,-0.208863,0.604825,-0.506481,0.12932,-0.457032,-0.841455,0.797309,0.54346,0.760579,1
-0.292021,-0.254019,0.323717,0.0139111,-0.145855,-0.450483,-0.351519,-0.414978,0.29226,0.54387,-0.296823,-0.280935,-1.09006,0.275388,-0.408333,0.363273,-0.235265,-0.484833,0.00900999,-0.487735,0.197484,0.0530143,-0.882836,0.383374,0.627959,0.233739,1.00456,-0.344291,0.0118504,1.2876,0.656941,-0.282623,0.534258,0.772132,1
-0.0465978,-0.133011,0.79499,-0.0339042,0.734429,0.106341,-0.714059,0.00166681,-0.0933017,0.054361,0.0188565,0.355286,0.196019,-0.140431,-0.814126,-0.953448,-0.848969,0.197363,0.261198,-0.05427,-0.442024,-0.103841,-0.661191,1.44081,0.343352,0.885164,-0.851401,-0.423097,-0.0655157,-0.440098,-0.242382,0.0247444,0.521514,0.89574,1
-0.502678,-0.24215,-0.160196,-0.103196,0.161348,0.234758,-0.707999,0.270316,0.649939,0.732974,0.0367613,-0.923428,-0.202703,0.462306,0.343629,-0.786869,-0.133318,-0.284881,-0.922223,0.226658,0.675457,0.452202,-0.490374,-0.209611,0.19307,0.353084,0.111793,1.50352,-0.123352,-0.337253,-0.0458971,-0.0865866,0.482068,0.804631,1
-0.562244,0.468346,0.188935,0.139418,0.110403,0.249768,0.433198,-0.923347,-0.272784,0.275762,-0.85175,-0.145292,0.574204,0.049657,-0.0971888,-0.85095,-0.125021,-0.366993,-0.214228,-0.125724,-1.19764,0.150284,0.23584,-0.529521,-0.327501,-0.445003,0.303313,-0.0160888,-0.325851,-0.0532834,0.195459,0.240312,0.498629,0.766113,1
0.235291,0.319991,0.350492,0.120879,0.394944,7.95,0.174283,0.176377,0.233672,0.269372,0.247762,0.326995,0.280788,0.212014,0.330868,0.159748,0.285615,0.324762,0.159247,0.368551,0.176636,0.172514,0.367277,0.256224,0.316309,0.153575,0.20951,0.312783,0.175775,0.110383,0.215214,0.373651,0.52,0.82,1
0.165455,0.826158,0.461077,-0.0913569,0.283958,-0.0936018,-0.789247,-0.593541,-0.122521,0.35366,-0.983829,-0.256227,0.370024,0.94482,-0.402763,-0.406827,0.0193608,-0.552065,0.296602,-0.481596,-0.474206,-0.13146,-0.460634,-0.758038,0.0199539,0.410282,-0.657753,0.449891,0.250688,-0.208475,0.093498,-0.188611,0.505961,0.946633,1
-0.314308,0.128846,0.990825,-0.193218,-0.070268,0.680022,0.297636,0.0206542,-0.236344,0.429613,0.154837,1.17396,0.367019,-0.385293,0.226771,-0.317601,-0.0152203,-0.487018,-0.822461,-0.222503,0.688368,0.391392,0.0198309,0.0877531,-0.249115,0.201451,0.132995,0.487425,0.307731,0.709644,0.275964,0.0766134,0.420073,0.86793,1
-0.274559,-0.704533,0.254315,-0.118302,-0.300283,-0.781236,0.537419,-0.194896,0.212058,0.7607,-0.101832,0.268235,1.18634,0.404665,-0.443209,-0.0275933,-0.516093,-0.229357,-0.51996,0.684616,1.26253,0.384123,-0.234003,-0.657049,-0.284334,0.673573,-0.323695,-0.0367663,-0.226258,-0.446234,0.442058,-0.0883795,0.518479,0.870024,1
0.819691,1.12949,0.411195,0.00197376,-0.403982,-0.328322,0.707018,-0.242227,0.0853115,-0.144053,-0.229494,-0.649466,0.0596892,-0.131842,-0.506142,-0.0561726,0.0991146,0.431144,0.167376,0.233363,-0.613371,0.959517,-0.470878,-0.736533,0.103518,-0.395287,-0.0348389,0.203812,-0.560153,-0.370883,-0.492247,-0.703179,0.497754,0.838489,1
-0.0359328,-0.011862,-0.156244,0.0919642,1.27533,-0.767732,-0.0258064,0.349227,0.0773772,0.261552,-0.186313,0.66265,-0.0828001,-0.340496,-0.303404,0.24661,0.499315,0.94601,1.04033,-0.04969,-0.483031,-0.504693,0.810703,-0.288955,-1.3101,1.002,0.517429,0.0859609,-0.0435144,0.517967,0.077017,0.824149,0.440496,0.828054,1
0.00537046,0.59376,-0.326709,-0.805764,-0.533833,-0.385295,0.0303762,0.269322,0.839501,-0.435194,-0.00166689,-0.452885,-0.445928,0.0183996,-0.233592,-0.557689,-0.261471,-0.704377,0.178585,0.44753,-0.163678,0.175077,-0.305751,-0.675623,-0.342976,0.168165,-0.216158,-0.292803,0.582791,0.253829,0.44866,-0.666803,0.463354,0.864139,1
0.198495,0.610829,0.615138,0.110412,0.666617,-1.14299,0.102745,-0.279193,-1.04456,0.200617,-0.0208929,-0.120518,0.165204,-0.736253,0.292707,0.596939,-0.858504,0.404356,-0.458745,-0.23778,0.349038,-0.670548,-0.0157999,-0.0771156,-0.854005,-0.285591,-0.573946,-0.483011,-0.418924,0.306662,-0.0735081,-0.957368,0.557091,0.862452,1
0.136629,0.0386159,0.680854,0.389943,0.703477,0.728292,-0.473035,-0.656432,0.594119,0.000866725,-0.116888,-0.205122,-0.228911,-0.292679,-0.515951,-0.0318053,-0.101413,-0.574224,-0.00950599,0.261931,-0.0635413,-0.0125523,0.655814,-0.485542,0.136091,-0.574752,-0.499379,-0.198649,-1.0894,0.195693,-0.0533427,-0.345861,0.453775,0.877799,1
0.714367,-0.035325,-0.561102,0.00865082,0.167454,0.0395637,-0.509079,0.297428,-0.234673,-0.340587,-1.12951,0.544079,-0.425936,-0.375628,0.238541,0.028282,-0.0163469,-0.191199,1.00379,0.402581,1.18323,-0.149586,-0.732535,-0.204861,-0.0113929,0.138496,0.0024271,-0.275241,-0.699544,-0.262548,-0.181117,-0.0497087,0.559498,0.875929,1
0.474287,0.141917,-0.189957,0.256011,-0.248299,-0.154164,0.433994,-0.056416,0.699103,-0.151345,1.26267,0.890046,-0.844619,0.915362,0.335599,0.539239,-0.567389,0.305958,-0.0220389,0.319353,-0.218887,-0.338969,-0.549199,0.802221,-0.252853,1.40862,-0.35068,0.264023,0.36896,0.427498,0.149189,-0.603739,0.568425,0.829848,1
0.972398,0.995121,-0.0609241,-0.0341811,-1.011,-0.265636,-0.682274,0.374275,-0.154522,-0.108871,0.1902,0.402332,0.107807,-0.99384,1.2128,-0.892412,0.365434,-0.0413477,0.902534,-0.62756,0.651638,-0.243067,-0.0437393,-0.193159,0.211825,0.592318,0.457008,-0.00397371,0.447326,0.709979,0.419473,-0.449311,0.550263,0.842063,1
-0.0773494,-0.21637,1.01431,0.267933,0.00199783,0.0461566,-1.13699,-0.126044,0.766214,0.0551988,-0.321301,-0.878979,0.151285,-0.0640603,0.110967,0.627349,-0.0512517,0.317917,0.884892,-0.223769,0.192105,-0.118213,-0.0941717,-0.254417,0.272565,-0.300409,-0.026345,-0.424185,-0.020111,-0.448873,0.0996447,0.86514,0.492066,0.770671,1
-0.464672,0.451134,0.242932,-0.309075,-0.267812,0.197128,-0.356133,0.209108,-0.0216733,1.195,-0.346129,-0.488689,0.348002,-0.610157,0.621176,1.56351,-0.102267,0.413116,0.495948,0.352165,0.225651,-0.160469,-0.11929,0.379618,-0.568654,0.267117,0.695732,-1.10961,-0.00279801,1.14651,-0.105779,0.256684,0.494517,0.891097,1
0.00704842,0.235278,-0.140876,0.391568,-0.355644,0.403221,-0.244692,-0.273482,-0.41637,-0.00667503,-0.0331639,-0.446598,-0.699507,-0.423799,0.826905,0.0399586,0.805636,0.251478,-0.0801712,0.0290986,0.356029,0.529667,0.874198,0.893394,-0.181228,0.236641,0.82728,-0.609972,-0.224173,0.754846,-0.346076,-0.214062,0.526487,0.770315,1
0.517527,0.331904,-0.574476,-0.615706,-0.650558,0.056046,-0.506097,-0.215858,0.160388,0.301214,0.482575,0.806784,0.87613,-0.396257,0.862658,-1.00819,-0.514671,-0.63123,-0.796196,0.314025,-0.164044,-0.322113,-0.242482,0.227978,0.230528,0.397116,0.413232,-0.196778,0.430344,-0.197935,0.499513,0.00799961,0.46663,0.902036,1
-0.070828,0.70214,-0.398611,-0.434927,0.303895,-0.217991,0.322037,0.576865,0.090602,-0.749469,0.0323335,-0.426813,-0.499872,0.261867,-0.0234249,0.586981,0.17989,-0.8808,-0.591596,-0.299013,0.0402154,-0.175994,-0.539136,0.637803,-0.310063,0.27465,0.407601,-0.666368,0.237965,-0.611878,0.144657,-0.749821,0.562612,0.884579,1
0.0305915,-0.616892,0.682176,-0.345199,0.320262,0.621953,-0.310994,-0.70464,-0.11941,-0.161506,-0.540022,-0.673317,0.0595671,-0.335337,-0.0295981,-0.0360058,-0.246769,-0.650271,-0.032545,0.0796526,-0.497706,0.205176,-0.286667,0.441893,-0.425186,0.0280527,0.485213,0.412664,-0.047479,0.194947,-0.182649,0.708662,0.563357,0.864205,1
0.0944875,0.456858,-0.367152,0.645251,0.00446548,0.144618,-1.22693,0.124522,0.368068,0.444545,0.480048,0.107451,0.0526288,-0.302002,-0.472045,-0.996853,0.740417,0.250382,-0.421698,0.115374,0.227457,0.574062,-0.585449,-0.156075,-0.169469,0.0396884,-0.670422,0.333338,-0.600446,-0.169565,0.17727,0.823446,0.420479,0.864904,1
-0.638011,-0.115866,0.599501,-0.388873,-0.421163,-1.20108,-0.601625,-0.32224,0.282626,-0.541767,-0.648676,0.126101,0.167174,-0.363141,0.187959,-0.222569,0.108109,0.0207005,-0.656979,0.134412,0.547388,-0.141168,0.243266,0.0109794,-0.424772,-0.793122,0.513637,0.153632,0.173579,0.668856,-0.405416,0.110082,0.430247,0.91329,1
-0.261031,0.15983,-0.0632044,0.199596,-0.528362,-0.525477,-0.256255,0.0126884,-0.520713,0.865379,-0.200851,0.240817,-0.260317,0.443765,-0.0383219,-0.429077,0.403702,-0.151015,-0.391931,-0.917405,0.943158,0.637426,1.40576,0.151041,-0.424594,-0.41714,0.508835,-0.119826,0.482868,-0.245154,-0.469881,0.466712,0.576382,0.792213,1
-0.772359,0.0258343,0.411525,0.875378,-0.389767,-0.125018,-0.232173,-0.463551,-1.23133,0.446319,-0.798479,0.529982,-0.127803,-0.784391,0.306185,0.162137,0.897821,-0.460954,-0.99872,-0.693621,0.243708,0.174029,0.0186359,0.152031,-0.926112,0.0374453,0.140842,0.934376,-0.664836,0.0837722,-0.109194,-0.0988339,0.445986,0.892116,1
0.330094,0.110965,0.272062,0.112326,0.321987,7.95,0.20462,0.231842,0.203775,0.22164,0.394322,0.280997,0.331093,0.320065,0.250108,0.384417,0.316885,0.211335,0.309382,0.210879,0.155101,0.256783,0.201589,0.198023,0.224593,0.296647,0.207734,0.278497,0.244863,0.18064,0.196372,0.306841,0.52,0.82,1
0.896551,-0.0303123,0.369509,2.04064,-0.512661,0.481006,-0.0367874,-0.390963,-0.552922,0.00517767,-0.249378,-0.40723,-0.549548,-0.0328141,0.388187,-0.348285,-0.289544,0.0231121,0.0585978,-0.646949,0.723624,0.810536,0.71448,0.479437,0.882099,0.306634,-0.328725,0.799764,-0.271966,-0.401143,-0.0114169,0.753518,0.524461,0.915915,1
0.102254,-0.0699796,-0.239403,-1.18351,0.634802,-0.535935,-0.0496313,-0.152653,1.1192,-0.720422,-1.0335,0.282873,0.0371796,0.284197,-0.0436185,0.369368,-0.606565,-0.274209,-0.201441,0.0147203,-0.481415,-0.824394,-0.30631,-0.480237,-0.104192,0.208436,1.30808,-0.361489,0.595429,0.408017,-0.509234,-0.351817,0.421847,0.806578,1
0.790939,-0.517543,-0.310013,-0.251145,0.0725617,-0.952945,-0.599565,-0.0517151,-0.892056,-0.441347,0.135408,-0.979356,-0.444573,0.222113,-0.232984,0.154956,0.231065,-0.103113,-0.0590854,0.804199,-0.143019,0.022735,0.227798,-0.0246891,-0.0145527,-0.626663,-0.0408118,0.0460302,-0.0333932,-0.0107827,0.406727,0.465772,0.475331,0.825674,1
0.158576,0.279087,-0.510345,0.253935,0.201459,0.187827,0.521406,-0.274071,0.623435,0.0712793,0.629937,0.0198075,-0.12892,0.381663,0.890896,-0.214618,-0.57916,-0.12165,-0.176301,-0.29932,0.868165,-0.425419,-0.0993951,0.330509,-0.20191,0.079975,-0.534483,0.329951,0.343517,0.23148,-0.402694,-0.731173,0.447745,0.930598,1
-0.580461,0.420142,0.205209,0.10996,-0.459483,-0.506863,-0.139347,0.625813,0.295728,0.0394187,0.331193,0.00299772,0.764518,-0.855529,0.507041,0.729248,0.374927,0.33751,-0.150364,-0.606244,0.441432,-0.0514442,-0.25122,0.70782,-0.414239,-0.582115,-0.673795,-1.18111,-0.0207964,0.198939,0.286533,-0.0745983,0.504174,0.834885,1
-0.548237,0.0399185,0.707156,0.474713,-0.298069,-0.789093,0.144223,-1.17912,0.263789,0.48671,-0.180925,-0.0710752,0.504759,-0.26616,-0.180128,-0.131145,-0.388796,-0.167639,-0.0779285,-0.0827187,-1.09492,-0.152022,0.120377,-0.962928,0.283795,0.431321,0.0265765,-0.485048,0.028439,-0.560174,0.296094,-0.573447,0.450696,0.939254,1
-0.199948,0.33094,0.455977,-1.08877,-0.438989,-0.254181,0.0709469,0.222046,0.624266,-0.325936,-0.441651,0.0907205,0.281735,-0.0783127,0.176046,0.375701,0.322439,-0.27153,-0.538847,0.185301,0.645345,0.398857,0.334894,-0.404799,0.478661,-0.742064,-0.536268,-0.363331,0.622108,-0.491227,-1.05309,-0.407044,0.494053,0.944493,1
0.33902,-0.711246,-0.938905,-0.443739,-0.480199,0.132081,0.0185055,-0.279485,0.641459,-1.08709,-0.130253,0.253356,0.267286,-0.324734,-0.705886,-0.243877,0.557698,-1.41046,0.232879,-0.270649,-0.853291,0.199769,0.467299,-0.628616,-0.661981,0.561473,-0.410689,-0.566395,-0.220775,-1.0418,-0.364279,0.567799,0.579868,0.774228,1
0.43352,0.263353,0.405678,-0.0816425,0.160972,-0.0734905,-0.250798,0.401257,0.677509,0.159289,0.228039,-0.450612,0.0433794,0.104747,0.598904,0.152746,0.0869678,0.914996,-0.348434,-0.187726,-0.379612,-0.142685,-0.84331,-0.0168333,0.435856,-0.145959,0.0154441,0.899122,-0.17786,1.03169,-0.0585419,-0.0572623,0.421288,0.910439,1
0.785531,-0.433641,0.389811,0.445685,-0.418125,-0.00163112,-0.00469389,0.128034,-0.173704,-0.162823,0.0596983,0.214779,0.211276,-1.02631,1.113,0.2202,0.0484989,0.114526,-0.138925,0.250932,0.102465,0.265023,0.18172,0.659569,0.115907,0.244015,-0.144783,0.363075,-0.16906,-0.84778,0.908898,0.528902,0.42282,0.786795,1
-0.365958,0.324766,-1.18656,-0.327439,0.820787,-1.19236,0.0818431,-0.732199,-0.195248,-0.141417,0.256148,0.703887,-0.161153,-0.112568,-0.0304587,1.03269,0.222042,0.460771,0.00280183,-0.849654,0.0389732,-0.744067,-0.944955,-0.000821122,-0.319746,-0.82757,-0.0729552,-0.130592,0.917087,0.491615,0.697634,-0.0300342,0.462503,0.932112,1
-0.0102336,0.041158,0.211382,1.01282,-0.371558,-0.177599,-0.0933942,-0.178441,-0.830148,-0.799749,0.434367,-0.0769901,-0.251919,-0.0241213,0.578927,0.658156,-0.0291945,-0.351197,0.22332,-0.733184,0.804177,-0.230286,-0.738133,0.0732239,0.430032,0.721715,0.743648,-0.54609,1.00367,-0.442996,0.398287,0.698254,0.510716,0.843177,1
0.442709,-0.90191,-0.191546,-0.0242638,0.109266,-1.34185,-0.837803,0.0923505,-0.346172,-0.0984571,-0.115661,0.580596,0.529314,0.0180992,-0.673571,-0.213585,-0.543521,0.420255,-0.77928,-0.0839895,-1.02007,-0.0601474,-0.42437,0.849842,-0.592344,0.425633,0.126802,-0.135741,0.314541,0.0534308,-0.511315,0.102263,0.455373,0.944989,1
0.409606,-0.00367084,-0.208659,-0.135522,0.992613,-0.180361,0.675401,0.267523,0.563433,-0.618851,-0.21804,0.664933,-0.0236586,0.371657,0.457512,-0.0544866,-0.141159,-0.163818,0.346484,-0.191492,0.340161,-0.473601,-0.353076,-0.201673,0.491788,0.240901,-0.530556,-0.961535,-0.0159032,-0.743009,0.343589,-0.830714,0.447623,0.885111,1
-0.374803,0.27984,0.11895,0.0703457,0.230851,-0.223278,0.0984073,-0.597693,0.822266,0.112485,1.03123,-0.752168,-0.081645,-0.0756671,-0.392911,0.772197,0.148165,-0.950397,-0.00551984,-0.578267,-0.0406767,-0.605898,0.97557,0.401802,0.441129,0.540013,0.353143,0.34102,-0.289968,-0.0371299,-0.754242,-0.251226,0.470941,0.912394,1
-0.300348,0.157782,-0.054014,0.00243592,0.336651,-0.944919,-0.0883517,-0.495687,-0.00259569,-0.769618,0.0325943,-0.0864497,0.446353,-0.529662,0.300322,-0.486366,0.0893353,0.465687,0.609737,0.259061,0.0825579,1.26001,-0.672757,0.199532,0.270003,-0.298865,-0.242921,-0.204553,-0.0278351,0.304001,-0.592029,-0.288073,0.459179,0.911179,1
0.0643351,0.897467,0.348741,-0.0960633,-0.515838,0.484107,0.589441,0.128716,0.196798,0.259098,0.0877432,-0.189299,-0.246771,-1.3256,0.941228,0.0200812,-0.405351,0.217537,-0.205449,0.0952631,-0.169001,-0.534891,0.457749,0.502377,0.40044,-0.805262,0.497955,0.881447,-0.629339,-0.349863,0.686188,-0.408274,0.484456,0.871411,1
0.502398,0.565682,-0.871831,0.600694,-0.241087,0.125477,-0.324428,0.104394,0.799535,0.294944,-0.589223,0.459958,0.250412,-0.0894396,0.145648,-0.339625,-0.240991,0.358197,-0.720673,-0.517914,0.410875,0.379506,-0.541415,-0.295421,-0.172082,0.364495,-0.254692,0.244806,-0.536395,0.546604,0.768617,-0.0504256,0.442811,0.77264,1
0.314508,-0.79094,0.466464,-0.533654,-0.527874,0.212009,0.474131,0.0503087,-1.1561,-0.339953,-0.744148,0.476836,0.718378,-0.449287,0.0119615,-0.239973,0.536551,-0.0559693,0.232983,0.249475,-1.388,0.0972602,-0.447555,0.470825,-0.186293,0.250694,-0.668379,0.410483,-0.949165,0.0401112,0.239703,0.300297,0.447328,0.90019,1
0.317433,0.166349,0.784669,-0.785386,-0.438877,0.641072,-0.177552,-0.465338,0.510296,0.168848,0.285824,-0.581338,-1.01944,-0.265094,-0.176343,0.403935,0.10127,0.316966,0.0108877,0.174984,-1.08904,0.206996,-0.0605744,0.227646,-0.00225875,1.13222,-1.49847,0.259592,0.764284,0.257804,-0.138059,-0.800458,0.487726,0.804551,1
0.117715,0.891518,-0.106844,-0.339133,-0.708823,-0.537083,0.755456,-0.512445,0.150622,0.0660852,-0.125014,0.41416,-0.0988545,0.770794,-0.130855,-0.90264,-0.613723,-1.11529,-0.745484,0.162906,-0.328312,-0.49641,0.474069,-0.79133,-0.0606675,0.982011,-0.184885,0.760757,0.0676085,0.684946,0.632869,-0.820171,0.486878,0.874723,1
-0.114987,0.154614,0.721528,-0.234606,0.71293,0.766122,0.241783,-0.0982044,-0.417697,-0.0785571,-0.509329,-0.109027,0.597855,-0.776173,-0.151167,0.869011,-0.276797,-0.52121,-0.371094,0.128594,-0.339011,0.370142,-0.342323,0.17491,-0.0384737,-0.254301,-0.349699,-0.039268,-0.202195,-0.215184,0.7901,-0.613613,0.490467,0.819262,1
-0.941844,-0.0675874,-0.268132,-0.0840122,-0.0443435,-1.12725,0.379536,0.380941,0.413023,0.381739,0.487893,0.421778,0.134184,0.315455,-0.892567,-0.0541496,0.935441,0.0207573,0.406078,-0.139435,-0.149601,0.188359,0.340579,-0.875931,0.467583,0.148485,-0.190355,-0.343757,-0.404314,-1.24662,0.241313,-0.0702623,0.446476,0.937843,1
0.387904,-0.349699,1.42091,-0.667928,0.187622,0.175018,-0.201711,-0.389155,0.448457,0.111253,-0.113698,0.470849,-0.641246,-0.287829,-0.743836,-0.166887,1.08241,0.185171,0.275085,-0.75795,-0.241461,-0.309506,-0.301459,-0.274828,-0.819384,0.377952,-1.12773,-0.310805,0.326581,-0.161787,0.352403,0.144621,0.556036,0.908763,1
0.682842,-0.303588,-0.125202,-0.235134,-0.208588,-0.484825,0.0977802,0.365276,0.00758336,0.53615,-0.283284,-0.482707,0.257724,-0.171336,0.250508,0.268026,-0.059385,-0.335739,0.544426,0.0166322,0.588698,0.030428,0.355314,-0.930436,-0.403551,0.204612,-0.0122071,-0.240636,-0.70747,0.481103,-0.400617,-0.0349797,0.524719,0.87204,1
0.735994,-0.154988,-0.110854,-0.219481,0.730935,-0.449444,-0.0346838,1.06773,-0.582248,0.0347789,-0.36459,0.611569,-0.678743,-0.115097,0.449534,-0.328408,-0.46848,0.370775,0.373408,0.652704,0.276777,0.624496,0.00312457,-0.06044,0.314451,0.0115724,-0.328095,0.867001,-0.974692,0.0856409,1.34514,-0.531491,0.477623,0.770581,1
-0.142236,0.0251943,0.328248,0.51217,0.510342,1.08737,-0.258714,-0.477627,0.707731,0.631828,-0.770808,0.365645,0.408786,1.60167,-0.203205,-0.0677674,-0.377357,-0.893816,0.404924,0.318393,-0.138703,0.463196,-0.0322777,0.735259,-0.41526,-0.0836452,0.305984,0.246685,-0.336946,-0.41647,0.964161,-0.0675351,0.507662,0.868318,1
0.104325,-0.0323705,0.677265,0.155764,0.638182,-0.816917,0.0723192,-0.584401,0.780095,0.20144,-0.139303,0.491162,0.622314,0.304889,0.120351,0.829362,-0.320181,-0.105572,-0.318142,-0.346395,0.194565,-1.38437,0.410072,-0.76021,-0.0869255,0.314415,-0.932678,-1.12483,-0.607165,0.737676,-0.143004,-0.881899,0.423622,0.927121,1
1.03987,0.0100688,-0.647299,-0.558751,-0.565741,-0.182872,-0.423153,-0.534791,-0.75438,-0.668474,-0.467661,0.37328,0.289393,-0.57381,0.379374,0.38078,0.000796885,0.586355,0.332841,-0.218077,-0.760231,0.62831,-0.312649,-0.917947,0.614189,-0.249735,-0.194014,0.00925399,-0.601384,-0.00729195,-0.598116,-0.427336,0.427796,0.777124,1
0.545135,1.05458,0.645098,-0.130137,0.208673,-0.819432,0.459956,-0.144328,-0.328565,0.0719309,-0.519425,0.364102,0.757586,0.0226269,-0.988927,-0.0326449,0.584398,0.731586,0.739852,-0.345761,0.0695688,-0.0663357,-0.292604,-0.641415,0.224569,-0.398137,0.76773,-0.0795351,0.11037,0.246625,-1.36264,-0.587715,0.48241,0.761008,1
-0.355064,-0.528358,-0.0434289,0.764563,0.845839,0.433536,-0.0473958,0.787525,0.22203,-0.406841,0.505776,0.759039,-0.171402,-1.1047,-0.312454,0.0670658,0.33259,0.771098,1.02756,-0.0805809,-0.414342,-0.888294,0.217403,-0.167059,0.239058,0.808619,0.605043,-0.586111,0.0470835,0.00487333,0.288978,-0.164874,0.507909,0.939289,1
0.193094,-0.320194,-0.474943,-0.336017,-1.1619,-0.129657,0.870328,-0.569792,0.0937931,1.50703,0.33292,0.283446,-0.608932,0.117418,-0.0742036,0.165381,-0.208457,-0.152401,-0.566412,0.0926588,-0.21091,0.168569,-0.995904,-0.214678,0.0647867,0.507798,-0.0552682,0.0935876,0.00836818,0.733484,0.770575,-0.58318,0.44073,0.847997,1
-1.31224,0.15595,0.508986,0.180602,-0.607721,0.444255,0.852026,0.0578091,-0.286214,0.219352,-0.253164,1.22561,-0.185852,-0.367583,-0.946583,0.778824,-0.0633915,-1.10918,-1.01572,0.523865,0.877459,-0.707787,0.074687,-0.0753874,0.0919338,1.14704,-0.521072,-0.443773,-0.341237,0.0448382,0.467215,0.0357223,0.467203,0.883253,1
0.170988,0.309094,-0.0550417,0.159528,0.26577,-0.418211,0.292307,0.182751,-0.681249,0.14548,0.167429,-0.541212,-0.237209,-0.085072,-0.590903,0.00710745,0.330342,0.314252,0.602594,0.342477,0.776531,0.437806,-0.124124,-0.0225373,0.122969,0.0793554,-0.267231,-0.0206708,-0.100286,0.528094,0.7278,-0.107553,0.555367,0.853497,1
-0.09396,-0.192067,0.148349,-0.609877,0.529749,-0.222807,0.160038,0.594237,0.0743649,-0.205292,0.658468,0.343139,0.176508,0.402202,0.0834889,-0.259605,0.432054,-0.0815343,-0.365679,0.24387,-0.210688,0.303246,0.00961295,-0.649579,0.837388,-0.711704,0.0991258,-0.950007,-0.269856,0.664543,0.117328,0.532865,0.574022,0.845778,1
-0.973582,-0.158349,-0.810365,1.25672,0.0525583,0.336179,-0.376141,0.0549146,-0.247944,-0.571246,0.270256,-1.3869,0.633425,0.479888,0.314184,-0.244244,0.72711,0.0653379,0.330043,0.145465,0.647713,-0.126232,-0.0302316,-0.112471,0.24601,-0.317557,-0.448403,0.328884,0.30973,-0.465686,-0.325118,-0.284804,0.442908,0.900273,1
0.629183,0.0219163,-0.43028,0.817181,-0.388979,-0.170333,-0.757567,-1.08799,-0.23607,-0.947464,-0.958884,0.610144,-0.369846,-0.19142,-0.172218,0.783982,0.198744,0.0868421,-0.389973,-0.126946,-0.493636,0.0105326,-0.22933,0.997422,0.280674,0.16981,0.0688504,-0.965828,0.876018,-0.111426,-0.423164,0.122553,0.446953,0.850059,1
-0.409756,0.641162,-0.441015,-0.445632,0.988622,-0.768777,-0.13369,0.278387,0.836679,0.657339,-0.512396,0.462121,0.630301,0.499781,-0.0413522,-0.276464,0.0686843,-0.288824,0.549807,0.21039,-0.173972,0.411162,-0.093424,-0.0592825,-0.125151,0.587002,-0.0571064,0.215882,-1.1735,-0.0321983,1.04601,0.37236,0.572913,0.863502,1
-1.31256,-0.639965,-0.0851739,0.541612,0.363598,0.0605257,-1.05729,0.299255,-0.347001,-0.209264,0.703915,-0.477161,-0.0433414,-0.432651,-0.481699,0.0145423,-0.243369,-0.110102,0.176763,-0.350596,0.0043028,-0.267909,0.0556619,-0.198591,0.374725,-0.358699,-0.0180102,-0.104493,-0.451189,0.483267,-0.493966,-0.208055,0.579485,0.872581,1
-0.728026,-0.777013,0.170364,-0.123835,0.23755,-0.647972,0.938235,-0.403014,-0.526961,-0.476837,0.972804,-0.246891,-0.347722,-0.479472,-0.354573,-0.368225,-0.322969,0.238415,0.232002,0.99469,-0.344261,-0.210436,0.140336,0.49126,0.732306,-0.00937758,0.449273,0.57183,-0.289649,0.394038,0.0330677,0.615218,0.532519,0.880066,1
-0.293902,-0.350664,-0.475978,0.0523624,-0.217861,0.388491,0.0955923,-0.506357,-0.0655192,0.823615,0.886425,0.857554,0.0141059,0.470874,0.279012,1.18297,0.0610009,-0.0950388,-0.165808,-0.115091,0.201105,-0.333404,0.0170632,0.441491,0.544747,0.249841,0.288973,0.473861,0.169229,-0.162195,-0.599838,-0.21045,0.521906,0.861083,1
0.28245,0.496892,-1.23319,-0.030073,-0.0397828,0.508257,-0.263159,-0.505872,0.225157,0.336205,0.62081,-0.668625,0.0403637,-0.190369,-0.433424,0.483676,0.928514,-0.764722,-0.118504,-0.518729,0.396838,-0.922942,0.0398733,-0.748476,0.206597,0.586973,0.154493,-0.337583,1.20415,0.168464,-0.236186,-0.0051424,0.42212,0.946453,1
0.577139,-0.119269,-0.100945,-0.733435,-0.549511,0.130041,0.202827,-0.0935468,0.00933379,0.191067,0.357699,-0.0306604,0.136886,-0.4891,0.281205,0.062558,-0.0511317,0.0875318,0.480145,-0.67143,0.287676,0.83258,-0.0908783,0.204341,0.0260246,0.76044,0.381783,0.165854,-0.0773804,-0.156321,0.336107,0.141015,0.546608,0.804435,1
-0.150499,-0.0103307,0.182545,-0.909452,1.38487,0.058425,-0.288923,-0.309319,0.373383,0.521721,-0.769268,0.579133,-0.359866,0.38871,-0.641639,-0.732566,0.330858,-0.157766,-0.514408,-0.163789,0.0969119,-0.25088,0.191185,0.965059,-0.768117,0.971447,-0.05703,0.00801119,-0.582992,0.142754,0.263651,-0.478675,0.490412,0.830644,1
-0.179279,-0.314738,-0.303347,-0.0554803,0.361924,-0.508474,0.541829,0.590244,-0.760313,0.122922,0.133434,0.325912,-0.170011,-0.0982861,0.0887628,-0.189004,0.0898509,-0.244859,0.182706,0.094573,0.765392,1.0011,-0.449391,-0.0350896,-0.467157,-0.855523,0.204396,0.0532582,-0.0592489,-0.689746,0.0113414,-0.681446,0.43957,0.773048,1
-0.0861715,-0.122462,-0.20901,0.176874,-0.871751,0.745281,0.344626,-0.876163,-0.0946114,0.549862,-1.29934,-0.655234,-0.0903791,-0.0839036,0.325654,-0.130771,0.360853,-1.21953,0.246597,0.116183,-0.31632,-0.192527,0.283121,-0.0947193,0.243964,0.0144351,-0.214168,-0.680912,-0.5071,0.0042752,-0.191254,0.413687,0.423835,0.907448,1
-0.361103,0.167415,0.324838,-0.193907,0.508633,0.881149,-0.726327,-0.09138,0.45618,0.582687,0.656146,0.327459,0.446173,-1.16778,-0.226812,0.260537,-0.897968,-0.579268,-0.00264274,0.204141,0.559189,-0.142753,-0.344978,0.203368,0.32115,0.0274975,0.178469,0.053035,0.319534,-0.107413,0.578895,0.451926,0.467241,0.838409,1
0.527704,-0.413658,0.775985,0.178169,1.00926,0.0817862,0.216025,0.510043,-0.26976,0.288913,0.0629001,0.967888,-0.175725,-0.164144,-0.436105,0.154495,0.550117,-0.535454,1.05437,-0.655706,-0.448751,-0.481012,-0.333866,-0.0127326,0.0377988,0.645982,0.231858,-0.828267,-0.263134,-1.22123,0.368099,-0.885778,0.578434,0.794339,1
0.52525,-0.102682,-0.267846,0.57137,0.164691,0.232917,-0.222716,0.552728,0.182024,-0.216858,0.207493,0.423558,-0.637072,0.44678,0.434931,-0.416663,-0.288035,1.05565,0.136782,-0.65684,-0.0805017,-0.0125508,0.709269,-0.06766,0.309763,-0.216032,-0.587396,0.33646,0.638262,0.129154,0.580935,0.775066,0.479754,0.937146,1
-0.584169,0.0149091,-0.709442,-0.131786,-0.54572,-0.514197,-1.2108,0.0651665,0.361121,-0.0793793,-0.692929,0.832194,1.03092,0.0470113,-0.127473,0.441803,1.14756,-0.358475,0.16559,-0.265616,1.06962,0.401771,0.0155923,-0.226939,-0.0741237,0.113458,-0.302196,-0.546913,-0.40255,-0.503829,-0.930851,-0.226972,0.552579,0.896717,1
-1.04707,-0.0755512,-0.700918,-0.461367,0.905243,-0.403761,-0.151355,0.771209,-0.13358,0.206987,0.367002,-0.030253,0.240479,1.16365,-0.656436,-0.0155195,-0.156447,-0.957605,0.693297,-0.478316,-0.635472,1.19761,-0.138739,-0.217131,-0.547212,0.874226,0.918258,0.270038,0.574493,0.0193377,-0.26392,-0.628773,0.493512,0.80526,1
0.406137,0.628617,0.176375,0.12963,-0.629418,-0.655979,-0.568618,0.0871837,0.309342,-0.594487,-0.39418,0.434984,0.165441,-0.224676,1.22826,0.323488,-0.406246,-0.342132,0.250683,-0.398048,-0.664267,0.489943,-1.03847,-0.135649,0.439617,-0.0207266,0.263972,0.0211161,-0.357669,0.613543,0.242931,-0.444476,0.522267,0.868571,1
0.476795,0.0984933,-0.741266,-0.445818,-0.315317,-0.429102,0.348529,-0.238281,-0.32382,-0.56054,-0.202404,0.0375904,-0.362491,-0.193246,-0.508183,-0.49154,0.204312,-0.0777406,0.416284,-0.590266,-0.345784,-1.40659,0.0382082,-0.25131,0.436126,-0.5918,1.00485,-0.357593,0.664233,-0.929128,0.377289,1.11492,0.437369,0.862365,1
0.229142,0.260254,0.290954,0.103425,0.143526,7.95,0.320272,0.226874,0.185416,0.205315,0.119514,0.157658,0.109099,0.243223,0.297131,0.126118,0.225475,0.27863,0.342345,0.367072,0.364965,0.330214,0.23656,0.21026,0.181317,0.205662,0.28629,0.22001,0.347102,0.29981,0.256312,0.388614,0.52,0.82,1
0.95,0.88,-0.154173,-0.383851,0.420136,-0.0735235,0.47673,0.00186981,-0.28415,0.123264,0.206661,0.0650721,-0.126992,-0.224795,0.180674,-0.459106,0.236339,0.337902,0.263406,-0.373396,-0.2583,0.354488,0.152801,0.0143556,0.143086,0.196747,0.0414979,0.151415,0.225105,-0.353736,0.0759915,0.404249,0.48,0.2,0
0.277071,0.15082,-0.599644,-0.729211,0.41144,-0.284861,0.188993,0.579763,-0.842585,0.410784,0.534856,0.345942,-0.689971,-0.16293,0.781927,-0.0803541,0.27504,0.347614,-0.368625,0.330815,-0.630509,0.140039,-0.909037,-0.321638,-0.433155,0.355487,0.335123,0.808261,0.247358,0.204657,-0.00825026,-0.697409,0.509813,0.867765,1
-0.284799,-0.513637,-0.228561,-0.383546,0.253839,-0.249852,-0.00893079,-0.76291,-0.439564,-0.692154,-1.09315,-0.0716156,-0.281134,-0.292572,0.552779,-0.029043,0.546401,0.328452,0.251702,-0.0626546,0.229495,-0.440829,0.313141,-0.0202318,0.0945772,0.526478,-0.840278,-0.444324,0.0069958,-0.0151075,0.890189,-0.60332,0.433549,0.919561,1
-0.0548853,-0.803225,-0.157614,-0.406499,-0.263821,-0.0958115,0.410896,0.317144,0.200358,-0.447919,-0.323373,-1.46505,-0.174307,-0.587159,-0.955949,0.370771,0.229745,-0.161963,1.21097,-0.371703,0.092321,0.665608,0.11893,0.907848,-0.0990188,-0.351337,-0.111181,-0.242341,0.104633,0.202629,-0.233267,0.39968,0.549474,0.837527,1
0.61387,-0.444019,-0.301346,0.786247,-0.118541,0.166153,0.0406157,-0.886413,-0.0905988,0.717447,0.102515,-0.847427,-0.885713,-0.218478,0.0471104,0.351783,0.348108,-0.553364,-0.134585,0.164657,0.873934,0.335217,0.237977,-0.831901,1.06753,0.986875,-0.437478,-0.673779,-0.294511,-0.00939961,-0.254808,-0.0933871,0.520947,0.936294,1
0.237153,-0.323325,-0.261962,-1.31114,-0.163102,-0.23733,0.614266,-0.174216,0.696132,-0.213414,-0.445099,0.177683,-0.773883,0.384443,-0.158941,0.431808,-0.13119,0.143011,0.650322,-0.411547,0.0310258,-0.211933,0.182558,-0.441759,0.0637002,0.081535,-0.529801,-0.109498,0.170252,0.121221,-0.0578133,0.0293761,0.507191,0.772674,1
-0.322994,-0.707478,0.418293,-0.0938185,-0.0828118,-0.812864,0.462488,-0.306188,-0.451509,0.539511,0.316241,0.212633,0.325803,-0.445709,-0.177403,0.0662022,0.520313,0.691658,-0.725922,0.00895881,0.675283,0.257961,-0.150691,0.0152364,-0.0999914,0.00281987,0.653581,-0.0718751,-0.188813,-0.84521,0.575164,-0.387983,0.48785,0.931876,1
-1.17661,0.255233,-0.251233,0.950853,0.331919,-0.345041,-0.123394,1.03129,-0.261422,0.396771,0.933297,-0.0953343,0.25722,-0.264503,-0.0322863,-0.651521,-0.250983,-0.185958,-0.079047,0.246377,-1.04121,0.782412,-0.305343,0.677667,0.487826,-0.470636,0.00098253,0.8361,0.0185186,0.317196,-0.0403782,0.058086,0.436357,0.830388,1
-0.862368,-0.410419,0.422772,-0.35544,-0.0716153,0.317579,0.404993,-0.0599007,0.139748,-0.707184,-0.331228,-0.754178,-0.192831,0.702152,-0.817825,-1.27763,0.00309635,0.558798,0.0249371,-0.891938,0.0358202,-0.286313,-0.197354,0.555114,-0.045141,0.186481,-0.0577957,0.132951,-0.728014,0.381212,-0.391926,0.838313,0.461275,0.820708,1
-0.193058,-0.663983,-1.27109,-0.220354,-0.69043,0.515103,-0.837081,0.705889,-0.40373,0.0564199,0.174353,0.186872,0.164402,0.0856637,-0.268647,-0.33556,1.21431,0.551164,0.496368,0.206572,0.616042,-0.859537,-0.570253,-1.00395,-0.728769,1.11997,-0.221599,-0.430565,-1.06876,-0.435072,0.300801,1.11685,0.490719,0.781438,1
-0.164053,-0.757146,-0.667095,-0.38853,0.13893,0.87005,-0.103911,1.33407,-0.636694,-0.147255,0.390388,0.955759,0.46644,0.105052,-0.0375333,0.152199,0.173393,0.100922,0.02818,-0.0775055,-0.495153,0.266686,-0.410225,-0.179761,0.389594,0.0612795,-0.0393722,0.181984,0.488547,-0.203154,0.792033,0.256898,0.434225,0.768406,1
0.376272,0.379262,-0.211568,0.533796,-0.226863,-0.120572,-0.312745,-0.195275,-0.440892,0.17182,0.0561393,-0.461723,-0.026854,-0.84396,0.604057,-0.183525,0.169686,0.343607,0.326761,0.348308,0.19064,-0.205353,0.481208,0.289639,0.744353,-0.424612,0.681179,-0.620812,0.105535,-0.201816,0.00951748,0.0159814,0.575409,0.785926,1
0.0847391,-0.667797,-0.0320072,0.198416,0.0919844,-0.0732482,-0.322799,0.0971358,-0.294229,0.724305,0.295438,-0.112234,0.170926,0.404234,-0.00803809,-0.0901619,0.0775152,0.164132,0.520115,0.220976,0.215105,0.135802,-0.187371,-1.02339,-0.500991,-0.80112,-0.105836,0.26245,0.136921,0.0689583,0.0362824,0.415886,0.566588,0.858919,1
0.32211,-0.163589,0.560497,0.329284,-0.570768,0.808917,1.22221,-1.07392,0.117104,-0.415198,-0.726489,0.0560296,-0.0551468,-0.342423,0.442591,-0.647605,-0.12038,-0.538187,0.206811,0.894984,0.995838,-1.3172,-0.0350865,0.260045,0.109687,-0.448502,-0.864883,0.644866,-0.0744941,-0.831231,-0.139945,-0.67166,0.57527,0.927568,1
-0.00678542,0.80348,-0.59626,-0.652929,-0.307711,0.445209,0.0364876,-0.0926025,-0.716438,0.363944,0.31206,0.378646,0.316893,0.102826,-0.0218234,0.227292,-0.252281,-0.170393,-0.214943,0.0190198,0.316871,-0.758222,-0.921269,0.174254,-0.600423,-0.485245,0.59646,0.374335,0.463322,-0.288718,0.393015,-1.06708,0.517456,0.930959,1
-0.497443,-0.306652,-0.157826,0.416375,0.914999,-0.139162,-0.430848,0.420304,0.473064,1.78065,0.386829,0.677459,-0.754757,-0.126835,-0.651948,0.267346,-0.16477,0.104002,-0.238036,-0.508827,0.81269,0.0951462,-0.0347189,0.145127,-0.355853,-0.159204,-0.245207,-0.510549,0.0811699,0.20183,0.427753,0.0742103,0.499678,0.801938,1
0.0267665,0.381868,0.93724,0.296833,0.20293,0.474906,-0.0211734,0.516638,-0.027991,0.236724,0.0953968,0.931404,0.106927,1.12602,0.633169,0.640315,0.0104064,0.523182,0.491343,0.0414313,-0.694786,-0.587481,-0.348556,-0.420618,0.0759043,-0.0209353,-1.19943,0.0915391,-0.324869,-0.649882,-0.840198,0.143415,0.579339,0.817905,1
0.333043,0.272122,0.111263,0.44213,0.840155,1.0993,0.706657,-0.0102903,-0.487618,0.092862,-0.0758701,-0.378058,-0.720685,-0.0525371,-0.210035,-0.172906,1.1327,0.499273,-0.0348703,0.230611,-0.0948309,0.243105,0.0245857,0.571742,0.123498,-0.502069,0.187585,-0.427732,-0.316527,0.223635,-0.584208,1.42793,0.441992,0.877688,1
-0.388078,-0.282023,0.115513,0.294116,0.0179011,0.224808,-0.0730034,-0.225416,0.920823,0.0992142,-0.383228,0.523467,-0.0420345,0.36672,-0.143349,0.301337,0.458535,-1.32064,0.0225367,-0.215353,-0.585689,-0.584735,-0.0442186,0.344638,0.314272,0.795487,0.630335,0.230718,-0.432185,0.348276,0.670427,1.1204,0.568743,0.834932,1
-0.170628,-0.0645813,-0.253473,-0.947913,-0.290606,-0.315395,0.674652,-0.882212,-0.454859,0.127609,0.802697,-0.29548,0.190831,-0.607404,0.334188,-0.5591,1.06565,-0.312682,-1.00555,-0.16086,-0.140107,0.163114,-0.0875771,0.0203848,-0.585769,-0.42154,0.831062,0.333509,-0.319714,0.0999675,-0.27345,-0.58971,0.539245,0.790156,1
-0.467972,-0.140209,-0.790974,-0.042675,-0.00892708,-0.00829389,-0.0850031,0.57771,0.208982,-0.517411,-0.491471,-0.16011,0.97675,-0.2774,-0.362546,-0.455474,-0.0250784,-0.496064,-0.544235,-0.803405,0.379067,0.932018,-0.393353,0.10058,-0.104296,0.169934,-0.0182164,0.123277,0.213841,-0.523196,-0.089108,0.242082,0.505052,0.840942,1
0.95,0.88,0.268852,-0.372449,-0.147217,0.367731,0.239383,0.482727,0.274923,0.242666,-0.266033,-0.338386,-0.30266,0.0166466,0.303478,0.337961,-0.156667,-0.220381,0.343025,-0.206022,0.0903529,-0.277136,0.308988,-0.374489,-0.452247,0.425038,0.351038,-0.14921,0.267796,-0.145603,-0.0241955,0.353181,0.48,0.2,0
-0.0883976,-0.0735547,1.03303,-0.956265,0.0787054,-0.0582563,-0.253365,0.336083,0.738229,-0.395657,-0.375675,-0.168622,0.527427,0.0636777,0.303852,-0.0534019,0.263993,0.186948,-0.189179,-0.245787,-0.592461,0.290219,-0.530168,0.282498,-0.911058,-0.319668,-0.302862,-0.460081,0.750684,0.189452,0.477816,0.0811712,0.467619,0.764551,1
0.317041,0.276303,0.553872,-0.795378,0.615318,0.074459,-0.0229691,0.859229,0.168689,-0.11029,-0.310916,-0.167083,0.294588,0.145571,-0.127442,0.550906,-0.707094,0.295827,-0.231571,0.00942095,0.293215,-1.02894,0.0103717,0.19701,0.269668,-0.089214,-0.277913,0.173946,1.0172,0.90921,0.144957,0.0306642,0.436389,0.76155,1
-0.478046,1.17193,-0.171925,0.124516,0.369185,0.255399,-0.600086,0.419425,-0.589568,0.341463,0.119751,-0.217741,-0.129439,0.663881,0.410903,-0.254155,-0.322333,0.276002,-0.300497,-0.381169,0.764408,0.148045,0.611286,-0.0564782,0.746736,0.576588,-0.204286,-0.146849,-0.0381962,0.76965,-0.111765,-0.848644,0.425642,0.945395,1
0.0217113,-0.400278,0.741424,0.397982,-0.0581924,-0.144254,-0.98325,-0.369835,1.21983,0.849494,-0.11402,0.16272,-0.0494688,0.233435,0.0180176,-0.404092,-0.961562,-0.203232,-0.81017,-0.551645,-1.39877,0.269057,-1.06382,-0.692472,0.501519,-0.238944,-0.194745,0.148623,0.108953,0.256117,0.387407,0.174649,0.563633,0.927802,1
-0.290231,-0.204067,0.821697,0.754557,0.248138,-0.475185,0.429329,-0.807129,0.0621602,-0.343547,0.321374,0.27468,0.229996,-1.43467,-0.612714,-0.456024,-0.45354,0.0659754,-0.120793,0.498768,-0.513135,0.140307,0.0641806,0.521882,0.482386,-0.326911,-0.0127502,-0.719676,0.0284829,0.590861,0.980184,-0.185805,0.424858,0.934072,1
-0.494794,-0.238272,0.578154,-0.717138,-0.0284065,-0.578739,1.02426,0.575373,-0.525745,-0.216422,0.160966,0.479787,-0.804267,-0.100761,0.171592,-0.208478,0.572766,-0.275751,0.639579,-0.501696,0.123956,-0.34986,0.464646,-0.248242,-0.48013,0.392059,-0.59291,0.419378,0.154715,0.204401,1.07329,-0.0223354,0.535403,0.765055,1
-0.693846,-0.432145,0.778728,0.990892,0.324952,-0.180143,0.682724,-0.277863,0.209292,-0.0601,0.170187,-0.218336,0.627051,-0.202371,0.813599,0.467155,-0.682704,0.669305,-0.466622,-0.105187,-0.869539,0.354216,0.370703,0.721636,0.101877,0.0749531,0.0875444,0.880477,0.181259,0.488713,-0.45824,0.259165,0.527258,0.87601,1
0.572958,-0.0611642,-0.0549778,-0.381115,0.810655,0.0958685,-0.507827,0.380986,-0.151544,0.246691,-0.319382,0.158997,-0.402168,0.029825,-0.308807,0.387137,0.0666002,0.382226,0.469857,0.205448,-0.15147,-0.300598,-0.272074,-0.181335,-0.00629214,0.606851,-0.568555,-0.845159,0.187023,-0.0169471,0.320226,-0.0851161,0.512884,0.783639,1
0.0395344,0.0400524,-0.0757365,0.00617893,0.411658,0.0174583,0.669218,0.38184,0.137249,0.0231393,0.0654912,1.13702,0.256413,-0.54743,0.0353348,0.564752,-1.22354,0.0122461,-0.176758,0.380006,0.30895,0.318117,0.194801,0.420723,-0.12411,0.0743463,-1.21888,0.471859,0.411113,-0.1919,0.174117,1.22589,0.446752,0.925132,1
-0.242859,-0.823293,0.729685,0.11358,-0.119133,1.10602,0.64012,0.032227,0.720912,0.247856,-0.255813,-0.620965,0.388049,-0.448544,-0.032736,-0.435275,0.199968,0.0711803,0.53557,-0.0296175,1.1776,-0.191133,0.180692,0.0431161,0.350954,-0.423936,0.200133,0.476609,-0.28498,-0.813593,0.15763,0.317349,0.550045,0.889154,1
-0.445204,0.816119,-0.00334473,-0.161794,-1.04186,0.261346,0.631661,0.736733,0.302359,0.539631,0.0561257,-0.702827,0.312332,-0.496408,0.284484,0.292018,0.46632,-0.803916,-0.0260664,-0.104588,-0.470813,0.479217,-0.948029,0.30581,0.199357,0.838937,-0.423163,-0.00917219,-0.188434,-0.0796639,-0.470426,-0.138649,0.471908,0.915021,1
0.0951382,-0.0641615,-0.504437,0.0611205,-0.725477,0.0500746,-0.572841,0.0969653,-0.619387,-0.613279,0.0210975,0.328155,0.58521,0.180503,0.145008,-1.00192,-0.160737,0.572852,-0.338646,0.1433,-0.0365419,-0.0593564,0.207283,-0.163667,-0.233392,-0.647114,-0.430171,-0.154081,-0.214928,0.206937,-0.195034,-0.0315615,0.574766,0.827424,1
0.551389,-1.49863,0.37053,0.977748,0.31623,0.564973,0.607963,0.491314,0.25619,0.0361858,0.396215,0.366622,0.289036,0.129239,0.333424,-0.749426,-0.693948,0.140635,0.0510016,-0.224517,-0.188714,0.124681,0.37724,0.19458,-0.258429,-0.121078,-0.180354,0.0122348,0.551472,-0.00689877,-0.269347,0.694759,0.458431,0.915418,1
0.40487,-0.157081,0.339569,0.69166,0.171569,0.837719,0.338175,0.0693492,0.693124,-0.481093,0.812016,0.232655,0.717497,-0.0354264,0.14299,0.295411,0.655955,-0.0516069,-0.769977,0.817912,-0.124695,1.10167,0.775014,0.182024,0.625843,0.375056,0.302052,-0.222891,0.330731,0.610236,-0.168832,0.131361,0.551061,0.816784,1
-1.06832,-0.138002,-0.0951482,-0.955591,-0.348087,0.382192,0.190515,-1.35376,-0.328651,0.216077,0.257283,0.545238,0.0542999,-0.0975658,-0.333515,-0.347953,0.0582843,-1.24959,0.945409,0.36176,-0.0265198,0.549193,-0.50832,-0.539289,-0.45058,0.157631,0.566418,-0.427477,-0.209227,-0.366776,-0.829972,-0.131797,0.564215,0.905153,1
-0.0205463,-1.02709,0.226278,0.685257,0.3097,-0.763917,-0.319173,-0.406944,0.025301,-0.0511742,0.339917,-0.220267,0.400701,0.15722,-0.659114,0.494909,-0.00836095,0.712333,0.425133,-0.225927,0.548855,-0.484545,-0.117984,-0.098452,0.148112,-0.304062,-0.518216,0.228208,0.532388,-0.0302047,-0.259873,-0.360228,0.529983,0.827795,1
-0.115759,1.13145,0.659569,-0.0504734,0.211959,0.138821,0.881286,-0.399654,-1.41477,-0.391341,-1.23945,-0.353525,-0.132692,0.154206,0.0756987,0.618391,-0.0121852,0.0639964,0.601871,-0.551162,0.417716,-0.117487,-0.544502,0.489258,-0.690285,-0.424476,-0.00581913,-0.214838,0.397507,0.411496,0.874194,-0.983042,0.470643,0.921704,1
0.0887935,-0.145048,-0.0881202,0.0710205,0.549068,0.685844,-0.0693808,0.0637522,-0.702617,-0.728265,0.947902,0.411186,0.512062,-0.119282,0.169591,0.591834,0.155784,-0.0401115,-0.0692035,0.117618,0.16483,0.223504,-0.0180669,-0.0313782,0.704267,0.550215,0.349101,0.181649,-0.29915,-0.474941,-0.433668,-0.677487,0.515986,0.90474,1
-0.196687,-0.227372,-0.19476,0.984893,-0.180438,-0.355707,0.289491,-0.0358556,-0.641858,0.254166,-0.200822,0.134841,0.402948,-0.543378,-0.0170171,0.059022,0.39743,0.0447898,-1.34545,0.297462,-0.215031,0.137268,-0.907499,-0.714374,-0.526934,-0.433573,-0.200727,-0.983044,-0.232179,0.0650168,-0.116831,-0.435649,0.42406,0.808487,1
0.243838,0.244257,0.27387,0.284416,0.102961,7.95,0.125203,0.345261,0.393981,0.120666,0.115285,0.346582,0.261713,0.103588,0.199541,0.216364,0.20741,0.394105,0.276405,0.214428,0.21556,0.319458,0.170614,0.184936,0.141381,0.176243,0.163994,0.237526,0.218995,0.312741,0.281845,0.168434,0.52,0.82,1
-0.0717444,0.30028,0.402108,0.870794,-0.476302,0.156467,0.170394,-0.370531,0.188402,-0.0591544,-0.00592406,-0.335423,0.028957,0.0774012,-0.519423,0.195635,-0.333553,-0.626098,0.299524,-0.815524,0.15233,0.397538,0.305372,0.958229,0.943743,0.99918,0.0792606,0.896576,0.0513168,0.0792591,0.0500909,0.327486,0.476042,0.936916,1
0.568063,-0.37774,-0.35918,0.0875108,0.241197,0.0682546,0.317014,-0.367738,0.0561685,0.107893,1.02131,-0.518211,0.168391,-0.0321406,0.325217,0.133803,-0.248408,-0.342256,0.00646757,-0.198795,-0.583744,0.294417,-0.190807,-0.184523,0.0418085,-0.744164,0.381318,-0.0436196,0.712176,1.40772,0.128438,-1.05021,0.544554,0.888012,1
0.0750682,0.298911,-0.189554,-0.779292,0.425136,-0.0759445,-0.857693,-0.0810073,-0.53277,0.0779476,0.511161,0.319232,0.726557,0.0460365,0.455125,0.793832,-0.0557853,-0.620073,0.417344,0.660704,0.458467,-0.543811,0.0680343,-0.122097,-0.310657,0.383471,-0.311777,-0.770869,0.65314,0.74373,0.847569,-0.660525,0.432269,0.883949,1
-0.011762,-0.219758,-0.00863765,-0.229713,0.227218,0.239775,-0.496802,-0.464153,0.616195,0.279074,-0.0266813,-0.895424,-0.435721,-0.980125,-0.914357,-0.584916,-0.152893,-0.102164,1.14895,1.04756,-0.212179,1.02716,-0.0229851,-0.925939,-0.205201,0.202258,0.427539,0.0996425,0.024291,0.913311,1.09109,0.653415,0.477344,0.85637,1
-0.0553956,-1.42548,0.00758511,0.14517,-0.248838,0.0271932,0.166544,-0.365679,0.713277,0.0537723,-0.370691,-0.117564,-0.0278973,0.649828,0.0921473,-0.253875,0.187707,-0.299379,0.332283,-0.642033,-0.366301,0.196278,0.248087,-0.259314,-0.289499,-0.246907,0.776779,-0.155663,-0.591547,0.507404,0.0110237,-1.31425,0.450432,0.881465,1
-0.243701,0.0143272,0.611147,0.687297,-0.531291,-0.867826,-0.267659,-0.200173,-0.0968745,-0.229668,-0.04461,0.316884,0.504503,-0.259315,-0.640542,-0.0394458,0.29637,0.195346,0.334213,-0.450297,0.259005,0.794754,-0.284306,-0.736567,0.449507,-0.630648,0.755664,0.439502,-0.630431,-0.0206696,-0.731672,0.473261,0.472645,0.822921,1
-1.1728,-0.0653908,0.50765,-0.125041,1.00192,0.273263,0.443621,1.25829,-0.310579,0.268401,-0.0622359,-0.165359,1.15269,0.211622,0.812777,-0.171516,-0.234295,0.300771,-0.161204,0.849328,-0.0748871,-0.897885,0.598836,0.049351,0.654328,-0.610609,-0.1984,-0.0517802,0.214761,0.457613,0.273551,-0.617928,0.494308,0.811977,1
0.313468,0.196881,0.0500277,-0.0971399,-0.606471,-0.210673,0.338342,1.02809,-0.0709412,1.10974,0.247413,0.165551,-0.220815,-0.420883,-0.328523,0.295774,-0.201302,-0.2672,-0.497409,0.151232,0.144259,-0.0565398,0.295894,-0.0150951,0.577727,0.416657,0.0265243,0.0927597,0.584491,0.139024,-0.256241,0.0213942,0.523009,0.876791,1
-0.764975,0.457628,-0.562841,-0.337139,0.451626,-0.999276,0.451446,0.024792,-0.0380926,-0.517309,-1.2664,-0.348624,0.453469,0.699256,-0.923588,-0.741177,-0.0601139,-0.444106,1.23383,0.223765,0.99552,0.16943,0.354308,0.657736,0.520416,0.215972,-0.00727567,0.993741,-0.940647,-0.446621,0.288935,-0.511746,0.484356,0.941869,1
0.861503,0.30003,0.245005,-0.341135,-0.348707,0.0716553,-0.0845589,-0.508282,0.485429,-1.01076,-0.614337,0.983786,-0.589647,-0.751664,-0.286023,0.315837,0.286209,0.23714,-0.339649,-0.129943,0.203151,-0.045162,0.487333,-0.155707,-0.0576373,-0.121312,-0.277729,-0.321948,-0.0642561,0.422824,0.363391,1.12105,0.478301,0.850028,1
-0.42305,-0.348998,-0.0799988,-0.334382,-0.348956,-0.103777,0.472427,-0.240047,-0.312708,0.541001,-0.152181,-0.40728,-0.447468,-0.602405,0.334273,-0.53621,-0.671707,0.960904,-0.474566,-0.549315,0.354749,-0.76362,-0.247603,0.048784,0.414422,0.978482,-0.624238,0.289219,-0.406462,-0.442727,0.544282,-0.642187,0.564594,0.92004,1
0.246344,-0.818775,-0.0491586,-0.423515,0.4039,0.135872,-0.281466,0.464198,-0.0424873,-0.397518,1.0024,0.0585079,-0.0348051,0.342506,-0.410042,0.382077,0.290686,-0.0809766,0.255484,0.188698,0.0586952,-0.0402574,-0.00941084,0.402972,0.35196,0.402352,-0.334268,0.69737,0.0878724,0.743199,0.356407,-0.447157,0.494195,0.910343,1
0.237495,0.320025,0.107824,0.672087,0.0524555,-0.762226,-0.110038,0.657527,-0.144902,-0.844203,0.410772,-0.127022,0.000221474,-0.0526802,-0.359484,-0.291591,-0.200605,-0.249252,-0.455507,0.209735,-0.739083,0.321576,-0.0205332,0.850433,-0.383822,0.235425,-0.459946,-0.168055,-0.280358,-0.285462,0.104246,-0.129978,0.489745,0.85983,1
-0.367102,0.764588,0.0831461,-0.999431,0.362144,0.0638741,0.726369,-0.59507,0.926156,0.158575,-0.377295,0.086658,-0.3783,-0.10473,0.431527,0.43641,0.283933,0.0233095,0.0151886,-0.0978217,0.161904,-0.454627,0.428555,0.791694,-0.756792,-0.163237,0.293351,0.26316,-1.19438,0.243615,-0.0543432,1.13661,0.438796,0.828051,1
0.621477,-0.248074,0.0822663,-0.168931,0.645646,0.0101601,0.352894,-0.289435,-0.0067559,0.445899,-0.0744925,-1.1135,0.346793,0.496392,-0.229196,-0.464806,0.713751,-0.464287,0.269841,-0.174826,0.558426,0.151192,-0.552836,0.819287,0.562873,-0.141194,-0.264667,0.95641,1.15357,0.00297229,0.582561,-0.466418,0.517635,0.909625,1
0.0505518,-0.153409,-0.279558,0.827173,-0.109231,0.0683943,-0.35594,-0.244822,-0.601907,0.0893616,0.686372,0.623685,0.53881,0.386035,-0.405624,0.473199,-0.240052,-0.836167,-0.470136,-1.0249,0.416473,0.382425,-0.338302,-0.913805,0.335958,0.409502,0.236467,-0.869727,-0.916431,-0.923085,-1.22384,0.459726,0.571741,0.824904,1
-0.419836,0.41686,0.202025,-0.0960384,1.39103,-0.926074,-0.661351,-0.348345,-0.410139,-0.598756,-0.254834,0.533732,-0.266764,-0.447697,0.0708398,-0.0779984,0.132594,1.0016,0.204662,0.240819,0.411394,0.12304,-0.0312404,-0.338851,0.410886,0.122355,0.447887,-1.28635,0.302335,0.338022,-0.219575,0.576537,0.455228,0.909489,1
-0.822659,-0.496406,0.622585,0.622815,0.883653,0.0623634,0.303149,-0.500617,0.111937,0.30569,-0.42987,0.280595,-0.145295,0.127009,0.265993,0.446485,-0.353505,-0.564853,1.56439,0.651826,-0.261072,-0.236633,0.640487,-0.948028,0.864072,0.240994,1.03632,0.219877,-0.219938,-0.0213534,0.735178,0.543816,0.509556,0.895012,1
-0.381733,-0.0914407,0.87119,-0.322595,0.681792,0.131011,-0.379764,0.133356,0.284712,-0.0149402,0.807014,0.509955,-0.211358,0.176809,-0.186303,0.125158,0.0981952,0.103188,0.439094,-0.347694,-0.0167445,0.142592,-0.114319,0.0882771,-1.15939,-0.586071,0.673275,0.528717,-0.288731,0.867042,0.106756,0.139364,0.438492,0.888894,1
-0.222542,0.483225,0.332371,-0.208853,0.21379,0.197912,-0.834079,-0.219805,-0.0919473,0.281452,-0.192522,-0.556412,-0.903541,-0.768467,0.0463879,-0.365825,-0.901461,-0.391732,0.379938,0.0822496,-0.12839,0.261856,0.054485,-0.387118,0.89482,0.417482,-0.321614,-0.487413,-0.479884,0.0454625,-0.0236251,0.0463811,0.509019,0.825808,1
0.557701,-0.222737,-0.58365,-0.51438,-0.469254,-0.180626,-0.436783,0.493674,-0.224615,-0.0363123,0.144115,0.71308,0.206673,-0.283398,-0.985962,0.802996,0.775989,1.25972,-0.474742,-0.605377,-0.126754,-0.689637,0.317687,0.377615,-0.879119,0.0258993,-0.0380732,0.0520918,0.349234,0.0689694,-0.196396,0.466718,0.560925,0.78018,1
0.146112,-0.26245,0.200366,0.71982,-0.157141,0.105187,-0.331544,0.00378251,1.16961,0.0106623,-0.326081,0.457132,0.201418,-0.00491819,0.337212,-0.070391,-0.0727154,-1.39094,-1.18222,0.397658,0.24059,0.253126,-0.314486,0.287575,0.123512,-0.22413,-1.17919,-0.0994892,-0.325045,-0.442422,0.546986,-0.130993,0.465835,0.795197,1
0.636981,0.086824,-0.345204,1.16485,-0.645393,0.150419,-0.516877,-0.377328,-0.503504,0.499468,-0.0448586,-0.222974,-0.957668,0.480088,-0.532909,-0.00994964,0.357791,-0.61692,0.0767427,-0.602522,0.918147,-0.182971,0.0561293,0.446254,0.134854,0.616391,0.179847,0.272492,0.935579,-0.717215,-0.302062,-0.521042,0.552207,0.913952,1
0.95,0.88,-0.201321,0.300113,-0.194864,-0.354583,-0.183606,-0.387144,0.323076,0.24948,-0.426154,-0.064319,0.486955,-0.226389,0.273261,-0.200477,-0.14828,0.121487,0.238023,0.0191956,0.454162,0.444978,-0.483721,0.413379,-0.0779265,0.106541,-0.181055,0.479736,0.232298,-0.275504,-0.0992025,-0.4015,0.48,0.2,0
0.787557,0.544059,0.14932,0.776495,-0.3392,1.46022,-0.232753,2.00629,1.23384,-0.415134,0.0768768,0.749506,0.212543,0.583111,-0.11582,-0.258872,0.211883,-0.795319,0.20731,0.355939,1.51079,0.558772,-0.0734729,-0.339856,0.678086,0.147112,0.0135194,-0.988585,-0.265486,-0.460785,-0.34392,0.245279,0.501223,0.876946,1
-0.684284,0.869584,-0.02607,0.100846,-0.0856036,-0.0987004,0.0923584,0.223293,0.87012,0.511396,0.148202,0.340618,0.355342,-0.0234673,-0.564353,0.482763,-0.193341,-0.43832,0.483246,-0.520105,0.0748072,-0.202913,-0.0705839,0.459174,0.0818182,0.106778,0.305798,0.350875,-0.960877,-0.55565,-0.888055,0.284921,0.508316,0.81531,1
-0.627984,1.56281,-0.0617927,-0.65243,-0.394934,0.00470266,0.441166,0.362204,-0.72684,-1.20161,0.0910727,-0.143401,0.450128,0.473775,-0.160328,-0.602377,-0.285072,-0.492979,-0.357833,-0.521728,-0.589956,-0.414256,0.292461,-0.492249,-0.422365,-0.725958,0.366017,0.0873425,-0.194326,0.177482,-0.579392,-0.045549,0.447492,0.814685,1
0.091315,0.153762,-0.152109,-0.325176,0.316514,0.83743,0.410399,0.0429532,-0.257795,-0.0109605,-0.180453,0.0184905,-1.4238,0.0942144,0.669524,-0.299838,0.102975,0.0411951,1.3944,-0.668743,-0.263607,-1.10167,0.287209,0.436137,0.386763,-1.09541,0.88371,-0.0212222,0.195075,0.257358,-0.138625,-0.477681,0.500721,0.789577,1
0.67644,-0.75526,0.0790627,-0.942269,0.317963,0.674188,-0.398464,-0.608754,0.484623,0.311463,-0.262699,2.00721,0.395645,-0.76834,-0.303594,-0.0127769,0.163841,0.373966,0.152059,0.00844989,0.121562,0.111487,-0.0147887,-0.225105,0.546202,0.353018,1.45476,1.61597,0.627906,-0.412138,0.403813,-0.876365,0.431747,0.804846,1
0.0785679,-0.219832,0.0941374,0.477039,0.665581,0.156944,0.554943,-0.777648,-0.782276,0.534256,-0.178513,-0.661912,-0.0259565,0.301331,-0.627687,-0.57498,0.79518,-0.570856,0.0313175,-0.310222,0.831737,-0.406098,0.0823571,-0.194077,0.00492363,-0.0283657,-0.247276,-0.674268,-0.0256894,-0.205723,-0.1811,-0.0045951,0.573145,0.766804,1
0.048756,-0.0699195,-0.11535,-0.256015,0.0306549,-0.23022,0.128825,0.53944,-0.788928,0.477223,0.0907008,-0.35868,0.145294,-0.200738,-0.56761,0.655532,-0.134336,-0.488869,1.59734,-0.684822,0.0106134,0.106494,-0.349586,-0.0673253,0.470426,-0.274412,-0.875004,-0.133234,0.153117,0.0681492,-0.57807,0.174605,0.441078,0.893446,1
-0.385043,-0.572988,-0.469818,-0.648323,0.548691,-0.130898,0.214015,0.861956,0.491135,-0.140946,0.175164,0.49552,0.495984,-0.282765,0.232964,0.308763,-0.615619,-0.864032,-1.8659,0.325035,-0.381635,0.0961594,-0.413929,0.520312,-0.336654,-0.0532545,-0.535899,-0.691455,-0.0507832,-0.159711,0.516754,0.553696,0.462024,0.817157,1
0.341751,0.194109,-0.385449,-0.372989,-0.451015,0.110926,-0.0911125,0.919676,-1.29368,-0.245218,0.592925,-0.987956,0.396502,-0.167953,0.604314,-0.448527,-0.244607,-0.0360357,-0.0548859,0.25233,-0.101251,-0.64675,0.0488758,0.587516,0.721301,0.108547,0.266819,-0.469445,-0.413596,0.350249,-0.389541,-0.515105,0.567171,0.891488,1
-0.252201,-0.518589,0.147087,-0.353195,0.358574,-1.09086,-0.729031,-0.807847,0.155833,-0.0190347,-0.388708,0.000215071,-0.269968,0.752687,0.236647,0.500443,-0.226919,0.226659,0.140151,0.0368075,-0.0499664,0.354357,0.102631,0.510053,0.337389,-0.297345,0.131141,-0.932473,0.170981,0.0760523,-0.576798,-0.492664,0.423845,0.854169,1
0.177184,-0.313978,0.0588404,0.416374,0.260431,0.282381,-0.379272,-0.336346,0.411573,0.216364,1.27776,-0.0721055,-0.480071,-0.0182557,0.26489,-0.379739,-0.208924,0.404474,0.181081,-0.0339736,-0.527434,-0.269368,0.672687,0.155817,0.753915,0.203227,0.653504,0.9379,0.136217,-0.188493,-0.673913,-0.0224204,0.447099,0.788432,1
0.313904,-0.235547,0.11308,0.374474,0.318641,0.51548,-0.813224,-0.678375,-0.240463,-0.37341,-0.0933916,0.397492,0.538418,0.610214,-0.0898435,0.137059,-0.576993,-0.240636,0.583284,-0.128353,1.33684,-0.324911,-0.22594,0.861804,-0.470172,0.166807,-0.105509,0.700622,0.196437,0.845444,-0.579286,0.122529,0.437355,0.853878,1
-0.485983,-0.501902,0.22839,-0.0287687,-0.125154,-1.22255,-0.908103,-0.167021,-0.674608,-0.0515954,0.00217397,-0.240536,0.0803063,-0.646101,-0.212989,-0.367792,0.34115,-0.2058,0.577299,0.368754,0.0377665,0.320064,0.834937,0.828239,0.342087,-0.807132,0.485026,-0.143278,-0.1795,-0.0159365,-0.301294,-0.635581,0.462029,0.843636,1
0.591913,-0.254464,0.302853,-0.84624,1.12601,0.171993,0.0140252,-0.324077,0.19749,0.464914,-0.135666,-0.329355,-0.339376,-0.402215,-0.425518,0.341833,0.777042,-1.61829,-0.0576177,-0.714014,-0.851759,-0.12389,-0.290936,-0.661852,0.230366,-0.222616,0.459554,0.10217,-0.290952,-0.1467,-0.0476773,0.144587,0.546052,0.830007,1
-0.408906,-0.49498,-0.986821,-0.499392,-0.551177,-0.197824,0.15909,-0.513567,0.442627,0.234675,-0.26639,0.428738,-0.503904,0.618223,-1.1809,-0.155628,0.14014,-0.138614,0.0856606,0.383718,-0.326172,-0.723964,-0.447473,0.895584,-0.584315,-0.036155,0.192026,0.871049,0.0389618,0.863917,-0.268037,0.684393,0.486703,0.7897,1
0.434401,-0.674874,-0.593077,-0.187994,0.25963,-0.956786,0.149863,-0.0198591,0.495291,0.386755,-0.146504,1.05485,0.253419,-0.466981,-0.0803482,0.610058,0.882745,-0.455544,-0.208113,-1.126,-0.67854,0.14804,-0.157229,1.27822,0.203792,-0.299674,0.986927,0.289485,-0.24592,-0.0414302,0.381465,0.149971,0.516949,0.760811,1
-0.0449651,-0.234591,-0.47463,0.677378,0.357258,-0.142874,0.564426,0.11015,0.0965657,-0.498462,-0.444264,0.327476,-0.209648,0.0958412,0.237713,0.0609088,-1.83481,-0.788977,-0.0175418,-0.159872,0.95716,0.00728642,0.171681,0.706393,0.185672,-0.37808,-0.0299084,1.09203,-0.79631,-0.621588,0.187364,-0.020452,0.509257,0.799674,1
0.104211,0.66831,-0.137842,1.12394,-1.27128,0.0640279,0.364336,0.467396,0.445269,-1.04064,0.457589,0.187836,-0.383924,-0.22523,0.825708,0.0679182,0.102398,-1.25683,-0.195658,-0.235968,-0.421283,-0.385861,0.392815,0.282255,0.326019,-0.20489,0.818861,0.194355,0.527914,0.610367,-0.680498,1.01255,0.548786,0.816837,1
0.232567,-0.163871,-0.23895,1.00229,-1.25161,-0.821579,0.290121,0.497609,-0.240049,0.0847586,0.0827174,1.0642,-0.189393,0.383128,-1.15064,-1.13934,-0.130177,-0.0400585,0.80687,0.29179,-0.596573,0.273857,-0.328146,0.115454,-0.145429,0.79984,-0.753794,-0.439788,-0.14504,0.116132,0.150228,0.514171,0.54757,0.895642,1
-0.697156,0.581816,-0.256883,-0.110293,0.27251,0.283608,-0.911571,-0.612487,0.0271357,0.780963,-0.16845,-0.170906,0.161664,0.613771,-0.32466,0.116593,-0.958721,-0.502841,-0.324287,-0.105041,-0.23583,0.441897,0.236381,0.0630349,-0.680519,-0.329564,0.942375,0.354505,-0.557982,-1.17429,0.549885,0.146047,0.56088,0.933878,1
-0.286549,0.688942,0.478527,-0.0643033,0.52442,-0.513797,1.21686,-0.58195,0.582648,-0.832467,0.673424,0.927666,-0.778023,0.133564,-0.202122,0.301597,-0.0720644,-0.0775451,0.221736,-0.336005,-0.380941,-0.75553,0.167349,0.153637,0.51877,-0.946765,0.196075,-0.366107,0.0556138,-0.177673,0.726293,-1.47763,0.485329,0.768842,1
-0.404924,-0.556216,0.549781,0.626872,0.679971,-0.127955,-0.144157,-0.331821,0.979623,-0.565574,-0.110938,-0.0666572,0.10473,-0.327934,0.625487,0.139205,-0.782324,-0.480747,-0.34732,0.347302,0.329986,-0.46381,0.175384,0.457957,0.028498,-0.244125,-0.166705,-0.514018,0.51593,0.847316,0.046535,0.495081,0.569975,0.882558,1
-0.607058,0.000399555,-0.2712,-1.07132,-0.43606,-0.807732,-0.534774,-0.123897,0.504434,0.665584,0.156208,0.117718,-0.0174083,0.139195,0.429833,-0.301781,0.206043,-0.408565,-0.430715,0.173492,0.0967248,-0.829327,0.553957,0.202705,-0.0873537,0.296218,-0.111152,-0.0126567,1.10543,0.311728,-0.155519,0.0485642,0.507565,0.785698,1
-0.287185,-0.349515,0.415715,0.127786,-0.912229,-0.220705,0.414554,0.0656362,-0.284599,0.919808,0.453389,-0.177247,0.857828,-0.41005,-0.368415,0.309104,-0.686051,-0.059661,0.785417,0.257213,0.462645,-0.0761735,0.254683,-0.478125,-0.642798,-0.550146,-1.44382,-0.463308,1.16952,0.343529,-0.494028,-0.110814,0.5469,0.9289,1
0.431383,-0.293989,0.231731,-0.386418,0.266536,0.49679,-0.184559,0.195128,0.266642,0.440441,-0.0393069,-0.0435234,0.209316,0.201598,1.02234,-0.233383,0.944667,0.116326,0.382667,0.371244,-0.491186,-0.398763,0.43657,0.713296,-0.547883,-0.0539497,0.711296,-0.0814689,-0.458079,0.149877,-0.456064,0.663639,0.550121,0.789536,1
0.0411886,-0.087636,-1.14556,-0.540291,0.626293,-0.484643,-0.316043,0.0473474,-0.483132,-0.194138,-0.310094,-0.0143446,0.169411,-0.0258018,-0.00316519,1.28899,0.193549,0.0773695,-0.470222,-1.01252,-0.421527,0.0844298,-0.13216,-0.0721618,0.0897279,0.747699,0.0493187,0.555128,0.204872,-0.399224,0.521948,0.179738,0.549526,0.931993,1
0.181099,-0.367233,0.0459711,-0.238124,0.0860465,-0.62588,0.0316075,-0.126928,-0.487046,0.144122,0.364214,1.11271,-0.303735,0.119913,0.377554,-0.308967,0.165438,0.906375,0.0411991,-0.57203,-0.365428,-0.587781,-0.150022,-1.2367,0.652309,-0.412459,0.3786,-0.303713,-0.283871,0.495676,0.711358,-0.577698,0.482805,0.823122,1
-0.175045,-0.0253093,0.186502,0.620839,-0.383957,0.788545,-0.415809,0.0263359,0.426096,0.216772,1.16126,0.561767,-0.198993,0.308821,-0.318406,0.255482,-0.0634339,0.0543448,-0.0903967,0.487996,-0.534931,0.942032,-0.820212,0.717342,0.493917,-0.309603,-0.402518,-0.0805882,0.46375,0.0248462,0.34744,0.00180517,0.490061,0.833066,1
0.76421,0.110613,-0.0494909,-0.196853,-0.261553,0.238036,-0.58969,0.224659,0.225258,-0.672623,-0.275414,-0.704932,-0.639021,0.360195,0.30774,0.170784,0.291196,-0.245031,0.147941,-0.715468,0.235155,-0.752711,-0.039998,0.146976,-0.220385,-0.888744,-0.176059,-0.159458,0.757574,0.529865,0.033245,0.861618,0.420743,0.792643,1
-0.289004,0.597835,0.637035,-0.572015,0.434864,-0.195799,0.645464,0.10396,0.358441,-0.400243,0.152189,-0.262102,-0.789176,-0.221709,0.848602,0.190978,0.38585,-0.0546183,-0.14514,-0.865344,-0.206028,-0.635973,-0.0679735,-0.390457,-0.292077,-0.499986,0.464679,0.340354,-0.321145,0.805267,-0.0739513,0.0105069,0.465445,0.796555,1
0.313367,-0.561983,-0.459722,-0.0857662,-0.40633,-0.0477838,-0.494337,-0.536714,0.554121,-0.019442,-0.547596,0.0706789,-0.023416,-0.393762,-0.30321,0.127204,1.20112,-0.690808,-0.445113,0.266532,-0.615479,-0.145554,0.393677,0.373946,0.102207,-0.886093,-0.452627,0.0555496,0.00560718,-0.0654455,0.373579,-0.229912,0.533218,0.857122,1
-0.215952,-0.600895,-0.0257243,0.0759769,-0.0315447,-1.09067,0.577019,0.0796794,0.0732425,-0.242488,-0.291516,0.0919579,-0.260413,0.484368,-0.527202,-0.579962,1.1005,-0.328066,0.365748,-0.213274,0.38002,0.444552,0.70471,-0.484379,0.444792,-0.21422,0.710419,-0.555682,-0.0862445,0.0260646,0.507101,-0.314,0.443276,0.861491,1
0.257588,0.214137,-0.826746,0.211775,-0.108131,-0.174863,0.406544,-0.322457,0.243532,1.29173,0.357049,-0.110574,-0.379462,-0.255613,0.135619,0.0937172,-0.214311,-0.203106,-0.183474,-0.418689,0.185191,0.756303,-0.376189,-0.0163837,0.255786,-0.783305,0.183471,-0.591933,0.646433,0.0152848,-1.09618,-0.18172,0.469766,0.918507,1
0.212472,-0.519664,-0.370261,0.88175,-0.554775,0.249593,-0.074588,0.437957,0.053121,-0.577533,0.61073,-0.747339,0.215873,-0.811582,-0.127946,0.354503,0.32743,0.480084,-0.462677,-0.0112524,-0.6058,0.254937,0.0483525,0.710329,-0.423847,-0.0387623,0.178772,-0.0431079,-0.120583,0.365084,-0.677884,-1.03678,0.443871,0.930986,1
0.919159,0.0736932,-0.842984,-0.167652,0.210477,0.220673,-0.58952,-0.194778,0.0113165,0.62143,-0.820548,0.044298,1.21455,0.987968,0.950134,-0.444498,0.750743,0.902659,0.254074,1.20181,0.0272627,0.560531,0.88901,0.0358693,-0.0326546,0.535746,-0.512027,-0.0892242,-0.234795,-0.0312858,-0.372798,-0.343172,0.438023,0.803022,1
0.283881,0.5204,-0.597431,-0.362973,0.155394,0.210257,0.251318,-0.167314,-0.45549,-0.0970776,0.552089,-0.358488,0.376947,-0.00969937,0.0654674,-0.802338,-0.219449,-0.219682,-0.108034,0.0203384,0.323035,-0.0642766,-0.423075,0.436698,0.0869954,0.460123,-0.880024,-1.11898,-0.599749,0.173292,-0.0271294,-0.054934,0.551081,0.766857,1
0.318415,0.292185,-0.0594081,-0.195323,-0.591741,0.544568,0.0809497,-0.146332,0.470964,-0.354727,0.419617,-0.606651,-0.164689,-0.218285,0.0553777,0.0574878,-0.50108,-0.653905,0.46449,0.013803,-0.201354,0.241739,0.799432,0.457669,1.20781,0.13398,0.23883,-0.0617438,0.555732,0.642886,0.0914167,0.589171,0.56131,0.940333,1
-0.42177,0.0726662,0.547408,-0.0705954,-0.414446,-0.185501,0.423395,0.138552,-0.101683,-0.471154,-0.346889,0.23432,-0.546861,0.11438,-1.20617,0.0229704,0.610871,0.589833,0.531842,0.593154,-0.411478,-0.662297,0.611352,-0.0193836,-0.937449,-0.448324,-0.276639,0.364971,-0.289497,0.781429,0.609757,0.228517,0.425105,0.947143,1
0.273078,0.73226,-0.202604,0.243256,0.511952,-0.035049,-0.461953,-0.0418227,0.654162,-0.406527,-0.189189,-0.581545,0.869987,0.1124,0.633005,0.152049,-0.564986,0.0395791,0.512953,0.332529,0.0513311,0.496033,-0.452854,0.80961,0.0673252,-0.100783,-0.597851,-0.35743,-0.380618,-0.21151,-0.438935,0.0466446,0.570728,0.935396,1
0.62293,0.137586,-0.984812,-1.51855,-0.136205,-0.658155,0.254333,-0.206684,0.65171,0.31437,0.263382,0.445247,0.746598,0.531773,0.312189,-0.0472826,-1.41802,-0.0565158,-0.727335,-0.445794,-0.370028,0.378355,-0.329348,0.483755,-0.133832,-0.130583,0.169988,0.298959,-0.31663,-0.793889,-0.201707,-0.374086,0.444244,0.78022,1
-0.451733,0.458909,-0.893364,0.691976,-0.156232,-0.77281,-0.264286,0.247233,-0.44664,0.762709,0.637671,-0.747433,0.378168,1.02138,0.941425,-0.153199,0.326983,-0.525684,-1.22084,0.0389697,0.150602,0.418843,0.110685,-0.328222,-0.0591564,-0.665305,-0.793159,0.27323,-0.0667298,-0.0459167,-0.142385,-0.774617,0.566233,0.838782,1
0.263817,0.0905922,-0.293684,0.284882,-0.392487,-0.0159477,-0.138777,0.513393,-0.280952,0.271764,-0.0317637,-0.0575256,-0.357198,-0.24945,-0.0832892,-0.509785,0.685583,-0.0564992,0.699891,-0.596796,0.746617,-0.139248,0.579462,-0.410046,-0.566914,0.374299,0.449295,0.702716,0.933969,0.641022,0.105328,-0.240447,0.576587,0.881749,1
0.525935,0.503479,0.410791,-0.0974366,1.19453,0.419501,0.272158,-0.187129,0.51063,-0.813,-0.322238,-0.56942,0.119298,-0.933602,-0.328736,-0.104531,0.130094,-0.253465,0.573258,-0.0809306,-0.227787,-0.424826,-0.295528,-0.0504336,-0.215817,-0.575725,0.275876,0.170347,-0.210103,0.0296168,-0.123548,-0.0620861,0.578956,0.80869,1
0.399228,-1.00979,-0.546906,0.315464,0.402157,-0.792455,0.186392,-0.0118042,0.725355,-0.264652,-0.295205,0.337838,-0.104933,-0.812432,0.272336,0.239541,-0.457148,0.531201,-0.0849933,-0.269171,0.431572,-1.24833,-1.472,-0.221931,0.127403,0.312158,0.215761,-0.0610536,-0.134516,-0.104418,-0.265962,-0.939695,0.468792,0.897634,1
-0.546816,0.880362,-0.533223,-0.377338,0.515585,-0.395045,-0.193378,-0.391426,-0.0752456,-0.228648,0.818341,-0.242009,-0.418185,0.336946,0.232731,1.23863,0.382006,0.563833,-1.05601,-0.0169448,-0.0492117,-0.451665,0.262445,-0.528415,-1.14932,0.388585,-0.149942,-0.379201,-0.32077,-0.571063,0.0350289,0.685674,0.432674,0.830368,1
-1.0145,0.972978,0.49024,-0.306989,-0.646757,-0.627704,0.233317,0.0223715,-0.391464,-0.0835819,0.832073,0.124961,0.124241,0.148198,-0.487211,0.533945,0.203347,0.0838627,0.432301,0.184014,-0.494231,-0.00223131,-0.640579,0.274612,0.363735,0.290864,-0.286759,0.10706,-0.0326739,0.921669,0.108842,0.536671,0.441591,0.801396,1
-0.949537,-0.186314,-0.223112,0.0760673,-0.492989,-0.606541,-0.606573,-0.0230609,0.0176465,0.600727,-0.242445,0.0586629,0.45653,-0.226768,1.09361,0.00720452,0.236361,0.865686,-0.1047,1.63298,-0.0876098,-0.383221,-0.239429,-0.916623,0.427571,-0.32864,-1.16329,-0.0123096,-0.195324,0.00355828,-0.0372299,0.191267,0.501017,0.849591,1
-0.527898,1.06528,0.484245,0.472746,-0.114819,0.510336,0.901546,-0.607628,-0.11299,-0.389774,-0.0837688,-0.175631,-0.427403,0.182578,-0.0107754,0.0566158,-0.697565,-0.0839301,-0.503687,0.512277,-0.0324343,0.534462,-0.649478,0.911573,-0.473369,-0.243492,0.040882,0.117048,0.866652,0.353097,-0.83371,0.0730973,0.53407,0.846022,1
0.513566,-0.365691,0.577689,-0.052992,-0.0157053,0.480264,-0.127061,0.287044,0.190183,0.338862,-0.416571,0.153594,-0.329252,-1.75546,0.733508,0.503798,0.120761,-0.580689,0.462039,0.326782,0.374801,1.00725,1.09764,-1.12975,-0.603612,0.710763,-0.759933,0.87258,-0.17151,-0.356775,-0.299605,-0.528525,0.501514,0.882219,1
0.205821,0.019366,-0.334739,0.455863,0.0946387,0.0579207,0.489359,-0.13099,0.175751,-0.405881,0.384378,-0.487289,0.164322,-0.23981,0.00483382,0.291784,-0.665328,0.188279,-0.556145,0.0294818,0.0458238,0.437392,-0.259669,-0.187319,0.2439,-0.0637448,-0.296071,0.354355,-0.331294,0.481234,-0.0383533,-0.291541,0.420648,0.911797,1
0.316396,0.217101,-0.287188,0.215384,0.192177,0.0798119,0.101156,0.830882,0.417846,-0.928054,-0.646575,0.211837,0.242905,0.321774,-0.185449,0.180315,0.000825954,0.348582,-0.655285,0.0273276,-0.828572,0.414534,0.0383643,-0.590959,-0.541242,0.111582,-0.503137,-0.386472,-0.128041,0.2625,-0.463756,0.228225,0.536277,0.89922,1
0.823746,-0.062569,-0.638023,0.690076,-0.712515,-0.0324643,0.365395,-0.279068,-0.552994,-0.480679,0.580018,-0.87048,0.201455,0.148884,-0.403787,-0.253066,0.324489,-0.174993,0.237593,0.364004,0.93859,0.0883625,-0.0412817,-1.20352,-0.0106098,0.899339,-0.320958,0.465326,-0.339176,0.59618,-0.609743,-0.43727,0.446826,0.82476,1
-0.494282,0.515856,0.290819,-0.1038,0.502297,-0.347069,0.228586,0.281908,-0.760776,0.0989757,0.268598,-0.210674,-0.0498374,0.159547,-0.54066,-0.73069,0.189472,-0.498908,0.572289,0.554915,-0.695434,-0.798545,0.380269,-0.351096,0.615192,-1.30706,-0.387487,0.512661,-0.622697,0.0736067,-0.372946,-0.97967,0.479924,0.89588,1
0.0706043,-0.194649,-0.765516,-0.418347,-0.529575,0.612719,-0.00555884,0.267825,0.144164,0.705394,-0.569371,0.255984,0.815635,0.544482,-0.513353,-0.191631,0.254943,-0.0583244,1.57976,-0.211836,0.146005,0.147111,0.244799,1.0661,0.392941,0.312924,0.416081,1.05724,-0.290561,0.417642,0.246025,-0.0715623,0.540582,0.901722,1
0.366217,-0.0122703,0.559638,-0.895987,0.922641,0.0870345,-0.32254,0.714875,0.580032,0.571859,-0.981061,-0.480632,-0.0851124,-0.32073,0.483878,0.220866,0.221311,0.310696,0.00978516,-0.229944,0.0503784,-0.239662,0.118086,0.167103,0.269125,0.333126,0.0166352,-0.361493,0.847885,0.353279,-0.0728467,-0.238237,0.445736,0.944672,1
0.271458,0.073455,0.135845,0.376942,-0.132752,-0.503259,0.0451775,0.00912408,0.308663,0.498621,-0.453534,0.912716,0.252395,0.383321,0.364159,0.519256,0.409429,1.52497,0.18143,0.634119,-0.182699,0.518462,0.2654,0.10303,-0.247699,-0.329994,-0.106993,0.201771,0.375466,0.559287,0.329904,-0.207191,0.460795,0.775038,1
0.902813,0.557402,-0.265177,0.109252,0.851087,1.29852,-0.554887,0.399829,-0.0366842,-0.438637,-0.126868,-0.176851,0.21449,0.344941,0.497159,0.436804,0.0211664,0.0588067,-0.467836,0.834971,-0.651055,0.724872,-0.279794,0.372993,0.658095,-0.568643,0.600194,0.44605,-0.676308,-0.186721,-0.429656,-0.0114786,0.546767,0.841604,1
-0.855125,-0.441805,0.101634,-0.436712,0.710853,0.215023,0.919983,-0.724895,0.102596,0.125455,-0.286812,-0.315236,0.408594,-0.0548819,0.058496,-0.0711627,-0.839971,0.340141,-0.438385,-0.899398,0.660314,0.125367,-0.0676463,0.139948,0.274483,-0.0973092,0.0315683,0.444432,0.407465,0.489963,0.0259164,1.01091,0.442444,0.810201,1
-0.273997,0.10468,-0.0737298,0.251837,-0.164635,-0.0349221,0.57889,0.717743,-0.445825,0.1656,0.720379,-0.0163253,-0.734452,0.0264245,0.0399102,-0.0824071,0.102552,0.227881,-1.36054,-1.19001,-0.570464,0.0702976,-0.712083,-0.299317,0.516217,-0.081488,1.33153,-0.0856454,0.780332,0.374603,0.840025,-1.30863,0.474281,0.93131,1
-0.320563,0.664932,0.642837,0.0160323,0.344946,-0.116403,0.108663,-0.139393,0.366717,-0.588035,0.450241,0.177024,0.376666,-0.764013,0.21569,0.0876529,-1.07869,-0.166848,-0.303298,-0.748108,-0.0460892,0.0427874,0.0884901,-0.542471,0.184743,-0.531655,-0.425362,-0.186503,-0.805576,0.135898,0.0759167,-0.303345,0.571613,0.933707,1
-0.488522,-0.197549,0.0103441,-0.494989,0.0318866,-0.12636,0.360368,0.339797,-0.248114,-0.248352,-0.0139981,-0.0469424,-0.294169,0.340297,0.0168869,0.0444571,-0.425392,0.123686,0.354339,0.658447,1.09054,-0.428242,0.859558,-0.504259,-0.566182,0.0597186,0.566043,0.136438,-0.538084,-0.379798,0.56677,-0.0529277,0.520798,0.835804,1
-0.439068,0.861532,0.298517,-0.42708,0.0723429,0.562476,-0.180853,-0.515588,0.145273,0.792337,0.0888218,-0.128983,1.05464,-0.132754,-0.0235166,-0.929856,-1.01358,0.411475,-0.586652,0.225916,0.341501,0.189536,0.184312,0.04282,0.128661,0.421563,-0.0474619,-0.51505,0.783632,0.377664,0.0322963,-0.105526,0.561205,0.855791,1
0.275455,0.677433,-0.331476,-0.116152,0.721917,-0.402749,0.0172256,0.267245,-0.0658949,-0.0471482,-0.323974,0.33014,0.0597089,-0.345839,-0.703966,0.226434,0.573199,0.370847,0.177761,-0.460825,0.831293,0.466811,0.356979,0.195238,-0.265614,-0.474568,0.989877,-0.46589,0.438259,1.08358,-0.497755,0.74782,0.555986,0.821287,1
-0.508406,-0.616049,0.503367,-0.0472112,-0.266599,0.303445,-0.0610209,0.477985,0.42209,0.272609,0.738938,-0.910237,0.135819,0.146947,-0.254902,-0.740908,-0.16253,0.0613396,0.232717,0.356458,-0.488689,0.482449,0.213174,-1.42587,0.23786,-0.510087,0.0316336,0.393741,-0.197387,0.157612,0.378061,-0.427654,0.458033,0.816537,1
-0.10013,0.224534,0.884392,0.025056,0.488509,0.418983,-0.40248,0.263496,-0.4065,1.07637,-0.32727,-0.451414,0.500159,0.632312,-0.915225,0.469191,-0.150009,-0.256435,0.639424,0.611961,0.0863243,0.203699,-0.056141,-0.771405,-0.16935,0.428234,0.580563,0.676112,-0.0240407,1.01747,0.327581,-0.409062,0.577122,0.866096,1
-0.321556,0.0695464,-0.549685,-0.170145,0.60888,0.452571,0.417338,0.212497,0.467416,0.775958,0.390065,0.336341,-0.254955,-0.180931,-0.207409,0.36292,-0.465414,-0.471779,0.156417,0.219438,-0.246822,-0.369204,-0.152454,-0.220019,0.737709,0.103316,-0.0580239,0.26995,0.208339,1.3913,-0.148064,0.0537602,0.488683,0.93509,1
-0.196816,-0.863736,0.419971,0.160477,0.220549,-0.531798,0.043521,-0.183996,0.15027,0.0997419,-0.0459517,-0.165193,0.542249,-0.235131,0.491692,0.060464,-0.295631,0.266944,-0.792141,-0.177174,0.181207,-0.315702,-0.0730042,-0.389788,0.357959,0.582876,-0.139098,-0.589735,-0.733858,-0.224913,-0.311601,0.363359,0.549276,0.811952,1
-0.334722,-0.0909071,0.251648,-0.758015,-0.448211,-0.194818,-0.473445,-0.311332,0.26362,0.000308444,-0.295881,0.381425,-0.323531,0.0675663,0.346564,-0.523659,0.0136124,-0.151898,0.156215,0.212255,-0.231374,0.207366,0.351119,0.372238,-0.0213873,0.301352,0.436253,0.375671,-0.613567,-0.0384711,-0.346321,-0.203515,0.506617,0.808749,1
0.608291,0.543924,0.114343,0.0991324,0.239431,0.809924,0.0748258,-0.312007,-0.324477,-0.604396,0.143378,0.340413,0.40364,0.411293,-0.184623,0.0329094,0.597125,1.03584,0.273655,0.792245,0.295228,0.67228,0.687857,0.220641,-0.273231,-0.488415,0.775764,0.243459,0.164608,-0.127308,0.33336,-0.442507,0.420513,0.788228,1
-0.479706,0.0617757,-0.478762,0.194884,0.406746,-0.748923,0.0957561,-0.198255,1.17009,0.383229,0.555829,0.593694,0.154179,-0.659704,-0.0743925,0.375464,-0.181124,-0.220242,0.320528,-0.119027,0.0846798,-0.169911,0.177769,-0.553552,0.879528,0.538301,1.11642,-0.515752,0.785944,0.378266,0.00474942,0.705994,0.465588,0.764439,1
-0.301027,-0.508268,0.53515,-1.23355,0.283022,0.548245,0.0214839,0.0393008,-0.607993,-0.18319,-1.04934,-0.0822023,0.286877,-0.0268227,-0.223512,-0.202279,0.220589,0.210157,0.357477,0.197051,-0.199261,-0.0825483,1.337,-0.088917,-0.412579,-0.576495,0.078334,0.763349,0.272822,-0.226372,-0.018867,0.329048,0.574269,0.798342,1
-0.60622,-0.986213,-0.456501,-1.01479,-0.202067,-0.536404,0.322365,0.847672,0.255527,-0.345042,0.331225,-0.205959,-0.421922,-0.246905,-0.398835,0.173442,-0.0951671,0.118676,-0.359731,-0.496299,-0.308779,0.0280878,0.00642411,-0.318429,0.302205,0.229784,0.0965115,0.142614,0.0968253,1.53255,0.556818,0.0560953,0.554149,0.89932,1
0.659219,-0.693163,-0.698693,-0.0486115,0.391075,-0.651003,0.100244,0.278925,0.35213,0.130504,-0.284031,0.847048,0.0478006,-0.17866,-0.00947705,-0.433602,0.426292,-0.421101,-0.026128,0.0190801,0.442482,0.676925,0.577273,1.31674,-0.723789,0.0494997,-0.670974,-0.866921,-0.826291,-0.387145,0.40783,0.650116,0.460769,0.779011,1
0.042458,-0.0043561,0.0847341,0.806571,-0.0372956,0.662981,0.484414,-0.535289,-0.892064,0.521973,1.2194,-0.330173,-0.405731,-0.190374,0.587974,-0.0658746,-0.306091,0.314715,-0.140706,0.400151,-0.167012,-0.118266,-0.447002,-0.752332,0.327998,-0.204421,-0.61318,0.419342,0.251133,-0.262144,-0.221906,0.120046,0.572932,0.8384,1
0.8292,0.431204,-0.496812,0.28385,0.357782,0.633617,-0.534743,0.295873,-0.487558,-0.227467,0.490776,0.230926,0.597101,0.67851,0.336011,0.112548,-0.232217,0.732606,-0.625917,0.840642,0.534076,0.75876,-0.42695,0.235078,-0.307841,-0.255102,-0.235085,-0.118645,0.158108,-0.127307,-0.37119,0.442738,0.560878,0.778571,1
-1.48113,0.504647,0.125579,0.8543,1.13135,-0.21418,0.0818312,-0.220833,0.69054,0.774914,0.0281207,-0.224096,0.494649,0.170533,-0.693167,0.28952,0.858595,0.2537,0.562409,0.0425041,1.01654,0.0717021,-0.800462,0.206423,-0.466546,0.034912,1.00141,0.665408,-0.636192,0.161534,0.956361,0.149163,0.4331,0.797436,1
-0.0294869,0.398804,-0.0864057,-0.581322,-0.527852,-0.0184335,-0.0525549,-0.805603,-0.184036,-0.508092,0.138875,-0.289026,0.509594,-0.990377,0.205331,-0.181956,-0.160049,0.196578,0.269638,-0.234947,-0.609009,0.769607,-0.455375,-0.169643,-0.45411,0.266264,1.13806,-1.07427,0.244492,0.0682918,-0.224814,0.511089,0.465651,0.868057,1
0.540752,-0.567667,-0.867939,0.153278,0.791703,0.0812553,-0.176323,0.404511,0.366019,0.0940051,-0.0727012,-0.630481,-0.52102,0.0134908,-0.720691,-1.0231,0.019743,-0.237133,-0.0345803,-0.233336,0.413291,-0.18236,0.130346,0.202477,0.568545,-1.01137,-0.605274,-0.249694,-0.0671404,-0.200503,-0.307962,0.808613,0.533843,0.79765,1
-0.00650353,-0.606815,0.364632,-0.960974,0.792509,-0.034538,0.574124,0.823921,0.582479,0.1755,-0.0529319,-0.124619,-0.263782,-0.0236797,0.311665,-0.063579,-0.298275,-0.643453,0.715617,-0.297472,0.155897,0.0872935,-0.774471,-0.454676,-0.77984,-0.0814697,0.951254,-0.313272,0.0822996,-0.0670272,-0.479645,0.648685,0.471047,0.84353,1
-0.282416,0.116896,-0.39208,0.0270029,0.341402,0.130703,0.808629,0.116717,0.0764853,-0.161697,-0.0660369,-0.0788119,-0.241948,0.112214,0.566761,0.696864,1.21757,0.284888,-0.109015,-0.59924,0.202255,-0.953896,0.110119,0.00418702,-0.453533,-0.76676,0.882846,0.0115419,-0.87648,-0.139626,0.369774,-0.212472,0.52803,0.87696,1
0.135427,-0.32076,-0.171069,-0.576373,-0.628093,0.0649135,0.0795615,0.768631,-0.748396,-0.59809,0.829551,-0.707352,0.113383,0.989535,-0.110143,0.0681387,-0.722606,0.819498,0.241939,0.477559,0.378068,1.0854,-0.0447192,-0.631272,0.197854,0.00103618,0.427054,0.104115,-0.29823,-0.298817,-0.347716,-0.240945,0.47326,0.810114,1
-0.452153,-0.202903,-0.610921,-0.331968,0.320099,0.115676,-0.19323,-1.08029,-0.292366,-0.582264,0.422288,0.304087,-0.264355,-0.116525,0.428718,-0.102106,0.498227,0.324262,-0.0964244,-0.954771,0.420011,0.316308,0.143588,0.179006,-0.295819,-0.456122,-0.34282,-0.285537,0.456418,0.119788,-0.671066,0.241233,0.520202,0.8916,1
-0.667802,-0.54973,-0.56028,-0.0436816,0.774342,-0.386214,-0.511696,0.0268627,-0.00716607,-0.483089,-0.174084,0.586244,-0.317695,0.0830786,-0.428412,-0.779194,-0.680815,-0.28234,-0.331805,-0.069019,0.183902,0.467133,0.826852,0.45958,-0.596583,0.426071,-0.872907,-0.518397,0.14292,0.923894,-0.484967,1.08705,0.538113,0.924867,1
0.84478,0.316924,-0.389314,0.385769,0.313778,-0.36621,-0.646696,-0.30217,0.535256,-0.96271,-0.616365,-0.736718,-0.0663055,0.390053,-0.608832,0.446591,0.581679,-0.308475,0.219441,-0.0723835,-0.791407,-0.764675,-0.305831,-0.248955,-0.377897,0.565949,-0.205539,0.54247,-0.343016,0.0696364,0.647886,0.184442,0.501472,0.885999,1
0.141935,0.380321,0.438465,-0.0121269,-0.436342,0.0161227,0.878103,0.783789,-0.37011,0.664599,0.337344,-0.422994,0.829929,0.147194,0.229036,-0.152166,0.257655,0.0130718,-0.454345,0.0936664,-0.0855342,0.76604,-0.706222,0.921939,-0.173658,-0.795042,0.391517,0.676348,-0.405735,-1.20644,-0.44543,0.528588,0.540039,0.917282,1
0.95,0.88,0.117558,-0.254,0.376437,-0.148312,0.435192,-0.37854,-0.225396,0.077058,0.252596,-0.303259,0.269358,-0.199758,-0.219018,0.085383,-0.0575083,-0.474364,-0.0861731,0.48581,-0.0854743,-0.364204,-0.417881,-0.100164,-0.310413,-0.355122,-0.11587,-0.126476,-0.193444,-0.454317,-0.475205,-0.410215,0.48,0.2,0
0.203614,-0.359724,-0.541821,1.00933,0.0163263,-0.0998678,0.37101,-0.10954,-0.00414215,-0.641108,0.0611579,0.307675,-0.139274,-1.03173,-0.00139409,0.579871,0.251178,-0.193637,0.601701,-0.436982,0.00112326,0.853804,-0.615141,-0.494905,-0.480326,0.523496,-0.198763,0.137148,0.218538,0.116339,-0.624054,0.605392,0.44821,0.942784,1
-0.423221,0.054377,-0.22463,0.131958,0.250803,-1.1382,0.469982,0.295932,0.337618,-0.837614,-0.282729,0.207232,-0.349565,-0.605315,-0.0466144,-0.586924,0.456357,0.564399,0.330234,0.695462,-0.434725,-0.828232,-0.335688,0.0129142,0.0826179,0.113472,0.917472,0.306102,-0.120595,-0.213687,0.0939686,0.628649,0.494298,0.784155,1
-0.503309,-0.842689,0.323273,0.214511,-0.89716,0.00377086,0.17496,0.504861,0.0144894,-0.510042,-0.92784,0.134259,-0.65096,0.582096,-0.105492,-0.122979,-0.211026,-0.602134,-0.51205,0.0516053,-0.24653,-0.198539,0.061721,0.290067,-0.432029,-0.313825,-0.0826407,-0.140787,-0.0441874,0.01217,0.530144,-0.35482,0.504279,0.780789,1
0.316999,-0.646223,-0.472757,-0.755492,0.0729359,0.248785,-0.164152,0.146068,0.76768,0.339229,0.00718164,-0.51292,0.0724912,-0.348714,-0.803625,-0.406758,0.437283,0.347625,-0.113064,0.792336,0.0397705,0.148023,-0.389648,0.26237,0.113206,-0.391488,0.11271,-0.597756,-0.822975,-0.740645,-0.418679,0.320025,0.533685,0.906649,1
-0.111033,-0.642377,0.120286,-0.284107,0.301384,0.311323,-0.445522,-0.389288,0.163281,0.906943,-0.277952,-0.581449,0.115186,-0.590338,0.0195417,0.125177,0.737647,0.355051,0.14746,0.0312923,-0.528166,-0.00948458,-0.471655,-0.0857307,-0.50784,1.04979,0.527191,0.0595071,-1.34514,0.202065,-0.210387,-0.40143,0.53623,0.891594,1
-0.472961,-0.2542,0.0122043,0.396054,-0.140218,-0.403396,0.392236,1.2646,-0.633461,0.15947,0.529563,0.165707,0.234077,-0.443252,-0.403241,0.311153,-0.302427,0.792463,-0.165498,-0.813456,0.422295,0.427589,-0.749111,0.0682273,-0.0323235,0.625998,0.856775,0.0182242,0.368167,0.767653,-0.0274882,0.107975,0.548084,0.803209,1
0.43026,0.288945,0.432758,-0.424406,0.347912,-0.750018,0.33645,0.294379,-0.179646,-0.253637,0.124763,0.768111,-0.680075,-0.445901,0.413242,0.299671,-0.247059,-0.209348,-0.88282,1.07523,0.168437,0.210887,0.735215,0.0901668,-0.35049,-0.628083,0.212994,0.233099,0.46799,0.232717,0.572414,-0.643344,0.486538,0.807477,1
0.437542,-1.02178,0.261752,-0.469454,-0.0303745,-0.565422,0.608069,0.320239,-0.929188,0.139699,0.158125,0.671275,0.493363,0.22025,0.609647,-0.127574,0.279221,0.585089,1.01845,-0.0423751,0.481472,0.0535638,0.629496,-0.0238634,0.322276,-0.149489,0.256448,-0.416186,0.107871,0.636493,-0.363671,-0.135492,0.541098,0.925753,1
0.173681,0.0310074,-0.518928,-0.885046,-0.134975,0.624482,-0.235925,0.067275,-0.044751,0.0405158,-0.328659,0.466564,0.818828,-0.434197,0.765475,-0.587521,-0.17816,0.836467,-1.32359,-0.124535,0.580625,-0.535474,-0.855893,0.112831,0.651576,0.215377,0.216322,0.627984,-1.37347,-0.927298,0.616712,0.157173,0.537759,0.84496,1
-0.324084,-0.234536,0.345307,0.468417,-0.106591,-0.00133368,0.592055,-0.155455,0.398928,-0.164154,0.0236821,0.205519,0.855391,0.146899,0.473775,-0.456729,-0.39732,0.547101,-0.667056,0.613634,0.111047,-1.55149,-0.00194456,-0.21276,-0.276469,0.0136601,-0.188766,1.53687,0.208307,0.265835,-0.22165,0.509031,0.558016,0.796294,1
-0.563544,-0.374797,0.524049,-0.368645,-0.222745,-0.554669,0.187628,-0.221335,-0.052217,-0.539638,-0.49468,-0.368373,0.302794,0.77288,-0.116341,-0.562269,-0.973301,0.427506,0.496472,-0.368006,1.17745,-0.491743,-0.176619,0.279437,-0.0346921,-0.0433496,0.0558689,0.409057,0.226467,-0.10532,-0.206789,0.0691854,0.467308,0.887487,1
0.95,0.88,0.483312,-0.331117,-0.250437,-0.183322,0.244609,0.0654201,-0.390607,-0.133096,0.398273,0.344244,0.494344,-0.359983,0.449015,-0.324543,0.0363137,0.101679,-0.311456,0.174133,0.0692496,0.424195,0.148485,0.355498,-0.275315,-0.211377,0.10634,-0.185997,0.198478,-0.0933774,-0.251292,-0.176465,0.48,0.2,0
0.274879,0.266514,0.291667,0.300967,0.262565,7.95,0.250059,0.17703,0.157599,0.138608,0.205693,0.232902,0.181103,0.298408,0.216538,0.377632,0.364528,0.350697,0.318841,0.239625,0.382545,0.167095,0.266717,0.237322,0.158035,0.216764,0.363708,0.376464,0.256007,0.247611,0.302189,0.192047,0.52,0.82,1
-0.6877,0.0651743,0.0111375,-0.36548,0.0479448,0.454827,0.992696,-0.0818424,-0.239732,-0.816805,-0.459678,0.834985,-0.624314,0.284068,-0.336116,0.407438,-0.501381,-0.522134,-0.160141,0.0384446,0.228607,0.0411503,0.570917,-0.311972,-0.295499,-0.291612,-0.127305,0.458398,-0.00742394,0.474629,-0.735986,0.450076,0.426136,0.776634,1
-0.660051,-0.833729,-0.306099,0.573641,-0.135579,0.769997,1.10765,0.00157569,0.533262,0.623411,0.280546,-0.326848,0.0133506,-0.152715,0.315655,0.415483,0.720804,-0.618248,-0.367497,-0.415003,-0.311462,1.25224,-1.39144,-0.226833,-0.496701,0.638495,-0.415076,-1.50604,-0.395102,0.469691,0.187277,0.106384,0.568075,0.940458,1
-0.190948,-0.619799,-0.192602,0.11168,-0.129805,0.0937817,-0.0367288,-0.470024,1.6247,0.474989,-0.46099,0.535743,-0.394623,-0.205856,-0.232287,-0.211604,0.16261,0.225385,0.0481864,1.2712,0.79737,0.796309,1.19149,-0.305503,-0.451288,-0.609343,-0.326447,1.15269,-0.528015,-0.832164,0.503652,-0.776832,0.451016,0.860511,1
0.2324,-0.404868,0.389332,-0.395647,1.41302,0.0626479,-0.697235,-0.301653,0.136745,-0.263013,0.654939,0.24003,-0.124565,0.685236,0.57508,0.465549,0.095179,-0.417504,-0.228317,-0.23487,-0.154678,0.197315,-0.775681,-0.0533745,0.767641,0.0450125,-0.805456,-0.226456,-0.792966,0.518597,-0.142835,-0.228496,0.544396,0.760007,1
0.602738,-0.14061,-0.512753,0.754138,-0.00990644,-0.338481,0.218942,0.247857,-0.435588,-0.0377429,-0.181655,-0.484809,-0.261817,0.204459,-0.852815,0.264778,0.469739,0.0691863,-0.184029,-0.403634,0.731777,-1.1436,0.292141,-0.25893,0.00186301,-0.164209,-0.0290437,0.286003,0.160158,-0.603712,-0.797554,-0.00759604,0.435864,0.941396,1
0.777597,-0.0991761,-0.706831,0.0878438,0.0494069,0.0797056,-0.847016,0.169781,-0.393909,1.34711,-0.168319,-0.500353,0.341954,0.242826,0.213867,-0.47684,-0.520729,-0.307225,0.413018,0.432791,-1.38717,-0.120666,-0.449123,-0.0908839,0.484808,0.674491,0.518429,-0.475254,-0.378988,-0.739788,-0.742705,-0.526772,0.494638,0.881511,1
0.695368,-0.653807,-0.656575,-0.28473,-0.0253372,-0.334386,0.288177,0.471807,0.264824,-0.147114,0.11306,-0.643447,-0.303262,-0.279172,-0.0589525,-0.362457,-0.507118,-0.414099,0.233058,-0.267681,-0.369489,-0.392045,-0.250072,0.903463,0.417517,0.123048,0.24449,-0.440022,0.464431,0.0412648,-0.289541,0.608641,0.566675,0.944178,1
0.310808,0.392649,0.204009,0.153756,0.347337,7.95,0.377728,0.312262,0.220432,0.166999,0.169381,0.376566,0.331788,0.362217,0.121089,0.3739,0.38301,0.27645,0.248619,0.179723,0.212061,0.363712,0.232204,0.266684,0.294744,0.297074,0.184359,0.19175,0.320985,0.297164,0.276573,0.166914,0.52,0.82,1
-0.213277,0.163936,0.0565224,-0.840956,-0.118321,0.760664,-0.178201,0.873341,-0.482121,0.0230014,-0.305458,0.00719787,-0.576059,0.846924,0.420596,0.302356,-0.599442,-0.226106,0.302744,-0.0278652,0.0462586,-0.0207012,-0.554704,0.611824,-0.238088,0.513534,-0.17778,0.982236,-0.502888,0.530614,-0.808632,0.0772139,0.525806,0.880172,1
-0.5544,0.673892,-0.30039,-0.19549,0.131899,-0.0104091,-0.131042,-0.195915,0.598985,-0.364938,-0.397537,0.900375,0.319574,0.5394,0.0262875,-0.523716,0.107184,0.627315,-0.965446,-0.300229,-0.860123,-0.467614,-0.372131,-0.335457,0.183096,0.0194028,0.174552,-1.01752,0.180769,-0.126778,0.201046,-0.702803,0.542401,0.902408,1
-0.322804,-0.168436,-0.582606,-0.607359,0.248561,-0.77202,-0.402042,-0.455003,0.327289,-0.262833,0.523669,-0.244099,0.794514,-0.409821,-0.433867,-0.376431,1.01081,0.218489,0.413347,-0.0184741,0.390827,0.109588,-0.473881,-0.266125,-0.289202,-0.615104,-0.52281,0.381046,-0.00191712,0.0396086,1.05104,0.150829,0.467483,0.838842,1
0.325594,0.416106,0.562116,-0.040281,-0.238385,0.438624,-0.722682,-0.395698,0.829471,-0.113386,0.327502,0.0032165,0.475479,0.306083,0.246387,-0.449856,-0.61218,0.312696,0.179914,-0.507011,0.0820433,0.536665,-0.595772,-0.931146,0.411348,0.320175,0.263734,-0.337111,-0.278956,0.243368,-0.00359673,-0.269445,0.440069,0.877059,1
-0.0111381,-0.682113,-0.699201,-0.0297342,0.291408,0.110885,0.174417,0.448598,0.17857,0.264905,-0.395336,-0.341395,-0.536345,0.569776,-0.479205,0.0437642,-0.8876,-0.978053,0.222388,0.528486,0.164878,0.205701,-0.896413,-0.919068,-0.909008,0.677078,0.0317608,0.433485,0.29934,-0.160596,-0.0426322,-0.670787,0.56709,0.792302,1
-0.627209,0.612746,0.378325,-1.14022,-0.785971,0.241101,-0.61564,-0.599228,-0.23867,-0.0301733,-0.625896,0.300837,0.716076,-0.465191,0.978419,-0.0977675,0.142839,0.697856,0.351701,0.64477,-0.423616,-0.665398,-0.621413,-0.15966,-0.0443394,-0.900241,-0.301999,0.581095,-0.832832,-0.297225,0.443178,-0.271509,0.525246,0.929934,1
-1.25825,0.805285,-0.207688,-0.195731,0.420366,-0.325564,-0.80241,0.449137,-0.613705,0.518046,0.918801,-0.432279,0.292685,-0.24461,-0.253685,0.612647,0.113673,-0.804169,-0.292346,0.227703,0.61318,-0.889609,-0.513996,-0.324844,0.0761294,-0.280031,0.434932,-0.715092,0.115924,-0.350335,0.338018,-0.0801994,0.448206,0.890876,1
0.0237026,-0.545552,0.385342,-0.441323,0.55128,-0.205244,0.473603,0.22816,-0.532563,0.515089,0.844536,-0.267242,-0.287057,-0.59207,0.439336,0.354973,0.939344,0.669093,-0.0457295,0.519538,0.193214,-0.596091,-0.00286194,0.397576,-0.231879,0.254911,0.573775,0.542919,0.854518,0.229885,-0.494982,0.466612,0.556482,0.920073,1
0.172415,0.194526,0.0236448,-0.289232,-0.146063,-0.368054,-0.0931012,1.14924,0.0622048,-0.0389624,-0.116434,0.678009,0.654172,0.22963,0.124806,0.288407,-0.173676,-0.0269889,0.201142,0.237807,0.271539,-0.353338,-0.499773,0.401812,-0.610005,0.32689,0.18141,0.394203,-0.516435,-0.454536,-1.41912,0.335274,0.537669,0.798755,1
0.175432,0.674441,-0.394909,0.464217,-0.115927,0.140372,-0.126864,-1.11449,-0.0212665,-0.116199,0.488311,0.155686,0.121332,0.273072,-0.456872,-0.0833331,0.154978,0.684855,-0.774181,0.857668,0.967747,0.399597,0.286299,-0.272721,0.657097,0.786665,0.384078,0.0609559,-0.0745778,-0.345036,-0.310739,0.364024,0.525703,0.862271,1
0.95,0.88,0.404084,0.217841,-0.411556,0.141695,-0.136278,0.486316,0.068769,0.0972339,0.104816,0.0593193,0.270675,0.267854,0.186176,-0.261183,0.307419,-0.334682,0.0849508,-0.210478,0.0268897,0.331114,0.261979,0.238821,-0.118481,0.196795,0.1684,-0.158293,-0.150063,-0.39583,0.140211,-0.336547,0.48,0.2,0
0.706456,0.274188,-0.557821,0.585527,0.158314,-0.0801293,0.555409,0.100902,-1.11027,-0.232477,-0.168137,-0.523011,0.720503,-0.0302835,-0.129863,0.278961,0.272658,-0.411198,-0.34366,-0.298226,0.225161,-1.03832,0.218046,0.519104,0.506534,0.291142,-0.592898,-0.37965,0.179949,-0.155771,0.31205,0.235552,0.44156,0.930728,1
-0.55848,-0.307744,0.887447,0.321317,1.24262,0.555622,0.907718,0.19138,-0.0863454,0.429844,-0.064252,-0.710295,-0.667533,-0.786993,0.0245636,0.156773,0.600898,-0.0608306,0.101174,0.703848,0.262459,0.403518,0.119252,0.346282,0.274318,0.444432,-0.629308,-0.809416,0.460617,0.421341,0.493559,0.527433,0.546078,0.8956,1
0.0220617,0.410457,0.15942,-0.752634,-0.788535,-0.0615159,-0.303398,-0.195485,0.499066,-0.629239,-0.155477,-0.457011,-0.0516138,-1.57983,-0.484644,0.120595,-0.783578,-0.348744,-1.12081,-0.265649,0.0967151,-0.319621,0.143398,0.051055,0.545202,-0.0224331,0.1815,-0.0579861,-0.230189,-0.03497,-0.112735,-0.938635,0.488232,0.867397,1
0.456012,0.149663,0.599574,0.423582,1.03611,-0.366814,-0.469284,-0.763303,0.141525,-0.106841,0.479942,-0.249206,-0.0905922,-0.0361616,-0.305203,0.0637513,0.573731,-0.367066,0.244266,0.359174,0.773878,-0.45976,0.742379,0.308579,0.0562911,-0.260818,-0.0520458,0.991565,-1.3696,-0.993761,0.137837,0.0200252,0.447519,0.885596,1
-0.611187,-0.077409,-0.663301,-0.679139,-0.269648,0.482069,0.395273,-0.195472,-0.419258,0.540615,0.102432,-0.0827403,-0.75887,-0.468511,0.354162,0.346745,0.255743,-0.42053,0.0936288,0.601225,0.377286,0.340842,-0.409874,-0.644044,-0.0488412,0.315883,-0.0879562,-0.325788,-0.757181,0.205029,-0.34754,-0.306279,0.430723,0.807539,1
-0.455728,0.928423,-0.475431,0.53485,0.1896,-0.235523,0.787606,-0.0783196,-0.495392,0.297226,0.205808,0.161683,0.126738,-0.227096,0.361091,-0.853743,-0.494331,-0.298498,0.713679,0.503385,-0.117749,0.233394,0.542665,0.0521913,-0.506912,0.761129,0.190254,0.271103,-0.0916028,0.731043,0.0672309,-1.35254,0.572105,0.835609,1
-0.393715,0.3959,0.0437335,0.773209,-0.258298,1.02618,0.459966,-0.377522,-0.1496,0.703064,0.438321,0.0371442,0.175288,-0.253289,0.868444,0.368065,-0.450272,0.463237,0.439763,0.269938,-0.325689,-0.289411,-0.372471,-0.536372,0.443728,-0.122036,-0.356079,-0.38922,0.265938,0.439869,0.114037,0.134928,0.514482,0.939798,1
-0.40813,-0.548824,0.261326,-0.927238,0.144924,0.219762,0.642121,-0.166548,-0.559104,0.201224,-0.538288,-0.032246,0.482972,0.482597,-0.592752,-0.633495,0.0447112,-0.0336963,-0.160407,-0.374577,-0.572644,-0.615716,-0.0786926,1.21544,-0.0484311,0.153197,-0.0489958,0.206449,-0.782504,-0.305144,0.0511056,-0.0187823,0.508317,0.939264,1
-0.129456,0.128998,0.223509,-1.08873,0.306047,-0.715174,-0.188895,-0.0478009,0.259838,0.388965,-0.081363,0.886971,0.616784,0.0778321,-0.344404,0.249018,-0.0388542,1.30928,-0.508695,-0.0349719,-0.528512,-0.643027,0.708123,-0.589812,-0.207842,0.637105,1.02275,0.104272,-0.662723,-0.27,-0.625973,-0.343626,0.512633,0.861969,1
0.49581,-0.0395139,0.0616098,0.300224,-0.016649,0.211575,0.662535,-0.474398,0.937249,0.448388,-1.08445,0.345568,0.41578,-0.124049,0.200261,-0.710447,-0.276079,-0.985917,0.207818,0.986328,-0.208916,0.579511,0.167442,-0.588968,-0.477275,0.105783,0.385437,-0.843279,-0.23174,0.0296976,-0.517775,0.439384,0.445437,0.886027,1
0.772663,-0.0293819,-0.087663,0.416546,0.0739044,0.182977,0.432573,0.383475,0.0865982,-0.277549,0.207839,0.331258,0.32848,-0.559032,0.480818,0.181604,-0.130357,0.113081,0.0808258,0.095161,-0.245389,-0.508747,0.871925,-0.317384,-1.12194,0.199091,0.297321,-0.0331166,0.0262026,0.380244,-0.0872166,0.0700849,0.436994,0.802363,1
0.342966,0.636137,-0.292927,-0.435812,-0.154561,0.406565,0.0021724,-0.383629,-0.105685,0.0997248,-0.339222,0.208485,0.603862,-0.261056,0.83096,-0.0414176,0.303092,-0.458486,0.156508,0.0428488,0.310457,0.201126,-0.576379,0.411089,0.526453,-0.447723,-0.238767,-0.225106,-0.0708352,-0.110399,-0.53421,-0.67814,0.451562,0.874032,1
-0.514639,-0.0164706,-0.0746634,0.587342,-0.327595,0.00735742,-0.0711644,-0.332973,-0.438335,0.318121,-0.0958723,0.769159,0.0964021,1.01618,0.833075,-0.245549,0.242248,-0.284476,-0.0638765,-0.283086,-0.0548112,0.28838,-0.407749,-0.425491,0.0531383,0.166492,0.21613,-0.5552,-0.407857,0.378351,0.689266,0.241909,0.547912,0.8684,1
0.101708,-0.121208,-0.199837,0.139047,0.829783,0.828102,-0.514598,0.308047,0.185052,-0.566075,0.204897,0.2594,0.303863,1.37048,0.0124858,0.113491,0.0769003,0.679596,0.125899,1.1909,0.115308,0.565777,0.343978,0.434272,0.0243391,0.306896,-0.951819,0.0884529,-0.0359965,-0.269846,-0.369566,0.158055,0.479796,0.804038,1
0.0807,0.263234,-0.263936,0.671647,0.56221,0.723075,0.097337,0.978067,-0.0564997,-0.0653291,-0.963336,0.359509,-0.235647,0.269146,0.422348,-0.165153,-0.094727,-0.914245,0.242917,0.637744,0.705594,0.414189,0.285631,-0.397216,-0.894345,-0.242848,0.764322,-1.49648,-0.587318,0.373475,0.641712,-0.753284,0.522855,0.783076,1
-0.163653,-0.626672,0.286597,-0.351526,0.0551541,0.382909,0.0787671,-0.29715,-0.48581,-0.0991709,-0.395169,0.115239,0.179577,-1.06191,0.0482758,0.257921,-0.268662,-0.350677,0.904984,-0.682873,-0.1701,0.127839,0.100072,-0.585184,0.569497,0.353363,0.27034,0.44188,0.422204,-0.215406,0.579275,0.787609,0.420956,0.857897,1
1.28721,-0.460039,-1.09396,0.127196,0.485737,-0.559859,-0.559731,-0.250289,1.01985,0.242927,0.691563,0.180141,-0.210071,-0.540337,0.229817,-0.922646,0.140068,-0.629857,-0.707096,0.0297435,0.580716,-0.647198,0.314458,0.341664,0.380212,0.624367,0.435523,0.48242,0.771218,-0.0861058,-0.349558,-0.479767,0.495927,0.878437,1
-0.545393,-0.0927133,0.534517,0.220883,-0.0925955,0.146975,-0.152899,0.146241,-0.952977,0.156373,0.0811582,-0.546298,0.347735,0.728158,-0.273336,0.279194,0.24814,0.200542,-0.00166729,-0.724889,-0.757686,0.588007,-0.050678,-0.20808,-0.158332,0.929217,0.490626,0.65791,-0.448703,-0.105229,0.405791,-0.963834,0.488237,0.812789,1
-0.00313863,0.300885,-0.84956,-0.79668,-0.410847,1.1845,0.219954,-0.376503,-0.229489,-0.689646,0.385378,0.197285,-0.194535,-0.133615,0.0143233,-0.67661,0.667828,0.0204419,-0.899783,0.780605,0.354408,-0.392969,0.100831,0.686576,0.3868,-0.43421,-0.489154,-0.275105,0.478114,0.369086,0.132622,0.128735,0.523298,0.933117,1
-0.0884794,0.739504,0.553134,-0.248544,-0.0536773,0.185909,-0.531994,-0.193463,0.857935,0.525945,0.594967,-0.405842,0.494364,-0.422005,-0.212627,-0.600185,-0.0253439,0.88173,0.446998,-0.123161,0.638265,-0.856909,0.0839611,-0.531514,-0.124733,0.406245,-0.104673,0.345877,-0.104028,0.449298,0.27195,0.381038,0.465698,0.819131,1
-1.11113,-0.463503,-0.506869,0.244213,-0.612048,-0.264834,0.936016,0.264795,-0.329042,-0.133339,0.0925205,-0.640983,-1.07684,1.40595,-0.803376,-0.760332,-0.309616,-0.180824,0.653424,-1.69573,0.482333,-0.63232,-0.513186,-0.454762,0.45698,0.676939,-0.173632,1.10791,0.168288,-0.04747,0.597998,-0.401267,0.545995,0.87685,1
-0.0437796,-0.0963349,-0.20135,0.440502,-0.0421799,-0.276681,-0.0497552,0.514791,-0.536012,0.638921,0.389964,-0.158509,0.327092,-0.569218,-0.323844,-0.414509,-0.164006,0.381649,-0.485918,0.041746,0.419445,0.282525,-0.493446,-0.818875,0.121415,0.0759458,0.323109,-0.0361192,0.806761,-0.108657,-0.599746,0.360861,0.578751,0.851195,1
0.350407,0.204207,0.22294,0.161422,0.134897,7.95,0.215014,0.226484,0.159237,0.362356,0.107813,0.139048,0.259411,0.376815,0.115561,0.393563,0.224028,0.350422,0.398035,0.12558,0.302415,0.353009,0.304952,0.343255,0.247972,0.316959,0.292411,0.181295,0.121518,0.368412,0.349979,0.195391,0.52,0.82,1
-0.100062,-0.020192,0.0252808,0.135554,0.354107,0.0859832,0.489142,-0.291532,-0.0637603,-0.0114339,-0.734644,-0.724334,-0.325982,0.638397,-0.416981,-0.551254,1.2007,-0.388846,0.540215,-0.299909,-0.343994,0.820693,-0.49623,0.646191,-1.36462,0.478667,-0.196772,0.190882,-0.766259,0.519699,0.487597,0.674372,0.489917,0.871146,1
-0.355421,0.0349612,-0.130317,-0.217322,0.465896,-0.417235,0.220181,0.444736,0.353708,-0.708351,-0.459691,0.329009,0.338292,0.546121,0.605046,-0.173765,0.437271,0.28779,0.463286,0.312807,0.0257331,0.984401,0.126908,0.0469676,-0.101363,0.181394,0.690262,0.367952,-0.768043,0.804434,-1.0709,-0.199615,0.488232,0.793629,1
0.731189,0.569151,-0.533465,-0.410256,0.757093,-0.207163,0.309682,0.221811,0.350896,-0.283267,-0.513234,-0.000506789,0.341949,0.885989,0.288758,-0.275735,-0.19794,-0.677078,-0.470684,-0.927861,0.346796,-0.235846,-0.599996,-0.344713,-0.156863,-0.0812793,-0.481185,0.0125534,-0.10743,0.0159388,-0.658802,0.71363,0.500042,0.854931,1
-0.417529,-0.461506,-0.162293,-0.189612,0.385248,-0.268123,0.157867,1.1416,-0.584994,0.0601385,0.19436,0.544346,-0.504226,-0.535763,-0.111906,0.209117,-0.528957,-0.802043,-0.715229,-0.111415,-0.142151,-0.260543,0.368358,-0.631267,-0.13634,-0.152901,-0.339396,-0.274137,-0.359349,0.488399,0.376149,0.474359,0.427517,0.80358,1
0.683703,0.121259,0.0786643,0.675817,-0.252278,0.391103,0.485434,0.0651433,0.706665,-0.276133,0.0173878,0.726973,-0.783623,-0.689206,0.0905914,0.0281405,0.902496,-0.761775,0.558812,0.310317,0.350293,-0.0650298,0.340709,-0.114403,-0.531462,-0.250323,-0.390818,0.134148,-0.500402,-0.25129,0.88827,-0.788687,0.454265,0.762485,1
0.137704,-0.431283,-0.0511231,-0.545059,-0.172551,0.0575758,-0.865404,-0.0340934,0.430445,0.274641,-0.140329,0.64962,0.890682,-0.650052,-0.263741,-0.284131,0.209457,0.03512,-0.182396,-0.330256,-0.469631,0.758265,0.0868119,-0.382952,-0.107891,1.13875,-0.365482,0.449886,-0.149278,0.931501,0.140541,0.0442078,0.54259,0.885421,1
-0.0832499,0.11155,0.750057,1.12932,1.00767,-0.960876,-0.0864825,-0.69697,0.440708,0.00695167,-0.381238,0.0121123,-0.0290405,-0.00753171,-0.0419738,-0.240956,-0.724086,0.748891,-0.127794,0.176782,-0.687475,0.0327172,0.293247,-0.670227,0.325444,-0.0201903,-0.349802,-0.0500058,0.823909,0.163473,-0.13454,-0.4729,0.548315,0.898321,1
-0.248858,0.271877,0.643824,-0.82147,-1.00755,-0.424133,-0.755836,0.239098,1.05384,0.322476,-0.597232,-0.338851,0.750011,0.343064,0.154891,-0.0669942,-0.397191,-0.139052,1.31977,-0.464414,-0.538107,0.405464,0.626374,0.313314,0.957103,0.721909,0.105012,-0.623361,-0.629708,0.292799,-0.251449,-0.438842,0.549597,0.935204,1
0.167041,1.16896,-0.130271,0.71307,-0.896986,-0.0571752,0.424677,-0.312907,-0.331264,-0.0640086,-0.388802,-0.874144,0.160303,-0.192223,0.581711,-0.0590688,-0.305184,0.553339,0.558926,-0.696568,0.999888,1.3733,-0.997401,0.133132,-0.342906,0.0686547,-0.788296,0.478677,-0.403143,0.568161,0.149161,-0.0710056,0.434559,0.907353,1
-0.573852,-0.123263,-0.418314,-0.731746,0.000805964,-1.06384,0.451434,-0.272605,0.633244,0.281602,0.29142,-0.455269,-0.909896,-0.389255,0.386743,-0.11248,0.252452,-0.215475,0.951589,0.0308709,-1.272,0.728064,0.121224,-0.27659,-0.00775509,-0.112204,-0.0287708,-0.594284,-0.511396,-0.120691,0.738591,-0.04909,0.432803,0.947394,1
0.341535,0.195914,0.176214,-0.284816,-0.330197,-0.324581,0.0753327,0.202261,-0.247282,0.060198,0.180601,0.616907,-0.613666,-0.433929,-0.0354684,0.0373616,-0.239715,0.109961,-0.0957925,0.176827,0.963766,0.654994,0.54776,0.213817,-0.118506,-0.231201,0.138889,-0.482857,0.26354,-0.0808141,-0.30542,-0.276371,0.533566,0.848055,1
0.78001,-0.265964,0.0368969,0.89452,0.103941,0.29082,0.150447,0.893111,0.456681,-0.658125,1.06524,0.454099,0.625041,-0.532633,-0.197139,0.867347,0.297109,-0.259265,-0.512112,0.913591,0.136315,0.201776,0.452458,0.254756,0.074786,-0.626938,-0.0483486,-0.264035,0.547415,0.510465,0.480957,0.421849,0.469443,0.903269,1
-0.461758,-0.0987376,0.265772,-0.102813,-0.191371,-0.139276,-0.10847,0.441642,0.366249,-0.437594,0.139892,-0.992913,0.268055,0.807566,-0.162843,-0.0703356,-0.163667,-0.658523,0.0286177,0.176193,0.312718,0.129896,-0.00815516,0.614167,-0.342771,-0.785109,-0.256003,0.210259,0.173768,-0.488596,0.3185,-0.546563,0.464293,0.861338,1
0.200934,0.442101,-0.0963616,0.29702,-0.0820418,0.410104,0.0784411,0.616689,-0.979805,0.305605,-0.00966639,-0.972483,-0.187257,0.272907,0.0581026,0.433198,-0.832756,-0.383289,0.618219,-0.570514,-0.00783281,-0.19268,-0.0937496,0.0470209,0.598793,-0.221886,0.985162,-0.436323,0.675268,0.233471,0.804031,0.0778925,0.471733,0.908163,1
-0.341083,-0.535195,-0.578338,0.0362411,-0.097456,-1.18165,0.621366,-0.539029,0.478458,-1.09809,-0.538193,-0.139598,0.802534,-0.190692,0.38111,-0.0864085,-0.586639,-0.32914,-0.0728934,-0.0838999,-0.0195123,-0.160378,0.491451,0.714478,0.126876,-0.974809,0.845905,0.47191,0.713053,0.710183,-1.21507,0.647843,0.568566,0.872896,1
-0.562753,0.131614,0.024481,0.294671,0.230572,0.19004,-0.100952,1.21675,-0.408832,0.223916,0.279981,-0.0584536,-0.747122,-0.638923,-0.449709,-0.528885,-0.0743902,0.815355,0.477987,-0.469529,-0.272297,0.801511,-0.0389454,-0.186214,-0.0589392,-1.21972,0.216071,-0.578551,0.150277,-0.468664,0.558795,-0.281171,0.567745,0.790593,1
-0.0803147,0.527167,-0.264407,0.967022,0.274317,-0.0324892,-0.571785,0.459375,0.288362,0.737108,-0.164464,0.318265,-0.115135,-0.452672,-0.171388,-0.568577,-0.257024,-0.397634,0.173152,-0.446625,-0.123446,-0.5997,0.131291,0.818091,-0.627177,-0.716834,0.865416,0.16683,0.381405,0.599602,-0.0292448,1.09747,0.541824,0.94575,1
-0.597003,0.40644,-0.00189106,-0.126944,-0.0437993,-0.0885084,-0.769404,-0.233891,-0.610257,-0.270435,-0.222473,0.461564,0.506069,-0.0393052,-0.375057,0.429974,-0.636124,0.997051,0.986416,0.286385,-1.09506,-0.425039,1.01469,0.285871,-0.256992,-0.179249,0.100584,0.580472,0.318131,-0.455372,0.107285,0.463366,0.563986,0.90564,1
0.322085,0.172422,-0.191464,0.409464,-1.06367,1.00412,0.606297,-0.649146,0.198102,0.749381,-0.213233,0.0723277,0.451841,0.438611,0.892356,-1.1029,0.221795,0.733002,-0.194951,-0.396252,-0.198155,0.103463,-0.077434,0.668108,-0.00716919,1.16727,0.358782,-0.725152,0.000980441,0.231007,-0.210668,-0.519288,0.425364,0.889263,1
-0.625815,0.183616,-0.0700243,-0.784717,-1.34364,-0.452982,-0.83237,-0.206131,-0.0691057,-0.0573248,-0.182033,-0.429352,-0.543361,-0.60157,0.245378,0.13998,-0.112819,0.0340108,0.435297,0.665782,-0.800059,0.0679749,0.438069,-0.321274,0.351027,0.149807,-0.631957,0.126929,-0.0262169,-0.556956,0.639072,-0.64559,0.464427,0.945689,1
-0.758762,0.564012,0.675852,1.00693,0.228115,-0.662683,-0.254139,-0.752307,-0.761096,0.412236,-0.609562,0.690117,-0.437378,0.273724,0.395556,0.251506,-0.316596,-0.250395,0.110703,0.0884445,0.176526,0.421455,-0.579645,-0.406852,-0.116316,0.0730106,0.392735,0.541507,0.0947883,-0.247379,0.0358809,1.03334,0.569265,0.880443,1
0.592315,-0.449858,0.0262901,-0.593252,-0.269723,0.435364,0.533077,0.105791,0.121255,-0.516712,0.539154,-0.694835,0.136206,-0.505649,-1.08834,0.479075,-0.821782,-0.101927,0.56217,-0.196007,0.485352,0.783116,-0.239358,0.37621,0.0538007,0.527208,-0.495823,-0.192773,-0.996783,0.0826492,-0.640201,1.06959,0.532136,0.884119,1
-0.471075,-0.483634,0.17936,-0.0740957,0.12451,0.20692,-0.51563,0.319148,0.0648682,0.525229,0.0566546,-0.621727,-0.800908,-0.19521,-0.108961,-0.419147,-0.330671,0.481155,0.777379,-0.611236,-0.864249,0.423859,-0.780439,-0.155428,0.392136,1.02953,0.211996,0.348881,-0.142619,-0.231628,0.264047,0.713296,0.575714,0.883835,1
-0.39979,-0.456118,0.512954,1.07794,0.359532,-0.0292578,0.152354,-0.623016,-0.0247489,-0.558771,-0.372835,0.0904109,-0.202975,-0.674182,-0.743751,0.543982,0.843968,0.115106,0.395839,0.87387,-0.0497367,0.293199,0.689002,0.0967101,-0.642706,-0.566098,0.321661,0.675353,0.229597,-0.191431,0.262358,0.643918,0.462586,0.928742,1
-0.352198,-0.682729,0.402691,-0.100886,-0.454786,0.603496,-0.465395,0.748797,-0.0193804,-0.499292,-0.601924,-0.421235,-0.601828,-0.543423,0.218275,0.179278,-0.451808,0.541423,0.952338,1.12335,-0.0125784,-0.425362,-0.583488,-0.0514306,0.314938,-0.500728,-0.615063,0.513074,-0.0784812,-0.172526,-0.219247,0.234511,0.531123,0.793246,1
0.0796023,-0.422272,0.588116,-0.138593,-0.512216,0.78031,1.4444,-0.546419,-0.255475,0.754424,1.0966,-0.0691279,-0.0764258,0.510137,0.837883,-0.332722,-0.960108,-0.749259,-0.688687,0.830532,-0.0263964,0.0388811,0.251771,0.0869318,-0.0952794,-0.131937,0.85997,-0.363423,0.504456,0.118668,0.443999,0.521839,0.56598,0.860737,1
0.215823,0.376061,0.380263,0.381053,0.326497,7.95,0.222513,0.186436,0.253862,0.273509,0.221433,0.21951,0.222682,0.217053,0.200681,0.199332,0.207722,0.296436,0.195367,0.242025,0.102993,0.263133,0.258299,0.280109,0.142768,0.378183,0.243986,0.27352,0.138033,0.178568,0.247761,0.173019,0.52,0.82,1
0.970694,-0.0746828,-0.155503,-0.086348,0.498461,-0.295063,0.616292,-0.657818,-0.00459761,0.633881,0.719972,0.37367,1.1816,-0.211657,0.328086,-1.683,-0.459547,-0.27999,0.723143,0.277434,-0.432508,-0.516889,-0.0587263,0.14958,0.657706,0.174295,-0.229588,-0.336425,0.054806,-0.320292,-0.409093,0.465018,0.427358,0.851722,1
-0.894982,-0.197337,0.00443521,0.320022,-0.600658,1.39657,0.94451,-0.50827,1.22429,0.0659353,0.459501,0.309397,0.755577,-0.743615,0.162548,0.193781,-0.485289,-0.0226173,-0.21663,-0.330651,0.334421,-0.27159,0.0432099,0.233449,-0.186866,-0.286484,0.775396,-0.0389749,0.46378,-0.0285524,-0.286808,-0.372026,0.517974,0.885525,1
-0.138591,0.432603,0.00225826,-0.911142,0.457222,-0.154514,-0.783814,-0.480596,-0.21834,0.011045,-0.249125,-0.222268,0.610346,-0.572885,0.507006,0.630189,-0.29031,-0.464691,-0.00569643,-0.272537,0.279828,0.564234,0.613125,-0.523583,-0.271787,-0.0983101,-0.0474518,-0.346989,0.516045,-0.20768,-0.590448,0.391437,0.507782,0.76877,1
-0.858075,-0.352723,-0.50115,-0.91418,0.364104,-0.766056,0.577667,-0.449315,1.2338,-0.539566,0.184052,0.457375,-0.166972,-0.214236,-0.0422288,-0.0205813,0.620281,-0.564437,0.121661,-0.0535198,0.182403,0.154223,0.171441,0.00899777,-0.0421276,0.310099,-0.267856,0.567331,0.354044,-0.363218,0.286031,0.386091,0.446385,0.787825,1
-1.13499,0.130669,-0.0484082,0.285832,-0.319099,-0.0218674,-0.440114,-0.0394178,-0.298214,0.44774,0.476269,-0.408036,-0.540854,-0.157193,-0.871349,-0.0318945,0.355003,-0.211112,0.0478061,-1.05366,1.15261,-0.105996,-0.537052,-0.280186,-0.0580987,-0.892965,0.539247,-0.0646092,0.446223,-0.389995,-0.323086,-0.368429,0.503023,0.936445,1
0.167659,0.210829,0.328158,-0.125895,0.262678,0.541204,-1.10092,1.26518,-0.538855,0.202896,-0.39658,-0.368402,0.0811718,-0.255076,-0.712382,0.204322,-0.691343,0.656194,-0.833764,-0.730761,-0.410222,-0.314163,-0.390513,0.309504,0.820359,0.447618,0.0492721,-0.805915,0.578666,-0.680198,0.60932,0.262578,0.494473,0.890365,1
0.745888,-0.786163,0.210515,-0.167929,-0.252132,0.312198,0.952595,0.185319,-0.786652,-0.471218,-0.303549,0.55032,0.907472,-0.399544,0.396909,-0.852895,0.222243,0.305253,0.522203,0.529208,0.482428,-0.632478,0.139661,0.172564,0.123144,-0.606618,-0.159332,0.199356,0.287812,0.0987158,-0.401597,-0.134837,0.433191,0.857303,1
-0.544918,-0.387368,0.330885,-0.502419,-0.456728,-0.804521,-0.565061,0.144412,-0.759994,0.590198,-0.443004,1.56336,-0.108593,0.0457263,0.0093688,0.0416108,0.17415,-0.780019,-0.109522,0.160923,0.141832,-0.0777272,-0.0656432,-0.518352,-0.900169,-0.352964,0.240843,-0.0117167,-0.656211,0.678316,-0.512403,-0.451158,0.45101,0.938346,1
-0.0971822,-0.764099,0.718212,-0.984821,-0.544983,-0.134403,0.046213,-0.341445,0.920931,-0.441282,-0.0954314,-0.217959,0.101558,0.434005,0.743286,0.529174,-0.235933,0.268377,-0.155865,-0.0628832,-0.791893,0.315264,0.698381,-0.0154571,-0.0703408,0.0955014,-0.541177,0.151739,-0.827924,0.288675,-0.181232,0.186123,0.44316,0.774661,1
0.54179,0.14143,0.277423,-0.267384,-0.494896,0.0931411,-0.284949,0.39955,0.453339,-1.09513,0.102812,-0.134274,-0.642285,0.46663,0.131693,-0.45389,0.0145019,0.260068,0.610234,0.212572,0.00710642,0.329046,0.155869,0.54086,0.582775,-0.275804,0.348742,0.381332,-0.292444,0.583856,0.0279485,-0.193797,0.578553,0.933488,1
-0.746618,-0.0573137,-0.13311,-0.762642,-0.985838,0.373956,-0.159503,0.293716,-0.307676,0.323561,-0.855472,-0.0791962,0.135385,0.808741,0.81001,0.391,0.23633,-0.567311,0.167247,0.324129,0.275171,-0.939187,-0.403462,-0.171174,-0.0495815,-0.308711,0.41093,0.124813,-0.365679,-0.0456205,-0.349264,0.502691,0.505339,0.89242,1
-0.379598,-0.373019,-0.507844,-0.276677,-0.332582,0.159226,0.743394,-0.331881,-0.219165,0.73265,0.293063,0.123875,-0.209149,-0.254275,-0.288222,0.27917,-0.487269,-0.0251867,-0.0560806,0.698932,-1.04077,-0.4417,0.246829,1.08041,0.126633,0.242566,-0.460159,-0.181973,-0.0329621,-0.366681,0.654801,0.421768,0.515433,0.764087,1
0.675487,0.565135,0.154369,-0.021568,0.386719,-0.237004,0.10684,-0.350902,-0.504309,-0.19386,-0.239366,-0.509078,0.220538,-0.859845,0.780235,-0.392343,-0.294503,-0.35397,-0.740947,-0.371768,0.497022,-0.597578,0.108291,0.188391,0.484617,0.55961,-0.153456,-0.557731,0.570615,0.0443175,-0.148522,-1.80186,0.519459,0.776007,1
-0.263066,-0.438569,0.226602,0.855105,0.715005,-0.0497705,-0.335865,0.7678,-0.72306,-0.173478,-0.0187396,0.469419,1.1131,-0.297061,-0.480223,0.143361,-0.084503,-0.515256,0.162201,-0.119791,-0.261259,0.320256,1.04706,1.01069,0.515815,0.571779,0.576448,-0.717466,-0.397525,-0.0648204,0.0535462,-0.216578,0.551315,0.885414,1
0.701041,0.364997,0.474975,0.133262,-0.013713,-0.18677,-0.515985,-0.221873,-0.0425406,0.249924,0.689554,0.487773,0.798014,-0.451645,-0.142568,0.314349,0.970643,-0.598686,0.836872,-0.00610424,0.0430306,0.148855,0.489159,0.0788272,-0.099739,-0.487789,0.127862,-0.158809,-0.563726,0.28205,1.33326,-0.0313723,0.567272,0.761289,1
0.341838,0.617972,-1.08352,-0.399632,-0.369036,0.788238,1.02584,0.385242,-0.482308,0.554771,-0.601804,0.0492992,0.996781,-0.0560801,0.270821,0.443818,0.503599,0.279986,-0.23618,-0.259436,-0.0280419,0.467656,-0.871066,0.549858,-0.210195,-0.427483,-0.529426,-0.00801096,-0.145583,0.493212,0.12391,-0.826631,0.445794,0.840695,1
-0.608337,0.805502,0.388008,-0.644917,0.235755,1.38796,0.37733,-0.247633,-0.188931,0.423394,0.485836,0.0349114,0.21587,-0.138994,0.681618,0.331757,0.360249,0.0956115,-0.231934,0.777983,0.0752416,0.265665,0.310958,-0.598897,-0.593855,-0.176914,-0.683535,-0.260068,0.206767,1.49924,0.0995881,-0.368405,0.468184,0.906589,1
0.0252661,-0.132372,-0.212091,-0.348295,0.760962,-0.00545199,-0.0243637,0.85752,0.0732215,-1.26541,-0.359868,-0.404369,0.498708,0.0180405,0.138318,0.200507,0.38353,-0.560067,0.808054,0.36177,-0.111537,-0.151358,-0.0582529,-0.313649,0.310588,0.188291,0.478625,-0.434989,0.118267,-0.924355,0.247873,-0.286156,0.450503,0.902331,1
0.0278862,-0.214192,0.0243522,0.65226,0.689949,-0.229821,-0.884788,0.0622123,-0.833191,-0.0921837,0.203538,0.231127,0.0780402,-0.531491,0.00251382,-0.689764,-0.192828,-0.199135,-0.448659,-0.184029,0.161761,0.192298,-0.0714312,0.411702,-0.203103,0.163402,0.257717,1.06297,-0.104005,0.0837758,0.387393,1.26626,0.537183,0.779841,1
0.537918,-0.492467,-0.563913,-0.101548,-1.02545,0.795417,-0.385206,0.0998752,0.574859,0.518291,0.169766,-0.452871,0.275429,0.324145,0.248912,-0.251418,0.975186,-0.781759,-0.103628,0.300722,0.123182,-0.364769,0.193473,0.0861728,0.114387,-0.359641,0.041469,0.107629,-0.471245,-0.144172,0.447676,-0.114879,0.49663,0.78372,1
0.481426,-0.383919,-0.107558,0.793772,0.0618629,0.517215,0.117964,-0.862025,-0.347958,0.269146,0.305707,-0.8775,-0.117413,-1.12674,-0.637828,-0.425757,0.0997276,-0.610605,-0.224448,-0.25106,-0.788508,0.0481782,-0.257511,0.0699447,0.19645,0.339271,-0.958047,0.076609,0.770637,-0.365914,0.271549,-0.504533,0.457856,0.854158,1
0.0523199,-0.567572,0.12332,0.150109,-0.0104874,0.0553221,-0.175665,-0.315491,-0.228665,-0.775387,-0.374706,0.419619,0.178932,0.398993,-0.107438,0.705594,-0.321778,-1.18035,0.328237,-0.474676,-0.164832,-0.27967,-0.253699,0.400591,-0.273575,-0.0759296,0.275591,-0.326391,0.541411,0.0414605,0.957983,0.546543,0.532902,0.829741,1
-0.0430238,0.732633,-0.443825,-0.356986,-0.0738943,1.131,-0.140228,-0.263329,0.160124,-0.407657,-0.071857,0.386915,-0.84919,-0.460132,0.510773,-0.517956,0.0646074,-0.469267,-0.754602,0.305269,1.12839,0.424289,1.17362,-0.0160993,1.03925,-0.285198,-0.902989,-0.312539,0.605542,0.0695902,0.120954,0.438867,0.501803,0.931502,1
-0.342023,0.0639698,0.198201,-0.546099,-0.255725,0.0230153,-0.387947,-0.333878,-0.587102,-0.347348,0.369868,-1.18523,-0.243956,0.207013,-0.276837,-0.0508682,-0.143053,1.05006,0.280405,-0.212652,0.0609032,-0.0415155,0.0894862,-0.0812272,0.913506,-0.734666,0.435819,-0.0962404,0.40737,-0.453292,-0.579429,-0.450053,0.576767,0.821752,1
-0.727504,-0.273327,-0.430694,-0.160071,0.453557,0.0944337,0.574318,-0.864434,0.145355,0.362208,0.277996,0.161837,0.365178,0.132009,0.47623,0.432113,-0.764874,-0.445976,0.0481122,0.669382,-0.750896,0.0267252,0.341614,0.241169,-0.294387,-0.687451,-0.37619,-0.156413,0.388796,0.46738,-0.494635,-0.445752,0.431721,0.784903,1
0.716682,0.0533881,-0.5632,-0.448956,0.0252698,0.167679,-0.302447,0.0211986,0.584693,0.146439,0.421764,-0.730462,0.0279955,-0.0515438,0.244496,0.475388,0.245157,-0.0965717,0.655657,0.508075,-0.126394,0.106946,-0.307955,-0.64321,0.395903,-0.208848,-0.0488414,-0.326149,0.259889,-0.0893576,0.232444,0.555786,0.430999,0.773531,1
-0.358671,0.810417,0.536194,-0.244591,0.538277,0.0108298,0.0563718,-0.158737,-0.12605,-0.457107,0.775434,-0.643323,0.438451,0.175424,-0.0668884,0.871954,0.55363,0.141163,0.190645,0.624595,0.0404893,0.0915749,-0.0774001,0.484282,0.0892687,0.94227,0.175533,-0.0843298,0.00347397,0.917088,-0.788106,-0.218632,0.431201,0.918125,1
0.434459,0.575146,-0.436423,-1.43814,0.690852,0.431843,-0.388595,0.64379,0.00910042,0.10049,0.429483,-0.845504,0.331009,-0.390731,0.390423,0.563859,-0.0902498,-0.306182,-0.469129,-0.0148239,-0.313929,-0.510117,0.674424,-0.692465,-0.683847,0.180266,-0.205423,0.204067,-1.26046,1.04507,-0.104297,-0.456147,0.47565,0.915228,1
-1.0257,-1.01251,0.00272457,-0.193183,-0.423164,0.222697,-0.171678,-0.13727,0.137097,-0.00778206,0.246415,0.431199,0.35374,-0.52461,0.251341,0.447164,-0.455921,-0.0812061,-0.0220201,0.547632,0.736197,0.222728,0.128902,-0.0858837,-0.00419579,0.489365,0.0307994,0.00770317,0.0792423,-0.405238,0.502827,0.0568445,0.570386,0.839872,1
0.168388,-0.220177,-0.434856,0.490408,-0.276885,-0.374569,0.959133,-0.300165,0.086415,-0.0583802,-0.501255,0.265103,-0.226131,-0.533332,0.187579,-0.0732339,0.110601,0.508793,0.537076,-0.294436,1.21021,-0.234817,0.449482,0.325047,-0.612454,-1.197,-0.219622,0.532612,0.511207,-0.524728,0.410018,0.492749,0.455024,0.791143,1
-0.730465,0.471268,-0.133391,0.150374,-0.886076,0.259699,0.666361,-0.523119,-0.63854,-0.0804556,-0.060798,0.0175569,0.21938,0.153822,-0.273337,0.449221,-0.24899,0.504388,-0.693015,0.141632,0.0116009,-0.589974,0.107028,0.18171,-1.36452,-0.177872,-0.185096,0.663104,0.0736275,0.71054,0.0183083,0.584327,0.557829,0.830426,1
-0.408777,0.383601,-0.457396,-0.413996,0.0457649,0.507687,0.618603,-1.05845,1.647,0.0653664,-1.31487,-0.00590575,0.91377,-0.737763,-0.25736,-0.991101,0.370178,0.666493,-0.650633,0.284978,0.0894714,0.0117144,0.16035,0.216345,-0.258508,0.271193,0.298861,0.230429,-0.155615,-0.0372754,-0.332227,0.214554,0.566461,0.843322,1
0.487106,0.864209,-0.303501,0.361948,-0.0241812,0.285813,-0.121444,0.157277,0.15618,-0.689587,0.194654,0.107238,-0.00721419,-0.453586,-0.418285,-0.582526,-0.00847594,0.188539,0.318423,0.447155,-1.34352,0.115754,-0.486708,-0.222878,0.0802488,-0.360593,0.149147,-0.510596,0.90209,0.575746,-0.740785,-0.810577,0.469887,0.796284,1
0.498834,0.358797,-0.18781,-0.293938,0.0398084,0.271356,1.3144,0.939517,0.573632,0.761589,-0.093006,-0.47712,0.694559,-0.269231,0.267902,-0.46157,0.202894,-0.313457,0.0305408,0.481931,0.696984,0.382904,-0.171004,-0.273703,-0.410986,-0.381053,-0.166218,1.01283,-0.108636,0.342854,0.203007,1.00801,0.484279,0.828436,1
-0.0800838,-0.646634,-0.664827,-0.251548,0.844557,0.319672,-0.666606,1.46273,0.541926,-0.537242,0.244716,-0.404046,-0.242539,0.608781,-0.232584,1.03866,-1.51178,0.365044,0.206719,0.924626,0.363355,-0.166897,-0.652156,-0.0924531,-0.138368,0.122906,0.206686,-0.0919427,-0.154722,-0.0967563,0.0339736,0.781624,0.569069,0.908677,1
0.0527599,0.104528,-0.496902,0.472516,-0.235076,-0.159823,0.298647,-0.0587658,-0.451606,0.320116,-0.150053,-0.159989,0.622724,0.381,0.160714,0.237262,0.114971,0.567895,-0.294661,0.237931,-0.284484,0.196442,-0.610815,0.0545692,-0.0322699,0.141171,0.235439,-0.377866,0.495861,-0.16976,0.230536,0.34089,0.434326,0.922416,1
-0.0161869,-0.195808,0.5137,0.447152,-0.186772,0.179041,-0.024444,-0.231382,-0.409172,0.231138,0.0922401,-0.554296,-0.495061,-0.0670432,-0.40298,0.515707,0.494653,-0.343325,0.349969,-1.09145,0.414964,0.31721,-0.400604,0.994971,0.183824,0.169569,-0.107719,0.729654,0.597172,0.379847,0.0395832,0.0906777,0.548643,0.910706,1
-0.0807026,-0.0906319,-0.654305,-0.105228,0.438609,0.426395,0.753464,0.486963,-0.586332,0.904016,0.643792,0.328234,1.12007,-0.815928,-0.772349,1.11592,-0.10221,-0.593963,0.6735,-0.254247,-0.1565,-0.155278,-0.0271844,-1.29065,0.842474,-0.761617,0.0787382,-0.00646524,0.511482,0.696982,-0.594355,0.2361,0.533056,0.822023,1
-0.116988,0.011984,-0.680466,1.42867,-0.838992,0.0238087,-0.478202,0.882807,-0.708856,0.0148684,-0.299038,-0.860996,-0.683552,-0.209614,0.432191,-0.144943,0.0269162,-0.324971,-1.08971,0.335446,-0.3924,-0.120561,-0.596543,-0.495267,0.573323,0.0423725,0.295979,0.327549,-0.264435,0.196291,0.567057,0.219876,0.467969,0.81517,1
0.328804,-0.413218,-0.114755,0.379184,0.0970682,-0.0776984,-0.0634262,-0.137751,-0.234616,0.716156,0.135758,0.625659,-0.160932,0.204632,0.278521,-0.359191,0.0927123,-0.640019,0.893216,0.303114,0.751539,0.366125,0.11378,0.167606,-0.208156,0.363227,-0.566129,-0.399121,-0.437749,-0.234211,0.064744,-0.0473743,0.446258,0.945471,1
-0.0382359,0.199892,-0.11822,-0.512017,0.269661,-0.793106,-0.814917,-0.262115,0.723098,-0.033625,0.095176,0.539333,0.28998,0.161353,-0.455596,-0.326088,1.43042,0.66923,0.268658,-0.848911,-0.0366666,-0.142061,0.491782,1.35884,-0.0407526,0.215483,0.862506,-0.108974,-0.00239184,-0.122941,-0.355231,-0.902855,0.431561,0.811382,1
0.375311,0.262053,0.14485,0.388873,0.320337,7.95,0.19695,0.158582,0.218456,0.353681,0.174001,0.375419,0.254316,0.134116,0.311475,0.272653,0.393378,0.365448,0.373715,0.347624,0.166453,0.269218,0.119635,0.200186,0.270782,0.385456,0.258162,0.381744,0.157462,0.195414,0.108774,0.188646,0.52,0.82,1
-0.259012,0.594616,0.355071,-1.00529,0.158156,0.754574,-0.858385,0.529147,0.382507,-0.183102,0.69359,-0.878046,0.0821657,-0.0820776,0.137743,0.160215,0.136436,-0.0426279,0.724427,-0.313042,-0.299835,0.794683,0.255669,-0.96754,0.338972,-1.13533,-0.0823528,0.269803,0.50138,-0.134544,-0.605514,-0.124997,0.438808,0.88091,1
-0.39796,0.274425,-0.477152,-0.41576,-0.357339,0.863779,-0.388951,-0.649982,-0.293539,0.300171,-0.542845,-0.217168,-0.856303,0.466952,0.109715,-0.078846,0.179183,1.61588,0.547347,0.148952,0.853307,-0.482553,0.499439,0.203055,0.613774,0.0314818,0.184563,-0.872095,-0.223098,0.47425,0.580003,-0.512297,0.493578,0.947394,1
-0.890788,0.602091,1.36076,0.0604052,-0.162533,0.448151,-0.568437,-0.216704,0.355905,-0.308639,-0.233029,0.431269,-0.304405,-0.215901,0.191651,-1.52369,-0.0127801,0.506912,-0.0740086,0.140697,-0.470055,-0.0956147,0.283624,-0.450179,0.139745,0.108026,0.715509,0.449125,-0.653073,-0.302838,-0.0139794,-0.9104,0.519515,0.867547,1
0.436069,-0.395317,-0.0253164,-0.264188,-0.836982,-0.360732,-0.28068,-0.394304,0.345916,-0.614298,-0.757602,-1.10391,0.55617,0.355647,-0.164396,0.656002,0.855358,-0.0140795,-0.416405,-0.162722,0.0018457,0.217303,0.0921505,-0.360444,0.0438256,0.956932,-0.821089,-0.600664,0.500396,-0.227632,-0.267506,0.462507,0.438745,0.90491,1
-0.357467,-0.315591,-0.162938,0.333399,-0.0228626,-0.464817,0.0456191,0.424394,-0.702227,0.151161,-0.162708,-0.442593,-0.23169,0.754167,0.213824,1.0426,0.164833,0.661145,-0.272494,-0.213275,-0.486396,-0.330029,1.13472,0.423763,0.267122,-0.506912,0.267461,0.761247,-0.985131,0.248246,-0.0519771,-1.1625,0.42379,0.932629,1
-0.262986,0.312644,-0.847744,0.218696,-0.0746851,-0.0784881,-0.607783,0.335837,-0.864053,-0.58907,0.0882142,-0.796301,0.843049,-0.278171,-0.13494,0.288167,0.309164,0.0944582,0.320339,0.454189,0.169409,0.2249,0.475136,-0.388795,0.377174,-0.157134,0.472205,-0.247635,-0.618981,-0.796547,0.263995,-0.15008,0.43565,0.923531,1
-0.552864,-0.111766,-0.374234,-0.0941518,-0.658391,-0.260073,-0.231597,-0.208061,0.139644,0.42789,-0.170827,0.13073,-1.09479,-0.238549,0.17779,0.280909,1.00476,-0.156961,-0.0933615,0.939722,0.698659,-0.0532578,0.400005,-0.0938101,-0.118337,1.27426,0.467557,0.556821,0.28621,-0.423758,-0.698164,0.23317,0.525169,0.788409,1
0.398957,0.543386,-0.219543,-0.0006637,-0.659145,0.454136,-0.189351,0.946789,0.175827,-0.3109,-0.0279868,-0.435617,0.219156,-0.530847,0.440387,0.753676,0.309954,0.175631,-0.247231,-0.330115,-0.649923,-0.172681,-0.238856,0.272618,0.25715,0.285871,-0.697592,0.559107,0.747015,0.112099,-0.0441348,0.130227,0.467582,0.905231,1
-0.148636,0.405143,0.494271,-0.529527,0.623497,0.567399,-0.21363,0.380055,0.515137,0.323498,-0.553833,1.02763,0.305199,-0.401374,-0.860661,-0.528434,-0.399498,0.0126985,-0.319102,0.892441,-0.281368,0.110147,0.637312,0.475819,-0.836465,0.77599,0.961509,-0.442517,-0.129997,0.243215,0.488988,0.265296,0.528314,0.820912,1
0.350311,0.808408,-0.797602,-0.056535,-0.456721,0.150081,0.629671,0.245645,-0.45999,-0.795502,-0.167157,0.199797,0.0578504,0.216682,0.327408,-0.496657,-0.711532,-0.317195,-0.184985,0.809305,0.198273,-0.639371,-1.04917,0.37738,-1.2703,0.023804,-0.606566,-0.107941,-0.0234514,-0.133611,0.274401,0.415623,0.42033,0.842469,1
0.246198,-0.1073,0.13558,-0.385294,-0.460668,1.03966,-0.57093,0.0169697,0.505839,-0.347091,-0.196297,0.505518,0.575847,-0.828498,-0.324677,0.240046,-1.08176,0.815495,0.699131,0.809157,-0.804503,0.547036,0.458374,-0.397327,0.0600471,-0.314593,0.604632,-0.212643,-0.283118,-0.228426,-0.611156,0.0635175,0.565467,0.854059,1
-0.380936,-0.989137,-0.110567,0.816579,0.441023,-0.0622043,-0.117129,-0.202944,-0.267817,-0.290046,-0.571746,0.285186,0.134735,0.149383,-0.430296,0.0840376,0.0728593,-0.292239,-0.250394,0.347776,-1.01375,0.447286,0.469102,0.536933,-0.291178,-0.957629,-0.0771964,0.134405,-0.127766,-0.531756,-0.385337,0.184707,0.447079,0.768816,1
-0.0731021,-0.405767,0.875696,-0.172428,0.107032,-0.000477853,0.321343,-0.344701,0.118468,0.587248,0.537676,-0.117102,0.315051,0.454416,-0.38269,0.0387881,0.79768,-0.623507,-0.0804909,0.335051,0.495287,-0.432253,0.272901,0.50946,-0.0267741,0.679238,0.21418,0.493256,0.866951,-0.424698,-0.549506,0.642462,0.514258,0.774921,1
0.134211,-0.0319085,-0.176877,-0.651955,-0.849766,-0.456924,0.0841609,0.30735,-0.0900214,-0.250031,-0.0634566,-0.0590741,-0.181086,-0.743561,-0.746816,0.765339,0.111063,-0.135746,-0.398849,-0.593536,1.28387,-0.432484,-0.266754,0.819233,1.21146,0.324252,-0.0750841,-0.993546,-0.329112,-0.952505,0.0440356,0.494704,0.452323,0.872738,1
-0.27973,-0.423602,0.24346,0.195238,-1.20097,-0.362874,0.215568,-0.657912,-0.0213902,0.307601,0.757883,-0.33234,-0.143592,-0.139718,-0.00718959,0.115069,0.412168,0.213217,-0.277226,-0.883962,0.36423,0.33948,-0.224805,-0.80371,-0.951467,-0.146338,0.66233,0.549588,-0.697468,-0.0635374,-0.301179,0.0633928,0.567062,0.852294,1
-0.419439,0.497135,-0.368846,0.387136,-0.464833,-0.311099,0.38215,0.770824,-0.56422,-0.518378,0.163622,-0.236549,-0.976636,-0.0585274,-0.565472,0.0660375,-0.21085,0.631343,-0.0705232,-0.120498,-0.13002,-0.227258,0.694398,0.289319,-0.215,0.0174916,1.15667,-0.108297,-0.18399,1.15003,0.20727,0.288624,0.525202,0.792814,1
-0.71162,0.0804025,0.390057,-0.670562,0.328952,0.391845,0.756914,0.307556,0.487783,-0.0768576,-0.104305,0.681373,0.473048,0.540432,-0.46708,-1.14753,-0.159032,-0.465741,-0.459748,-0.480566,-0.169681,0.461026,-0.102967,0.398969,-0.597272,0.105047,0.691227,-0.683576,-0.570862,-0.129804,-0.395799,-0.453106,0.429615,0.865044,1
0.00840149,-0.438857,-0.345723,0.833758,0.200602,-0.535329,-0.160379,-0.726395,0.247213,-0.520275,0.174419,0.405902,0.0300929,-0.159447,0.274901,0.271816,0.207009,-0.230068,0.519423,0.824561,-0.511313,0.0768858,-0.114062,0.022336,0.0550841,-0.435407,-0.905293,1.15923,-0.0366939,-0.783015,0.428104,0.439074,0.471345,0.836609,1
0.237637,0.376154,0.34637,0.130864,0.107684,7.95,0.299748,0.1757,0.3532,0.359598,0.173083,0.14967,0.291129,0.19122,0.160338,0.167544,0.133554,0.144629,0.247152,0.289832,0.232799,0.12527,0.158505,0.319288,0.29047,0.321461,0.345581,0.170748,0.15154,0.322365,0.221553,0.355685,0.52,0.82,1
-0.0746763,0.213459,-0.772686,1.03618,-0.308382,-0.166437,-0.867967,0.549148,-0.92137,0.339872,0.436909,-0.478804,1.02586,-0.358,-0.274498,0.0243558,-0.62252,0.635404,-0.0974629,-0.399196,-0.0446146,0.764528,0.492145,-0.203153,-0.0063111,-0.135878,-0.0126683,-0.102403,-0.465163,0.758778,0.706567,0.0986579,0.422661,0.877013,1
-0.0728254,-1.21589,0.462314,-0.477103,-0.590931,-0.322261,-0.210374,1.25342,0.0252875,0.997022,-0.598505,-0.228865,-0.404202,-0.206967,-0.405459,0.213333,0.31587,0.933843,0.229988,0.493285,0.285463,-0.33643,0.267599,-0.0524308,-0.623589,0.576049,-0.606927,-0.769586,0.214777,-0.517192,0.174127,-0.790843,0.46268,0.82936,1
0.88528,0.00470558,-0.596121,0.772677,0.825536,0.435715,-0.0275985,0.425832,0.265565,0.0999054,0.283703,0.338356,0.32333,0.849669,-0.614519,0.10795,0.040385,0.256649,0.223867,0.0433584,0.246899,0.716439,-0.592334,0.0561636,-0.0756569,-0.283859,0.894384,0.0562303,-0.299224,-0.881809,-0.946383,-0.163775,0.547258,0.865491,1
0.315939,0.265143,-0.181863,-0.443376,0.498969,-0.604979,0.382783,-0.290313,-0.852649,-0.285807,0.354118,-1.21715,-0.862479,0.651766,0.619581,-0.341115,-1.23003,-0.769614,0.151466,-0.437443,-0.158354,0.144141,0.470473,0.767203,0.75087,-0.0244652,0.228386,-0.299949,0.230403,0.412243,1.11277,-0.401369,0.526209,0.924413,1
0.287732,-0.257918,-0.385038,-0.730915,0.0718773,-0.167909,-0.217626,0.850638,0.0984021,-0.367202,-0.811913,0.198229,0.351493,-0.0246306,0.567864,0.0853926,0.386467,0.693816,0.19242,-0.726179,0.197237,0.0977461,0.0207316,-0.400542,0.348984,0.361519,-0.542316,0.43341,0.758265,0.098489,0.662288,-0.305729,0.512741,0.774366,1
-0.644066,0.349472,-0.235183,-0.970917,-0.51662,0.605141,0.731357,-0.182461,0.27858,-0.32123,0.36181,-0.0383544,-0.157312,-0.397177,0.949923,0.380301,0.0375888,-0.0184071,-0.346012,0.204167,0.321517,-0.19523,-0.5417,0.331987,0.545471,0.162497,0.190588,-0.2917,-0.0739427,-0.15602,-0.146957,1.05363,0.454005,0.792235,1
-0.0363686,-0.263046,0.0229025,0.479815,0.788687,0.205137,0.0769208,0.481162,0.657259,0.446105,0.458203,-0.116084,0.133273,-0.371341,0.84191,0.5473,-0.514276,0.0903789,-0.618257,0.236484,0.937907,-0.31131,0.0346242,0.245297,0.573924,-0.665738,-0.935502,1.0116,-0.650852,-0.814065,-1.08439,0.0559308,0.491614,0.856823,1
0.0604299,-0.378943,-0.969444,-0.210225,-0.186965,0.197858,0.428446,0.141628,0.0263955,-0.78372,-0.0974149,0.92193,-0.180757,0.185543,-0.829577,-0.214462,-0.510361,0.13596,-0.508912,-0.216562,0.584376,0.653912,0.0333459,-0.26146,-0.171291,-0.0173278,0.109214,0.704732,-0.310208,0.796646,-0.616529,-0.200002,0.473518,0.880379,1
0.100627,0.545922,-0.0236159,-0.770665,0.638557,0.721979,0.346726,1.23819,0.167198,-0.881099,-0.47491,0.464474,0.6037,-0.189894,0.465363,0.302259,-1.07697,0.184547,0.433647,-0.272822,-0.107954,0.295631,-0.20717,0.546258,0.172746,0.0273302,0.989032,0.803251,0.602651,0.3176,1.05137,0.855873,0.499975,0.899708,1
0.788984,0.317298,0.226489,0.133774,-0.302819,0.450963,0.0214365,-0.10581,-0.386905,0.0771155,0.0946275,-0.139361,-1.09594,-0.0141998,-0.441552,0.0357934,-0.0971567,0.624186,0.141743,0.238223,0.373929,-1.08242,0.163958,-0.243524,0.356641,-1.06455,-0.649312,0.371362,-0.165316,1.54654,-0.597523,-0.0692459,0.452494,0.800527,1
0.184227,0.375136,0.188576,0.378594,0.298248,7.95,0.309342,0.153932,0.294309,0.147787,0.191945,0.188696,0.335255,0.33593,0.287036,0.364859,0.128373,0.209037,0.332482,0.195601,0.133283,0.290811,0.154844,0.196878,0.151477,0.138894,0.178595,0.291642,0.105868,0.329629,0.174346,0.275251,0.52,0.82,1
0.0737044,-0.257135,-0.60995,-0.374056,0.226084,-0.816706,0.244564,0.189371,-0.635015,-0.404527,-0.0963521,0.270307,-1.08229,0.657916,0.497214,-0.245114,-0.424296,-0.40881,0.497843,-0.169796,0.243382,0.312372,-0.66118,-0.165763,0.135789,-0.634664,-0.375221,-0.6812,0.430097,0.128189,-0.0917725,-0.00169944,0.474223,0.826829,1
0.0909053,0.28916,0.0441876,-0.229378,-0.489318,-0.16008,0.977502,-1.10417,1.1059,0.0917523,0.234538,-0.400757,0.102055,-0.551608,-0.238512,0.345619,0.12059,-0.234534,-0.501936,-0.0908588,0.466648,-0.394622,-0.655909,0.508505,0.336746,0.953012,1.09796,-0.481184,-0.292033,-0.383042,-0.305522,-0.697428,0.519168,0.776941,1
-0.206326,0.104083,0.360068,0.545263,-1.38087,0.282385,-0.32719,-0.63446,-0.5944,-0.285848,-0.327439,-0.72417,1.10805,-0.00242449,-0.687819,0.483394,0.533188,-0.771762,-0.238244,-0.219507,0.117002,0.31136,-0.269168,0.120975,0.218802,0.0119454,-0.35745,0.245168,-0.730947,1.29693,0.288309,0.716682,0.467479,0.844728,1
-0.379984,-0.164358,-0.270599,-0.311571,-0.493927,0.00951511,-0.197591,0.131287,0.602542,-0.818558,0.38351,-0.131981,-0.430476,-0.242687,-0.111359,-0.438498,-0.431013,-1.20711,-0.162431,-0.125875,0.397745,0.285318,0.551609,0.0893465,-0.215014,0.952874,1.61356,0.172846,0.0916622,-0.681035,-0.333058,-0.00309975,0.433323,0.935195,1
0.0918962,0.216834,-0.3914,-0.528528,0.0141777,-1.43122,0.696457,-0.454626,-0.967428,0.387705,-0.171532,0.555202,0.26839,0.0482685,0.190255,-0.207591,0.537773,0.668046,0.641077,0.474462,-0.297838,0.141097,-0.0332444,1.54621,0.240472,-0.380872,-0.107679,0.038346,-0.0944748,-0.414346,0.103171,0.616739,0.520177,0.761568,1
-0.857466,-0.85036,0.14441,-0.270318,-0.00676084,-0.62803,-0.225919,-0.158639,-0.729963,-0.323449,-0.411849,0.00122824,0.651295,0.420918,1.02011,1.07141,1.06039,0.489256,-1.0594,0.0676465,-0.682568,0.315953,0.261869,-0.657814,-0.418264,-0.28712,0.018553,-0.146592,1.42164,0.395225,0.208174,0.370461,0.461374,0.822363,1
-0.628236,-0.659318,-0.0057814,0.407902,-0.22956,1.13704,1.30261,-0.411616,1.08151,1.11947,0.119612,0.365556,-0.642409,0.649311,-0.619415,0.184318,-0.43842,-0.185833,0.0812555,-0.686906,0.091859,-0.0408737,-0.224838,-0.382519,-0.322694,-0.495576,-0.189407,-0.749084,-0.634884,-0.439892,-1.51842,0.00786337,0.525593,0.782001,1
0.554571,-0.177282,-0.336298,-0.143379,-0.252201,0.829699,-1.09461,0.464551,0.711719,0.293473,-0.101739,0.422684,-0.483962,1.26231,-0.0626722,0.313313,0.219393,0.646139,-0.485739,0.126418,-0.43826,-0.050447,0.104486,-0.0359371,0.958235,0.40991,0.103661,0.319371,-0.338099,-0.0210954,0.0082095,0.228595,0.568581,0.830978,1
0.180123,-0.425898,-0.276027,0.374461,0.447091,0.146253,-0.271539,0.0876103,0.269234,-0.437698,-0.60296,-0.034088,0.0618684,0.704834,0.477548,-0.0623138,-0.371313,-0.238394,0.424891,-0.272381,0.462717,0.21425,-0.873103,-0.862457,0.228965,-0.670154,-0.13342,-1.27404,-0.404248,-0.465374,0.744096,-0.0252215,0.541797,0.929304,1
-0.0310924,0.0495714,-0.237358,0.0434165,-0.211444,-0.327264,-1.36847,0.12578,-0.195579,0.119715,-0.0933071,0.262291,0.484858,-0.853545,0.0184252,-0.764095,-0.641576,0.0521368,0.840946,-0.00835111,0.168557,-0.115568,0.0262383,-0.0198714,0.597549,-0.303196,0.259385,-0.775144,1.09874,0.513229,-0.455041,0.668556,0.550796,0.781187,1
-0.62419,-0.366574,-0.464685,-1.15482,0.298277,-0.656811,-0.0193952,-0.171592,-0.763275,-0.250283,0.0316988,-0.00506184,0.734198,-0.218114,-0.41784,-0.566132,0.247032,0.33685,-0.00230746,0.722386,0.458349,-0.156429,0.503162,-0.330781,-0.216749,-0.681008,0.198573,-0.383785,0.307272,-0.610473,0.585097,0.31843,0.528906,0.944125,1
0.69817,-0.314047,-0.322924,-0.0196815,0.114558,-0.0615981,-0.456891,0.0816621,0.201772,-0.79376,-0.509985,-0.551804,0.359512,-0.480639,-0.190906,-0.917948,0.176019,0.405084,-0.624783,-0.572161,0.24952,1.09035,-0.371161,-0.106,-0.155811,-0.175246,-0.131597,-0.502542,0.339808,-0.618797,0.221259,0.642533,0.527727,0.865435,1
0.418905,0.113388,-0.391664,0.460442,0.0115292,-0.709777,0.102772,-0.394357,0.101466,-0.70943,-0.622919,-0.360442,0.0154152,-0.471029,0.562432,-0.282545,-0.258884,0.728186,-0.677185,-0.250276,0.336478,0.100732,0.435948,-0.848354,0.432487,0.426399,0.415426,-0.101413,-0.0575356,0.983242,0.0290606,0.357374,0.439573,0.801468,1
0.128055,0.119999,0.275397,0.119865,0.115531,7.95,0.371889,0.38209,0.359621,0.392729,0.352794,0.154196,0.359487,0.309662,0.327573,0.256257,0.179666,0.135573,0.392794,0.249531,0.136451,0.203543,0.200375,0.147326,0.364952,0.101706,0.12767,0.136865,0.181934,0.286813,0.203838,0.104889,0.52,0.82,1
0.35706,-0.228203,-0.110635,-0.289757,-0.304543,-0.602379,0.163517,-0.977013,0.207447,0.1293,-0.210449,-0.133847,0.192214,-0.202768,0.650157,-0.423671,-1.31128,0.279049,-0.133607,0.000718916,0.356399,0.0433005,-0.273828,-0.224635,0.999516,0.347953,-0.0894672,0.484301,0.363113,-0.192527,-0.440329,0.88486,0.446539,0.790466,1
0.360156,-0.85281,-0.0255122,-0.517461,0.855259,-0.610177,0.395193,-0.0343478,-0.269411,-0.226738,0.363936,-0.0683517,-0.173947,0.413466,-0.0950041,-0.604561,0.363197,-0.0439067,0.407717,0.130882,-0.166453,1.15191,0.758728,-0.145014,1.18368,-0.456065,-0.0475129,-0.705833,-0.00734562,0.0552091,0.055859,-0.344061,0.484079,0.936485,1
-0.138476,0.000814973,-0.527353,-0.000960688,-0.442011,-0.483353,-0.231071,-0.474971,0.300435,-0.00131922,-0.469942,0.202669,0.938781,0.29601,0.688993,-0.302025,-0.168058,0.353739,-0.207909,-0.378273,-0.252748,0.315837,-0.299354,0.0915313,-0.475617,-0.528438,-0.0779496,-0.0124192,-0.0790855,0.0360775,-0.9294,-0.377958,0.56871,0.828597,1
0.621415,0.14073,-0.732666,0.652795,0.0657034,0.587948,0.310818,0.260021,0.355614,-0.317967,-0.325908,-0.00254053,0.0854326,-0.791746,0.521124,0.558678,-0.329254,0.0879141,0.269987,0.315356,0.0968155,-0.0152274,-0.446975,1.05261,0.158588,0.159716,-0.188276,-0.192247,0.0752564,-0.256694,-0.328768,-0.0797698,0.476827,0.936219,1
0.317936,-0.321192,1.05186,-0.108711,-0.631266,-0.627502,-0.0310544,0.255595,-0.622449,-0.108947,-0.186536,-1.17808,-0.322832,0.410049,0.360088,0.142055,0.29697,0.00582338,-0.188449,0.311983,0.483338,0.444817,0.518906,0.475026,-0.750258,0.262647,-0.767381,-0.0163007,-0.104083,1.59833,0.360177,-0.349603,0.531408,0.80755,1
-0.254478,0.592264,-0.263518,0.376311,0.170198,-0.867891,-0.183081,-0.338906,0.280246,-0.54058,-0.43433,0.00112419,0.360203,-0.754808,-0.689408,0.805973,-0.188794,-0.176735,0.461318,-0.567546,-0.0943587,0.370411,0.103073,0.827457,-0.500617,0.671574,0.253794,0.735418,0.00385166,0.302445,-0.0149064,-0.321666,0.482663,0.846094,1
0.0775402,-0.399346,0.226833,-0.375356,-0.0732548,0.788053,0.892293,0.636734,-0.248426,0.0772851,0.377476,-0.661134,0.340065,0.408647,-0.0406533,0.874926,0.0148912,0.354638,0.0723508,-0.766128,-0.467108,0.0421616,-0.309285,-0.0693089,0.783847,0.316518,-0.369685,1.18266,0.0489782,-0.00366242,-0.440884,0.186353,0.562274,0.784847,1
0.106344,-0.452839,-0.546706,-0.388497,-0.176135,-0.480851,0.00490312,-0.616523,0.267894,-0.421807,0.206802,0.838721,-0.787761,0.334515,0.415006,-0.185743,-1.02139,-0.0146851,-0.25983,-0.291402,-0.201202,0.113107,-0.0139244,-0.244125,0.411768,0.836888,0.0729249,-0.352546,0.0787021,0.341949,0.372571,0.803345,0.455398,0.943805,1
-0.593395,-0.976825,-0.447706,-0.448284,0.0739207,-0.540356,-0.193953,-0.391402,-1.25097,-0.212764,0.0238839,0.766795,0.85593,-0.127931,-0.297321,0.298045,-0.469323,-0.459278,0.356605,1.09701,0.185259,0.392672,-0.497584,-0.124771,-0.321774,-0.114268,0.0996467,-0.50275,0.167706,0.337461,0.0118058,0.049213,0.494817,0.884989,1
0.843195,0.376368,-0.103325,-0.311471,-0.376393,-0.00994222,0.099713,1.03802,0.664856,0.107551,0.148157,-0.186075,-0.292306,-0.225861,-0.197131,0.179027,0.392543,-0.727304,0.0457203,-0.332105,-0.480501,-0.506609,0.344286,-0.911868,-0.416651,0.414729,-0.0427359,1.16122,0.734924,0.305708,-0.137572,-0.308351,0.555082,0.909402,1
-0.374616,-0.566474,-0.98739,-0.333125,-0.260355,-0.0271326,-0.0203352,-1.10483,-0.105493,-0.0134368,-0.219882,-0.221841,-0.33502,-0.947595,-0.4252,0.0524345,-0.455983,-0.906733,0.486422,0.415473,0.0900388,-0.140023,-0.399861,-0.69392,0.627444,0.58338,-0.876362,0.699385,0.206088,-0.530662,-1.29036,-0.323428,0.559312,0.78289,1
0.038778,0.183037,-0.179059,0.427843,-0.226763,-0.622744,-0.121388,-0.774909,0.0428101,0.577736,0.175643,0.53976,-0.572698,-0.307757,0.107817,0.163891,1.23252,-0.471769,0.799035,-0.762349,-0.524356,-0.546508,-1.04306,0.221677,-0.978352,0.233087,0.169559,-0.585005,-0.116249,-0.305268,-0.0918871,-0.616989,0.491602,0.949257,1
1.11684,-0.300527,0.121917,0.727493,0.107589,-0.12792,0.616836,-0.693453,0.417744,0.12475,0.800862,0.46815,-1.03445,0.0541137,0.0365342,1.34682,0.909021,0.126456,-0.354869,-0.411387,0.165326,1.24829,-0.753902,-0.056243,0.220096,-0.318211,-0.451421,0.169821,-0.186051,-0.304894,0.0599031,0.632642,0.553637,0.875109,1
0.206278,-0.294024,0.663608,-0.0784659,-0.86864,0.425662,0.633547,0.0417809,0.291549,0.312294,0.227664,0.63618,0.556223,0.12073,0.0268506,0.107843,0.632902,0.302769,-0.51149,-0.330551,0.541163,0.342296,0.301654,0.146775,-0.260208,0.38185,-0.406335,0.888282,-0.825424,0.248132,-0.0129222,0.259325,0.513273,0.942671,1
0.0125346,-0.66976,0.57685,0.0947279,-0.531043,-0.956633,-0.542558,-0.117126,-0.494996,-0.50526,1.11561,0.455512,0.411532,0.627593,0.651461,0.237719,0.395928,-0.589299,-0.0793131,-1.29664,0.233963,0.501838,-0.822883,0.417682,0.250989,-1.01718,0.625303,0.437536,0.218435,-0.0902657,0.600704,0.00873212,0.476793,0.844702,1
-0.406503,0.0729332,0.0229975,-0.21653,-0.444473,0.499779,-0.340461,-0.216179,-0.421616,-0.149086,1.02276,-0.524294,0.102075,0.920667,-0.249571,0.0451604,-0.3951,0.269697,0.318422,0.554053,-0.781346,0.19275,0.720376,-0.800956,0.31052,-0.0491426,-0.451354,0.225067,-0.730483,-0.70013,0.199337,0.633063,0.451585,0.767875,1
0.507129,0.514363,0.229533,-0.290435,0.238086,0.631331,-0.448194,0.243781,0.461839,0.328975,0.47471,0.730423,-0.187289,-0.16128,-0.0596134,0.19098,0.174664,0.820369,0.524839,0.485049,-0.695386,-0.0621299,-0.0823219,-0.937307,-0.651208,0.0932565,-0.390384,0.724687,0.129724,0.427815,-0.0805284,-1.11214,0.438125,0.843841,1
-0.0984935,-0.208992,-0.0740543,0.0619364,0.333883,-0.226268,0.679862,0.30981,0.387584,-0.825426,-0.484515,0.284048,0.150818,0.168424,0.495781,-0.047324,-1.33639,-0.358817,0.356295,0.409875,0.51545,-0.504051,0.650258,0.448027,0.419721,-0.485992,0.223917,0.859156,0.0587104,0.594545,-0.373846,0.13742,0.460299,0.855271,1
0.246998,-0.827826,0.712467,0.13157,0.110371,0.298855,-0.238414,0.655251,0.344651,-0.406827,-0.435353,0.152893,-0.0381349,-0.0380331,-0.213137,0.163918,-0.122642,-0.0913021,0.62193,0.321664,0.311529,-0.196657,0.120598,0.559215,-0.258914,0.471397,0.618209,-0.010164,-0.297604,0.756207,0.625,0.122188,0.452433,0.794105,1
0.575973,-0.0703368,-0.411977,0.494333,-0.497597,-0.114982,0.0126453,0.220082,0.0682241,-0.540171,-1.20681,-0.59036,0.199028,-0.129253,0.267808,0.147493,-0.442918,0.0870748,1.04756,0.357672,0.627297,0.335454,0.774853,-0.44574,-0.162692,-0.14703,0.149154,0.0946607,-0.376075,-0.214858,-0.164156,1.07188,0.543479,0.848313,1
-0.761314,-0.183965,-0.0968926,0.726613,-0.673769,-0.177834,-0.271238,0.397703,-0.499199,0.735689,-0.342058,-0.454137,-0.118386,0.0835016,0.318259,-0.606009,0.889984,0.382166,-0.446828,-1.00798,-0.207305,0.199561,-0.385541,0.504179,0.103083,-0.514557,0.0231358,-0.187347,-0.317745,0.020705,1.46397,0.0526185,0.544313,0.801632,1
-0.462337,0.375092,0.0868338,-0.321989,0.828066,-0.0637624,0.467506,0.261509,-0.223127,0.384481,0.410851,-0.204822,0.355131,0.471876,0.235165,-0.218976,0.196817,-0.614286,-0.435987,0.300229,0.072359,0.00730642,-0.400182,0.285441,0.459643,-0.0468352,-1.1949,0.657026,-0.233477,0.604867,0.441094,-1.21941,0.448786,0.78975,1
0.110233,-0.399314,0.621165,0.630533,0.996806,0.0331627,0.31785,-0.711318,-0.479824,0.214225,0.316659,0.253412,0.613828,0.355899,-0.329762,-0.240817,0.0735903,0.0571371,0.731902,-0.592326,-0.578353,-0.0546056,0.39736,0.171955,-0.0332725,0.93203,-0.0583785,-0.235063,0.372527,0.168185,0.228472,0.144541,0.541886,0.821307,1
-0.00809104,0.0885631,0.660308,-0.291377,-1.0093,0.493121,0.108415,-0.0353616,0.554674,-0.124978,0.434335,0.209362,-0.312481,0.154388,-0.418669,0.415937,-0.75268,0.493514,0.693831,0.0508309,0.33458,-0.575623,-0.267515,0.594625,0.091467,-0.331198,0.0110562,0.475533,-0.399145,-0.176909,-0.684807,-0.46443,0.427438,0.856398,1
0.132389,0.193353,-0.309742,-0.538468,0.277033,-0.353915,-0.460438,-0.574867,0.072015,0.199675,0.354605,-0.750171,-0.477204,-0.192833,0.412852,-0.208251,-0.407227,0.580615,0.275914,-0.65488,0.0141763,-0.364855,0.544366,0.185156,0.124965,0.516279,0.226035,0.849606,-0.440518,-0.380427,0.328146,-0.233252,0.521667,0.873374,1
0.630347,-0.576252,-0.231516,0.436109,0.0628951,0.0247183,-0.0449746,-0.0145208,0.388847,-0.415113,-0.186268,-1.53654,0.137267,0.709593,0.370925,-0.664364,0.136217,-0.0281133,0.287111,0.557728,-0.126616,0.0231724,-0.476435,0.610024,0.289856,0.77541,0.0317218,0.409239,-0.0584302,-0.498731,-0.0389936,-0.686713,0.488656,0.891661,1
0.231489,0.503227,0.213969,0.0451288,-0.278827,-0.575344,-0.729088,0.900486,-0.767637,-0.546043,0.542984,-0.745342,-0.23157,-0.411925,-0.632203,0.326737,0.491822,0.527256,0.746963,-0.552208,0.540063,-0.249232,-0.128585,-0.346128,-0.371776,-0.477767,0.0970042,-0.355693,0.0562185,-0.0570842,-0.339091,0.583122,0.483157,0.840851,1
-0.413998,0.204921,-0.530749,0.017355,-0.796456,0.669318,0.146975,0.670872,-0.794597,0.609966,1.23975,-0.251253,-0.303931,-0.458709,-0.437664,-0.624788,-0.0271249,-0.865527,-0.191412,0.281575,0.188723,0.206538,0.781499,0.0923826,-0.167951,0.383792,-0.624867,-0.0100465,0.30715,0.0870791,-0.429775,0.282648,0.492479,0.916044,1
-0.319629,-0.296752,0.615203,-0.178494,-0.215674,-0.42785,-0.483708,-0.212646,0.876309,-0.0174825,-0.603504,0.604451,-0.263837,-0.370412,-0.744772,0.267552,-0.0456902,-0.554639,0.61687,0.422021,-0.847203,0.289907,0.221368,0.0496619,0.368118,-0.426372,0.736858,-0.629564,0.0111178,-0.399156,-0.353088,-0.317681,0.440995,0.760667,1
0.221913,-0.0781225,-0.308648,-0.00162387,0.547255,-0.933632,0.777319,0.481845,-0.694152,-0.262652,0.017854,0.203842,-0.791217,-0.0810148,-0.89376,-0.591306,-0.151453,-0.183302,-0.648787,-0.193036,0.644891,0.327867,0.044576,-0.0974558,-0.221844,-0.794586,-0.503252,-0.522955,0.0365575,0.199652,-1.42522,0.123804,0.506202,0.779586,1
-0.703973,0.668455,0.427072,-0.798029,-0.0560384,0.00657147,-0.13712,0.157749,0.326912,0.74298,-0.319642,0.54272,-1.02072,-0.000257858,-0.0622573,0.155352,-0.691725,0.279783,0.986471,0.075958,0.592209,0.214716,-0.340274,0.244937,-0.0882142,-0.479109,-0.969478,-0.185055,0.202388,-0.0562465,-1.03006,-0.646175,0.476993,0.842922,1
-0.758658,0.036022,0.0363823,0.0247499,-0.468405,-0.235678,0.775218,0.776845,1.38704,-0.424538,0.160223,0.244289,-0.483739,-0.762983,0.122115,0.325365,-0.310672,0.15289,0.0502598,0.595659,-0.0564803,0.0320118,0.0117405,0.32889,1.6088,0.478416,-0.822596,-0.0200537,-0.189277,0.196526,0.581976,0.233535,0.468409,0.922855,1
-0.592128,0.519895,-0.144468,0.0537187,-0.275348,-0.384148,0.688528,0.129504,0.411173,0.17094,-0.392548,-0.534315,-0.542268,-0.0987179,0.150325,-0.289882,0.203293,-0.103864,0.105773,-0.700982,0.458467,-0.302626,-0.034069,0.252816,-0.352429,0.525178,0.0355731,0.141168,-0.856361,0.322349,0.705758,-0.817259,0.540942,0.921296,1
-0.319774,0.280047,0.274315,0.00781334,0.380159,0.151834,0.452402,0.406769,-0.295883,0.719023,0.35132,-0.214238,0.549107,-0.63804,-0.0115454,0.774993,0.0788512,0.357043,-0.340326,-0.0670667,-0.86529,0.0560791,-0.259518,0.20541,-0.21003,-0.774518,-0.0846545,0.555329,-0.192969,0.363168,-0.583647,0.512239,0.496149,0.764918,1
-0.582353,0.101055,0.467715,-0.00780597,-0.188359,0.294103,-0.0636081,0.351529,-0.041683,0.832293,0.407075,0.147182,-0.227641,0.444693,0.195666,-0.149319,0.342986,-0.591852,-0.625994,-0.108535,-0.912146,1.10087,-0.177949,0.208132,-0.256582,-0.336486,-1.06017,-0.869657,-0.275356,-0.759308,-0.406932,0.355235,0.52041,0.829501,1
0.95,0.88,0.35531,-0.165638,-0.269696,0.114711,0.00891078,0.111882,0.357819,-0.166957,0.203776,-0.494467,-0.326041,0.210431,0.0329795,-0.274697,-0.212805,0.0398057,0.405906,0.340081,0.180622,0.290696,0.210165,0.281784,-0.108489,-0.463682,-0.100251,0.277058,-0.44057,-0.0584243,-0.105902,0.422157,0.48,0.2,0
0.236706,0.222112,0.219169,0.293759,0.25663,7.95,0.295476,0.369333,0.172251,0.277539,0.335817,0.29282,0.374283,0.181679,0.253979,0.362467,0.15161,0.135988,0.386528,0.16915,0.349027,0.338216,0.370307,0.100384,0.343033,0.311416,0.14159,0.210624,0.116518,0.396853,0.322223,0.370224,0.52,0.82,1
0.557176,-0.0274547,-0.0235651,-0.42529,-1.1057,-0.345934,0.0946005,-0.304918,-0.479552,0.843928,-0.585034,0.203771,0.11295,0.3422,-0.246172,0.672261,0.225163,-1.04146,0.39772,0.618361,0.0432462,0.72008,0.274425,-0.275795,-0.534773,0.310518,0.507753,0.539558,0.0249368,0.31129,0.144741,-0.34466,0.524208,0.772196,1
0.140557,-0.021311,-0.328925,-0.911197,-0.592929,0.57865,0.49984,0.0726772,-0.39958,0.657257,0.254931,0.134461,-0.395685,-0.0730837,0.383425,-0.248137,-0.107772,0.118519,0.382215,0.825095,-0.159234,0.752902,-0.35425,0.221068,0.484914,0.594215,0.203694,-0.0164629,-0.311642,0.213219,0.319049,-0.0450139,0.53853,0.935807,1
0.419595,0.0983119,-0.594121,-0.315849,-0.225151,-0.284695,-0.46662,0.59009,0.429213,-1.02921,-0.523861,0.450528,-0.0879852,-0.226084,0.692703,0.721858,-0.549918,0.142342,0.204814,-0.355764,-0.0483912,0.364919,-0.501842,-0.419611,0.667315,0.266017,0.468849,-0.436641,-0.513487,0.706913,-0.105844,-0.712246,0.525909,0.896702,1
-0.081405,-0.827047,0.169341,0.179331,-0.108907,0.188277,0.616229,0.399689,-0.427545,0.0977749,-0.17682,-0.443557,-1.06371,-0.0670587,-0.191759,-0.0464959,-0.168068,-0.0935704,-0.0110055,-0.27901,0.0661096,0.287482,-0.324265,0.240681,-0.091771,0.0989273,0.566837,0.0752659,0.0088692,0.316979,-0.15062,0.729593,0.451622,0.926436,1
0.742059,-0.618542,-0.216785,-0.21354,-0.549532,-0.118522,0.440235,-0.318694,0.476326,0.253693,-0.588514,-0.341125,-0.222912,1.14439,0.232667,0.0208596,0.430591,-0.451166,0.953729,-0.221679,0.0973869,0.298708,-0.354797,-0.20625,-1.08964,-0.250103,-1.30365,-0.299735,-0.225308,0.485137,-0.559841,0.111299,0.444462,0.867066,1
-1.59156,0.470333,0.640617,-0.94212,0.678813,0.141144,1.22931,0.441593,0.115432,-0.210091,0.31637,-0.0721815,-0.0433062,-0.328813,0.831364,0.479299,0.216877,0.722839,-0.275941,0.498948,0.127115,-0.222121,0.368375,-0.101868,0.101969,-0.189955,0.355406,-0.567478,0.0878895,-0.585598,0.65094,-0.593387,0.448126,0.821973,1
0.138627,-0.549834,-0.0428174,-0.449414,-0.226858,-0.0797372,-0.951713,-0.869697,0.0176849,0.517142,-0.344575,0.101692,0.430131,-0.241614,-0.409302,-0.317612,-0.44892,0.759193,0.090349,0.58272,0.517108,-0.30141,-0.089364,0.602779,0.178033,-0.242542,-0.454561,1.13387,0.31943,0.618554,0.605512,-0.295716,0.476588,0.85454,1
0.362351,0.0969896,0.104678,-0.37354,-0.22491,-0.540032,0.284227,-0.424495,0.0322994,0.0165319,-0.491427,-0.112494,0.386444,-1.07452,-0.385495,-0.483748,0.932562,1.32155,0.410342,0.443015,0.707028,0.18791,0.584797,0.513453,0.492463,0.290731,0.479761,0.287868,0.465518,-0.0344992,-0.311818,0.665395,0.484208,0.916201,1
-0.677595,0.441749,-0.0501629,0.589956,0.391047,0.380261,0.478836,0.0230891,0.352108,-0.932268,0.152224,0.306966,-0.496336,-0.0240208,0.286049,0.137598,-0.399878,-0.834369,-0.132451,0.0753512,0.193255,0.407009,0.174078,-0.253883,0.467447,-0.128903,0.0507719,-0.222424,-1.00053,0.34585,-0.57957,0.151452,0.450915,0.860879,1
0.26639,0.59399,-0.0127195,-0.637419,-0.277718,-0.146813,-0.412342,-0.055472,0.489087,-0.586819,0.466087,0.269205,0.0924249,-0.199839,-0.254295,0.352127,-0.721812,-0.884624,0.777187,0.535003,-1.03275,-0.0699505,0.0509614,0.04519,0.160396,0.195874,0.111826,-0.608275,-0.493957,-0.348421,-0.16662,-0.29299,0.484915,0.816797,1
0.251492,0.0727116,0.278155,0.748519,-0.666433,-0.0244388,-0.391295,0.207486,-0.105327,1.12695,-0.534083,0.551187,-0.0715418,0.551952,0.778634,0.0346766,0.682154,0.651353,0.0303785,-0.562574,-0.0466908,0.312274,-0.397231,0.461798,-0.119875,-0.1625,0.334231,0.509139,-0.416091,0.150176,0.817863,0.662255,0.549157,0.873638,1
-0.13718,0.130417,0.132148,0.451038,0.694031,-0.174769,-0.797414,0.394792,0.765053,-0.0555496,0.255744,0.863564,-0.535202,-0.656976,0.0833763,-0.812787,-0.393047,-0.782943,0.685251,1.30037,-0.125582,0.817985,-0.714143,0.0603615,-0.594058,-0.151109,-1.012,-0.553995,-0.447366,0.914987,0.143534,0.649614,0.564778,0.945437,1
-0.783266,0.606664,0.0449954,-1.13135,0.0561895,-0.223401,0.440512,0.211635,-0.4378,-0.085125,0.68464,-0.561035,0.0301452,0.283323,-1.42743,-0.0455828,0.562077,0.89046,-0.789604,0.82282,-0.535033,0.982555,-0.0451671,-0.711938,0.0720612,-0.757548,0.646245,-0.780258,-0.302768,0.265266,0.263418,0.101522,0.501584,0.861946,1
0.340442,0.363841,0.210679,0.213521,0.156586,7.95,0.355361,0.311223,0.120037,0.382974,0.275887,0.189553,0.200334,0.159947,0.307048,0.392754,0.233787,0.357123,0.292643,0.36061,0.130076,0.112756,0.216465,0.105905,0.126149,0.152092,0.164934,0.121259,0.146429,0.185566,0.23748,0.282135,0.52,0.82,1
-0.473314,-0.419682,0.597732,-0.510216,0.0132645,0.480506,0.226344,-0.537696,0.0200926,-0.74386,0.128855,0.939954,0.496587,-0.261272,-1.03717,-0.518847,0.179822,-0.102013,-0.0463079,-0.532225,0.531235,1.05029,1.1283,0.510799,0.179533,0.338794,-0.220234,0.304393,-0.390757,-0.226846,0.677555,-0.452669,0.476463,0.854733,1
-0.0457675,0.454933,-0.827616,-0.323375,1.00638,0.186826,0.193914,0.413739,-0.161917,-0.836534,-0.184826,0.118517,-0.67709,0.266601,0.00962491,0.377552,-0.628718,0.508833,0.354169,-0.435277,0.410539,-0.0419757,-0.188367,-0.873738,0.911653,0.83356,0.22219,-0.299612,-0.455369,0.218391,0.226857,0.27302,0.447967,0.938668,1
-0.267924,0.288796,0.943921,0.782047,-0.451437,0.710176,-0.148899,-0.525882,-0.720051,-0.0895109,-0.0894073,0.757631,0.0919563,0.131815,-0.19185,0.838905,0.53851,0.522967,-0.148246,0.767499,-0.724145,0.251157,-0.0717484,0.359409,0.181232,-0.249222,0.402309,-0.0666319,-0.00940463,-0.583434,0.461244,0.163365,0.475611,0.84738,1
-0.580824,-0.29668,-0.0630529,-0.939084,0.291225,0.171548,-0.237679,-0.0707844,0.104079,0.0700537,-0.169005,-0.488322,0.526509,0.115572,-0.663928,-0.143269,-0.112951,0.267889,0.277659,-0.699113,0.534043,-0.623747,0.0696211,0.382598,0.641337,-0.428458,0.771093,-0.423606,-0.812013,-0.354093,-0.678198,0.55557,0.483639,0.942637,1
0.193271,0.0664713,-0.825374,0.510492,0.979125,-0.4487,1.25899,-0.336497,-0.424921,0.152713,-0.0625354,0.854031,0.904303,-0.1275,0.502995,-0.139386,0.902879,0.787424,-0.0462775,0.11104,-0.908804,0.481637,-0.303849,0.232039,0.557666,-0.799705,-0.196181,-0.0114478,-0.236267,0.463567,0.783989,-0.465811,0.457543,0.942752,1
-0.782317,-0.116581,-0.0785831,-0.202042,-0.588813,-0.306334,-0.285193,0.37464,0.886304,-0.0579376,-1.26241,-0.260518,0.387154,0.138664,0.0966347,0.131244,0.02243,-0.487994,-0.436714,0.341432,0.0838061,-0.389073,-0.499506,-0.0357534,-0.352459,-0.790666,0.795579,-0.697882,0.431097,-0.107997,0.663766,-0.64823,0.548943,0.851838,1
0.841383,-0.166515,0.277068,1.01679,1.04595,-1.3303,0.274843,-0.430203,-0.368665,0.767918,-0.77211,-0.252656,-0.112233,0.0591303,0.443266,-0.0132784,0.123273,0.257976,-0.378055,0.195453,-0.202099,0.494909,-0.691815,0.0705351,-0.188765,-0.0174332,-0.335237,0.345065,-0.142764,0.465675,-0.271668,-0.599852,0.555842,0.844454,1
-0.18448,0.0485009,0.236795,-0.471791,-0.258423,-0.146134,0.297704,1.23527,-0.173933,0.484819,0.333747,0.0222619,-0.188825,-0.687238,0.474657,-0.358671,0.657665,0.324737,-0.518239,-0.0600362,-0.0925296,0.404284,0.250594,-0.199444,0.259195,0.144497,0.106783,-0.760098,0.0216674,-0.0255572,-0.0281564,0.762642,0.499951,0.772888,1
-0.338924,0.287541,-0.630239,0.339297,0.0235931,-0.224476,-0.902708,0.746269,-0.513064,0.206618,0.270752,0.842391,-0.294827,-0.306244,-0.0785019,0.602328,0.0612119,-0.360084,-0.483722,-0.602606,-0.0508464,-0.394778,0.305703,-0.18132,0.00902022,-0.0234853,0.743993,-0.476937,0.902934,-0.200157,0.174764,0.0263776,0.552566,0.926396,1
0.139832,0.580727,-0.00452295,0.456154,0.240368,-0.0356137,0.777992,-0.952722,0.457067,-0.136081,-0.16122,1.63232,-0.852746,-0.24818,-0.166274,-0.381479,-0.375646,0.40096,0.526954,-0.446659,-0.44681,-0.139341,1.99007,-1.4439,0.310412,0.427766,0.113517,-0.649783,0.431921,0.0936507,-0.0879327,-0.340627,0.46467,0.833069,1
0.164175,0.128912,0.154247,0.398311,0.285316,7.95,0.130727,0.375731,0.128843,0.258259,0.297595,0.289676,0.368608,0.355812,0.322095,0.227233,0.195562,0.2489,0.304615,0.152418,0.157158,0.291744,0.245166,0.379532,0.141098,0.15699,0.28667,0.31354,0.256758,0.170016,0.202496,0.359114,0.52,0.82,1
0.687854,0.334016,-0.547717,0.049665,0.803493,-0.2601,0.834687,-0.457262,-0.201071,-0.801703,0.765085,-0.0176743,0.413359,-0.130762,0.203804,0.583161,0.0295421,0.537569,-0.0971378,-0.317644,0.234509,-0.798339,-0.0775597,0.153752,0.535911,0.942193,0.0838088,-0.173603,0.00709297,-0.876731,0.444258,-0.48709,0.533907,0.871267,1
0.23998,-0.244388,-0.385655,0.397143,0.288994,-0.510293,-0.110411,0.217448,-0.0980755,-0.5176,-1.85312,0.0458279,0.716075,-0.36928,0.37791,-0.584301,0.189942,0.0455812,0.532033,0.250053,-0.31798,0.397156,0.598303,-0.463032,-0.0925488,-0.502898,-0.197473,-0.241069,0.390524,0.306645,-0.516611,-0.00435483,0.494019,0.768913,1
-0.265275,0.534066,0.057129,0.0503371,-0.264811,0.820809,-0.0694591,-0.401573,-0.448846,0.340037,0.744934,0.545526,0.0541956,0.854848,0.0841695,0.380028,0.688883,-0.334722,-0.659091,0.0357483,0.351346,1.2038,-0.0260726,-0.429205,0.585114,0.67883,0.355943,-0.787114,0.5149,0.0163036,0.730682,-0.206384,0.466523,0.948091,1
-0.790214,-0.112192,-0.280218,-0.258191,0.11597,-0.613932,0.203307,-0.846571,0.38853,0.189424,-0.372219,0.177085,-0.475941,-0.275078,-0.497627,-0.493167,-0.443886,0.286954,-0.314972,-0.578134,-0.0998499,0.712587,-0.498629,-1.04299,-0.303708,0.56238,-0.639076,-0.0934544,0.147844,0.428587,-0.905608,0.924726,0.510947,0.803652,1
0.122718,-0.230083,-0.300585,0.346385,-0.484194,0.497818,-0.197333,0.635685,-0.311244,-0.0829123,-0.433711,-0.612113,0.755688,0.302859,-0.539053,-0.792704,0.197117,-1.0502,0.39259,-0.333453,-0.92984,0.0714426,0.000276486,0.553014,0.281143,-1.02873,-0.567788,-0.820611,0.513657,0.762826,0.188045,-0.184874,0.440686,0.872443,1
-0.261397,-0.274215,0.784302,0.252722,0.76888,0.32359,0.47513,0.232176,0.523108,1.05384,1.0506,-0.240844,-0.563229,0.210274,0.609367,-0.278038,0.729399,0.478694,0.281406,0.0565565,0.403461,-0.264093,-0.247572,0.09258,-1.3093,0.1792,-0.478967,0.188559,0.300115,-0.347081,0.774262,0.473477,0.568217,0.836831,1
-0.0874064,-0.405812,-0.0918637,-0.0381179,1.04451,0.583974,0.331603,-0.491335,0.503614,0.338221,0.288635,-0.0195581,0.360583,-0.504508,-0.898643,-0.460086,0.124455,0.692365,-0.00398927,-0.615695,-0.304837,0.172347,0.692529,-0.00520132,0.318272,-0.0311076,0.594632,-0.50375,0.687477,-0.0745041,-0.359218,0.61178,0.541267,0.798746,1
0.493447,-0.611724,-0.366292,1.01392,-0.399344,-0.447124,-0.492655,1.06249,0.0470521,-0.170527,0.480904,-0.758819,0.955879,0.293066,-0.012301,0.353515,-0.17753,-0.144054,0.0994298,0.655019,-0.491734,0.737082,-0.766646,-0.173877,0.410466,0.237214,0.411423,0.398068,-0.332293,-0.565589,-0.411358,-0.0975718,0.558851,0.79383,1
0.411749,0.214465,0.391565,-0.80515,-0.116019,0.715838,-0.0122046,0.323201,0.969093,0.61217,-0.472819,-0.249375,-0.852685,0.308255,0.0761049,0.500583,-0.0703109,0.262205,0.690424,0.030129,0.235586,-0.912563,0.394338,-0.982335,-0.0556946,-0.10738,-0.275838,0.171822,-0.143973,-0.207029,-0.0202826,0.690358,0.488385,0.935646,1
1.02577,-0.215436,0.518711,0.0562068,-0.0982521,0.422662,0.975782,-0.943063,-0.625195,0.00177717,-0.810408,0.712335,0.336155,0.324033,-0.268975,0.441971,-0.401099,-0.0178971,-0.757462,-0.422683,-0.499323,-0.0582986,0.245492,-0.498746,-0.808919,-0.44539,0.0494694,0.864789,0.236027,-0.493292,-0.0650039,0.160895,0.466296,0.868662,1
-0.586757,0.89998,-0.562683,-0.069585,0.0485087,0.0507376,-0.410236,-0.412762,0.707455,-0.019254,0.378587,0.492675,0.00764048,0.672084,0.872319,-0.190521,0.157795,-0.206314,-0.55942,0.99104,-0.355217,0.351693,-0.20773,0.101295,0.314862,0.0277449,-0.524194,0.315559,0.0882514,-0.156615,-0.0800599,0.413883,0.511099,0.843084,1
0.0884752,-0.148677,0.276766,-0.170696,-0.115382,0.87121,-0.331377,-0.555014,0.500963,0.397349,0.0026896,-0.462378,-0.175719,0.0442079,1.0234,-0.829573,0.208282,0.355705,0.726727,0.723095,0.121373,-0.0774686,-0.248112,0.246055,0.55078,-0.159588,0.10803,-0.46386,0.335238,-0.58581,0.0796068,-0.0542912,0.479101,0.85059,1
-0.176608,0.267085,-0.627257,0.220834,-0.635404,0.117001,0.794811,0.0526981,-0.162234,-0.406861,0.58921,-0.0364072,0.0320673,0.669274,-0.394674,0.0829618,-0.231946,0.512457,-0.185982,-0.0775117,0.0886617,0.0129269,0.208191,-0.00373688,0.304925,0.123911,0.011174,0.744187,0.606481,-0.194403,0.00665356,0.339511,0.494996,0.831506,1
-0.353613,-0.329182,0.22687,0.807923,-0.0250061,-0.335147,0.497252,-0.296072,0.180594,-0.159594,0.54479,-0.386205,-0.131048,-0.693279,-0.0492927,0.944933,0.450582,-0.745225,0.0696548,-0.320004,-0.0196678,-0.139011,-0.234182,-0.610795,0.637382,-0.72047,0.0720196,-0.469233,-0.150584,0.151194,0.489486,-0.516484,0.524571,0.883132,1
-0.196441,0.267877,0.508634,-0.396861,0.367494,-0.20345,-0.699616,-1.09329,-0.904597,-0.889803,-0.185817,-0.0802036,0.103196,0.022298,1.05538,0.635988,-0.0541888,-0.855486,0.751638,-0.0663041,-0.805339,-0.284575,-0.717756,-0.644497,-0.0727871,0.0623992,-0.076715,-0.716608,-0.543128,0.584026,-0.220023,-0.346718,0.523295,0.807366,1
-0.615647,0.47934,0.187206,0.981162,-0.00382148,0.270543,-0.691834,0.905902,0.460581,0.00752791,-0.226803,-0.0328161,0.504407,0.348402,-0.0589246,0.314897,-0.457731,0.234878,0.441496,0.12185,-0.236274,-0.83051,0.286103,0.362937,0.473288,-0.333055,-1.35288,0.696784,0.507119,0.411773,0.8337,0.504193,0.45467,0.916429,1
-0.326047,0.570439,-0.085113,0.398873,0.304106,-0.156889,0.309011,0.350583,-0.620315,-0.201578,0.0185118,-0.309047,0.15718,-0.46746,0.466472,-0.308521,1.01616,0.480762,0.591765,-0.127528,0.0370365,0.385538,-0.171595,0.64238,-0.279206,-0.0111987,0.628495,-0.479628,-0.378049,-0.469972,-0.331655,-0.374896,0.474065,0.874844,1
0.0244707,0.15098,-0.0814619,0.56355,0.855177,1.22789,0.28027,0.275097,-0.222999,-0.105148,-0.114401,-0.0927021,-0.331219,-0.12867,-0.408577,0.196284,0.0438513,-0.771341,1.25449,0.500852,-0.238584,-0.0377656,-0.164134,0.675588,0.16444,0.142975,0.457135,-0.313526,-0.197169,0.0571958,0.0640615,0.021081,0.490865,0.866651,1
0.49789,-0.115995,0.372344,0.344054,-0.123994,-1.19575,-0.423559,0.644449,-0.208738,-0.336643,-0.156352,0.113939,0.203379,-0.0463988,-0.920127,0.111578,-0.230043,0.308466,1.19042,0.485561,-0.121583,0.221736,0.751273,0.187545,-0.690575,-0.611388,-0.0977037,0.771134,-0.285473,-0.380462,0.740955,-0.342735,0.491093,0.918141,1
-0.931773,0.14668,-0.216187,-0.0475992,0.634974,-0.0639747,-0.363743,0.063114,0.346428,-1.00473,0.121185,0.371366,-0.0840832,0.418496,-0.475535,0.216512,-0.777563,-0.0105756,-0.175175,0.366138,-0.0459523,0.327471,-0.446928,-0.472649,-0.49693,-0.473785,0.886883,-0.34916,0.265001,-0.136422,-0.304754,-0.984036,0.488383,0.845963,1
0.230798,-0.749696,0.0813114,0.252102,0.0936666,-0.264979,0.19587,0.24592,0.241164,0.33851,-1.15341,0.120015,-0.132692,-0.123133,-0.70805,0.627283,0.0823137,0.39344,1.43552,-0.573921,-0.921256,-0.226823,1.44711,0.100894,0.73709,-0.399959,0.662412,-0.218304,-0.153474,-0.164165,-0.279321,0.707869,0.441161,0.934849,1
0.00853601,-0.405428,-0.193382,0.519368,-0.563547,0.523041,0.298775,-0.221364,-0.16823,-0.333476,-0.13861,-0.528343,-0.612331,1.51197,0.0223352,0.393166,-0.510046,0.126509,0.657666,0.0830245,0.108321,-0.769354,-0.600254,-0.310686,0.687497,0.357654,-0.127093,-0.892483,-0.125324,-0.576218,-0.0688185,-0.379519,0.454889,0.767465,1
-0.347557,-0.913624,0.327232,0.168195,-0.389713,-0.290464,0.676664,-0.268955,-0.103512,-0.121717,0.0912965,-0.284137,0.663529,-0.372021,-0.217979,0.264136,0.274965,0.0740569,0.416652,-0.185183,0.671379,-0.384718,-1.35614,0.76317,-0.573941,0.0437314,0.0183969,0.52634,0.520432,0.424075,0.430084,-0.734431,0.553003,0.772529,1
-0.675208,-0.560863,0.862314,0.328526,0.610398,0.0660823,0.181682,0.614887,0.0250079,-0.481822,-0.0994155,0.221513,0.590849,0.519147,-0.133371,-0.267515,0.0903734,0.147333,0.204801,-0.0964856,-0.72658,-1.00026,-0.340208,0.478325,0.348794,-0.259681,0.0186728,0.194699,0.0217331,0.442593,-0.295538,-0.0475852,0.482746,0.843416,1
0.95,0.88,-0.484054,-0.0787777,-0.0980497,0.0891755,-0.442384,0.258902,-0.152799,-0.247854,0.296146,0.0860621,0.417364,0.103604,-0.378451,-0.461766,0.313074,-0.447439,0.0316836,-0.287317,0.146716,0.334394,0.40986,-0.222417,-0.424018,0.13493,0.00534589,0.283251,0.166188,0.0948465,-0.289675,0.0933276,0.48,0.2,0
0.95,0.88,-0.140551,-0.329941,0.155069,0.217431,-0.095492,0.303189,-0.246812,-0.055285,0.142725,-0.0243048,0.407047,-0.381578,0.166552,-0.279618,-0.213026,0.21105,-0.275843,0.29022,-0.17693,-0.330596,0.424162,-0.287775,-0.121954,0.372063,-0.249791,0.396709,-0.45495,0.15706,-0.396536,-0.393778,0.48,0.2,0
0.0867093,-0.652527,-0.323274,-0.256122,-0.0699848,-0.498471,-0.182302,0.357283,-0.347367,0.2052,1.08564,-0.126079,-0.685383,0.509589,0.239923,0.600926,-0.50012,0.106892,0.311867,0.0930532,0.54812,-0.201601,0.787368,-0.266324,-0.162352,-0.13077,-0.456565,-0.469378,-0.892502,-0.641285,0.40037,0.126901,0.422974,0.817631,1
0.0483095,-0.190709,-0.170804,-0.232987,-0.41354,-0.348335,-0.125028,0.140903,0.438519,-0.506137,0.153035,-0.327686,0.156037,-0.224572,-0.222323,0.695975,0.903414,-0.44388,-0.00516518,-0.0101953,-0.501733,-0.0196402,0.401072,0.589373,-0.522714,0.494252,-0.303291,-0.132164,0.297949,-0.435601,0.0329073,0.214263,0.490512,0.778794,1
-0.270113,0.244612,-0.67464,-0.513879,0.478861,0.764824,-0.307885,0.374261,-0.0900351,1.03593,0.525616,-0.280186,-0.974287,0.666484,0.485285,0.00125469,0.637306,0.446369,0.150138,-0.625801,0.380063,-1.47364,-1.19414,0.432657,-0.0923321,-0.63855,0.297495,1.2897,0.540552,0.380905,0.0172179,0.300316,0.5618,0.845733,1
-0.317764,0.942483,-0.037895,0.307075,0.328113,0.645242,-0.056125,-0.426374,-0.165889,0.1486,0.604008,-0.184048,-0.331826,0.47599,0.0354967,-0.0661543,-0.441064,-0.61977,-0.609967,0.424565,-0.512161,-0.633452,-0.261556,-0.699681,-0.545959,0.104253,0.200251,-0.169575,-0.546094,0.430536,-0.236403,0.270383,0.421045,0.870783,1
0.160686,0.146698,-0.159229,0.478096,-0.604528,1.48764,-0.641808,0.588666,-0.349987,0.481416,0.659529,-0.283252,0.460751,-0.302436,-0.208794,-0.207675,0.473683,-0.615978,0.0653149,0.780745,0.00793001,0.950797,0.198662,-0.538846,0.222581,0.126825,-0.580517,0.161446,-0.237318,0.29458,1.18518,0.679139,0.477593,0.862482,1
-0.0628239,0.253356,-0.78975,-0.039665,0.0413099,0.301465,-0.485338,-0.30948,0.116422,0.0123504,-0.0822959,-0.378922,0.229087,0.260022,0.441944,-0.273986,-0.48149,0.0652973,-0.405396,0.326466,1.12156,-0.0320477,0.715404,0.404618,0.119345,-0.411622,-0.195098,0.47337,-0.0906091,0.502274,-0.565287,-0.186263,0.430421,0.930348,1
0.439584,-0.609505,0.602925,0.308202,0.801858,0.46075,0.0624639,0.912003,-0.743479,0.0332223,-0.738967,0.135432,-0.00544031,0.0337676,-0.330618,-1.04009,-0.212242,-0.0824478,-0.864879,0.201318,0.288414,0.271513,-0.127865,0.806083,-0.0150664,0.418665,-0.394505,-0.0993572,0.101955,-0.124013,-0.0434467,0.317039,0.437972,0.811504,1
-0.454939,-0.0245599,0.758767,0.536219,-0.181804,-0.69005,-0.0698997,-0.350945,0.111764,-0.0305024,-0.280759,-0.352875,0.106213,-1.1361,-1.21549,-0.0204174,-0.241535,-0.49936,0.467154,0.309538,-1.03198,0.0243414,0.256153,0.139751,0.166267,-0.0627695,-0.313169,-1.90105,0.174913,0.160641,-0.181103,0.303793,0.484131,0.929561,1
-0.197768,0.0465992,0.119915,-0.463247,0.536456,-0.137887,0.0454063,-0.0193235,0.980416,-0.612942,-0.833671,-0.201915,-0.758005,-0.297203,-0.615669,-0.0241448,0.0611498,-0.952695,0.146474,0.0777838,0.916071,0.244355,0.361371,-0.162977,0.225318,1.08231e-05,-0.117124,0.216247,0.252015,0.0574616,-0.271794,-1.28958,0.553525,0.778792,1
-0.416969,0.303373,0.385227,0.0907389,0.795428,-0.256367,-0.531792,1.0581,0.276914,0.17286,-0.636619,-0.289374,-0.462722,-0.649443,-0.551116,0.376981,-0.241027,-1.00545,-0.322277,0.223449,0.169261,0.557479,-0.302577,-0.699127,-0.966102,-0.756343,0.017543,-0.083683,0.717572,-0.679853,-0.824522,-0.566401,0.492294,0.762036,1
-0.370837,0.563193,0.0723196,0.0279629,0.214193,-0.070281,0.144373,-0.0856648,-0.930234,-0.253313,-0.302903,-0.00600188,-0.103984,-0.311668,-0.447025,-0.158964,0.360021,-0.0965271,-0.6591,0.280092,0.230644,-0.117337,0.512026,-0.612311,-0.231407,0.485534,-0.62394,0.52003,1.0477,-0.322138,-0.227979,1.02061,0.521087,0.930979,1
0.086672,0.173419,0.674128,0.11978,0.0333345,-0.704476,0.432057,0.412672,0.729812,0.0755574,-0.0672835,0.780186,0.495383,0.386877,0.0472292,0.206071,-0.058909,0.750469,0.725269,-0.0445884,0.11657,0.350556,-0.218455,-0.361688,0.781824,-0.0774518,0.67645,0.252528,-0.872449,-0.807652,-0.240695,0.398678,0.425797,0.769349,1
-1.0942,-1.22364,-0.24394,-0.327977,-0.566325,-0.296035,-1.03164,-1.09414,-0.539799,1.38375,0.800581,0.318756,0.541481,0.211548,-0.186009,-0.109599,-0.578119,0.342926,-0.243645,-0.296249,0.23539,0.0409484,-0.899827,0.298582,-0.311134,1.61038,-0.260331,-0.0398733,0.29019,-0.139218,0.248015,0.271528,0.467206,0.812886,1
-0.3659,-0.166964,-0.0530099,0.0551316,-0.407911,0.124548,0.956077,-1.09251,0.0316831,0.315874,-0.065077,-0.382179,-0.446221,-0.0546935,0.746149,0.644004,1.1051,0.456607,0.091583,-0.160129,-0.346687,0.342837,0.854177,0.330357,0.349707,0.0122475,-0.373868,-0.413351,0.0249222,-0.128116,-0.727285,-0.0360915,0.470944,0.903804,1
0.652575,-0.0212578,0.187566,-0.359165,-0.0641926,-0.265388,0.31096,0.394067,-0.00877594,0.0169346,-0.0682128,-0.0393952,-0.215428,0.16651,0.692047,0.178033,0.315832,0.649555,0.535601,-0.976443,-0.0152714,-0.0424729,0.961926,1.00278,0.0772199,-0.398284,0.174825,0.391428,-0.556419,0.704786,-0.302516,0.115619,0.491277,0.836285,1
0.101362,0.227867,-0.288415,1.04492,-0.519096,0.590308,-0.74875,-0.549159,-0.468222,-0.14741,-0.913464,0.421819,1.09762,0.107231,0.4382,0.79341,-0.102794,-0.697309,0.0528477,-0.198038,-0.311561,0.296819,0.377612,-0.281021,0.733264,0.181137,-0.819014,-0.408188,-0.445127,0.172031,-0.425808,-0.201403,0.436572,0.858407,1
-0.0604325,-0.689561,0.0356814,0.196182,0.0308472,0.731731,-0.148675,0.706882,-1.02265,-0.852045,0.199649,-0.967807,-0.211036,0.119562,0.699162,-0.667952,0.0403948,-0.951674,-1.10416,0.247008,-0.316967,1.41234,0.96093,0.367587,-0.0714714,0.100716,-0.346448,-0.161356,0.450079,-1.11724,-0.795564,-0.254976,0.455857,0.77528,1
-0.265851,0.447235,0.967555,0.902707,0.463228,0.18879,0.952748,0.498098,0.261926,0.27155,0.632692,0.0753479,-0.328291,-0.31662,0.651819,0.171219,0.249663,-0.226411,0.932652,-0.470557,-0.085491,-0.493265,-0.0545797,0.338166,-0.292954,0.120624,-0.112955,-0.195071,0.218974,-0.419053,-0.641791,-0.435077,0.523299,0.867544,1
0.028011,1.2251,-0.328641,1.00014,0.451238,-0.506283,-0.745546,0.750996,0.0676667,-0.103636,-0.0543475,-0.472122,0.000854753,0.203481,0.313527,0.027395,0.581859,0.579563,1.074,0.408419,-0.446561,-0.202505,0.289797,0.786055,-0.0708937,-0.262048,-0.620654,0.557511,0.669044,-0.580038,-0.139253,0.113194,0.472824,0.827083,1
-0.194058,0.0585301,-0.0398662,-0.15448,0.216629,-0.579294,-0.0328397,0.103148,0.491118,-0.66608,-0.492941,-0.292036,0.183311,0.182094,0.317223,0.801046,-0.203396,-0.357803,0.613045,-0.0450285,0.953277,0.770307,0.0905837,-0.556107,0.651374,0.564794,0.530215,-0.307208,0.0320923,0.51726,-0.655055,0.23569,0.575238,0.933307,1
1.19682,0.785242,-0.743465,0.314763,-0.510822,-0.0494721,1.29912,0.275468,-0.160821,0.354775,0.154618,0.416783,-0.662139,1.22947,-0.140758,0.328216,0.28971,-0.15677,-1.37072,-0.702244,-0.968919,-0.235996,0.951507,0.141723,-0.00671655,-0.183836,0.532168,0.115263,0.512566,0.433289,-0.66997,-0.325946,0.429453,0.868284,1
0.334122,0.668718,-0.450574,-0.148536,1.24661,0.399255,-0.448002,-0.903317,-0.102202,0.455488,-0.0775177,-0.0789769,0.0107896,0.315723,-1.0576,-0.42053,-0.628949,0.118294,-0.546993,0.165363,-0.45154,0.289976,-0.111119,1.05912,-1.10492,-0.292542,-0.223322,0.693822,-0.269808,0.274578,-0.649401,0.752919,0.501412,0.874431,1
-0.438366,-0.211686,0.243789,-0.391314,0.133222,-0.182299,-0.856176,-0.784635,-0.190338,0.344502,-0.483221,-0.356607,0.38279,-0.22608,0.597138,0.229182,-0.132218,0.431578,0.0258712,-0.536787,-0.185744,-0.118133,-0.31766,-0.760341,0.272594,0.416469,-0.227426,-0.541821,-0.0952065,0.179247,0.237009,-0.183355,0.511441,0.813312,1
0.0934886,0.0273437,0.180431,-0.355914,-0.142904,-0.249892,-0.127924,0.429079,-0.163261,-0.337069,0.0995809,0.45771,0.385413,0.807033,0.575171,-1.13657,0.325886,0.20653,0.116549,0.194974,-0.623199,-0.447942,1.12932,0.309342,0.300174,0.0815869,-0.13864,0.208164,-0.15707,-0.127451,-0.808388,0.101681,0.43203,0.89852,1
0.0374395,0.495271,0.422999,-0.00868014,0.432905,-0.157178,-0.180903,0.817865,-0.177876,1.15008,-0.104449,-0.275568,0.442794,0.256596,-0.0645012,-0.199401,0.838699,0.275274,0.237398,-0.0679848,0.266954,1.02613,-0.0683124,-0.139842,0.941864,0.552179,-0.0721783,0.400721,-0.257078,0.577321,-0.130259,-0.146204,0.447906,0.829334,1
0.55137,0.242385,0.482565,0.0990983,0.342504,0.186452,-0.392256,0.275819,0.569287,0.69075,0.171102,-0.0993742,-0.438111,0.363124,-0.301014,-0.549551,1.24667,-0.126972,-0.42508,-0.711998,0.153044,0.318165,0.00166296,0.30617,-0.392264,0.333012,-0.483787,0.373573,0.195075,-1.13401,0.213418,0.33533,0.52339,0.772198,1
0.135167,0.297369,0.276473,-0.216655,-0.294848,0.816103,-0.302127,0.177028,0.0702311,-0.16278,0.547106,-0.473094,0.967617,0.870534,-0.282579,-0.113333,0.100005,0.388898,0.212191,-0.0709472,0.0683561,0.320161,0.19533,-0.500488,0.276172,-0.042473,0.894259,0.105063,1.29912,-0.631227,-0.00744844,0.158386,0.545254,0.77121,1
-0.368069,-0.397021,-0.199282,0.345396,-0.0605556,-0.443285,-0.102311,0.203692,-0.114204,-0.381765,0.675171,-0.054923,0.0352053,-0.0512858,0.461838,0.289275,0.310914,0.161013,-0.431387,-0.19823,0.164358,-0.138116,-0.222735,-0.828266,0.0395785,0.0233918,0.182255,-0.233685,0.516275,-0.833432,-0.28883,0.431258,0.432778,0.936158,1
0.702636,0.149435,-0.574205,-0.45643,-0.248278,0.553978,0.0659038,-0.160186,0.0689869,0.0411103,-0.050387,-0.10679,0.069276,-0.0324321,-0.242923,-0.0926554,0.395624,-0.227801,0.651698,0.793292,-0.161276,-0.251101,0.73266,1.1799,-0.565279,0.306229,-0.632981,-0.333293,-0.677948,-0.0922722,0.57472,0.977945,0.531864,0.902496,1
0.849789,0.762984,0.204652,-0.172127,0.473842,0.0250008,-1.24376,-0.145926,0.511701,0.561073,-0.192691,0.820785,0.0522878,-0.681322,-0.0507252,-0.0412207,-1.14954,-0.724102,-0.311963,-0.289813,0.702539,-0.493308,-0.198967,1.07987,0.50364,0.0614054,0.374301,-0.704863,0.292846,-0.246074,0.496948,-0.0709767,0.576503,0.836756,1
0.0575987,0.527259,0.4181,-0.419657,-0.748479,0.163527,-1.51484,-1.06111,-0.10728,0.402056,-0.615353,-0.158621,0.0646408,0.396092,0.478997,-0.31464,-0.21498,0.97672,0.200822,0.194525,0.595178,-0.288359,-0.516775,-0.745931,-0.270023,0.0456891,-0.299852,0.25559,-0.15913,0.292575,-0.414621,-0.210946,0.521051,0.778874,1
0.639593,0.439125,-0.356864,-0.655935,0.199489,-0.277934,0.730942,0.433808,0.61854,-0.151389,-0.00909121,-0.328187,-0.393553,-0.393099,0.0504418,0.330068,0.0534318,-0.455819,-0.263483,0.779769,-0.511802,0.804651,-0.031955,-0.368641,0.151043,0.151545,-0.0725996,0.356796,-0.560655,-0.343956,-0.589822,0.967023,0.478377,0.806848,1
-0.0366045,-0.309677,0.613054,0.287956,-0.25331,0.329812,0.278377,-0.532042,0.499612,-0.168658,-0.086096,-0.542364,0.892574,0.329819,-0.124303,-0.0769131,-0.160324,0.124284,-0.0438745,0.349984,-0.454728,-0.0333722,0.190061,0.539826,-0.275941,0.973579,-0.848385,-0.0644276,0.8709,-0.729963,-0.937733,0.395285,0.535177,0.840159,1
-0.0560477,-0.641076,-0.44911,0.197312,0.364584,-0.0200218,-0.0126238,0.472307,-0.427632,-0.236025,0.623618,0.761351,0.456546,-0.221603,-0.562156,0.209308,0.472018,0.242617,0.82734,-0.625325,-0.48881,-0.638563,-0.687671,-0.269331,-0.0732893,0.238791,-0.322125,0.185366,1.17075,-0.665516,0.378713,-0.0295667,0.462956,0.834383,1
-0.818376,-0.71003,0.0425598,0.663387,-0.312727,-0.255736,-0.865612,-0.0155998,0.125931,0.440377,-0.446827,-0.0686265,-0.337537,-0.557723,0.209753,0.403874,0.359917,-0.0775637,0.0691999,0.0843438,-0.0645472,-0.160865,-0.181692,0.779958,0.537489,-0.656985,0.713042,-0.61166,0.494035,0.0526106,0.0371952,0.0517885,0.440809,0.870585,1
-0.105558,-0.0699931,0.22477,0.602974,-0.734584,-0.13192,0.0631387,0.249703,0.445502,0.354595,0.155596,0.3536,0.417057,-0.553076,0.396242,0.314027,0.365576,1.03792,0.073628,0.569488,-1.11167,0.28119,-0.313307,0.0657054,0.0987032,0.101094,0.0061222,-0.127815,-0.189953,0.185392,-0.111498,0.378306,0.45403,0.859643,1
-0.0606375,0.241793,-0.0829921,-0.615612,-1.07136,0.0963225,0.826379,1.00613,-0.23111,0.196088,-0.376375,0.497496,-0.139763,-0.275343,0.118364,-0.139941,-0.455107,-1.04549,0.0359017,0.795015,-0.326913,0.618955,0.0234502,-0.4073,-0.327879,0.186142,0.740073,0.183408,0.289632,-0.85367,0.275186,-0.317407,0.494432,0.932834,1
-0.152388,-0.446034,-0.22771,-0.413086,-0.393517,0.236099,-0.92251,0.634908,-0.366333,0.617417,0.302602,-1.0375,0.582201,-0.308371,-0.760063,0.1723,0.153841,0.708284,0.557047,-0.261533,0.363857,0.0228856,-0.334932,0.177055,0.521251,-0.317434,0.552979,-0.356853,0.778472,-0.348233,-0.720162,0.494757,0.497864,0.917811,1
-0.33525,-0.0594008,0.0232513,0.411023,0.472873,0.422091,0.851231,-0.640236,0.247612,0.183428,0.137476,-0.242411,-0.461717,0.693649,-0.0789817,-0.761419,-0.0180688,-0.665052,0.33743,-0.800637,-0.85123,-0.297809,-0.562855,0.206838,-0.330621,0.135797,-0.707585,0.252045,-0.156684,-0.915864,-0.36384,0.0196759,0.460508,0.944371,1
-0.00164232,0.27591,-0.723221,-0.399322,0.436353,-0.708009,0.222758,1.62194,-0.45525,0.776212,-0.430905,0.141261,-0.0283823,-0.693234,-0.607908,0.463995,0.00635495,0.217269,0.639887,0.962636,0.0314085,-0.260198,0.0860264,-0.540544,0.205307,-0.805512,0.360152,0.155769,-0.197607,-0.495035,-0.679182,0.82478,0.500873,0.779848,1
-0.244802,-0.440953,-0.332255,-0.0819914,-0.329588,-0.60109,-0.123169,-1.3979,-0.0664305,0.392907,0.0273646,-0.0653914,0.0103788,0.638141,-0.0949269,0.838557,-0.191979,0.675267,-0.772455,-0.493164,-0.245163,-0.544748,0.527806,-0.023701,0.23069,0.361779,0.0991873,-0.441438,0.565524,-0.184852,-0.276026,0.447863,0.484301,0.839758,1
-0.295366,0.691663,0.0707521,0.107878,-0.715698,0.409214,-0.36984,-1.26886,-0.125499,1.00936,0.158266,-0.0529239,0.259468,0.395176,0.193922,0.285681,-0.586784,0.339088,0.529544,1.03918,0.189359,-0.422259,0.53106,-0.566515,-0.588234,-0.868402,0.296329,0.44374,0.472765,0.394593,-0.0364724,-0.0131082,0.47283,0.804957,1
0.0795168,0.0869683,0.132502,-0.0402666,-0.711986,-0.91976,-0.310046,-0.191381,-0.04321,0.618167,0.496772,-0.517037,0.937867,-0.114405,-0.968964,-0.378781,-0.0676088,-0.162655,0.995624,-0.0241772,-0.571377,0.489878,0.203897,0.100694,-0.163645,0.422391,0.538496,-0.467847,0.383454,0.618829,-0.300904,0.426721,0.496829,0.890092,1
-1.09244,0.369745,0.79594,0.0345683,0.195602,0.843911,-0.296544,0.902873,-0.891023,-0.541978,-0.599317,0.297192,0.0589855,-0.78504,0.0340405,-0.248054,-0.0917641,-0.0578612,0.732063,-0.0609033,-0.247903,-0.0513116,-0.414399,-0.345054,0.613498,-0.650755,-0.578437,0.785796,-0.374661,-0.761312,-0.0576917,0.936989,0.543368,0.809521,1
-0.125083,-0.689568,-0.429821,-0.514921,-0.431161,-0.378387,0.460604,0.397218,-0.102863,0.083662,0.458482,0.102339,-0.351493,0.64327,-0.25344,0.13311,0.233917,0.156034,0.0776356,-0.906415,-0.574627,-0.414441,0.373168,-0.853817,0.00623765,-0.163683,0.0369396,-0.335204,0.409677,0.753863,-0.246399,0.205449,0.561571,0.850595,1
-1.23193,-0.222324,-0.478866,-0.240879,0.188843,0.218791,0.282175,-0.760429,-0.14109,-0.204061,-0.431348,0.0711254,0.773476,1.35589,-0.0599872,0.0333315,-0.326648,-0.257281,0.403821,-0.658819,-0.683756,0.121387,0.653649,0.129922,-1.05706,0.424733,0.258965,0.117335,0.3707,0.614939,-0.179228,0.513987,0.45441,0.854054,1
0.267632,-0.502682,-0.243661,-0.0247906,0.439477,0.116138,0.0620834,0.530391,-0.098456,-1.02009,-0.0270813,0.597737,0.301672,0.0504796,-0.021936,-0.680573,-0.134954,-0.358314,-0.404144,0.178518,0.256677,0.298228,0.396897,0.443062,0.601076,0.217369,0.705705,-0.402404,0.327411,-0.874428,0.0411866,0.430208,0.50404,0.860137,1
0.230272,-0.438133,0.562272,-0.872027,0.218288,-0.153756,-1.03742,-0.327785,0.131769,-1.08828,0.251823,0.815677,0.00137344,-0.0358361,-0.783929,0.187942,-0.0431594,0.0571752,0.0601292,-0.998828,-0.37188,-0.489984,-0.0358296,0.398744,-0.094757,-0.957039,0.0693398,0.857733,0.191624,0.248326,-1.01383,0.137557,0.542983,0.946476,1
0.135399,0.658787,-0.793722,-0.500907,0.750814,0.0640544,0.153038,0.229631,-0.15998,0.228817,-0.820777,-0.95454,-0.221228,-0.0730393,0.0361832,-0.530163,0.751369,0.434153,-0.562379,0.562945,0.27939,0.0712823,-0.91597,0.13612,-0.406888,0.0575747,-1.04508,0.0424529,0.333789,0.189257,0.0311664,-0.462376,0.544747,0.87279,1
-0.445978,-1.03406,0.214706,-0.202672,0.0477015,0.130855,-0.270138,-0.171986,0.17657,-0.149524,-0.744244,-0.514257,0.423362,-0.13477,0.288241,0.225908,0.264094,0.227855,1.0521,-0.487153,0.199687,-0.450736,0.633388,0.290969,-0.285625,-0.727257,-0.493529,0.36983,1.05937,0.301759,-0.193411,-0.69717,0.522682,0.8142,1
1.38276,0.791214,-0.161756,-0.00871667,-0.786236,-0.911468,0.218899,-0.0618636,-0.306439,1.28925,-0.00608695,-0.547436,-0.339388,0.185576,0.0648665,0.204282,-0.237097,0.0138044,-0.372867,0.393491,-0.710044,0.432879,-0.278563,-1.03001,0.19475,-0.576761,-0.610926,-0.310403,-0.954465,0.450881,-0.101114,-1.31841,0.543382,0.841608,1
0.41096,-0.215254,-0.0257225,-0.0292849,0.369311,-0.377094,0.143319,0.158714,-0.555339,0.147414,1.24109,-0.176698,0.258705,0.563729,-0.218365,0.00102076,-0.246304,-0.500159,0.949923,0.420903,-0.597916,1.03067,0.435796,-0.517154,0.204991,0.346899,-0.381693,-0.358979,-0.261751,0.84104,0.281033,0.0547716,0.453932,0.930312,1
0.140674,0.121168,-0.489222,0.328638,0.16227,-1.17847,0.876956,-0.21788,0.0817655,0.469908,0.0575797,-0.596329,0.289782,0.636582,-0.216334,-1.11558,-0.987206,-0.34329,0.143413,0.0239468,0.468402,0.0265632,-1.22652,0.358088,-0.937447,-0.0130295,-0.914736,-0.328505,-0.981106,-0.446349,-0.485,0.486715,0.526965,0.843014,1
1.12132,0.109876,0.116141,-0.124431,0.758472,0.923302,0.664257,-0.0328496,0.161974,0.122337,0.0999234,-0.162671,0.025456,-0.252507,-0.643318,0.860742,-0.200917,0.758246,-0.453028,-0.511803,0.468454,0.14958,-0.468274,0.01722,-0.429777,0.476366,-0.524348,-0.132818,-0.190767,-1.16104,0.937152,-0.482155,0.437105,0.821468,1
0.671884,0.415777,0.560047,-0.410637,-0.185223,-0.353049,0.233536,0.807698,-0.176249,-0.406558,-0.246925,0.0110579,0.488339,-0.126386,0.871092,0.919906,-0.366364,0.0817424,0.238695,0.415166,0.432951,0.130822,-0.580648,1.04237,-0.480788,-0.00150094,0.110931,-0.574639,-0.34643,-0.167403,0.844367,-0.232765,0.438376,0.83294,1
-1.23511,0.427341,-0.65564,-0.198134,0.310771,0.428379,0.878203,0.0904999,0.114042,-0.235909,0.799641,-0.0536635,0.247947,0.319223,0.654229,-0.385218,0.432218,0.196387,-0.519222,-0.771914,-0.842982,0.300244,-0.313764,0.347352,0.286866,0.465262,-0.123008,-0.213526,-0.264333,-0.264943,0.299161,0.126741,0.498309,0.763422,1
-0.898646,-0.532197,0.0946116,0.387507,-0.681554,-0.491026,0.78983,-0.217365,-0.0375024,0.566714,-0.309222,-0.735692,0.530227,-0.387219,-0.574936,-0.00340191,-0.0770122,-0.909911,-0.685587,-0.812431,0.0599916,-0.55043,-0.221999,-0.474599,1.04769,-0.063846,0.162785,-0.298019,0.454642,0.327266,-0.237308,0.506173,0.502306,0.861308,1
0.404423,0.379131,-0.393338,0.211617,0.235193,-0.0642486,1.61158,-1.02782,-0.351867,-0.544638,1.09191,0.294909,-0.184866,0.295776,0.102732,-0.198581,-0.374128,0.219702,0.20245,-0.0343064,0.108467,0.375981,0.0949603,0.461119,-0.888238,-0.0674856,0.360744,0.386446,-0.354414,0.714358,0.125431,-0.458796,0.47024,0.801106,1
0.0553929,-0.329726,-0.0883443,-0.198536,0.783502,0.248104,0.468156,0.739555,0.214016,-0.252313,-0.366567,0.340273,-0.233464,-0.183866,-0.259955,0.679712,-0.733712,-0.998967,-0.112931,1.03313,0.649255,0.840976,0.0392066,-0.0326509,0.170598,0.375389,-0.264372,-0.56122,0.200839,-0.235406,0.415061,-0.180099,0.528854,0.860846,1
0.777409,0.139228,-0.286362,1.18423,0.00830386,-0.710319,-0.561539,-0.380727,0.281297,0.15105,-0.87132,-0.284828,-0.288043,-0.445566,-0.127701,-0.340055,-0.453432,-0.115378,0.487037,0.618272,0.0778619,0.401796,-0.462454,0.215947,-0.840389,-0.242735,0.346604,-0.300192,-0.533363,0.191852,-0.640089,0.0562214,0.482644,0.766499,1
-0.658137,-0.19003,-0.189558,0.0602418,-0.651064,0.0248214,0.260332,-0.581041,-0.00824898,0.351265,-0.146646,-0.443413,0.0786202,-0.21194,0.0726057,-0.784704,0.33019,-0.33232,-0.0268504,0.578605,-0.519117,0.0231339,-0.249708,0.563082,0.866422,-1.07332,-0.523753,0.553606,0.413072,-0.721408,-0.415742,-0.353015,0.476202,0.890129,1
0.302199,0.147541,0.399367,0.240112,0.254428,7.95,0.228343,0.206294,0.177905,0.326699,0.175931,0.307205,0.281496,0.359903,0.275103,0.230721,0.216058,0.205592,0.339243,0.145322,0.380274,0.187284,0.174921,0.314271,0.114801,0.384182,0.273621,0.276834,0.276235,0.388832,0.100645,0.192849,0.52,0.82,1
-1.00122,-0.0564908,-0.287059,0.709459,-0.324855,-0.0422426,0.770417,-0.207945,0.051323,-0.648828,-0.786488,0.189647,0.316979,0.942014,-0.047915,0.628509,-0.344033,-0.252623,-0.0854453,0.544676,-0.345671,-0.159225,-0.708077,-0.857904,0.0522469,-0.401622,-0.0234264,0.431123,0.171028,0.992039,0.420293,0.792029,0.425247,0.775757,1
0.218129,-0.354579,0.476458,0.376733,0.325323,-0.195874,0.764107,-0.524577,0.586687,0.0392157,-0.230868,1.20203,-0.90134,-0.169728,-0.830007,0.328932,0.238169,-0.12923,0.254734,-0.379896,0.00434336,-0.725775,0.411672,-0.519441,-0.575235,0.60325,-0.0205148,-0.672771,-0.251101,0.15187,1.01619,0.378965,0.556233,0.916558,1
-0.958521,-0.265414,1.39096,0.168104,0.00765787,0.00960542,0.0760332,0.692779,-0.696626,-0.685153,-0.313983,0.55416,-1.04682,-0.308093,-0.0258341,1.06215,-0.69597,0.0660447,0.191634,0.679259,0.0354247,-0.162553,0.160114,0.378045,0.0547403,0.877772,0.172223,0.101294,-0.689922,-0.231111,0.270291,0.531197,0.539372,0.901404,1
-0.128084,0.551206,0.415047,-0.297332,-0.495999,0.647114,0.159058,-0.15568,0.265478,-1.2257,-0.541991,-0.00629607,0.890638,0.523621,0.119946,-1.35219,0.0922826,-0.0238905,0.571277,0.203033,-0.175526,-0.260162,-0.467772,0.1275,-0.0366415,0.0721058,0.730054,0.423385,0.0467133,0.210939,0.172826,0.64085,0.489932,0.918286,1
0.176411,0.315508,-0.201536,0.373547,-0.57583,-1.11558,-0.457003,-0.13724,0.127004,-0.175248,-0.444595,-0.810439,-0.215718,-0.648436,-0.841094,-0.495807,0.0240313,-0.415726,0.430435,0.523461,-0.305486,0.0945096,-0.0940784,-0.257942,-0.143712,-0.554179,0.524154,-0.195781,0.0382986,-0.443724,-0.459041,0.477969,0.532186,0.860531,1
-0.667718,-0.543695,0.693533,0.562651,0.488496,-0.122705,0.0895303,0.191856,0.704744,-0.712717,0.0943088,0.258081,0.397484,0.632596,-0.394324,-0.202753,-0.116463,-0.245386,0.674237,-0.24756,0.0910158,-0.83815,-0.451767,-0.125445,-0.0269781,1.07711,-0.187155,0.817516,0.0680576,-0.284855,0.0210184,-0.0447601,0.470346,0.803245,1
-0.486807,-1.16255,0.391293,-0.090805,-0.392416,0.0178747,0.391507,0.176528,0.17054,-0.133018,0.0466884,-0.616908,0.208672,0.434481,0.359696,-0.617823,-0.279896,0.55979,0.683638,0.836052,-0.0874268,-0.655856,0.36581,-0.121253,-1.30959,0.0375608,-0.215967,-0.0548365,0.391501,1.62,0.0438924,0.462005,0.543113,0.900617,1
0.405636,0.088613,-0.65271,0.69471,-0.557341,0.929835,0.455692,-0.250699,-0.953798,-0.0715374,0.546996,-0.220068,0.196452,-0.209079,-0.115684,-0.400342,-0.155834,0.564331,1.18246,-0.441662,0.448082,-0.00015583,-0.426195,0.422778,-0.254983,0.0387338,-0.739388,-0.172123,-1.56983,-0.261413,0.635107,0.171382,0.545951,0.806782,1
-0.0380495,-0.73272,0.807269,-0.175853,-1.38381,0.429737,0.177289,0.448246,-0.273256,-0.116049,0.778873,-1.12485,0.590148,-0.367622,0.785084,0.211082,0.173062,-1.19686,-0.0218579,-0.258248,0.479366,-0.397269,0.209094,0.490475,-0.801882,-0.141285,-0.595426,-0.504782,0.0839305,0.624362,0.25732,-1.00587,0.494521,0.854363,1
0.396014,-0.027707,0.346817,-0.191252,0.272119,-0.0540506,-0.310629,-0.204683,-0.312253,0.510146,0.392845,-0.220175,-0.783287,0.0175815,-0.204265,-0.144422,-0.298646,-0.372146,0.406994,-0.600983,0.500589,-0.0501936,-0.662819,0.220711,-0.143326,0.692792,0.395654,-0.483936,-0.00952532,0.514025,-0.152624,0.139368,0.461587,0.859639,1
0.346142,-0.131508,-0.524442,0.304573,0.139392,-0.812329,-0.196675,0.472439,0.120476,0.35749,0.590291,-0.650066,-0.393167,0.167741,-0.370829,-0.293999,0.590464,-0.0616029,-0.312864,0.0342342,0.467042,1.08466,0.0300564,-0.533589,0.0187923,-0.881195,-0.867361,-0.117365,0.665335,0.270072,-0.651371,0.68674,0.497832,0.799178,1
0.829022,-0.770741,0.769761,0.127592,0.0409399,-0.164361,-0.71155,-0.406064,0.370709,-0.452638,-0.0412756,-0.866904,-0.734577,0.518838,0.381198,0.0135882,-0.383219,-0.179971,0.118325,0.528893,0.0622961,-0.335915,-0.176762,0.422737,0.192537,0.133116,-0.214313,0.0358902,-0.0965181,-0.710772,-0.142127,0.58738,0.437733,0.845333,1
0.265482,-0.607474,-0.0594347,0.325035,-0.351796,0.473471,-0.0513722,-0.837758,0.0322267,0.49034,0.599972,-0.205606,0.290653,0.031413,0.554074,-0.566661,0.612247,-0.135732,0.690168,0.766731,-0.149461,0.958722,-0.409309,-0.610239,0.0198253,0.475706,0.709043,0.765614,0.21052,0.236906,-0.860283,-0.194882,0.471938,0.829342,1
-0.99645,0.115755,-0.634208,0.264127,0.662423,0.193147,0.704119,0.089954,0.667489,0.0650617,-0.554235,0.904207,-0.122884,-0.0631979,0.836717,-0.192686,0.46633,-0.230366,-0.0959604,0.524653,0.307484,-0.394362,-0.197932,0.0621809,-0.137873,-0.03588,-0.0464398,-0.174163,0.19815,-0.902466,-0.242023,-0.24824,0.467621,0.767098,1
1.22844,-0.972747,-0.0395736,-0.377562,0.112032,0.305308,0.714968,0.292428,-0.474499,0.851574,-0.0787572,1.00152,-0.658388,0.204781,0.106727,0.190582,-1.03558,-0.838712,0.469665,-0.0863319,-0.518056,0.026029,0.317564,-0.185651,-0.334221,0.501049,0.548994,0.619128,-0.807281,-0.150245,-0.930407,0.62802,0.434754,0.895672,1
0.0367758,-0.383366,-0.0680185,0.803049,0.0567203,-0.38017,0.150482,-0.349701,0.291882,0.0313012,0.521438,0.460645,0.902728,0.227315,0.418334,0.0230945,0.283184,0.00643167,-0.477913,0.136109,-0.132703,-0.165113,-0.127429,0.57137,-0.304298,-0.16516,0.310022,0.175382,-0.504533,0.37415,-0.507113,0.316363,0.478262,0.914214,1
0.432684,0.0135016,-0.547537,1.88137,0.854556,0.350088,-0.752521,-0.214538,0.53383,0.2027,-0.594288,0.215195,1.08027,-0.0443351,-0.144718,-0.067139,-1.13586,0.97903,-0.900887,0.0794481,0.0465824,-0.600234,0.972634,-0.954105,-0.459375,0.815776,0.22225,-0.0131872,0.771712,-0.66876,-0.369501,0.309126,0.533165,0.833525,1
-0.0571304,0.695082,-0.0106856,0.254481,-0.111786,-0.0799909,0.404497,0.135451,-0.262097,0.715509,-0.602432,-0.0307748,0.0693003,-0.153634,0.0152207,-0.0228385,0.468999,-0.311218,0.086979,-0.367972,0.736313,-0.115836,-0.342593,-0.470446,-0.892459,-0.730741,0.143506,-0.404368,0.061988,0.541479,0.520382,-0.256347,0.546458,0.853396,1
0.155716,0.139848,-1.00525,-0.244908,-1.20302,0.228224,-0.104778,0.241058,-0.341569,-0.305058,0.186085,0.105451,0.449099,0.104918,0.337781,-0.333234,-0.193808,0.185718,-0.20215,-0.257436,0.330612,-0.0739076,0.807586,-0.148639,0.673361,0.0232978,0.21602,0.429888,0.350234,-0.732581,-0.395731,-0.113452,0.436837,0.933827,1
0.535968,0.00566499,0.396405,0.0173696,0.395762,0.0975995,-0.724559,-0.233988,-0.161249,-0.59167,-0.534193,0.500311,-0.211848,0.0742905,0.701881,-0.134619,0.2379,0.0630994,0.294402,0.817508,0.0164582,-0.377141,0.222519,0.171364,-0.0297921,0.505695,-0.572405,0.458639,0.521947,0.127216,0.478278,0.637858,0.578906,0.902185,1
-0.681784,0.748451,-1.38259,-0.0431585,0.434973,0.241956,-0.0296782,0.213259,-0.140669,0.438633,-0.450634,-0.55235,0.0339105,0.74445,0.318047,0.0687786,0.3051,-0.447078,0.365327,0.426125,0.630756,0.00659485,-0.803683,0.26896,-0.296607,-0.563505,0.544711,0.136133,0.100612,0.0951599,-0.0075084,0.256613,0.441431,0.844576,1
-0.240576,-0.434631,-0.252735,0.121433,-0.0832277,-0.0529463,-0.0653827,-0.179172,-1.08057,-0.264335,0.41645,-0.413323,0.416054,-0.615942,-0.44424,0.0458903,0.820843,-0.740757,-0.128663,0.0768532,-0.458961,-0.0843498,-0.0608853,-0.572547,-0.140738,-0.781931,0.356357,-0.321818,-0.157454,0.184118,1.28854,-0.39214,0.444506,0.794942,1
1.20499,-1.10713,-0.233498,0.335311,-0.350015,-1.07573,-0.511577,0.126045,0.736548,-0.640283,0.437949,-0.539336,0.17487,-0.405673,-0.326623,0.255148,-0.835948,0.159139,-0.802807,0.673136,-0.153211,0.336305,0.533586,-0.211053,0.534698,0.125833,0.0457247,0.788413,-0.0261914,0.0219837,0.192744,0.682344,0.535727,0.924459,1
-0.961487,0.289098,0.821303,0.0787173,-0.258242,0.35998,1.0893,0.674339,0.330059,-0.121834,-0.588788,0.691858,-0.924925,0.622603,0.350567,-0.318449,0.718099,0.064341,0.524816,-0.873333,0.389856,-0.36055,-1.28074,0.207107,0.532711,-0.540508,0.321212,-0.0768773,-1.28896,0.656951,0.358951,1.1805,0.557158,0.927191,1
-0.898713,0.426135,1.18027,0.812864,-0.289771,0.107233,0.220433,-0.667074,0.33257,-0.383452,-0.255145,0.855696,-0.572322,-0.0450384,0.115001,0.159479,-0.0881023,-0.45136,-0.0442713,-0.551086,-0.151531,-0.206231,0.470117,1.04046,0.443139,-0.590401,0.6707,-0.38136,-0.133146,0.348089,-0.114959,-0.285732,0.554543,0.919097,1
-0.0531618,-0.112728,0.317288,0.471148,-0.0413659,-0.28279,-0.0201064,-0.772426,-0.065862,0.663159,-0.118055,0.584842,0.379206,-0.179684,-0.476666,0.162319,1.176,-0.0241562,-0.429325,-0.179916,0.280538,0.574988,0.330091,-0.152944,1.0412,-0.439174,-0.704759,0.427558,-0.0772989,-0.211074,0.386426,-0.920733,0.484397,0.801724,1
0.41756,-0.969049,-0.440699,0.114941,-0.0636972,-0.0968849,-0.379537,0.411829,0.068787,0.0264446,0.328404,-0.309803,0.107794,0.254479,-0.142454,-0.108763,0.441836,-0.259597,-0.00933114,0.397339,0.648415,0.408083,-0.707049,-0.446396,-1.03124,-0.190825,0.377945,-0.0203895,0.274873,0.105273,0.620316,-0.111656,0.4718,0.769544,1
-0.367811,-0.506688,0.620533,0.601728,0.46655,-0.190907,-0.251286,-0.159351,-0.119357,0.255143,-0.0630423,0.156813,-0.806165,-0.566904,1.15213,-0.265235,-0.514065,-0.0823731,-0.211601,-0.361315,-1.50726,0.677352,0.558231,-0.276466,0.081714,-0.832109,0.543759,0.349925,0.170736,0.637003,-0.442399,0.548883,0.519133,0.944889,1
0.464267,-0.401314,-0.687173,0.210875,-0.564859,-0.176738,0.321903,0.00972584,-0.310289,-0.668578,0.387474,-0.628385,-0.331175,-0.149181,-0.0125733,-0.385507,-0.489432,0.0654271,0.129966,-0.0535064,0.417394,0.64211,-0.912564,0.3297,0.306994,-0.416152,1.16928,0.653652,-0.66298,0.246529,-0.223285,0.5111,0.578409,0.850345,1
0.19808,0.115497,-0.515205,0.00769618,-0.545844,1.36032,-0.504285,0.0569139,-0.62728,-0.541442,-0.595897,0.548529,-0.445903,-1.12847,-0.53681,0.648408,-0.020031,-0.955117,0.544631,-0.761572,-0.618559,0.224809,-0.000910377,-0.110018,-0.0140205,-0.149633,-0.0866254,-0.422216,-0.568724,0.0122299,-0.0955989,0.186724,0.449857,0.871329,1
0.413213,-0.159576,0.0275696,0.42623,0.00188434,-0.014809,-0.300715,0.93568,-0.733674,-0.319303,0.0165276,-0.56399,-0.0534309,0.332143,0.616729,0.725882,0.552881,-0.994802,0.457622,-0.0729289,-0.42467,0.202502,-0.411563,0.22093,-0.69959,-0.0309801,-0.227869,0.459784,0.342468,-0.370549,0.495821,0.798722,0.523795,0.855769,1
-0.251561,0.306367,0.0106029,0.299884,-0.42215,-0.220826,0.625414,-0.857814,1.4498,-0.139623,0.628565,-0.238552,0.32266,0.343603,-0.393054,-0.844143,-0.887099,-0.780174,-0.613504,0.57258,-0.18243,0.0377254,-0.202571,0.0897622,-0.0791614,-0.242336,-0.614607,0.294276,0.785968,-1.04238,0.373574,0.20512,0.470696,0.94047,1
0.678222,-0.465022,-0.793068,0.559307,0.359724,0.218619,0.467267,0.158076,-0.688753,-0.832255,0.538732,0.041397,0.616632,0.912793,0.52565,-0.581149,-0.0863589,-0.0133431,-0.484439,0.286103,0.00643613,-0.154997,-0.0232556,-0.361128,-0.092044,0.0405484,-0.117332,-0.570343,0.459641,-0.175132,0.492505,-0.388882,0.48544,0.917361,1
0.580576,-0.278052,0.350447,-0.763846,0.666445,0.158354,0.600464,0.22799,0.0895787,0.670987,0.0193655,-0.548349,0.847438,-0.250844,-0.539301,1.58017,-0.30958,-1.04598,-0.137877,-0.15426,0.262245,-0.37531,0.201824,-0.282613,0.103214,-0.206618,-0.00778366,0.196741,-0.682591,0.184476,0.679125,-0.432275,0.42822,0.795399,1
-0.0708737,-0.0568461,0.417826,0.225065,-0.530654,0.249712,0.0633673,-0.511205,-0.560926,-0.0955992,1.26311,-0.239516,0.0355512,1.12712,-0.476336,-0.244125,-0.105361,-0.988434,-0.000223843,-0.919348,-0.105372,0.466226,-0.694144,0.0242731,-0.328055,0.429885,0.666255,-0.0342682,-0.0170221,-0.0207708,-0.141646,0.477217,0.548605,0.881336,1
0.518311,0.732825,-0.263475,0.100466,0.716385,0.248506,-0.409099,0.765111,0.152532,-0.287776,-0.111848,0.594988,0.528125,0.0479804,0.398261,-0.606173,0.515908,-0.925808,0.380337,0.00489993,0.431148,0.135251,0.118288,-0.048515,-0.46231,0.0307936,0.619985,0.401889,0.0610733,0.19439,0.856737,0.476454,0.530808,0.892777,1
-0.287932,-0.089645,0.0473237,0.064373,0.0625125,0.920987,-0.213088,0.263261,-0.0357035,-0.532477,0.583058,0.0353936,0.269043,-1.00016,0.191369,0.125399,-0.293691,0.863365,-0.111304,0.0406851,-0.0326145,0.744238,-0.538963,0.292824,0.418944,-0.55371,0.0154662,-0.259797,0.100075,0.852533,-0.445205,-0.028668,0.442278,0.897386,1
0.379347,-0.746458,-0.275776,0.209813,0.903096,0.289319,-0.0608098,-0.0447788,0.758243,0.620875,-0.174348,-0.141065,-0.756406,0.158523,-0.0782668,0.624378,0.487317,-0.242012,0.889532,-0.0839679,-0.412557,-0.254309,0.0402051,0.361576,0.294178,-0.223887,-0.130025,-0.31829,0.0763908,0.396149,-0.635426,0.316785,0.436742,0.783046,1
-0.300246,-0.400837,0.160959,-0.743876,-0.798877,0.821659,0.115726,0.0183607,0.568716,0.354704,0.104854,-0.0609103,-0.0568456,0.631055,-0.78473,-1.18417,-0.450361,-0.0399359,-0.374433,-0.173872,0.376101,-0.18084,-0.68019,-0.102216,-0.404413,0.0486618,-0.641742,-0.49576,-0.440183,0.083141,0.593344,-0.199621,0.544194,0.802039,1
0.95,0.88,-0.281958,-0.121388,-0.427074,-0.104948,-0.291542,0.491747,-0.148896,-0.144865,0.322286,0.0389159,0.0949571,0.0291468,0.488089,-0.0393982,-0.329562,0.186288,0.457522,-0.0436125,0.188503,0.401611,0.0582798,-0.421894,-0.455363,0.00384235,-0.0415184,0.132079,0.404754,-0.496252,-0.250525,-0.293635,0.48,0.2,0
0.253094,0.606082,0.341189,0.739315,0.89198,0.549948,-0.246198,-0.228757,-0.0765746,-0.321115,0.67731,0.0420756,0.194083,-0.335692,0.343818,0.263713,0.795447,0.0325107,-0.670341,0.122942,-0.11397,-0.240813,1.3099,-0.636724,0.32067,0.185787,-0.0596396,0.550568,-0.307938,0.577126,0.120924,-0.0294663,0.557976,0.873901,1
-1.10503,-0.0834414,0.131939,-0.229861,1.11787,-0.0776124,-0.142309,-0.398726,0.279004,-0.146085,-0.379913,0.671105,0.492895,-0.183495,-0.0921901,0.446872,-0.772384,0.257677,-1.15461,0.0239406,-0.149554,-0.156777,0.0901569,0.341261,0.546523,-0.57961,-0.485703,-1.32143,0.29413,-0.757832,-0.398606,-0.0349999,0.544724,0.933249,1
0.163782,-0.310409,-0.577625,-0.523003,0.0154802,0.0399838,0.0487314,0.974703,1.1328,-1.11154,-0.112581,0.156955,-0.643277,-0.13394,0.927798,0.0863542,-0.150117,-0.970973,-0.154115,0.876613,-0.507318,0.118688,-0.465473,-0.705512,-0.285782,-0.684801,0.129402,-1.00013,-0.225209,0.631964,-0.016213,0.826152,0.495772,0.823742,1
0.57588,0.145009,0.348508,0.56998,-0.0398241,-0.214128,-0.206908,0.809374,0.345814,-0.06983,-0.303288,0.138851,-0.560943,0.542547,1.16967,-0.4812,-0.43193,0.314206,0.0531281,-0.664564,-0.670919,-0.16449,0.390097,0.0458625,-0.64776,-0.279538,0.149432,-0.616464,-0.493861,0.0854169,0.278618,0.155212,0.462782,0.806587,1
0.480691,0.61034,-0.265755,-0.572971,-0.372181,-0.99541,0.0784479,-0.382529,0.263718,0.18774,0.734198,0.185135,-0.0989148,-0.722287,0.299506,-0.338878,0.578171,-0.301564,0.574532,0.336489,-0.351748,-0.136452,-0.0568432,0.485928,-0.105136,0.615754,-0.0571777,0.406048,-0.0817594,0.138563,0.225858,0.598116,0.514788,0.910444,1
0.0874385,-0.924567,0.139872,-0.162617,-0.590506,0.380025,0.419751,-0.341219,0.674596,0.329301,-0.155485,-0.624585,-0.0696973,0.101554,0.146156,-0.455068,-0.450407,1.20359,-0.488082,-0.803744,0.0852927,-0.245323,0.359433,0.538997,-0.560112,0.00288341,-0.498179,0.757268,0.451205,0.938274,-0.529655,0.929375,0.563579,0.863614,1
-0.255652,0.0755075,0.176318,-0.249902,0.802509,-0.372395,0.581548,0.590626,0.770548,-0.361015,0.269083,-1.23255,0.196828,-0.751967,-0.14391,-0.381188,-0.696752,-0.487635,0.437765,-0.227274,0.81179,-0.0189876,-0.180966,0.756806,0.17636,1.11022,-0.239498,0.142479,-0.748934,0.314296,-0.668893,-0.646103,0.56418,0.864086,1
-0.0479436,0.601657,-0.00054525,-0.145092,-0.135109,-0.0693332,-0.380705,0.263497,1.31801,0.581854,0.514726,0.281109,-1.16874,-0.289514,-0.335054,-0.484566,-0.0257089,-0.957821,0.106881,-0.238026,0.525933,-0.0374902,-0.54876,-0.0591614,-0.0528345,-0.114643,0.149948,0.176888,-0.732933,0.0541896,-0.462148,-0.186657,0.553459,0.817766,1
-0.0797012,0.045402,0.5043,-0.114136,0.485212,0.318976,0.342665,-0.430331,0.217163,0.0459823,-0.442334,-0.567705,-0.102151,-0.107029,0.35245,0.846332,0.788705,-0.987547,0.0129912,0.229187,1.01812,-0.0113257,-0.690781,-0.216848,0.932417,0.317088,-0.426991,0.783398,1.11186,-0.785098,-0.671356,0.0171759,0.494147,0.890506,1
-0.0873395,-0.00159161,0.412752,0.0636641,-0.565217,-1.35023,-0.35808,-0.527068,0.00471781,-0.695237,-0.758518,0.120481,-0.996781,0.227436,0.178488,-0.0112547,0.36866,0.121262,-0.410495,0.252244,-0.496462,0.199459,-0.208292,-0.767291,-0.41652,-0.162774,-0.0190757,-0.732778,-0.974956,0.613078,0.835469,-0.0255189,0.517874,0.815987,1
-0.50131,-0.164206,-0.452939,0.450552,0.424767,0.173194,0.350767,0.0657845,-0.573726,-0.549092,0.161885,0.449785,0.0208797,0.359927,-0.773839,-0.545158,-0.465295,0.208464,0.0266682,-0.752109,0.389778,-0.0614879,0.561737,0.856118,-0.15809,0.358188,0.12212,0.389363,0.413561,1.12335,-0.606676,-0.910013,0.489883,0.884727,1
0.055152,-0.731765,0.492748,0.843301,-0.250975,-0.0537672,-0.0454788,-0.485762,-0.261382,-0.224343,-0.240125,-0.0301862,0.267227,-0.305399,0.676858,-0.403064,0.0733231,-0.130671,0.375087,0.996563,-0.392197,0.192587,0.45114,0.126568,-0.266278,-0.0131084,1.23174,-0.648635,0.239852,0.166867,-0.822112,0.237704,0.498622,0.926685,1
0.34571,0.383562,-0.250548,0.259941,-0.56095,0.546601,0.034143,0.036744,0.774725,0.153504,-0.135067,-0.275867,-0.179526,0.284323,0.313219,-0.326875,0.0426622,-0.448653,0.803343,0.174622,0.333388,0.482176,-0.0225802,-0.623672,1.03349,-0.567792,-0.281186,-0.154863,0.543731,0.766784,-0.210177,-0.339759,0.455149,0.843596,1
0.30325,0.0635541,0.196286,-0.66564,-0.292173,-0.372912,0.583281,-0.348045,0.0561807,0.109413,-0.378609,-0.361367,0.687424,0.735953,-0.364089,-0.52444,-0.324761,0.546557,-0.551857,0.245087,0.417477,0.196988,0.214683,0.406451,0.735156,-0.504599,0.863691,-0.58962,-0.328488,0.177648,0.00528937,0.630921,0.423421,0.866163,1
1.21144,-0.229314,0.328752,-0.616511,-0.0879919,0.425035,1.23261,-0.29166,-0.254452,-0.53776,-0.149199,0.0547662,0.0421814,0.112352,-0.92219,0.736772,0.216478,0.190483,-0.0307578,0.34335,0.489713,0.16233,0.223024,0.711042,0.108914,-0.556683,-0.297946,-0.940255,1.08773,0.752929,-0.822913,0.676664,0.48792,0.941418,1
0.237487,0.692781,-0.134932,-0.0119645,-0.417513,0.0262205,-0.695361,0.46402,-0.964068,-0.705475,-0.227992,-0.214157,-0.019688,-0.487164,-0.527106,0.492173,-0.372017,0.0606556,0.0898321,0.83527,0.575542,0.0124084,-0.473152,-0.188285,0.819755,-0.0140585,-0.349815,-0.0382079,0.207859,-0.189553,-0.286686,-0.520101,0.460817,0.763233,1
-0.266703,0.681977,0.78197,-0.035848,0.419757,0.147272,0.133806,0.498746,-0.470607,-0.269763,0.421706,0.858766,0.408419,0.764212,0.185717,0.814662,0.965746,0.468606,-0.761857,-0.467948,-0.898517,-0.58575,-0.310945,0.0509643,-0.10303,-0.0898544,-0.437247,0.42799,-0.263534,-0.126123,0.244758,-0.136597,0.435664,0.940915,1
-0.0331369,0.662289,0.515055,-0.202449,-0.124058,-0.27797,0.206122,0.7683,0.281556,-0.284152,-0.23059,0.345673,0.128174,-0.13362,0.222538,0.437822,0.212554,-0.437701,0.329603,-0.475813,-0.391241,-0.458357,0.166599,0.102457,0.253734,-0.0211016,-0.774938,-0.112956,0.0673532,0.603021,-0.617153,-0.4768,0.451834,0.935684,1
0.189798,0.885033,0.225363,-0.0987335,0.440033,-0.198906,-0.340179,-0.42661,-1.19424,-0.325195,0.077388,0.531093,1.12538,0.353103,1.52414,0.246977,-0.0880579,0.1313,-0.238006,-0.0313183,-1.03069,-0.0610367,0.716683,0.183607,0.174444,-0.0988284,-0.0468875,-0.110268,0.810165,-0.957749,-0.444948,0.218897,0.468468,0.871125,1
-0.0526211,0.834617,-0.283843,0.824736,-0.146869,-0.30887,0.449124,0.154132,1.16829,-0.333502,0.302666,0.0769023,-0.0567608,-0.467924,0.857505,0.279077,0.294993,0.205501,0.703769,0.793276,0.0579634,0.523467,-0.53793,-0.304654,0.984895,0.345968,-0.877706,-0.0896851,0.273297,-0.0353316,0.0148163,-0.160651,0.57838,0.846564,1
0.261024,0.278166,0.14072,0.341791,0.14377,7.95,0.167542,0.218118,0.209268,0.193613,0.11876,0.243502,0.267302,0.190899,0.314927,0.269514,0.290556,0.173992,0.113522,0.211403,0.225002,0.303694,0.191464,0.15724,0.125158,0.324797,0.122674,0.328606,0.231015,0.107478,0.322695,0.294328,0.52,0.82,1
0.375759,0.151639,-0.150607,0.0468952,0.632503,-0.159434,-0.160227,0.426785,-0.841223,-0.663277,-0.917385,0.52621,-0.438527,-1.23146,0.203358,-0.834155,-0.347106,1.10886,-0.262254,0.0261612,-0.432868,-0.241867,-1.12126,-0.567233,0.271205,-0.548247,0.0883845,0.0563282,-0.677871,1.02344,0.180883,0.265554,0.559778,0.812119,1
-0.191319,0.458308,-0.0404817,0.128504,0.148752,0.671225,-0.943208,-0.370623,-0.0870833,-0.501115,0.445276,-0.716955,0.127719,-0.346917,-0.054347,0.373243,-0.0806168,0.0485978,0.0323617,0.165585,0.760634,0.247082,0.585356,-0.255414,0.355337,-0.32193,-0.375676,0.448393,0.295333,0.441634,0.0695887,-0.131753,0.455959,0.810706,1
-0.179294,-0.18349,-0.874951,0.208069,0.158281,0.396325,0.704845,0.396337,0.672716,0.213145,-0.562138,0.274633,-0.405798,-0.0605324,-0.447465,-0.556441,0.795602,0.402485,0.595327,0.966262,-0.126597,-0.281986,0.523324,-0.0269555,-0.57006,-0.495822,-0.766271,-0.204538,-0.795771,-0.153198,0.597026,0.495991,0.463738,0.910769,1
-0.075951,-0.806033,-0.337196,0.655307,0.0345288,0.225721,0.544913,0.60298,1.00046,-0.437171,0.813626,-0.379964,0.458952,-0.118347,0.58173,-1.0148,0.0100181,0.0511963,-1.03267,-0.0860899,-0.151524,-0.980766,-0.383058,-0.669822,-0.0618898,-0.653886,0.0575834,0.0566429,-1.01919,0.205686,0.229932,0.327107,0.579808,0.7852,1
-0.162059,-0.986554,0.648534,-0.190565,0.306735,1.42592,0.125955,0.0232319,-0.163047,-0.461379,0.374823,0.295172,0.247601,-0.667273,-0.482267,1.40009,-0.265834,0.0957153,0.22108,-0.610427,0.100304,-0.492181,-0.32212,-0.285337,0.651963,-0.744977,-0.54898,0.0316195,0.297266,0.658326,0.657439,0.174113,0.572192,0.768487,1
-0.138537,-0.0640968,-0.505471,-0.703184,0.354393,-0.0415772,-1.19699,-0.216799,0.741288,0.163883,0.0151458,-0.0105566,-0.783716,-0.261959,0.454601,0.168771,0.284642,-0.822782,-0.272786,-0.131035,0.659915,0.186272,0.966693,-0.454785,0.17218,0.660366,-0.294213,0.0369352,0.150035,1.02532,0.738984,-0.500158,0.579302,0.797242,1
0.253543,-1.02497,-0.366037,-0.323606,-0.552905,-0.86385,0.27425,-0.899216,0.224442,-0.445701,-0.494598,-0.32476,-0.775799,0.438833,-0.313264,0.315124,0.968147,0.554562,-0.364327,-0.528498,-0.205045,-0.261102,0.0274448,-0.545579,-0.105583,0.122759,0.331491,-0.782379,0.647287,1.02378,0.041146,0.0215725,0.524697,0.941329,1
0.272158,-0.925968,-0.760069,0.450765,0.00772639,0.411585,-0.754777,-0.537562,0.299276,0.514494,0.891799,0.278516,-0.209562,0.352964,0.550772,-0.157482,0.538214,-0.855251,-0.439371,-0.130724,-0.384033,0.133516,0.312166,-0.56894,-0.567987,0.560224,0.119597,-0.190096,0.857228,0.761675,-0.14529,-0.154494,0.458818,0.920064,1
0.627025,0.195792,0.00292831,-0.244001,-0.190904,-0.804799,-0.0199088,0.430033,0.0549018,0.36529,0.656072,0.28224,0.187907,-0.280356,-0.4729,0.810104,-0.578696,0.437987,0.477156,0.563684,0.958813,0.576328,-0.200718,-0.457963,0.110225,0.523158,0.329438,-0.929733,0.240545,-0.462689,0.61196,0.509767,0.547774,0.896046,1
-0.125438,0.403005,-0.108113,-0.25932,0.998356,-0.137622,0.532681,0.45325,-0.176926,-0.309668,0.168033,1.19646,0.156524,0.447928,-0.489652,0.0952251,-0.147252,-0.331932,0.48367,-0.561516,-0.745364,-0.210501,-0.302599,0.348025,-0.0631615,0.36877,0.689064,-0.0898864,-0.531141,0.587787,-0.486748,-0.332482,0.449131,0.840761,1
0.466368,-0.667133,-0.66682,0.166695,-0.0282351,-0.306861,-0.0995882,-0.164361,0.0632849,0.277181,-0.818134,-0.483901,-0.161288,0.0133795,0.420026,0.590578,0.0973826,-0.00393786,-0.101043,0.845226,-0.1994,0.280511,-0.358176,-0.383893,-0.617809,-0.0377901,0.415905,0.102033,-0.391815,-0.531442,-0.484493,1.11421,0.432937,0.902722,1
0.272437,-0.123716,0.333199,1.10659,0.360575,0.220624,-0.300568,-0.728595,0.0222814,0.180897,-0.172336,-0.503511,0.112685,0.146189,-0.220537,0.350404,0.794529,0.793077,-0.171596,-0.0715396,0.297213,-0.474219,0.257649,-0.324306,-0.317677,-0.605625,1.50486,0.0658586,-0.458439,-0.669911,0.782294,0.150551,0.420556,0.839358,1
0.11756,0.738979,-0.23286,0.0492348,-0.218852,-0.0983365,0.123339,0.0120713,-0.08927,0.0178846,0.174026,-0.22357,0.32109,0.554655,-1.11483,-0.447357,0.0384723,0.310102,0.986746,0.375864,0.220193,0.553634,0.52269,0.66876,-0.827133,-0.00614749,-0.0474823,-0.440439,0.0809954,-0.129334,0.283356,-0.613406,0.445381,0.923311,1
0.483701,-0.299635,0.302979,-0.371945,-0.499299,0.181841,-0.72252,0.0374655,0.468411,-0.088447,1.67495,0.00199789,-0.47137,-0.119558,0.113386,0.858314,-0.91883,0.28343,-0.17832,-0.642612,-0.407269,0.311489,0.590362,0.507947,-0.320914,-0.232104,0.0201571,0.360154,-0.315186,0.135795,0.285571,-0.831701,0.477985,0.94936,1
-0.724965,-0.26065,-0.401336,0.000374503,-0.13507,-0.214717,-0.392949,0.520782,-0.0350831,0.162547,1.30949,0.061309,-0.198842,-0.205407,-0.0533044,0.0571046,0.96277,-0.43726,0.11163,-0.75864,0.833751,-0.5821,-0.150423,-0.126259,-0.243606,0.421077,-0.0150535,0.276979,-0.657422,-0.113329,0.0359718,1.51047,0.525758,0.917089,1
-0.153395,0.2555,-0.029486,0.314874,0.0343476,0.190354,1.29229,0.389226,0.169376,-0.0521252,0.0865688,-0.0735116,-0.413003,0.121813,0.214257,-0.0639393,0.376552,-0.924258,0.0313231,0.91224,0.484316,-0.146549,-0.328765,-0.0322299,0.575522,-0.416546,-0.468728,-0.0232532,0.708172,0.667458,0.499564,0.427936,0.518596,0.93115,1
-0.374774,-0.13242,-0.764658,-0.28652,-0.416785,0.240171,-0.699408,-0.144718,0.352682,-0.851682,-0.228946,0.808224,0.410587,0.289012,-0.44685,1.2717,-0.907017,0.307435,-0.493882,-0.260437,0.125524,-0.419845,-0.526331,-0.617858,0.62177,-0.354225,-0.437534,0.681065,0.0837916,0.188643,-0.514944,-0.0258613,0.441459,0.839115,1
0.554284,0.225228,-0.215527,-1.34772,0.427911,0.337202,0.39884,-0.174543,0.27189,-0.489607,-1.19735,-0.0754259,0.432661,0.079781,0.816676,0.0803752,0.819543,-0.119225,-0.63885,0.195167,0.99901,0.482024,-0.21902,-0.0906575,0.719744,-0.824079,-0.175939,-0.29916,-0.129326,-0.56725,-0.476303,0.241704,0.490704,0.939453,1
0.237524,0.0218532,-0.917251,0.462635,-0.481173,-0.351131,-1.25829,1.15307,-0.286316,-0.124858,-0.410882,-1.30945,-0.468708,-0.481257,-0.268138,-0.137039,0.7421,-0.660792,0.911369,-0.0734354,-0.378383,-0.411953,0.769721,-0.123957,-0.121209,0.41447,0.338493,-0.418129,-0.0637503,-0.220556,0.0208434,-0.445158,0.442044,0.90243,1
0.165279,0.0855861,-0.393897,-0.642878,0.19854,-0.931282,-0.336995,-0.383965,0.195502,-0.441187,-0.314803,-0.607606,-0.147402,-0.506701,-0.391884,0.857355,-0.0602214,-0.942213,0.0169372,-0.257829,0.292931,0.283596,-0.10624,-0.0196832,0.426947,-0.453605,-0.517636,0.11572,-0.174126,-0.161404,-0.123869,-0.943701,0.512813,0.79303,1
0.50628,-0.523048,0.00815908,-0.541165,0.108188,-0.246292,-0.440019,0.222583,0.0777214,-0.525842,0.231486,-0.226485,0.0613651,-0.303018,-0.280857,-0.49406,0.253769,-0.00522584,-0.422156,-0.173535,-0.321952,0.623539,0.397081,-0.158177,0.719599,-1.12007,0.437671,-0.424403,-0.107715,0.211946,0.19184,-0.348721,0.429101,0.808359,1
0.173675,-0.15442,0.00280234,0.0192588,0.0727244,-0.186296,-0.358898,-1.02336,0.0996088,0.0240744,0.223373,0.134989,-0.106492,-0.839899,-0.839645,0.111298,0.550712,-0.0355112,-0.149752,-0.205124,-1.03322,-0.38629,0.138048,-0.761173,-1.0548,-0.458645,-0.269556,-0.636502,0.06392,0.381842,0.110047,-0.291443,0.511839,0.844049,1
0.660977,-0.01096,0.393254,0.41166,-0.220366,-0.0843784,-0.263647,0.0521365,-0.365958,0.557315,0.149657,0.597014,0.586932,0.227893,-0.253241,-0.0611295,1.00078,-0.450666,-0.108336,0.0251921,0.566514,0.538348,-0.179253,-0.533041,0.295135,0.208624,-0.839469,0.0982826,-0.319714,0.213384,0.589329,-0.595035,0.458887,0.857214,1
-0.592783,-0.654871,0.474431,0.172534,0.113198,-0.606477,0.417042,0.54019,0.303893,0.0940935,0.0874992,0.583351,-0.725191,-0.61087,0.0978822,0.245532,-0.423672,-0.716101,0.0552906,0.761367,0.333312,0.00143666,-1.2207,0.329011,-0.258331,-0.420241,0.323951,-0.141793,0.110933,-0.0847669,-0.704223,-0.151855,0.485563,0.912247,1
-0.243082,0.400329,0.588596,-0.100753,0.341688,-0.620651,-0.332975,-0.620379,-0.476237,-0.702511,0.161247,0.489389,-0.362663,0.530826,0.392265,0.000960692,0.117486,-0.905137,0.151677,-0.555862,-0.824214,0.605183,-0.0816444,0.473594,0.696002,0.264332,-0.441426,0.543663,-0.215934,-0.00950391,-0.174526,-0.49155,0.442178,0.843021,1
-0.603217,0.0493113,0.912565,0.0656542,0.0033589,0.312063,0.486325,0.440065,0.17662,0.477464,-0.0443567,-0.00465645,-0.252305,-0.136286,0.154208,0.0460771,0.32275,-0.430496,-0.327869,-0.014982,0.0801714,0.632555,0.952649,0.142157,0.323533,-0.490081,-0.327796,0.750884,0.0367036,0.236352,-0.344726,-0.313586,0.488214,0.88706,1
0.668403,0.598025,0.461081,0.936327,-0.981953,-0.819029,-1.15656,0.225494,-0.160853,-0.161913,-0.659622,-0.135454,0.0193887,-0.666714,0.440456,0.250265,-0.48463,0.0182843,-0.19281,-0.0324471,0.164669,-0.398048,-0.18167,-0.177597,-0.0256604,-0.0371964,-0.170825,-0.122404,0.243741,-0.130951,0.271693,-0.529537,0.499146,0.785851,1
0.79687,0.453675,-0.321234,0.687462,0.137267,-0.0222651,-0.684818,0.481744,-0.380319,0.142765,-0.260348,0.374513,0.155673,-0.171173,-0.627462,-0.568971,0.658512,-0.131451,-0.288872,0.517254,0.459613,-0.0630904,1.03093,0.0818118,0.864358,0.521525,-0.752081,0.218235,0.368075,-1.01922,0.571826,0.229531,0.441921,0.825132,1
0.505483,0.264323,0.030577,-0.126717,-0.0267375,-0.766286,0.20198,0.0433617,-0.323661,0.0163593,0.162396,0.678365,-0.563945,-0.313127,0.159438,0.828328,0.0656753,-0.338856,0.230963,0.241625,-0.252212,0.0856838,0.327875,-0.168585,0.728292,0.0320539,-0.120346,0.10863,0.25094,0.21382,-0.176765,0.699652,0.495191,0.831702,1
-0.0104959,-0.551682,-0.498393,-0.302581,-0.515697,0.344515,-0.743377,0.214968,-0.0249696,-0.477117,0.474062,-0.0669881,0.175274,-0.0656313,0.588,0.680367,-0.977838,0.380332,0.91891,0.447545,0.0799016,0.281101,0.918419,0.484892,0.0743922,-0.000374343,0.287375,-0.471438,1.07089,0.726131,-0.353974,-0.365917,0.531805,0.809822,1
-0.00858298,0.0159567,0.143935,-0.15061,-1.15768,-0.133475,-0.38703,-0.462372,-0.0629792,0.0856149,0.479166,0.137795,-0.315622,-1.15508,1.22019,-1.14628,0.346128,-0.543032,-0.43369,-0.288074,-0.914582,-0.650597,-0.35167,0.345406,0.067953,-0.0590406,-0.109807,0.00786841,-0.0526522,0.791341,-0.319565,0.512983,0.537007,0.908214,1
-0.454691,-0.256973,-0.0213396,0.661364,0.60313,0.658106,0.324345,0.601076,-0.100243,0.401951,-0.237531,-0.303855,0.0916769,1.04462,-0.635586,0.612978,0.353315,0.430231,-0.424161,0.116134,-0.0292565,-0.67881,0.0999673,0.216094,-0.223513,-1.08675,0.433585,0.495387,0.437299,-0.402567,0.595684,0.681152,0.48119,0.884256,1
-0.200895,0.427556,-0.215564,-0.00526778,-0.395155,-0.355904,-0.0193915,-0.375574,-1.2737,-0.21908,0.668189,-0.563779,-0.33417,-0.428634,0.312947,0.268696,0.593025,0.0622129,-0.230419,-0.629177,0.0996544,0.356534,0.0313665,0.32121,-0.835386,-0.400024,-0.160135,0.0421761,-0.240356,-0.667331,-0.397488,0.119065,0.533912,0.862435,1
-0.537994,0.199623,0.40555,-0.0483904,0.491048,-0.959083,0.366666,0.641939,-0.908624,-0.494094,0.0552608,-0.508159,-0.134736,0.380855,0.318051,0.00963905,0.607592,-0.478382,-0.000856734,-0.181188,-0.417694,0.589382,0.55645,-0.628643,0.532904,-0.00856374,-0.615697,-0.442759,0.315879,1.24711,-0.40895,-0.511186,0.552853,0.788956,1
0.95,0.88,0.461572,0.492082,-0.383226,-0.164367,0.460918,-0.251752,-0.0180994,0.0136715,-0.338706,-0.477067,-0.176059,0.10463,0.355081,-0.266753,-0.0864354,-0.430474,-0.0483295,0.210947,0.198877,0.387955,-0.407808,-0.0479963,0.334937,0.221173,0.289944,-0.00107825,0.331107,0.383412,-0.288695,0.276257,0.48,0.2,0
0.275931,0.937348,0.308387,-0.136055,0.386552,0.300272,0.790912,-0.883598,1.2237,-0.0855928,-0.00472362,0.775239,0.290467,-0.309085,1.01254,0.393089,-0.282149,1.53406,0.711408,-0.527441,0.0256079,-0.170277,-0.192128,-0.481989,-0.428036,0.082926,-0.360861,-0.32273,-0.0486141,-0.874601,-0.078306,0.287041,0.553985,0.775663,1
-0.389065,0.792816,1.27832,0.748593,-0.45079,0.192051,-0.462128,-0.351834,0.0571736,0.755855,0.0766593,0.0497124,-0.00856745,0.0802959,0.1131,0.55946,-0.658193,0.602859,-0.150659,0.285494,0.602671,0.0680399,-0.567953,-0.493979,0.0526408,0.194974,-0.57156,0.441294,-0.107527,0.226031,0.304844,-0.221051,0.53124,0.870586,1
0.526568,0.343427,-0.77433,0.049603,0.0207716,0.092801,0.144726,-0.510222,-0.284115,0.56232,0.98281,-0.0902173,-0.370547,-0.361473,-0.245457,0.600249,0.412917,0.853646,-0.374759,0.255471,-0.98306,0.164533,0.773674,0.0593397,-0.00669026,-0.0358751,-0.437551,-0.29513,0.173901,0.254143,-0.359739,-1.18331,0.570708,0.912149,1
0.0799669,-0.831964,-0.312862,-0.589214,0.0330444,-0.630607,0.10685,0.182474,-0.802764,0.238561,-0.00227065,-0.119392,0.58111,-0.256804,0.891174,-0.246948,-0.622186,0.0477678,-0.431259,-0.0564288,0.669895,0.903457,-0.179868,-0.0855842,-0.523169,0.277869,0.480181,-0.403974,0.228903,0.0241247,-0.122126,0.258672,0.454076,0.839125,1
0.346553,0.419108,-0.139031,-0.162686,1.21653,0.179395,-1.09423,0.613976,0.39166,-0.479798,0.456105,-0.228301,-0.798144,0.619959,0.491089,0.265711,-0.117632,0.450015,-0.0303037,-0.184172,0.461131,1.15578,-0.00609779,-0.19139,-0.320589,0.115947,0.502995,0.318923,0.667731,0.601753,0.59252,-0.282147,0.493071,0.919612,1
-0.549199,-0.295561,-0.0185327,-0.685761,-0.720333,-0.154176,0.984339,0.145662,-0.167455,-0.376915,-0.425213,-0.18686,-0.681321,-0.455863,0.444395,-0.308797,0.175449,0.310854,-0.265302,-0.0770965,-0.508811,-0.201959,-0.378212,0.296877,-0.629231,0.161929,0.268412,0.480473,-0.30665,-0.410342,0.218493,-0.335637,0.575227,0.844746,1
0.35329,0.761459,0.352095,-0.150847,0.737712,0.259857,-0.677747,-0.686845,0.737342,0.715057,-0.526144,-0.246783,-0.564704,-0.182031,0.0631228,-0.93531,1.05454,0.560469,0.249441,-0.930487,0.0449753,-1.25429,0.197445,-0.362897,-0.0246782,0.545102,1.05761,-0.16551,0.228646,0.479901,0.0775235,0.409373,0.438226,0.765806,1
0.289315,0.168149,-0.256397,0.135198,-0.0202317,0.74618,-0.45254,0.483942,0.870412,-0.710084,0.338316,-0.475642,0.100779,0.586687,0.275244,0.781123,0.436806,0.452568,-0.326048,0.198149,-0.143612,-0.118888,-0.0749379,-0.424479,-0.517141,-0.00665147,-1.14806,-0.774234,-0.0257545,-0.772852,-0.0783029,0.296432,0.562072,0.852112,1
0.965991,0.65368,0.0804289,0.311859,0.992858,-0.403263,-0.57195,0.0362372,-0.0691846,0.18688,-0.583662,-0.561345,-0.245107,-0.0586317,-0.717905,0.184221,-0.323502,-0.171877,-0.295005,-0.0516049,0.272583,-0.0423183,0.388007,0.367389,-0.661953,0.477121,0.386423,-0.794591,0.164148,-0.294104,0.960773,0.163769,0.495153,0.832967,1
0.44519,0.370407,-0.0774703,-0.191909,0.502344,0.29562,-0.394088,-0.0788207,0.00222034,-0.293134,0.203671,-0.990618,0.13781,-0.00482398,-1.13827,-0.0641339,0.0573137,-1.3793,0.901969,0.840374,-0.00351032,-0.605103,0.263292,-0.386523,-0.140072,-0.918454,0.244268,-0.954063,-0.824649,0.189753,0.183185,-0.586334,0.514285,0.899215,1
-0.55885,-0.349798,-0.229199,0.460622,-0.592465,-0.950199,0.675146,-0.526635,-0.50419,0.352497,0.136971,-0.526593,-0.403213,1.00325,0.165113,0.569661,-0.846068,0.597601,0.891539,0.732247,0.203597,-0.485217,0.223895,-0.152059,-0.0382125,0.16074,0.19479,-0.212704,0.587756,0.762463,-0.525143,0.515199,0.578802,0.857169,1
0.0583161,-0.693325,0.325204,-0.216952,-0.655992,0.166798,0.746557,0.357925,-0.323496,-0.550704,-0.156251,0.126428,-0.163623,0.172032,0.476986,0.292191,0.698092,0.0775972,-0.368266,-0.106522,-0.995299,-0.207766,-0.260542,-0.453917,0.644645,0.0724102,0.15505,0.192319,-0.284349,-0.599028,-0.72793,0.7781,0.546722,0.895183,1
-0.741366,1.29041,-0.847777,-0.525122,0.746383,0.0917005,0.176364,-0.279765,1.06836,-0.0986369,0.023101,0.679892,-0.576424,0.389564,-0.191321,0.276304,0.750893,0.0487103,0.305777,0.187704,-0.460999,0.489763,-0.124394,0.14451,-0.434908,-1.53358,-0.203037,-0.278577,0.737237,-0.892122,0.221021,0.393853,0.521765,0.854557,1
0.0865816,-0.0460318,0.0307932,0.239164,0.319767,0.148078,-0.558475,-0.111406,-0.566623,0.0980269,-0.290974,0.364388,0.0698262,0.660366,0.849372,0.058472,-0.291378,-0.530472,0.48263,0.195333,0.433179,-0.599849,-0.509888,0.442842,0.619695,0.484093,0.144257,0.825758,-0.108112,0.0104526,0.139657,-0.515349,0.527997,0.788036,1
0.0470767,-0.323293,-0.742368,0.232963,-0.392876,-1.08004,-0.054975,-0.636941,0.278468,-0.285856,-0.416044,-0.210544,0.775783,1.42623,0.227156,0.358034,0.552401,0.394832,-0.393349,0.118554,0.0403076,-0.779685,0.545151,-0.0382565,0.182929,-0.572111,0.295035,0.310495,0.316782,0.432798,-0.323037,0.702243,0.549614,0.801944,1
-0.349865,-0.700036,0.0629564,-0.387038,-0.0453083,0.477297,0.553196,0.679354,0.235254,0.602198,0.0666327,-0.0020846,0.463781,0.460817,0.0909662,0.362227,0.807606,-0.334054,-1.30534,-0.663205,0.364278,1.37317,-0.379753,0.22892,-0.492329,0.0444521,0.0291775,-0.330969,0.679719,0.156729,0.581678,-0.423679,0.56721,0.775473,1
0.107639,1.28943,0.544541,-0.497224,0.41906,0.534416,0.179014,-0.0752485,0.0720556,0.377544,0.316233,0.481528,-0.0840659,-0.314329,-0.159551,-0.856525,-0.112486,0.731105,-0.23272,-0.188961,-1.10556,-0.0535854,0.175408,0.147935,-0.484364,-0.246265,-0.36056,0.153128,0.129804,0.336304,-0.662655,1.30734,0.573425,0.924243,1
-0.28214,1.22401,-0.358957,0.711555,-0.0850966,0.23248,-0.691261,-0.159979,0.693648,-0.297425,-0.517795,1.06578,0.424543,0.698404,-0.176967,0.875554,0.140344,-1.08319,0.518596,0.757002,-0.168157,0.277432,0.467371,-0.195738,-1.19164,0.602791,0.0394587,-1.0181,0.341383,-0.422359,-0.128734,-0.648284,0.556399,0.947253,1
0.163313,-0.124265,-0.176884,0.0819566,0.284085,-0.552958,-0.0125877,-0.225947,0.432985,0.186314,-0.890167,0.392262,1.18415,0.787117,0.214851,-0.20251,0.476943,0.404262,-0.627507,0.069772,-1.27029,0.778847,-0.837636,0.448509,-0.119939,0.0495826,-0.447261,-0.656414,-0.438619,-0.0578965,0.0872699,0.156677,0.471296,0.796986,1
0.289032,-0.123183,0.166475,-0.666804,0.258585,-0.156644,-0.351659,-0.330496,0.168497,-0.375863,-0.513956,0.227311,0.386979,-0.457851,0.277987,0.378043,-0.434928,0.737214,-0.394692,0.15567,-0.362196,-0.313157,0.141485,-0.190726,0.441811,0.776528,-0.19222,-0.312219,0.201014,-1.4223,-0.117284,0.0845086,0.489164,0.866926,1
0.95,0.88,0.0263293,0.432892,-0.440887,-0.462137,-0.185808,0.18935,-0.194609,0.363774,-0.235139,0.0937083,-0.227508,-0.145701,-0.33465,0.394782,-0.160962,-0.126068,-0.284507,-0.365723,0.362404,0.0100554,-0.010995,0.382676,-0.246111,-0.0847114,0.480888,-0.0480568,-0.192774,0.411875,0.4249,0.413244,0.48,0.2,0
-0.913692,-0.215419,-0.0316879,-0.0155687,0.0576433,-0.189958,-0.167398,-0.0789753,0.931479,-0.84882,-0.0165664,-0.0267825,-0.144971,-0.527995,-0.616861,1.09535,-0.0236217,-0.680278,-0.454651,-0.187616,0.671436,-0.0865097,0.0259275,-0.0295502,0.204299,-0.804692,-0.71746,-1.07109,-0.30731,0.737566,-0.0915865,-0.667177,0.530673,0.931377,1
-0.0509888,0.556868,-0.65726,0.571404,0.1766,0.0449136,-0.136611,0.529818,-0.189497,0.112463,0.41429,-0.343928,-0.265708,-0.450862,0.171751,0.589286,0.526981,1.08114,1.31342,0.075774,0.521862,-0.435748,0.321513,-1.17977,-0.10357,0.0813634,0.797534,-0.0252509,0.67207,0.309327,0.296558,0.210049,0.486176,0.808949,1
-0.204185,0.509854,-0.466427,-0.167861,0.58613,-0.0169145,-0.0922487,-0.125878,0.0885633,-0.817832,0.255704,-0.593098,-0.356654,-0.578496,0.217618,0.545766,-0.345364,0.236666,0.383559,-0.305671,0.343957,-0.265633,-0.334964,-0.324372,-0.129097,-0.202464,0.133787,0.468093,0.124318,0.227449,0.419296,0.339172,0.571828,0.862256,1
-0.0321791,-0.640552,0.406188,-0.144234,-0.0863539,-0.0934791,0.91507,0.236811,-0.334646,-0.115883,-0.159545,-1.16196,0.27314,0.410786,-0.391652,-0.956787,-0.201207,0.297609,-0.0684805,0.510688,0.036736,-0.679774,-0.194689,0.441184,0.850188,0.031564,-0.455104,1.01827,0.423364,-0.412032,-1.05686,-0.654417,0.531282,0.867241,1
0.515532,-0.58194,0.25316,0.686423,0.657988,0.0653221,-0.166353,1.21803,0.577061,-0.225524,0.665534,-0.745981,0.414976,0.382224,-0.181974,0.535241,1.29452,-0.125384,-0.0249663,-0.340148,-0.512595,0.330521,-0.241373,0.121627,0.312209,-0.520838,0.220436,-0.0874561,-0.0369866,-0.199972,0.738078,-0.154019,0.561166,0.896839,1
-0.336745,0.21708,0.215907,-0.288489,-0.66056,0.093005,-0.228315,-0.659142,0.405931,-0.132162,0.271796,0.050247,0.00617732,-0.155165,0.854125,-0.163878,-0.015784,0.0618728,-0.48766,-0.296176,-0.359892,0.557857,-0.473849,-0.352633,0.483021,0.267645,-0.176337,0.966129,-0.162436,0.644565,0.289453,0.407116,0.473048,0.85994,1
-0.25724,0.577292,0.30518,0.55575,-0.045418,0.361506,-0.349577,-0.196172,-0.455374,0.411842,-0.185167,0.951241,-0.0388592,-0.161494,-0.320025,-0.256934,-0.141823,0.042786,-0.295886,-0.482696,0.207403,0.0759883,-0.0367164,0.261482,0.470453,-0.246549,-0.890938,-0.267164,-0.0707274,-0.471624,-0.348785,0.191825,0.423422,0.827309,1
0.567566,0.421153,0.560207,0.328517,0.0918359,-0.583044,0.198323,0.664473,0.0835917,0.0557982,-0.685721,0.584323,-0.294563,0.480584,-0.0336662,-0.364869,-0.275295,-0.153111,0.504966,-0.446404,-0.566281,0.29171,0.0520034,0.70536,0.593285,0.279021,0.702817,-0.0463189,-0.367097,0.546614,-0.95878,-0.55467,0.473459,0.937543,1
-0.00820262,-0.613164,-0.691959,0.2191,-0.301402,-0.684648,0.282556,-0.242263,0.319702,-0.1036,0.266249,0.197613,-0.773659,0.490743,0.48185,0.18782,0.901,-0.115098,-0.729826,0.297008,0.271664,0.0514076,0.170967,-0.212551,0.468809,-1.36252,-1.19167,-0.588269,0.524912,-0.101971,-1.1829,-0.149259,0.575269,0.772291,1
-0.792191,0.104545,-0.422514,-0.229635,-0.385357,0.0612168,0.339594,-0.359165,-0.0622064,-0.399319,0.10345,0.401092,-0.523814,-0.705977,0.121886,0.121251,0.146698,-0.390077,1.14513,-0.251271,0.16085,-0.447299,-0.337566,-0.410549,0.340862,0.0373362,0.347601,0.0453629,-0.462155,-0.0447819,-0.153674,0.470435,0.431208,0.808718,1
1.23768,0.552301,0.118687,-0.594551,0.128106,0.327964,0.0498047,-0.0311922,-0.713884,1.38075,-0.507211,0.252668,0.620754,-0.39372,0.181144,-0.579185,0.025112,0.544405,-0.259133,-0.182182,0.583218,-0.392066,-0.00594263,-0.871298,-0.42965,-0.0402245,0.165219,0.274758,0.163011,0.0219576,0.347935,0.152523,0.55801,0.90005,1
0.206971,0.582412,-0.846307,0.168331,0.773991,0.307587,0.131735,0.131186,-0.596649,-0.249519,0.295316,-0.393161,-0.176307,-0.0699366,-0.501197,-0.0186351,-0.00671945,-0.173257,0.723239,0.205193,-0.486497,0.916652,0.0116812,-0.174749,-0.271831,0.834044,-0.0382064,0.566946,0.189551,-0.473122,0.184123,0.234964,0.514473,0.819317,1
0.575219,-0.00212164,-1.2248,0.214889,0.319322,0.853517,-0.506628,0.0303809,0.229884,0.773425,0.00573638,0.250537,0.268686,0.00211078,-0.00842394,0.974095,-0.151808,0.360391,-0.342146,0.900098,0.00320634,0.00152874,-0.155705,-0.714473,-0.0327213,-0.606818,-0.178093,0.318497,-0.385738,-0.817251,0.0507038,-0.481888,0.577832,0.788343,1
0.20866,0.855234,-0.672596,0.132555,0.814049,-0.0904673,0.430729,0.0130218,-0.445869,0.875488,0.191755,0.0843223,-0.65726,-0.250325,0.00672358,1.01818,-0.00902298,0.504944,0.187532,0.224722,-0.35768,-0.0488965,0.942323,0.392952,0.377502,-0.0249685,-0.563395,-0.220372,0.130453,0.137282,0.0175597,0.0821462,0.495281,0.766503,1
-0.544446,-0.331769,0.634516,0.586392,-0.145116,-0.673001,-0.123026,0.57254,0.382529,0.0910814,-0.605094,0.438599,-0.0572388,0.0780229,0.415849,-0.105966,0.107523,0.360403,-0.180594,-0.207406,0.333313,0.0295875,0.0887882,-0.216621,0.774513,-0.623411,0.84736,-0.369632,-0.128033,-0.279338,0.364868,1.16134,0.449856,0.772268,1
0.424122,-0.27666,-0.106624,-0.299564,-0.29825,-0.0893044,-0.330643,-0.654979,0.988614,-0.780181,-0.431339,-0.407474,-0.179243,-0.564455,0.332365,0.00347316,0.632366,-0.096106,-0.170207,1.12651,0.260492,-0.654134,-0.313862,-0.0302228,-0.0379298,0.13581,-0.139696,-0.485337,0.0169401,-0.331291,0.490136,-0.358631,0.487015,0.809554,1
0.446995,-0.402664,0.424852,0.0916535,-0.222262,0.185273,-0.3136,-0.021167,1.22937,0.454036,-0.153865,0.0573683,-0.721728,0.792976,-0.164559,-0.346857,-0.702634,0.171085,0.100669,-0.219305,-0.833345,-0.487592,-0.192968,-0.674711,0.51227,0.727133,-0.106484,0.380576,-0.512923,0.28149,0.190997,-0.384208,0.45043,0.85159,1
0.339275,0.114659,-0.0733225,0.787037,0.149998,0.214577,0.0370005,-0.0181063,-0.707023,0.0346242,-0.58637,-0.735558,-0.267779,0.934625,-0.835628,-0.0178907,0.0617041,1.2355,-0.376442,-0.218355,-0.31368,0.380497,0.050776,-0.283898,0.016374,0.843488,-0.871043,-0.0589281,-0.998794,-0.238654,0.629521,-0.536882,0.569686,0.919007,1
-0.050664,-0.323042,0.370197,-0.334646,-0.227317,-0.356601,0.308003,0.926247,-0.063487,-0.335124,-0.0388573,0.576643,-0.0712532,-0.301891,0.124018,-0.250153,-0.249583,0.566414,-0.548314,-0.170039,0.553771,-0.143477,-0.1972,-0.0149395,0.0169023,0.133512,0.971414,-0.384128,0.477825,-0.046309,0.401118,-0.524504,0.463943,0.771629,1
-0.120037,0.545831,0.590009,0.890094,-0.607029,1.14651,-0.0308814,0.0391697,0.163745,0.179713,-0.183888,-0.303838,-0.077608,-0.981868,0.314155,-0.876077,-0.466215,0.805826,0.26304,-0.518561,-0.84888,-0.2935,0.154656,0.58681,-0.406987,0.241436,-0.36087,0.0876928,-0.574255,-0.203832,-0.460042,0.431439,0.542263,0.774588,1
0.508934,-0.199659,0.348327,0.532278,-0.270215,-1.27561,-0.646935,-0.329911,1.35206,0.127364,0.744849,-0.115379,0.276497,-0.606977,0.190008,0.0476886,-0.0445348,0.242177,-0.686013,-0.584751,0.439132,-0.7739,0.0893519,-0.00819976,0.177951,0.4242,0.282548,-0.597096,-0.163713,-0.41791,-0.505212,-0.0108024,0.494075,0.77193,1
0.488901,0.356418,0.283098,-0.796124,0.634264,0.144496,0.167746,-0.891716,0.023754,-0.0450528,0.425803,0.196989,-0.301041,0.157649,-0.0602796,-0.781579,0.0331512,0.0468804,-0.269079,-1.12503,0.430875,0.604734,-1.31437,0.0541881,0.00557644,-0.726652,0.29121,0.418682,0.417151,0.107379,0.369428,0.452403,0.446517,0.862222,1
-1.0822,-0.00598593,-0.587196,-0.101696,-0.274223,-0.779204,-0.490691,0.570924,-0.038471,-0.0987798,-0.306741,-0.201839,0.568452,-0.172467,0.532441,1.02233,0.733367,0.217141,0.025359,0.039122,-0.502102,0.157812,0.399714,0.947465,-0.0663021,0.264544,0.0111053,-0.728274,-0.00650112,-0.106356,-0.418094,-0.4295,0.566482,0.771882,1
-0.594967,0.701952,0.372865,0.0401149,0.143051,0.447258,-0.426119,0.0102034,0.193027,0.106528,0.973871,0.0139727,-0.40765,-0.58361,0.715327,0.274743,-0.439965,0.173198,-0.0902774,-0.111552,-0.161237,-0.112732,0.137035,0.443783,0.250568,-0.837064,0.0113311,-0.814842,0.14446,-0.344,0.00942557,0.0712707,0.549064,0.873347,1
0.143903,0.0116482,-0.883423,-0.193359,0.291864,-0.091684,0.77388,0.117306,0.476663,0.141006,0.622822,-0.719437,0.400338,0.822664,-0.223851,-0.0793335,-0.947789,0.224178,0.532474,-0.326156,-0.151796,0.193953,-1.43235,-0.313468,0.00753652,0.881801,0.814522,-0.244593,-0.0211198,-0.34621,-0.0289128,-0.000918121,0.548661,0.866039,1
0.199612,-0.278365,-0.772645,0.480662,-0.181867,0.298096,-0.249837,0.159207,-0.109026,0.212776,0.692379,-0.563341,-0.435766,-0.105791,0.0236183,-0.0498034,-0.0268619,-0.135384,0.996871,0.417609,0.103505,0.137829,-0.585415,-0.157969,-0.468886,0.663426,0.661155,-0.412798,-0.81923,-0.0415958,-0.671336,0.59633,0.446274,0.895636,1
-0.422055,0.38851,-0.192501,-0.747138,-0.375605,0.677282,-0.257869,-0.506001,0.302311,0.172494,-0.032402,-1.2255,0.331982,-0.375323,-0.0286393,0.245713,-0.234548,0.191843,0.300562,-0.645003,-0.501158,0.195647,0.592422,0.341679,-0.400598,1.04705,-0.400941,0.0963009,0.571521,-0.204271,-0.493525,0.44531,0.569405,0.946666,1
0.239843,0.04301,-0.111123,-1.07522,-0.827976,-0.199206,0.515206,-0.650309,0.0978075,-0.460133,-0.827111,0.641614,0.019014,0.0249663,-0.819512,-0.4102,0.051681,-0.827447,-0.930454,-0.24544,0.321697,-0.544355,0.815679,0.199343,0.396876,-0.416279,0.738675,-0.653319,-0.73768,0.0254606,0.332773,0.825754,0.462166,0.948194,1
-0.53141,-0.139708,0.0393164,0.530412,-0.645603,-0.252676,0.739644,0.0831363,-0.28373,0.211247,-0.192756,-0.706612,0.113924,0.422147,-0.218443,0.496273,-0.337558,0.574472,0.471166,-0.404954,-0.00972763,-0.10375,-0.475489,-0.530554,0.19882,-0.284654,-0.176135,0.422278,0.566761,0.127608,0.126342,0.321691,0.579852,0.805779,1
-0.482783,0.806492,-0.36068,-0.828475,-0.113631,-1.00767,-0.118095,0.94225,0.703268,0.414817,0.437236,0.245692,-0.0272813,-1.00687,0.010758,-0.462398,-0.39942,0.0470851,0.407676,0.203654,-0.101212,-0.302359,-1.1563,0.553012,0.391173,-0.160957,0.0378135,-0.662497,0.83873,0.066638,-0.356156,0.279098,0.510132,0.924747,1
0.390453,-0.46666,0.438884,-0.60816,0.330969,-0.160263,0.696504,-0.174532,-1.04817,-0.514603,-0.555962,0.339386,0.628966,-1.27884,-0.961029,-0.66132,-0.901255,-0.0414863,0.00690863,0.271387,-0.813564,-0.186258,0.405875,0.111523,0.185166,-0.420336,0.53329,0.118387,-0.190535,-0.00886383,0.304325,0.576294,0.525296,0.856984,1
0.0377623,-0.546123,0.173064,0.449015,0.227764,-0.137899,-0.0358115,0.99252,0.421778,-0.50964,-0.175283,-0.38978,0.117684,0.896075,-0.786521,-0.160722,-0.54507,-0.5979,-0.533408,0.00162835,0.483515,1.45163,0.205378,0.331015,0.491942,-0.138292,0.361566,0.422194,0.797943,0.738705,0.206304,-0.636571,0.500227,0.803592,1
-0.498724,0.250276,-1.05397,0.465065,0.118078,-0.432037,-0.11211,0.41305,0.928204,0.726712,0.107831,-0.16258,0.301699,0.461956,-0.238399,0.350675,0.239126,0.665305,-0.217357,-0.0983403,-0.414597,0.492867,-0.3456,-0.020594,0.384442,-0.025636,-0.183368,-0.276442,0.540891,-0.0104345,-0.124431,-0.522691,0.574213,0.80767,1
-0.0519615,0.274601,-0.380814,0.0034601,-0.554164,-0.60813,-0.0113087,0.507412,0.166763,-0.26903,0.389445,0.167424,-0.385364,0.256539,-0.480821,-0.905064,-0.556869,-0.0959466,-1.03984,0.348175,-0.514148,0.198386,0.501373,0.207168,0.566593,0.173529,1.28377,-0.943415,-0.215475,-0.038768,-0.0188877,-0.189161,0.51495,0.914099,1
-1.22287,0.769039,0.0604682,0.139007,-0.22945,-0.497061,-0.891563,-0.298018,0.102535,-0.0715889,0.0407498,-0.479033,0.410377,0.310709,-0.286754,0.99038,0.909999,-0.108685,-0.850517,-0.515447,0.0232553,-0.318313,0.0171662,0.209461,0.698282,0.329329,1.05877,-0.0666844,-0.462712,-0.71659,0.117373,0.238338,0.489243,0.761407,1
0.00460565,0.0244247,-0.768055,0.28692,-0.145401,0.153754,0.450853,0.0632689,0.0618848,0.181123,-0.34403,0.175407,-0.245517,0.10379,-0.0799847,0.307654,0.345895,-0.326468,-0.00894712,0.0553095,-0.0705236,-0.248593,-0.967939,-0.686436,0.416619,-0.18331,0.0247174,0.260243,0.245569,-0.417744,0.0216469,-1.02768,0.535613,0.84268,1
0.240538,-0.485669,-0.0755607,-0.108284,-0.169188,-0.239037,0.260307,0.615601,-0.361719,0.463179,0.126551,-0.480051,0.282833,-0.225775,-0.441679,0.300001,0.632117,-0.379421,-0.35937,0.182424,-1.12706,0.992897,-0.591016,0.10414,-0.71237,-0.330091,0.25098,-0.0492065,-0.639693,-0.0824568,0.162038,0.254421,0.575642,0.885303,1
0.295052,0.225555,0.346222,0.337684,0.190122,7.95,0.252734,0.321068,0.150826,0.383059,0.212231,0.243301,0.199678,0.196001,0.240608,0.376852,0.173364,0.11904,0.153215,0.322038,0.179635,0.294597,0.192859,0.394669,0.37305,0.331179,0.290009,0.131795,0.283292,0.158373,0.171768,0.188184,0.52,0.82,1
-0.439712,0.128578,0.288673,-0.410454,-0.663182,-0.628777,0.751721,1.01899,0.170122,-0.788555,0.404568,0.276372,-0.199654,0.163841,0.509567,0.858143,0.0577225,0.22681,0.259465,-0.259547,0.107524,0.0652188,-0.440303,-0.579379,-0.105011,-0.0322769,0.382426,0.437272,-0.191365,-1.38431,0.0601248,-0.447795,0.475469,0.796085,1
-0.600713,0.125288,0.203172,0.970644,0.903457,0.702527,0.496826,0.0130943,-0.110664,-1.13733,-1.10177,-0.124759,-0.662849,0.223018,-0.449105,0.846857,-0.109577,-0.820123,0.395834,-0.993794,0.589809,0.613243,0.247977,-0.200692,-0.682058,0.180482,-0.689291,-0.512926,-0.141824,-0.200066,0.268799,0.117795,0.469797,0.767004,1
0.706101,0.340891,0.0155318,-0.158455,-0.452245,-0.464215,0.449488,0.336505,0.306483,-0.392,-0.364218,0.547246,-0.260985,-0.337081,0.0444383,-0.0387401,0.196325,-0.0312993,-0.0422567,-0.132265,0.0391983,-0.724108,0.0495298,-0.33579,-0.69458,0.106821,-0.898842,-0.300842,0.575284,0.189671,0.741526,0.279811,0.521519,0.912762,1
0.66275,0.158933,0.00505159,0.809691,0.0651104,0.185642,-0.641956,-0.0979155,-0.463666,0.205914,-0.3401,-0.798773,1.09033,-0.334035,-0.467829,-0.631976,-0.268083,0.314078,-0.0945861,-0.193243,-0.0927872,0.750244,-0.159972,0.712797,0.452324,-0.118121,-1.1219,-0.508644,0.0752184,-0.181543,-0.200631,0.0168869,0.505738,0.917427,1
0.105886,-0.641389,-0.468809,-0.0693927,-0.0254872,0.531847,0.566819,0.443066,-0.0511167,-0.283764,0.574561,-0.441444,0.366568,-0.0844568,-0.397369,-0.326425,-0.0985873,0.210066,0.0313602,0.371496,0.31503,-0.189994,1.08288,-0.330074,-0.506275,0.564818,-0.239156,0.909975,-1.09737,-0.647449,-0.434746,0.814661,0.442857,0.832509,1
-0.0375968,-0.301029,-0.190653,0.356562,-0.198616,-0.448292,-0.317803,0.1169,1.12811,0.239299,-0.736089,0.623562,-0.631253,-0.0646348,0.214952,-0.52972,-0.154336,0.297625,0.391148,-0.0836901,0.362403,-0.094164,-1.04218,-0.00901241,1.03132,0.595129,-0.30386,0.0221252,-0.0215013,0.170355,0.193064,-0.688918,0.45437,0.762487,1
-0.588704,0.119395,-0.281522,-1.41787,0.229304,-0.0912182,0.252627,1.00995,-0.536372,0.43832,0.576162,0.10386,-0.000627029,-0.276736,-0.0678342,-0.122982,0.815911,-0.0391653,0.528947,0.0316697,0.667045,-0.0828627,0.0880179,0.352506,-0.626723,-0.623294,0.401031,0.898848,0.365318,-0.0975348,0.814663,-0.170573,0.529872,0.781679,1
1.00491,0.649072,-0.836633,0.725332,0.0305905,0.40255,-0.400975,-0.0468448,-0.8927,-0.958752,-0.858381,0.155982,-0.156581,0.562452,-0.344918,-0.0587171,-0.336139,0.23045,-0.544272,0.570567,-0.0988406,0.14137,-0.214123,0.257682,-0.162399,-0.498001,-0.916657,0.152434,0.958267,-0.378192,0.247019,0.101488,0.525239,0.930176,1
-0.0757057,0.491278,-0.212788,-0.113138,0.429447,0.252932,0.00636966,-0.403984,-0.158599,1.04706,-0.316758,0.0813874,0.488853,-0.213319,0.178744,-0.372214,0.326659,-0.314119,0.185561,-0.00108464,-0.859382,0.321516,0.768578,-0.211046,-0.696959,-1.12431,-1.25207,0.401105,-0.00852049,-0.685511,-0.196885,0.147764,0.573459,0.909098,1
-0.191365,0.156224,0.55654,-0.464872,-0.26413,0.125541,0.0703247,0.148979,-0.688359,0.823742,0.103661,0.00362984,0.119768,0.826737,0.343532,-0.357606,1.07675,0.438122,0.291757,0.367593,0.151459,0.510898,-0.110483,0.331388,0.450957,0.254599,0.348162,-0.0594069,0.499448,0.355278,0.0538872,-0.350046,0.425192,0.811888,1
-0.177293,0.513573,-0.106682,0.495534,0.485358,-0.430503,0.122685,-0.263542,0.273287,-0.262546,-0.855555,-0.61013,1.20114,-0.892359,0.270595,0.445484,0.21471,-0.0688643,0.621616,-0.23057,0.0332007,0.231772,0.183453,0.157978,-0.812545,0.046708,-0.072017,-0.0213022,-0.568194,0.337455,-0.0838657,-0.230448,0.489413,0.834072,1
-0.600776,0.137853,0.0461728,0.772671,-0.176844,-0.0231979,-0.0438132,-0.303987,1.09962,0.446679,0.43397,0.451141,-0.519785,0.427123,0.366086,0.192253,-0.365698,0.435374,0.141955,-0.815394,0.520723,-0.752371,0.683699,0.206293,-0.168128,0.390052,0.278398,-0.921743,0.85024,0.39205,0.185823,0.232515,0.552014,0.83166,1
-0.121034,0.472194,0.377766,0.264795,0.205714,-0.598337,0.490394,-0.169345,0.500928,0.0715038,-0.084364,-0.588151,0.00675723,-0.248911,0.468505,0.0961077,0.311169,0.0544979,-0.359803,-0.450908,-0.28216,0.130992,-0.366858,-0.310601,0.271504,0.085769,0.380393,-0.716633,-0.118869,-0.325058,-1.24023,-0.715538,0.476497,0.929969,1
0.251756,0.196085,-0.614112,-0.279448,-0.244217,-0.245198,0.136167,-0.503426,-0.499709,0.559583,-0.514027,0.566776,-0.111799,-0.264503,-0.424209,-0.434747,0.539312,0.606845,-0.0693083,0.0971273,0.352293,0.556039,-0.190988,-0.237596,-0.206909,0.46594,0.882738,-0.297351,-0.244797,-1.00246,-0.457652,0.832503,0.426505,0.830234,1
0.431252,0.547697,-0.330118,-0.213445,0.0465359,0.461481,0.49547,0.359004,0.558466,-0.0187963,-0.927301,-0.21815,0.289867,0.129412,0.850293,0.297162,-0.0691195,-0.103813,0.165835,-1.08004,0.391911,0.404564,0.137921,-0.0505659,-0.125798,-0.0820538,-0.598389,0.286979,0.665858,-0.0306215,0.261489,0.0968073,0.44403,0.943944,1
-0.71283,-0.881866,0.32041,0.407881,-0.139157,0.0717373,-0.25625,1.08776,-0.0619446,0.0137423,0.309814,-0.192955,0.9132,0.423809,-0.336703,0.494769,-0.0810395,-0.0300621,-0.408529,-0.32569,0.129998,0.184518,0.116051,-0.526802,-0.715451,-0.0976646,-0.545613,0.0700029,0.337692,-0.780575,0.781212,0.208487,0.476604,0.887713,1
0.188314,-0.541538,-0.588951,-0.261795,-0.0239309,-0.432354,0.386311,-0.164445,0.149363,-0.608388,0.132145,0.275118,0.572011,0.0788867,0.376604,0.812441,0.472616,-0.446314,0.883611,0.606655,1.24967,0.16763,1.03927,-0.0370079,0.192749,-0.0138047,0.915224,-0.144493,-0.470925,0.238325,0.135633,0.143724,0.505826,0.831762,1
0.172357,-0.185281,-0.763988,-0.14448,-0.295681,0.359783,0.43396,0.293714,0.1,-0.8393,-0.347541,0.805251,0.180616,-0.0352955,0.148607,0.23985,-0.591894,0.140884,-0.611174,-0.439654,0.619446,-0.488095,0.121923,-0.149382,-0.248326,-0.107149,-0.0328523,-0.527812,-0.558152,0.345416,-0.0235936,-0.508895,0.55788,0.874096,1
-0.630006,0.573458,0.414831,-0.836101,-0.689729,-0.0191536,0.624653,0.67831,0.378971,-0.881154,-0.477868,0.598381,-0.379198,0.334466,-0.475065,0.417111,0.610393,-0.657924,-0.590376,-0.598436,0.073061,-0.276113,-0.293139,-0.6022,0.478504,-0.256398,-0.531705,-0.582629,0.0377777,0.510202,-0.636623,-0.478069,0.453973,0.847235,1
0.261601,0.477089,0.386745,-0.0300959,-0.488605,0.596118,0.473635,-0.411653,0.0638433,-0.193078,0.14266,0.25234,0.443102,-0.419394,-0.111604,0.339523,0.312117,1.28477,0.0808249,-0.0882346,0.564267,-0.751801,0.179859,-0.441664,0.72851,-0.512861,0.0767189,-0.997849,0.214172,-0.230165,-0.554598,-0.282767,0.4327,0.923545,1
0.0691634,-0.341439,0.163142,0.30373,-1.09439,-0.228906,-0.129419,-0.271773,0.160922,0.370498,-0.796798,-0.194797,-0.432786,0.324152,0.153318,-0.426382,-0.000225786,0.0552157,-0.206451,0.264922,0.349104,0.523666,0.956187,0.0863573,0.293484,-0.317781,-0.229935,1.08973,0.666276,-0.0617291,0.0343782,0.563439,0.489602,0.903986,1
0.299142,-0.301446,-0.0581726,0.117062,-0.583062,0.217483,-0.0570391,-0.0892678,0.712236,0.0862711,-0.370762,0.259622,-0.481925,-0.105422,-0.0114349,-0.450611,0.159819,-0.647335,-0.403523,0.172539,0.761601,0.374404,-0.0267224,-0.955267,0.243067,0.462575,1.59954,-0.420316,0.0207789,0.145864,-0.976071,0.596817,0.525318,0.83903,1
0.621551,-0.0678583,0.290955,0.261495,0.202364,0.686992,0.109743,0.962689,-0.728198,0.597599,-0.343153,-0.396474,-0.0680923,0.488518,0.896022,-0.179723,0.301163,-0.687424,0.455296,0.336441,-0.247009,0.537557,-0.313122,0.691793,0.111183,0.0590231,-0.773971,0.230737,0.33984,-0.529372,-0.762147,-0.222147,0.575961,0.848202,1
-0.868546,-0.205235,0.313435,-0.483745,0.258726,-0.458551,-0.153721,-0.492575,-0.979007,-0.396882,0.315975,0.771234,-0.306437,0.595961,-0.104413,0.28624,-0.551593,-0.69553,-0.52445,-0.084239,0.468958,0.625323,0.022973,-0.479746,-0.212635,0.0777687,-0.203617,-1.08024,-0.0963195,0.367271,0.0869071,0.429495,0.444528,0.92216,1
-0.0346284,0.509095,0.304319,-0.992662,-0.404523,-0.0723535,0.620914,0.873081,-0.0145388,-0.0119654,0.164745,-0.102264,-0.21695,0.63436,-0.0836585,1.00451,0.297007,0.172118,1.15366,-0.138215,-0.104591,0.11828,0.10734,0.648079,0.248389,0.191594,-0.077688,0.267344,0.869228,-0.39936,0.0182803,-0.0323824,0.446083,0.794745,1
0.770363,0.16393,0.0783797,-0.37594,0.823704,-0.225152,-0.0174387,-0.217484,-0.22565,-0.168184,-0.749854,-0.21261,0.463111,-0.138402,0.498378,0.215888,0.318559,-0.92568,0.774542,-0.0542733,1.14659,0.0320167,0.852703,-0.15695,0.260674,0.0448866,-0.111797,-0.225617,-0.465802,0.825615,-1.61722,0.858072,0.503979,0.841894,1
0.869202,0.635417,-0.840689,0.0824642,-0.162403,-0.500549,-0.0389261,0.0555454,0.604036,0.34141,0.0271197,0.2143,0.563713,0.22101,-0.292445,0.23809,-0.67427,-0.233438,0.123149,0.694083,0.494571,0.803432,-0.0536673,0.082915,0.00722324,0.646799,-0.440197,-0.321704,0.500045,-0.981471,-0.211614,-0.370972,0.425393,0.850339,1
0.477467,-0.656211,0.083046,0.996638,-0.517267,-0.358561,0.444924,0.216649,0.272614,0.0733181,-0.259701,-0.282335,0.192441,-0.408398,0.369204,0.344795,0.11777,0.398624,0.272957,0.670777,0.257568,0.445465,0.120776,-0.762029,0.566284,0.0895176,-0.415165,-0.0858543,-0.174024,-0.937126,0.583598,-0.0208728,0.440326,0.795358,1
0.787458,0.282119,-0.00987178,0.295281,0.581019,0.360852,0.726153,-0.663765,0.117847,0.652529,0.496235,-0.0252917,0.79819,0.389904,-1.74786,0.904935,-0.0619163,-0.00940628,0.796683,-0.0320009,-1.37662,0.709263,-0.225658,0.524745,0.502202,0.587225,-0.687686,2.8521e-05,-0.11716,0.267494,-0.758502,0.476592,0.489173,0.835241,1
0.95,0.88,0.0286684,-0.325833,0.125218,0.468137,-0.337811,-0.419665,-0.0261769,-0.00903917,0.232443,0.194307,-0.476123,-0.111529,-0.143344,0.323801,0.0251317,0.0394363,-0.174555,-0.362373,-0.318969,0.333765,0.390551,0.363888,0.312989,-0.207557,0.160351,0.441403,-0.476944,0.425725,-0.208802,0.332078,0.48,0.2,0
-0.718683,0.430433,-0.0661619,-1.42145,0.358396,-0.00455002,0.268695,-0.518522,-0.214323,0.0374838,-0.35614,-0.644772,-0.234634,-0.833041,0.0971589,0.987395,-0.278348,0.298178,-0.357414,-1.83401,0.9008,1.04552,-0.263663,0.717142,0.181621,-0.193402,0.747702,-0.379555,0.890312,0.279865,0.0923894,0.571183,0.494362,0.835118,1
-0.218262,-0.331301,0.100196,0.184832,-0.627416,0.552378,-0.462678,-0.627194,0.19896,0.553268,0.792491,-0.941593,-0.766848,-0.253041,-0.0528911,0.717637,0.167471,-0.561081,-1.15609,-0.279144,0.150603,-0.248781,0.242826,0.608275,-0.412437,-0.102114,0.398314,-0.308542,0.312676,-0.762,-0.00155867,-0.144708,0.571154,0.86253,1
0.0201536,-0.165287,0.521208,-0.951766,0.223339,0.11717,-0.0540858,0.442458,0.119987,0.0237118,-0.0448244,0.332565,0.0696677,-0.627209,-0.183014,0.072906,-0.526281,-0.0897527,-0.251315,-0.130931,0.383384,-0.760136,-0.312042,-0.695091,-0.549503,-0.55316,-0.930691,-0.357837,0.784742,-0.424611,-0.322804,-0.291486,0.49553,0.912993,1
0.670928,0.179654,1.00956,0.197983,-0.415307,0.634287,-0.162809,-0.128625,-0.0743249,0.337268,-0.133052,0.333192,-0.393284,0.10713,0.662833,-0.264731,-0.517311,0.534271,0.515771,0.266017,-0.0563686,0.20051,0.288519,0.548666,0.550925,-0.0640687,0.361977,-0.403223,-1.58748,-0.256268,-0.189652,0.0409431,0.50104,0.945025,1
-0.0829398,0.728665,-0.282978,0.451076,-1.43127,0.58651,0.531575,-1.26894,0.392879,0.124736,-0.0262981,0.215196,-0.239683,0.0215204,0.443616,1.14787,0.50852,-0.377964,0.103948,0.0121308,0.290054,0.188044,-0.498374,-0.0995802,-0.043837,-0.302016,-0.367362,0.60646,0.304918,-0.289065,0.166269,-0.0636318,0.46222,0.915146,1
0.303973,-0.290896,1.03298,0.409408,-0.0770543,0.153228,-0.0162332,0.145013,-0.199135,0.455933,0.221765,-0.335289,0.157488,-0.890698,0.313468,0.534393,-0.146886,-0.33789,-0.645719,0.331942,-0.288128,0.366119,0.146874,0.321976,0.2889,-0.0183849,0.408501,0.615013,0.131802,0.54174,-1.06683,-0.287855,0.471806,0.917751,1
-0.829782,0.603531,0.0883967,-0.508057,0.00853945,-0.536681,-0.0963457,-0.234979,-0.817344,-0.0577464,0.223795,0.558788,0.296894,-0.0112134,0.720527,0.563336,-0.468031,-0.664097,0.123495,-0.0770241,-0.139182,0.0717243,-0.472301,0.390359,0.0132511,0.782334,-0.590765,0.473839,0.721905,1.27965,-0.586765,0.0413115,0.507345,0.779137,1
0.617689,-0.328278,0.0595701,-0.686874,-0.426519,-0.0100652,0.532103,-0.073516,0.567043,0.258755,1.36182,-0.161585,0.00705604,-0.57049,1.13948,0.785042,-0.295037,0.0489723,0.0960253,-0.862406,0.76164,-0.584968,0.41535,-0.246099,-0.2113,-0.429566,-0.289788,-0.43167,-1.09782,-0.238324,-0.104128,-0.794449,0.490546,0.846479,1
-0.409359,-0.593812,0.378001,0.618457,-0.543438,1.20523,-0.16646,-0.583882,-0.405333,-0.409477,-1.62088,0.380943,-0.698512,0.650335,-1.07473,0.124656,-0.465449,0.0175936,0.0296644,-0.939275,-0.142418,-0.490146,-0.24255,-0.624135,-0.0773131,-0.554568,-1.33783,0.559595,-0.803379,-0.140947,-0.726622,-0.507702,0.497425,0.82612,1
-0.912184,-0.0876034,0.139973,0.79509,-0.280993,1.40981,0.746805,0.695721,-0.558904,-0.14504,0.127413,-0.323996,0.0284097,0.101603,0.734732,-0.142869,0.417982,0.36761,0.118475,-1.06864,0.0805203,-0.116504,-0.0858324,-0.388742,-0.104402,-0.545019,-0.928089,-0.0948257,0.680519,-0.839243,-0.243701,-0.884792,0.451075,0.776456,1
-0.833147,0.414841,-0.276331,0.372823,-0.0164673,-0.230719,-0.614198,0.0160561,-0.239239,0.907774,-0.66475,0.137091,-0.607145,-0.186438,0.337581,-0.521414,1.02664,0.551729,-0.70542,0.492122,-0.283062,-0.441118,-0.66234,-0.142469,0.576517,-0.0693513,-0.0692261,-0.240211,-0.0998188,0.509522,0.196392,0.683167,0.565689,0.922553,1
-0.576604,-0.179859,-0.213334,0.877706,0.655365,0.180568,-0.193822,-0.373505,-0.795533,0.184405,0.101849,0.0850852,0.285491,0.55415,-0.66326,0.208494,0.358854,-0.329635,0.838417,0.584291,-0.650804,-0.173439,-0.343855,-0.00982485,0.49662,0.59198,0.84198,0.0102804,0.410276,1.09483,0.332989,-0.12748,0.447684,0.789423,1
0.0260168,0.16692,-0.0318612,0.0170163,0.0303366,0.565457,-0.451571,-0.0131795,0.0631792,0.336461,-0.971214,0.174875,-0.812462,0.483778,0.245272,-0.388702,0.0699217,0.438595,0.0577276,0.663413,0.311799,0.222733,-0.015433,-0.479211,0.69299,0.580773,0.167341,-0.530115,-0.0359891,0.85201,0.272509,0.0482963,0.562137,0.868542,1
-0.0355913,-0.511106,-0.77417,-0.732037,0.203201,-0.315296,-0.103307,0.409936,-0.411799,0.0981556,0.144451,0.520849,0.954954,0.880088,0.0562337,0.3863,0.320901,0.268747,-0.0888044,-0.436621,0.226689,0.594378,-0.467133,0.726039,-0.224417,0.802952,0.15145,0.159978,-0.608817,-0.364146,-0.111312,-0.635285,0.534197,0.768793,1
-0.418211,0.196698,0.302979,0.37818,-0.476042,0.071242,-0.286152,-1.08422,-0.272477,0.740508,0.262857,0.169742,0.0440228,-0.556497,-0.034976,0.152124,-0.811214,0.407167,0.421154,-0.450595,0.657482,-0.103849,-0.397199,-0.632097,0.587743,0.363657,0.167552,-0.928128,0.429981,-0.453469,0.132846,-0.101173,0.431147,0.928775,1
-0.0128912,0.052247,0.599924,-0.363654,0.0389385,-0.10002,-0.302475,0.354459,-0.230295,-0.249024,0.41537,0.265383,0.345515,-0.115707,0.302201,-0.537176,0.692289,0.186971,0.885067,0.307002,-0.517988,-0.0853299,0.23177,-0.512244,-0.40339,-0.525621,-0.367597,-0.101337,-0.0788416,-0.352388,-0.274999,-0.134004,0.518405,0.947102,1
0.20027,-0.772855,-0.754129,0.00292488,-0.132236,0.264318,-0.982206,0.43392,-0.289001,0.47082,0.68362,0.502357,0.0320263,-0.236354,-0.485736,0.18502,-0.0213231,0.488239,0.294627,-0.0261381,0.362352,-0.170276,0.491761,-0.290857,-0.0777886,-0.0689901,-0.814545,0.368526,-0.256925,0.17834,-0.236571,-0.387527,0.435169,0.876667,1
0.0959927,0.485053,-0.398813,-0.790562,0.475893,0.217875,-0.248364,0.268812,0.333433,-0.449021,-0.0976229,0.00438303,0.862866,0.586865,0.413885,0.095766,-1.35033,0.394527,0.38915,0.281243,-0.229483,-0.412029,0.161366,-0.882548,0.429659,-0.12264,0.555775,-0.637367,-0.00583285,0.430618,0.263306,0.145184,0.538888,0.949972,1
-0.0393168,-0.925179,-0.951811,-0.654144,-0.268132,-0.00584768,-0.548693,-0.0742059,0.751704,0.132254,0.319509,-0.0370323,-0.176727,0.265511,-0.28041,0.172913,-0.360729,-0.438077,0.320007,-0.914375,-1.27631,0.309556,0.0951284,-1.10425,0.549647,0.205825,1.56325,0.0316331,-0.0437213,1.0305,-0.0782407,0.684714,0.514716,0.885862,1
-0.567825,-0.709441,-0.432853,0.458663,-0.0387251,-0.400675,-0.132438,0.123629,0.472929,-0.356603,0.0875158,-0.155689,-0.35184,-0.556423,-0.546502,-0.13915,-0.948616,0.228737,-0.0932196,0.1643,-0.117124,-0.0923122,0.605181,0.680354,0.722606,-0.319576,-0.56832,0.126062,-0.204131,-0.293135,-0.791542,-0.580046,0.463943,0.914776,1
-0.229127,0.168813,0.0360495,-0.0443281,-0.0166787,0.790638,0.276964,-0.290268,0.144303,-0.145855,1.10612,-0.457988,-0.127043,-0.74395,0.885214,0.085309,0.606009,0.823663,-0.151664,0.318194,0.588707,-0.781098,0.875279,0.496746,-0.654164,-0.249038,-0.560263,-0.0477963,-0.480388,0.395099,-0.152147,0.371219,0.427831,0.850376,1
-0.553324,0.58579,-0.153132,0.223468,0.602692,0.325454,0.130312,0.185194,0.775906,-1.09965,0.482009,0.0103087,-0.380397,0.712247,0.19454,0.146662,-0.0918195,-0.867569,0.369766,0.245173,0.787444,-0.1147,-0.133919,-0.614638,-0.287983,0.129805,-0.391113,-0.95456,-0.61514,0.61447,-0.42492,0.24782,0.578484,0.767906,1
0.607605,0.201635,-0.380628,-0.566173,-0.433156,-0.0495699,-0.350283,0.267773,-0.41358,0.122161,0.252423,0.240473,0.559394,-0.323953,-0.135804,-0.557902,0.372557,0.498851,-0.0859369,0.91875,-0.62862,0.287533,-0.125152,0.262112,0.277574,-0.595692,0.658299,-0.728154,0.224699,0.399208,-0.0144091,0.331539,0.563903,0.876635,1
-0.395645,0.17739,-1.07266,0.183553,-0.370243,0.680608,0.632684,-0.153593,-0.436098,-0.241118,-0.359842,0.511309,-0.195337,0.233641,0.745719,-0.34308,-0.385131,0.201363,-0.511377,0.684722,-0.45637,0.225442,0.95179,-0.836919,-0.201516,-0.0674491,-0.427506,0.0950119,0.0150166,0.268305,0.704408,-0.978939,0.512579,0.913971,1
0.259817,-0.543072,0.266065,0.132307,-0.00348677,0.0264976,-0.359107,0.398759,0.136046,-0.947098,0.0462307,0.0285535,0.167539,-0.183215,-0.191809,-0.249627,-0.0360408,0.589591,0.415908,-0.859068,-0.508446,-0.608845,0.161326,0.151431,-0.632882,0.95044,-0.544993,0.84013,0.2062,-0.224929,0.879514,0.433083,0.5144,0.833437,1
-0.272824,-0.342903,0.462087,0.523001,-0.142455,-0.307617,-1.10914,-1.012,0.313511,0.484399,0.669732,-0.321175,-0.832594,-0.291384,-0.0580954,0.786769,-0.439522,0.129207,-0.0166238,0.095073,-0.601602,0.442864,0.271678,-0.32057,0.872264,-0.41264,-0.293216,-0.0794974,-0.53393,-0.0987928,-1.07854,-0.107925,0.524877,0.880759,1
0.413674,0.64379,-0.790044,0.10079,-0.30312,-0.393575,0.581933,-0.834664,0.0104313,-0.916797,-0.391335,0.125254,1.39875,0.487692,0.792039,0.433562,-0.0870939,-0.113937,-0.786634,-0.278762,0.590677,-0.700044,0.505574,-0.243144,-0.507193,0.288016,-0.2288,-0.111054,-1.04122,-0.174161,0.902331,0.24071,0.469258,0.871345,1
-0.181603,0.49228,-0.267332,0.0391638,-0.25078,0.491504,0.17383,-0.148063,0.18724,0.120953,-0.103974,-0.99769,0.30689,0.379645,-0.173391,-0.0511483,-0.251499,0.12752,-0.328516,0.850308,-0.536934,-0.549959,0.280493,0.425497,-0.120649,0.762783,0.137698,0.703743,-0.151657,-0.334034,-0.646541,-0.256676,0.485104,0.887941,1
-0.485218,0.11822,0.126828,-0.433446,-0.747778,-1.17622,-0.137424,-0.193244,0.162113,-0.432678,-0.372405,0.230775,-0.1159,-0.392159,0.270103,0.0865237,0.0478416,-0.0625086,0.41639,0.422645,-0.774934,0.224857,0.0115739,0.7313,-0.160121,0.144607,0.799901,-0.392947,-0.186851,-0.222745,0.121221,-0.046872,0.453781,0.910384,1
0.458883,0.450987,0.0936311,-0.188923,0.18309,0.242655,0.68102,-0.370271,-0.435919,-0.972392,1.00564,-0.573506,0.285493,-0.144456,-1.19397,-1.11405,-0.0220001,-0.0938995,-0.740682,0.203375,-0.0195259,0.0845459,-0.272714,-0.583966,1.0305,-0.298724,-0.609771,-0.246938,0.290522,-0.295316,0.29539,-0.549771,0.504057,0.814926,1
0.328115,0.279419,-0.194128,-0.334549,-0.186254,0.440056,0.550672,-0.287517,0.243157,-0.2202,0.353684,-0.312372,-0.485287,-0.130873,0.369794,-0.341657,0.394877,-0.803881,-0.814761,-0.262802,-0.45438,-0.755484,0.051944,-0.313275,-0.371795,0.629445,-0.00679104,0.282768,-0.470937,-0.215078,0.584598,-0.419698,0.426217,0.883238,1
-0.24587,-0.208546,1.14286,0.478594,0.0605138,0.155721,-0.181011,0.0332692,-0.0857948,0.805202,-0.50229,-0.00934404,-0.0235491,-0.016899,0.201112,0.20666,-1.13153,0.579144,-0.575662,-0.257372,0.094238,0.612751,0.160793,-0.603683,-0.738662,0.546565,-0.276298,-0.172015,0.0646901,-0.390196,-0.0127404,-0.408261,0.42681,0.908527,1
-0.923382,0.0536185,-0.619121,-0.254633,-0.355282,-0.465046,0.909536,0.0402986,0.340688,-0.295071,0.256059,-0.277125,0.945913,-0.204484,0.542433,-0.687188,-0.265007,-0.592189,-0.105082,0.755797,0.310866,0.158707,-0.863007,-0.593055,0.47794,0.0691061,0.340581,0.187251,0.403062,0.31815,0.235825,-0.0165907,0.457881,0.859173,1
0.721447,-0.217538,-0.284765,0.712393,-0.0333029,0.0244576,0.218676,-0.236709,-0.44461,-0.577139,0.0945075,0.768552,-0.236271,-0.3389,0.328268,0.573341,0.478035,0.106564,0.372824,0.519711,-0.221531,-0.456836,0.56777,0.845166,-0.375226,0.284209,-0.13008,1.13575,-0.25456,0.961465,-0.67942,-0.0492985,0.570671,0.779132,1
0.551603,-0.749323,0.512882,-0.257152,-0.113341,0.455828,-1.1277,1.10252,-0.193179,0.444157,-0.183489,1.17068,-0.311359,-0.303565,0.596581,-0.480596,0.422237,-1.15047,0.0285349,0.306954,0.719423,0.33685,0.413217,0.219845,-0.243282,-0.277386,-0.824722,-0.0969065,-1.01268,-0.210654,-0.171546,-0.288127,0.507164,0.805801,1
0.625871,0.0764347,-0.466646,0.148437,-0.0108397,0.768777,0.0908394,-1.1519,-0.5792,-0.351001,-0.165986,0.766958,-0.262941,0.409144,-0.131435,0.286548,-0.0651293,-0.361837,-0.104341,0.0523545,0.524433,-0.979424,0.227602,-0.149082,-0.396781,-1.05375,-0.047963,-0.0255779,-0.372917,0.743152,0.359556,0.0967467,0.565451,0.808452,1
0.321192,-0.496213,0.558674,0.339918,-0.738414,0.298857,-0.236683,0.174257,0.967977,0.330467,-0.545219,0.234956,-0.533167,-0.974455,0.228403,0.230391,-0.0271933,-0.171877,0.688,-0.859977,0.655452,0.327446,0.311153,0.254564,-0.471325,-1.18404,-0.131838,-0.293889,-0.505777,0.265342,0.669203,1.25273,0.450844,0.815161,1
0.334184,0.22559,0.421236,-0.0190908,-0.0504764,0.598841,0.353078,0.648192,0.248459,-0.786712,-0.148919,0.610041,0.293558,0.54817,-0.171216,0.0986572,0.126859,0.331171,0.242627,-0.187858,-0.756667,-0.361777,-0.267066,-0.0405486,-0.393967,-0.53552,-0.0798532,0.0175658,-0.411045,0.100925,0.352342,-0.459596,0.447418,0.922908,1
0.594332,-0.436748,-0.519103,-0.544486,-0.248089,0.471353,0.189475,-0.693642,-0.180959,0.508449,0.499255,-0.740668,0.671348,0.823024,-0.334494,0.021595,-0.868129,0.286246,-0.639759,0.129712,-0.294104,-0.732159,0.109391,-0.0391991,-0.409068,0.415611,-0.852996,-0.513419,0.352955,-0.540084,0.256239,0.724853,0.51275,0.884799,1
-0.0997843,-0.716839,0.982207,0.125263,0.0465989,-0.221966,-0.30984,0.366185,-0.156385,-0.820199,0.053385,-0.725836,-0.350642,-1.18674,0.0387182,0.689235,-0.141491,0.200512,-0.985831,0.30175,0.147549,-0.0907513,0.552909,-0.0629762,0.488509,-0.024847,-0.0483595,0.156758,0.067471,-0.762607,-0.3545,0.122717,0.510386,0.763385,1
1.34551,0.476497,0.346189,-0.543695,-0.0936157,-0.107244,0.0434394,0.409491,0.411932,0.195632,0.322024,-0.429826,0.174132,0.762624,0.108032,0.36327,-0.086812,0.0212915,0.22849,0.115506,0.522159,-0.0309341,-0.576683,0.292278,-0.191003,-0.101948,0.184574,-0.273101,0.390226,-1.08545,0.556503,-0.752443,0.447752,0.943896,1
0.486756,-0.157436,0.564863,-0.669217,-0.23434,-0.289116,-0.158868,-0.128384,0.433641,0.631888,-0.00141843,-0.505195,0.129541,-0.735882,-0.507423,0.0951386,-1.24484,-0.555703,0.146526,0.212716,-0.31212,-0.256432,-0.559289,-0.473825,1.10788,-0.247809,-0.543001,-0.563633,-0.0441271,-1.05828,-0.689199,0.553446,0.537281,0.786983,1
-0.193417,0.594618,-0.242546,-0.337709,0.0706706,0.0677153,0.128151,-0.466683,0.120243,0.566325,-0.490478,0.282061,0.560513,-0.908346,-0.871099,0.31943,-0.404465,0.478943,-0.197551,0.102926,-0.933381,-1.10954,0.333858,-0.856649,-0.094092,-0.352449,-0.463284,0.332705,-0.327887,-0.931882,-0.369936,-0.121059,0.463031,0.869471,1
0.370025,0.224344,-0.364358,0.153039,-0.970457,0.508182,-0.217652,-0.531424,1.18554,-0.195183,-0.673733,0.381644,-0.500891,0.111668,0.245235,0.702222,-0.503541,0.819809,-0.288686,-0.103287,-0.0534388,-1.19885,-0.385956,-0.121389,0.0522079,-0.533372,-0.124435,-0.0850665,-0.432987,1.0435,-0.189639,0.678371,0.521994,0.855542,1
-0.869027,-0.292723,0.90637,0.721497,0.52121,0.191108,-0.341592,0.316694,0.169531,-0.906555,-0.199047,-0.540111,0.474352,0.300198,-0.307059,-0.108113,0.789836,-0.0453127,0.474812,-0.35196,-0.518344,0.529504,0.378916,-0.170288,0.35525,0.322163,-0.395135,-0.757714,-0.945499,-0.415025,-0.468488,0.678202,0.576387,0.83489,1
-0.695382,0.187728,-0.110718,-0.468441,0.126098,-0.0771448,-0.0762508,0.437932,1.21759,-0.615193,0.380856,-0.124982,-0.40007,-0.36567,-0.221048,-0.545009,-0.713716,0.239137,-0.421004,-0.0879655,-0.0554388,-0.124184,0.270309,0.629661,0.985035,-0.309186,-0.726768,0.251686,0.153254,0.274657,-0.51704,0.0798824,0.52822,0.847716,1
0.715102,0.149797,0.29168,0.378853,0.627954,-0.182585,-0.422852,0.579634,-0.651454,0.0801933,0.237645,-0.076695,0.0299129,0.736465,-0.255713,-0.34842,0.641646,-0.18585,0.794288,-0.536034,0.0933242,0.634616,0.513765,-0.672432,0.877118,1.10001,-0.285246,-0.107062,-0.030333,-0.767406,0.352278,-0.423682,0.473737,0.853291,1
0.000183217,-0.00914327,0.00789506,-0.116078,-0.134099,-0.0554761,0.676174,0.121765,-1.02736,0.656616,0.294771,0.202306,-0.07768,1.13803,0.737147,0.0519671,-0.304195,0.0278056,0.266352,-0.00829256,0.335355,0.535262,-0.109861,-0.909515,0.312241,0.477123,-0.685269,0.0500139,-0.237244,0.0249275,1.18827,0.439936,0.475584,0.932616,1
0.758933,-1.04456,0.533808,0.838288,-0.0595974,0.615587,0.241361,-0.593071,0.639482,0.396679,0.452673,0.428735,-0.123238,0.522972,-0.412159,0.319878,-0.14653,0.348664,-1.39701,0.473483,0.312427,0.21844,-0.350664,0.239685,-1.11003,0.864875,0.879104,-0.115792,0.207598,-1.275,0.255868,0.188271,0.553036,0.76565,1
-0.942377,0.0471567,0.796668,-0.0840425,0.0141189,-0.16304,-0.157372,-0.590967,-0.702735,-0.34481,-0.114903,-0.303408,0.360174,-0.597609,-0.363538,0.33969,0.012491,0.445496,-0.265287,-0.0472773,-0.491544,0.773186,-0.659801,0.208455,0.0692879,0.322698,-0.360378,0.0993727,-0.426652,0.562081,0.0830014,-0.343683,0.485771,0.813318,1
0.455834,0.755971,-0.482123,-0.690013,-0.696874,-0.110749,0.29387,-0.637945,-0.285928,-0.688671,0.0470699,-0.269013,-0.102834,-0.296499,-0.129703,-0.604099,0.108099,0.547986,0.413929,-0.740226,-1.28289,0.410091,0.0713021,-0.0924188,0.585218,-0.219249,0.827782,0.325281,0.465555,0.399863,0.560824,0.498907,0.466788,0.832804,1
-0.855853,0.0759272,0.799999,-0.422923,-0.390563,-0.835225,0.739222,-0.566119,0.468075,-0.133435,0.0197482,0.89656,-0.41355,-0.550008,0.506171,0.0511478,0.365438,-0.173147,0.914144,0.360733,0.208761,-0.434323,-1.26928,0.955059,0.157512,-0.439707,-0.549422,-0.0992067,0.258924,-0.33817,-0.605203,-0.501556,0.453865,0.941202,1
0.431509,-0.90776,-0.506712,0.494807,0.00452157,-0.228846,0.602685,-0.491758,-0.383605,-0.905252,-1.16069,-0.432133,0.980654,0.0569285,-0.356409,0.615274,0.725252,0.466947,0.0452621,0.803837,0.246728,0.129255,-1.05828,0.6557,-0.331701,-0.0807401,0.0106142,-0.321279,-0.435995,-1.41316,-0.336455,-0.147912,0.498887,0.792252,1
-0.497836,0.970991,-0.0742504,-0.514283,0.397994,0.214744,0.11607,0.568415,-1.40272,-0.741462,-0.130469,-0.680849,0.477205,0.192216,-0.226963,-0.395026,-0.269932,0.908574,-0.346399,0.736108,0.726063,-0.345143,0.161032,0.322006,0.480471,0.0734834,-1.152,-0.173154,-0.0127643,0.085191,0.709581,0.151351,0.547926,0.920849,1
-0.400525,-0.183127,0.0360283,0.185118,-0.129277,-0.394073,0.0641543,0.902567,-0.681395,-0.0080677,0.805731,-0.957973,0.423932,0.724342,-0.506745,-0.288129,-0.541197,0.571583,0.198941,0.867668,-0.0862109,-0.354963,-0.109158,0.0121195,0.0269931,0.771329,-0.268012,-0.0673271,-0.885737,0.237583,-0.0303686,-0.884335,0.517463,0.805002,1
-0.241319,-0.215142,0.114084,0.575794,-1.27405,1.16643,0.211829,-0.0336437,-0.579104,0.975,0.45617,-0.451652,-0.043402,0.495149,0.208008,-0.0499855,0.0182867,-0.585014,-0.43349,-0.0757722,-0.203634,-0.652518,-0.294142,-0.0647141,0.908021,-0.0620388,-0.78681,0.285384,0.164407,-1.2165,0.213828,0.356925,0.517234,0.813209,1
-0.306549,0.23586,0.0541113,-0.494173,0.207995,0.142805,0.235332,-0.202154,0.801267,0.544594,-0.453462,0.00754791,-0.53793,0.542872,0.0617593,0.78492,0.762517,0.151391,1.20587,-0.272167,1.2428,-0.563331,-0.924482,0.229941,0.528241,-0.196416,-0.612785,0.110327,0.696713,-1.3319,0.158886,-0.699859,0.529702,0.799046,1
0.0711375,1.07941,-0.306145,-0.34443,-0.102332,-0.521931,0.0809735,-0.821027,-0.213184,-0.585206,-0.0892931,0.649335,-0.377291,0.327771,0.073529,-0.210209,0.121613,-0.0548329,0.317041,-0.33819,0.00347079,0.228325,0.210653,-0.214697,0.706541,0.374704,0.806982,-0.126532,-0.0533567,0.246393,-0.0461856,0.203744,0.566531,0.937844,1
-0.0615003,0.131465,0.211876,-0.152027,0.703297,1.34618,-0.281568,0.152501,-0.14542,0.115477,-0.331669,-0.104768,1.34755,0.590237,0.313458,0.285925,0.133628,-0.430477,0.412645,-0.348854,0.400555,-0.476648,-0.35125,-0.236797,-0.345565,0.176249,-0.513049,-0.911253,-0.295577,-0.360353,-0.216978,-0.0995953,0.558715,0.941098,1
0.106148,-0.846092,0.285355,0.476595,-0.341134,0.044449,0.164051,-0.115875,-0.261455,0.685944,0.681865,0.892915,-0.391846,-0.844404,-0.760128,0.479533,-0.66232,-0.121796,0.175343,0.136233,0.215305,0.555282,0.461035,-0.786172,-0.168415,-1.17661,-0.0964987,-0.718043,0.192449,0.824906,0.399229,0.151574,0.532728,0.833635,1
-0.142389,0.315827,0.242418,-0.209337,-0.437868,0.10033,-0.253766,0.383085,0.632151,-0.107639,0.0978489,-0.722003,0.371329,-0.249895,0.159877,0.383202,-0.0253528,-0.0928286,0.306128,-0.567003,0.513019,-0.118128,-0.470281,-0.228406,0.0160022,0.451603,0.288225,-0.226185,-0.712592,0.0565249,0.359413,-0.57827,0.525688,0.927211,1
-0.299533,-0.502662,-0.772977,-0.355537,0.909616,0.0948973,0.866635,0.313368,0.482867,-0.156752,1.27077,0.0276877,0.539332,-0.55646,-0.524775,-0.469285,-0.773605,0.155036,-0.0879588,0.451757,0.238565,-0.370813,-0.144375,0.368198,-0.773334,-0.154778,0.066516,-0.165789,-1.09997,0.20262,-0.120454,0.307101,0.47404,0.799383,1
0.0868082,-0.411173,-0.11762,0.179625,-0.745879,-0.0246445,0.245267,0.306266,0.0613018,0.435049,0.441725,0.217075,-0.21421,-0.0129123,-0.120573,0.574026,0.188056,0.632699,-0.453124,-0.293278,-0.190851,0.47321,-0.923474,-0.542744,-0.312109,0.107248,0.401809,0.296777,-0.927088,-0.0377766,0.0496252,-0.301931,0.431087,0.823807,1
0.513881,0.0617622,-0.10965,0.132492,0.630874,0.0807184,-0.248616,0.894505,0.646735,-0.327802,0.305188,0.629903,-0.243514,0.101962,-0.013122,-0.431625,0.230685,0.147627,1.01182,-1.27357,-0.324081,0.357873,0.250931,-0.247203,0.227121,-0.135569,-0.181477,-0.485406,-0.0787534,0.556173,-0.021598,-0.178422,0.52513,0.924255,1
1.06959,-0.545743,-0.598077,-0.251285,0.445851,-0.111247,0.162803,0.225438,0.417942,-0.091488,0.0924501,0.728536,0.0715763,-0.0997174,-0.00848631,0.0251831,0.555134,-0.808097,0.781325,-0.0688522,0.562117,-0.50484,-0.0240549,0.0908363,0.293002,-0.24109,-0.148079,0.475865,-0.0541034,0.0185872,0.0834276,-0.458916,0.503388,0.901454,1
0.434013,0.276227,-0.157503,-0.0880572,0.460823,0.35637,-0.248594,0.614785,0.230096,0.229775,-0.133282,-0.300605,0.421364,0.61306,0.454833,-1.01471,-0.695759,0.440649,0.386337,0.150721,0.582185,0.377799,-0.432492,-0.254489,0.596622,-0.540739,0.39139,-0.485052,0.00480656,0.477029,0.382079,0.279947,0.579989,0.778399,1
0.181665,-0.269363,-1.02469,0.195123,-0.000142262,0.109317,0.396758,-0.39088,-0.604346,-0.0830433,-0.844378,-0.252863,-0.723955,0.65772,0.0461988,-0.00384108,-0.504021,-0.582334,0.186343,-0.692973,-0.133289,-0.398244,-0.193029,-0.82797,0.368952,0.945029,0.206216,-0.0575419,1.06209,0.496103,-0.164395,-0.730948,0.560008,0.896491,1
0.252055,-0.02637,0.620878,-0.220369,-0.53316,0.601036,-1.14849,0.259445,0.651631,0.487258,-0.555626,0.0704757,0.223272,0.42967,-0.490295,0.0237879,1.31264,0.255594,-0.910402,-0.871104,0.549891,0.47805,0.416106,0.124767,-0.0748998,-0.337319,0.265072,-0.47158,0.296759,-0.220725,0.416308,-0.143183,0.553822,0.89598,1
-0.0829885,0.386221,-0.00737188,-0.233542,0.214486,-1.21545,-0.0611384,0.5968,0.626067,0.740243,-1.07271,0.274903,-0.0510644,-0.264931,0.297528,0.120481,0.154476,-0.0448925,-0.695957,-0.477531,-0.766625,-0.0173439,-0.0556479,-0.110828,0.54812,-0.192222,0.121887,0.312148,-0.427107,0.520815,-0.302343,-0.387066,0.429234,0.856532,1
-0.709735,0.378146,-0.107717,0.406097,-0.0495781,-0.518177,-0.0297714,-0.179888,-0.750159,-0.0589852,-0.103444,-0.0888114,-0.545644,-0.158395,0.118375,0.324017,0.403007,0.147984,-0.0348265,0.0239648,0.616974,-1.11545,0.452346,0.632692,-0.413311,0.168426,-0.489826,-0.461632,-0.143472,0.219506,0.112297,-0.13687,0.471395,0.941691,1
-0.202258,-0.391931,-0.574293,-0.188032,-0.698184,-0.113319,-0.0673783,1.24945,-0.386761,-0.586049,-0.212958,-0.314349,-1.19568,-0.944684,0.795573,-0.295986,-1.5809,0.441298,-0.217546,-0.153952,0.141513,-0.0715969,-0.18659,0.299453,-0.740164,-0.743045,-0.140806,0.127528,0.130129,0.517605,-0.601421,-0.186334,0.523009,0.902334,1
0.490964,-0.601774,0.0895007,-0.855255,-1.06386,-0.0891041,-0.31965,-0.212089,-0.562653,0.175923,0.0409933,0.458864,0.157603,0.945261,-0.461606,0.15783,-0.510833,0.353875,-1.15689,-0.286607,0.829592,-0.0713479,-0.709111,0.239018,-0.661781,0.391684,0.120819,-0.173724,-0.241288,-0.825696,-1.32417,0.346664,0.480585,0.861105,1
0.154047,-0.30225,0.359117,-0.586626,0.398424,-0.497958,0.842587,-0.209248,0.28483,0.251999,-0.757302,0.600718,-0.495937,-0.185657,0.712004,0.254582,0.479427,0.0201381,-0.403512,-0.286693,-0.306221,-0.417213,0.297531,0.241751,0.32944,0.774375,-0.338993,-0.430573,-1.07499,0.381145,-0.471878,0.140721,0.537334,0.926587,1
0.174773,-1.04258,-0.115044,-0.0571956,0.822906,-0.252609,-1.22483,-0.654704,0.822847,0.0351116,-0.146461,0.752147,-0.134414,0.356202,0.534453,-0.0264385,0.463248,-0.552497,0.176671,0.106339,-0.0395562,-0.257319,-0.807854,-0.37271,0.171381,0.0652638,0.965022,0.564103,0.286939,0.310337,-0.850831,-0.39648,0.456866,0.909777,1
-0.0804342,0.318436,0.735572,0.256852,0.747876,0.991329,-0.0193929,0.126733,1.1545,0.377637,-0.457111,-0.284198,0.164961,0.296191,-0.109692,0.499219,-0.231655,0.347012,0.33428,-0.521424,-0.0330351,0.311047,-0.0895378,0.398587,-0.283381,-0.729323,-0.335729,0.625895,0.305306,-0.968201,0.589705,-0.518477,0.432037,0.780381,1
-0.488187,-0.341697,0.316852,-0.0635349,-0.663821,-0.936832,-0.14641,-0.141432,0.372171,-0.119894,-0.211934,-0.478701,0.19192,-0.427015,0.228383,-0.0648515,-0.126353,-1.36791,0.713083,0.563122,0.440491,-0.808125,0.466206,-0.173098,-0.291199,0.473506,0.277381,0.537443,0.728416,-0.439747,-0.417087,0.250627,0.464215,0.870631,1
1.25461,-0.0376631,-0.308692,0.821932,0.270092,-0.369293,-0.114294,0.757449,-0.777944,0.200303,0.00456631,0.259768,-0.142507,0.558728,0.306775,-0.0416224,-0.312293,-0.174429,0.71059,0.539258,0.303116,-0.728818,0.522038,0.0266944,-0.0486149,0.909807,0.110742,-0.511328,0.0518878,0.292296,0.381981,-0.243009,0.446208,0.872528,1
0.517399,-0.0443986,-0.217151,0.708454,0.563797,-0.330122,0.313199,-0.0930807,-0.668152,0.185797,-0.549812,-0.433567,-0.965724,-0.272191,-0.449148,-0.0652016,0.22395,-0.122785,-0.0432355,0.892651,-0.0891011,0.426487,0.0764192,-0.569467,-0.201216,0.221937,-0.80012,-0.459346,0.458182,0.181866,-0.204164,0.0728312,0.490245,0.935721,1
-0.83199,0.152323,0.071191,0.0895035,-0.048332,-0.285277,0.412536,-0.44377,-0.35539,-0.370553,-0.549373,0.573837,0.5539,-0.0935303,-0.0550113,-0.451677,-0.374044,0.652632,0.915204,0.325435,-0.618383,0.122068,-1.22842,-1.04429,-0.627196,-0.143283,-0.0782038,-0.439737,-1.18413,0.341872,-0.947293,-0.135996,0.427368,0.814085,1
-0.0601011,0.536169,0.7789,-0.345929,-0.738392,0.409015,0.146297,0.17411,0.59902,-0.991286,0.259132,-0.493003,-1.0521,0.289844,0.442471,-0.0844724,0.431834,-0.538323,0.224675,-0.476107,-0.231666,-0.197088,-0.0900649,-0.213289,0.116393,0.0509376,-0.175203,-0.40981,-0.223646,-0.491467,0.579207,0.670877,0.468688,0.886183,1
0.827943,0.342995,0.394599,-0.407167,0.742469,-0.924434,0.124369,0.557876,-0.646184,0.639392,0.155299,0.530427,-0.109531,0.196835,-0.105527,0.400303,-0.0905144,0.367371,0.780088,0.056635,0.484784,-0.703788,-0.138622,0.0876985,0.961208,0.0223449,-0.411216,-1.10997,0.423876,1.24801,-0.513264,0.016001,0.52571,0.764646,1
-1.14279,-0.270543,0.749441,0.438403,-0.0568277,-0.0127889,-0.641364,-0.403375,0.0946952,-0.375327,0.792225,-0.736705,0.413427,0.142166,-0.438134,-0.206643,-0.285674,0.0387056,-0.0426617,-0.825971,0.509711,-0.111411,0.454007,-0.0492413,-0.688956,-0.158966,-0.303119,0.867708,-1.27572,-1.28118,-0.119248,-0.00723477,0.505368,0.887876,1
-0.325181,-0.322544,0.403991,-1.08206,0.345846,1.18521,0.297254,-0.589026,-0.393834,-0.635989,0.0475527,0.0385772,0.555399,-0.208666,0.254012,-0.0287397,0.149138,-0.860959,0.0401234,-0.425869,-0.421438,0.405301,-0.74845,-0.28376,-0.170303,0.667347,0.136267,-0.225277,0.190118,-0.071693,0.0808522,0.496917,0.485634,0.842499,1
-0.123601,0.716592,0.186418,-0.675535,-0.0319229,-0.20845,-0.763798,-0.442594,-0.358677,0.585092,-0.756678,-0.338041,0.148186,0.780022,-0.365851,-0.334701,0.680773,0.0539278,0.359981,0.344955,-1.24495,0.955972,0.791365,-0.0790181,0.392331,-0.645266,0.15899,-0.214642,-1.00416,-0.179265,0.0279653,0.275415,0.429505,0.855182,1
-0.157567,-0.472231,-0.209444,-0.212374,-0.0167236,-0.293514,-0.425592,-0.322372,-0.448676,-0.184431,-0.836588,0.110688,-1.36973,0.250581,-0.5233,-0.472095,-1.14556,-0.286577,-0.743333,0.330552,0.0772268,-0.227897,0.249742,0.431455,-0.408696,0.0468364,-0.591922,0.317018,-0.392357,0.529989,-0.184235,0.645085,0.511174,0.852951,1
0.33091,-0.69508,1.30124,-0.350304,0.358075,0.0718633,0.201191,0.901161,0.795119,-0.217581,-0.352645,0.249703,0.743392,0.0690861,0.241609,-0.162363,-0.130682,-0.114649,-0.509105,0.0201092,0.0292181,-0.426382,-0.954719,-0.866452,0.124033,0.357258,0.301971,0.473002,-0.819842,0.810019,-0.598696,0.93777,0.557874,0.822878,1
0.319689,0.318757,-0.430911,0.571677,0.848195,-0.0970456,-0.275566,-0.0887201,-0.563725,0.637344,0.472264,-0.374322,-0.64546,0.0808446,0.43275,1.22466,0.743969,0.0964832,0.565763,0.475585,0.0433304,0.33043,-0.156818,0.558029,0.317723,-0.362218,0.344403,-0.309621,0.188159,0.330068,-0.191772,-0.416519,0.436665,0.808673,1
0.108665,0.0852893,0.0660995,-0.555352,0.0951741,0.0746999,-0.11124,-0.49309,0.0124961,-0.505901,-0.115426,0.956678,0.132965,-0.121288,-0.946811,1.00377,-0.118907,-0.185719,-0.131203,0.353211,-0.427227,-1.33414,0.385543,-0.374405,-0.036395,-0.54097,0.345487,0.222868,0.360008,0.0283615,-0.153189,-0.490675,0.451097,0.932248,1
-0.033307,-0.478489,-0.491006,0.589614,-0.558213,0.268624,0.60034,-1.00121,-0.338042,0.947712,-0.616954,-0.133735,0.759138,0.704101,-0.585411,0.697402,-0.0526313,0.176284,-1.07999,0.398854,0.221113,-0.194049,-0.371839,-0.0647262,-0.797428,-0.224235,-0.795408,0.652867,0.819514,-0.860298,0.137273,-0.117209,0.554757,0.890838,1
-0.359284,0.597531,0.234205,-1.30656,0.289118,0.0721102,-0.144739,0.336184,-0.182837,-0.47609,-0.35451,0.501765,0.239921,0.556645,0.085912,-0.370272,-0.0943879,0.290062,0.424946,0.109288,0.900731,-0.288658,0.430049,0.0443862,0.0671861,0.313676,-0.69249,0.645479,0.539859,0.797082,-0.245225,0.478658,0.428528,0.945155,1
-0.10841,0.215491,0.283261,0.512851,0.200507,-0.611855,-0.104731,1.54049,-0.49735,0.963934,0.113466,-0.238232,0.085419,1.17927,0.160621,-0.306749,-0.182162,0.109303,-0.291825,-0.380258,0.394467,-0.206914,0.179542,0.338546,-0.427696,0.19785,0.857189,0.450937,0.102205,-0.0134842,-0.0440215,0.0105049,0.509349,0.773594,1
0.0936109,-0.243987,0.406691,0.0818002,-0.490431,-0.133759,-0.501494,0.0957489,-0.150023,0.697246,-0.0456102,-0.566569,-0.47612,0.534914,-0.630954,0.298838,-0.465278,0.25276,-0.678163,0.0802731,0.343167,-0.003961,-0.193204,0.371772,-0.496081,-0.207216,0.796559,-0.352769,-0.665716,0.101521,0.04825,-0.120011,0.43053,0.900587,1
-0.297656,-0.457756,0.568947,-0.378468,0.380536,-0.189859,0.604197,0.00957588,0.26641,-0.660004,0.198939,-0.21907,0.412845,-0.062177,-0.343178,0.21638,0.146627,0.0627353,0.425364,0.655512,-0.370162,0.0227271,0.12241,-0.490229,-0.127366,-0.354086,0.297528,-0.109556,0.146636,0.349455,-0.236694,0.166461,0.576837,0.934057,1
1.02059,0.126282,0.469955,0.254997,0.927405,-0.148662,0.312781,-0.119542,0.52399,-0.0943774,0.0727356,0.247787,1.00815,-0.498051,0.871593,-0.464116,-0.112372,0.200534,0.732551,-0.595494,-0.149376,-0.196376,-0.651245,-0.739207,-0.411307,0.81027,0.410225,0.694861,0.917838,-0.180998,-0.554233,0.535489,0.51663,0.93458,1
-0.00859654,0.431538,-0.946652,-0.74541,-0.758159,-0.108468,0.533334,-0.445495,-0.181578,0.262761,0.341366,0.173031,0.875924,0.238478,0.336068,0.0959946,-0.621306,0.182138,-0.188381,0.59624,-0.436071,-0.214525,-0.0604127,0.291774,0.245631,-0.746476,-0.518031,-0.22377,-0.127516,0.465767,0.45123,-0.866558,0.574041,0.886454,1
0.751799,0.704991,0.381316,-0.0511681,-0.231497,0.0843705,0.507493,0.735724,0.0657556,0.135332,-0.541004,-0.0655037,0.113401,0.0814099,-0.166622,0.527816,-0.434488,0.611996,-0.555646,0.297052,-0.502486,-0.709568,-0.414395,0.426272,0.28259,-0.782729,-0.669823,-1.05949,-1.0058,-0.0849348,0.613019,-0.147016,0.484127,0.778983,1
0.374627,-0.279918,-0.25948,-0.367305,-0.655265,0.928477,0.835832,0.523643,-0.617839,0.543141,-0.507106,-0.0291778,-0.194395,-0.478408,-0.797443,0.148579,1.19225,0.0374623,-0.511301,-0.0561545,0.256252,-0.234976,-0.44511,-0.366797,-1.08483,0.496607,1.20864,0.000105157,-0.25849,0.0392501,-0.934001,0.118718,0.476752,0.765186,1
-0.213847,0.261889,-0.508273,0.0105608,-0.331873,0.452776,-1.63563,-0.673207,-0.188312,-0.378693,-0.132064,-0.21881,-1.05459,-0.00476937,0.199395,-0.128497,-0.15989,0.662796,-0.723914,-0.542242,-0.307787,-0.188751,0.696519,-0.884464,-0.580168,0.145346,0.107359,-0.929051,1.25536,0.549714,0.0738059,0.909888,0.430445,0.768369,1
-1.27141,0.442998,0.485288,0.124828,0.122032,-0.289192,-0.264168,-0.185526,0.0220595,0.216322,-0.31416,-0.0698922,1.1979,-0.280524,0.290345,0.505284,-0.653191,-0.288852,-0.418877,-0.489875,1.01548,-0.0490762,0.270351,0.190921,0.349881,-0.106518,-0.336885,0.778636,-0.790049,-0.211982,0.438511,-0.156829,0.464355,0.797957,1
-0.17884,0.278952,0.156245,0.370786,0.38605,0.430009,-0.204809,0.197584,0.49492,-0.667146,0.264364,-0.673196,0.225969,0.509364,0.318276,0.788733,-0.0595073,-0.0793628,-0.264263,0.107716,-0.669709,-0.196452,-0.0391353,-0.524633,-0.203072,0.100211,-0.374612,-0.495532,1.29689,-0.379945,-0.336795,0.620629,0.495514,0.847363,1
-0.332895,0.352215,-0.52676,-0.296979,0.325744,0.0737431,-0.788185,-0.181667,-0.390937,-0.324895,0.550135,-0.791469,-0.00110286,0.0767967,0.22118,-0.162774,0.785868,-0.110751,0.427266,-0.241372,-0.364635,0.397108,-0.350832,0.350451,-0.350307,0.00691132,-0.363844,-0.203929,-0.247755,0.0643413,0.403506,-0.467126,0.420267,0.786746,1
-0.0465576,0.539912,-0.524871,0.528197,0.0852958,-0.252889,0.0911833,0.381035,0.304792,1.16425,0.165764,-0.131577,-0.448706,-0.0354497,0.401208,0.295958,0.87727,0.0617076,0.421642,0.222657,-0.2765,0.555571,0.514674,0.325657,0.209933,0.230591,0.498977,0.15839,-0.189116,0.145733,-0.499131,0.276733,0.448146,0.824144,1
0.155323,-0.0603083,-0.413212,0.64942,0.403511,-0.47886,0.315355,-0.194904,-0.458662,0.415136,0.417289,-0.30652,0.598129,0.115579,0.0674436,0.577633,0.510145,-0.116171,-0.250037,0.432109,0.604268,1.29391,0.366934,-0.685408,-0.0127638,-0.0238538,0.302929,0.454901,0.703996,-0.133012,-0.295558,-0.304869,0.577493,0.85612,1
-1.20434,0.76704,0.36166,-0.512736,0.204162,-1.13426,-0.280802,-0.00481162,-0.14077,-0.554829,1.23388,-0.603362,0.778446,-0.337394,-0.180664,0.739264,-0.0280446,-0.530169,-0.547509,0.547778,-0.154233,0.560322,-0.575839,-0.901085,-0.200215,0.323112,-0.659516,-0.635074,-0.526128,0.747319,-0.0213745,0.443816,0.560682,0.917546,1
0.846495,-0.279078,-0.0745184,0.370436,0.358675,-0.0761557,-0.732406,-0.261613,0.0185726,-0.381079,-0.491443,-0.398477,-0.488499,-0.350684,-0.242501,-0.527745,-0.344626,-0.552972,1.29522,-0.552935,-0.214665,0.0823726,-0.520157,0.900063,-0.372033,-0.831144,-0.570646,0.27436,0.533795,-0.543299,0.371781,-0.0517725,0.441531,0.86828,1
-0.0387363,-0.418066,-0.502318,-0.532785,-0.748984,0.568208,-0.608786,0.265676,-0.101311,-1.86038,0.411073,-0.352975,-1.16306,0.0669012,0.20075,-0.773314,-1.41358,0.232512,-0.100224,-0.0664902,-0.187742,-0.681861,-0.873169,0.352102,-0.390087,-0.0980599,0.76668,0.257706,0.0894601,-0.352234,-0.401884,-0.775441,0.524109,0.853488,1
0.175906,0.628679,0.111339,-0.0529034,-0.163823,-0.267318,0.675425,0.414875,0.441306,-0.0743,-0.138884,-0.223343,0.0994254,-0.170688,-0.21781,-0.182014,-0.133872,-0.565905,-0.147008,0.246292,0.0199061,-0.717316,0.19744,0.62882,-0.164919,-0.159802,0.230785,-0.589241,-0.44365,0.533943,-0.479112,0.145145,0.525633,0.781132,1
0.262955,0.397235,0.345153,0.134855,0.213906,7.95,0.173663,0.299021,0.199879,0.118116,0.121244,0.318114,0.114088,0.374556,0.37684,0.324945,0.293322,0.195813,0.161441,0.2017,0.134754,0.189202,0.253924,0.258927,0.146523,0.235123,0.217479,0.388285,0.24023,0.356435,0.159996,0.242111,0.52,0.82,1
0.0380859,0.219506,0.177279,0.373629,-0.0739989,-1.05049,-0.652528,0.288364,-0.586773,-0.619842,-0.958489,-0.551656,0.168532,-0.159212,0.484743,-0.96608,-0.0864728,0.787246,-0.214484,0.538202,0.404923,-0.703915,-0.426181,0.823457,0.41955,0.257493,0.235889,-0.861235,0.437285,0.0174094,0.439181,0.992533,0.490091,0.861713,1
0.00160659,0.863671,0.649171,0.0930243,-0.336673,-0.356671,-1.24142,-0.858059,0.792817,0.0987781,-0.165013,-0.268747,0.218983,-0.288159,-0.113997,-0.869304,0.104096,0.596738,-0.385469,0.404745,-0.740596,0.742648,0.662813,0.014618,-1.51889,-0.407564,0.163124,-0.174119,-0.540626,-0.143572,-0.86418,-0.0880678,0.564415,0.792869,1
-0.44808,-0.094767,-0.194241,-0.700435,-0.429448,0.688057,-0.154022,-0.00310369,1.64648,-0.390998,1.18415,0.433585,-0.877611,0.0786662,0.61659,0.525212,0.0015939,-0.598081,-0.436306,-0.607538,0.14046,-0.240815,-0.881831,0.263551,0.200618,0.425195,1.21842,-0.887557,0.678226,0.0769809,-0.553567,1.17517,0.489247,0.893872,1
0.738689,0.49538,0.683063,-0.347795,0.178838,0.471417,-0.123897,-0.478817,0.192621,0.27718,-0.906655,0.0487164,-0.389603,-0.72636,0.414066,-0.0568983,-0.249013,-0.21259,-0.370392,0.0945354,0.0423338,-1.08919,-0.298088,0.189274,0.0375643,0.494709,0.25205,-0.157083,0.255392,0.333978,-0.338249,0.127061,0.520228,0.887349,1
0.20406,-0.372341,-0.268472,-0.248378,-0.18208,1.19006,-0.374684,0.401515,0.107613,0.423145,0.138676,0.34598,0.0396133,0.911037,0.798395,-0.985952,-1.14189,-0.472356,0.265988,-0.612039,0.839236,-0.272873,-0.966946,-0.543521,-0.179628,-0.458417,-0.294674,-0.388444,-0.230577,0.187667,0.222184,-0.224435,0.519784,0.797438,1
-0.236885,-0.47186,-0.895729,0.333642,0.31347,0.00817145,0.406365,0.842731,-0.301784,-0.465289,-0.597726,0.963861,1.16985,-0.0610578,0.302891,-0.563005,-0.159611,1.00094,0.836124,0.622532,-0.0494879,-0.0137431,0.146228,-0.0846677,0.163194,-0.354877,0.309243,0.675513,0.516213,0.457533,-0.0584561,0.218005,0.494522,0.939379,1
0.217557,0.15942,0.338171,0.310223,-0.772903,-0.478873,-0.465277,-0.638004,-0.407167,-0.0565107,0.23498,0.037149,1.06518,-0.0923205,-0.940928,0.650504,-0.141696,0.40772,-0.442437,-0.241373,0.13891,-0.927529,-0.1302,0.308458,-0.324283,-1.11053,-0.0919404,0.298509,0.537242,0.855875,-0.839323,-0.694239,0.549187,0.828542,1
0.47246,0.455326,-0.00502865,-0.496684,0.133335,-0.146834,-0.855589,-0.708097,0.939442,-0.6237,1.13665,-0.466988,-0.177153,0.926173,-0.0278276,-0.0929558,-0.480267,-0.13566,0.44401,-0.425888,-1.94123,-0.209346,-0.677382,0.350933,-0.246185,-0.387156,0.37418,-0.551898,-0.0647494,-0.182111,-0.308953,0.0754426,0.481064,0.763747,1
-0.221167,-0.154932,0.661621,-0.049865,-0.812192,-1.51771,0.4465,0.287298,0.585124,-0.150064,-0.315508,0.159932,-0.391801,-0.480613,-0.348413,-0.739837,-0.541985,-0.823704,0.0120083,0.62585,0.561662,-0.486677,0.786859,0.567472,0.229627,-0.0303144,0.770403,-0.17139,0.0360089,1.01839,-0.716277,-0.178548,0.558804,0.840649,1
0.573758,-0.567091,0.247354,-0.728092,-0.136378,0.088223,0.463579,-0.0589994,0.590408,0.67632,0.364385,0.232891,-0.680583,0.316458,0.506814,-0.122315,0.106537,-0.0887415,-0.060989,0.43452,-0.180605,0.402821,0.504876,0.056411,-0.283998,-0.594451,-0.111513,0.780014,-0.397231,0.679085,-0.271489,-0.308258,0.493293,0.786566,1
0.135012,0.269367,-0.133674,-0.3466,-1.55887,0.310184,-0.676674,0.506518,-0.0688392,0.372221,-0.238705,0.194789,-0.0239718,-0.00367447,-0.700842,-0.718944,-0.652518,0.105904,0.653656,-0.48952,0.228682,0.365634,1.08822,0.0905508,0.430592,0.665427,0.0182029,-0.00258179,-0.513919,-0.448459,0.170197,0.411412,0.48831,0.810594,1
-0.902421,-0.252981,-0.927609,-0.610784,0.55316,-0.411045,0.54348,0.937818,0.182754,-0.57708,-0.0574909,0.186588,0.243805,0.104667,-0.505563,-0.648592,-0.660672,0.257287,0.560184,0.145226,-0.197104,-0.584614,-0.10638,0.403886,0.4852,0.509345,0.132604,1.27164,0.377893,0.799186,1.21909,0.173765,0.443733,0.814252,1
-0.325491,0.264039,-0.195116,0.299096,0.492458,0.348572,-0.240422,0.0515464,1.52925,-0.510892,0.731154,0.841994,0.400309,0.181501,0.549199,-0.269667,-0.012793,0.317885,-0.731965,0.00715149,0.145004,-0.606857,-1.18748,0.570177,0.480783,-0.583837,0.23657,0.399157,0.430774,0.0336915,0.674587,-0.598929,0.468323,0.763723,1
-0.015322,0.158721,0.0301279,0.859594,0.786034,-0.0750504,-0.0725469,-0.0822981,-0.113251,-0.0868256,0.432383,-0.300807,-0.415011,0.792036,-0.265217,0.243469,0.354242,-0.805027,-0.398324,0.326109,0.0715413,-0.128534,0.386215,1.21301,-0.356712,0.768801,-0.211999,-0.0941994,-0.0286941,-0.162486,0.974898,0.541838,0.561979,0.943866,1
0.13436,0.558093,0.0890871,-0.723265,-0.513681,-0.381549,0.485223,0.0684922,-0.503274,0.937946,-0.389488,0.200784,0.167906,0.435335,-0.208071,-0.0584057,0.314655,-0.526602,0.190792,-0.0145867,0.769293,0.200951,-0.463608,-0.0767078,-0.762485,0.699282,0.305228,0.56705,0.293213,-0.676438,-1.40563,0.019929,0.572241,0.905832,1
0.95,0.88,0.370436,-0.307175,0.319842,0.47001,-0.367778,0.270556,0.0230406,-0.334196,-0.313719,-0.121575,0.301618,0.479756,-0.265251,-0.439225,-0.120961,-0.429406,0.347191,-0.147966,0.435473,0.346919,0.00209226,0.249162,-0.0987426,0.232491,0.363987,-0.161629,-0.13708,0.146771,-0.142758,0.148826,0.48,0.2,0
1.25281,-0.680246,-0.100702,0.281044,1.48278,-0.0593645,0.692689,-0.457128,-0.0305326,0.865827,-0.699871,0.201234,0.46073,0.0163582,-0.267757,0.151822,0.181432,0.538696,0.498067,-0.456932,0.612926,0.265126,0.900278,0.222729,-0.384982,0.40051,0.856941,-0.122819,-0.796539,0.687707,0.360699,0.367393,0.460943,0.931884,1
-1.49671,-0.53502,-0.343717,-0.807945,0.962627,-0.182049,-0.161232,-0.698428,0.294753,-0.505923,0.827451,0.364181,0.0642579,-0.253864,0.186029,-0.504194,-0.707091,-0.314976,0.875215,1.64354,-0.158148,0.299232,-0.263555,0.508979,-0.242572,-0.402126,-0.83818,0.250574,0.0923988,0.959426,-0.307887,0.190789,0.423195,0.9154,1
0.804032,-0.197708,-0.324155,-0.191899,-0.498493,0.161759,-0.0326556,0.296076,0.0328192,-0.267742,0.178563,0.657398,0.127526,-0.516678,-0.188925,-0.367639,-1.16927,0.837369,-0.787185,-0.77667,-0.823567,0.00101533,-0.56919,0.104105,0.3205,0.161689,1.14136,-0.17247,0.385579,0.073065,-0.132191,-0.350322,0.464502,0.818394,1
0.486661,0.258751,0.460692,-0.317368,-0.01524,-0.150041,0.468154,0.563904,-0.241858,0.58523,-0.331554,0.690883,0.0789129,-0.929503,-0.325923,0.0403655,-0.310021,-0.230801,0.0720693,0.203057,0.113166,0.364347,-0.156175,-1.13504,-0.0560163,-0.140202,1.28045,0.118006,-0.293941,-0.709491,0.640137,-1.11733,0.469939,0.829716,1
0.19026,-0.988913,-0.748697,-0.0421981,0.0595641,0.0740767,0.975532,-0.635388,-0.409012,0.0155546,0.111312,0.116381,-0.153886,-0.111355,0.315138,0.113115,-0.538231,-0.625779,1.0888,0.0544111,0.653022,-0.400107,-0.0270557,0.612425,0.562518,0.508132,-0.29373,0.0250954,-0.695012,-0.727878,-0.10387,0.351885,0.54157,0.888388,1
0.398329,-0.149428,1.07731,0.830464,0.107291,-0.29085,0.119603,-0.853607,0.28414,0.160229,-0.622227,0.38999,-0.107653,-0.0768126,-0.370514,-0.310333,0.629736,-0.195293,0.359033,0.438544,-1.02675,-0.371611,-0.510736,0.452165,0.520717,-0.275609,-0.233378,-0.513684,-0.354071,-0.0520709,0.679459,-0.0845589,0.544986,0.923829,1
-0.146999,0.126331,0.0711765,-0.610912,0.202551,-0.118763,0.366217,0.211549,-0.825593,0.134527,-0.0883087,0.302223,0.0372765,0.0828948,-1.03506,0.184175,0.0665018,-0.222944,-0.222903,0.78114,0.0653074,-0.462358,-0.599972,0.39689,-0.617638,0.25944,1.1771,0.813663,-0.610289,0.0849817,-1.04457,-0.515807,0.445873,0.814196,1
-0.99,0.422534,0.580909,0.0781148,0.112735,-0.0990678,0.0100352,-1.11754,0.446202,0.18459,0.473886,0.380981,-0.0842288,-0.645009,-0.532158,-0.396152,-0.438886,1.19926,-0.222622,-1.06758,0.0199332,0.644168,-0.946628,0.149581,-1.39475,-0.00850291,0.24405,-0.174572,-0.25836,-0.00928726,-0.747777,-0.480595,0.510012,0.848452,1
0.157003,0.34653,-0.160489,0.133433,0.595918,0.0206805,-0.394438,-1.5653,-0.622775,0.349675,1.08058,0.394826,-0.579336,0.0499472,-0.24116,0.520587,-0.131993,0.16186,-0.633138,0.846074,0.641982,0.436007,-0.6573,0.892287,-0.673718,-0.296134,0.0232208,0.604478,0.50306,0.243337,-0.411544,-0.751611,0.566146,0.897301,1
-0.100566,0.418715,0.0361053,-0.598287,-0.850183,0.49269,-0.15345,-0.367502,0.287156,0.745428,-0.420942,-0.032236,-1.79254,-0.38248,0.135451,-0.553995,0.36579,0.506913,0.807683,0.263926,-1.01502,-0.0198205,0.371824,-0.171789,0.125352,-0.349045,-0.0249345,-0.252255,-0.177053,-0.441793,0.685315,-0.0379197,0.471867,0.909735,1
-0.0444807,-0.310281,0.278668,0.559447,0.567489,0.391738,0.125738,-0.360371,0.27443,-0.598885,-0.194723,-0.511631,-0.858776,-0.851099,-0.685197,0.506539,-0.469292,0.798388,-0.0464275,0.238629,0.251478,0.205494,0.892339,0.147427,-0.509661,-0.0995188,0.0175821,-0.927427,0.340031,-0.448447,-0.110302,-0.10129,0.571164,0.866894,1
-0.0198048,0.795925,-0.192828,-0.604909,-0.103703,0.194193,-0.390426,0.0941581,-0.185148,-0.694455,-0.215455,0.269438,-0.29211,0.177216,-0.761316,-0.559305,-0.0176757,-0.340582,-0.16153,-0.213441,0.511235,0.635018,-0.874264,-0.64148,0.17691,-0.146312,-0.0233129,0.389093,-0.448839,-0.498983,-0.00432544,-0.38609,0.549429,0.826183,1
-0.128044,-0.159991,0.688101,-0.689824,0.63619,-0.186511,0.734162,1.22536,-0.709512,0.113396,-0.596342,-0.708042,-0.312729,-0.33421,0.66343,0.162997,-0.341568,0.999135,-0.285015,-0.143452,0.614395,0.31019,0.330709,-0.116166,-0.0641723,-0.31854,0.261618,-0.252152,-0.151752,0.11545,-0.655957,-0.0510626,0.429998,0.785995,1
-0.0945377,-0.239955,-0.611628,-0.0751323,-0.0246532,0.357794,0.589676,0.280311,-0.197879,0.0642175,-0.0666123,-0.464637,-0.436643,-0.569902,-0.483214,0.191308,0.935303,-0.0493562,0.15693,0.557426,-0.56365,-0.572779,-0.250673,0.315947,0.0275224,0.414093,0.987216,-0.605611,-0.336892,-0.486706,0.47561,0.490158,0.549152,0.80456,1
-0.208482,-1.28141,0.455266,0.601182,-0.178224,-0.310544,-0.438687,0.754003,0.181341,0.162057,-0.515083,-0.133984,-0.262322,0.217424,0.600567,0.826074,-0.279741,-0.860611,0.749633,0.10701,1.21931,-0.617285,-0.0342689,-0.25683,-0.24762,-0.82176,0.275134,0.155099,-0.419381,-0.0979969,-0.00579358,-0.915927,0.497009,0.781134,1
1.32469,-0.0837483,0.0745236,-0.33983,-0.112848,-0.237265,0.869634,0.23422,-0.238956,0.0812475,-0.00874347,0.139959,-0.108776,-0.0710637,0.507019,-0.164441,0.498567,0.375281,-0.312442,0.26877,-0.213999,0.94415,0.766608,0.54,0.183574,0.117281,0.267416,-0.713498,0.180364,0.519963,-0.0221561,0.384091,0.564977,0.918142,1
0.139779,0.36661,-0.556374,0.0044249,-0.295366,-0.531101,-0.190291,-0.481612,0.684873,1.15042,-0.834429,0.136528,-1.02422,-0.158134,0.78538,-0.130472,0.522077,-0.292193,1.20081,-0.432611,-0.0823667,0.611867,-0.383194,-0.266886,0.323853,-0.402286,-0.181709,0.0642408,0.602466,0.558699,-0.393457,-0.0167021,0.487522,0.803468,1
0.701794,0.486656,-0.829045,-0.379356,-0.0435653,0.182495,0.307425,-0.738136,-0.496557,-0.988876,-0.85976,-0.267574,-0.441756,0.722012,-0.953355,0.167377,0.815655,0.204452,-0.405227,-0.0397739,-0.063862,0.723451,0.110197,0.229185,-0.508542,0.537693,-0.745072,-0.092766,-0.0923209,0.277684,0.989856,-0.279221,0.506983,0.901424,1
0.135897,0.597504,0.57333,0.770648,-1.2785,0.306896,0.0241279,0.639629,0.29028,-0.228942,-0.2098,0.610516,0.62778,-0.415845,0.0771471,-0.952519,-0.18078,-0.574459,-0.0129354,-0.135311,0.0442892,0.436046,-0.138927,-1.09865,0.565307,-0.0668621,-1.2899,-0.0939992,0.0752422,-0.113797,0.334542,-0.636569,0.501726,0.844258,1
0.362785,0.25265,0.36946,-0.176918,0.490596,0.939127,-0.226598,0.0630205,0.0632315,0.34241,0.00938776,0.0833966,0.470323,-0.0622628,-0.126502,-0.462144,0.4397,0.35565,-0.382574,0.623746,-0.100472,0.0971482,-0.141393,-0.512918,-0.979591,0.209764,0.0209032,-0.577658,-0.303259,-0.949033,0.0438255,-0.267103,0.558289,0.914739,1
0.0835173,0.220549,-0.167416,0.355952,0.425866,-0.293298,-0.496786,-0.244062,-0.217141,0.0765877,-0.370941,-0.494139,-0.268469,-0.0345285,-0.378033,-1.0182,0.46101,-0.703094,-0.0911155,0.236339,-0.199387,-0.945216,0.0749549,0.397196,-0.218904,-0.51577,-0.201373,0.480434,-0.388633,0.458112,0.427512,-0.642083,0.423269,0.880267,1
0.203671,-0.749348,0.0835841,-0.208289,0.28917,-0.427312,0.263455,0.47133,-0.309044,-0.0450761,-0.426332,0.284227,-0.529982,0.0841582,0.408675,0.0238274,0.275236,0.301576,1.05393,0.485081,-1.19938,-0.105828,-0.155675,1.39689,-0.710598,1.14424,-0.796195,-0.558834,0.289283,0.0230736,0.184991,0.814232,0.551181,0.93532,1
0.158259,0.292957,0.877499,-0.472064,0.88185,-1.55983,-0.119783,-0.188065,0.385628,0.492996,0.265995,-0.318394,0.37135,0.129234,-0.202532,-0.120219,0.357466,0.0659243,0.0823471,-0.134824,0.122349,0.28002,-0.433808,-0.345372,0.536038,-0.298075,1.02937,-0.0922941,-0.294909,-0.789525,0.505656,-0.23856,0.547561,0.790632,1
0.452868,0.641146,0.157672,0.0243224,0.0698273,-0.682685,0.350821,-0.912901,0.5092,0.472832,0.957187,-0.308162,0.307582,-0.253301,-0.121198,-1.15126,-0.388183,-0.203597,-0.828965,0.0781763,1.08058,0.90803,-0.0968446,-0.0500982,0.764526,0.57604,-0.357301,-0.320289,0.378876,-0.394596,0.110525,-0.0229018,0.473955,0.90837,1
0.610716,-0.501639,0.166048,-0.914451,0.204213,0.249683,0.368221,0.0828608,0.551886,-0.513625,0.338653,0.718074,0.115492,0.194106,0.205475,-0.261032,-0.685706,0.651368,0.224734,-0.430922,0.107812,0.494137,-0.421713,-0.241232,0.420668,-1.27254,0.113686,-0.181478,-0.057611,0.443238,-0.749686,-0.19187,0.477537,0.935892,1
0.337821,0.590105,0.844904,-0.292332,0.25117,0.207834,-0.375222,0.699124,0.23651,-0.329183,-0.261122,-0.141204,0.505694,0.0138209,0.499588,0.788678,0.194253,-0.930254,-0.365466,0.00736013,-0.338241,-0.459083,0.148455,0.176184,-0.644946,0.148364,0.285709,-0.23069,-0.015871,-0.741891,0.517756,0.648945,0.525119,0.7751,1
-0.292908,0.595616,-0.280744,0.603595,-0.123413,0.287795,-0.196746,0.286036,0.128955,0.147075,-0.144638,-0.0610311,0.718163,0.51061,0.0377979,0.232993,0.0364354,0.4236,0.504688,0.149496,-0.415609,-0.263675,-0.0505341,-0.826819,0.357818,-0.613464,-0.442769,0.148947,0.543838,0.782053,0.447634,-0.241429,0.498085,0.882969,1
-0.446719,0.542842,-0.0120666,0.737523,-0.983421,0.0280643,-0.391024,0.437513,-0.653005,-0.223989,0.577007,-0.234947,0.519401,0.152112,0.201424,0.491454,1.2131,-1.0519,0.0771369,-0.76781,0.0439461,0.26536,0.31357,-0.58199,0.189207,-0.301279,-0.315239,0.0643969,-0.581015,-0.0942571,0.513715,0.0176706,0.428797,0.938899,1
1.29496,0.0629079,0.384707,0.651664,0.136011,0.334136,0.945252,-0.158679,0.487952,0.098647,0.178863,-0.177711,0.0439303,0.162123,0.702182,0.395767,0.334877,-0.777148,-0.163781,-0.032922,-0.774668,-0.0191437,0.525031,0.975044,-0.786341,-0.367268,0.284627,-0.186252,-0.0245844,0.602755,0.324567,0.243583,0.497793,0.916005,1
1.2294,0.157776,0.416485,-0.578224,-0.366149,-1.06183,0.151861,-0.0363737,-0.919127,0.775183,-0.0455075,-0.262587,1.04873,-0.139607,0.139976,-0.697402,-0.0890225,-0.188154,-1.04032,0.229843,-0.411094,-0.18675,-0.0347704,0.563873,0.322219,0.776665,0.171949,0.0880893,-0.04033,-0.0852862,0.279869,0.855742,0.51991,0.812463,1
0.554128,-0.808568,-0.0528896,0.154505,-0.363503,-0.779229,0.222498,0.102405,0.787273,-0.669787,0.239834,-0.677515,-0.35231,0.486219,-0.443334,-0.124203,0.167685,0.436346,-0.603721,0.43009,-0.195026,-0.171918,0.0256189,0.0189773,0.0191404,-0.231633,0.428063,-0.151754,0.716205,-0.551053,0.165742,0.21135,0.444622,0.846252,1
-0.953237,-0.0613282,-0.540003,0.185081,-0.131677,0.264414,0.0538078,-0.164206,0.617892,0.380967,0.584469,-0.550938,0.955493,0.480205,-0.48856,-0.204173,-0.312448,-0.0743641,-0.0927033,0.17902,-0.0392029,-0.209267,-0.918845,0.551411,0.137331,-0.687051,-0.110812,0.44261,-0.680385,0.579596,-0.0857163,0.429806,0.469296,0.818778,1
0.529396,0.582272,-0.41748,-0.305688,-0.35908,-0.66054,0.0280768,0.868268,0.380408,-1.06404,-0.181627,0.915452,-0.118662,-0.614615,-0.159265,0.156592,-0.785037,0.0347949,0.396741,0.170653,-0.718052,-0.223581,-0.530439,0.0882914,-0.268656,-0.898111,-0.204661,0.161808,-0.0178376,-1.14642,0.0375613,0.153838,0.443781,0.828896,1
0.157919,0.109996,0.297283,0.15344,0.327936,7.95,0.338853,0.291347,0.105742,0.103795,0.388077,0.115095,0.394199,0.342186,0.10571,0.186815,0.302907,0.298363,0.25954,0.246609,0.191074,0.223407,0.266659,0.110047,0.238919,0.393965,0.256414,0.369078,0.348541,0.19473,0.279026,0.22977,0.52,0.82,1
0.0814589,0.424949,0.114579,-0.242499,1.09248,-0.985955,1.45301,0.175494,-0.719475,-0.30839,0.213435,-0.549129,-0.409462,0.212825,0.293151,1.07935,-0.787045,0.541331,1.08361,0.478389,-0.380734,-0.537238,-0.1946,-0.827932,-0.256519,0.524043,0.362398,-0.234252,-0.334559,-0.113892,-0.0892552,-1.03487,0.422976,0.766279,1
-0.322146,0.932742,-0.0649374,0.488629,0.628312,-0.135943,-0.151006,0.49494,0.0461201,-0.862599,0.987783,-1.02591,-0.0153755,-0.5226,-0.303739,0.672839,0.710728,-0.752727,-0.445318,-0.662484,-1.37961,0.692069,0.0429607,-0.19963,0.227705,-0.108148,-0.406787,-0.592579,0.268172,-0.300665,-0.86309,-0.122987,0.456054,0.934284,1
-0.773618,1.00883,-0.036651,-0.0643013,-0.909068,-0.899263,0.517291,0.148833,0.702223,-0.130343,-0.00221259,0.00243341,0.00325491,-0.783157,0.0352402,-0.197035,0.353605,-0.185995,0.578738,0.366537,0.872977,-0.698904,-0.114745,-0.34773,0.14188,-0.125392,-0.256781,-0.907134,-0.480511,0.19789,-0.261515,0.447734,0.514715,0.807161,1
-0.243599,-0.485408,-0.390253,0.479901,-0.742386,-0.283327,-0.0739212,0.144981,-0.65236,0.478366,-0.366999,-1.0012,-0.178646,0.899453,-0.126658,-0.637425,0.177271,0.684085,-0.613557,-0.502978,-0.592275,0.369203,-0.748536,0.142421,0.33505,-0.751698,-0.385092,0.240056,-0.334005,0.137579,0.0561298,-0.397173,0.477123,0.777976,1
-0.466907,-0.0105931,0.0375592,-0.773188,-0.370171,-0.0607651,-0.173088,0.729985,0.982518,-0.300276,-0.131445,-0.991179,0.418737,0.0414355,0.067405,0.854402,-0.140448,0.426414,-0.275605,-0.896596,-0.0288193,-0.387518,0.146789,-0.08587,-0.121551,-0.117696,0.0519131,-0.154445,-0.99168,0.418774,-0.665881,0.607759,0.579735,0.846487,1
-0.0042209,-0.743758,0.000541455,-0.0984954,0.191572,0.169207,-0.0429111,0.286877,0.147767,-0.0359823,-0.773254,-0.442997,-0.181437,-1.58521,0.0700959,-0.0315055,-0.956065,0.424708,0.643556,-0.089753,-0.688583,-0.0822983,-0.290605,-0.0441451,0.386773,-0.356557,0.876495,0.59932,0.804047,0.405871,-0.763462,-0.501343,0.577622,0.839341,1
-0.14853,-0.0875848,-0.0717555,0.715075,0.286451,0.377575,0.750103,-0.19214,-0.337803,-0.251107,0.0037124,-0.00384633,0.347487,-0.249226,-0.467316,0.0791076,0.148228,0.543451,-0.200345,0.168642,0.0987715,0.0708679,0.065601,-0.0776271,0.287605,0.117563,0.28818,0.849562,-0.52911,-0.342493,0.534259,0.269487,0.449022,0.860363,1
-0.618451,0.306467,-0.0912944,0.397291,0.120218,-0.0701977,-0.021619,0.0725013,-0.410903,0.148265,-0.503701,0.679413,-0.250764,0.111132,-0.207784,-0.341696,0.153991,0.453848,0.433835,0.40186,0.458357,0.160945,0.197586,0.259569,0.538109,-0.330198,0.920267,0.111195,1.01325,-0.491814,0.0847265,0.477034,0.439246,0.885525,1
0.0508453,0.0328585,-0.108869,-0.429964,0.707535,0.423297,0.345091,0.0852728,-0.300975,-0.366723,-0.437183,-0.588485,-1.07591,-0.382365,-0.477127,0.506383,0.043036,-0.320176,-0.757707,0.911326,-0.041487,-0.0701674,-1.09511,-0.0427029,-0.181802,-0.0732024,-0.127032,-0.465709,-0.328701,0.560689,0.514531,-0.0747463,0.539338,0.946686,1
0.277836,0.991758,-0.552921,0.377488,-0.600722,-0.171748,0.136118,-0.101631,0.0319473,1.39366,0.430347,1.75318,-0.0154672,-0.296294,-0.615667,-0.122796,-0.137276,-0.217101,-0.862315,0.834475,-0.00118361,-0.331993,-0.234887,-0.0327266,-0.216936,-0.103801,-0.696375,-0.611975,-1.2984,0.345674,-0.148976,0.0632028,0.551666,0.938868,1
0.504694,0.559637,-0.520285,1.1325,-0.158501,0.377349,-0.161602,-0.195157,-1.04122,-0.320838,-0.101772,-1.40708,-0.215499,0.0841465,-0.28441,-0.196738,-0.28648,-0.108332,0.0343768,0.477345,-0.13596,-0.351638,-0.636369,-0.395873,-0.0777093,0.203711,-0.0730077,0.0249738,0.0588589,0.255284,1.03033,0.479262,0.421519,0.880366,1
0.931079,0.0879366,-0.163368,0.130219,-0.528779,-0.37902,0.149227,0.0587158,0.614783,0.246882,0.470273,-0.603404,0.1697,-0.611169,0.351572,-0.162352,-1.16756,0.239182,-0.397524,0.0840155,0.344984,-0.411038,0.366987,0.623425,0.41096,0.76018,0.221674,0.25907,-0.213521,-0.484822,-0.318885,-0.731622,0.452582,0.869406,1
0.500599,0.229572,0.244667,0.300378,0.134335,0.104129,1.17582,-1.52742,0.0897737,-0.111294,0.452498,-0.578291,0.243682,-0.387203,0.0090496,0.748452,0.650506,-0.571144,1.05221,-0.912859,-0.350795,-0.264635,-0.903756,-0.169722,1.15223,0.522821,0.442234,0.0566421,-0.239933,0.108591,0.149536,0.434471,0.46727,0.948474,1
0.355864,0.645731,0.252515,0.150597,0.521991,0.742074,0.00490786,-0.328938,0.930765,-0.0330313,-0.237348,0.420948,-0.597116,0.222999,0.596083,-0.0277964,-0.411837,0.194792,-0.0969698,0.487986,-0.92115,0.231357,0.16542,-0.187036,0.646602,0.641808,-0.680857,0.131778,0.22304,-0.467353,-0.0260461,0.753296,0.433111,0.777286,1
0.245534,-0.0544817,-0.576208,-0.250821,-0.719736,-0.595769,-0.127537,0.305827,-0.396926,-0.228512,-0.569383,0.279732,0.714753,-0.133425,-0.297902,0.287988,0.851201,0.0545901,1.01269,0.340796,0.0607019,0.426061,0.147493,0.0623222,0.174738,0.0113037,0.728578,0.0144479,0.327751,0.0591893,0.907154,-0.553192,0.570232,0.812427,1
0.210255,0.217068,0.0902549,-0.47644,0.167482,-0.380182,-0.0945253,0.397318,0.699581,-0.234094,0.0190553,0.0324165,0.560847,0.767514,-0.442044,0.0566327,0.18964,-0.659393,-0.448849,0.41048,0.277473,-0.216976,-0.676986,1.29292,-0.49738,-0.661308,0.212614,-0.358671,0.441299,-0.392637,0.563236,0.555457,0.549447,0.760402,1
-0.461861,-0.601332,-0.125651,0.244796,0.0718454,-1.04878,-0.545156,0.49934,-0.395336,-0.56776,1.24321,-0.446582,0.505352,-1.21017,0.0569217,0.44805,0.620066,0.00253263,0.031813,-0.264726,-0.265626,0.458874,0.00447148,-0.811563,1.10566,-0.806293,-0.209319,0.0999521,1.07977,-0.103382,0.0130325,0.430989,0.434697,0.882532,1
0.195062,-0.502972,-0.206702,-0.855261,0.669148,-0.518176,-0.0385859,0.848295,0.244627,1.1778,-0.050684,-0.155306,-0.506769,0.651195,0.245776,0.41447,0.166118,-1.03896,-0.132733,0.430336,0.0936586,0.11273,-0.22852,-0.22923,0.723476,0.220926,-0.340333,0.769565,0.339638,0.809858,0.422128,0.585961,0.501748,0.862506,1
0.121118,0.138523,-0.457859,0.563853,0.263442,-0.312572,0.465329,0.111673,0.00962834,0.472552,0.14727,-0.296087,-0.339025,-0.506393,0.936771,-0.483199,1.24683,-1.05072,-0.807386,0.53698,-0.642037,0.110885,-0.0256153,-0.555934,-0.095267,1.07402,0.188976,-0.209189,0.039269,0.0307581,-0.249105,0.855349,0.566059,0.941891,1
0.363179,0.211979,-0.268927,0.524065,-0.310116,-0.170665,0.441032,-0.52938,-0.562231,0.415283,0.295289,-0.923173,0.141023,0.0146508,-1.28754,-0.20438,-0.451285,-0.274127,0.317327,0.227252,0.0693424,-0.439879,0.148497,-0.31184,-0.157697,-0.143027,0.232617,-0.500142,-0.329676,-1.20951,-0.239054,0.157353,0.457648,0.78752,1
-0.148263,-0.316482,0.669585,-0.264374,-0.625082,0.184419,0.84465,0.194864,0.123467,0.737918,-0.133533,0.0159558,0.299434,0.612123,0.867223,-0.575426,-0.759072,0.328417,-0.418599,-0.163618,-0.0186716,0.388977,0.764928,-0.0529868,-0.0808005,-0.314138,0.0827637,-0.296136,0.0936717,0.536963,-0.171203,-0.481175,0.467571,0.89224,1
0.136922,-1.10318,0.113763,-0.133009,-0.557268,-0.253204,0.774739,-0.321751,-0.275183,0.376837,-0.493703,-0.406447,-0.031529,-1.22231,-0.771653,-0.0748129,0.47251,-0.272457,0.00631476,-0.164632,0.428206,-0.684927,0.0605065,-0.0515044,-0.353308,1.06209,1.08009,0.318524,-0.80776,0.0775139,0.487913,0.303661,0.564444,0.814847,1
-0.65246,0.00724516,0.842479,-0.221351,-0.843446,-0.124136,-0.734227,-0.0914043,0.0319022,-0.0303984,-0.228209,0.144407,0.409162,0.171812,-0.177252,-0.0636903,0.182199,0.119849,-0.136717,0.0957118,-0.0663427,-0.25925,-0.17441,1.25787,-0.103645,-0.53935,0.998539,0.0800302,0.0822963,-0.49817,-0.127971,0.141933,0.528137,0.81058,1
-0.414009,-0.860194,0.058016,-0.0566645,-0.0703404,0.018349,-0.122332,0.233475,0.585538,-0.288721,-1.14323,0.856537,-0.445954,0.0587633,-0.0430618,-0.0583192,-0.146344,1.32891,-0.749969,-0.454507,1.05992,0.472759,0.00193372,-0.153192,-0.0336347,-0.179073,0.861731,0.282176,0.983869,0.530792,0.710235,-0.190692,0.511623,0.765609,1
0.327925,0.316656,0.571,-0.45764,0.401444,-0.142371,-0.27254,0.134531,0.0953857,-0.178684,-0.797182,-0.177678,0.598708,-0.694656,-0.337528,-0.0939058,-0.81635,-0.712261,-0.700097,-0.0685969,0.0250657,-0.0628842,-1.04131,-0.20911,-0.756554,0.471306,-0.231085,0.288841,0.0894212,-0.892263,0.0803961,-0.719499,0.539195,0.912836,1
-0.805403,0.658402,-0.535339,-0.186815,0.418876,-0.156427,-0.136271,0.378289,0.0266345,0.0272527,-0.520187,0.283797,-0.0153034,0.391147,-0.220998,-0.351225,-0.422259,-0.792671,0.0569914,0.260702,-0.210893,-0.292704,-0.113323,-0.118914,-0.0334419,0.270914,0.0942527,-0.473787,0.0441666,-0.461958,0.15674,-0.0638988,0.420166,0.864441,1
-0.673136,-0.0772455,0.289074,-0.343483,-0.151637,-0.285151,0.0518869,0.461023,-0.752151,0.272776,0.0862031,-0.0792144,0.0394363,0.0766147,-0.0250304,0.810615,-0.603172,-0.262452,0.0279421,0.216849,-0.0764808,0.336985,0.342369,0.144821,0.310487,-0.574617,-1.15135,-0.670901,-0.580051,0.808199,0.497889,-0.0669188,0.576032,0.790868,1
-0.348411,-0.420327,-0.886498,0.241797,0.211297,0.698775,-0.722495,0.232135,-0.0874336,-0.311701,0.00880492,-0.311617,-1.00256,1.07239,0.204043,1.15514,-1.39216,-0.514706,-0.595933,-0.685369,-0.185053,0.454469,-0.259514,0.207863,0.178419,0.0740554,1.26077,-0.227079,-0.299516,0.439668,0.0142923,-0.615103,0.524786,0.871062,1
-0.403211,-0.0375974,-0.473515,-0.278854,-0.166213,-0.170176,-0.495089,-0.303344,0.28511,0.627836,-0.343058,0.661374,-0.438787,-0.740115,-0.662751,-0.0671469,-0.692791,0.419675,-0.371033,-0.259798,-0.616705,0.350638,0.0935701,0.273425,-0.604117,-0.433551,-0.698496,-0.159438,0.395976,-0.17802,-0.091555,-0.323196,0.482931,0.774777,1
-0.944669,0.268796,-0.251174,0.514545,0.364221,0.598851,-0.288788,-0.120033,0.843796,0.520103,-0.508171,0.149279,0.0991518,-0.257305,-0.482103,0.188146,0.820876,0.539149,-0.756067,0.159233,0.182147,-0.245072,-0.538615,0.272642,0.196943,-0.0213662,-0.0400884,0.0286452,-0.307947,-0.353743,0.739591,0.441632,0.491101,0.765635,1
0.0985206,0.190162,-0.328961,0.0957715,-0.135322,-0.558552,-0.22054,0.696851,-0.239602,-0.38075,0.0241277,-0.124472,0.807285,0.214896,0.0129409,0.149834,0.279988,-0.257196,-0.107412,-0.679417,0.0390684,0.0746328,-0.604189,-0.687059,-0.482067,-0.00426434,-1.26066,-0.318492,-0.81029,0.308463,1.0141,-0.133147,0.53029,0.925908,1
-0.242861,1.27056,-0.0746503,0.266952,-0.569835,-0.0157661,0.945715,0.729557,-0.385226,-0.16873,0.62049,-0.363438,1.45235,0.201946,-0.415738,0.875054,0.266382,-0.468639,-0.473935,0.553746,0.0675172,0.1831,0.405074,-0.625019,-0.308077,-1.062,0.104856,-0.145146,0.369399,-0.444271,0.539799,0.168127,0.454494,0.825719,1
0.244848,0.417775,0.361453,-0.687588,0.527127,-0.275453,0.0938853,0.347056,0.277357,-0.127161,0.216674,0.225795,-0.0280391,0.655446,0.786426,0.173362,-0.404421,0.133131,0.270369,-0.184608,-0.00230918,-0.244154,-0.170719,0.0575312,-0.139812,-0.764885,-0.0437599,-0.269209,0.70853,-0.305069,0.716859,-0.461047,0.422929,0.947101,1
0.190172,0.267226,0.205971,-0.809468,-0.0271759,0.141272,0.185295,0.711363,-0.256501,0.377651,-0.352479,-1.59901,0.151302,0.147585,-0.469067,-0.950578,-0.597592,0.00330817,-0.116331,-0.0878556,-0.535895,0.385329,-0.412573,-0.285099,0.091818,0.43468,0.364108,0.527327,-0.470745,0.505362,-0.444306,-0.386313,0.510696,0.82481,1
0.123822,0.362729,0.396925,-1.11879,0.185797,0.146506,0.927027,-0.104427,0.0601151,0.142887,0.13841,-0.489554,0.562056,0.977681,-0.00881133,-0.0189546,0.339127,0.397321,0.295001,0.316514,-0.0866787,-0.054773,-0.185777,0.373303,0.374861,-0.0434839,-0.0815735,0.0299809,-0.0624366,-0.109833,-0.13278,-1.07487,0.510245,0.809644,1
-0.44554,0.700261,0.135948,-0.242591,-0.153523,0.213362,-0.0167039,0.626374,-0.194795,0.272471,0.279269,0.0792546,0.341714,0.113457,0.799126,-0.475961,0.127804,0.351332,0.23628,0.210478,0.251178,0.113951,0.313448,-0.126047,-0.0993737,-0.0991949,-0.295717,-0.533257,0.211334,0.25107,0.501033,-0.948883,0.48282,0.809116,1
-0.596544,-0.4014,0.324564,0.510715,0.0711916,-0.0823894,-0.614851,-0.0774121,0.264408,0.447645,0.0667414,0.199379,-0.39781,0.713332,0.187582,0.506206,0.280339,-1.00108,-0.0369241,-0.0661298,-1.50068,-0.296536,-0.266412,-0.216948,-0.88041,0.596469,0.199993,-0.509149,0.612787,0.124316,-0.86726,-0.0732777,0.512555,0.760029,1
0.545544,-0.547664,-0.105507,0.457951,1.08766,0.40364,0.383341,-0.261468,-0.452401,0.189449,0.739921,0.119052,-0.278693,0.465881,-0.334608,-0.272919,-0.0307074,0.157723,0.0468919,-0.00249818,0.611484,0.0889743,0.525196,-1.06551,0.0884385,0.852472,-0.363919,-0.899284,0.00555027,-0.559241,0.714338,-0.119648,0.546748,0.824537,1
-0.788766,0.21615,-0.232675,-1.02606,0.488754,0.474061,0.511131,-0.130891,-0.731854,-0.681583,-0.136551,-0.562281,0.0111739,-0.0990687,0.775612,-0.198675,0.011445,0.177128,-0.190448,0.327854,0.431472,1.25963,-0.151095,0.688069,-0.192898,-1.23155,0.201411,-0.0716814,-0.132275,-0.19323,-0.853093,0.355699,0.472033,0.810858,1
-0.252274,0.132848,-0.708005,0.607284,0.630461,-0.325071,-0.990759,-0.0830886,0.225255,-0.605709,0.101837,0.0630743,0.100133,0.554384,-0.0120151,-0.615145,-0.745553,0.0895977,0.828583,-0.198865,-0.410265,0.199284,-0.0505728,0.731001,-0.236547,-0.401168,-0.527127,-0.310248,0.409106,-0.0633527,-0.791218,-0.0529066,0.438991,0.796054,1
0.246738,-0.64975,-0.55769,0.205744,-0.357267,-0.624871,-0.338701,0.345628,0.0598608,0.193814,-0.39118,-0.416957,0.0456488,0.0534654,-0.315582,0.119741,-0.860842,-0.756255,-0.84349,0.0167054,0.479109,-0.0874911,-0.312454,-0.156105,0.6151,0.10096,-0.174143,-0.609709,-0.281381,-0.734178,0.584572,-0.0544233,0.512944,0.943009,1
-0.218165,-0.70812,1.00849,-0.696768,0.251457,-0.504638,0.336236,0.0905914,-1.47766,0.854501,0.401852,0.369308,0.286436,-0.0248474,-0.0584809,0.301525,0.79535,0.0639612,-0.780249,-0.124078,-0.0795309,-0.523473,0.0904191,0.0189948,-0.101673,0.0889588,-0.848628,-0.0863069,0.454276,0.580645,0.385969,0.269785,0.534505,0.783313,1
-0.379098,1.16922,0.384955,0.0979991,0.87056,0.242943,-0.445044,-0.422924,-0.862719,0.0271102,0.459408,0.379205,0.402025,-0.540681,0.893664,0.350604,-0.606317,0.280796,-0.651556,0.0993121,0.495211,0.10141,0.330165,-0.192235,-0.618601,-0.965958,-0.573563,-0.321019,-0.243269,0.216989,0.543307,0.188154,0.547414,0.761127,1
0.234956,0.543679,0.593629,1.18749,0.153952,-0.314414,0.714352,0.735549,0.212151,-0.170958,0.181203,0.0547436,-1.24201,0.350189,0.257038,0.415886,0.167153,0.0890715,0.934223,-0.670762,0.15956,-0.173119,-0.0807866,0.640083,-0.394527,-0.312417,0.153923,-1.13519,1.10867,0.454244,1.15872,1.1566,0.444521,0.7807,1
0.147522,0.81583,0.114326,0.0913952,-0.166162,-1.53199,0.445573,0.589996,0.0681103,0.407342,0.0421188,0.29869,-0.352801,0.316221,-0.235172,-0.560459,0.067081,-0.523862,-0.0602662,0.943462,0.584127,0.549948,-0.0496578,0.534147,-0.220459,-0.468495,0.60146,-0.0948864,0.0735084,-0.0216753,0.824426,0.351184,0.423952,0.938529,1
0.511696,0.203221,-0.657074,-0.391867,-0.807512,-0.450899,-0.125921,-0.652696,0.380832,-0.118831,-0.501889,-0.532744,1.04753,-0.0128686,0.494931,-0.412901,-0.479864,0.1382,0.698417,0.892612,-0.50473,1.10462,-0.218926,0.0999793,0.0227135,0.0612589,0.518699,-0.91948,0.45895,0.596508,-0.0872638,-1.06808,0.461129,0.87451,1
0.673525,0.126796,0.774492,0.293691,-1.10824,0.121456,-0.269758,-0.38475,1.45582,-0.633573,0.363046,0.396607,-0.337978,0.170551,0.143949,-0.238472,-0.554868,0.483559,-0.160686,-0.443519,0.564207,-0.109449,-1.09187,-0.211813,-1.05517,0.14366,-1.03856,0.242703,0.239484,0.543574,-0.553143,0.283182,0.502678,0.86787,1
0.501954,-0.259678,1.18742,-0.542162,-0.233076,-0.29315,0.058834,0.375104,-0.792757,0.778595,-0.266126,-0.0535359,0.0537491,0.0667268,-1.17946,0.529405,0.360578,0.204469,-0.704887,-0.908914,-1.2039,-0.512927,-0.872083,-0.29771,0.358868,0.765287,0.180822,0.242222,-0.0377606,0.54111,0.0754287,0.746839,0.509801,0.844044,1
-0.112731,-0.343307,0.515457,-0.681136,0.383846,-0.580187,-0.812642,0.607302,-0.00181759,0.0335135,-0.281078,-0.232057,-0.257475,-0.441997,-0.119659,-0.753666,0.124758,-0.0123893,0.540017,0.151115,0.255732,0.361621,0.138197,0.680332,-0.504432,-0.320535,0.177334,0.198489,-0.0263005,0.383477,-0.782502,0.0784208,0.578097,0.840721,1
0.371024,1.02125,-0.284483,-0.101873,0.934234,-0.532638,-0.0455633,0.877811,-0.661151,0.253053,-0.217121,-0.388976,0.212349,0.906115,0.204018,0.140707,-0.243315,-0.656567,0.746582,0.277503,0.342262,-0.0132837,0.839908,0.410957,0.104785,-0.528783,0.569399,0.00561698,0.558101,0.696639,-0.323423,0.506383,0.528235,0.939396,1
0.402744,1.1136,-0.662526,0.110358,0.0420261,-0.216796,0.654645,0.202628,-0.452098,0.753566,-0.480171,0.166721,0.175898,0.272909,-0.261751,-0.0830203,0.0280041,-0.323104,0.192577,0.0347189,-0.709571,-0.272402,0.042635,0.450121,-0.0385408,-0.103958,0.0623772,0.676287,-0.652021,-0.0575844,0.184236,0.872643,0.546765,0.827694,1
-0.576844,0.0852866,-0.259008,-0.515476,-0.0921813,-1.18697,-0.0720201,0.31893,-0.000947499,-0.280919,0.539397,0.0795918,0.279484,0.390728,0.335801,-0.298511,-0.635003,-0.077303,-0.764395,1.03636,0.392618,0.203036,0.182896,0.804626,-0.830197,-0.00100122,-0.26597,-0.789458,0.580294,-0.336377,-0.0812321,-0.912471,0.520091,0.82087,1
0.631138,0.409202,0.0544739,0.618026,-0.0431601,-0.685609,0.393054,-0.0820343,0.582498,0.244555,-0.524259,0.0979869,-0.492691,0.244011,-0.312637,-0.488136,0.0896043,-0.664447,0.559743,0.0509531,-0.232013,0.569922,0.45887,-0.106869,-0.775495,-0.00484981,0.326269,0.716762,-0.524472,-0.0423634,-0.873149,0.824741,0.533639,0.818089,1
0.867585,-0.49052,-0.548017,-0.484497,-0.453154,-1.17683,-0.16776,0.0416439,-0.705701,-0.203419,0.19282,0.628316,0.436251,-0.777785,0.0340306,0.0567783,0.275726,0.167291,0.542266,-0.976994,0.0997818,0.835753,0.353514,-0.467512,0.496699,0.322065,0.208354,0.177151,0.0127508,0.592048,-0.77896,0.515001,0.428458,0.842163,1
-0.140176,0.698115,-0.684043,0.544923,-0.0156751,-0.357397,-0.769217,0.0222659,0.39794,-1.11647,-0.243605,0.162912,-0.899915,0.156988,-0.0681197,0.410651,0.450303,0.35821,0.214128,0.104944,-0.238746,-0.400436,-0.0638989,0.0841713,-0.783476,-1.12032,-0.794637,-0.104438,0.453714,-0.376696,-0.0920569,0.0486063,0.423565,0.845584,1
-0.27529,0.333126,-0.515367,-0.627598,0.288882,-0.139568,0.125772,0.0764116,-0.23333,0.0326546,-0.630631,-0.110859,0.104809,0.466414,0.146729,-0.395035,-0.0756086,-0.673629,0.279958,-0.389612,-0.181957,0.128657,-1.36768,-0.0583846,-0.114377,0.172348,-0.189125,-0.449898,-0.21364,-0.117721,-0.0278185,-0.379033,0.503128,0.890476,1
0.28759,0.516725,0.282287,-0.289202,0.0859165,0.289618,-0.0214222,0.586237,0.0127288,0.265537,0.602546,-0.122424,0.0165734,0.207657,0.392136,0.52026,-0.363364,0.267787,-0.139781,-0.450281,0.0114779,0.317736,-0.190531,-0.320337,-0.666027,-0.0443415,0.199123,-0.229887,-0.0116108,-0.0243313,-0.691401,0.16245,0.493276,0.90751,1
0.0123542,0.558446,-0.0301105,0.375843,0.00905963,0.74556,-0.837325,-0.109978,0.627894,-0.257739,1.05682,-1.03309,-0.827125,-0.195724,0.184382,-0.239302,0.228515,-0.0709881,0.0192067,-0.411311,1.18774,0.488363,0.673402,0.661557,0.670182,-0.148068,0.230912,-0.168479,-0.740708,-0.229648,0.355402,0.25522,0.464754,0.769384,1
-0.369829,-0.171924,0.740427,0.385245,0.486119,0.735509,0.168229,0.903264,0.191118,0.256832,0.348107,0.659544,-0.329641,0.368744,0.328533,-0.600096,0.531166,-0.0151156,0.108526,-0.177436,-0.412701,-0.461776,0.0128636,-0.00762055,-0.302142,-0.282661,0.273614,0.445023,-0.624554,-1.05827,0.61018,0.0315557,0.432199,0.944347,1
0.714745,0.660345,-1.10687,0.664529,-0.322899,0.087377,-0.141649,-0.211446,-0.0668557,-0.382094,0.767726,0.342915,0.317802,-0.602794,0.038576,0.694984,-0.855251,0.179699,0.242557,0.428727,1.06048,-0.4086,0.058738,-0.0727621,0.110697,0.072175,0.430542,0.924308,0.873459,0.178558,-0.496069,-0.278335,0.540589,0.931135,1
-0.191242,0.923828,-0.113962,-0.0116339,0.393856,0.251009,0.591405,-0.158253,-0.649793,-0.233087,-0.415199,0.470331,-0.411418,-0.345805,-0.416806,0.257256,-0.434566,-0.0067601,0.704682,0.0241133,0.272607,0.24549,0.209365,-0.000188638,-0.240984,-0.60847,0.34553,-0.542842,-0.375134,-0.145694,-0.376706,-0.0962099,0.533034,0.80689,1
-0.173539,1.10028,-0.207916,-0.404413,-0.138075,0.0283911,-0.203536,0.455937,-0.293492,-0.774498,-0.213116,-0.230762,-0.655878,0.394405,0.576562,-0.256205,-0.125036,-0.558748,-0.153261,-0.0318898,-0.0604566,0.0834245,0.416237,-1.36894,-0.473044,-0.874032,0.142163,0.361148,-0.645478,-0.164814,-1.24467,0.220215,0.428474,0.786858,1
-0.509,-0.194752,0.66337,-0.343005,-0.793256,-0.309276,0.321097,-0.206306,-0.0136082,0.54359,-0.00335571,0.616543,1.06126,-0.094175,0.391501,-0.0662375,0.0497985,-0.862099,-0.577801,0.425065,-0.79715,0.578081,0.135737,-0.275367,0.322405,1.26497,0.416163,0.508705,0.388303,-0.928127,-0.474807,-0.0448007,0.457061,0.76501,1
-0.32022,0.045314,0.105421,-0.361756,-0.258149,-0.253861,-0.2996,0.595966,-0.18537,0.373029,-0.175728,-0.360222,-0.616282,0.337595,0.58815,-0.676629,0.475549,-0.26421,0.66634,-0.34041,0.970721,0.673808,0.742243,-1.12925,-0.749801,0.604876,0.106019,0.21983,-0.173048,0.477721,-0.298631,-0.316455,0.441442,0.783844,1
0.166192,-0.387438,0.210687,0.177369,0.117957,-0.306588,1.17025,0.616397,0.00108059,-0.281159,0.0608339,-0.188406,0.771482,0.0840735,0.431272,-0.247717,-0.287089,0.68701,-0.148244,0.211276,0.54575,-0.287615,0.0153404,0.569352,-0.448567,-0.262247,-0.357821,-0.135112,0.324506,-0.160245,-0.501206,0.00424451,0.566223,0.900019,1
0.182408,0.448488,0.262964,1.09315,-0.188119,-0.448414,-0.0226707,-0.403818,1.00676,0.0918606,0.724505,-0.444286,1.06224,-0.780923,-0.370856,-0.667253,0.0586268,0.706242,0.0458406,0.586565,1.28263,0.529563,-0.658097,0.40308,0.0471745,0.633574,0.179374,0.830938,0.132543,0.005418,-0.0383355,0.243416,0.495834,0.8014,1
-0.252027,0.858957,-0.282385,0.478921,-0.568596,0.765777,0.115943,-0.0848496,-0.345718,0.0813861,0.39972,-0.601588,0.137845,-0.146949,0.0900649,0.0574918,0.577515,0.788682,0.418495,-0.00745597,0.0240653,0.62657,0.886198,0.55053,-0.26385,0.480432,-0.555584,0.556265,0.81454,-0.750354,-0.318989,0.482898,0.437606,0.833346,1
0.02173,0.532917,-0.374509,0.426751,0.623054,-0.465532,-0.085434,-0.194685,-0.178686,0.305591,0.0323296,-0.163006,-0.624884,-0.470399,-0.125847,-0.153087,-0.217942,0.451763,-1.14757,0.513935,0.687265,0.22803,0.232161,-0.428682,-0.0909423,-0.250526,-0.350843,-0.177707,-0.417812,-0.496497,-0.398496,-0.251401,0.462562,0.894556,1
0.448945,-0.578111,-0.130246,-0.588618,0.417672,-0.781633,1.39,0.141479,-0.082818,-0.381035,0.622255,0.410572,-0.872629,-0.0392404,-0.422042,-0.324611,0.611761,-0.876872,0.0848679,0.756784,-0.755314,-0.0489423,-0.108444,-0.289071,-0.155024,0.590909,-0.539224,-0.936442,-0.150949,-0.72549,-0.440299,-0.103043,0.4579,0.896601,1
-0.299474,0.0654523,0.258827,0.272122,0.00833996,-0.533651,0.485635,0.828773,-0.443288,-0.0841268,0.0381046,0.416834,-0.528138,-0.20426,-0.610536,-0.145008,0.901044,-0.0774286,-0.209346,-0.919115,0.523649,0.9017,0.158582,0.59376,-1.0178,0.660601,0.684908,0.102896,-1.14588,0.208696,-0.215032,-0.857999,0.573818,0.89888,1
-0.877303,-0.0357106,0.618013,-0.325513,-0.180112,-0.556316,0.322237,-0.0118273,1.03008,1.30366,1.00529,0.00938658,0.0603507,-0.404877,0.114369,-0.189464,-0.915738,-0.163842,0.607071,-0.200148,-0.449137,0.697388,-0.175408,-0.398473,-0.216985,0.388897,-0.478946,-0.134817,-1.14426,-0.193693,0.38898,0.10214,0.498298,0.792719,1
0.310862,0.410449,-0.235578,0.0256818,-0.00803902,-0.150198,-0.123731,-0.393867,0.456094,-0.0121462,-0.138771,0.774309,0.323854,-0.0925108,-0.0655596,-0.160537,-0.117243,-0.206702,0.4536,0.452048,-0.669212,-0.56035,-0.609346,-0.145129,-0.118907,0.159234,0.426566,-0.287976,-0.641502,0.245744,-0.788322,0.0113107,0.539238,0.907256,1
0.672263,-0.47803,0.133254,-0.301162,0.496937,0.599179,-0.138461,-0.696365,0.513938,0.162861,0.18417,-0.446413,-0.571906,-0.62265,0.23273,-0.27163,-0.486072,0.137886,0.828092,0.151245,0.186956,-0.408329,0.496738,0.0740116,-0.348764,-0.606133,-0.0848449,-0.22742,-1.08278,-0.664715,0.232994,0.245161,0.49767,0.948722,1
-0.917496,0.780818,0.149093,0.311618,0.431158,0.170088,0.0559674,-0.603447,0.179752,0.225103,0.807639,0.606919,0.823637,-1.13437,0.515268,0.269066,-0.124969,-0.0917737,-0.279828,0.485679,-0.203564,0.255131,0.164886,-0.115855,0.567992,0.035367,-0.547274,0.392314,-0.0414417,0.740638,-0.281682,-0.184091,0.426989,0.893872,1
0.37169,-0.582329,-0.0700271,0.610023,0.168806,0.538746,0.39019,0.341493,-0.324963,0.666639,0.341891,0.116094,0.172638,0.159115,0.691177,-0.353026,-0.43476,0.207729,0.175517,-0.74732,0.202026,0.558524,0.400849,0.144406,-0.168583,-0.000745186,0.4364,-0.162571,-0.360193,0.217607,0.72804,0.281604,0.536025,0.937896,1
0.540425,0.734131,0.380037,0.198964,0.0456003,0.588799,0.0565701,0.506666,0.115447,-0.248512,-0.629389,-0.552477,-0.549668,-0.517022,-0.34666,0.03876,-0.392447,-0.382557,0.192936,-0.144373,-0.822395,-0.514793,-0.371395,-0.834472,-1.08569,-0.109175,0.288113,0.379667,0.0878197,0.738452,-1.14189,-0.401299,0.561832,0.870912,1
0.435673,-0.435555,0.469462,0.156051,-0.251761,-0.100415,-0.587578,-0.192037,-0.402482,-0.46131,-0.491675,-0.764926,-0.531854,0.175516,-0.205511,0.097842,0.209219,-0.114731,0.802623,0.260926,-0.546555,-1.17796,0.726078,-0.546384,-0.480911,0.286823,-0.0510597,0.597434,-1.04591,-0.146878,0.24307,-0.753816,0.568883,0.898941,1
-0.212584,-0.507478,0.165124,0.458777,0.649497,-0.738313,-0.290478,-0.497443,-0.00648019,0.248828,-0.380062,-0.398355,0.110839,-0.505068,-0.272176,-0.518336,-0.128373,0.146778,-0.0427122,-0.708304,0.0148498,0.0135319,0.211625,-0.821918,-0.0510607,-0.520069,0.167946,-0.268139,-0.277403,-0.0186703,0.0972006,0.299156,0.44061,0.911857,1
-0.31081,0.861257,-0.864089,0.757577,-0.17051,0.417913,-0.133088,-0.746872,0.773593,-0.340123,-0.234915,-0.475472,-0.978556,0.363681,-0.268286,-0.380356,0.167952,-0.0767202,0.299136,0.640388,-0.614131,-0.0132108,-0.0973976,0.68459,0.853415,0.242153,0.633663,-0.305323,0.312312,0.0214752,1.08835,0.00321366,0.570231,0.854335,1
-0.55102,-0.721065,0.584831,-1.00137,-0.418315,-0.545265,-0.622958,0.270711,-0.279934,-1.08169,-0.0609962,-0.147609,-0.344269,-0.107422,-0.309298,0.511454,-0.188912,-0.635765,-0.387753,0.053136,-0.120652,0.143075,0.142581,0.319542,-0.0646168,-0.251661,0.152622,0.115338,0.52184,0.3054,0.0299315,0.205652,0.508369,0.76335,1
0.740007,0.30084,-0.0989269,0.248558,0.284028,0.193357,-0.610867,-0.47352,-0.846775,-0.398761,0.117509,-0.314812,1.0947,0.00752919,0.179322,-0.701249,0.665108,0.328702,-0.12277,-0.699395,-0.672137,0.531765,-0.980373,0.978038,-0.00184256,0.188249,0.300887,-0.363245,0.749366,-0.278698,0.801236,0.0626898,0.525141,0.827239,1
1.27352,-0.434826,-0.390762,-0.89886,0.426167,0.637207,0.113935,0.941217,-0.0755232,0.354782,-0.824095,0.0843515,-0.610829,-1.43246,-0.604925,-0.345892,-0.680325,0.633557,0.409872,-0.124913,-0.478222,0.302004,0.522006,0.312646,0.152956,-0.499379,-0.429387,0.569878,0.16406,0.390904,-0.39898,0.934504,0.455387,0.823545,1
-0.170063,0.348738,0.079332,-0.977292,0.533116,-0.374971,-0.256921,-0.0631347,-0.392994,0.622271,0.855239,-0.2454,-0.661534,0.650754,-0.162775,0.0664414,-0.400675,-0.207973,-0.115239,0.176324,-0.202053,-0.00965283,0.171048,-0.356947,-0.907326,-0.0963445,-0.319056,0.490134,0.109427,-0.17213,0.0888771,0.528479,0.490416,0.877331,1
-0.818064,0.890825,-0.0869467,0.0193324,-0.404114,-0.0869199,-1.30417,-0.677374,-0.136001,0.382676,0.145784,-0.141955,-0.831851,0.843084,-0.352707,0.944449,-0.722601,0.419331,0.107425,0.487128,1.18435,-0.450923,0.147715,0.820857,-0.694078,0.0234203,-0.0314077,-0.296244,0.520929,-0.0788481,-0.557532,0.147837,0.474454,0.943119,1
0.882921,-0.423616,0.262103,0.231274,0.349563,-0.550933,-0.929531,1.09681,-0.127638,0.197553,0.473393,-0.358376,0.0101787,0.161759,0.313497,-0.252854,-1.54349,-0.642558,-0.137744,-0.373008,-0.408627,0.120885,-0.157687,0.738447,-0.426752,0.0386334,-0.109257,0.719341,-0.162445,0.059873,-0.989537,-0.0426811,0.448619,0.901095,1
0.565469,0.391444,0.303346,-0.428795,-0.581018,0.0175852,-0.261154,-1.28492,0.326036,-0.144822,0.786405,-0.114984,-0.445928,0.232784,-0.452766,-0.611469,0.825775,0.0438222,-0.333976,1.01207,0.237814,0.786023,-0.0650751,0.0120621,0.645628,-0.290483,0.646112,-0.368992,0.168323,0.462765,-0.78393,-0.72841,0.530829,0.901907,1
0.087335,0.514515,0.215328,0.384156,0.857659,0.630738,-0.658632,-0.581208,0.702321,-0.0353232,-0.372263,0.441418,-0.199019,-0.336011,0.475943,1.13399,-0.637259,-0.0386157,-0.954462,0.260921,-0.132329,0.118577,0.585598,-0.330593,0.438504,0.522119,-0.404868,0.16934,0.457607,0.461669,0.142952,-0.979393,0.440331,0.816938,1
0.808423,0.501935,-0.5746,-0.173487,1.01278,-0.38067,-0.0511128,-0.0377398,-0.302595,-1.13615,-0.279866,0.660216,0.459017,-0.16545,-0.668908,0.535951,-0.399417,0.174659,-0.0614779,0.103135,-0.516279,-0.363559,0.0815326,0.149625,-0.120638,-0.314888,-0.0962975,-5.84679e-05,0.0864883,0.27787,-0.0521322,-0.139617,0.44895,0.815273,1
-0.747544,0.778949,-0.485806,-0.173197,0.0283406,-0.569237,0.302979,1.019,-1.01194,-0.458834,0.831373,-0.42229,-0.396035,0.48987,-0.0260876,0.588539,0.422653,0.0105447,-0.27009,-0.671366,0.147408,-0.00234054,-0.0312958,0.195748,0.126994,0.0138782,-0.229068,-0.484742,0.402384,0.411857,0.00850966,0.913673,0.510601,0.900014,1
-0.29156,-0.10648,0.192099,-0.0500878,-0.438712,0.165427,-0.32008,0.27838,-0.617094,-0.136014,-0.0459651,0.494439,-0.119568,-0.332995,0.195882,-0.235066,0.674127,0.208046,-0.15744,0.154161,-0.622443,-0.538155,-0.294612,0.221149,-1.19999,-0.582623,0.234104,0.513573,0.0730211,-0.723164,0.472895,0.750235,0.514719,0.867259,1
-0.525287,-0.0733832,-0.515339,-0.0927343,0.57688,0.202914,0.339177,0.587617,0.964939,0.410646,-0.0102261,0.295169,0.167304,-0.0592671,-0.0187516,-0.847289,0.507125,-0.181686,0.222568,0.957104,-1.0687,-0.708342,-0.573783,-0.295942,0.577363,-0.163751,-0.255374,0.400739,0.423601,-0.320804,0.0713725,-0.732868,0.457527,0.928699,1
0.321784,-0.840944,0.0546917,0.701224,0.499795,1.04084,0.58086,0.299526,-0.215988,-0.944819,0.665846,0.0668219,0.639598,0.151346,0.128652,-0.057202,-0.787049,0.59976,0.31258,0.462259,-0.952363,-0.132008,0.29468,-0.040436,0.379912,-0.344512,0.467961,0.411913,-0.410837,0.0190696,-0.415996,-1.14554,0.533976,0.943097,1
-0.946333,0.139053,0.527214,0.717012,0.369058,-0.532871,0.361835,0.434032,-0.31564,-0.291104,0.414191,0.185933,-0.259808,-0.219914,0.613968,-0.277559,0.116392,-0.274172,-0.816984,0.0556013,-0.448838,-0.216685,1.03163,-0.333784,-0.561204,-0.877748,-0.830248,0.400104,0.0643324,0.594962,-0.0739696,-0.119264,0.487038,0.808295,1
0.726739,-0.323833,-0.120212,-0.776381,-0.784955,-0.329347,-0.591836,-0.0704643,-0.139985,-0.409251,-1.51148,0.165567,-0.0609733,-0.268344,0.0884669,0.198021,-0.519856,0.340984,-0.129746,-0.679601,-0.400227,0.233554,-0.197352,-0.448285,1.38031,0.224113,-0.591094,-0.0860497,-0.224147,0.477557,0.220555,0.26942,0.439103,0.798659,1
0.135165,-0.331588,0.064539,-0.423446,0.451506,0.0893295,-1.07814,-0.314812,-0.236693,-0.119807,-0.384546,0.803862,-0.243428,-0.146126,-0.65825,-0.524759,0.244168,-0.396763,-0.217289,0.575928,-0.0860763,0.0157284,0.263941,0.849199,0.670606,0.104255,0.942371,0.380357,0.0278336,0.0299181,-0.615699,-0.772257,0.532842,0.766934,1
0.21817,0.0974444,0.177466,-0.3986,-0.449557,-0.0312073,0.449599,-0.155221,-0.459798,0.0175267,0.749058,0.106238,0.321239,0.482517,0.20743,0.365455,0.10767,0.843336,0.952549,-0.682355,-0.689828,0.899809,0.60463,-0.245227,1.0251,0.333818,0.200426,-0.0883988,-0.0953984,-0.576399,0.440766,-0.60156,0.425654,0.923331,1
0.178264,0.381552,-0.5522,0.733634,-0.136856,-0.888801,-0.160341,0.0772675,0.884122,0.105194,-0.374888,-0.339144,-0.326106,-0.165839,-0.450116,-0.423122,0.216896,-0.51578,-0.386169,-0.565787,-0.321938,0.230363,-0.160593,-0.40742,-1.15627,-0.273782,-0.38672,0.523791,0.0738061,-0.626233,0.468036,-0.484289,0.421686,0.949719,1
0.111011,-0.235334,0.499294,-1.11148,-0.0161513,-0.676553,0.154873,0.898998,-0.136824,-0.155592,0.926975,0.0718115,-0.218784,0.759352,-0.429573,-0.0393063,-0.512858,0.134484,-0.224353,0.56818,-0.921614,-0.499967,-0.01647,0.495846,-0.0957901,0.916014,-0.45139,-0.624836,-1.03168,-0.7301,-0.564788,-0.681276,0.486985,0.765296,1
-0.116944,-0.841354,-0.509682,-0.912054,-0.49278,0.268681,0.726727,0.195726,0.0745692,-0.382265,-0.0657777,-0.594802,0.462626,0.0674222,-0.818677,-0.357875,0.0736014,0.155156,0.635052,-0.645995,0.0711434,-0.0961352,0.341183,-0.79199,0.566009,-0.0137228,0.0163873,-1.28995,0.2584,0.976449,-0.389809,0.394035,0.565346,0.870113,1
0.799294,0.0750692,-0.595632,-0.0625304,0.202296,0.297564,-0.0761462,-0.24157,0.389504,-0.995065,-0.898512,-0.942498,0.855386,0.350668,0.9114,-0.603524,-0.313842,0.759031,0.211627,-1.09849,-0.651169,-0.850896,1.0361,-0.4319,0.206563,-0.305271,-0.492107,0.378758,0.93193,0.784082,-0.0589985,-0.466511,0.54397,0.86128,1
-0.343053,0.0973849,0.306809,0.53446,0.128586,0.236344,-0.682776,-0.156271,-0.325972,0.423101,0.0349235,0.353372,0.194194,-0.344188,0.496875,-0.865456,0.0981224,-0.00836322,0.0565793,-0.923075,1.56705,-0.836876,-0.0124687,-0.253652,0.0638754,0.280145,-0.150443,-0.554763,0.977794,0.125464,0.445902,0.0772885,0.489471,0.780579,1
0.36667,-0.964758,-0.62731,0.416448,-0.847186,-0.624568,-0.62149,-0.0877739,0.408959,0.577914,-0.337675,-0.812947,0.329915,-0.501599,0.0898504,0.0504838,0.300554,0.660573,-0.929275,-0.0114672,0.325363,-1.03448,0.408286,-0.414101,-0.131932,0.683584,1.20807,0.960455,-0.454546,-0.391204,-0.337341,0.0298061,0.560893,0.911965,1
-0.44755,-0.276166,0.340495,0.0941732,0.021225,0.38539,0.619003,-0.162079,0.667096,0.000618313,0.678332,0.639938,0.111422,0.643502,0.17157,0.167883,0.260502,-0.0834545,0.105942,-1.27198,-0.73706,-0.434492,-0.123947,-0.318649,0.247692,0.0791811,0.9281,0.383864,0.699458,0.553662,-0.260876,-0.0172643,0.428306,0.815701,1
0.0910621,-0.986467,-0.507055,-0.419108,-0.312268,0.462451,-0.0921618,0.459795,-0.231523,-0.512454,-0.104816,-0.17109,-0.889394,0.0463151,0.605561,-0.427066,0.634162,0.483173,0.335836,-0.115509,-0.113283,-0.253169,-0.540979,-0.268151,-1.02485,-0.562972,0.160139,-0.22775,-0.828932,0.152671,-0.0161466,0.807547,0.575543,0.928111,1
0.857999,-0.270567,0.253064,0.544238,0.788274,-0.635453,-0.532236,-0.933644,0.357718,0.220821,-0.134257,0.322645,-0.0733471,-0.768187,-0.855013,0.242661,-0.636732,1.18676,0.491325,-0.314022,-0.42264,0.297959,-0.439851,-0.267589,-0.829047,0.247112,0.248959,0.584703,-0.31598,0.30059,-0.313263,0.253292,0.450371,0.910501,1
0.233571,-0.508163,-0.154639,-1.05993,-0.299744,0.156044,-0.123306,-0.305812,-0.954014,-0.0680072,-0.6944,-0.0337627,-0.277776,-0.873689,-0.931592,0.0474802,0.716174,0.909023,-0.11378,0.689382,0.0397095,0.0180708,-0.490875,-0.131018,-0.769494,-0.476707,-1.44958,-0.751838,-0.300857,-0.625083,0.567552,-0.273051,0.509975,0.891753,1
0.250308,-0.182795,-0.26068,-0.132553,-0.196062,0.254759,-0.393699,-0.744402,0.678699,0.27773,-0.605881,-0.940638,-0.0807622,0.820277,0.295556,0.466122,0.666674,0.502064,-0.0958752,0.249856,-0.652733,0.241096,-0.311102,-0.816692,-0.320991,-0.79693,-0.227315,-0.369404,-0.173887,0.163068,-0.266786,-0.139421,0.424689,0.936221,1
-0.643938,-1.1634,0.832766,0.144234,0.301351,-0.874466,0.79836,0.0819254,0.8601,-1.45867,-0.2383,-0.843523,-0.532635,0.249278,0.14776,-0.401279,-0.262896,0.483277,-0.0111142,0.932692,0.971227,0.316775,0.907982,-0.728642,-0.801538,-0.348925,-0.292814,0.0419099,-0.198815,-0.336514,0.459018,-0.813029,0.542668,0.908908,1
0.173468,0.146023,0.0493537,-0.958966,0.00732767,0.4129,-0.295717,-0.736841,0.298974,0.067121,0.329257,0.613071,0.825639,-1.25587,1.04164,0.476514,-0.148726,-0.774145,-0.579102,0.0822816,0.0860257,-0.522193,-0.637993,-0.997267,0.370357,-0.0140706,-0.341207,-0.832222,0.755541,0.541072,-0.0853111,0.529942,0.579051,0.917355,1
0.0461951,1.13596,-0.153007,-0.626398,-0.101484,0.908878,-0.315691,0.117457,0.271556,0.0659898,-0.0353542,-0.232573,0.175345,0.347169,-1.25207,0.394319,-0.520296,-0.0623698,1.23503,0.692119,0.757818,1.06402,0.9131,-0.72784,-0.0988145,0.237368,0.390858,-1.10137,-0.130817,0.822494,0.167738,1.25926,0.421244,0.796598,1
0.507477,0.442936,-0.193803,0.539339,0.458152,-0.208208,-0.230688,-0.246248,0.106187,0.0978404,-0.250349,-0.0853182,-0.360882,0.144711,-0.124384,-0.101893,-0.0553118,-0.0980494,0.397148,-0.255932,-0.280866,-0.0900019,-0.610035,1.17636,0.227545,0.173195,-0.272211,-0.37687,0.137845,-0.281619,-0.165759,-0.679883,0.458549,0.872788,1
-0.158579,-0.466833,0.219749,0.0321939,0.411463,0.0089877,0.54968,0.350501,-0.438133,-0.29767,0.362638,-0.277356,-0.763386,-0.438048,-0.507658,0.339695,0.459576,-0.182039,-0.633467,0.131163,0.374865,-0.00361253,-0.652986,-0.371876,0.0773293,0.0730679,-0.655827,-0.196126,0.741226,0.202069,0.518164,-0.331607,0.484995,0.876331,1
-0.113565,-0.201338,0.29662,-0.3617,-0.461825,-0.498538,-0.463123,0.120684,-0.855433,-0.0777526,0.444519,0.0309871,-0.11085,0.754239,-0.438985,-0.449538,-0.600247,0.626534,-0.291555,-0.0455693,-0.801337,-0.364884,0.132928,-0.413197,0.318913,-0.374014,0.0876064,1.19052,0.298025,-0.26751,0.427869,-1.53613,0.466077,0.817149,1
-0.483947,0.643437,0.692941,-0.347527,-0.356652,0.67244,-0.413735,0.279238,-0.0542297,-0.387604,0.404487,0.765101,0.321447,-0.548422,-0.272328,0.123815,0.302732,-0.697591,0.13689,0.503648,0.167918,0.593319,-0.706244,-0.194624,-0.123148,-0.361647,-0.935618,0.150287,0.124976,-0.447908,-0.518992,0.129224,0.541077,0.760507,1
-0.116829,0.0572204,0.0937666,-0.349548,-0.180425,0.543395,-0.0238295,0.25943,-0.0479173,-0.114678,0.0913752,-0.403621,-0.762002,-0.377331,-0.309541,0.303492,0.893065,0.445646,0.393231,0.347871,0.214535,0.239075,0.170943,0.13459,0.597919,0.0272615,0.238538,0.242144,0.355679,-0.449708,-0.445079,0.274058,0.546127,0.811702,1
-0.480196,-0.224839,0.199723,0.426325,0.228526,-1.22314,1.17714,-0.150421,-0.000122307,0.348577,0.475913,0.360535,0.143031,0.338374,0.271917,0.0992682,0.239926,-0.623722,-0.843063,0.165936,-0.554178,0.226139,-0.189243,-0.526059,0.607745,-0.251868,0.442587,0.146079,-1.06898,0.473327,-0.336016,-0.266601,0.528627,0.767592,1
-0.39783,-0.357386,-0.0460691,0.612291,0.0180502,0.372695,-0.163918,0.205791,-0.49987,-0.227948,-0.197789,0.147896,-0.31332,-0.451031,0.129414,-0.0518286,0.715875,-0.672519,-0.477911,0.380085,-0.026263,0.471927,-0.31424,-0.39218,1.07292,0.297547,-0.562286,-0.981708,0.801318,-0.388998,0.41604,0.421547,0.446091,0.834674,1
0.0616736,-0.0777472,-0.173263,0.0250512,0.241178,0.467452,-0.0737083,-1.12116,-0.437621,-0.0842816,0.681389,0.609263,-0.408791,0.192511,0.259208,-0.623983,0.648019,0.112631,0.732584,0.27781,-1.51666,0.057578,0.58747,0.046073,-0.210267,-0.151083,1.02634,0.65807,0.499114,-0.79995,0.300521,0.0653941,0.478485,0.86708,1
0.091128,0.945804,-0.245677,0.0326277,-0.34463,0.00533534,-0.225609,0.625957,0.0186621,0.0896205,-0.389742,0.703607,-0.476095,0.509008,0.823856,0.0830017,0.494996,0.0943174,0.034727,0.429088,1.0673,-0.579716,0.424582,-0.783371,0.207671,-0.426022,-0.815983,0.64577,0.00582001,0.814135,-0.0582086,-0.0766286,0.46139,0.766538,1
0.0414725,-0.955807,0.406111,0.204888,-0.417363,0.244323,0.514205,0.10671,0.322032,0.861004,-0.200488,-0.0307943,-0.489756,0.506062,-0.144113,-0.398533,0.207292,0.391362,0.368961,-0.71093,-0.0571193,-0.266215,0.0768458,0.247075,0.159517,0.112363,-0.0145542,-0.388974,0.351766,0.441471,0.920124,0.310382,0.57392,0.859281,1
-0.787319,-0.735988,-0.47832,-0.873282,0.419366,0.200448,0.63498,-1.7216,0.225958,-0.707126,0.314766,0.480717,0.108471,0.0795869,-0.858005,0.200201,-0.68239,-0.045951,0.642562,-0.388397,0.137412,-1.25024,0.306981,-0.502016,-0.642582,0.101034,0.0949886,0.200449,-0.756659,-0.637124,-0.527977,0.640368,0.551246,0.764406,1
-0.183052,0.669876,0.506659,0.266677,0.336669,-0.175328,0.173245,0.0429174,-0.765485,0.188619,0.38339,-0.869197,0.18675,-0.229597,0.732888,-0.0687996,0.068133,-0.925871,-0.348994,-0.379812,-0.477365,0.257224,-0.378384,0.538359,0.813927,-0.193487,-0.489457,0.219754,0.606113,-0.604102,-0.507141,-0.502363,0.523969,0.944772,1
-0.213939,-0.376188,-0.00186002,0.802865,-0.431699,0.00371361,-0.195243,-0.161259,-0.464053,0.295688,-0.4948,-0.00368353,-0.250889,0.800628,-0.524819,0.298598,0.690468,0.840655,-0.168239,-0.0308499,0.0817014,0.118403,0.590152,0.229016,0.0887351,-0.000506175,-1.11324,0.0431017,0.559837,0.47757,0.0420223,0.512845,0.488309,0.907957,1
-0.206643,-0.0958188,0.422076,-0.00951906,0.622253,0.214165,-0.815229,0.124994,-0.0469679,0.189884,-0.528379,-0.00984799,-0.0403729,0.0229546,-0.17786,-0.0794361,-0.00027684,0.195551,-0.381608,-0.398921,0.054939,0.728558,-0.334221,-0.325001,0.452306,-0.602817,-0.250062,-0.676818,-0.506722,0.484075,0.0200067,-0.718603,0.42312,0.946745,1
-0.0714133,-0.12966,0.991498,-0.305966,0.527803,-0.389388,0.95983,0.495073,0.0929185,0.145672,-0.558762,-0.0377807,0.211221,0.114119,0.0941906,0.559804,-0.754365,-0.0881233,-0.113941,0.434328,0.163609,0.818762,-0.686854,-0.772451,-0.0440516,0.495267,0.483537,-0.485717,0.658213,-0.0844778,0.410123,0.0652981,0.497552,0.828388,1
0.227917,0.814536,0.288719,0.217684,0.0347551,-0.00814857,0.313003,-0.431709,-0.0815472,-0.367188,0.0877095,0.352695,0.620839,-0.0570131,-0.0423592,-0.592279,0.683955,-0.0486832,0.0561286,0.649442,-0.143235,-0.0950747,-0.0597703,0.0845895,-0.398097,0.370919,-0.617426,-0.118842,-0.36807,0.676001,0.189267,-0.668582,0.513815,0.896038,1
-0.437442,-0.472636,0.114449,0.450745,0.29248,-0.568427,-0.77769,-0.509026,0.220945,0.129575,0.536571,0.45756,-0.0416837,-0.311022,1.29479,0.850416,0.228366,-0.797486,-0.961441,0.209522,-0.162705,0.565983,1.44782,-0.348343,1.11287,0.136287,0.0288569,0.222097,0.960275,-0.148528,0.26228,0.354384,0.564888,0.765243,1
0.0675719,0.252564,-0.35634,-0.168584,-0.635623,0.485388,-0.481627,0.222231,-0.969447,-0.576716,0.127909,0.155948,0.264158,0.406276,0.300976,-0.598257,-0.0312378,-0.0716222,-0.185345,0.0124564,0.153794,0.861493,0.352169,-0.122912,-0.702946,0.0490584,0.062237,-0.443093,0.148733,0.371201,-0.0269732,-0.68983,0.431455,0.794403,1
-0.941578,0.737848,0.11233,-0.19741,-0.777411,-0.371444,0.32693,0.452898,-0.332421,0.0394139,-0.685644,0.321228,-0.597252,-0.261921,0.196182,-0.00328556,-0.346088,-0.0255261,0.0135975,-0.429785,0.123191,0.413976,0.268289,-0.144354,-0.252738,0.016436,-0.302535,-0.103959,-0.850925,-0.516327,0.144161,0.530752,0.502419,0.875196,1
-0.0991591,-0.586295,0.267419,0.421483,0.0747041,0.336739,0.0157072,0.238033,0.598907,0.317403,-0.0578787,0.114063,0.342526,0.104971,0.607132,0.649595,-0.0443341,-0.780661,-0.422315,0.370599,-0.0567706,-0.130951,0.404693,-0.232932,-1.2038,-0.352179,-0.115625,0.341497,-0.584079,-0.54329,0.377673,0.843928,0.473836,0.871436,1
-0.864214,-0.111547,-0.323712,-0.522304,1.00414,0.576487,-0.510951,-0.561414,-0.30146,-0.452439,-0.0164708,-0.404612,0.111328,0.114185,-0.141467,0.203601,-0.283193,0.132612,0.716908,0.0462109,0.00533924,-0.579849,0.824416,-0.47784,0.0148593,0.113581,0.352293,0.546688,0.716889,-0.337369,-0.0880352,0.70311,0.462407,0.93094,1
0.85163,-0.693595,-0.327055,-0.349081,-1.13616,-0.16718,0.14758,0.262946,0.400937,0.459335,-0.743957,0.00998858,0.318326,0.688102,-0.392352,-0.149407,0.0148009,-0.607964,0.260033,-0.0948145,-0.0514987,1.12993,0.323008,0.404289,-0.253394,0.0461476,0.826097,-0.651215,0.0582672,-0.521648,0.245132,-0.219748,0.466513,0.92623,1
0.434013,-0.122343,-0.249166,1.08219,-0.10333,-0.0665087,0.25377,-0.978182,-0.786579,-0.35114,-0.0111623,-0.542563,0.255379,0.524106,-0.838179,0.935189,0.512333,-0.183151,-0.0846395,0.491815,0.900666,0.406413,-0.108019,0.470641,-1.0224,0.793867,-0.278376,0.128604,0.172118,0.423793,-0.367861,-0.0735651,0.448309,0.901573,1
-0.90957,-0.596198,0.483439,-0.0634296,-0.639112,0.125226,0.261637,-0.32782,0.0947134,-0.2141,0.121765,0.475014,0.0341648,-0.113484,-0.34367,-0.21085,0.572177,-0.858104,-0.0775928,0.614521,-0.398514,0.215139,0.416662,-0.156628,-0.797541,-0.810289,0.137957,-0.631948,-0.981619,-0.210795,-0.480641,0.36373,0.544409,0.910255,1
0.668192,-0.296471,0.0919517,0.54945,-0.307348,-0.279832,-0.0156165,0.0582585,0.262226,-0.0852556,0.902095,-0.039747,-0.781151,-0.794668,0.733314,0.387163,-0.372829,0.332051,-0.0504798,0.600856,-0.921411,0.208788,1.03219,-0.195613,-0.107619,0.269574,0.29115,0.116632,0.563126,-0.414892,-0.335014,1.13833,0.47082,0.863608,1
-0.515532,0.593125,-0.0101724,0.0598163,0.170722,0.870686,0.490174,0.353498,-0.555251,0.0330171,-0.484193,0.191102,0.631979,0.0946575,0.470735,-0.140807,-0.215648,-0.124678,0.295121,-0.933958,-0.0157103,-0.783351,0.245171,-0.561117,-0.331364,0.266408,1.08333,0.927902,0.655778,-0.248895,-0.534463,-0.707374,0.527621,0.848966,1
-0.472225,0.131605,-0.464402,0.0920444,-0.0108462,-0.0712063,-0.211724,-0.66124,0.0241674,0.673692,0.10352,-0.0130565,-0.0828207,-0.183563,-0.0148594,-0.477103,0.363405,0.0812753,-0.0558816,0.0417046,-0.31926,-0.060896,-0.668301,-0.396134,0.136161,0.44728,0.260913,0.0956458,0.787186,-0.363376,-0.720852,-0.731834,0.543584,0.784106,1
-0.0538755,0.540534,-0.845741,-0.841856,-0.406259,-0.936034,0.00511295,-0.712297,0.0902029,0.564005,-0.613103,-0.528075,-0.417952,-0.607014,0.272661,-1.36782,0.968749,-0.582158,-0.513042,0.0824346,0.592319,-0.225544,0.508163,-0.0458038,-0.44138,0.706937,0.438195,-0.234993,0.232052,-0.647005,-0.756809,0.906408,0.523455,0.921718,1
0.287675,-1.1136,0.26025,0.271443,-0.440386,-0.378885,-0.653007,-0.346553,-0.681228,-0.0631812,0.0226369,0.436509,-0.134273,0.946454,-0.311911,-0.0799123,-0.649555,0.531464,-0.630186,0.642598,0.0183228,0.108335,0.738861,-0.760081,1.1072,-0.595909,0.767148,-0.394934,-0.0880752,0.258181,0.463207,0.00696192,0.547958,0.762566,1
-0.00241513,0.220202,0.659791,0.0581889,0.790129,0.602782,-0.0713696,-0.133592,-0.257742,-0.0423424,-0.180178,-0.429923,-0.429661,0.0426835,-0.196689,-0.202098,1.02502,-0.284934,0.030864,0.736575,-0.758112,-0.69468,-0.610021,0.278406,0.325248,0.0232314,-0.37665,0.525807,-0.28828,-0.180009,-0.170377,-0.277695,0.456945,0.84007,1
0.535499,-0.350351,0.588607,-0.177752,-0.140468,0.151514,-0.550389,0.346264,0.729314,-0.18489,-0.0793545,-0.251229,-0.386538,-0.625748,0.460626,-0.286102,-0.786708,-0.0122254,0.499539,-0.115256,0.567403,0.0870135,0.728786,0.289588,-0.524318,-0.0984518,-0.381674,0.485765,0.680678,-0.351293,0.200971,-0.463004,0.423161,0.793729,1
0.305457,0.54128,-0.141392,0.245894,0.11256,-0.166204,0.180932,-0.119754,0.261328,0.793785,-0.633687,0.133889,-0.282585,-0.0516053,0.386686,0.742874,-0.0262488,0.234675,0.275823,-0.535875,0.0474533,0.187092,0.0253358,-0.348509,0.0022876,-0.140907,-0.474339,0.125251,-0.878489,-0.589271,0.0168984,-0.534787,0.428137,0.8186,1
-0.216331,-0.657621,0.363474,-0.280835,-0.592522,-0.205093,-0.558732,-0.531065,0.661669,0.0466288,-0.327086,-0.670367,0.340399,-0.274708,0.536805,0.0231825,0.254914,-0.746806,-0.144098,-0.394238,0.290677,0.27351,0.276134,0.122003,-0.124026,0.26265,-0.394274,0.547324,0.762347,1.51695,0.688823,0.301305,0.538122,0.88876,1
0.393658,-0.215913,-1.60544,-0.0674612,-0.62583,-0.0655,-0.138427,0.19126,0.87508,0.73921,0.0790799,-1.15937,0.153292,-0.129935,0.283326,0.840649,0.229773,0.216399,-0.785319,-0.347568,-0.667788,1.06808,0.484701,-0.679637,0.308195,-0.532907,-0.207962,-0.0524662,-0.0525402,-0.608006,-0.279856,-0.170254,0.573687,0.822524,1
-0.0497982,0.0366681,0.172239,0.854321,-0.174283,-0.198187,-0.558222,0.192284,0.651157,0.0976563,-0.938488,-0.639524,0.0931824,0.459893,0.46049,-0.654733,0.314753,-0.838922,-0.779278,0.152939,0.519485,-0.387266,-0.129671,-1.0848,-0.13521,-0.640381,-0.710434,0.090665,0.325983,-1.0174,-0.429093,0.459827,0.429998,0.823078,1
0.780444,-0.136431,-0.530795,-0.437632,0.381756,-0.0659313,-0.568379,-0.194804,-0.435057,0.490838,-0.0864011,0.288269,-0.0224546,-0.0080662,0.660492,-0.503722,1.22591,-1.11905,-0.194532,-0.00872253,0.0613285,0.788343,-0.148951,-0.713028,-0.966912,0.435221,-0.502998,0.754268,0.731604,0.419725,0.606004,-0.270597,0.468264,0.798101,1
0.114146,0.0946025,0.734473,-0.687324,-0.103482,0.682404,-0.688651,0.0911898,0.362094,0.297881,0.314114,-0.248945,-0.579839,-0.253227,-0.229366,-0.503658,-0.450262,0.223479,0.39041,-0.31278,1.2575,-0.470756,-0.111129,0.450231,0.451949,0.243991,0.818302,-0.510025,-0.496417,0.249499,-0.695056,-0.357554,0.527111,0.944235,1
0.219128,-0.0251898,-0.177803,-0.422815,-0.0918185,0.0374269,0.708227,-0.134848,0.135484,-0.106788,0.0783057,-0.386614,0.174391,-0.35471,-0.399061,-0.0808095,-0.144794,-0.39533,-0.348159,-0.819531,-0.493863,0.526851,-0.265933,0.170314,0.648914,0.183513,-0.421102,-0.238378,0.195635,0.206772,-0.564107,-0.0250986,0.427695,0.910115,1
-0.199187,-0.263563,-0.585137,0.249046,0.207654,0.830301,-0.661509,-0.538464,-0.626964,-0.80612,1.0575,1.07144,-0.476528,-0.319635,-0.0512425,-0.114307,-0.209023,-0.488615,0.162898,0.217929,-0.359958,-0.887744,0.290024,-0.0822666,0.751387,-0.219499,0.0227306,-0.0895504,0.552519,-0.518702,-0.449071,0.132078,0.493722,0.844499,1
-0.0535524,0.412079,-0.229202,-0.608078,0.464686,-0.573189,0.117145,-0.317254,-0.109585,-0.987662,-0.719752,-0.126945,-0.367407,0.294935,0.134977,0.912764,1.32961,-0.271287,-0.442696,0.255184,1.56143,-0.354384,-0.182073,-0.0196341,-0.246252,0.226174,-0.805945,-0.527351,0.217325,-0.790763,-1.01315,0.197536,0.562688,0.814847,1
-0.277492,1.00748,-0.613504,0.251393,0.246025,-0.233514,0.505387,-0.254816,-0.0903379,0.297392,-0.662816,0.413974,0.114299,0.313041,-0.68525,-0.454117,0.216758,0.918768,-0.31818,0.352203,0.316025,0.161218,0.407898,-0.0818447,0.0654866,0.895251,-0.259048,0.497296,-0.517259,-0.162789,-0.0167823,0.558461,0.431436,0.922505,1
0.0300216,0.367233,-0.0205701,0.406054,0.434558,-0.141066,1.33214,0.382666,0.204178,-0.14882,-0.222728,-0.78076,-0.0697895,0.133274,1.4247,0.478347,0.189477,-0.814258,-0.140167,-0.349826,0.27715,-0.858458,0.0814213,0.223292,0.249481,1.02811,0.241011,-0.410084,-0.197443,-0.303517,-0.0520615,-0.469628,0.464932,0.927546,1
-0.0367278,-0.841869,0.706485,-0.207321,0.714349,-0.24982,-0.496757,-0.153391,-0.0698755,-0.333465,-0.894393,0.0677731,0.06231,-0.75316,0.41367,-0.677398,-0.360512,-0.137949,-0.528727,0.0563952,-0.0304789,1.08653,0.0639353,1.01171,0.450257,0.87965,-0.702524,0.746246,0.86423,-0.130245,0.0603787,-0.0468732,0.48877,0.897123,1
0.145216,0.10498,1.04039,0.538543,-0.520241,-1.10647,-0.441241,0.113519,0.399174,0.545669,0.0690711,-1.2781,-0.202066,-0.0128268,0.174227,-0.484877,1.22749,0.385502,-0.391881,-0.592389,-1.03946,0.553965,-0.672566,-0.560451,0.348661,-0.340107,-0.056742,0.160024,-0.160579,-0.416865,-0.258394,-0.257508,0.549904,0.855191,1
-0.161338,-0.217883,-0.185807,-0.0842194,-0.52355,1.31727,-0.0455182,-0.821074,0.497132,-0.256495,-0.0167639,-0.201648,0.659768,0.491885,-0.0736731,0.518642,0.00941333,0.895325,-0.439939,-1.01951,0.60338,-0.520186,0.649505,-0.227689,-0.303189,0.443557,-0.504329,-0.246901,0.622706,-0.367501,0.189385,0.699593,0.52017,0.930715,1
-0.317894,-0.0332719,-0.813148,-0.906226,0.98944,0.604078,-0.0900785,1.32024,-0.877337,-0.701591,0.0147422,0.479118,0.0426849,0.881332,-0.0606619,0.825091,0.929636,-0.0887872,0.435644,-0.247881,-0.173518,-0.0404728,0.85743,-0.276963,0.21041,-0.287294,-0.105612,-0.35311,-0.847189,0.0813057,-0.157403,-0.0836124,0.503922,0.79435,1
0.647435,-0.0370891,-0.0605288,-1.18321,-0.384549,0.40988,0.435949,0.133113,-0.22789,-0.281119,-0.187632,-0.55732,-0.755122,0.407077,0.415824,0.184392,0.447276,-0.11458,0.257936,0.643266,-0.403807,0.040822,0.396249,-0.24019,0.212145,0.757551,0.338962,0.258868,-0.195023,0.892974,-0.378329,-0.321466,0.525382,0.849148,1
0.313725,0.203476,0.159276,0.135829,0.141416,7.95,0.214761,0.244537,0.233595,0.334827,0.262679,0.360708,0.16622,0.389131,0.125444,0.151471,0.153236,0.330497,0.146193,0.165168,0.240921,0.2335,0.270947,0.115297,0.137472,0.134796,0.389864,0.109615,0.245472,0.15969,0.331086,0.127934,0.52,0.82,1
0.67148,0.110582,0.396695,0.273191,-0.952435,0.765482,-0.108077,0.0114374,-0.406482,-0.480288,0.216564,-0.140311,-0.0946907,0.517319,0.376217,0.261009,-0.423966,-0.438919,-0.139501,0.742424,0.817342,0.694595,0.328896,-0.232817,0.67262,1.12178,0.498898,0.507557,0.9956,0.330015,-0.213468,-0.664073,0.499725,0.910519,1
-0.223389,-0.356472,-0.0569549,0.0502107,-0.376634,0.0801991,0.242396,0.271064,-0.362373,-0.428809,-0.0775414,-0.348509,-0.858905,0.0822806,0.13858,1.44859,-0.70603,0.360517,-0.619625,-0.520274,-0.143583,0.5678,0.168715,-0.287204,0.187098,0.319091,0.38765,-0.0675186,-0.272526,0.865631,0.556293,-0.0124001,0.554817,0.848617,1
0.160219,0.253706,0.117064,-0.0296411,-0.149699,-0.0874354,0.255053,-0.162466,-0.653033,0.242839,0.0235539,-0.529838,-0.24856,0.597525,-0.889381,-0.625203,-0.307746,-0.251779,0.011399,0.856692,0.235676,-0.105346,-0.497057,0.138564,0.684632,0.279351,-0.0649111,-0.0331437,-0.337178,-0.5816,0.0279723,-0.468953,0.55463,0.8368,1
0.482368,-0.175866,0.405937,-0.237111,0.133457,0.28135,0.636136,0.0897049,0.229417,-0.931701,0.428566,0.1698,0.353867,-0.347238,0.0315546,-0.00657106,0.0652184,0.405709,-0.179562,0.389562,0.100852,-0.708905,-0.219616,1.36454,0.00455944,0.351206,-0.432612,1.02778,-0.4052,0.515106,0.516884,0.315122,0.492969,0.883419,1
-0.312232,0.437158,-0.0651372,-0.148648,0.347276,-0.435115,1.14437,0.689578,-0.765931,0.562403,-0.384556,0.0803583,0.835813,-0.352362,0.425838,-0.766634,0.762059,0.324596,0.919386,0.537751,0.285719,0.119452,-0.522739,0.190275,0.449699,-0.669837,0.273941,0.90409,-0.0166221,-0.437704,0.0746514,-0.647826,0.549843,0.810621,1
-0.0371783,-0.0373488,0.516478,-0.044751,-0.730451,0.263834,-0.0067351,-0.187588,-0.150179,-0.374611,-0.999611,0.488556,0.87482,-0.695038,0.493787,0.569928,0.509765,-0.118047,0.389616,0.335095,0.381555,-0.135862,0.0332427,-0.053056,-0.289013,-0.15115,-0.325455,0.528579,-1.03494,0.291019,-0.228027,0.255627,0.459193,0.820345,1
0.214019,0.631829,0.17551,-0.599764,0.423235,0.365373,-0.730716,0.381398,-0.365581,0.0192466,0.108857,0.834122,-0.187536,0.442963,-0.643661,0.134885,-0.103212,0.157698,0.505927,0.230262,-0.27603,-0.165171,-0.490751,-0.738251,0.0661261,-0.146642,0.0823651,-0.744019,0.325471,-0.845805,-0.728496,-0.877864,0.439498,0.768985,1
-1.18148,-0.990157,-0.533225,-0.22897,-0.403953,-0.0910032,-0.155702,-0.0861965,-0.428587,0.702984,0.330473,0.0858674,-0.150316,0.0974562,-0.657239,0.0407076,-0.871832,0.521729,-0.571614,-1.14698,0.354795,-0.295879,0.129161,0.654347,-0.441009,0.611622,0.237303,-0.711444,0.201162,-0.358262,0.567546,-0.136175,0.556687,0.886589,1
0.656766,-0.384232,0.919266,-0.579746,-0.617174,0.131059,0.257327,-0.154465,-0.243497,-0.570864,0.0175673,0.239193,0.359009,0.232708,0.51113,0.711095,-0.00823734,-0.527588,-0.655721,-0.0658058,0.275937,-0.713631,0.232588,-0.852729,-0.710021,0.558729,0.584951,0.125455,-0.570186,0.686881,0.15102,0.52907,0.548639,0.859232,1
0.0969205,0.264188,0.312049,0.635735,0.703309,0.487764,-0.558587,0.141904,0.492556,-0.0122566,0.4706,0.351358,0.963082,-0.29193,-0.345432,-0.443217,-0.17623,-1.2282,0.0385703,-0.879904,-0.414473,0.133551,0.143069,-0.132074,-0.307634,0.523618,0.387151,-0.669594,0.125617,0.833132,0.0448513,-0.122705,0.553031,0.821832,1
0.204517,0.125117,0.215736,0.102678,0.323513,7.95,0.32492,0.132572,0.102162,0.310969,0.359978,0.392969,0.230109,0.309829,0.395592,0.189003,0.199289,0.161367,0.325954,0.296301,0.284385,0.160326,0.337502,0.101055,0.286424,0.278702,0.322068,0.192563,0.324664,0.381685,0.304435,0.249031,0.52,0.82,1
0.301537,0.388916,0.186627,0.102845,0.304281,7.95,0.396862,0.202011,0.307565,0.188182,0.242836,0.334404,0.398365,0.324636,0.142756,0.395507,0.385175,0.344273,0.137763,0.340209,0.339046,0.207114,0.284381,0.22977,0.104518,0.107369,0.121319,0.255367,0.133493,0.241374,0.224597,0.282205,0.52,0.82,1
-0.199478,-0.890796,0.17954,-0.368501,-0.618073,0.371667,-1.23072,0.0726248,0.299481,0.0612151,-0.118876,-0.156209,-0.0352694,-0.270501,-0.478239,0.619871,-0.130151,0.252632,0.39098,0.261667,0.752538,-0.182243,-0.93915,0.44049,0.826933,-0.162467,-0.377969,-0.443227,0.108431,-0.574545,-0.627539,0.290952,0.482034,0.949448,1
0.400101,-0.718731,0.155118,0.425822,-0.0696835,-0.893067,0.24939,-0.0543867,0.394047,-0.264743,0.460566,0.588578,0.134089,0.379964,0.325943,0.41131,0.0947846,0.0343097,0.904234,0.536918,0.688776,-1.07332,-0.294109,-0.158425,0.095198,-0.429096,-0.285261,0.337446,0.250727,-0.455395,-0.731766,-0.298239,0.571664,0.801676,1
-0.307344,0.396893,-1.13177,-0.524722,0.00132082,0.500281,-0.867153,-0.23031,0.298754,-0.636155,-0.121565,0.0263454,-0.25387,0.518441,-0.772053,0.431321,0.499083,0.203435,0.354261,0.57807,-0.266902,-0.285798,1.11885,0.0975064,-0.418015,-0.1277,-0.208601,-0.22689,0.268107,0.205743,0.00646992,0.111459,0.579558,0.851367,1
0.296354,0.803535,-0.308462,0.244412,1.04354,0.0762908,0.0895416,0.430113,0.353835,-0.0680512,-0.351874,0.621798,-0.00212018,0.488837,-0.0738756,-0.524672,0.847471,0.193115,-0.28504,0.131796,0.179468,0.618502,-0.45212,0.829889,0.800449,0.242825,0.346088,-0.0298096,-0.568508,0.0734557,0.203324,-0.161612,0.550686,0.864344,1
0.419175,0.212774,0.337773,0.398244,-0.779836,-0.3782,-0.76635,0.0687524,0.0723636,0.323776,0.113249,0.239235,-0.565735,0.362817,-0.0810155,0.350683,-0.57907,-1.14231,0.025291,0.646123,0.534413,0.702398,0.160449,-0.740065,1.20135,0.287515,0.00799657,0.373591,0.169016,-0.179916,0.295641,0.352985,0.531522,0.804627,1
-0.00403136,0.491241,0.104055,-0.95297,-0.218289,0.427168,0.493927,-0.741967,-0.122263,0.190812,-0.552484,-0.194287,-0.16326,-0.0506607,-0.602391,-0.726306,0.38802,1.21863,0.0764846,-0.312852,0.0721586,0.352256,0.701436,-0.108159,0.197423,-0.343631,0.066456,-0.386139,-0.318088,-0.632829,0.171678,0.375903,0.465653,0.934151,1
-0.201316,0.243012,-0.64417,-0.446492,-0.444837,0.198257,0.208474,0.0188075,-0.220265,0.32807,-0.691508,-0.00026211,-0.348461,0.60959,0.588717,0.285288,1.15747,-0.399684,-0.607227,-1.01921,-0.633056,-0.0856598,0.0557473,-0.12547,-0.437541,-0.288259,0.231087,0.608048,0.621811,0.210341,1.23546,0.897815,0.440153,0.858599,1
-0.514349,-0.761567,0.576643,-0.623651,-0.0977238,-0.603082,0.866565,-0.791291,-1.21147,0.281666,-0.0319977,0.813365,0.0669323,0.0622496,-0.0717775,-0.379206,0.786233,1.24214,-1.12339,0.973502,-0.0582222,-0.681946,-0.388983,0.207877,1.06256,0.189151,0.0819087,0.311283,-0.345572,-0.0313029,-0.090444,0.319003,0.563624,0.802322,1
-0.213208,1.04804,-0.232311,-0.229922,0.306211,-0.130701,0.357148,-0.681782,-0.117313,-0.947088,0.222395,0.577668,-0.0667561,-0.428935,-0.168828,0.0924292,0.339355,-0.326071,0.012466,0.0145964,-0.376491,-0.0653019,-0.4348,-0.874509,-0.0072921,-0.650199,0.88074,-0.647344,-0.275514,-0.391422,0.272371,0.404633,0.434155,0.769773,1
0.427696,-0.506362,-0.571817,-0.507646,0.273802,-1.04702,0.290051,1.00344,-1.10837,0.626669,-0.250504,-0.4266,0.692324,0.338741,0.440023,0.276894,0.0549755,0.0340597,-0.409424,0.126088,0.479489,0.3765,0.866417,-0.130461,-0.680108,-0.208582,0.371408,0.430512,0.0570737,0.0315041,-0.492904,0.10322,0.45939,0.81811,1
0.120508,-0.201739,0.30164,-1.62555,-0.652307,-0.203324,-0.500008,-0.61857,-0.490326,-0.302092,0.331186,0.318776,-0.275028,-0.0252921,0.119497,-1.01714,0.191363,-0.297465,0.390457,-0.682912,-0.444082,0.00205745,-0.528567,-0.487867,-0.117339,0.345267,0.653185,-0.313894,-0.709497,0.436332,-0.210677,0.224931,0.468188,0.769506,1
0.0867457,-0.0423095,-0.524706,-0.376694,0.130732,0.0669703,-0.870509,0.657353,-0.380797,-0.700812,0.434515,-0.0919775,-0.264025,-0.627318,0.447517,-0.140067,-0.491412,-0.326824,0.0918753,-0.406076,-0.120141,-0.556494,-0.39181,-0.587981,-0.0897567,0.380485,1.15925,-0.575634,-0.336834,-0.691646,0.134614,-0.643748,0.452993,0.870194,1
0.0897353,0.459831,-0.280199,0.434183,0.891909,-0.354629,0.523091,-0.714527,0.335443,-0.0505561,0.35428,0.338568,-0.112948,-0.243484,0.546572,-0.307231,0.0311694,0.371227,0.044654,0.645206,0.699372,-0.770365,-0.0641008,-0.276052,-1.30607,-0.976342,0.142891,0.0782782,-0.456964,0.607288,-0.213287,-0.432792,0.514329,0.763799,1
0.0591329,0.126824,-0.281938,0.412375,-0.505226,0.71771,0.361675,-0.79036,-0.534216,-0.155783,0.322916,-0.0560368,0.532884,-0.175258,1.04733,-0.067896,-0.341646,-0.621369,0.527356,-0.68729,-1.12656,-0.294116,-0.0424298,0.426075,0.454414,0.192135,-0.0216343,-0.449505,0.050253,-0.58902,-0.521876,1.66688,0.422041,0.914748,1
-0.152698,-0.0324969,-0.159934,0.692194,0.0954073,-0.0222563,0.572495,0.517431,0.365266,0.0802536,0.889733,0.17393,0.0260445,0.217305,-1.21087,0.0957086,0.13449,0.451219,-0.249628,0.0362101,0.0389033,0.145317,-0.104857,0.746333,-0.690247,0.281069,-0.229024,-0.00827166,-0.63643,-0.358364,-0.618824,0.107953,0.535118,0.826978,1
0.211042,0.401113,-1.06557,0.0602894,-0.631724,0.171247,0.314173,0.250245,-0.317731,0.600836,-0.0393475,0.0437434,-0.136453,0.495057,0.453049,-0.34284,0.321788,0.0210673,0.0243114,-0.663292,-0.60454,-0.16767,1.01856,0.589301,0.0519159,0.658379,1.27837,1.12661,-0.214023,-0.495639,-0.159921,-0.288092,0.495243,0.804295,1
0.492639,-0.788982,0.586968,0.0186298,0.0949019,0.699435,0.175685,-0.223887,0.160258,0.0317428,-0.24583,-1.00024,-0.0616648,0.318213,-0.853897,0.173058,0.893351,0.00586902,-0.54448,-0.937578,-0.381613,0.326174,0.306659,0.0341761,-0.204864,1.0751,-0.845425,0.911898,0.667032,-0.142862,-0.630164,-0.236561,0.455426,0.946781,1
0.403512,-0.5046,-0.0864269,0.0577988,-0.975002,0.487169,0.584796,-0.553936,-0.0470316,0.540833,-1.62862,0.303743,0.50978,0.0362209,0.0487632,-0.577589,0.407486,0.907644,-0.228565,-0.418863,0.497288,0.486549,0.732227,0.853232,0.710541,0.18353,1.27714,-0.0332969,0.0609663,0.862108,0.255142,0.636195,0.5621,0.820102,1
0.0515511,-0.508225,0.114655,0.818091,-0.149554,0.590096,0.784715,0.314201,0.185674,-0.340621,-0.337949,-0.264605,0.245804,0.17143,-0.468703,0.251875,-0.0957785,-0.231818,0.0944327,-0.903519,-1.14453,-0.102591,-0.322266,0.0500858,0.745813,0.634257,-0.224877,0.818406,0.0473417,0.0591301,0.0703063,-0.365452,0.494761,0.867549,1
0.168885,0.0964026,0.266958,-0.438895,-0.511519,0.655135,0.123219,0.245898,-0.859253,-0.124831,0.677434,-0.547813,-0.276088,1.09382,-1.29446,0.594825,0.187404,0.302965,0.08403,0.955867,-0.027938,0.178325,-0.203714,0.549644,-0.000711912,0.716746,0.0483528,-0.414497,0.0110826,-0.585298,-0.0744749,0.529903,0.514462,0.88701,1
-0.874005,0.0304385,-0.200342,-0.0313491,0.820721,-0.931919,0.0322502,0.0446211,0.102933,0.00258561,-0.446774,-0.0948185,-0.452317,-0.158685,-0.658786,-0.580526,0.26425,0.342726,0.862277,-0.0424871,-0.359216,0.267505,0.322107,0.872831,0.973862,0.665625,-0.0306835,0.36131,0.221706,0.0359892,-0.787597,-0.206325,0.420255,0.892785,1
-0.443491,-0.634701,0.0254652,0.549987,-0.69107,-0.00453918,-0.703822,0.396124,-0.438004,0.323651,0.480367,0.132122,-0.0576899,-0.197539,-0.465361,0.275516,0.313742,0.147802,-0.165715,-1.22002,-0.0829816,0.0315028,0.780357,0.230258,0.225022,0.537602,1.13578,-0.219857,0.403638,-0.300605,1.24543,0.46495,0.478272,0.804257,1
1.50455,-1.4355,0.0442566,-0.527207,-0.390416,0.44194,0.122196,0.341424,0.867077,-0.121691,-0.454209,0.167604,0.169822,0.0720149,0.331211,0.0712466,-0.587562,0.533251,-0.670411,0.586118,0.0634664,-0.851943,0.0755638,-0.514924,-0.518258,-0.194824,0.264976,0.0524183,0.509665,-0.423468,0.35856,0.256891,0.482547,0.851852,1
0.11852,0.45546,-0.181706,0.28418,-0.564401,-0.763169,-1.01369,-0.350639,1.14606,-0.575704,-0.602792,-0.519925,-1.10785,0.0801933,-0.178238,-0.00180108,0.468837,-0.627649,-0.736154,-0.0913928,0.0726233,-0.0302907,0.897555,0.700635,0.323173,0.500993,1.03688,0.0459048,-0.908177,-0.309276,-0.525028,0.0464621,0.488341,0.779303,1
-0.8041,0.355585,-0.394872,0.147264,-0.122152,-0.597207,0.201617,-0.752418,0.552414,-0.0670829,-0.0823754,0.0680875,-0.0060653,-0.784463,-0.335441,0.657174,-0.0411871,0.0823309,0.464627,0.726272,-0.160568,-0.916514,-0.0577154,0.372888,0.23537,0.0926277,0.300084,-0.1457,0.416065,-0.693365,0.00691726,-0.0355638,0.422645,0.814631,1
1.22098,-0.107873,-0.126705,0.121459,0.84585,0.512069,-0.40922,0.267067,-0.753325,-0.705155,0.482974,1.03982,0.35965,-0.144441,1.33119,-0.00436343,-0.377176,-0.968449,0.267429,0.836113,0.693787,-0.615903,1.24886,0.850691,0.0113833,0.677073,0.0945913,1.08252,-0.0952514,0.0233463,-0.25219,0.0400448,0.554927,0.898695,1
-0.913032,-0.126176,0.251495,0.723044,0.647379,-0.315797,-0.423463,-0.0559179,0.122783,-0.269378,-0.0962919,-0.948061,-0.626594,0.258724,-0.899187,-0.297634,0.134113,0.299945,-0.103976,-0.394959,-0.415623,-0.612893,0.986529,0.0531425,0.26658,0.281854,0.289953,-0.0628698,0.511764,-0.578888,0.121276,-0.228439,0.501343,0.921052,1
0.530017,-0.268056,-0.132876,-0.359419,0.414307,0.249864,-0.226839,0.417681,-0.553015,-0.561593,0.585044,0.638992,0.100993,0.102089,-0.00671379,-0.590163,-0.145825,0.000102501,0.680721,0.469095,-0.0106689,-0.286631,0.269471,0.0178906,-1.40324,0.870455,0.479395,-0.370486,-0.452486,0.72738,0.329158,-0.4297,0.427737,0.844673,1
-0.647275,-0.377479,0.560256,0.109405,-0.409766,-0.47543,0.241713,0.560753,0.106704,0.409393,-0.692829,-1.09224,0.452297,0.217657,0.396828,-0.0255353,0.180096,0.501664,-0.353088,1.18227,-0.152682,0.0873418,0.487582,0.180757,-0.026018,-0.121091,-0.200867,1.57303,-0.438734,-0.350805,-0.100884,-0.508357,0.474587,0.892596,1
0.364339,-1.0673,-0.137482,-0.169091,0.0264167,-0.197984,0.544027,0.768506,0.300285,1.06774,0.0286908,0.370841,0.1385,-0.60252,0.188879,0.0651276,-0.427273,0.502109,-0.276253,-0.281515,-0.263211,-0.748256,0.194153,0.230466,-0.356461,-0.977544,-1.29253,1.35722,-0.352318,0.681654,0.241167,-0.14215,0.529223,0.810723,1
-0.756592,-0.639014,-0.0951098,0.246624,-0.304735,-0.871425,0.63013,-0.691493,0.459933,-0.466123,1.08437,0.688019,-0.425662,0.401644,-0.0111332,0.0154295,0.0816201,-0.0354875,0.81551,-0.173234,0.482143,-0.337611,0.112875,-0.606847,0.924117,-0.126761,1.74443,0.0347732,0.517164,-0.3174,0.499357,-0.511872,0.501595,0.871615,1
-0.501908,-0.0773068,-0.601364,-0.498332,0.410319,1.19272,0.823064,0.150529,-0.477779,-0.455982,0.0826315,-0.00676238,-0.80791,-0.418921,-0.538106,0.39194,-0.60144,-0.216544,0.970076,0.49356,0.134268,-0.459956,0.603462,0.226004,-0.0608614,0.939987,0.00190944,0.255062,-0.597737,-0.316976,0.360075,0.0776194,0.57945,0.899941,1
-0.518206,-0.455666,0.423072,-0.184144,0.153715,-0.335249,0.27842,-0.179045,0.132763,0.960965,0.214366,0.117553,-0.0524562,0.941216,-1.0228,0.510076,-0.0103164,-0.483833,0.720754,-0.245811,-1.05572,0.246196,0.0246137,-0.0460933,0.319154,-0.207952,-0.0812192,-0.0965122,0.167378,0.0921172,-0.209579,0.238238,0.498003,0.77313,1
0.122181,0.313024,-0.00787794,0.106938,0.364387,-0.214021,-0.221379,0.0136546,-0.240487,-0.67695,0.224188,-0.785512,0.109675,0.0700097,0.424043,0.241513,0.0973564,0.7538,-0.174196,0.441918,-0.373884,-0.209918,-0.201814,0.238539,-0.407997,0.662775,0.821719,0.302563,-0.384978,-0.115439,1.10109,0.877133,0.465649,0.787421,1
0.0571603,-0.749841,-0.193955,-0.889548,-0.215399,0.847427,-0.0780298,-0.231295,0.0377344,0.107041,0.0508396,-0.263232,-0.0647948,0.0163567,-0.366405,0.472167,-0.424529,0.711321,-0.94909,-0.508564,0.037492,0.0983606,0.535458,-0.0104507,-0.0875804,0.032273,-0.159561,0.212968,-0.687538,0.748837,0.438075,0.00647738,0.452876,0.858151,1
-0.499364,0.535479,-0.0155479,-0.268771,0.166283,0.0714514,0.228533,0.495724,0.219804,0.883752,0.107438,-0.0413308,-0.16972,-0.327002,-0.0501698,-0.716804,0.246815,0.375267,-0.37755,-0.294976,-0.285295,-0.620348,-0.110675,-0.266237,-0.687294,-0.745708,-0.289946,-0.0820227,0.221209,-0.869648,-1.01523,0.263208,0.422379,0.844363,1
0.138389,-0.313354,-0.0420983,0.21553,0.802128,-0.162055,-0.785349,-0.0141221,0.118116,0.138655,-0.689864,-0.158291,0.767377,-0.499135,-0.00623365,-0.544168,0.14474,0.129947,0.196355,0.595999,-0.031207,0.707354,-0.105279,-0.275434,0.553505,0.359023,0.0996999,0.00231882,0.0345327,0.437182,-0.170685,0.491188,0.536106,0.780261,1
0.601979,0.233124,0.209913,0.253235,-0.643395,-0.47533,0.349265,1.51557,0.341254,0.454742,-0.41849,0.0443235,0.184368,-0.208937,0.214555,0.415987,-0.155484,-0.0112394,0.0717864,0.726807,0.103443,0.629535,-0.728787,-0.758316,0.847041,0.188743,-0.578684,0.506653,0.102592,0.581271,0.466485,0.610959,0.505,0.831856,1
0.22662,0.202369,-1.21625,-0.0682996,-0.768368,-0.230291,-0.165328,-0.139407,0.451439,-0.157091,0.367793,0.123371,0.0845388,0.290408,-0.482428,0.447777,0.97284,-0.865704,0.223367,0.117594,0.0396673,-0.574389,-0.568279,0.758127,0.355779,0.0277836,0.494266,-0.135073,-1.49175,-1.08112,-0.452316,0.43571,0.473276,0.872231,1
0.525569,-0.287995,0.928881,-0.220133,0.725495,0.368396,-0.104246,-0.501186,-0.227246,0.0787525,0.697573,0.34365,0.730684,0.176365,-0.788751,0.0731768,-0.0702499,0.450932,-0.543908,0.372733,0.672383,1.05894,0.0683362,-0.785166,-0.231008,-0.4334,0.868877,-0.539588,0.267673,-0.645993,0.0314143,-0.152538,0.48931,0.946558,1
-0.334664,-0.564882,-0.0955796,-0.0350089,-0.0552809,-1.1709,0.44401,0.643353,-0.0806077,-0.818644,-0.0303056,-0.35207,-0.729245,0.407258,-0.0337734,0.389966,-0.290713,-0.243529,-0.295525,0.611,-0.376953,0.504004,-0.958816,-0.707232,0.362905,-0.27379,-0.14092,-0.510703,-0.738678,-0.103966,-0.626398,0.202061,0.562972,0.919863,1
-0.274349,-0.506063,0.0325952,-0.214892,-0.116626,-0.362818,-0.356963,-0.175064,0.212057,0.513062,0.102311,0.465676,-0.369567,0.510759,-0.0442598,-0.192094,-0.811511,0.181265,-0.0133705,0.034425,0.108639,-0.19696,0.181865,-0.193184,-0.211283,0.140998,0.807261,-0.365823,0.472245,0.0314686,0.0742771,0.0971873,0.425731,0.807861,1
0.462704,0.420297,-0.484355,0.206895,0.0449609,0.879417,-1.5055,-0.393785,-1.08275,0.235266,-0.360838,0.690567,-0.144056,0.308485,0.458888,-0.143845,-0.121892,-0.0826198,-0.323086,0.348732,-0.12247,-0.671122,1.2159,-0.574854,0.221179,-0.033046,-0.0453828,-0.914326,0.422406,0.345396,-0.205303,-0.227569,0.551386,0.941154,1
-0.528458,0.630815,-0.189009,-0.135167,-0.0255961,0.891606,0.0880839,0.605746,-0.17777,0.979854,-0.564298,-0.404748,0.457661,-0.313223,-0.331795,-0.169946,0.734748,0.0447629,-0.366987,0.336003,1.0695,0.461876,-0.454207,-0.0344847,0.343908,-0.570687,-0.00539306,0.261873,-0.161201,-0.0876426,-0.655334,0.240495,0.474892,0.924962,1
0.20793,0.156876,-0.107107,0.0308148,-0.534497,-0.379304,-0.141502,0.110948,-0.155887,-0.767018,-0.439813,-0.144324,0.240506,-0.021062,0.440706,-0.619802,1.2583,-0.710129,1.05866,-0.357186,0.0314684,-0.823941,-0.469718,-1.06498,0.00589171,0.323165,-0.0729376,-0.695,-0.173124,0.328918,-0.305665,1.77094,0.495043,0.765318,1
0.862641,0.01604,-0.353543,0.370406,0.694784,1.17554,0.212402,0.854162,0.300385,-0.662834,-0.328863,0.415325,-0.358324,0.234285,-0.611793,0.110046,0.746952,0.414632,0.784826,1.75843,-0.00880468,-0.577447,-0.388222,-0.926103,-0.0836161,-0.29761,0.593465,0.267433,-1.24374,-0.7506,-0.081109,-0.771996,0.448949,0.883436,1
-0.0959488,0.540559,0.04068,-0.276558,-0.0417292,0.0372352,-0.123223,-0.296561,-0.776182,-0.24205,-1.13848,-0.276861,0.697571,0.274658,0.437108,-0.448573,0.142821,-0.356278,-0.55492,0.567675,0.164377,0.212224,0.167161,0.372223,0.0197078,0.148293,-0.2662,1.85318,0.000243805,0.440947,-0.275284,-0.961176,0.529182,0.920151,1
-0.541081,0.280194,0.265275,-0.103288,-0.416231,1.17654,-0.0879161,1.19728,0.439417,-0.385678,0.0152776,-0.0388857,-0.0916485,-0.206243,-0.352836,0.0115034,0.0235458,0.932822,0.173248,-0.1944,0.187326,0.629889,-0.394513,-0.507606,-0.0138768,1.28746,-0.402469,-0.630918,0.399719,-0.577588,0.771985,0.644642,0.49602,0.835677,1
0.272868,0.30675,0.186102,0.108522,0.137067,7.95,0.140532,0.208155,0.146657,0.192147,0.354492,0.368422,0.320771,0.239691,0.121948,0.227322,0.342744,0.196049,0.143488,0.23438,0.360293,0.14802,0.316239,0.12231,0.377743,0.377717,0.272711,0.282379,0.218527,0.247229,0.237542,0.317073,0.52,0.82,1
0.459779,-0.0413311,-0.797114,0.698799,1.00527,0.0259786,0.726305,-0.511797,-0.376209,-0.158382,-0.189363,-0.102295,0.528943,-0.608597,0.171876,-0.616748,0.752094,-0.376249,0.460504,-0.479205,0.440278,-0.298105,0.566995,-0.313445,0.0595113,-0.253413,0.608476,-0.0241025,-0.906744,-0.0916361,0.693906,-0.215556,0.571774,0.793912,1
-0.599385,0.0694051,0.00819804,-0.407612,-0.974654,0.0458848,-0.897793,-0.525158,-0.787711,-0.177239,0.675147,-0.837773,0.961313,-0.339295,0.41827,-0.0299725,-0.0744148,0.554974,0.161093,-0.322682,-0.100409,-0.273435,-0.409981,0.803044,0.762641,0.0882277,0.117992,-0.0559876,-0.495327,-0.226724,0.168396,0.0297091,0.521818,0.792274,1
-0.744567,0.402548,0.0015683,0.335305,-0.394292,-0.79731,-0.0781409,-1.06729,-0.116717,0.0435771,-0.22731,-1.4042,-0.0112328,0.187714,-0.547771,0.627312,-0.262734,0.855907,-0.072627,0.112843,0.446496,-0.110899,-0.0828567,0.536415,0.183529,-0.26264,0.701401,0.419941,0.592406,-0.0418682,0.568598,0.40062,0.45666,0.868275,1
-0.126901,-0.397489,0.422301,-0.0989998,0.278331,-0.141366,-0.000747519,-0.48598,0.25954,1.78543,-0.503521,0.863604,1.07549,0.312956,-0.2243,-0.176193,-0.538233,0.177422,-0.206808,0.277488,-0.388946,-0.0908254,-0.0437407,0.201019,-0.318838,0.113253,0.371775,-0.0728474,0.848156,-0.228403,-0.572247,-0.579915,0.499762,0.804466,1
0.89095,-0.0114317,-0.692986,0.644043,0.563916,-0.17792,-0.585423,0.224367,0.00733008,0.104606,0.371175,0.335428,-0.195993,0.963898,-0.298982,-0.267948,-0.593829,-0.431595,-0.162415,-0.88138,0.838908,0.0284458,-0.884384,-1.48501,0.507523,0.000664747,-0.177936,0.29132,0.16542,-0.627256,-0.0257986,-0.14806,0.422938,0.938959,1
-0.571298,-0.313922,0.485577,-0.679134,-0.555882,-0.543941,-0.614774,0.211554,0.221993,-0.0264795,-0.662346,0.585795,0.0205652,0.120971,-0.315235,0.225886,0.172325,0.654087,0.286562,-0.0271269,-0.186459,-0.833709,0.0208493,0.286932,0.0204303,-1.03469,-0.307766,0.29581,-0.307902,0.0274896,0.366381,0.926655,0.49602,0.869919,1
0.0400859,0.312517,0.210768,-0.527394,-0.374242,-0.0960691,0.384725,0.429638,0.665472,-0.0681206,-0.625951,-0.911713,0.0356107,0.504462,0.142929,-0.809309,-0.233058,-0.9425,0.379973,-0.509479,0.15247,0.719582,-0.152733,0.472917,-0.408133,-0.149968,0.48353,0.687598,-0.724195,0.273842,-0.331278,0.189653,0.493332,0.861709,1
0.695135,0.852286,-0.676204,-1.0859,0.458494,0.932943,0.289849,-0.554053,0.188763,0.152444,-0.27572,-0.19329,-1.4959,0.0994804,-0.634263,0.407129,0.687837,0.278388,-0.292342,0.136907,-0.277837,0.698379,0.171752,0.296285,0.31618,0.597911,-0.0832615,0.256285,0.139375,0.00437482,-0.331236,0.299834,0.530604,0.851031,1
0.305487,0.182763,0.482176,0.570284,0.340898,-0.142039,-0.540779,-0.37174,-0.0582162,-0.584365,-0.0484377,0.0815575,-0.365923,-0.388528,0.44751,-0.439479,0.460258,-0.122311,-0.161491,0.846464,-0.0164797,-0.142962,-0.233268,-0.213844,-0.358857,-0.336983,-0.170703,0.313957,-0.208958,-0.410167,-0.206981,0.113654,0.479828,0.851949,1
0.234751,0.139922,0.57576,-0.394852,0.443339,0.326061,-0.887808,0.412963,0.340625,0.286708,0.351248,-0.494889,-0.0892221,-0.319833,0.131264,0.327887,0.924819,-0.141099,1.03119,0.621549,0.113807,0.146194,-0.206512,0.0343741,-0.0230117,0.416537,0.416358,-0.589603,0.506731,0.129648,-0.760808,-0.0922166,0.469563,0.94451,1
-0.33124,-0.497139,-0.718189,-0.466555,0.377411,-0.00279767,-0.172126,-0.591897,0.261539,0.300752,0.67323,0.0239141,0.950301,0.343872,-0.615078,0.540874,-0.343514,0.612492,-0.0863705,-0.128899,0.0598006,0.180515,-0.659805,-0.155536,0.163511,-0.0885538,0.377389,-0.36698,0.113011,0.859127,0.281589,-0.325617,0.426514,0.809945,1
-1.23053,0.726958,0.421062,0.176335,-0.430616,0.814713,0.128754,-0.0272994,0.000406426,0.114907,-0.574033,-1.26792,-0.638375,-0.444902,0.3339,0.941158,0.314877,0.186092,-0.104299,-0.155153,0.299433,-0.38502,-0.219484,-0.41334,0.0705733,0.0666662,-0.0319603,-0.699507,-0.0921182,0.199773,0.499457,0.40642,0.453719,0.829802,1
-0.910222,0.0417676,-0.452874,0.431312,-1.14531,0.0677541,-0.123299,0.218695,0.0605296,0.682278,0.507756,0.00635084,0.279656,0.528286,0.812726,-0.654054,-1.01663,-0.0770911,0.201029,0.233415,0.454144,-0.0605824,-0.362453,0.329145,-0.396431,0.343254,-0.0065668,0.547031,-0.0547552,0.137605,0.180199,0.42403,0.577885,0.827933,1
-0.0889285,-0.26941,-0.294027,0.519215,0.889795,0.720694,-0.511344,-0.215426,-0.395533,-0.383163,0.282394,0.0445297,0.149886,0.382334,0.392133,-0.567333,0.459642,0.148988,-0.663147,-0.325866,-0.410594,-0.623915,-0.55971,-0.433089,0.0362632,0.575402,0.310051,0.238578,-0.14768,-0.611262,-0.136192,0.520468,0.42695,0.874256,1
0.0712519,0.801096,-0.146006,0.0775456,-0.406307,0.389534,0.567845,0.0614235,-0.0304932,-0.0305965,-1.21254,-0.237943,-0.277338,0.401297,0.376367,-0.289432,-0.0668475,0.234499,0.451018,0.478638,0.60276,-0.686406,0.614252,0.142848,0.084256,0.676799,-0.484576,0.123489,-0.406594,0.356829,-0.261578,-0.237221,0.500109,0.790458,1
0.202108,-0.245599,0.610842,-0.688706,0.545206,-0.390197,0.691837,-0.372435,-0.0961125,0.338746,-0.622725,-0.125474,0.615717,0.950426,-0.0688641,0.807131,0.19214,0.809362,0.37697,-0.0259369,-0.0261063,-0.750549,0.645674,0.397754,0.664548,-0.205209,0.406243,-0.0696489,0.214264,0.316156,-0.632313,0.231282,0.530872,0.898443,1
-0.0411963,-0.090459,-0.472246,0.342838,0.363818,0.247268,0.211296,-0.0215511,0.847997,-0.306986,0.255613,-0.0676901,-0.508402,-0.719275,0.0144761,0.582324,-0.118119,-0.202156,-0.838894,0.345471,-0.350937,-0.252414,0.623002,-0.748172,0.161971,-0.736687,0.44671,0.226787,0.107457,-0.0412102,0.120272,1.10667,0.510312,0.793643,1
-0.460487,-0.144316,-0.325852,-0.436144,0.0854966,0.0738748,0.695678,0.0348056,-0.29465,0.0740326,0.179066,-0.360189,-0.823078,-0.437148,0.775297,0.714668,0.127544,0.304161,0.455124,-0.248224,-0.935648,-0.552019,0.159202,0.173913,-0.462598,-0.311331,-1.32857,-0.386285,0.730127,0.518477,-0.381267,-0.852962,0.531933,0.895534,1
0.741578,0.498383,-0.683313,-0.0247137,0.110573,-1.04239,0.223828,0.736185,0.268459,-0.0984986,0.280728,0.305209,0.538124,-0.280307,0.00424626,-0.644536,0.963245,0.962952,0.384805,0.777842,-0.51419,-0.291594,-0.179461,-0.130642,-0.267018,-0.432281,0.0435842,0.637434,0.461939,0.518743,0.686277,-0.0142283,0.567401,0.792979,1
0.177211,-0.010825,1.3129,0.299568,-0.0315206,-0.163318,-0.15624,0.213635,0.0238437,0.573715,0.893456,0.0837539,1.57983,-0.914957,0.680452,0.404577,0.454051,-0.489116,-0.128868,0.652278,0.595201,-0.578294,0.133009,0.405982,0.105836,0.849565,0.272371,1.05008,-0.367401,0.665331,0.963249,0.163799,0.44538,0.92932,1
0.455424,-0.460932,-0.367795,-0.34,-0.230441,0.108543,-0.20486,0.193315,0.741551,-0.0811628,-0.0015653,-0.0615046,-0.197783,-0.366628,-0.50941,-0.370534,0.207593,0.102214,-0.125738,-0.245628,0.0729744,0.369643,0.172795,-0.251316,-0.464119,0.823636,-0.418958,0.0743917,0.492375,1.1321,0.0210339,-0.134342,0.564148,0.917193,1
0.168956,-0.249538,0.225779,-0.23769,0.456442,0.347873,0.0159436,-0.0380099,-0.427003,0.0398287,-0.311552,-0.503239,0.116326,-0.775115,-0.112885,-0.126266,-0.362925,0.100849,-0.517416,-0.373771,0.072432,0.159253,-0.798131,0.283221,0.0224018,0.421616,-0.841026,-0.484138,-0.296886,0.696108,0.373942,-0.115711,0.488705,0.857873,1
-0.494605,1.23818,1.1582,0.680892,-0.552724,0.0796237,-0.489849,0.551238,0.683372,0.691835,-0.83197,0.0905523,-0.456692,0.341505,0.684849,0.327063,-0.0524152,-0.510915,-1.05789,0.344853,-0.148578,0.0171231,0.174491,-0.466131,0.190096,0.531772,0.120264,-0.255271,-0.558848,-0.158177,0.307511,-0.745405,0.48422,0.766079,1
-0.152105,0.259257,-0.106568,-0.196561,-0.364727,0.749478,-0.642036,0.761164,0.351284,-0.094116,-0.123617,-1.33189,0.842553,0.787411,0.121091,0.562622,-0.882843,-0.386664,-0.439185,0.642044,0.312513,-0.0298958,0.416337,0.471586,0.377935,-0.756278,-0.135605,0.397241,0.239384,-0.193896,0.296926,-0.0580275,0.481906,0.867722,1
-0.817824,0.565289,-0.213283,-0.670364,1.07972,0.862387,-0.435746,-0.0661131,0.0260257,-0.50942,-0.0709164,-0.735854,0.0173638,-0.361504,-0.523881,0.0454635,-0.758998,-0.631145,-0.898161,0.111242,0.811095,-0.137999,0.383353,0.337967,-0.275273,0.530634,0.293971,0.706631,0.927019,-0.278952,0.0634666,0.125368,0.424988,0.803604,1
-0.114081,0.417642,0.686506,-0.348877,-0.0771996,-0.446795,0.132745,0.432328,0.838679,-0.0609577,0.507597,-0.715616,-0.803189,0.160238,0.304108,-2.21041,0.268969,-0.193474,-0.625923,0.570015,-0.142179,0.798454,-0.276716,0.693696,-0.417602,0.781747,-0.445811,-0.0888785,-0.0301066,-0.757503,0.0664193,0.181719,0.505118,0.767214,1
-0.465245,0.134378,0.379716,-1.0719,0.431476,0.485859,-0.0687568,-0.530299,-0.861869,0.275713,0.232493,-0.8447,-0.179291,0.766911,0.537998,-0.00591946,1.04699,0.385691,0.330917,-0.673308,-0.216046,-0.137743,-0.378889,0.162584,0.810055,0.595246,0.382439,-0.428453,-0.771378,-0.310637,-0.733196,-0.31055,0.444788,0.832841,1
0.187266,0.122419,0.318247,0.378962,0.0042685,0.110767,-0.997111,-0.448244,-0.601,-0.0946011,0.284558,0.772786,-0.467207,0.445517,-0.19814,0.593061,0.447852,-0.559366,-0.192075,0.136324,-0.942073,-0.155127,-0.688705,-0.124987,0.412844,0.289239,0.0565771,-0.584108,-0.374916,0.157175,-0.70861,0.497779,0.476317,0.876574,1
0.567301,-0.0761871,-0.03713,0.277625,-0.209885,-0.707636,0.288004,-0.970805,0.344292,0.162104,-0.604291,0.0709016,-0.4123,0.296906,0.0667734,-0.152639,-0.0762521,-0.174029,-0.598336,-0.158117,0.505832,0.759514,-0.109298,0.411286,0.819299,-0.619674,-0.868133,0.156268,-0.332008,0.16388,-1.18446,0.0422798,0.48372,0.828438,1
-0.197421,-0.389917,0.645888,-0.169562,0.0216105,-0.143462,0.252309,-0.00907923,-0.316762,-0.320433,-0.0600134,-0.247263,-0.470232,0.330535,0.148248,0.0145686,-0.251689,0.399969,-0.225193,-0.159526,0.0776721,-0.438207,-0.753946,-0.935588,0.401825,-0.3666,-0.768498,-0.530762,-0.946763,1.0251,-0.386844,-0.423464,0.470946,0.859267,1
0.95,0.88,-0.151076,0.378896,-0.364488,0.265196,-0.214807,-0.283817,0.203626,-0.435978,-0.185329,-0.214975,0.187245,0.401398,-0.438781,0.445686,0.305818,-0.020308,0.227468,0.0634332,-0.33442,-0.144606,-0.408268,0.268122,-0.215527,0.336667,-0.17541,-0.424664,-0.232428,-0.202071,-0.225394,0.464114,0.48,0.2,0
0.100463,0.219103,0.196526,0.263857,0.281627,7.95,0.209665,0.211365,0.140104,0.218091,0.231381,0.371135,0.253568,0.39935,0.37076,0.39583,0.147697,0.268702,0.397852,0.372448,0.167692,0.184483,0.138752,0.16613,0.186283,0.139212,0.114255,0.159605,0.233999,0.340284,0.3077,0.286222,0.52,0.82,1
-0.559411,0.588778,0.483586,0.131775,-0.164019,0.236725,-0.0528174,-0.899215,-0.2109,0.325844,-0.17033,-0.710025,-0.0679018,-0.199308,-0.09811,-0.817164,-0.339031,-0.217052,0.235616,-0.55244,-0.431298,-0.665779,-0.378072,0.156873,0.965093,-0.10026,-0.178736,0.190429,-0.17967,0.351773,1.14439,-0.0598296,0.568853,0.885123,1
-1.30205,-0.683527,-0.0545109,-0.382739,-0.294168,0.0122174,0.0168277,0.266831,-0.61289,-0.17216,-0.340827,-0.370979,0.502762,-0.362792,-0.705868,-0.0789203,0.109311,-0.110697,0.64431,-0.719022,-0.485941,0.415856,0.467766,-0.253145,-0.0846721,0.854394,-0.408873,-1.04417,0.729566,-0.0720271,0.0403449,-0.518053,0.53657,0.94773,1
-1.12163,0.547962,0.120899,-0.123617,-0.640968,0.0930195,-0.109487,0.187326,-0.318177,0.504469,-0.537001,0.147377,0.741254,0.0568067,-0.122665,-0.159655,-0.0416288,-0.0619257,-0.0413824,-0.425913,0.0669819,-0.305023,0.150036,0.472268,0.155358,0.47789,0.949088,-0.0416944,0.0845223,0.100601,0.0372116,0.917191,0.507623,0.814501,1
-0.0760675,0.185148,0.0497332,1.03697,-0.189573,-0.525269,0.640399,-0.988484,0.319527,-0.838101,0.788027,0.513635,0.0698576,0.525858,0.530714,-0.422014,-0.266087,-0.246952,0.762613,-0.99568,-0.319924,-0.204025,0.419964,0.0931291,-0.573962,0.459881,-0.577931,-0.34987,-0.0232672,-0.941687,0.40409,0.672132,0.427846,0.852231,1
0.424524,0.282951,-0.854241,-0.294316,0.192948,0.233889,-0.554681,0.627595,-0.427114,-0.718991,0.515956,0.615423,0.746933,0.579644,-0.0986747,-0.0863709,1.07455,0.507294,-0.0694632,0.40446,0.571708,-0.607881,0.305983,-0.208741,0.350456,0.0193351,0.321734,-0.0224403,0.0982503,-0.862932,-1.64694,0.00824399,0.435231,0.858053,1
-0.198248,-0.47522,0.576936,-0.674135,-0.810098,-0.379807,-1.37415,1.0281,-0.307941,-0.678107,0.975191,0.958499,0.47439,-0.592068,-0.0403772,-0.00245977,0.449972,-0.221528,0.740079,0.115921,-0.401345,-0.282293,-0.423008,0.868524,-0.0185355,0.148216,-0.0393993,-0.221136,-0.285107,0.582704,0.6027,-0.0458208,0.420922,0.86662,1
0.317299,-0.374153,0.722646,0.0218781,-1.14636,-0.237881,-0.117298,0.888266,0.14254,-0.619207,0.406596,0.0566031,0.38506,-0.694422,0.528762,-0.243047,0.539547,0.321413,0.244682,-0.147983,0.0972223,-0.0716324,0.832557,0.524395,0.00193128,0.0582263,0.376489,0.38015,-0.468201,-0.344145,-0.472816,0.788821,0.446372,0.834059,1
-0.630621,-0.357437,0.681042,-0.648477,0.334115,-0.503383,0.331581,-0.445906,0.13384,0.445706,-0.642633,-0.334798,0.189399,0.641351,0.21913,-0.16776,-0.0151804,0.448187,0.31654,0.0552128,-0.15638,0.367839,-0.410064,-0.369357,0.525129,0.914013,-0.432742,-0.644256,0.167474,-1.31467,-0.280345,-0.00427993,0.502409,0.833048,1
-0.655003,0.946774,0.312036,0.917319,0.493865,-0.445614,-0.00562105,-0.320541,-0.606181,0.00551407,0.536013,-0.117141,0.35845,-0.266036,0.202692,-0.179396,-0.0713207,-0.0157528,-0.188295,0.662884,-0.0308443,-0.241656,-0.210797,0.53609,0.0418916,-0.00538961,0.158125,-0.699397,-0.366439,0.264115,-0.562009,-0.0455652,0.528675,0.912428,1
0.60012,-0.117622,-0.388152,-0.491432,0.411383,-0.091534,0.103295,-0.0394401,-0.0125815,0.237507,0.260946,0.625513,-0.560783,0.182878,-0.428212,-0.0165404,-0.0633658,0.377005,-1.1983,0.243536,0.198459,-0.254294,-0.571038,-0.383252,0.0312608,-0.0750429,-0.430853,0.307227,0.30493,-1.22511,1.11353,0.338876,0.546787,0.829632,1
-0.971822,-0.128624,0.315447,0.591293,-0.0401163,-0.495266,0.975789,-0.0154999,0.0710763,-0.29613,-0.424649,0.00803211,-0.121664,-0.372488,-0.0472939,0.681174,1.04633,-0.599269,-0.124073,-0.0279589,0.212979,0.315071,-0.497026,-0.773291,-0.271096,-0.764912,-0.0512569,0.0555597,0.973111,0.332069,0.974119,0.362578,0.472326,0.857047,1
0.425148,-0.378671,0.292108,0.0286765,-0.0177785,-0.00669275,-0.988685,-0.454514,-0.275604,-0.465472,-0.214754,0.794909,0.521441,-0.361267,-0.00717881,0.700906,-0.954195,-0.949025,0.488827,0.0303874,0.797508,-0.31244,-0.23755,-0.421528,-1.2362,0.186934,1.04839,0.315779,-0.278243,0.126061,0.308624,0.743306,0.446885,0.887718,1
-0.527877,0.30518,0.019382,-0.0102754,-0.134488,-0.515215,-0.871099,-0.556946,0.0674001,0.157328,-0.862769,0.607682,-0.0842842,0.789071,-0.402863,-0.0387038,-0.587399,-0.322787,-0.432738,-0.0314909,0.151373,0.322592,-0.0204917,-0.28104,0.931065,-0.572975,-0.0877763,-0.887759,0.0931692,-0.0536747,-0.0937855,-0.156441,0.544484,0.894539,1
0.252173,-0.412467,0.3251,0.236014,-0.202346,-0.39507,0.0793032,0.0918337,-0.12371,0.523805,-0.32952,-0.110015,0.96375,-0.349832,0.250624,1.34736,-0.831439,0.20349,-0.450288,0.774056,0.117468,-0.228667,0.345407,0.19958,0.341102,-0.204488,-1.22327,-0.374522,-0.666489,-0.324,-0.0471505,1.45753,0.554722,0.788247,1
0.653568,0.311329,-0.0361378,-0.36953,-0.0162548,0.154575,0.336792,-0.117187,0.773454,-0.0631643,-0.0708858,0.0444097,1.50137,0.226764,0.727085,0.821507,-0.164157,0.56269,-0.658307,0.87071,0.481317,-0.0659097,-0.30996,1.27108,-0.197814,-0.722843,0.212674,0.650775,-0.36014,-0.200879,0.0205239,-0.366068,0.535398,0.863849,1
-0.400987,0.450448,1.33166,-0.0640369,0.97664,0.10328,0.00622102,-0.628569,0.229827,0.503109,0.404546,-0.0129712,-0.0840234,0.674376,0.477106,-0.132256,-0.652108,0.17297,-0.587277,0.384336,0.0750387,-0.560025,0.426098,0.358188,0.381898,0.0936458,0.889752,-0.624821,1.20254,0.487711,0.257234,0.261518,0.436064,0.939735,1
0.356791,-1.03977,-0.518262,-0.20209,-0.63336,0.00937142,-0.0901491,-0.232354,-0.512864,0.523906,0.114156,-0.0396198,-0.352207,1.35333,-0.536235,-0.597713,-0.463747,-0.146394,0.0883142,-0.0169007,0.148873,-0.52009,-0.664768,-0.102312,0.00156403,-0.556933,0.529638,-0.26517,-0.892528,0.112446,-0.971467,0.0713437,0.51039,0.916708,1
0.633116,0.255203,0.0450555,-0.200181,0.0193218,0.0648101,-0.462542,-0.138326,0.0873888,0.869382,0.221639,0.227335,-0.057252,-1.16545,-0.926923,-0.581764,0.122897,-0.46059,-0.291613,-0.305454,0.491964,0.245877,-0.534568,0.0550691,-0.903641,0.354883,-0.7984,0.286562,-0.356258,0.685959,0.467161,0.150928,0.520256,0.907058,1
-0.0418315,0.373856,0.029132,0.0836377,0.405747,0.252488,-0.61097,0.752219,0.0193022,-0.0505199,0.267183,-0.427974,-0.179333,-0.183606,0.570263,-0.0435737,0.168378,0.564138,0.347826,0.18655,1.3968,0.670585,0.428461,1.07624,0.0690007,-0.539429,0.325791,0.538838,-0.662237,0.931289,0.52874,-0.472591,0.501679,0.852592,1
0.332213,0.687032,0.0707991,0.532063,-0.10303,-0.393417,-0.332923,0.348881,-0.694017,-0.103066,0.260483,-0.709559,0.246505,0.474071,-0.358777,0.411971,0.318667,-0.207647,-0.444341,-0.358762,-0.875671,-0.415437,-0.0775117,0.233501,-0.418902,0.593477,-0.0246278,-0.34533,0.268987,-0.0540997,0.490076,0.443787,0.537485,0.793049,1
0.54955,0.642774,1.33213,0.517002,-0.00539587,0.7113,0.560899,0.032836,-0.257842,-0.203577,-0.0410557,0.852585,0.67146,0.708189,0.352402,-0.806862,0.855628,-0.753874,-0.369421,0.117428,-0.378215,-0.928112,0.537818,1.02061,-0.9657,0.887178,0.017602,-0.106203,0.854126,0.275812,0.122195,0.708281,0.477332,0.812602,1
-0.337862,-0.0558089,-0.271585,0.396137,0.676378,-0.159918,-0.307072,-0.00322121,0.74073,-0.246389,-0.384535,0.0990436,-0.670392,0.210385,-0.865404,0.217893,-0.296197,0.648577,-0.0636579,0.680741,-0.276385,-0.212172,0.00806497,0.109925,-0.00574466,-0.313363,0.330844,-0.033495,0.0299956,-0.024883,-0.297508,0.164797,0.514829,0.941864,1
