f0,f1,f2,f3,f4,f5,f6,f7,f8,f9,f10,f11,f12,f13,f14,f15,f16,f17,f18,f19,f20,f21,f22,f23,f24,f25,f26,f27,f28,f29,f30,f31,uncertainty,recon_loss,kernel_drop
0.298983,0.299492,0.271643,0.127387,0.179494,7.95,0.250502,0.159928,0.281646,0.163369,0.201584,0.358326,0.26857,0.245063,0.20717,0.267141,0.18663,0.359633,0.180192,0.114461,0.290551,0.309519,0.318439,0.364958,0.332725,0.154296,0.135229,0.312503,0.237593,0.104737,0.288479,0.111743,0.52,0.82,1
-0.105628,-0.38188,0.0538074,-0.607266,0.523429,0.119949,0.629326,-0.0324588,-0.448124,0.318444,-0.360487,-0.90128,0.302615,0.544328,0.104717,-0.188431,-0.140296,-0.140968,0.607016,-0.474398,-0.141377,0.218196,0.701471,1.23778,-0.0674701,0.520013,-0.295962,0.419956,0.272368,0.267824,-0.65086,1.29093,0.453657,0.804933,1
-0.510003,0.507565,0.150379,0.154572,0.624984,-0.533699,0.418989,0.121051,-0.794561,0.607035,-0.198185,0.626204,0.547114,-0.331433,0.249661,0.371646,-0.156184,-0.125367,0.249096,0.245876,-0.247425,0.602732,-0.934791,-0.290088,0.0510111,0.803163,0.0763518,0.195493,0.217496,-0.645941,-0.803917,-0.0654712,0.576119,0.843734,1
-1.09412,-0.532757,0.578641,0.505226,-0.167598,-0.822566,-0.470287,-0.448961,0.474205,-0.593308,0.693922,0.374712,0.793064,0.00978623,-0.443125,0.340184,0.0175914,-0.91738,0.455258,0.469761,0.740713,-0.677149,-0.600456,-0.0800172,-0.0556262,0.248868,0.686993,-0.246157,-1.42989,-0.166537,-0.134166,0.473906,0.471228,0.85366,1
-0.400098,-0.472689,-0.183192,-0.73091,0.03096,-0.573904,-0.256283,-0.188115,-0.133553,-0.0626369,0.593485,0.505295,-0.412008,-0.871481,-0.255766,0.0351869,-0.644843,-0.922106,0.392205,0.125703,-0.0860747,0.0504665,-0.380343,-0.0994093,0.0115934,-0.766229,0.231595,0.621718,-0.602247,0.363983,0.197671,0.229818,0.569281,0.851506,1
0.443648,0.610193,0.219209,0.598413,-0.171985,0.289271,-0.268192,0.0440734,-0.951005,0.341565,0.550105,0.129205,-0.079404,0.739282,0.689504,-0.287803,0.441514,-0.0103069,-0.0255614,-0.420125,0.57116,0.391256,-0.175461,-0.173765,0.862682,0.418898,0.29535,-1.24812,0.476181,-0.147034,-0.211021,-0.0590334,0.447232,0.916718,1
-0.10536,0.644477,0.847153,-0.00850635,-0.703368,-1.07989,-1.61508,-0.0304195,0.325033,0.0508168,-0.0530873,-0.181252,0.742477,0.257108,-0.340471,1.37188,0.420638,0.58375,-1.09425,-0.169344,-0.327977,0.308875,0.418274,0.417154,-0.103649,0.0254407,0.797016,-0.153726,-0.119979,0.301457,-0.106769,0.0104597,0.451601,0.784646,1
0.544763,-0.548726,-1.11461,-0.0437637,0.712597,0.323475,0.0230996,0.500652,0.476243,0.404007,0.223096,1.23749,-0.506657,-0.11617,0.194971,-0.460222,-0.520508,0.582914,-0.143423,0.216024,0.111385,0.298979,0.237657,-0.362911,0.75439,0.0291883,-0.331843,0.353897,0.378493,-0.289088,0.521749,0.371431,0.486498,0.776746,1
-0.13541,0.282431,0.584036,-0.574717,-0.498655,-0.102068,-0.756521,0.528307,-0.420707,-0.646074,-0.651901,-0.207766,-0.286468,0.152714,-0.146373,-0.339681,0.392738,0.505717,-0.169039,0.500575,-0.185626,-0.942775,0.1231,-0.0916055,-0.0258013,-0.690099,0.104788,0.13331,-0.193189,0.584887,0.360655,0.00950099,0.565498,0.892586,1
0.304395,-0.498922,-0.154093,0.312168,1.19422,0.349569,0.366546,-0.740625,-0.0158112,0.126457,-0.168756,0.0174515,-0.335521,-0.25913,0.333287,-0.473709,-0.404931,0.951259,0.417453,0.0946754,-0.0401151,0.192962,0.483333,0.925121,-0.431268,-0.0563285,-0.200709,0.570793,-0.517599,-1.15493,1.01519,1.30026,0.488371,0.801612,1
-0.174289,-0.745185,-0.241438,-0.0475412,-0.654747,0.349391,-0.212224,-0.822854,-0.432198,-0.294937,0.0192504,-0.0290542,-0.592934,-0.907,1.1872,0.301502,0.489026,1.01085,0.12325,0.860491,-0.889548,-1.00711,0.321456,-0.918516,-0.194072,-0.702188,1.14904,-0.158944,0.0612339,-0.997444,-0.363113,-0.124887,0.510369,0.771256,1
0.0510579,-0.343498,-0.919311,0.612918,0.175098,0.146851,-0.406737,-1.15319,0.0403954,0.12338,0.265614,0.990182,-0.134028,0.201406,0.200964,0.561654,-0.449482,0.646405,-0.069499,-0.312166,-0.13693,0.67145,0.111236,-0.190386,0.163483,0.194384,0.296107,-0.0711699,-0.341483,0.0773243,0.179262,0.732456,0.442154,0.810232,1
0.786428,-0.645084,0.607433,-0.637559,0.386434,0.0435342,0.575886,0.727968,-0.206934,-0.186028,0.683336,0.511676,0.670016,-0.227785,0.177834,0.0423504,0.22118,0.17222,0.7161,0.0290174,0.403113,-0.19771,-0.543401,-0.210903,-0.271971,0.826132,-0.0941072,-0.510076,-0.554092,-0.129613,-0.34489,0.342565,0.479934,0.805224,1
0.0583784,-0.637808,-0.045032,-0.107066,-0.194693,1.04346,-0.124305,0.710195,0.27418,-0.0329891,-0.020062,-0.461433,0.61039,-0.576526,-0.857348,-0.109538,1.15316,-0.122389,-0.40307,-0.178385,-0.574696,0.0721049,-0.021547,0.171402,-0.396365,0.0889167,0.449732,-0.47983,-0.0367681,-0.0775028,-0.390379,0.0855669,0.507607,0.767777,1
0.401472,0.486117,-0.0292748,0.159628,0.476732,-0.365734,0.12386,0.299453,0.747828,0.0751186,-0.105559,0.309019,0.630074,-0.10495,-0.377212,-0.313201,-0.929262,0.511348,-0.569859,0.752468,-0.518804,0.39416,0.146665,0.279577,-0.0844456,0.920154,0.677349,-0.28224,-0.91665,0.960772,0.226121,0.22779,0.450278,0.868365,1
-0.351115,-0.638499,0.282354,0.519729,-0.908115,-0.0872572,0.294073,0.871129,0.791496,-0.107123,0.545604,-1.36008,-0.354602,0.081885,1.08252,-0.0062927,0.147284,0.949113,0.20073,0.248011,0.308838,-0.900357,0.87316,0.278499,-0.312894,-0.397744,-0.922765,0.501762,-0.991433,-0.50247,-0.684841,0.601903,0.455842,0.83311,1
-0.173157,-0.46268,-0.137073,-0.00973585,-0.446772,-0.0589403,0.0533748,-0.708452,0.914252,-0.161864,-0.309143,-0.0272746,0.621721,-0.610521,-0.0401995,-1.05257,-0.0825325,0.61464,0.243973,-0.180324,0.323614,-0.37489,-0.660529,-0.653397,-1.19649,0.186778,-0.421139,0.274535,0.502694,0.558401,0.000292041,0.0204904,0.484893,0.893916,1
0.523784,0.274696,-0.418437,0.355914,0.205486,0.538996,1.10193,-0.17114,-0.974405,-0.485378,0.0984741,-0.322938,-0.613136,-0.263943,-0.702871,-0.303433,-0.595658,0.390344,0.249133,-0.042961,-0.356765,0.687577,-0.1248,0.216167,-0.463322,0.395559,0.329451,-0.594166,-0.795291,-0.453181,-0.231275,-0.00153215,0.437339,0.878365,1
-0.074312,-0.827929,0.158789,-0.226736,-0.0250855,-1.18933,0.624383,0.204206,-0.575313,-0.117983,0.199797,0.145129,0.436758,-0.299404,0.195806,0.0607963,-0.128833,-0.372262,0.859875,0.45693,-0.31993,0.149462,0.628086,0.38287,0.484852,-0.157775,0.537387,1.0271,0.473908,0.278532,0.493592,-0.333662,0.535903,0.938546,1
-0.0188526,0.593964,-0.250504,0.325401,0.529993,0.115017,-0.288001,-0.794771,-0.78649,-0.192013,0.462891,0.0903658,-0.302787,0.193614,-0.322315,0.610301,0.158992,-0.169501,-0.700391,-0.609796,0.287065,0.324781,-0.285606,0.935719,0.35457,0.929167,0.228873,-0.324849,-0.144842,-0.0556824,-0.107716,0.0836949,0.495383,0.829046,1
-0.919541,-0.269269,-0.559096,-0.09403,-0.106494,0.280392,0.906162,-0.0831139,0.325147,0.0910499,0.144549,-0.0856079,0.220427,0.111123,0.757043,0.336868,-0.01973,-0.575686,-0.587121,-0.267231,-0.243454,0.744656,0.554061,-0.0185546,0.252165,0.618797,-0.284549,0.214177,0.560205,-0.397419,0.419156,0.180746,0.464486,0.852746,1
0.278591,-0.095188,-0.162473,-0.0444078,-0.0773153,0.290795,-0.486917,-0.43433,0.587655,-0.141719,0.232301,0.661271,-0.644949,0.778084,-0.0683224,0.0937157,-0.548497,-0.101384,-0.539364,-0.0901655,-0.0875253,0.0441899,-0.307344,-0.744221,0.018886,0.044764,0.1732,1.31716,-0.33318,-0.581438,-0.0721955,0.228302,0.503136,0.787277,1
0.690803,-0.827171,0.458268,0.0699775,0.816333,0.992434,-0.607919,0.63183,-0.376773,-0.547822,0.700426,0.625033,0.0886844,-0.42611,-0.551081,-0.234904,-0.449733,-0.433144,0.133919,0.1695,0.33443,-0.569116,-0.741515,0.957632,-0.0741446,-0.0126384,0.11566,0.0322356,0.340645,-0.0802947,0.0414703,-0.132183,0.478083,0.92481,1
0.95,0.88,0.263556,0.151868,-0.437331,0.369417,-0.376115,0.256051,-0.429116,0.0552017,-0.472615,-0.305705,-0.0572536,0.212536,-0.174655,0.25676,-0.309945,0.0129648,-0.360873,-0.276454,-0.114068,-0.0602369,-0.481216,0.234094,-0.0589015,0.346352,-0.217008,0.361573,0.334913,0.232839,0.383927,0.155433,0.48,0.2,0
-0.353823,0.762498,-0.201433,-0.168823,0.208277,0.0130801,-0.249691,-0.332564,-0.301484,-0.668637,-0.00505448,0.39828,-0.409225,-0.0300178,-0.920121,-1.29088,-0.828754,-0.198381,-0.47853,0.559834,-0.346042,0.0568121,0.342013,-0.454506,0.0752326,-0.0250703,0.299922,0.54888,0.15176,0.340516,0.613498,1.0459,0.42373,0.926849,1
0.186644,0.270386,0.354995,0.153613,0.42239,0.0914118,-0.708683,-0.338051,0.492634,0.944548,-0.231178,-0.105667,-0.668817,0.695897,-0.275275,-0.75783,-0.515296,-0.148243,-0.143212,-0.189975,-0.489534,0.00195727,-0.309583,0.00829196,0.467006,-0.873218,-0.446474,-0.228507,-0.132075,-0.736244,0.399286,0.027894,0.500959,0.816765,1
0.116739,-0.161662,-0.292019,-0.106738,0.334267,-0.384723,0.241334,-0.783837,0.259277,-0.516918,0.084463,-0.674,-0.109782,0.0172709,0.331075,-0.278435,0.861769,-0.937609,-0.261583,-0.57012,0.807953,0.763202,-0.4301,-0.463646,-1.14177,0.240998,0.0594083,0.0530871,0.0583509,0.118896,0.363836,-0.394662,0.422576,0.923834,1
0.312639,-0.381359,0.809833,1.02065,-0.216961,-0.485726,-0.673134,-0.126168,0.201093,-0.131807,0.131617,-0.128885,0.316798,0.693946,-0.349908,-0.0640926,0.0202873,-0.491878,-0.164497,0.549861,0.476083,-0.541812,0.117365,-1.37841,0.175129,-0.3967,0.29772,0.866206,0.689236,0.434052,-0.680426,0.313707,0.466779,0.764855,1
0.205145,-0.508416,-0.0476889,0.0344245,-0.242802,0.08728,0.550896,0.208616,-0.176276,-0.136493,0.174833,-0.269747,-0.532507,-0.546005,0.597185,-0.0436869,-0.413287,-0.806687,-0.213247,-1.23373,0.754776,-0.573842,0.419452,0.473885,0.209502,-0.308699,-0.411848,0.0869698,-0.294834,0.343379,1.13168,-0.0082238,0.508275,0.816256,1
0.506096,-0.224784,0.57207,-0.346194,-1.32707,-0.466831,-0.334916,0.401836,0.454668,0.166583,0.560875,-0.247014,-0.371729,-0.218809,-0.452201,1.42183,0.240346,-0.963804,0.181441,-0.499316,-0.136786,0.0950366,-0.268174,0.244401,-0.0352715,0.238447,1.03365,0.184591,0.349678,0.476409,-0.279664,-0.0723759,0.483618,0.789516,1
-0.395334,0.515495,0.238544,0.336841,0.0384754,0.504177,-0.08509,-0.0120362,-0.093209,-0.302791,1.20163,0.211422,0.289752,0.277496,0.0810892,0.336779,-0.649205,-0.318359,0.239781,0.0185609,-0.145054,-0.873735,0.34215,0.377212,-0.480627,0.58014,-0.643574,0.316401,0.0411621,-0.24279,0.27134,-0.232629,0.561547,0.883969,1
-0.308144,0.404244,0.563311,-0.158551,0.101213,-0.282094,0.161904,0.229441,-0.516319,0.60873,-0.165214,0.00477274,-0.18782,-0.158456,0.169784,-0.280221,0.400334,0.213079,-0.568713,0.182668,0.668808,-0.0731432,0.131465,-0.457929,-0.0628915,-0.86135,-1.29148,0.103346,-0.159739,-0.337548,-0.645577,0.149343,0.44797,0.87302,1
0.461576,0.788619,-0.550871,0.201385,1.20493,0.894995,0.481668,-0.520711,-0.579851,-0.436853,-0.240615,0.251026,0.107948,-0.226171,-0.359437,-1.03745,0.0533861,0.63696,-0.16646,-0.769689,-0.349667,0.595046,0.176766,0.935421,-0.173296,0.283956,-0.347149,-0.257223,0.624214,0.828803,-0.144118,-0.639414,0.524094,0.765296,1
-0.320975,-0.328875,0.520484,0.215299,-0.852199,0.222945,-0.122514,-0.222214,-0.167542,0.474599,-0.350358,-1.31303,0.738361,-0.0157595,-0.441618,-0.287527,-0.450937,-0.0304355,0.00622274,-0.488496,-0.380043,0.704426,0.171497,0.171614,-0.123318,0.384034,-0.221733,0.0331974,0.925598,-0.181786,0.277093,0.341289,0.44213,0.828444,1
-0.457449,-0.619781,0.0115604,-0.00674722,-0.96374,0.3545,-0.340859,-0.620065,0.365504,-0.647734,-0.37531,0.231238,0.168061,-0.0155466,-0.0669164,-0.363969,0.178659,-0.444495,0.681426,-0.134745,-0.278374,0.014366,0.344537,1.10718,-0.649304,0.272584,-0.0553517,1.246,-0.0527167,0.0804766,1.16598,-0.494054,0.45775,0.767452,1
0.341955,-0.210037,-0.0111389,1.07311,-0.77943,0.257871,-0.507546,0.190104,-0.027848,0.523064,-0.163208,0.123105,-0.150396,0.416942,0.141084,0.58658,-0.214374,0.102701,-0.477927,0.266232,0.413565,0.577357,0.90359,-0.272743,-0.00863727,-0.0804952,0.21154,0.337704,0.0198609,-0.708273,-0.547369,-0.657354,0.505113,0.860745,1
-0.532017,-0.81293,0.0502164,0.684132,0.709271,-0.201576,-0.419314,-0.575416,0.140866,0.290113,0.570827,0.226373,-1.08754,-0.0260284,-0.106504,-0.643175,-0.23474,0.424545,0.339086,-0.598009,0.534081,-0.878541,-1.36219,-0.331509,0.284238,0.118589,0.625693,0.654845,0.155887,-0.572208,-0.215897,-0.641596,0.5754,0.809804,1
0.841682,-0.821689,-0.384352,0.924648,-0.539245,0.836549,0.396448,0.179716,0.471868,-0.0602004,-0.104744,0.00145943,0.282918,-0.409191,0.188897,-0.358557,-0.291759,0.729352,0.0616596,-0.60562,0.442596,0.19218,0.516739,0.704835,-0.586161,1.1515,0.462146,-0.36921,0.128615,0.196582,-0.173126,0.224499,0.539663,0.773623,1
1.16295,0.353773,0.411817,0.590697,0.515475,-0.749417,0.0425971,-0.388436,0.387848,0.0676724,-0.392589,-0.552418,-0.277567,0.0926518,-0.197889,-0.728525,-0.525988,0.337842,-0.5165,0.872145,-0.498137,-0.551271,0.344512,-0.675437,0.0160083,-0.381449,0.0840997,0.151045,0.174153,0.161591,-0.131398,0.554334,0.44577,0.921798,1
0.137646,0.815337,-0.498095,0.29471,-0.0722656,-0.513466,-0.0792325,-0.568029,0.1444,0.267576,0.618407,-0.734569,-0.213138,0.146686,0.557379,0.489771,-0.183611,0.550669,1.3053,-0.0826953,-0.313699,0.209837,-0.280443,0.485446,0.544996,-0.722907,0.596593,0.0415651,-0.555514,0.0331837,0.78474,-0.0433594,0.4385,0.765544,1
0.19027,0.307483,-0.00278173,-0.0108677,0.32565,0.376861,-0.506439,-0.41203,-0.22281,-0.565999,-0.704355,0.281857,0.369062,-0.545282,0.468538,-0.917622,0.524287,-0.20528,0.0871495,0.404272,-0.278165,-0.629889,0.661569,-0.10367,0.0369367,0.331035,0.194019,0.669599,0.745084,0.0594336,-0.397614,-0.532771,0.499103,0.886822,1
-0.526588,0.667086,-0.00913608,-0.140459,-0.508926,-0.0647427,-0.549365,-0.432247,-0.502239,-0.342345,0.409699,0.0559328,-0.241348,0.418602,-0.770678,0.387333,-0.00820239,0.155101,-0.421716,0.122075,0.0604209,-0.806906,-0.598273,0.843424,0.178122,-0.97603,-0.595138,0.0517797,-0.565976,-0.17283,0.558575,-0.432486,0.459597,0.779465,1
0.0156816,0.545058,-0.15151,-0.416778,0.150493,0.16589,0.439919,0.502378,0.380992,-0.318438,0.325178,-0.60497,-0.105841,0.200733,0.621027,-0.948164,0.483291,-0.0161695,0.114662,-0.770628,0.72577,-0.310034,0.395805,-0.283682,-0.722978,0.643747,0.326254,0.0432628,1.0485,-0.0206716,-0.366545,0.0155002,0.498633,0.847684,1
1.36199,0.0206387,-0.0597639,-0.221475,-0.0726094,-0.190722,-0.393493,-0.69537,-0.452719,0.538416,0.444166,-0.200883,-1.14557,-0.177117,0.907076,0.300898,0.521621,-0.200924,-0.735955,-0.84181,0.905242,0.118876,-0.114208,-0.438286,0.139974,-0.089884,0.318436,-0.24494,-0.638727,-0.519147,-0.0890545,0.0658907,0.490752,0.768339,1
-0.609933,-0.709631,0.381841,0.174627,-0.625838,-0.853432,-0.113683,-1.0465,-0.447824,0.320392,0.249888,0.0464566,0.265715,1.04012,0.453946,0.0353302,-0.651629,0.0871142,0.37744,0.19013,0.400373,-0.569081,-0.244548,-0.264227,0.462836,-0.36602,-0.180798,-0.115514,-0.285008,-0.27843,0.0155517,0.669283,0.432239,0.776319,1
0.251511,0.338689,0.262481,0.321225,0.257094,7.95,0.141163,0.237953,0.100845,0.295115,0.373684,0.194781,0.126683,0.195441,0.102921,0.189508,0.137903,0.341315,0.368445,0.220478,0.139574,0.15646,0.239212,0.156285,0.329812,0.18537,0.250801,0.36377,0.107623,0.31615,0.312543,0.128089,0.52,0.82,1
0.74621,0.933062,0.56487,-0.109822,-0.096498,0.138433,-0.00903118,1.06121,0.0332293,-0.513411,0.307939,0.330679,0.33422,-0.523984,0.37712,0.130451,-0.869304,-0.353958,0.295615,1.12749,-0.101982,0.493312,-0.127396,0.192652,-0.789159,-0.258089,0.738888,0.0312931,-1.11315,-0.194437,-0.140269,0.259318,0.434387,0.80251,1
-0.0607788,0.311072,-0.544471,-0.36486,-0.260751,-0.23681,-0.448681,-0.539342,0.0614249,-0.000911551,0.0108305,0.655795,0.425083,-0.175277,-0.145123,0.50805,-0.233752,0.318477,0.4441,-0.306321,0.48774,0.848261,0.585155,-0.0636303,0.152492,-0.0354789,0.539404,-0.460046,0.390273,-0.972416,-0.934922,-0.294755,0.562646,0.930404,1
-0.137887,0.732691,0.693697,0.66405,-1.01482,0.849911,-0.309417,0.643609,0.0456386,-0.301222,-0.194822,0.0750124,-0.239907,0.611764,0.0100989,1.07958,0.39147,0.0850706,-0.833936,0.230963,-0.526399,0.116359,-0.3349,-0.353359,0.432777,0.0957784,0.503182,-0.622472,0.392853,0.175161,-0.343123,-1.10607,0.576399,0.76015,1
1.27153,-0.917339,-0.312066,-0.277026,-0.164382,0.414335,0.00492644,-0.073975,0.390651,0.64588,-0.357767,0.275862,-0.672563,-0.0151882,0.0542615,0.361087,-0.338867,0.509743,0.1476,0.062446,0.333751,-0.0973278,-0.540699,-0.47725,-0.167413,-0.394522,0.0429821,0.585839,0.675595,-0.445813,0.0735453,-0.0425992,0.490729,0.79291,1
0.23878,-0.171154,1.16854,0.673772,0.0673595,0.121978,0.792607,-1.07396,-0.148556,0.0212322,0.553287,0.0754596,-0.530067,-0.21874,-0.0367744,-0.627184,0.319999,0.331321,-0.766702,0.530566,0.59285,0.354652,0.393049,0.0060339,0.797531,-0.452267,0.161916,0.586108,-0.698143,-0.233094,-0.934497,0.528152,0.516977,0.918405,1
-1.01433,0.306733,-0.715616,-0.34684,0.652834,0.121376,0.489415,-0.0929809,0.164251,-0.526618,0.130175,-0.347263,-1.08515,0.0210729,-0.289138,-0.489363,-0.225581,-0.347911,-0.126991,-0.383204,0.00628511,-0.27575,-0.180672,-0.606669,-0.00248838,-0.103815,-0.672713,-0.753274,0.522668,0.834828,-0.0468909,0.0151747,0.543705,0.809479,1
0.113097,-0.261173,-0.125307,0.538707,-0.0298362,0.363832,-0.590773,0.506183,-0.95966,0.6712,0.019393,0.0536963,0.393612,-0.160177,0.704385,-0.758165,0.533875,-0.0702469,0.0568421,-0.0693187,1.12805,-0.0606771,0.500578,-0.681514,0.199715,0.296716,-0.782667,0.504514,0.286032,0.128721,0.728967,0.951251,0.530794,0.793314,1
0.680542,0.00199105,0.463078,0.525549,0.380041,-0.326711,-0.231044,-0.187003,0.0954688,-0.751994,-0.284442,-0.456468,-0.44863,0.230194,0.195665,0.0880263,-0.327325,-0.192031,0.075917,0.184236,0.861424,-0.125366,0.0409059,-0.896171,-0.198096,-0.604104,-1.03441,-0.195417,0.202458,-0.794194,-0.29422,0.280528,0.530761,0.804381,1
-0.178743,0.241932,0.0931712,-0.101595,0.338941,0.266167,-0.683703,0.339288,-0.234171,-0.210491,0.632488,-0.0746302,-0.989049,-0.189291,-0.314555,-0.707176,-0.0826782,-0.573567,-0.38419,0.470578,-0.518006,-0.476606,-0.280378,-0.0522698,-0.214519,-0.248423,0.118936,-0.278598,-0.185539,-0.23746,0.0473978,0.234311,0.564972,0.789017,1
-0.0349625,0.227417,-1.68762,-0.796932,-0.606547,-0.655843,0.578994,-0.282991,-0.253719,-0.232492,-1.01797,0.895145,-0.0163159,-0.728669,-0.212779,-0.276377,0.173362,-0.557946,-0.543604,-0.460725,0.483817,-0.296841,0.0200645,-0.120937,-0.432084,0.380122,-0.545912,0.372158,0.270618,-0.72531,0.0680892,0.212219,0.505899,0.93684,1
-0.0531686,-0.153175,-0.00115742,-1.55951,0.204235,-0.0226055,0.507728,-0.628117,0.0579476,0.547767,0.95457,-0.194612,-0.305886,-0.475451,-0.435814,-0.525656,0.159108,-0.297614,-0.314761,-0.352816,-0.289764,0.0222137,0.364443,-0.0968341,0.481592,0.429229,-0.847992,-0.0160911,0.289174,0.0971085,-0.248517,0.426324,0.450293,0.796721,1
0.108937,-0.296816,0.440961,0.36905,0.338258,0.0188215,-0.268609,0.0518545,0.786796,0.976019,-0.430984,-0.00395842,0.00520917,0.621529,0.2074,0.628552,-0.183591,0.348151,-0.017758,-0.680093,-1.2937,-0.198244,-0.633201,0.153741,0.378246,-0.396832,0.110414,-0.420865,-0.758803,-0.259893,0.128943,0.465475,0.529868,0.825391,1
0.563809,-0.909337,0.553515,0.29523,0.106148,0.594691,0.682419,0.459797,0.656011,0.224006,0.170499,-0.346694,0.193419,0.798403,0.630423,-0.199861,-0.785631,-0.482091,0.323445,-0.571882,0.0861163,-0.949698,0.221066,-0.217158,0.602115,0.280524,-0.110037,0.133577,-0.158429,-0.44605,-0.233404,-1.38679,0.536446,0.903762,1
0.207206,0.186338,0.116995,0.160646,0.351237,7.95,0.248515,0.380199,0.27113,0.338095,0.378668,0.258271,0.297917,0.387962,0.362027,0.127221,0.238844,0.300626,0.309497,0.305987,0.366417,0.267053,0.111621,0.399637,0.100475,0.256642,0.281303,0.335611,0.335347,0.250563,0.204497,0.177945,0.52,0.82,1
-0.784688,0.557315,-0.650185,0.271131,0.359689,0.690617,0.722824,0.798174,0.299138,0.228795,0.617864,0.973248,0.748883,-0.166527,0.777769,-0.0930301,-0.0304468,0.822912,-0.470775,0.575448,0.117975,1.06764,0.307785,0.411759,-0.81977,0.0942902,0.47301,0.0196147,-0.57379,0.147611,-0.460052,0.765742,0.424099,0.877867,1
0.222246,-0.13248,0.922645,-0.0643791,-0.456487,0.0377936,0.437057,0.389319,-0.612112,-0.0672072,0.00705028,0.0956908,0.664148,1.31794,0.192712,0.61367,0.0792181,0.0858024,0.261432,-0.157587,0.278816,-0.465064,-0.191194,-0.00150721,-0.289173,-0.678692,0.40704,-0.400787,0.722982,-0.00854643,-0.574761,-1.27453,0.565214,0.900803,1
-0.333151,-0.208201,-0.629594,-0.869796,-0.780586,0.352153,-0.626872,0.768736,0.401808,-0.305508,-0.111815,0.177474,-1.04457,-0.309645,0.791173,0.854008,0.600153,-0.934729,0.538874,0.412912,0.217263,0.709322,-0.946596,-0.0252935,-0.0498504,0.534014,-0.501543,0.130071,0.48313,-0.388046,0.57911,0.225638,0.57218,0.944473,1
-0.130327,-0.810963,0.543186,0.3973,0.430859,0.63149,-0.592649,-0.690072,0.183979,-0.468567,-0.836652,0.0361601,-0.887538,-0.368255,0.474163,-0.240211,0.187432,-0.423215,0.148875,0.465569,-1.55477,-0.345791,-0.400471,-0.569026,0.117038,-1.11159,-0.538366,0.0641361,-0.218064,0.355915,-1.03276,-0.0599026,0.549765,0.819932,1
-0.39991,0.674989,-0.479532,1.07463,0.0989806,-0.189447,1.34037,0.251726,0.348145,0.228851,-0.356911,-1.04367,0.518263,0.55828,-0.07006,-0.800428,-0.0897021,-0.1308,-0.365365,-0.387918,-0.0760306,-0.256987,-0.0178073,0.102351,0.0941151,-0.262456,0.491738,-0.0694041,-0.392751,0.658636,-0.020467,0.352058,0.495278,0.855719,1
0.550836,0.661414,-0.0292147,-0.512248,0.847945,0.256208,-0.212839,-0.169966,-0.994895,-0.568984,0.543807,0.918109,0.391089,0.237798,-0.25656,-0.0119373,0.573405,-0.284258,0.577432,-0.21277,0.756877,0.240557,-0.329507,0.295804,0.457487,0.261612,0.199486,0.134821,-0.557725,0.380286,-0.311809,-0.476086,0.51126,0.805561,1
-0.221256,-0.313339,1.23252,0.433658,0.888956,0.0389945,0.1399,-0.239614,0.640241,0.695473,0.192453,-0.0991784,0.0371173,-0.231133,-0.726637,0.0922628,-0.517631,-0.618368,0.340232,-0.329037,0.479301,0.33115,0.175068,0.0223231,0.451952,-0.983046,0.119412,0.584459,0.326558,-0.586873,-0.156253,0.554222,0.578545,0.778131,1
-0.481704,-0.0106729,0.695801,0.916404,0.232769,-0.0244857,-0.381432,-0.136723,-0.515473,-0.0696298,0.031995,-0.0884755,0.59221,0.324466,-0.182013,0.0706091,0.643688,1.35009,0.300181,0.158976,0.607389,-0.945787,0.204213,0.241376,0.292465,0.81712,0.0895356,-0.917232,0.253944,0.0841628,0.310489,0.298058,0.503231,0.801868,1
-1.29437,0.326869,0.749725,0.0191846,-0.0279018,-0.217968,-0.172914,-0.063131,0.880769,-0.242146,1.35585,-0.190705,-0.558762,-0.447055,0.27603,-0.235736,-0.115969,-0.585923,0.865092,0.107404,0.836268,0.407935,-0.426892,0.0157437,0.378049,-0.837127,-0.924908,0.563896,-0.351097,0.242608,0.312658,-0.0509875,0.426308,0.920425,1
-0.406827,-0.541106,0.534427,-0.450897,-0.976947,0.414324,-0.0322429,-0.78636,-0.337703,0.235358,-0.536504,0.817969,1.33602,0.800499,0.343546,-0.289099,-0.519678,-0.217021,-0.183736,-0.186276,-1.15868,0.0732996,-0.690667,-0.364712,0.259757,0.761507,0.272843,0.458794,0.814395,-0.0749895,0.0602705,-0.108015,0.432064,0.79572,1
0.302495,0.233729,0.17829,0.34244,0.130532,7.95,0.348267,0.250056,0.367439,0.245379,0.164778,0.341304,0.325361,0.187904,0.272404,0.358112,0.347194,0.119515,0.344441,0.27979,0.17035,0.192966,0.291503,0.155081,0.310476,0.273873,0.387182,0.374064,0.123252,0.145778,0.398967,0.193949,0.52,0.82,1
0.667593,-0.312855,-0.462063,-0.507143,-0.0239588,-0.861521,0.435395,0.08734,0.691718,-1.04526,-0.872959,-0.114537,0.119494,-0.268295,0.0123549,-0.492675,0.0504203,0.190649,-0.410177,-0.203863,-1.65386,-0.763541,-0.63305,-0.191101,0.0554504,0.237923,0.398323,0.303303,-0.0407341,-0.108854,-0.0797545,-0.250292,0.57104,0.817259,1
-0.232854,0.00374268,-0.280626,1.09051,-0.159712,0.195857,0.325432,-0.52645,-0.641352,-0.958731,-0.441769,-0.0749843,-0.10088,-0.645597,-0.919332,-0.69925,0.840543,-0.0508542,0.258753,1.14375,0.241828,-0.149531,0.488187,0.517017,0.196865,-1.71584,0.0911925,0.106956,0.949499,-0.281975,-0.355797,0.473498,0.510039,0.888521,1
-0.716108,0.995579,-0.589437,-0.486243,-0.654525,-0.148668,-1.22566,-0.317034,0.0213038,-0.918107,-0.260089,0.483571,0.0455793,0.926406,-0.275872,0.412337,-0.264924,-0.458646,1.20508,-0.0896055,-0.397614,0.615226,-0.104063,-0.526534,0.156149,-0.0812117,-0.493244,0.411835,0.661572,-0.547106,0.154983,0.94684,0.468883,0.813969,1
-0.177467,0.311387,-0.969427,0.366134,-1.11221,-0.813039,0.524014,0.567005,-0.332163,0.0777457,0.0379798,1.24185,0.0487356,0.561371,0.191177,-0.227417,-0.514352,0.426745,-1.11127,-0.426849,-0.729748,-0.624771,0.0761798,-0.496439,-0.235268,-0.21458,-0.283231,0.89729,0.182222,-0.23487,-0.191646,0.229045,0.570619,0.93659,1
0.506166,-0.386265,0.658702,-0.939413,-0.732586,0.162927,0.0468385,0.591839,-0.0558205,0.393143,-0.984643,-0.698848,0.115804,1.03408,-0.700458,-0.0273472,0.873307,-0.149272,0.0777051,-0.438938,0.419086,-0.167582,-0.851508,0.42444,0.020295,0.29343,0.44673,0.456781,0.195721,0.416132,0.486361,-0.823404,0.501334,0.937064,1
0.791961,-0.942847,-0.061237,0.0299174,-1.10998,-0.0171421,-0.0757426,0.352015,-0.357344,0.356585,0.148953,-0.830631,-0.0412841,0.223039,0.0239335,0.663149,-0.460611,0.407492,0.146801,-0.316601,-0.209904,-0.161344,-0.34681,-0.00555017,0.0487451,-0.318109,-0.0512308,-0.813278,0.362993,-0.146391,0.382256,0.35495,0.420272,0.876362,1
-0.27151,0.0440336,0.0442607,1.12706,-0.321588,-0.00436864,-0.432905,-0.35453,0.81261,0.217764,0.439683,0.146113,0.136743,-0.392258,-0.0789585,-0.468653,-0.581171,-0.341097,-0.73143,0.633893,-0.793588,-0.0356242,0.237298,0.57925,0.172496,-0.27075,-0.409616,-0.166474,-0.175229,-0.612113,0.0931722,-0.607787,0.526038,0.929689,1
0.325149,0.254788,0.173853,0.355114,0.251919,7.95,0.330092,0.164536,0.261783,0.144678,0.225699,0.231471,0.211456,0.221216,0.318611,0.275765,0.22357,0.343969,0.207615,0.134499,0.153967,0.27593,0.37354,0.395146,0.324921,0.203333,0.21893,0.133418,0.182375,0.224448,0.178559,0.266264,0.52,0.82,1
-0.331145,0.176051,-0.16328,0.0409401,-0.419153,-0.421745,0.224897,-0.0500848,-0.135051,0.417,-0.268609,-0.28423,-0.287303,-0.345364,-0.822629,-0.235581,0.144034,0.239234,0.172846,-0.509473,-0.14817,0.124726,0.80628,-0.474035,0.412808,1.21192,-0.243978,-0.376257,0.471997,0.0239872,-0.386118,-0.674739,0.443763,0.941431,1
-0.566168,1.1083,0.0014871,0.145938,-0.621757,0.631994,-0.836297,0.649083,0.143105,0.702972,0.126302,1.7812,-0.503798,0.439516,-0.385967,0.161179,-0.0915859,0.28517,0.156932,-0.76485,0.435559,-0.259213,0.0559736,0.373597,0.860337,0.155174,0.180969,-0.620124,0.177623,-0.499333,-0.172053,-0.770482,0.441427,0.930083,1
-1.22152,0.808314,0.0853358,-0.110198,-0.0425039,0.408474,0.262924,-0.178523,0.11426,-0.172368,-0.916936,0.861281,-0.639359,0.180795,-0.111625,-0.615709,-0.164028,0.36164,-0.487633,-0.0167586,0.634886,-0.634907,-0.187207,-0.465453,0.343355,-0.49044,0.412687,0.253277,0.366065,-0.13703,-0.396158,-0.000298757,0.517265,0.802003,1
-0.0139668,-0.0783281,0.693456,0.96344,-1.17173,-0.364983,0.324949,-0.480229,0.529273,-0.160009,-1.06453,-0.309395,-1.1647,-0.325372,-0.172168,0.489498,-0.288018,-0.337495,-0.174826,0.547728,0.348934,-0.157993,-0.30664,-0.355826,0.0562588,-0.116919,0.652781,-0.0855,-0.182299,0.169138,0.38878,-0.706243,0.441116,0.880976,1
-0.0208678,0.0202684,0.480879,0.0356526,-0.215032,0.473268,0.0447836,0.761142,-0.0444617,0.215297,0.575725,-0.225074,0.781884,-0.399201,0.831025,0.0837067,-0.873354,-0.390763,-0.34588,-0.430439,-0.27052,-0.254899,0.342566,-0.0149325,0.284773,-0.101998,-0.167706,0.203952,0.518576,-0.91742,-0.289581,1.06809,0.484022,0.93598,1
-0.600918,0.395547,-0.0173049,0.188722,0.619438,-0.180562,0.280349,0.365324,0.179613,-0.993444,-0.0140499,1.10636,-0.0205085,-0.0335872,0.366031,0.669449,-0.451554,0.534724,0.145426,-0.093309,-0.0953049,-0.161278,-0.429654,-0.527544,0.387274,0.36626,-0.556031,0.752763,0.552477,0.0697121,-0.697307,-0.695106,0.510961,0.887791,1
0.0622704,0.315329,0.364727,-0.461827,0.0733873,0.512377,-0.386192,-0.516739,0.433708,-0.652285,0.358855,0.0710121,0.0683786,0.940867,-0.0587404,-0.422555,-0.213788,0.608354,0.477756,0.418771,-0.459931,0.323244,0.64634,1.12334,-0.276296,0.0837328,-0.160755,-0.351091,0.431527,-0.290454,1.08975,-0.41196,0.563345,0.934918,1
-0.753015,-0.205464,-0.0743359,-0.363098,-0.857658,0.0110263,0.634186,0.368295,-0.0502313,0.688213,-0.603628,-0.0740034,-0.399984,0.256056,-0.948544,-0.0154999,-0.269797,-0.408925,0.196473,-0.302694,-0.274239,-0.349698,-0.273533,0.437389,-0.785436,-0.700701,-0.738085,-0.162166,-0.385489,0.408491,-0.0967175,0.433748,0.52527,0.925135,1
-0.292721,-0.40616,0.527045,-0.221718,-0.0703485,-0.244145,-0.194755,-0.480386,0.110528,-0.308358,-0.806326,-0.31543,-1.04155,0.298541,0.838056,-0.206056,-0.420377,0.845155,0.87899,-0.474241,-0.0570115,0.262356,-0.307379,0.0751935,-0.498654,0.481821,0.00396003,-0.107821,-0.0794768,-0.0528489,-0.315502,0.837617,0.551423,0.926895,1
-0.115036,-0.0776534,0.649994,0.130898,-0.233455,-0.445919,0.656699,0.963583,0.595511,-0.448088,0.274066,-0.688828,-0.332593,0.107946,-0.230434,0.0608042,-0.0587952,0.240817,-0.0273404,-0.701999,0.915563,-0.522582,-0.0137936,-0.480564,-0.857761,-0.441051,0.191377,0.186865,1.00331,0.652826,0.0948086,-0.458088,0.531092,0.857877,1
0.0419166,-0.671501,0.318543,0.633137,-0.233304,0.099276,0.0518815,0.265466,-0.224106,-0.29975,0.558615,-1.15238,0.0246497,-0.981044,-0.218669,0.450559,-0.156737,0.0713126,-0.747014,-0.076243,-0.0893301,1.1801,-1.79853,0.314458,0.101342,-0.361569,0.776234,0.281084,-0.388115,-0.27475,-0.029231,-0.769873,0.436292,0.789487,1
-0.265834,0.340266,0.0759262,-0.633477,0.200934,0.366522,0.597059,-0.148813,0.098434,-0.0341629,-0.0704461,-0.136009,-0.30888,-0.0484391,-0.389889,0.142711,0.189527,-0.619937,-0.64161,0.327799,0.0492577,-0.385901,0.165817,-0.413748,-0.458847,-0.127502,1.3457,0.663157,0.251735,-0.472359,-1.06776,-0.735532,0.565442,0.900265,1
-0.22527,-0.863215,-0.0314586,-0.24532,0.0877528,-0.286673,0.674403,-0.851951,0.393965,-0.377848,-0.61488,-0.445406,-0.060716,0.276271,-0.108807,-0.735056,0.822642,-0.325889,-0.0553502,0.496026,0.0340215,0.45266,0.131443,-1.65455,-0.0742778,0.107073,0.187595,-0.390425,-0.690313,-0.0754457,0.261477,0.229748,0.448228,0.902241,1
-0.890139,0.268002,-0.0850824,-0.198745,0.575352,0.226971,0.18169,-0.245875,-0.118014,-0.278572,0.851757,-0.285087,-0.0481494,0.637131,-0.287274,-0.129835,-0.222,0.609552,-0.45289,0.361056,0.386116,-0.434558,-0.484217,0.607222,0.0861352,0.0874346,-0.889346,-0.297117,0.217592,-0.495973,0.584894,0.0429635,0.483766,0.90837,1
-0.19571,-0.735553,-0.49163,0.0399979,-0.708435,0.353212,-0.663623,-1.20825,-0.267696,1.31795,0.36145,-0.07885,-0.0781645,-0.32939,-0.113876,0.143079,0.985347,-0.197727,-0.273578,0.247539,0.653135,0.775752,0.191882,-0.18361,0.0597856,-0.16576,-0.190236,0.51507,0.420495,-0.358592,0.148745,-0.132822,0.505128,0.939978,1
0.272886,-0.389126,-1.38216,0.805476,0.114462,-0.104868,0.448191,0.468561,0.548291,-0.399829,0.011519,0.206075,0.153826,1.16184,-0.401345,0.56054,-0.283742,-0.532187,-0.0103568,-0.651479,-0.438104,-0.0345949,0.624398,1.14387,0.125482,-0.637471,-0.156924,0.271849,-0.252615,-0.300403,0.0504289,-0.499184,0.529518,0.788602,1
0.670819,-0.957558,-0.293754,0.647633,0.293056,0.245337,-0.673752,-0.162142,-0.33178,0.823629,0.225204,-0.643333,-0.13824,0.700569,-0.530348,0.339604,0.2396,1.11588,-0.954683,0.676208,0.322385,0.295119,0.785569,0.507698,-0.000666402,-0.442988,-0.213894,-0.0155323,0.263796,0.677625,0.0634012,0.869749,0.5642,0.802194,1
-0.21485,-0.178101,0.617132,0.679998,0.490025,-0.496383,-0.820847,-0.0522845,0.911612,-0.186886,0.266211,0.501059,0.329556,1.01663,0.531581,0.0474783,0.186422,-0.944528,-0.830849,0.514752,-0.122543,0.273994,0.336793,-1.34508,-0.321388,-0.0124523,-0.30185,-0.466988,-0.397169,-0.190021,-0.748278,0.3891,0.560169,0.94418,1
0.203817,-0.848134,-0.744085,0.426178,-0.0514075,0.813872,-0.303595,0.206312,0.693964,-0.534619,0.926524,-0.366816,0.833715,0.302879,0.067205,0.0674758,-0.613419,0.510726,0.552456,0.326492,0.434677,0.512822,-0.0204977,-0.611225,0.0631632,0.563499,-0.207186,0.683887,0.676904,0.581828,-0.377495,-0.126744,0.536821,0.779494,1
0.346444,0.0685067,0.015321,-0.0217121,0.934663,0.147706,-0.196944,-0.572723,0.2321,-1.03152,-0.165604,-0.659546,0.0599377,0.520005,0.359012,-0.346978,-0.210724,0.481558,0.814828,-0.0747452,-0.787956,-1.55363,-0.114493,-0.350477,-0.147219,0.779049,-0.117802,0.454751,0.546112,0.199632,-0.454197,0.0252092,0.558457,0.832231,1
-0.368167,0.448622,0.627098,-0.173548,-0.0677111,-0.0399907,0.212997,-0.816528,0.759045,-0.0771538,-0.868214,-0.900747,0.0832486,0.338303,0.19811,-0.104151,0.316967,0.807808,-0.064167,0.802065,0.413598,-0.514435,-1.0954,0.690092,0.14933,-0.409295,-0.418063,-1.18029,-0.0531136,-0.141262,-0.344966,-0.224898,0.54027,0.782084,1
-0.774082,-1.05803,-0.181028,0.584531,-0.769556,-0.597299,-0.450443,0.525384,0.139832,-0.138688,-0.557461,-0.296949,-0.114816,0.167023,-0.186483,-0.97475,0.0696524,0.489613,-0.115182,0.458432,-0.0841076,-0.33623,-0.373481,-0.628912,0.221696,0.151004,-0.159604,-0.740243,0.24828,0.353221,-0.937196,0.377307,0.454796,0.791927,1
0.770504,0.616571,0.162672,-0.400133,-0.651858,-1.01373,-0.506919,-0.295772,0.349704,0.40599,0.0878847,-0.425496,0.000174861,-0.166797,-0.471882,0.283852,0.155659,0.799824,0.631626,-0.393012,0.644274,0.157079,-0.64578,1.1864,-0.36072,-0.074533,0.386787,0.185016,0.420273,1.22285,-0.093431,-0.596309,0.571219,0.829972,1
-0.293898,-0.114461,0.582609,-0.245997,0.146629,0.618759,0.563599,-0.468156,0.232851,0.410657,0.505245,-0.133678,-0.79261,-0.127089,0.0621919,-0.54913,-0.163073,-0.299217,-0.173841,-0.186992,0.624541,0.503871,0.09296,0.0283164,-0.193486,0.215709,0.284784,-0.486369,-0.368097,-0.0134872,0.0374141,0.157972,0.573437,0.944297,1
-0.153615,-0.415775,0.152888,0.0476715,0.597507,0.697537,-1.11739,-0.0812653,-0.36009,0.0202619,-0.607262,0.2181,-0.414347,0.274331,0.285786,-0.225874,-0.0779424,1.18083,-0.351867,-1.0585,0.16896,0.171838,0.907598,-0.824424,-0.0730419,0.157902,-1.2777,-0.0601494,-0.304898,-0.123089,0.118826,0.472219,0.517957,0.790478,1
0.246481,0.379735,0.229862,0.125794,0.192972,7.95,0.316174,0.370881,0.119738,0.229428,0.166055,0.366421,0.255421,0.348218,0.212553,0.220337,0.168322,0.388373,0.293228,0.377858,0.165868,0.312061,0.29505,0.389871,0.295442,0.359146,0.146524,0.394606,0.301259,0.158398,0.320758,0.224908,0.52,0.82,1
0.328287,0.046239,0.00974276,-0.28806,0.384769,0.883626,1.00257,0.112502,0.758535,-0.475004,-0.302654,-1.04966,-0.434407,0.105529,-0.814323,-0.268765,-0.703872,-0.176292,0.491034,0.579264,1.11229,0.136138,-0.229955,-0.296131,0.786955,0.753269,0.834293,-0.146751,0.31582,-1.08445,0.30269,-0.0808154,0.449972,0.770801,1
0.36007,-0.933578,-0.257696,0.0342272,-0.0154475,0.300348,0.0239503,0.106131,0.0653922,-0.987985,0.799919,-0.0666765,-0.0619042,-0.0619161,-0.642535,-0.137074,0.707217,0.373486,-0.75747,0.744509,0.65469,-1.45111,0.645684,0.221068,-0.460415,0.411531,-0.763988,0.738163,-0.49385,-0.15196,-0.745581,0.118775,0.574094,0.832836,1
-0.360224,-0.120035,-0.0327907,0.929791,0.593104,0.503714,-0.265533,0.446882,0.0766654,-1.3608,-0.207495,-0.829141,0.93496,-0.708384,0.303534,0.400826,-0.182004,0.248553,0.488298,0.212971,1.04168,0.173704,-0.717902,0.267616,-0.31778,-0.412666,-0.308264,-0.671756,0.0193522,0.197044,0.126101,-0.115448,0.515555,0.776673,1
-0.00119626,0.437044,-0.50618,0.530521,0.196696,-0.109122,-0.235724,0.263747,-1.01176,-0.194554,0.623007,0.512708,-0.156505,0.436817,-0.175394,0.0986785,-0.133639,0.14103,0.230786,-0.211012,0.807321,-0.188654,-0.0422433,0.998043,0.0934852,-0.0578381,0.104545,-0.043502,-0.460501,0.375461,0.396203,0.189364,0.562308,0.774367,1
0.144609,-0.166142,-0.332216,-0.0907957,0.886383,0.711256,-0.613468,0.596194,0.219208,0.327754,-0.51877,0.123996,0.532857,-0.332735,0.710471,-0.0431823,-0.413751,-0.312937,-0.28951,0.510037,0.176338,-0.40198,0.0236491,0.254505,-0.516091,-0.0345077,0.324547,-1.13074,0.755971,0.237359,-0.875221,-0.301384,0.431468,0.857096,1
-0.398267,0.259686,-0.0162849,-0.534548,0.410584,-0.323743,-0.357226,0.0709084,-0.913647,0.881384,-0.286842,0.357579,0.31476,0.806884,-0.894317,0.0101032,0.0759073,0.409908,0.510796,-0.276497,0.223742,0.350549,-0.343213,-0.801991,-1.14954,0.419123,0.0647691,-0.152668,0.385221,-0.390765,-0.37349,0.0154274,0.465364,0.776386,1
0.825647,-0.357018,0.556412,0.00215499,-0.197328,-0.594923,0.205875,1.11637,0.389399,-0.119463,1.37813,-0.74542,0.447909,0.241432,-0.357787,-0.253304,-0.7237,0.78145,0.370161,-0.279846,-0.763809,-0.792726,-0.32568,1.09217,0.94296,-0.0164888,0.84171,-0.884688,-0.340387,0.213566,-0.34294,0.0879799,0.495107,0.867454,1
0.18977,0.220888,-0.0696258,-0.342033,0.387944,-0.786765,0.370992,-0.103883,0.116855,-0.690143,0.601157,-0.382754,0.412023,-0.192193,0.0171211,-0.0560048,-0.0525759,-0.205423,-0.243546,-0.418755,-0.301418,0.674525,0.0953234,0.806273,-0.323377,0.636443,-0.544877,-0.578585,0.762514,-1.10796,0.624263,-0.692276,0.536636,0.866805,1
-0.896927,1.04989,-0.333491,-0.456943,-0.390426,0.19771,-0.0092674,0.748723,0.57387,-0.406055,0.963409,-0.0445787,-0.214841,1.1262,-0.242241,-0.863377,-0.326923,-0.537555,-0.0689136,-1.04065,0.137062,0.52921,-0.55338,0.236073,0.252772,0.161453,-0.146907,-0.219749,0.0308652,-0.106642,-0.036517,0.120546,0.449337,0.927693,1
-0.248002,-0.224296,0.456187,0.599093,-0.00122332,1.10698,-0.736125,0.273092,-0.38257,-0.1924,-0.432245,0.186029,0.617586,0.214935,0.00928492,0.0138061,-0.428751,-0.77778,-0.176236,0.466336,-0.447236,-0.179625,0.30211,0.564606,-0.515744,-0.0755009,0.291996,-0.699128,-1.36073,0.873745,-0.251175,0.339431,0.448261,0.85821,1
-0.417813,-0.434577,0.505756,-0.246411,0.383747,-0.275331,-0.386741,0.576457,-0.155349,-0.699035,-0.126249,-0.759759,-0.318729,-0.35353,-1.45321,-0.243347,0.405988,-0.702968,0.561218,0.422983,-0.590861,-0.479374,-0.294688,0.184823,0.128482,0.80876,0.428353,-0.0160523,0.294298,-0.446776,0.480939,0.824692,0.547157,0.765767,1
0.781107,0.500916,0.869251,-0.0696777,-0.417424,0.903708,-0.225687,-0.913668,0.124312,0.451883,-0.616828,-0.0960617,0.967278,0.399923,-0.425896,0.0527227,0.229344,-0.379716,-0.111722,0.0832543,-0.0116736,0.473008,-0.316802,-0.376159,-1.1662,0.859841,0.419669,0.206637,0.663359,-0.645817,-0.360502,-0.70092,0.469968,0.784037,1
-0.100254,0.247983,0.198068,0.0182647,0.226391,-0.0410904,0.318851,-0.219363,0.125336,0.320523,0.551252,-0.0777264,0.408586,0.0329119,0.338171,0.345326,-0.246725,0.426064,-1.0426,0.487214,-0.847034,-0.371523,-0.656435,0.238684,0.530025,1.04322,-0.151333,0.214173,0.673786,0.275155,0.154252,-0.171633,0.572331,0.893483,1
0.241993,0.334015,0.0713582,-0.302448,0.509743,-0.114554,-0.404788,0.210249,-0.0294805,-0.51208,0.459044,-0.112603,0.310035,0.228771,0.139429,0.0509759,0.302993,0.163942,0.520603,0.0450108,-0.571886,0.331717,-0.562855,-0.329444,0.427214,-0.0698151,-0.273182,0.35861,-0.8315,0.1153,-0.498629,0.615909,0.431014,0.875776,1
-0.170172,0.101817,0.448312,0.243123,1.16151,-0.894297,-0.203518,-0.00719317,0.30002,1.25578,0.0497873,0.227862,-0.37815,0.0261858,0.919945,-0.072447,0.161294,-0.0774511,0.297533,-0.136438,0.00389557,-0.366213,0.408827,-0.469243,-0.235431,-0.395615,0.202003,0.447966,0.486638,-0.187741,0.559079,-0.152039,0.553161,0.77229,1
-0.361497,-0.4537,0.036004,-0.0548058,0.00881576,-0.472426,0.24721,0.040284,-0.572261,-0.248146,-0.353983,-0.197112,0.349481,-0.86028,0.944287,-0.319237,-1.50188,0.00144232,0.506757,0.321276,-0.130545,-0.186145,0.232437,-0.945607,0.0978113,-0.765227,0.0618202,-0.0622341,-0.553114,-0.315528,0.974503,-0.316974,0.510272,0.931152,1
-0.700006,0.302544,0.71513,0.172239,0.463708,-0.550615,0.996566,0.136075,1.45864,-0.412468,0.681815,1.07843,-0.640929,0.508813,-0.690268,0.0350025,-0.127517,0.479032,0.364535,0.501306,0.161436,0.47741,-0.0920782,0.559774,-0.501419,0.217718,0.205161,0.670177,0.216438,-0.554937,0.985161,-0.783591,0.576957,0.801689,1
0.798441,0.303252,-0.646439,-0.0430064,0.562055,-0.169839,-0.786522,1.13126,-0.186108,0.419417,0.468264,0.419977,-0.148631,0.0611389,0.728714,0.349395,-1.09986,0.747261,0.237236,0.380857,1.54803,-0.62763,0.0695745,-0.201889,0.562517,-0.700657,-0.059318,-0.722788,0.622116,-0.745249,0.521728,-0.533486,0.521193,0.815994,1
0.447441,-0.407611,-0.512606,-0.370795,-0.939622,0.0533271,-0.321354,0.893681,0.335813,-0.551319,-0.315654,-0.309809,0.103349,0.0277268,-0.468887,-0.377634,0.539174,-0.514136,-0.452952,-0.754324,-0.0394916,-0.465213,-0.304892,-0.327311,0.0532894,0.0805582,-0.213118,0.278297,0.156244,-0.265424,-0.543948,0.249106,0.463886,0.905614,1
-0.0619007,-0.0337905,0.624543,1.21284,-0.566598,-0.978388,-0.151557,0.225958,-0.228349,-0.398301,-0.311639,-0.0215235,0.0172474,0.464626,-0.190082,-0.0245535,0.913408,-0.704207,-0.0206255,-0.512937,1.12403,-0.209762,0.439953,0.18878,0.00554335,0.331572,-0.108984,-0.787219,0.270665,-0.457875,0.45752,-0.154375,0.56103,0.909126,1
0.826361,0.800986,-0.744854,0.858071,-0.527204,0.215094,0.544066,-0.558322,0.363759,0.57815,0.556612,0.06512,0.700697,0.150624,-0.254773,0.48901,-0.507607,-0.918065,0.178208,0.511674,-1.28338,0.380243,-0.531175,-0.524983,-0.220568,-0.052031,0.901953,-1.01966,0.40093,0.0419432,-0.475102,0.263316,0.439677,0.920273,1
-0.90172,-0.0527026,0.18562,0.0285353,-2.11543,-0.0822402,-0.182804,0.486082,-0.354907,1.33261,-0.101718,0.143861,-0.370973,-0.0784151,0.397371,0.73662,-0.112712,0.738751,0.189211,-0.336482,0.671943,-0.453852,0.084532,0.492505,-0.669709,-0.63298,-0.482421,1.23507,0.685513,0.0657875,1.5224,0.376888,0.46754,0.813472,1
-0.482163,-0.0382495,-0.0562912,-0.445587,0.798448,-0.146603,0.262464,-0.0442548,-0.17948,0.612892,0.100317,0.100958,-0.0689881,0.0393979,0.546845,-0.408159,-0.234934,0.00354878,-0.646154,-0.51737,-0.761198,0.23837,-0.299104,0.144051,-0.375194,0.223661,-0.049453,-0.0502934,0.094895,0.0776788,0.193975,0.312266,0.442432,0.768787,1
0.0101684,-0.51797,-0.424269,-0.228224,-0.577061,0.177246,0.92955,0.444774,0.21968,-1.13252,0.383616,-0.512596,-0.058443,0.216796,-0.0789928,0.127658,-0.0474623,-1.04035,-0.445087,0.165874,-0.186686,-0.152119,-0.743499,-0.307485,1.05039,0.566294,-0.375143,-0.381208,-0.417132,-0.2828,0.276528,0.265655,0.454674,0.843701,1
0.95,0.88,-0.0613073,0.452162,-0.326559,-0.132192,0.140136,-0.27267,0.137983,-0.428516,0.249909,0.447701,-0.286635,-0.483281,0.171645,0.212686,-0.0112424,-0.088453,-0.125484,0.33211,0.367054,0.0386565,-0.476722,0.390387,-0.362586,-0.239078,0.0147571,0.340589,-0.00295272,-0.111561,-0.434269,0.253836,0.48,0.2,0
0.419996,-0.442595,-0.116628,0.317681,-0.388036,-0.0293466,-0.0794498,0.071295,0.151468,-0.471824,0.939728,-0.599529,-0.0375138,-0.176981,-0.0579898,0.208652,0.828809,-0.278094,-0.190873,0.00947091,1.22878,-0.00693164,0.460756,-1.05183,0.637988,0.244122,0.0544897,-0.40718,0.892738,0.158976,0.250395,0.157304,0.544561,0.897171,1
0.0551847,-0.138063,-0.359193,0.238359,-0.459944,0.344483,-0.304549,1.79456,0.469116,1.38151,-0.262754,0.462644,0.21279,-0.735861,0.0987359,0.0428182,0.716797,1.2129,0.834387,0.439707,-0.00273042,-0.235904,-0.402791,-0.714046,-0.599713,0.460005,-0.410616,0.455689,0.0879591,0.959214,0.412844,-0.394825,0.575328,0.842436,1
0.340182,-0.567759,-0.365669,0.177452,-0.462513,0.107174,-0.158984,0.315621,-0.296936,-0.00923132,0.40859,0.574227,-1.50735,-0.435314,-0.024653,-0.365609,0.520265,0.221374,-0.263602,0.73037,0.0886269,0.200448,0.16396,0.564332,-0.0532642,0.992899,-0.180573,0.390834,0.619551,-0.0858704,-0.113957,0.123058,0.563484,0.78925,1
-0.562178,-0.267991,-0.155217,1.18226,-0.168619,0.15231,0.311749,-1.20485,0.284512,-0.229216,0.708011,-0.214281,-0.820177,-0.790685,-0.304323,0.0135685,-0.737961,1.1401,-0.700007,0.0761121,0.139746,0.348773,0.657853,0.280263,0.406637,-0.340613,-0.243745,-0.699296,-1.05802,0.394772,-0.0792493,-0.0479647,0.546031,0.858981,1
-0.0215552,0.400241,0.520086,-0.137222,-0.508033,-0.315001,0.162924,0.140123,0.939796,0.179346,-0.640579,0.7396,-0.211181,-0.537396,-0.394931,-0.154212,0.153571,0.235287,0.670926,-0.0460982,0.08898,-0.599861,-0.0447859,0.524059,-0.0802295,0.0980183,-0.0424597,-0.0610307,0.00710692,0.159108,-0.532124,-0.236854,0.474382,0.859787,1
-0.0399157,0.800925,0.412052,0.0707632,-0.0945934,0.909617,0.191306,-0.286488,-0.778458,-1.32578,-0.819656,0.334774,-0.481232,-0.227069,0.367197,-0.680185,0.333564,0.193375,0.071558,0.20949,0.267811,-0.196366,1.05131,0.214112,0.405009,-0.981145,-0.401586,-0.0747586,0.17357,-0.455331,0.0425987,-0.0437452,0.435971,0.854876,1
-0.16779,0.216059,-0.151105,0.358473,0.26257,-0.451344,-0.423102,0.269014,-0.0103072,0.0431743,-0.179874,1.12832,-0.414921,-0.393803,-0.0469716,-0.156354,-0.860737,0.133829,-0.321942,0.843275,-0.312039,0.118276,0.136879,-0.361049,-0.107652,1.02966,-0.555351,0.0112453,-0.171737,-0.0275968,0.897192,0.861526,0.454359,0.861522,1
-0.840214,0.104447,-0.962481,0.0189409,0.380904,-0.237996,-0.597642,0.211709,-0.413966,-0.434212,-0.897554,-0.220353,-0.387411,0.259634,-0.161346,1.35832,-0.56012,0.0884984,0.33198,-0.0284899,-1.05392,0.217914,-0.0865979,-0.419287,-0.409592,0.583345,0.379954,0.0146956,0.287359,-0.0336632,0.187145,0.175006,0.544684,0.919944,1
0.260498,-0.752377,0.0811948,0.451833,0.269807,0.0179611,-0.558782,0.705047,0.981456,0.157934,-0.426756,0.248851,0.423282,-0.0588659,-0.667958,0.90624,0.316815,-0.711373,-0.89557,0.108254,-0.406871,0.305381,1.3686,-0.190428,0.116221,0.159364,-0.00186122,1.02907,0.603914,0.500123,-0.156985,0.201108,0.474576,0.850732,1
0.740345,-0.0765706,-1.08698,-0.575277,0.00864685,-0.427881,-0.232824,0.246179,0.249351,0.567358,0.301386,-0.35694,-0.01584,-0.50188,0.00421361,0.0992227,0.582709,0.503747,-1.1448,-1.23638,-0.950624,-0.732076,-0.364362,0.566544,-0.236997,-0.593812,0.26626,0.111287,-0.776783,-0.314195,-0.242192,-0.874632,0.539117,0.926371,1
-1.03021,-1.00531,0.613771,-0.028896,-0.170239,-0.200542,-0.00550129,0.135791,-0.436309,0.308531,0.43777,0.288569,-1.07343,-0.125979,-0.149882,-0.446594,-0.289058,-0.118731,-0.483467,-0.378334,-0.128245,0.480401,0.186246,1.26413,-0.227963,-0.302762,-0.279009,-0.456079,0.115304,0.421528,0.417873,-0.325973,0.501518,0.884749,1
-0.648962,0.375387,0.131957,-0.692037,0.459415,0.113405,0.0923621,0.101337,-0.609698,-0.0395208,0.11208,1.04631,0.298536,-0.345617,0.310471,-0.942671,-0.808311,-0.297487,-0.243215,-0.67762,0.265715,-0.073591,0.436157,0.366944,-1.22362,0.444486,0.934301,-0.567244,0.377378,0.212103,-0.118015,-0.415133,0.578994,0.899004,1
0.541394,-0.0668717,-0.800315,-0.409701,0.283703,0.517079,0.506728,0.850865,-0.16378,-0.611691,-0.675843,-0.594859,-0.149479,0.0485443,-0.435802,0.444732,0.106517,0.770887,-0.37541,0.476471,0.906002,0.118905,-0.332849,0.108286,0.149548,-0.480391,0.0925738,0.259478,0.0104183,-1.45958,-1.06246,0.0561711,0.437014,0.912211,1
0.202188,0.215368,0.605085,0.512872,0.109535,0.569354,-0.757567,0.511561,1.15271,1.00891,0.269907,0.51191,0.872605,-0.276548,-0.397797,0.365307,-0.112057,-0.107864,-0.374647,0.610026,-0.0913796,0.450727,-0.396681,-0.064786,0.124473,0.453421,-0.75224,0.414375,-0.241596,0.0250237,0.0410229,0.128239,0.527218,0.93432,1
-0.503222,0.291246,0.654377,0.579883,-1.31513,-0.16611,-0.0736716,-0.921933,0.211575,0.333249,0.122087,-0.00409321,0.195956,0.69651,0.154264,0.606049,0.0610528,-0.0560641,0.662433,0.107873,-0.227885,0.151273,0.972532,0.281834,0.328261,-0.284925,-0.459053,0.0378986,0.462246,0.100067,-0.0542075,-0.205011,0.547945,0.924387,1
0.500588,-0.21615,-0.314769,0.869989,0.227255,-0.45014,-0.737837,0.446247,0.12065,0.183088,-0.161894,0.742103,-0.386056,-0.62227,-0.28388,-0.240927,0.321868,0.257004,-0.10229,0.236968,-1.00004,-0.440982,0.4676,-0.410219,-0.205453,-0.0818028,0.552103,-0.37498,0.706913,0.331176,0.228395,0.386294,0.519995,0.765976,1
0.767886,-0.367645,0.260371,-0.00536339,-0.215174,-0.542052,0.698427,-0.39762,-0.360821,-0.104103,-0.433347,0.748544,0.0808888,0.162478,0.705594,-0.280596,0.522892,-0.540746,-0.121697,0.655257,0.363655,0.0199403,0.457439,0.592811,-0.170898,0.164993,0.171722,-0.137687,-0.381593,0.480047,-0.220704,-0.660956,0.443035,0.779266,1
0.487416,0.300003,-0.656233,0.240968,-0.61979,-0.353527,-0.163025,0.508651,-0.550078,0.0591042,0.491738,0.351124,0.14794,0.178068,-0.235543,0.152705,-0.171039,-1.0001,-0.462155,0.490885,0.498315,-0.129524,0.0767935,1.02381,0.593091,0.130228,0.555025,-0.239809,-0.97139,-1.14686,-0.912294,-0.73118,0.466391,0.932776,1
0.194994,-0.025593,0.738484,0.0843549,0.360669,0.112238,-0.181418,0.194529,0.0460347,-0.436528,0.865906,-1.02194,-0.495979,-0.133621,-0.719724,0.864114,-1.25248,-0.00517999,-0.108854,1.13757,0.595337,0.464217,0.756887,-0.0323527,-0.100912,-0.408135,-0.226343,-0.232615,-0.0566181,-0.107423,-0.411326,0.398081,0.56866,0.810394,1
-0.0790632,0.245343,0.231636,0.683041,-0.118326,0.703858,-0.310908,-0.0113296,0.609299,0.806971,1.52523,-0.470745,-0.306377,-0.441196,0.446829,-0.650344,0.105162,0.279731,0.189666,0.0602354,-0.188987,-0.168455,0.520356,-0.345943,0.243817,0.108267,0.12189,0.132407,-0.289738,0.291325,0.71944,-0.386616,0.482587,0.794552,1
0.0546533,0.293561,0.976222,0.175939,0.462944,0.370814,0.196933,-0.295809,0.28909,0.213143,-0.172368,0.551338,-0.184181,0.466705,-0.445087,0.130376,0.362688,-0.228445,-0.579487,-0.230488,-0.0124624,0.254523,0.19919,-0.363694,0.665341,1.11702,-0.0339806,-0.286201,0.467652,-0.51378,-0.702586,0.211464,0.44586,0.883859,1
-0.391392,-0.29377,-0.172956,0.330914,0.0980206,0.187131,-0.188431,-0.696072,0.0975462,0.664572,-0.147608,-0.045542,-0.140129,0.300256,-0.369574,-0.378915,0.221827,-0.28251,-0.0907803,0.176769,-0.143475,-0.199792,-0.302323,-1.26857,-0.370461,0.117369,1.87522,-0.347477,0.39322,-0.231806,0.133757,0.621242,0.444552,0.770923,1
0.528168,-0.360859,-0.374376,-0.575304,0.599614,0.0276942,-0.591482,-0.375893,0.478109,0.335929,-0.0611149,-0.11504,-0.115812,-0.0494174,-0.174491,0.677791,-0.259713,0.500543,0.153356,0.0712102,0.461455,0.716917,0.0153075,0.820176,0.113244,-0.563721,0.252942,-0.269149,-0.21252,-0.520296,-0.268858,0.376066,0.438558,0.760799,1
-0.148879,0.0702091,-0.214118,-0.275975,-0.492909,-0.658171,0.33066,0.373896,-0.275236,0.328002,0.163867,-0.0205835,0.00241501,0.242632,-0.102687,-0.327646,0.88775,0.092337,-0.329174,-0.050883,-0.723252,0.230909,-0.55816,0.776973,-0.0736496,0.480482,-0.15843,-0.0209151,-0.988751,-0.551872,0.21194,0.251319,0.503657,0.834879,1
-0.0731177,-0.166016,-0.668413,0.571989,0.530473,-0.228379,-0.254839,-0.971596,-0.764058,-0.746762,0.88328,-0.0548572,0.263116,-0.136767,0.0561247,0.196858,0.913502,0.367681,-0.145415,0.7328,-0.862629,0.367646,-0.411169,-1.0043,-0.401308,0.812251,-0.824026,0.199095,-0.254153,0.0727864,0.0587027,-0.442682,0.569656,0.870729,1
0.563761,0.390692,-0.507445,-0.273351,0.0337639,-0.104191,-0.352474,-0.460474,-0.474629,0.500592,-0.333961,-0.0952616,0.407867,-0.0908643,-0.554969,0.178276,-0.229933,-0.752295,0.128767,-0.276771,0.0136643,-0.0827809,0.0643277,-0.291889,-0.156199,0.0804983,0.502725,-0.477946,0.127241,0.0574222,0.0253123,0.636369,0.507067,0.876272,1
-0.00221429,-0.469353,0.805035,0.461892,0.659479,0.424906,0.420841,-0.536578,0.327983,-0.400459,-0.369373,0.341841,0.2403,-0.178896,-1.04768,-1.25555,0.472844,-0.38762,0.234209,0.426283,-0.37936,0.816375,0.511012,0.157595,0.749605,0.751085,0.469175,0.640748,0.0127034,0.532056,-0.388066,-0.199358,0.476919,0.893899,1
-0.344649,0.383398,0.578559,0.0569807,0.102922,-0.49758,0.241797,-0.708704,-0.590714,0.534924,-0.424643,-0.0112444,0.190361,-0.512238,0.310787,-0.803285,0.558541,0.250686,-1.74353,0.831724,0.773851,1.51125,-0.782195,-0.32437,0.605604,0.311933,0.218742,-1.0916,-0.321767,0.0753932,-1.04258,0.579904,0.578714,0.781743,1
-0.427243,-0.010593,0.414644,0.0100902,1.2138,0.0392816,-0.956001,0.295362,-0.0171642,-0.8214,0.808347,-0.0218714,-0.0802347,-0.145465,-0.55769,0.0122232,-0.0766142,-0.0976651,-0.941984,0.28294,-0.0709793,0.744485,-0.353585,-0.192701,0.246388,-0.188102,0.275631,-0.18537,0.0148629,0.501561,-0.700758,-0.196987,0.496759,0.865128,1
-0.608976,0.0826887,0.298476,-0.0243031,-0.100614,0.109189,0.0391587,-0.763122,0.555944,0.669063,0.398853,-0.651916,0.105551,-0.221411,0.425591,0.31691,0.560876,-0.0265507,-0.491913,0.245232,0.0990466,-0.683776,-0.368617,-0.334231,-0.444242,-0.17129,-0.30924,-0.578835,0.479814,0.0554247,0.582147,-0.560121,0.47418,0.785765,1
0.0514213,-0.0762889,-0.539251,0.20212,0.133284,0.0562383,0.0331193,0.415411,-0.571483,-0.35898,-0.679325,0.251639,0.818088,0.22228,0.160229,0.054604,0.861869,-0.196602,1.13567,-0.452382,-0.154569,0.0601533,-0.443478,0.353683,-0.0844531,-0.0921226,-0.629871,-0.673034,-0.0303358,0.631013,-0.0802187,-0.236608,0.473732,0.915435,1
-0.212514,0.378104,-0.343155,0.329503,0.0420673,0.0411358,-0.373832,0.767532,-0.293485,0.317722,-0.173993,-0.219183,-0.211153,-0.59868,0.321591,-0.0378638,-0.190629,0.555444,0.0777531,0.147763,0.695179,0.84062,-0.374656,-0.959594,0.521212,-0.310261,-0.441982,1.58622,-0.773113,0.0194605,-0.299578,0.16769,0.550468,0.939555,1
-0.280258,0.4146,0.0322783,-0.571747,-0.357217,0.406309,-0.635451,1.502,-0.0796242,-0.557042,-0.139721,0.628737,-0.989928,-0.172273,0.500507,-0.331414,-0.33017,-0.0803652,0.010378,-0.554295,0.146199,0.472232,-0.262893,-0.354258,0.602708,0.376923,0.159785,0.780959,0.0963947,-0.20125,0.0365295,0.573265,0.577698,0.896318,1
-0.0883258,-0.106581,0.774051,0.381394,0.661881,0.247667,-0.105509,-0.426573,0.546887,0.69181,0.193412,0.0549156,0.266834,-0.378095,-0.273804,1.09424,-0.384878,0.616067,0.48748,-0.613357,-0.0113716,0.446866,0.13819,0.395928,-0.643662,-0.632846,-0.385779,0.349158,0.581626,0.757077,1.20445,-0.24144,0.538807,0.764142,1
0.553769,0.331304,1.23795,-0.0964552,0.563191,0.629687,0.00475719,-0.0472586,-0.792022,0.0465126,0.836615,-0.449321,-0.820897,1.16454,-0.762814,-0.105093,0.508479,-0.154295,0.626505,0.680463,0.703865,0.71786,-0.0971595,0.218351,-0.649007,0.33018,0.192382,-0.606561,-0.666308,0.634496,0.389514,0.356567,0.52932,0.939551,1
-0.46838,0.0675963,-0.863124,0.720683,0.613662,-0.0833207,-0.0485082,-0.132642,1.0132,0.977631,-0.617139,-0.491899,-0.317556,-0.695362,0.772036,-0.310376,0.319795,0.287325,0.746737,-0.551704,-0.497719,0.541051,0.0144275,-0.562722,-0.841446,-0.48219,-0.405743,0.404084,-0.695423,-0.938795,0.201288,-0.502927,0.450139,0.802115,1
0.247348,0.448408,-0.394176,-0.269771,0.209415,-0.521429,0.209329,0.171989,-0.372746,0.0955101,0.327339,0.0973826,-0.0849918,-0.447893,-0.0169188,-0.545196,1.59894,-0.111739,0.61876,-0.388098,0.823504,-0.118906,0.252216,0.308646,-0.810229,-0.611633,-0.423009,-0.628219,-0.109394,-0.476111,-0.182047,-0.0222181,0.518276,0.807175,1
0.25632,0.778084,0.219771,-0.343779,-0.518546,-0.229413,0.209317,-0.957743,0.562853,0.739346,0.762598,-0.678552,-0.625413,0.0815854,-0.264739,0.713704,-0.055036,0.191974,0.862087,0.0597255,-0.0962032,-0.511311,0.573517,0.325116,-0.138726,-0.673261,0.54183,0.217241,-0.338303,-0.192024,0.0992599,0.032382,0.557143,0.861699,1
0.150314,0.282581,0.11552,0.289172,0.397585,7.95,0.240642,0.169524,0.37232,0.262682,0.362053,0.375363,0.147152,0.161017,0.25528,0.29331,0.331667,0.230543,0.232173,0.276109,0.201772,0.260179,0.105717,0.370771,0.217147,0.378143,0.199963,0.394152,0.369425,0.130392,0.204499,0.111028,0.52,0.82,1
0.108328,0.57504,-0.161462,-0.108359,-0.0470252,0.0793466,0.024034,0.520221,-0.352522,0.181453,-0.902491,0.233215,1.24663,-0.907661,-0.256747,-0.336364,-0.0779331,-0.268207,0.708237,0.25678,-0.198944,-0.0183452,-0.286422,-0.138283,-0.292305,0.596852,0.0351741,0.312207,0.417867,-0.171617,-0.528014,-0.859013,0.420168,0.909748,1
-0.0396114,0.0362095,0.691868,-0.69733,-0.176115,-0.388512,0.356769,0.302191,-0.116097,-0.744713,0.576447,-0.630755,-0.43515,-0.414478,-0.471646,-0.712793,-0.0702948,0.016713,0.053459,-0.208238,-0.732184,-0.00254714,0.45965,0.371397,0.906893,-0.127765,0.613277,-0.172729,0.249914,0.81168,-0.221566,-0.296055,0.476847,0.778888,1
0.447407,0.33934,-0.203552,0.409221,-1.11869,0.635267,-0.104261,0.472101,-0.35131,-0.480822,0.481881,0.360023,0.28635,-1.16131,0.196287,0.199606,-0.264296,0.845398,-0.214572,0.794493,1.05204,0.566363,0.508962,0.675425,-0.399541,0.0287199,-0.983252,0.203374,-0.556385,0.916902,-0.0565338,0.881319,0.496849,0.767178,1
-0.624639,-0.0487607,-0.170176,-0.605148,0.613427,-0.581368,-0.0388131,0.584022,-0.109718,0.856663,0.393641,0.711259,-0.115518,-0.0684939,-0.0885337,0.757073,-0.254644,-1.01422,-0.691371,0.00323305,0.114828,0.564088,-0.273933,0.181456,-0.731194,0.388128,0.300019,0.463306,-0.17053,0.517498,-0.0414773,-0.301985,0.513253,0.850435,1
0.27889,0.081502,-0.0809624,0.332373,-0.100353,-0.29367,0.482589,-0.55471,0.302423,-0.693935,0.643572,0.449913,-0.67776,-0.012052,-0.101035,-0.319638,-0.528839,0.0924719,0.0663365,0.198635,0.074216,0.458636,0.312944,0.320415,0.954291,0.696556,0.14674,-0.148695,-0.363592,0.853011,0.14222,1.00391,0.476071,0.795382,1
0.391168,0.149093,-0.794248,0.503551,-0.033555,0.105668,0.551235,-0.200172,0.598217,0.0630487,-0.733452,0.474727,0.798861,-0.136816,0.555778,-0.65028,0.0549519,-0.121132,-0.424168,0.781704,-0.54809,1.39582,0.587592,0.0883459,0.39597,-0.0976721,0.248867,-0.344921,-0.382785,0.400561,-0.42177,-1.16503,0.433175,0.819706,1
0.754363,-0.970632,0.421022,0.0375103,0.316328,0.483222,-0.460402,-1.08822,0.175395,0.291362,-0.160219,0.231363,0.159513,-0.0896655,-0.355046,-0.535795,-0.297532,0.471999,-0.622262,0.255122,0.648096,0.0423419,-0.172885,0.315078,0.0535609,-0.0820516,0.379051,-0.607206,0.981843,0.483109,0.241052,0.532602,0.497986,0.938592,1
-0.210583,-1.37515,1.33734,0.201431,-1.01355,-0.391454,0.154143,-0.279587,0.196742,0.436845,-0.610331,-0.0771338,-0.341173,0.0931225,0.346722,-0.00151366,0.584018,-0.132814,0.771498,-0.222037,-0.203794,0.800003,-1.11023,0.281839,-0.5669,-0.170819,-0.0679171,0.205047,-0.408802,-1.01861,-0.829674,0.412066,0.57297,0.769605,1
-0.157697,0.164102,-0.479998,0.295364,-0.307136,-0.857317,0.177263,0.488395,-0.507559,0.166912,-0.65658,0.0276845,0.191201,0.786985,0.53491,-0.535683,0.0029259,-0.258685,-0.631787,-0.599681,0.319471,0.0594881,-0.100097,-0.271291,0.0133284,-0.149387,-0.61774,0.568323,-0.340764,0.807484,0.225134,0.889258,0.570649,0.808936,1
-0.779564,2.07326,0.491267,0.468839,1.13651,1.44995,0.0690677,-0.076881,-0.173327,-0.0105208,0.260964,0.135734,-0.320379,-1.18718,-1.02773,-0.0748226,-0.0552171,-0.145697,-0.378554,-0.751438,0.339477,0.48285,-0.236667,-0.328464,-0.307658,0.222237,1.11049,-0.263482,-0.543389,-0.588702,-0.516067,0.0853922,0.46303,0.828694,1
0.778394,-0.227272,-0.0597904,-0.0683286,0.708489,-0.121468,-0.00331001,-0.0633437,-0.431989,0.078629,-1.03605,-0.328712,0.199166,-0.216036,-0.142564,-1.00171,-0.661631,0.643217,0.0585873,-1.07559,-0.919407,1.35141,-0.561327,0.68819,0.00190435,-0.529148,-0.616196,1.07304,-0.301081,0.00474805,-0.752005,-0.569681,0.482191,0.864303,1
-0.41768,0.147385,0.628533,0.633663,-0.947274,0.0561369,-0.0755378,-1.312,-0.15235,-0.0658549,0.117664,0.287962,-0.97468,0.499861,-0.288157,0.880437,-0.361895,0.377324,-0.198614,-0.127232,-0.0478513,-0.231203,-0.344325,-0.0416478,0.223352,0.218534,0.501561,-0.620112,-0.171879,0.0409228,0.810828,0.192936,0.500281,0.768301,1
0.95,0.88,-0.423879,0.288563,-0.499922,0.479113,0.45007,0.439645,-0.307044,-0.0461415,-0.111355,0.275964,0.207962,-0.00883656,0.404502,0.402124,-0.30567,-0.260691,-0.0650106,-0.0360807,0.405112,-0.12122,0.269973,0.298417,0.32236,-0.453983,-0.241118,0.461929,0.113102,-0.485502,0.429365,0.318016,0.48,0.2,0
0.384626,0.0763165,0.245585,0.175965,-0.365037,0.0761989,0.0716188,-0.838585,-0.640433,-0.77931,0.839824,-0.511487,0.266964,-0.0611073,-0.412141,0.777065,0.141594,0.367925,-0.534958,0.0280058,-0.37431,0.106883,0.316807,-0.684516,-0.251403,0.135616,0.0404505,0.0936985,0.155281,-0.438287,0.377316,0.0189579,0.4288,0.906739,1
0.712171,-0.454579,0.0654651,-0.291623,-0.631133,-0.325052,-0.885878,-0.321501,0.179045,0.145493,0.251892,-0.377459,-0.224155,0.51907,-0.220965,-0.82954,0.0880675,0.409884,-0.247948,-0.303536,1.38141,0.197183,-0.715478,0.368851,0.0471312,-0.446046,0.210588,0.0532232,0.269607,-0.128657,-0.0641858,-0.137687,0.473537,0.887455,1
-0.24275,0.989308,0.154086,-0.214343,-0.548125,-0.139981,-0.357003,0.69748,-0.200985,-0.563796,0.792465,0.250121,0.0363146,-0.019198,-0.466778,-0.577576,-1.28549,-0.789346,0.136157,0.283542,-0.811977,0.437048,-0.439845,0.260706,0.27649,0.917311,-0.850076,0.0307634,-0.620866,0.292359,0.130962,0.0521193,0.46583,0.891083,1
-0.000766322,0.0982591,-0.0161422,0.561033,-0.402858,-0.106717,-0.886627,0.527484,-0.353524,-0.579966,0.355724,0.381686,0.851974,0.168615,-0.402172,0.043137,0.0418735,0.608611,-0.483946,-0.809452,-0.310431,0.214875,0.29399,-0.632863,-0.697926,0.845803,0.736427,0.271361,1.05008,0.767972,0.404881,0.108579,0.531105,0.80746,1
0.141728,0.945393,-0.221858,-0.426793,-0.805385,0.0936537,-0.0295647,0.239008,0.274761,-0.0903049,-0.281847,0.585621,-0.0428139,-0.593704,0.0724155,-0.600373,0.0937782,0.525548,0.0857374,-0.614325,-0.372235,0.104048,0.216981,0.0126279,0.251895,0.196846,0.508543,-0.380978,0.725854,-0.833898,-0.246801,-0.41809,0.558588,0.912007,1
0.120201,0.169095,1.59092,-0.966529,-0.607379,-0.697993,0.0362132,-0.130053,0.104738,-0.392716,0.516003,-0.317189,-0.542114,0.117418,0.403331,0.847652,0.37331,0.19792,-1.166,0.0838647,-0.233914,0.379069,0.270845,-0.940554,1.40133,0.375241,-0.718976,-0.509263,-0.890763,0.118405,-0.292894,0.365296,0.532033,0.919781,1
-0.149687,-0.16406,0.239552,-0.382499,-0.532373,1.36541,0.867865,0.712656,-0.299748,0.556202,0.327657,-0.403325,-0.54067,0.42521,0.752605,0.726279,-1.11289,-0.00718881,0.315904,0.11437,-0.116382,-0.3354,-0.46805,-0.860416,-0.392344,0.259366,-0.865433,0.0564658,0.0182439,-0.206479,0.183929,-0.0388111,0.450188,0.905457,1
0.0552325,1.25102,-0.112266,-0.791717,0.352909,0.203056,-0.124888,-0.70841,0.221965,-0.301685,0.549193,-0.794635,-0.107782,-0.574145,0.805106,0.642262,0.256453,0.398458,0.6259,0.673256,0.0727333,-0.157391,0.62523,0.422735,-0.300784,0.17133,-0.386683,-0.365225,-0.260487,0.142089,-0.157738,-0.160189,0.439163,0.886918,1
0.169929,-0.149225,-0.146053,-0.738723,-0.332172,0.000288227,-0.594081,-0.0400665,0.119405,0.512511,0.701542,0.125145,0.309996,-0.232556,-0.0601329,-0.711834,-0.492305,0.152004,-0.702769,-0.517552,0.207363,0.0112882,-0.315841,0.275346,0.671463,-0.564258,0.147268,0.049276,-0.450141,0.031541,-1.25551,-0.645624,0.523782,0.891117,1
0.231157,-1.0697,0.119007,0.405772,0.35958,-0.860244,-0.212727,-0.374784,0.0318289,0.383803,-0.186135,0.541309,0.546322,0.618836,0.358665,-0.157928,0.55105,0.32697,-0.0513712,0.00542934,0.564859,-0.466137,-0.824973,-0.214314,0.422619,0.451044,0.378145,0.308085,0.0247195,-0.421606,0.93213,-0.498639,0.566148,0.879093,1
-0.712524,0.199631,-0.434211,-1.00486,0.381381,0.12402,0.060812,-0.125131,-0.603509,-0.10481,0.25913,1.01252,-0.786815,0.641149,-0.505521,-0.962024,0.020371,-0.093154,0.625695,0.560459,-0.145477,0.13182,-0.211473,-0.596497,-1.05248,0.396838,1.12182,0.134692,-0.0538589,-0.162667,0.289651,0.649437,0.502091,0.833033,1
0.742942,0.329071,-0.875723,-0.919573,-0.0645232,0.0868437,-0.445985,0.153507,-0.136939,0.564464,0.536463,0.916517,-0.711641,0.0691356,0.455606,-0.484769,0.390151,1.0034,-0.0947096,-0.350022,0.678521,0.094437,-0.218921,-0.436199,0.499293,-0.556037,-0.164558,-0.13051,-0.079341,0.358828,0.575339,-0.0299841,0.54549,0.798339,1
-0.472833,0.391681,-0.54555,-0.00435966,-0.353731,-0.192458,0.174245,0.795952,0.258,-0.401135,0.44776,-0.295742,-0.0194468,-0.759229,-0.328496,-0.735138,0.61785,0.510454,-0.0578748,0.278075,0.226771,-0.60895,0.500977,-0.00195559,0.100707,-0.363261,-0.605421,0.467312,-0.294784,-0.702239,-1.02106,-0.900794,0.523492,0.90352,1
0.429151,0.439397,0.828113,0.946776,1.17757,0.322562,0.333655,0.683237,-1.07728,-0.76272,-0.265005,0.796503,0.407158,0.330671,-0.00635902,-0.117134,-0.227008,0.271814,-0.350571,0.274605,0.213413,0.0821612,0.410761,0.666127,-0.185772,-0.902278,0.176608,0.383959,0.301636,-0.50799,-0.616041,-0.202203,0.504031,0.778901,1
-0.430998,0.319174,-0.459712,-0.0508446,1.05336,0.253616,0.443305,1.26247,0.172909,0.547312,-0.220983,0.238981,-0.52602,-1.0705,0.685525,-1.04802,-0.944957,0.725186,-0.670329,0.526785,0.489637,0.459918,0.485033,0.32413,0.725489,-0.0611834,0.14214,0.209433,-0.0672044,-0.345587,0.52734,0.195659,0.469083,0.905871,1
0.603433,0.165296,-0.296547,0.325623,0.667308,0.0856933,-0.228427,-0.436002,0.53824,-0.189755,0.0511875,0.931834,0.724908,-0.241734,-0.567211,-0.41981,-0.963882,0.536137,-0.459354,0.0714538,-0.131333,-0.036379,0.405204,-0.0295234,0.075497,0.309186,-0.00108508,0.446852,0.548523,0.188173,-1.10814,0.617016,0.480279,0.80615,1
0.382009,0.0458735,0.889568,0.471948,-0.398888,0.0825697,-0.214948,0.071279,-0.124964,0.0621278,0.61605,-1.51603,-0.444388,-0.716094,-0.400674,0.880771,-0.360675,-0.371447,0.283766,-0.210615,0.261262,0.231756,-0.0976738,-0.425824,0.563046,-0.115345,0.355458,0.383751,-0.467463,-0.305874,-0.715339,0.705306,0.470313,0.772939,1
-0.152161,-0.205382,-0.791077,0.277688,0.660341,-0.0786708,1.17896,0.528986,-0.190993,0.206949,-0.468288,1.14351,-0.781724,-0.589908,0.285932,-0.148184,0.698295,0.0546629,0.727876,-1.04246,-0.0827176,-0.236286,0.999059,0.12592,0.452748,0.486371,-0.0702983,-0.664847,-0.496192,0.499211,0.448902,0.269078,0.553582,0.945515,1
-0.63903,0.0920482,-0.633653,-0.921081,-0.504697,-0.213076,0.336181,0.918667,-0.334227,0.26141,0.0981891,-0.447015,-0.11585,-0.119755,-0.685828,-0.489666,-0.0198838,1.0661,0.674093,-0.176507,-0.0617578,0.502252,-0.420178,0.182305,0.486362,0.0329023,-0.212915,0.347408,0.505507,-0.363992,0.476141,0.182448,0.483591,0.856872,1
0.0583028,0.616586,-0.27544,0.0639376,-0.0765342,-0.298426,-0.761618,-0.272306,0.238479,-0.624822,0.442676,-0.159676,0.38209,0.779031,0.459703,-0.153048,0.168734,-0.0106733,0.0866425,-1.13447,-0.616649,0.179302,-0.522219,0.465215,-0.160196,-0.875572,0.698827,-0.343687,1.11808,0.0597354,0.428241,-0.0165402,0.49438,0.858454,1
-0.307168,-0.118374,0.147848,-0.523317,0.766668,0.585288,0.739995,-0.827953,0.481302,0.0930113,-0.119663,-0.0463188,-0.487338,0.332839,0.240546,0.140705,0.28901,-0.382562,0.488079,0.426325,0.487346,0.527156,-0.35982,-0.151533,-0.208277,-0.372611,0.298444,-0.582439,0.247061,-0.280992,-0.552484,-0.889127,0.547926,0.948775,1
-0.0978347,-0.22418,-0.00174598,0.367895,-0.200916,-0.113488,1.1443,0.59898,-0.720949,-0.251034,0.105829,-0.613315,-0.378797,0.384961,0.995843,-0.0926966,-0.1912,0.86626,-0.467895,1.23398,-0.495556,0.276046,0.254131,-0.163022,-0.195478,-0.398236,-0.445629,0.498619,-0.282613,0.601475,0.485785,1.12335,0.47932,0.774117,1
-0.446432,0.0719479,0.230018,0.532843,-0.403057,-0.784351,0.639365,-0.323702,0.125183,-0.581661,0.155123,-0.176757,-0.433912,0.536102,-0.626786,-0.309899,-0.331363,0.721136,-0.0592385,-0.0932781,-0.7143,-0.185225,-0.165439,0.323962,0.4213,-0.217668,0.144754,-0.175568,-1.28417,0.305867,0.00791628,0.0908494,0.479953,0.794269,1
-0.299842,-0.439505,0.391387,-0.795056,0.505365,1.0881,0.799344,-0.153524,-0.333241,-0.727528,0.60404,-0.563172,-0.0259742,-0.137721,-0.492348,-0.162451,-0.279537,0.432858,-0.580358,0.296336,0.119414,-0.409489,0.287524,-0.14992,-0.177008,0.135782,0.860335,-0.222701,0.281782,-0.253373,-0.39056,-0.344074,0.427123,0.949013,1
-0.582905,0.147697,0.0152006,-0.0848462,0.650976,-0.54361,0.0997222,0.406058,0.0745206,-0.484112,-0.932922,1.18353,0.637732,-0.488551,0.178257,-0.561736,-0.042695,-0.686323,-0.193726,0.0658991,-1.00114,-1.02499,-0.310819,-0.277346,-0.215464,0.18877,-0.0928765,-0.167152,-0.442709,0.10025,1.32151,0.100286,0.511581,0.878442,1
-0.288848,-0.625647,-0.337156,-1.70674,0.189835,0.356811,-0.175669,-0.2216,-0.0806046,-0.190475,-0.562994,1.73632,0.155332,-0.366973,-0.121601,0.254655,0.0979079,-0.591021,0.314588,0.308996,0.00454228,-0.692323,0.479324,0.676313,-0.519474,1.00232,-1.1059,0.446094,0.0632474,0.10827,-0.0521798,-0.847118,0.43973,0.900885,1
-0.518438,-0.0971824,0.049529,-0.417988,-0.469678,0.49689,-0.151605,0.024519,0.519928,0.346313,0.282813,-0.324213,0.0770335,-0.466767,0.418834,-0.225973,-0.0691166,0.840652,-0.458405,-0.0940593,-0.0934663,-0.389175,-0.0884422,-0.458745,-0.4135,0.752209,-0.0213432,-0.476266,0.0790511,-0.436899,0.560634,-0.586062,0.549353,0.82902,1
-0.708123,-0.0417049,0.0189414,0.0558988,-0.333452,0.120983,0.320192,-0.873037,-0.0424461,0.578492,-0.396431,-0.271709,-1.28289,0.0552402,-0.848813,0.552393,0.0847367,0.414861,0.504707,-0.193745,0.42338,-0.0152813,-0.584779,0.315652,0.863608,1.00058,-0.285405,0.0893841,-0.896658,-0.70549,-0.653246,-0.420775,0.438753,0.784349,1
0.741951,-0.672172,-1.62688,0.393447,-0.342786,-0.143808,-0.340594,-0.18411,-0.72086,0.641545,0.477617,0.533351,-0.139962,-0.235042,0.562921,-0.359259,0.439922,0.03582,-0.191533,-0.184265,0.601172,0.0233454,-0.4202,-1.1205,-0.213007,0.164725,0.86021,-0.179666,0.845925,0.430041,-0.0711373,0.176169,0.434035,0.906832,1
-0.180413,-0.301007,-0.364355,-0.440161,0.532069,0.319678,0.27293,0.0831156,-0.182048,-0.430694,-0.00264526,0.0359243,0.0729488,-0.68789,0.540828,-0.647687,-0.541785,0.275184,-0.113903,-0.703166,0.338859,-0.0507438,0.241527,-0.515796,0.162386,-0.941196,1.03939,0.0156012,0.104564,-0.0322564,-0.205819,0.622405,0.54243,0.872445,1
0.340567,-0.183326,0.795799,-0.208012,0.03944,0.0319625,0.36905,-0.277424,1.09033,-0.187591,-0.560636,0.000133977,-0.550545,-0.579527,-1.11026,-0.458747,-0.427526,-0.218274,-0.289766,0.444384,-0.438475,-0.319981,-0.217593,0.4843,-0.479903,0.593978,0.837178,-0.294593,0.825399,-0.0153266,-1.03257,-0.164027,0.509053,0.847667,1
-1.08427,0.0478371,-0.124006,-0.143843,0.378582,0.546703,0.702701,-0.389158,-0.0535487,0.0421697,-0.145556,-0.28674,0.443913,0.124524,0.00682798,0.578933,-0.310861,-0.210384,-0.808611,0.0446382,0.126316,-0.348386,-0.519372,-0.900166,0.457704,0.0894384,-0.604712,0.262458,-0.0826121,-0.208877,-0.379897,-0.0397394,0.429778,0.762319,1
0.266209,-0.313514,-0.522983,-0.512184,0.424286,0.0475314,-0.845992,0.280367,0.18227,-0.372079,-0.701326,-0.00169499,0.333931,-0.318799,0.0995859,-0.827903,0.739378,0.646605,0.276264,-0.592241,0.19952,0.266267,0.382756,-0.433911,0.156193,-0.330148,0.512088,0.230061,0.331252,0.0363226,-0.224553,-0.198866,0.541499,0.770611,1
-0.12246,0.52228,0.270338,-0.802428,0.246882,0.205177,0.0548058,0.0193211,-0.294328,0.820158,-0.787123,0.34926,0.73415,-0.462586,0.0388149,0.072994,-0.305469,-0.425173,-0.191591,-0.85948,-0.761674,0.570767,1.45578,0.387246,0.393655,0.387686,0.618393,0.0708312,-0.0779954,0.538327,-0.262995,0.215167,0.575082,0.786858,1
-0.612573,0.59242,0.576683,-0.516229,0.48913,-0.0963142,-0.00962944,0.43665,-0.0606424,0.0960369,0.0938738,0.0955936,-0.463729,-0.387622,0.525164,-0.55266,0.727992,-0.526056,-0.0456005,-0.362716,0.885213,0.0552298,-0.701547,-0.723459,0.717648,-0.562963,0.384134,-0.00852268,0.405702,-0.18136,-0.105448,0.152933,0.493988,0.919202,1
-0.403744,-0.147879,-0.976845,-0.240085,0.305103,-0.549284,0.493335,0.692853,-0.0103759,-0.820226,-0.890439,-1.17119,-0.843427,0.0965086,-0.417799,-0.227595,0.318751,-0.161141,-0.23035,-0.669997,-0.316215,-0.56294,-0.112969,0.230035,-0.923363,0.0993072,0.313556,-0.593024,0.244203,0.73267,-0.0401125,0.312803,0.56112,0.803908,1
0.0781297,0.782936,0.323528,-0.811633,-0.00461205,-0.446181,0.909487,0.94192,0.243657,0.247602,0.279926,-0.383603,0.280371,-0.072447,-0.63249,-0.00434956,-0.294887,0.672343,-0.213623,0.0481868,0.869216,0.340232,-0.700826,0.784581,-0.0795129,1.53435,0.239242,-0.919485,0.173746,-0.836856,0.359436,0.56431,0.428594,0.908136,1
0.702051,0.570227,-0.00209359,-0.039136,0.688607,-0.793742,-0.270584,0.123948,0.457707,0.271459,-0.0595051,0.0805096,-0.0289688,-0.0821129,0.771649,0.893497,-0.624249,-0.202622,0.0434916,0.129831,-0.0675613,-0.198276,-0.167394,0.0056813,-0.314877,-0.273436,0.64708,-0.461474,-0.25429,0.891089,-0.0342859,0.321662,0.552863,0.925914,1
0.00857121,-0.738403,-0.691988,0.0527464,-1.41923,0.74369,0.617858,-0.413715,0.00532114,-0.0477358,-0.519063,-0.429423,-0.0185273,-0.457891,0.329219,-0.59277,0.757559,-0.95751,-0.0858973,-1.00535,-0.24499,-0.212658,0.21597,-0.652093,-0.67317,0.442792,-0.0856845,0.0920306,0.740412,-0.717831,-0.63345,-0.431643,0.505622,0.919365,1
-0.0579582,0.588141,-0.25572,-0.211486,0.248259,-1.00618,0.0619846,-1.25493,-0.0592111,0.207063,0.0550717,-1.15292,0.114261,0.257095,-0.613357,-0.160475,0.0210183,0.287686,-0.313718,-0.394239,0.587347,1.15986,0.16608,-0.739554,0.281543,0.118006,-0.400583,-0.420608,0.295912,0.0878192,-0.638123,-0.493651,0.464555,0.929895,1
0.494804,0.497141,-0.0119009,0.549537,-0.444556,0.129756,-0.0481474,0.931104,-0.425741,-0.0669319,0.524516,-0.345334,-1.25239,0.976988,-0.408696,0.110918,-0.188983,0.328695,0.381166,0.58369,-0.0640576,0.225396,-0.143245,0.152574,1.34312,-0.622366,0.959474,0.128316,-0.68454,0.0197959,-0.607409,-0.0506201,0.568503,0.829797,1
-0.338865,-0.495712,0.125569,0.369358,-0.487894,-0.308356,0.624744,1.00005,-0.314749,-0.343274,0.568623,0.313872,-0.219554,-0.817329,-0.282363,-0.441568,0.0904514,0.153275,-0.096531,-0.293839,1.03241,-0.587216,0.563632,0.0145867,0.117288,0.254732,1.35456,-1.28096,0.0830611,-0.618005,0.282232,0.169254,0.458788,0.819508,1
-1.03669,0.0682342,0.0321099,0.607947,0.108407,1.03075,0.424902,-0.227894,-0.545962,-0.640439,-0.415469,0.836813,0.702694,-0.22149,0.188423,-0.056739,0.438927,0.226721,0.520691,0.687586,-0.411151,-1.11525,0.128266,0.26585,-0.293528,-0.185507,0.382983,0.233809,-0.0660052,1.43212,0.215467,0.754558,0.451231,0.871852,1
0.412176,0.468142,-0.0888158,0.0705323,0.17885,-0.0713661,-0.00212602,0.457352,-0.00317622,0.556679,-0.1037,-0.242848,-0.45243,0.557141,0.713065,-0.536002,0.162643,-0.242226,-0.179206,-0.121418,-0.0766892,-0.662932,0.141494,0.548982,-0.293679,-0.37595,-0.26138,-0.0452434,-0.700231,0.0708896,-0.748101,-0.44661,0.536465,0.792869,1
0.95,0.88,-0.173635,0.294854,-0.25559,0.0289497,0.00706882,-0.112548,0.183633,-0.298493,-0.403292,0.161214,-0.377903,0.101096,0.424918,-0.430899,-0.101839,-0.15764,-0.239655,0.112339,-0.401943,0.232238,-0.208907,0.112876,-0.145663,-0.143416,-0.053096,-0.489107,0.219044,-0.208222,-0.104394,-0.142874,0.48,0.2,0
-0.299229,0.389719,-0.253392,0.325428,0.956132,0.252981,0.125991,-0.145247,0.273228,-0.675169,-0.33878,-0.262313,-0.133489,0.309289,0.282438,0.367317,-0.204119,-0.554566,1.04706,0.938601,0.876501,-0.159961,0.729346,-0.684447,0.976327,-0.743661,0.141697,0.241818,-0.36745,0.591507,0.340418,0.248539,0.477356,0.941552,1
0.483246,-0.028566,-0.45095,0.0473079,-0.891854,-0.571213,0.427589,0.422948,-0.685579,-1.08507,-0.392595,0.0313784,0.618699,-0.502411,-0.137225,-0.833763,0.114198,0.493378,0.61736,0.872761,0.133415,-0.665051,1.04483,-0.604752,0.479314,-0.442483,0.878886,-0.467346,0.689158,1.04813,0.159606,-0.374196,0.564628,0.910932,1
0.0216603,-0.520572,0.494401,-0.467468,-0.146551,0.0466302,0.452392,0.31565,0.498746,-0.676215,-0.757838,0.326502,-0.364437,-0.150096,0.229685,0.0222897,-0.0294953,0.667004,0.0436185,-0.14979,-0.785511,-0.439567,-0.0532875,0.122048,0.410487,-0.394344,0.0449441,-0.02021,0.392582,0.964701,-0.155562,0.163895,0.420066,0.930492,1
0.325406,0.293931,-0.465394,-0.0899638,0.0602897,0.617674,-0.586415,-0.284443,0.202187,0.887792,0.194668,-1.11956,0.367871,-0.401292,-0.189149,0.97296,-0.315263,0.157987,0.720856,0.146556,0.237614,1.14745,-0.311439,-0.570492,0.279015,-1.67252,0.222717,-0.561939,-0.735169,-0.414493,0.759291,-0.0412044,0.521979,0.841717,1
0.647067,-0.592305,0.299132,-0.670464,0.110833,-0.802493,-0.14882,-0.423478,-0.00606293,0.0607065,0.117711,0.207032,0.0874955,-0.301959,0.306549,0.241282,-0.0359863,0.168516,0.238254,0.425924,-0.0726746,-0.342026,-0.29591,1.23272,0.0279706,0.560212,-0.304557,-0.638548,0.762153,-0.321253,0.458198,-0.0780113,0.549546,0.831834,1
-0.205846,-0.0842337,1.09155,-0.758658,0.302155,0.227678,0.612266,0.472585,-0.679538,1.26998,-0.152289,-0.59786,0.958962,0.111517,0.34545,-0.373573,1.14489,0.801979,0.192093,0.113145,0.0561871,-0.293583,-0.0583302,-0.177518,-0.607075,-0.713625,-0.141261,-0.539125,-0.270942,0.166307,0.507202,-0.356581,0.483651,0.838347,1
-0.0709212,0.456289,0.375332,-0.248796,0.866607,-1.22699,-0.535123,0.575784,-0.243875,-0.169159,0.288514,-0.214168,-0.276979,0.363732,0.299859,-0.0294665,1.42378,-0.868492,-0.154212,-0.720136,0.103825,-0.156461,-0.349674,0.132213,0.371707,-0.382052,0.00061658,0.832784,-0.0785464,0.807275,0.542205,-0.531785,0.502731,0.846792,1
-0.338342,-0.0240195,-0.018056,-0.479311,-0.0663745,-0.568739,-0.765415,0.411382,0.122749,0.425452,-0.289483,-0.021577,0.0761369,0.544376,0.711619,0.607054,-0.253763,0.275829,0.838678,0.466777,-0.405386,-0.0817144,-0.0220882,0.00185116,0.390926,0.714466,-0.526265,0.170619,-0.133603,-0.332236,0.406835,0.23767,0.557844,0.921897,1
-0.216114,-0.874257,0.839399,0.102028,0.479505,0.513197,0.54605,0.0983726,-0.143057,0.00651181,0.224095,0.22818,0.097476,0.641647,0.298208,-0.0588156,-0.285146,0.104131,0.381616,-0.0595785,-0.38156,-0.917439,-0.124139,0.0360868,0.2468,0.372756,0.176363,-0.706942,-0.232216,0.0191822,0.575164,-0.403438,0.57127,0.948513,1
0.602871,-0.30556,-0.0508469,1.21683,0.491293,-0.441768,-0.8305,0.302025,-0.023678,-0.0699677,-0.398462,-0.0565679,-0.324106,0.242436,0.471707,-0.0670134,-0.138125,-0.479346,-0.0200852,0.423571,0.193661,0.513573,-0.430686,-0.174322,-0.0609678,-0.0405617,-0.376522,0.426103,0.461695,1.02568,-0.846606,0.0183922,0.484648,0.901652,1
0.0688124,-0.68,0.122336,-0.442376,-0.567187,-0.342439,-0.508656,-0.287204,0.743186,-0.331574,-0.618978,0.419768,0.152009,0.500838,0.0941076,0.179054,0.304779,0.341776,0.242686,-0.773609,-0.540785,-0.250442,0.235822,-0.327527,0.349504,-0.0770023,0.679914,-0.997454,-0.909128,-0.510547,0.258341,-0.00451907,0.447851,0.84146,1
-0.516413,-0.147643,0.324974,0.841864,0.535017,-0.677763,-0.028914,-0.743909,-0.328532,0.0511409,0.466588,-0.0874249,0.565471,-0.054305,-0.371426,-0.725441,0.0360301,0.188744,-0.77806,-0.575819,-0.64939,0.0733033,0.388875,-1.17418,0.616025,0.400514,0.0740669,-0.313936,0.526959,0.029055,-0.388397,-0.515008,0.444151,0.925611,1
0.0990166,0.682775,-0.325393,-1.38583,-0.107418,-0.0661412,0.364582,0.65712,0.5666,-0.446723,-0.261937,0.960906,-0.320391,-0.231494,-0.502337,-0.0953004,-0.14547,0.23419,-0.522336,-0.50738,-0.870374,-0.481748,0.501163,-0.458059,0.505701,-0.926059,-0.0059738,-0.537486,0.759213,-0.762442,0.173118,0.966895,0.497434,0.873979,1
-0.352493,-0.198849,-0.607254,0.154866,-0.0881584,-0.659863,0.437772,-0.121378,-0.600115,0.536427,-0.395704,-0.114327,-0.776117,-0.162923,-0.557201,0.284534,-0.273354,0.106377,-0.629021,-0.991883,0.204999,-0.722068,-0.616629,-0.557924,0.267417,-0.91322,-0.8245,0.540298,-0.289483,0.377555,0.22714,-0.554953,0.476246,0.931407,1
-0.522431,-0.459538,0.766763,-0.439657,-0.290966,0.598193,0.16118,-0.135019,0.926232,0.432614,-0.621846,-0.61711,-0.924677,0.081189,-0.749188,-0.468139,-0.354045,0.534277,-0.0866082,0.0793697,0.262379,0.400961,-0.347903,-0.613106,-0.241552,0.558447,-0.114087,0.350511,-0.497089,-0.292866,0.564415,0.99015,0.531394,0.789656,1
-0.218054,0.110381,-0.719559,0.171628,-0.0516975,0.551836,-0.19474,-0.66322,-0.550143,-0.0716859,-1.32256,-0.355889,-0.122621,0.326131,0.182122,0.146791,0.00405471,-1.40075,-0.198807,-0.268054,0.790923,-0.468184,0.887899,-0.332473,-0.577056,0.278368,0.260344,0.141911,-0.319469,0.290418,0.560342,0.0221903,0.558844,0.877,1
-0.139523,-0.422574,-0.000820165,0.299197,-0.147064,0.385425,0.531034,0.901484,0.176396,0.693063,-0.726308,0.206056,-0.334856,-0.274114,-0.16318,0.184232,0.102952,-0.183959,-0.414326,0.220184,0.441331,0.0980455,-0.483806,-0.129478,-0.00657575,-0.158903,1.25147,-0.516501,0.361866,0.216685,0.201949,-0.186448,0.507131,0.847146,1
0.174197,-0.218433,0.623897,-0.576161,0.674071,-1.55587,0.884785,-0.193794,0.751354,0.614563,-0.575991,-0.894284,0.214506,-0.0228399,0.791902,1.33836,-0.435825,1.02519,-0.0417421,-0.301043,-0.395514,-0.548278,-0.0110009,-0.314595,0.132408,-0.513126,0.711071,0.0537655,-0.142705,-0.45903,-0.465805,-0.416128,0.435794,0.77451,1
-0.00320079,-0.498488,-0.997638,-0.133381,-0.399172,0.273905,0.075834,0.32292,0.149111,0.316636,0.696885,-0.891103,-0.215856,0.276398,-0.046238,-0.401507,-0.40529,0.00865632,0.243863,0.687466,0.0336782,-0.00414639,0.40477,0.322352,0.0315866,0.208896,-0.50971,0.490891,-0.134049,0.367686,0.799187,0.359206,0.487122,0.78355,1
0.209243,0.269455,-0.564184,0.243738,0.148562,0.111149,0.37871,1.11459,-0.843882,-0.0864205,-0.636025,0.450623,-0.6746,-0.0768042,-0.0256932,-0.405174,0.133237,0.0752923,0.766795,-0.12073,0.448067,0.75128,0.368757,0.131578,-0.150727,0.930203,0.455749,0.128465,0.214967,-0.951944,-0.159325,0.156658,0.429453,0.932155,1
-0.564603,-0.814356,0.411964,0.691332,0.899988,0.114457,0.486767,-0.435077,-0.500469,-0.176126,-0.256633,0.779645,-0.0675888,-0.342226,0.788111,-0.369369,0.81056,-0.0387831,-0.489851,0.182028,0.0502819,0.561646,0.221558,-0.66677,0.781159,0.397737,-0.158619,-0.379539,0.391291,-0.594663,-0.532837,-0.108994,0.55587,0.86997,1
0.508837,0.280527,0.0779064,0.294127,-0.322116,-0.117806,-0.167049,0.438427,0.875811,0.394711,-0.872369,-0.0130455,0.828531,0.725254,-0.489818,0.131148,-0.0407081,0.411641,-0.538917,0.901487,0.0770085,-0.0283119,-0.131586,-0.463929,-0.273627,0.330272,-0.124406,0.118612,0.57247,-0.17578,0.0842077,0.198709,0.45943,0.823427,1
0.0955989,-0.00848283,-0.345891,0.418817,0.172851,-0.426203,0.238522,-0.453123,-0.436803,-1.13741,0.234618,0.200987,-0.141113,0.573958,-0.431663,0.463175,0.287052,0.18629,0.135377,-0.706131,0.730585,0.130652,0.0495508,0.353056,0.394836,-0.486838,0.358212,0.451698,0.0612181,-0.0993431,0.166052,0.195676,0.432575,0.78831,1
0.24888,0.0645757,-0.628756,0.573214,0.867864,0.0964618,-0.538957,0.00528336,-0.164725,0.463771,-0.355857,0.260806,-0.301782,0.617166,-0.711381,-0.789501,-0.413984,-0.475921,-0.118694,0.015869,0.333094,0.410478,0.431658,0.158257,-0.182594,0.290464,0.326804,-0.197269,-0.281564,-0.454165,-0.356201,0.416395,0.554265,0.858272,1
-0.0147343,0.494749,-0.371306,-0.149876,0.228927,-0.788886,-0.777708,-0.738387,-0.201643,0.399835,-0.393406,-0.122514,0.913701,0.113858,0.757697,-0.494565,0.253754,0.0706816,-0.0965773,0.0756588,-1.05784,0.415193,0.98444,0.0984665,-1.07518,0.110404,-0.215558,0.0414155,-0.840166,0.562459,0.386585,0.33774,0.467162,0.838438,1
0.122702,0.129738,0.328068,0.881406,0.433427,-0.340409,0.444453,-0.290954,0.0939519,0.411709,-0.0569542,0.0692497,-0.740687,0.247159,1.53181,-0.830686,0.67933,1.27895,-0.626041,0.00986879,0.0881286,-0.842544,0.0431435,0.843885,-0.172064,-0.543989,-0.107678,-0.0398768,0.283701,0.461953,0.0682228,-0.133333,0.502158,0.924689,1
1.0049,0.0538021,0.10767,-0.557058,-0.903353,0.199501,0.431939,-0.622715,-0.0716706,0.334108,0.481398,-0.102026,-0.28596,-0.291688,-0.224893,-0.508301,-0.334097,0.296697,0.547789,0.278752,-0.0441498,0.234438,-0.820712,0.149175,-0.196629,0.807099,-0.478953,0.758623,0.565641,0.161007,0.202581,-1.01367,0.499153,0.863538,1
0.104152,0.428529,0.127762,-0.278305,-1.01581,-0.516925,0.224357,-0.20285,-0.687963,0.108064,0.0033885,0.863398,0.780034,-0.0503395,0.788349,0.528581,-0.237144,0.265754,-0.265741,-0.0405116,-1.03795,0.307562,0.0922578,0.26473,-0.677785,0.0336959,0.877942,0.0619876,-0.316883,0.58176,0.338911,0.014298,0.45632,0.812961,1
0.055464,0.579882,-0.361466,0.985044,0.692427,0.27744,-0.0714499,-0.54697,0.257682,1.08517,0.413238,0.511905,-0.857183,0.414619,0.7652,-0.816703,-0.378689,0.0543777,-0.661118,0.211299,0.074668,0.336561,0.508532,0.829934,0.70563,-0.237112,-0.723478,0.135451,-0.789142,0.348849,-1.00525,0.494177,0.464419,0.764335,1
0.406642,-0.0365262,-0.184939,-0.634959,-0.0458258,-0.682277,-0.521069,0.653792,-0.440959,0.375794,-0.219622,-0.63958,0.251685,0.937749,0.450073,0.251461,-0.849143,0.0209126,-0.236648,0.149837,-0.581088,-0.68062,0.0783221,-0.130706,-0.349823,-0.180122,0.355753,-0.972674,-0.209493,-0.247791,-0.335481,0.240985,0.466016,0.894785,1
0.303734,0.20687,0.00696462,0.603174,0.459823,-0.525155,1.51481,-0.117355,-0.420311,0.10094,0.586402,0.862181,0.128584,-0.665398,0.444892,0.341053,0.172938,0.407411,-0.788235,0.500559,0.16661,1.104,0.303711,-0.178958,0.0189699,0.351798,-0.0881882,0.49809,-0.294651,-0.257342,0.303277,-0.635517,0.466644,0.846103,1
0.0919728,-0.675215,0.0618828,0.178565,0.369038,-0.499695,0.73064,-0.179949,-0.501522,-0.183119,0.274403,0.141586,-0.801107,0.691948,-0.434084,-0.238952,0.210493,-0.918049,0.0835147,0.202257,-0.269202,0.575083,0.0951847,0.762524,-0.573193,-0.11209,-0.183151,-0.119589,-0.338912,-0.481402,0.178903,-0.219905,0.569136,0.876633,1
-0.440049,0.32942,0.518876,0.582604,0.439687,0.0646719,-1.05133,0.179359,-0.3112,-0.346804,-0.675274,-0.668197,0.0675857,0.996643,-0.352031,-0.0767151,0.029217,-0.0621347,-0.629025,-0.212775,-0.369005,0.465592,-0.446578,-0.495227,0.516545,-0.895732,0.0727945,-0.0503894,0.730678,0.373228,0.511378,0.280221,0.521925,0.933104,1
0.156775,0.863344,0.245161,-0.249534,-0.388021,-0.519905,0.39267,1.01884,-0.277501,-0.16208,0.152407,0.403226,0.266568,-0.107069,0.465467,0.214056,0.0908001,-0.0333067,0.251668,-0.255328,-0.174255,-0.133316,-0.50027,-0.0651876,0.495594,-0.242689,0.222498,0.7296,0.282083,0.534116,0.151718,0.272509,0.448209,0.825098,1
0.410509,-0.362174,-0.781674,-0.434144,0.564869,-0.39142,0.0520233,0.253456,0.265402,0.193641,0.598228,0.402155,0.0930976,-0.337115,0.476853,0.0541296,0.738682,-0.610473,0.24649,-0.0507397,0.903077,-0.328321,0.420388,0.597272,0.349674,0.860831,0.2269,-0.0749549,0.206273,0.138143,-0.1577,0.397598,0.559915,0.763756,1
0.72854,0.0782996,-0.469788,-0.819504,0.00101965,-0.72705,0.896489,0.796092,-0.059964,0.464294,-0.0169991,-0.450135,-0.123207,-0.194404,-0.335814,0.929649,0.0838977,0.498402,0.288565,-1.07405,0.219064,0.738183,-0.363766,-0.329056,0.172956,0.311536,0.0423422,0.55066,-0.0139138,0.206555,0.653222,-0.572576,0.486445,0.893397,1
-1.54071,-0.331305,0.492408,-0.470772,0.208869,0.18677,0.256822,-0.0461118,-0.537546,-0.822197,-0.00216525,-0.158228,-0.28089,-0.888183,-0.304055,0.260163,0.339182,0.508446,1.07996,-0.118832,-0.726913,-0.704403,0.335405,0.37879,0.285128,0.349503,0.854746,0.704812,0.579028,-0.205878,-0.238555,-0.106649,0.460725,0.883559,1
0.111131,0.215885,-0.125441,0.489787,-0.249689,-0.471408,0.00646696,0.156375,-0.218553,0.253294,0.826667,-0.184297,0.0581741,0.408671,-0.767596,0.0286299,0.0228406,-0.187321,-0.290792,0.637631,0.115984,0.127089,0.952352,-0.170472,0.459263,-0.734754,0.194811,0.356336,-0.0581985,0.444102,-0.893261,0.447986,0.450853,0.941721,1
-0.958029,-0.148063,-0.370005,-0.272766,0.708627,0.158353,-0.625374,-0.682192,0.322907,0.203125,-0.738523,0.0382937,-0.36831,-0.15908,-0.331226,0.847439,-0.153773,-0.350859,-0.370753,-0.393367,-0.239216,-1.11428,-0.402211,-0.782996,-0.329471,0.872468,0.80943,-1.15335,0.336383,0.260205,-0.0389155,0.680878,0.570982,0.864156,1
-0.0491603,0.247037,0.0931134,0.256532,-1.09132,0.25912,0.530466,0.100285,0.220417,-0.267864,-0.66781,0.152219,0.170913,-0.176267,0.449929,0.0273773,0.229402,0.206037,-0.106567,0.439001,0.114965,0.335843,0.75605,0.244851,0.125174,0.558004,-0.505868,-1.69312,-0.238282,-0.502569,-0.725755,0.0801267,0.437231,0.874904,1
0.117973,0.360402,0.313897,0.218112,0.242632,7.95,0.264996,0.295063,0.114776,0.295658,0.399766,0.127737,0.248354,0.399577,0.161832,0.192574,0.319164,0.241666,0.317339,0.324733,0.250267,0.361814,0.205784,0.268135,0.188745,0.109283,0.183472,0.254345,0.108308,0.229815,0.196946,0.350417,0.52,0.82,1
0.0216792,0.435767,-0.337018,-0.0767315,-0.290258,-0.273106,0.342167,0.583424,-0.521626,-0.286782,-0.151137,-0.367418,0.242132,0.790689,0.276821,0.13704,-0.373735,0.16866,0.640007,0.260532,-0.851277,-0.103327,-0.746001,-1.03779,-0.263361,-0.516357,0.384752,0.1896,-0.212648,0.338078,-0.459604,-0.126106,0.439845,0.933367,1
-0.745327,1.03406,0.573108,0.0844643,-0.0436885,1.05461,-0.0875605,0.426395,0.0348311,0.567477,-0.38374,0.135052,-0.369966,-0.144288,-0.137994,0.718512,0.117425,0.536415,0.13632,1.14488,-0.525286,-0.174799,0.468579,0.725794,0.62804,0.130367,-0.681826,-0.103253,-0.184431,-0.580614,-0.610511,-0.261901,0.551573,0.815438,1
0.628713,-0.562619,0.0628784,0.634871,-1.09204,0.303544,-0.512979,-0.398994,-0.169522,-0.098717,0.713212,-0.749039,0.0992941,-0.222523,0.132299,-0.607982,0.0842711,-0.183579,0.0999242,0.220486,1.49511,-0.629021,-0.778196,-0.313126,-0.690012,-1.05279,0.578737,0.0477883,-0.317199,0.227629,0.386532,0.632184,0.532082,0.912817,1
0.451356,-0.30123,0.480202,-0.753347,-0.178446,0.0298415,0.116902,-0.0116234,-0.138436,-0.209834,0.36836,-0.124702,0.0320004,0.650536,-0.24103,0.163369,0.906718,-0.0776263,-0.847188,0.518205,-0.0215988,-0.402587,0.181461,-0.945228,0.348724,0.364003,-0.345584,-0.910754,-0.259436,0.901163,-0.407761,0.25976,0.535948,0.788065,1
-0.347438,0.988046,-0.5399,-0.0255563,-0.200849,0.468729,0.0915632,-0.347565,-0.184863,0.48023,0.713288,-0.0880911,-0.0488785,0.172446,-0.695854,0.926702,-0.95864,-0.694327,0.773774,0.798356,0.132348,0.513599,0.577609,-0.362991,-0.304632,0.406168,0.902937,-0.613884,0.576375,-0.353275,1.04331,0.105021,0.433979,0.798046,1
0.0260149,0.607362,0.0828778,-0.316064,1.28219,0.499924,0.131403,-0.298234,-0.192796,1.55077,0.32496,0.25387,0.174653,-0.411425,-0.282544,-0.0790536,-0.744256,0.479598,-0.180074,0.0347625,0.168086,-0.852978,0.207603,0.0986902,-0.357838,0.325847,-0.682397,0.0172349,-0.0566733,0.184053,-1.40219,0.598937,0.511951,0.771961,1
-0.196961,-0.563129,0.0947101,0.0701646,-0.185073,0.048774,0.636372,-0.137805,0.413634,-0.595233,0.356035,-0.682521,-0.249746,-0.0579485,-0.561784,0.532823,-0.243429,0.284722,-0.19038,-0.746763,-0.450757,0.45247,-0.296916,-0.721659,0.825445,0.12778,0.376288,-0.364313,0.0756064,-0.249951,0.121114,0.598567,0.422101,0.831474,1
-0.214031,0.59712,0.258978,0.0420303,0.87956,-0.201268,0.0649502,0.22191,-0.0612577,-0.567767,0.715375,0.122496,-0.503241,-1.24216,0.729366,0.358424,0.841878,-0.0600129,-0.221265,-0.336061,-0.481509,0.848236,-0.817778,-0.646378,-0.0831182,0.318472,0.558982,1.08513,0.837157,0.105015,0.432864,-0.281528,0.452992,0.761522,1
-0.197224,-0.443511,-0.121358,0.718291,-0.172412,-0.71856,0.547305,-0.325263,-0.804935,-0.630177,-0.626878,0.138215,-0.882141,-0.0891538,0.0431252,-0.805769,-0.265646,0.513154,0.344157,-1.50624,-0.815359,0.0185188,-0.18844,-0.0414054,-0.362127,-0.284889,0.146893,0.267811,-1.28103,0.667109,-0.0781279,-0.00365572,0.546953,0.788949,1
0.550144,0.521203,0.459227,-0.395144,1.13119,0.377076,0.394671,0.391032,0.331975,-0.0751956,-0.563919,0.788213,0.233094,-0.708624,-0.0573267,-0.211151,0.412209,-0.440242,0.829161,-0.272813,0.203696,0.19049,0.16164,-0.132092,0.0791251,-0.162952,-0.751781,-0.11304,0.262391,0.394374,-0.516589,0.36523,0.52334,0.796296,1
-0.467946,-0.251218,0.143912,-0.359947,-0.0985899,0.41255,-0.108975,-0.608204,-0.130268,0.344619,0.206345,1.06856,0.725228,0.280357,-0.528122,-0.609136,0.8818,0.38794,0.457243,0.20912,0.238256,0.344115,-0.145298,0.0161607,-0.00642678,-1.25321,0.206991,0.957783,-0.269521,0.25275,-0.467037,0.177828,0.445461,0.896246,1
-0.167086,0.019175,-0.500316,0.660876,0.422388,0.82885,0.342966,-0.263254,0.222328,0.588385,0.390451,0.574885,-0.583038,0.0645843,-0.384734,0.274369,0.39937,0.950075,-0.311288,0.748655,0.227859,0.537354,-1.04319,1.07797,-0.727891,-0.0952193,-0.453132,0.933613,0.841131,0.202671,0.795238,-0.0141166,0.475178,0.828899,1
-0.498795,0.0742734,0.654068,-0.149794,-0.290873,0.145318,0.506668,1.13804,0.131915,0.441972,0.772069,0.342448,-0.00528445,0.172909,0.163122,-0.407165,0.207489,0.146214,-0.489598,0.317685,-0.891026,-0.243258,-0.433163,0.263751,0.392417,0.0232144,0.144563,-0.799373,-0.242729,-0.289302,-0.13332,-0.105581,0.42865,0.779092,1
0.63787,0.317759,-0.0304435,0.378834,-0.71172,0.257355,0.00240078,1.05564,-0.304758,-0.169268,0.012868,-0.437014,0.507929,-0.587425,0.0463958,-0.435388,0.878986,-0.648625,0.0410665,-0.454181,0.832566,0.0173806,-0.505829,0.143554,0.468187,0.308555,-0.443012,0.0520796,0.00196415,0.0444844,-0.000190287,-0.643777,0.572066,0.94838,1
-0.433763,1.80875,0.340992,-0.129694,0.040662,0.160383,0.367387,0.601244,-0.806887,-0.367073,-0.408109,0.377877,-0.658216,-0.199957,-0.195689,0.13631,0.147928,-0.463411,-0.0776749,0.0818433,-0.582173,0.570734,-1.02278,-0.32832,-0.00674509,0.541245,0.163941,0.322247,-0.2416,0.653154,-0.57492,-0.0404668,0.45504,0.792493,1
-0.0193459,-0.0364267,1.25131,0.469597,0.215353,-0.907686,1.03312,0.285372,0.413145,0.825629,0.708467,-0.294531,0.217594,0.360401,0.281095,0.551025,0.0212128,-0.16712,-0.893394,0.181928,-0.0294162,-0.664827,0.187748,-0.0519614,-0.626599,-0.438468,-0.223952,0.809173,-0.280965,-0.0947926,0.283865,0.356518,0.486941,0.910925,1
0.471106,-1.08865,0.623542,0.493135,-0.383111,0.670494,0.212961,0.693085,-0.142295,0.0159665,-1.0167,0.474086,0.135307,-1.14423,0.388488,0.170268,-1.02706,-0.489045,-0.304941,0.931352,-0.254844,0.824711,-0.329274,0.155256,-0.0982536,-0.382709,0.668325,-0.924979,0.19136,-0.428364,-0.169568,-0.709816,0.440242,0.771624,1
-0.350029,0.157192,-0.515792,-0.395865,-0.358149,-0.0208951,-0.22167,-1.27586,-0.300692,0.0978327,0.456733,0.432602,1.00404,0.331871,0.812345,-1.18232,1.52509,-0.366383,-0.152165,-0.0588408,-0.0672842,-0.0192052,-1.14987,0.16828,-0.919324,0.876829,0.179554,0.240047,0.129981,0.232549,-0.255139,0.714164,0.570747,0.930702,1
0.0643523,-0.138028,-0.340309,0.233006,-0.251361,-0.821215,0.254989,-0.169465,0.410534,0.668807,0.114646,0.237069,0.107327,-0.436852,0.260449,-0.627748,-0.418027,-0.0659604,-0.23612,-0.198674,-1.11103,0.305534,0.266255,-0.468074,-0.250587,-0.43411,-0.513665,-0.262115,-0.112135,0.133783,-0.158846,0.20681,0.487525,0.830689,1
0.465909,0.184038,-0.662819,0.288057,0.37501,0.328898,0.775432,-0.528557,-0.580687,-0.834671,0.236801,-0.650904,-0.55721,0.0861941,-0.326043,0.29099,0.433681,0.175619,0.230085,-0.116328,-0.0641771,-0.400558,0.370621,0.37462,-0.493141,0.284095,-0.556958,-0.470873,-0.101788,0.394356,-0.157802,0.00634538,0.508447,0.898271,1
0.857888,0.629636,-0.573111,0.165715,-0.472649,-0.390018,-0.0334166,0.00660972,0.0540432,0.910973,0.0187233,0.2292,0.302084,-0.402578,-0.252219,-0.486297,-0.848181,0.317963,-0.380725,0.16917,0.137874,-0.782158,0.0258075,0.223326,-0.754088,-0.802878,-0.182176,0.501008,0.0755229,0.22706,0.0962129,0.719065,0.547576,0.837715,1
-0.0291581,-0.666187,0.657482,0.132491,-0.390277,0.175583,0.0340159,-0.560165,0.297875,-0.509273,-0.179776,-0.321424,-0.519149,-0.198495,0.436765,-0.21015,0.184335,-0.0767308,-0.47545,0.491795,-0.32229,1.06731,-0.380102,0.0642532,0.115073,-0.295688,0.365212,0.977711,0.196935,0.274334,-0.70285,-0.4958,0.482216,0.813122,1
0.751839,-0.0032747,0.733825,0.496726,-0.246534,-0.353098,0.387729,0.573199,0.160965,-0.229599,-0.106484,0.793455,-0.282478,-0.172755,1.08375,-0.506245,0.254184,-0.428189,0.779628,0.258972,0.729096,0.189826,0.639647,-0.225757,-0.231085,0.0625266,-0.785344,0.796513,-0.505671,-0.465154,-0.0106731,-1.13796,0.427553,0.885364,1
-0.459165,-0.734533,0.268817,0.298689,-0.924242,0.740798,-0.0397284,-0.335641,-0.150967,-0.512909,-0.201028,-0.34509,0.494125,-0.5841,0.436512,-0.744563,0.225462,0.5428,0.562462,-0.22873,-0.0454768,-0.0664664,-0.243696,0.0793993,-0.167271,0.161561,-0.441341,-0.827367,-0.250885,0.118058,0.702734,0.0996396,0.452888,0.933254,1
-1.49502,0.00893928,-0.223457,0.0295735,0.347947,0.216944,0.531658,0.219799,0.535316,0.2783,0.993795,-0.640956,0.178841,-0.42758,-0.469256,0.258075,-0.730872,-0.109487,-0.422002,0.780044,-0.23636,0.357869,-0.181069,-0.653584,0.130499,0.994464,0.115302,-0.11568,-0.320092,-0.622226,0.12792,-0.0886913,0.566106,0.834857,1
-0.0119178,0.788394,0.0929058,0.0651641,0.176866,-0.174649,-0.562441,-0.217379,-0.915251,-0.709725,0.510879,0.820756,0.237825,0.634362,0.620099,-0.811852,-0.900829,-0.650631,0.442986,-0.349748,0.297611,-0.0915287,-0.112376,1.01502,0.118756,-0.345936,0.0634818,-0.679476,0.462992,0.195236,0.817661,-0.0218413,0.500696,0.775293,1
-0.333195,-0.48196,0.167718,0.0321521,0.755576,-0.247154,0.54101,-0.276596,0.505448,0.405243,-0.306733,-1.16421,0.522655,-0.386033,-0.657892,-0.52107,0.781988,-0.364446,0.229196,0.104935,-0.299895,0.60598,-0.343973,-0.508131,0.833679,-0.222133,-0.428157,-0.408893,0.276419,0.120801,-0.336099,-0.315957,0.490667,0.946655,1
0.266108,0.326311,0.291084,0.217543,0.109553,7.95,0.333841,0.367251,0.226126,0.219422,0.142348,0.223439,0.144211,0.116909,0.110413,0.12463,0.221764,0.2437,0.314069,0.111339,0.145218,0.252328,0.316049,0.258242,0.151957,0.126326,0.245121,0.148846,0.230161,0.204776,0.147854,0.351622,0.52,0.82,1
0.526642,0.250329,0.0306551,-0.0788748,0.171214,0.013088,-0.625952,-0.135303,-0.0229139,-0.504984,0.204277,-0.677117,0.65446,-0.763001,0.760388,0.0770708,-0.221024,0.378895,0.581245,-0.499343,-0.0320319,0.676863,-0.212212,0.454993,-0.31975,-0.106829,-0.155249,0.0215246,-0.594356,-0.376599,0.0129108,-0.0930312,0.489301,0.819673,1
-0.195025,-0.330486,0.0698944,0.117374,-1.04444,-0.0338259,-0.191643,-0.701964,-0.385963,0.157213,0.188962,0.402703,-0.778339,0.95177,-0.514542,-0.573613,0.0724221,-0.800324,0.154169,-0.156068,-0.39769,0.179458,-0.339342,0.184969,-0.367383,-0.465211,0.130913,0.69,0.404244,0.683903,-0.830342,1.16362,0.44508,0.782041,1
0.629568,-0.00988829,0.00435473,-0.105115,-0.46003,0.200481,-0.401153,-0.0922602,1.20072,-0.188901,0.0280035,-0.752508,-0.176911,0.324341,-0.0153541,0.581776,-0.94585,0.00302651,-0.213465,-1.07058,0.047992,-0.125588,-0.326209,0.0476635,0.396287,0.614831,0.133481,-0.340099,0.0438122,-0.320521,-0.0410206,0.260729,0.579539,0.843403,1
-0.407665,-0.351072,-0.107299,-0.505614,-0.321752,0.0126424,-0.00185224,-0.152418,0.324821,0.425677,0.261795,0.251643,0.447475,0.325283,0.499793,-0.147808,0.434578,0.278204,-0.0824962,-0.483064,0.750293,0.00354965,-0.181071,0.8108,0.529095,-0.000114957,-0.574717,-0.0711547,-0.887916,0.41119,0.230384,-0.709802,0.44168,0.907606,1
-0.374913,-0.653932,0.112234,-0.491053,0.189255,0.20899,0.287852,0.302537,0.821356,-0.722012,0.976953,-0.925035,-0.500394,-0.231262,0.0251111,0.486585,-0.145366,0.377725,-0.811345,0.120597,0.0832723,-0.0680414,0.904537,0.0996242,-0.952861,0.0605577,1.57134,0.297078,0.144368,-0.581726,-0.263126,-0.159393,0.503827,0.870398,1
-1.282,-0.0699475,-0.329298,-0.060194,-0.247914,0.601686,-0.34076,-0.712876,-0.0858015,-0.767357,-0.776468,-0.469851,0.134252,-0.0186591,-0.242693,0.0136055,-0.493787,-0.582259,-0.27374,-0.580042,0.18887,0.169082,-1.16497,-0.388286,-0.750714,-0.120065,-0.329719,0.0225869,0.426519,-1.05708,-0.094636,0.42842,0.429872,0.81847,1
-0.370393,0.569932,-0.114199,1.07213,1.09843,-0.792217,-0.387299,0.321705,-0.421901,-0.151826,0.537296,-0.309658,-0.0123156,-0.0616186,-0.0941269,-0.331773,-0.964755,-0.57092,-0.518842,-0.418884,0.0823096,0.0645265,0.238566,-0.341961,-0.223765,0.00211294,-0.915594,0.157651,0.506592,0.444982,1.30349,-0.121547,0.500165,0.923765,1
0.561322,-0.458057,0.61776,0.690801,0.208355,-0.26571,0.263879,-0.795025,0.753411,0.323686,-0.556883,-0.452756,0.352501,0.29872,-0.284445,0.82704,-0.212074,0.0338941,0.0633719,0.776966,0.0845719,0.399425,-0.0203414,-0.644576,-0.535579,-0.408283,-0.176857,0.163836,0.864877,0.541459,-0.264028,0.0512965,0.45009,0.876093,1
0.295997,0.0622738,0.0957215,0.352342,0.833084,0.306647,0.877389,0.026519,0.173191,0.243838,0.28354,0.326141,-0.675226,-1.43746,-0.208887,-0.00512973,-0.0182243,-0.857977,0.723275,0.146954,-0.437492,-0.0704474,-0.56848,-0.138779,0.218814,-1.35315,0.594845,-0.676755,0.817302,-0.623301,-1.54177,0.788388,0.467674,0.789453,1
-0.0309501,0.603963,-0.0513753,0.0186072,-0.833131,-0.0516336,-0.421864,0.143523,0.101582,-0.682047,0.620507,0.39671,-0.100301,0.627914,0.0743719,0.333882,-0.125044,0.778529,-0.258235,-0.365758,-0.142889,-0.206101,-0.298845,0.0791923,0.270834,-0.743633,-0.0446499,-0.220641,0.261443,-0.815342,0.0501559,0.235919,0.455948,0.884055,1
-0.151819,0.0181593,-0.0613381,-0.565484,0.175722,-0.19586,0.329069,-0.270323,-0.462072,0.172118,0.329658,0.515382,-0.162383,-0.482431,0.266501,-0.445619,-0.100466,-0.0709408,1.13435,-0.13363,-0.557653,-0.722873,-7.21714e-05,-0.440554,0.239483,0.305317,0.495267,0.0961766,-0.429724,0.408501,-0.270303,-0.0219356,0.573238,0.846577,1
-0.537157,0.301953,-0.117216,-0.511059,-0.0222568,0.0352139,0.819633,-0.487168,-1.53442,0.829739,0.175592,-0.226475,0.498517,-0.977501,-0.738974,-0.756054,0.503166,0.0599,0.420893,0.992335,-0.713914,0.15578,-0.0342025,0.0801757,0.37672,0.408501,-0.661288,-0.629733,-0.433689,-0.231133,0.426997,-1.04084,0.545045,0.935896,1
-0.351104,0.636524,0.0829995,-0.867368,0.0747115,0.505211,-0.194011,-0.107654,-0.968214,0.230814,-0.0837459,0.902256,-0.124735,-0.110097,1.00244,-0.14587,-0.0940064,-0.455139,-0.13339,-0.687516,-0.312502,-0.440345,0.722672,0.0744912,-0.0982267,-0.555847,0.0172745,0.00113972,-0.289457,-0.08554,-0.0336827,0.132963,0.545744,0.944786,1
-1.15714,-0.461999,0.13145,0.567257,0.383085,-0.225933,0.0898411,7.36133e-05,0.273385,0.272349,-0.620911,-0.337233,0.407602,0.098915,0.804746,0.222335,0.504289,-0.0511864,0.213676,-0.227917,-0.442181,-0.357402,0.199438,0.551966,0.0687092,-0.340106,0.282813,0.0509241,-0.00929475,-0.277259,0.0766986,-0.254198,0.455988,0.79752,1
0.083723,0.227168,-0.242794,0.238116,0.251675,-0.00360245,0.460026,-0.0698528,0.757536,0.221781,-0.744508,0.461513,0.159394,0.3388,-0.329453,-0.395254,-0.384335,-0.530387,0.300139,-0.146163,-0.917675,-0.725056,0.36948,0.820961,0.631273,-0.514944,0.183683,-0.460772,0.479159,-1.03049,-0.235342,-0.189362,0.475891,0.892906,1
0.341176,0.269001,0.368989,0.300427,0.363045,7.95,0.291954,0.332334,0.335621,0.203315,0.360197,0.245607,0.271445,0.395351,0.282617,0.10386,0.381898,0.211754,0.229825,0.298502,0.248735,0.260626,0.1663,0.352123,0.220669,0.357812,0.205954,0.158063,0.2,0.2032,0.294457,0.220569,0.52,0.82,1
0.245255,0.284298,0.241967,-0.202509,-0.242582,-1.43509,-0.852415,0.0536521,0.0291377,-0.059724,-0.711764,-0.198244,0.29027,-0.061472,-0.138132,0.73023,-0.912934,-0.0191777,0.521356,-0.085943,0.168135,-0.206062,0.937724,-0.481586,-0.478828,0.668465,-0.368543,0.799336,-0.442213,0.273778,-0.396298,0.687651,0.553129,0.860369,1
-0.531355,0.498322,0.118013,0.318439,-0.611747,-0.326726,-0.106782,0.251824,-0.259824,0.289833,-0.716948,-0.030789,-0.147504,0.318364,-0.472882,-0.747214,-0.463628,-0.554577,-0.0736712,0.420924,-0.0529464,0.172755,1.01039,-0.348332,0.451398,0.48303,-0.0876142,0.736911,0.343174,-0.234262,0.682289,-0.036326,0.530756,0.89445,1
-0.0816309,0.475671,-0.217117,-0.334716,0.0806872,-0.403464,-0.0326778,-0.197674,0.299319,0.45767,0.818684,-0.415636,-0.525936,-0.228714,0.680684,0.818369,0.228948,0.500326,-0.243391,0.128398,0.291771,-0.591229,-0.199159,0.649937,0.0609012,-0.237249,-0.0534675,0.201331,0.720258,-0.326692,0.219224,0.508935,0.432098,0.846218,1
0.123905,-0.282744,0.102032,-0.372776,0.271347,0.123344,-0.791369,0.433975,0.526329,0.110319,-0.692975,-0.559835,0.589183,-0.100593,0.0192959,-0.66148,0.371699,-0.153904,-1.23163,-0.17164,0.311727,0.804175,0.066072,0.0369153,-0.978098,0.228893,-0.272299,-0.0213581,0.00185822,0.0697787,0.900556,-0.379398,0.574804,0.821115,1
0.518704,-0.394771,0.7161,-0.109899,-0.849196,0.949293,-0.379479,0.0697974,-0.2646,-0.344819,0.196587,-0.277569,0.101474,0.3477,0.483587,-0.0307909,-0.475644,0.800465,-0.118909,0.312279,0.00133283,0.0805467,0.109424,-0.369095,0.342859,-0.408904,0.657119,0.974781,-0.590167,-0.529638,-0.492845,-0.0348011,0.458826,0.924879,1
0.640281,-0.777562,0.2287,0.275362,-0.738808,0.403748,-0.0725734,-0.0516117,0.292454,0.432568,0.217476,-0.0298205,-0.225123,0.235994,-0.224456,0.13129,-0.475362,-0.577814,0.0183251,-0.207729,0.180076,-1.1618,-0.0679476,-1.30313,0.510217,0.612602,0.166739,0.263448,-0.88715,0.211346,-0.096942,-0.0388461,0.420616,0.890545,1
1.26738,-0.306036,0.0565237,-0.224972,0.819147,0.0686073,0.300978,0.187671,0.185907,0.510675,-0.0224548,0.0952466,-0.0802992,-0.631224,-0.113894,-0.468992,-0.315976,-0.321948,-0.89871,0.337779,0.289399,-0.567918,0.69077,-0.95839,0.16754,-0.28216,0.473949,0.830103,-0.743561,-0.196731,0.4937,-0.297829,0.569264,0.899384,1
-0.877474,0.714136,-0.487408,-0.476487,0.541458,0.152624,0.881605,0.205267,0.104879,-0.607741,0.133418,-0.0576654,0.238539,-0.320202,-0.107764,0.380828,0.411976,-1.0312,0.153983,-0.207824,0.89548,0.0185693,0.251236,0.391022,-0.362989,1.23935,-1.23695,-0.384719,0.270006,-0.35943,0.686074,-0.551079,0.549376,0.821968,1
-0.295078,-0.2433,0.753877,-0.289244,0.122156,-1.18462,-1.02282,0.0897353,-1.19813,-0.452926,0.0902418,-0.929238,-0.298791,0.225099,-0.463122,-0.531379,0.322362,0.169322,-0.724357,0.720369,0.229459,0.177221,-0.653321,-0.38266,0.475175,-0.0928901,0.259861,0.0625634,0.153223,-0.0217737,0.211075,0.25993,0.46489,0.949174,1
1.8916,0.00627443,-0.255881,-0.447264,-1.54342,-0.199701,-0.526409,-0.287311,1.32276,0.139527,0.191139,0.336427,-0.449953,-0.332672,0.274762,-0.580392,-0.0599308,0.143603,-0.144265,0.285012,-0.0282366,0.311638,0.189652,0.212704,0.155574,-0.404607,1.1631,0.323558,-0.0213665,-0.143823,0.257875,0.44715,0.541582,0.767127,1
-0.255195,-0.26996,0.0423795,-0.571521,-0.295198,0.0141103,-0.507463,0.277706,0.0496451,-0.119563,-0.345363,-0.401823,-0.638557,0.485788,-0.587782,-0.0470936,0.39914,-0.40241,0.154853,0.748671,-1.13841,0.188125,-0.313626,-0.202203,0.245911,-1.0145,0.0260844,0.205653,-1.06059,-0.763718,-0.412023,0.0873782,0.495797,0.920794,1
0.675981,0.761791,-0.0420375,-0.233723,-0.404973,0.587956,-0.206172,1.10556,0.1194,-0.0348881,-0.958413,-0.369609,-0.305567,-0.134311,-0.0962239,0.0969639,-0.0382622,-0.198671,-0.094451,-0.580054,-0.175229,-0.201013,0.628109,0.047528,-0.326127,0.565916,-0.493518,0.981679,-0.563506,-0.164167,-1.16212,-0.240079,0.482787,0.77828,1
0.00873756,-0.0555278,0.169762,-0.363412,0.418375,-0.42772,-0.110141,-0.274969,-0.659533,-0.0966783,0.292163,0.0803511,0.544471,0.290914,0.482767,-0.324701,-0.519875,-0.588691,0.0717156,-0.132494,-0.323269,-0.330807,0.822972,0.174194,1.51156,-0.27447,-0.0424891,0.084646,0.225642,0.671925,-0.228325,-1.05616,0.561183,0.924015,1
0.458057,0.0911305,-0.0776048,-0.195455,1.47098,0.979967,-0.11138,-0.217441,0.302075,0.107309,0.505212,-0.0611227,-0.785459,-0.161448,0.591346,0.417819,-0.0364091,0.488711,0.628369,-0.388872,-0.818056,0.458561,-0.444951,-0.482691,-0.209314,0.440023,0.327263,0.470285,1.03018,1.3354,0.198742,0.332483,0.54922,0.828651,1
0.265808,0.148277,-0.422826,0.527244,-0.449418,-1.08847,0.505812,0.418752,-0.366539,0.37531,-0.278239,-0.250228,-0.3767,0.0321134,0.806516,-0.593343,-0.165073,0.436106,0.0690379,-0.072303,0.0330107,-0.212951,-0.724097,0.0664829,0.208216,0.161438,-0.0304829,-0.357376,-0.598256,0.250852,-0.743464,-0.396872,0.450784,0.919229,1
0.310578,0.235556,0.1265,0.176838,0.333868,7.95,0.343752,0.252275,0.302398,0.355693,0.232146,0.310126,0.331373,0.36208,0.398312,0.352527,0.369865,0.354775,0.195519,0.369888,0.290679,0.170449,0.108825,0.273731,0.140538,0.385622,0.109175,0.198609,0.155102,0.282022,0.163287,0.343234,0.52,0.82,1
0.378754,0.336318,0.135755,0.277689,0.242796,7.95,0.391394,0.310932,0.242948,0.205885,0.177507,0.204114,0.251593,0.31942,0.398278,0.294166,0.204516,0.120046,0.2494,0.311979,0.297484,0.365508,0.260749,0.353989,0.328953,0.292691,0.362387,0.319109,0.336444,0.271786,0.12911,0.12446,0.52,0.82,1
0.490659,-0.761859,-0.590838,-0.848273,0.325205,-0.419427,0.191936,-0.034968,0.164785,0.296618,-0.30294,0.216309,-0.50628,-0.350449,0.204286,-0.19796,-0.71373,-0.0306474,-0.419363,-0.247815,0.377886,-0.622796,0.116731,0.901068,-0.336626,-0.453067,0.11508,0.802764,-0.0220625,-0.075279,0.147561,0.311565,0.488173,0.878813,1
0.877674,-0.51414,-0.296971,0.0881832,0.296625,0.183473,0.293034,1.09028,-0.324721,0.0851305,-0.77999,0.575703,0.836351,-0.255125,0.502004,-0.270124,-0.213752,-0.826346,-0.328536,-0.333358,0.248973,-0.44502,-0.587049,0.421626,-0.251642,-0.0496748,0.0526157,0.0773716,-0.00958401,0.489665,-0.808454,-0.075575,0.519172,0.796238,1
-0.387018,-0.102933,1.09679,-0.0515803,-0.0955106,0.175947,-0.432578,0.88198,0.0753204,-0.260187,-0.29146,-0.0953317,0.0391331,0.542822,0.611036,0.147182,-1.30091,-0.167088,-0.203367,0.616819,0.00764233,-0.546975,-0.320338,-0.275394,-0.190321,-0.221543,-0.812427,0.107982,-0.32676,0.346451,0.282942,-0.150815,0.504415,0.943419,1
0.0827028,0.152185,0.0767405,-0.976641,-0.0646066,-0.112487,-0.662794,-0.220016,-0.265445,0.334621,0.658543,0.196147,0.475739,-0.862653,-0.0774123,-0.726078,-0.707356,0.159668,0.187923,-0.666975,1.1412,-0.449855,0.483403,0.344286,-0.0854373,0.223973,0.245137,0.34837,0.135551,-1.3542,0.229495,-0.192105,0.472859,0.896958,1
-0.0661041,-0.687486,-0.866099,0.204215,0.602088,0.644754,0.201642,0.434738,-0.13251,-0.360375,-0.909564,-0.281501,-0.472747,0.0566077,0.0202135,-0.858933,-0.601358,-0.141953,-0.811597,-0.814672,0.586184,0.373383,-0.222398,0.391944,0.279245,-0.543173,0.266061,0.503461,-0.253455,-0.017387,0.255693,-0.660527,0.436169,0.945062,1
-0.0653172,-0.33452,0.478972,1.21451,-0.139272,0.10088,-0.303761,0.497628,-0.380521,-0.107824,0.102966,0.595779,0.578046,0.114098,0.819121,-0.11255,0.0146677,0.17162,-0.285666,-0.00385072,-0.999039,0.381779,0.268537,-0.538264,0.337425,-0.092391,0.118104,-0.0121467,0.374586,-0.336221,-0.10044,-0.586456,0.561215,0.843331,1
-0.1153,-0.728013,0.360138,-0.216663,0.78486,-0.231138,-0.739244,-0.381927,0.349648,0.816387,-0.11162,0.199351,0.209588,-0.469353,-0.370148,-0.562108,1.21873,0.403183,-0.636483,-0.268815,0.158275,0.0410644,0.0104723,-0.487062,0.106695,0.388289,-0.595081,0.187216,0.220285,0.00294382,-0.639133,-0.426962,0.505071,0.773117,1
0.98173,0.196245,0.739571,0.181336,1.06,-0.271941,0.233471,-0.117566,0.0491929,0.264003,0.657905,-0.304741,-0.188048,0.462053,-0.433754,0.184723,0.287409,-0.264249,-0.156658,-0.164099,-0.284103,0.0718697,0.0248963,0.337977,0.416662,0.358794,-0.433844,0.255281,-0.538878,-0.72491,-0.847771,0.406535,0.427142,0.876885,1
0.920131,-0.275578,0.428898,-0.128511,0.61499,-0.438266,0.403828,-0.120616,-0.940095,0.305752,0.659528,0.791864,0.598676,-0.136544,-0.578646,-0.380716,-1.04561,-0.12456,0.0658392,0.172651,-0.834524,0.297014,-0.0530146,-0.800327,-0.10848,-1.60931,0.513571,0.717186,0.659033,0.545257,0.255038,-0.551414,0.498145,0.906862,1
0.0199211,-1.06758,-0.056653,0.283977,-0.0700502,-0.221825,0.348636,0.000476921,0.310816,0.243984,0.276443,-0.0620433,-0.431849,-0.163629,-0.403802,0.838848,-1.41585,-0.673345,0.333501,-0.140634,0.35742,0.331153,0.155869,0.666574,-0.0421024,0.709978,0.391764,-0.410225,0.396743,-0.234611,-0.269373,-0.457464,0.503731,0.77683,1
0.036767,-0.288653,0.163615,0.108369,0.374818,0.271993,0.134791,0.121332,0.401341,0.124231,0.352931,0.202469,0.5469,-0.50041,0.474289,-0.195424,0.102419,0.375252,-0.505513,-0.571512,-0.690715,-0.72661,-0.829055,0.116065,0.341777,-0.586153,-0.412419,-0.234161,-0.484104,0.428242,0.557168,0.660839,0.545126,0.829581,1
-0.362546,-1.23579,-0.279342,0.0496467,0.0914954,0.924926,-0.147341,-1.03418,-0.7739,-0.305546,0.466766,0.222712,0.256441,-0.731197,0.162979,0.321017,-0.362893,0.11692,-0.241599,0.835277,0.120103,-0.0805895,0.214746,0.203727,-0.338677,0.124595,-0.35898,-0.304573,-0.0201353,-0.248406,0.0805363,0.0846127,0.493692,0.859174,1
0.186834,0.224249,-0.192885,-0.166736,-0.0432939,0.26557,-0.0601709,0.30513,0.108716,-0.6154,0.0998449,-0.0533954,0.345898,-0.710323,-0.392636,1.13716,-0.264401,0.816665,-0.328465,-0.457783,-0.703829,0.126335,0.445173,0.421485,-0.10534,0.22536,-0.320797,0.277759,0.44406,-1.32528,-0.680721,-0.855932,0.474735,0.793048,1
0.746294,0.0042698,0.154531,-0.28079,-0.145513,0.246642,-1.35101,-0.286524,0.0947285,-0.757811,-0.245538,-0.133245,-0.532558,0.449435,-0.677866,-0.543017,1.01363,0.870671,-0.138966,0.518841,-0.270969,-0.152794,0.363917,0.442218,0.32117,0.0663661,0.0190049,0.82478,0.0810666,-0.503308,0.477156,-0.44028,0.481018,0.915318,1
0.311317,-0.591208,0.0999089,-0.083021,-0.52203,-0.732763,-0.489779,-0.160087,0.432743,0.400999,0.657853,0.101291,0.699697,-0.184963,0.34267,0.609878,0.362489,0.581557,0.458171,0.277869,0.143487,-0.296174,0.469178,-0.780105,-0.0282735,-0.252739,-0.868239,-0.0760479,0.100698,-0.678739,0.239894,-0.0145191,0.471406,0.924649,1
-0.873811,-0.456906,-0.803087,-0.223445,-0.340157,-0.332478,0.932844,-1.0649,0.232511,0.0319694,-0.858607,-0.03339,0.15035,-0.838535,-0.608542,0.371901,0.653131,-0.574408,-0.033612,0.906872,-0.574678,-0.677488,0.188551,-0.210429,0.293189,-0.707906,-0.261872,0.270528,0.575759,-0.214611,0.873571,-0.322053,0.562682,0.826601,1
-0.799251,-0.50901,0.146324,-1.55513,0.334032,-0.0504556,0.0757529,-0.289682,-0.402524,0.378028,-0.807511,-0.534836,0.416077,-0.411895,-0.948189,-0.193887,0.307268,-0.472569,0.284418,0.0414056,-0.279064,0.537088,0.242006,0.0254824,0.225506,0.938876,0.513082,0.563274,-0.426164,-0.974099,0.507217,0.0867352,0.469068,0.773449,1
0.111974,-0.471904,-0.329268,0.00633699,-0.779621,0.679909,-0.405647,0.00606678,0.265725,0.83226,-0.207467,-0.0833785,-0.165715,0.610152,-0.0441283,0.0411801,-0.55607,-0.135096,-0.061578,0.283271,0.0497305,-0.496268,-0.0394621,0.439542,0.251069,-0.0462309,-0.749784,0.477322,0.361043,0.192406,-0.236883,0.0214017,0.44418,0.895086,1
0.414634,0.501895,-0.0486437,0.0696548,0.544332,0.448548,-0.343579,-0.33303,0.506144,0.523884,0.128087,0.00786944,0.0979831,-0.223893,-0.882263,0.0154972,0.298643,-0.0161085,-0.389804,0.287724,0.342538,0.303008,0.0204891,0.502873,-0.929161,0.0559606,-0.0595298,-0.0194895,0.00583387,-0.721752,0.591135,0.199463,0.539473,0.80992,1
-0.0721943,0.932258,0.755628,-0.51132,-0.911405,0.937029,-0.50245,-0.597071,0.659405,0.110263,0.0286159,-0.174656,-0.275942,0.0509058,-0.105685,-0.910214,0.405599,0.143621,0.34579,0.514113,-0.0923145,0.771692,0.0135629,0.876933,0.161888,0.159031,0.226019,0.259183,-0.166412,-0.284658,-0.531738,-0.189419,0.501435,0.935589,1
-0.151023,-0.0939908,0.29557,-0.307861,0.765417,0.295042,-0.435332,-0.0453649,-0.505796,-0.668031,-0.576745,0.63463,-0.173547,0.222026,0.495549,-0.174253,1.2251,-0.0217783,0.459446,0.95665,-0.367468,-0.664558,0.667481,-0.216988,-0.902874,0.66705,0.539524,-0.705183,1.08677,0.0488504,-0.0335149,-0.703305,0.535586,0.85593,1
-0.0933563,0.53707,-0.17086,-0.869734,1.22538,0.471174,0.201459,0.129444,0.267881,-0.616845,-0.700264,0.0561142,1.29292,0.116673,-0.831007,-0.339938,0.127026,0.719914,-0.270949,-0.288941,0.186175,0.110129,-0.696206,-0.104112,0.552432,-0.312269,-0.0260847,-0.195408,-0.770714,0.508783,-0.124903,0.429984,0.517685,0.872931,1
0.340306,0.455519,0.463555,0.218655,0.992468,-0.164529,0.517799,-1.04168,-0.228353,0.414136,-0.274424,-0.316327,-0.494433,-0.697294,-0.169772,-0.207996,1.06769,0.310022,-0.0478859,-0.0477306,-0.793127,-0.301328,0.245412,-0.457703,0.229438,0.161307,0.0692185,-0.36888,-0.0883402,-0.321389,-0.0130464,0.863514,0.473119,0.939509,1
1.07772,0.155412,0.917427,-0.113386,-0.192901,0.165323,0.496789,0.374212,0.503746,0.286606,0.132601,-0.0840928,0.0251269,-0.270565,-1.28266,-0.218961,-0.0835087,-0.2206,-0.116799,0.0438971,0.184417,0.286632,0.302662,0.380856,-0.489903,0.66403,-0.294484,-0.793575,0.389662,0.851589,0.455437,0.102453,0.463991,0.863725,1
-0.305255,-1.14028,-0.207303,-0.716598,-0.0862214,0.373475,0.352038,1.42041,0.41996,-0.0310225,-0.780863,0.178182,-0.141665,-0.369246,0.119111,0.0918971,-0.0128914,-0.533841,-0.16874,0.399184,-0.0207752,0.0928274,-0.273965,-0.314204,-1.08785,0.0201029,0.076323,-0.486178,-0.261185,0.0773089,0.0724002,0.695183,0.442479,0.92031,1
-0.633278,-0.616907,-0.591818,0.473362,-0.132062,-0.285365,0.106971,-0.116052,-0.0303687,0.496104,-0.222492,-0.134101,-0.33374,-0.0820046,0.0586304,-0.288635,-0.702702,-0.35896,-0.528323,0.447752,0.536698,0.28855,-0.0693965,0.209254,0.600425,-1.25302,-0.317045,0.0374284,0.439988,-0.732842,-0.114961,0.289832,0.570373,0.940443,1
0.537601,0.139948,-0.637943,-0.219997,0.536013,0.808642,0.0960369,0.340938,0.0144199,0.893673,0.221028,0.380343,0.240752,0.084766,0.451831,0.356015,0.107224,-0.242246,0.100658,-0.453956,-0.0638385,-0.636311,0.159807,-0.346197,0.610194,-0.436525,-0.294662,-0.602195,-0.0481891,-0.0518045,0.544207,-1.42409,0.484025,0.76975,1
-0.622991,0.680833,-0.437769,-0.478845,0.172198,-1.06927,-0.390902,-0.780169,-0.415902,0.126226,-0.365202,0.922978,0.0909462,-0.220798,0.0303108,-0.402172,0.576179,0.298615,-0.127836,-0.191861,-0.0961477,0.217546,-0.0856962,-0.199673,0.0794087,-0.104411,-0.254352,0.383528,0.170643,-0.422453,0.533337,0.358418,0.557083,0.853501,1
-0.0178232,-0.497519,0.00584532,0.979171,0.222347,0.213878,-1.2052,-0.0305529,0.467877,1.02347,-0.316806,0.132514,-0.543837,0.0304183,1.10705,-0.48993,-0.396107,0.0930968,0.209588,-0.348438,-0.0040331,-0.53853,-1.28212,-0.260312,0.314965,0.420372,0.310048,0.204595,-0.108808,-0.182107,0.075304,-0.334032,0.523353,0.808716,1
0.427753,-0.292199,-0.157274,0.481337,-0.385313,-0.0557817,-0.178615,0.0098032,0.188963,0.622316,0.25862,-0.0654419,0.225348,0.851572,1.69678,0.773022,-0.656671,-0.1494,0.0440628,-0.172074,-0.322742,-0.595337,0.0129745,0.448684,-0.717112,0.10684,-0.792142,0.41008,-0.107457,0.225466,0.782566,-0.545262,0.43996,0.886658,1
-0.624115,-0.122801,0.388085,0.487956,0.285036,0.272246,0.370239,0.177068,0.0113376,-0.417663,0.504962,0.00337223,0.133267,0.227187,0.29079,0.41225,0.163617,-0.713998,-0.486863,0.417194,-0.0993468,-0.231831,-0.203671,-0.578692,0.25881,0.420481,-0.176249,0.631385,0.189708,0.539436,-0.0731789,0.160689,0.455964,0.776746,1
0.218061,0.364894,0.227285,0.332415,0.325963,7.95,0.273151,0.353913,0.299354,0.335172,0.210343,0.141063,0.187612,0.115508,0.337081,0.309847,0.267619,0.133119,0.24945,0.379327,0.199667,0.193588,0.306303,0.39144,0.323966,0.328171,0.118126,0.3687,0.234106,0.239502,0.363837,0.330624,0.52,0.82,1
-0.138798,-0.362304,-0.571022,0.798721,-0.343682,-0.392319,0.777513,-0.434692,-0.305573,-0.561901,-0.0677879,0.226365,-0.692084,-0.00542474,0.471725,-0.396591,0.242752,-0.62807,-0.238232,0.205914,-0.198363,-0.423267,-1.05398,0.247888,-0.318398,0.744551,1.31219,0.0430316,0.156213,1.13138,-0.781476,-0.654767,0.503851,0.891175,1
-0.316426,-0.832048,0.43919,-0.10657,-0.118866,0.00970283,0.216547,-0.36452,-0.490539,0.801603,-0.794052,1.15728,-0.94048,-0.434434,0.349345,-0.284733,-0.332616,-0.00308822,0.00181283,0.552945,0.117441,-0.640525,0.411437,0.0695767,0.64296,0.691088,-0.136242,0.82216,-0.908131,-0.196034,-0.7096,0.700285,0.545001,0.835975,1
-0.17608,0.719642,-0.778997,0.375021,0.608042,-1.31797,-0.39349,0.59413,-0.450242,-0.298916,-0.134738,0.189285,-0.4359,-0.0935673,1.01894,-0.125643,-0.462625,0.535066,0.0582656,-0.312968,-0.131339,0.197593,0.0585671,-0.397167,-0.0983893,0.332605,-0.112468,-0.215861,1.00093,-0.211148,-0.093368,-0.472087,0.573516,0.934405,1
0.482256,-0.620837,-0.287585,0.175584,0.419894,-0.648688,0.17794,-0.771712,-0.53747,-0.428086,0.0229101,0.154991,-0.907501,-0.379564,0.359489,0.306467,-0.10167,0.000496158,0.108644,0.410536,0.500821,-0.222398,0.23653,0.495557,0.246039,0.34478,-0.866723,-0.869486,0.906819,-0.312172,-0.321699,0.0825454,0.437481,0.905606,1
0.289834,-0.436918,-0.202358,0.323297,-0.679263,-0.646058,0.464574,0.20848,0.918016,0.550331,0.241018,-0.200972,-0.681765,1.04139,0.437887,-0.553833,0.275072,-0.538607,-1.26968,-0.586714,0.150823,0.223601,0.324414,-0.175661,0.202528,-0.206173,0.0909247,-0.0862244,-0.073046,0.0590499,0.386157,0.626706,0.523351,0.761738,1
0.26308,0.00782791,-0.344205,0.0012845,-0.304374,-0.896015,0.173428,-0.317309,0.270611,-0.667464,0.174373,-0.9867,0.863636,0.127149,-0.727118,0.0118342,0.279523,0.322653,-0.0811688,-0.216981,-0.0104995,-0.21059,0.0206936,-0.474827,0.280492,0.465444,-0.0244824,0.526939,0.649826,-0.224109,-0.317837,-0.530342,0.520016,0.786822,1
0.0430995,-0.447638,0.659022,0.035474,0.570141,0.579526,0.866169,-0.18022,0.235083,-0.0753167,0.56526,-0.213069,-0.0680786,0.261761,0.631653,-0.947705,-0.17445,-0.0562367,-0.155064,-0.840799,-0.0621328,-0.541637,0.204864,-0.630903,-1.10617,0.390174,0.017177,-0.478764,-0.478314,0.15623,1.11195,0.464812,0.534322,0.771036,1
0.561059,0.581795,-0.165695,0.0803556,-0.723157,-0.0487921,-0.283688,-0.123715,-0.114927,0.784219,0.282887,-0.674898,0.0501841,-0.208776,0.299219,0.69906,-0.389898,0.527627,0.982574,-0.165068,-0.160668,0.23136,-0.0221614,-0.309193,-0.0976731,-0.277602,-0.0784484,-0.271304,-0.112282,-1.27956,-0.870202,-0.338556,0.526405,0.835451,1
0.555579,-0.96789,0.120874,-0.429949,-0.237204,0.494323,-0.257212,-0.323415,-0.398721,-0.358705,-0.259355,-0.212487,-0.926044,0.0412072,0.151766,0.140437,-0.432996,0.759071,0.153185,0.824499,-0.0814074,-0.386709,-0.794541,0.363375,0.878799,0.642047,-0.988831,0.273622,-0.0779114,0.144976,-0.717348,-0.12368,0.433315,0.785962,1
-0.180427,-0.334015,0.314988,-0.312815,0.316068,-0.298324,-0.217033,-0.0341822,-0.397999,-0.335576,0.216425,-0.0294029,0.432822,-0.0487242,0.494254,-0.596451,-0.589782,0.0719924,-0.472275,-0.214666,0.401989,-0.544903,0.461379,0.149291,-0.574781,0.208436,0.323828,0.122061,0.090645,-0.92543,-0.432265,-0.29488,0.44383,0.890583,1
0.376344,0.397379,-0.221613,0.0374932,0.27373,0.0192915,1.02825,-0.70281,0.294165,-0.330322,-0.588062,-0.0517314,-0.0537362,-0.286881,-0.307647,-0.195675,0.00167846,1.1354,0.243713,-0.56248,-0.258343,0.392796,-0.38634,0.285281,0.958501,0.0123357,0.212972,-0.351778,-0.0968464,0.672313,-0.466017,0.443208,0.46116,0.831152,1
1.13428,0.124464,1.32055,-0.164071,-0.185111,0.375658,0.441329,-0.771575,0.291809,-0.289657,-0.0734914,0.123465,0.228856,0.531339,0.547398,0.656171,-0.0650197,-0.907888,0.0329249,0.200321,-0.541757,-0.177153,0.137422,-0.0615301,0.106953,0.0620037,0.772344,0.0861229,0.276389,-0.876399,0.37066,1.20272,0.535911,0.850162,1
-0.606342,0.348424,-0.0595495,0.280281,0.436264,1.0637,-0.19377,0.353605,0.38816,0.285238,-0.358672,0.865022,0.000820225,-0.684711,-0.172685,0.180524,-0.150207,0.0629717,-0.139762,-0.926964,-0.48013,0.621534,-0.439547,0.67737,-0.189769,-0.904595,-0.499012,0.754,-0.516301,0.611328,0.643319,0.0884001,0.423198,0.817639,1
0.579348,-0.463131,0.797182,0.149948,-0.264557,-0.76422,-0.150799,0.321318,-0.24964,0.12283,0.539319,0.524064,-0.348483,0.586649,0.515812,-0.499712,0.452585,-0.581796,-0.243124,-0.119011,1.21222,-0.853394,-0.0356541,0.0359948,0.0164335,-0.287399,1.18225,-0.700256,0.0260231,0.251028,0.216812,-0.0316791,0.57445,0.876576,1
-0.362408,-0.29594,-0.0465027,-0.926082,-0.0993184,0.284195,-0.0436144,-0.349135,0.323176,0.303599,0.504176,0.428955,-0.181833,-0.155131,-0.76739,0.574321,-0.322735,-0.687382,0.792773,0.301991,0.195904,-0.751033,-0.242259,-0.702067,0.538262,0.417348,-0.0823673,0.264426,-0.32134,0.217112,0.219259,0.500102,0.539314,0.835275,1
0.0166304,-0.482771,-0.282055,-0.794666,-0.827493,-0.539354,-0.0958194,0.615725,-0.440169,-0.295909,-0.148267,-0.590773,-0.178731,-0.285715,-0.789339,0.527778,-0.321661,0.445228,1.22281,0.871223,-0.547549,-1.09584,0.516031,-0.287608,0.171979,0.519744,-0.17287,0.0300449,-0.42416,-0.168765,-0.324787,-0.541148,0.556948,0.821389,1
0.605592,1.27033,-0.271185,-0.131119,0.0451086,-0.110424,-0.597381,-0.496636,-0.00734027,0.109468,0.225384,-0.670128,-0.0213093,0.0269732,0.209952,0.241376,0.400298,0.144868,0.608085,-0.5562,0.110767,-0.199144,-0.381678,-0.0401694,-0.50828,-0.295647,0.600404,0.622184,-0.46264,0.427321,0.13917,-0.441981,0.548505,0.829524,1
0.328457,-0.364759,0.557176,0.450907,0.275664,-0.444712,-1.28843,0.428047,-0.408837,-0.0478538,-0.535705,1.00329,0.218361,-0.113252,-0.0319894,-0.224313,0.64428,-0.844791,0.397031,-0.499926,-0.536376,-0.973659,0.5286,-0.578235,0.767881,0.0420587,0.192324,-0.337076,0.322699,-0.828667,-0.758575,-0.762112,0.559186,0.909038,1
-0.181042,0.400903,-0.0770944,-0.215893,0.205872,0.660504,-0.028958,0.373481,0.065944,-0.727317,-0.482153,0.843895,0.538935,-0.0482853,-0.783782,-0.511958,-0.0115768,0.262596,-0.504085,-0.280985,-0.491988,0.601552,-0.42234,0.190193,-0.430121,-0.411326,0.0933957,0.226255,0.0382381,0.174764,-0.480117,0.158274,0.45909,0.808659,1
-0.353031,0.241199,0.227717,-0.220238,-0.0660429,-0.265559,-0.500851,-0.274664,-0.854207,0.233249,0.508423,-0.109795,-0.125911,-0.48111,0.263882,-0.887924,0.476472,-0.260359,7.19404e-05,-0.4865,0.108778,0.251318,-0.139556,0.0610829,-0.182601,0.084287,-0.0667429,-0.255639,-1.48343,0.559578,-0.0695518,0.119799,0.442582,0.785022,1
-0.187508,-0.533712,-0.297383,-0.0860821,-0.288617,-0.4483,-0.514815,-0.401121,0.0456526,-0.494433,0.383885,0.0436283,0.724068,0.154104,-0.374192,1.50059,0.352339,0.0681555,-1.09567,0.387406,0.449453,-0.460195,0.307295,-0.334893,0.540481,0.0420531,-0.722831,0.120105,0.0945735,0.446707,0.148682,-0.195344,0.559673,0.943008,1
0.223611,0.00502173,0.0355677,0.0777132,0.126983,-0.0426339,0.232509,0.281349,0.0949623,-0.497856,1.0054,0.0714389,-0.194014,0.423334,0.188368,0.0736797,0.105955,0.0383654,1.24584,-0.0111339,0.438705,0.357787,0.261606,0.357795,-0.251329,-0.0469789,-0.570683,0.842852,-0.588027,-0.326399,-0.324021,0.846984,0.480535,0.912876,1
0.32541,0.166857,0.42438,1.00544,-0.495352,-0.52761,0.0364352,0.677268,-0.121867,0.742453,0.435491,-0.378839,0.236613,0.0219133,0.117689,0.992871,-0.0335472,-0.196403,-0.263597,0.5406,0.263099,0.463935,0.182099,0.185623,0.312545,0.822888,0.050779,0.452965,0.173167,-0.458755,-0.584196,0.0223078,0.436809,0.810308,1
0.0128016,-0.196379,-0.0546143,-0.689992,0.974166,-0.0190316,-0.231789,0.113419,-0.525254,0.602191,-0.818446,0.591581,0.758688,-0.269567,0.689757,-0.637716,-0.0504822,-0.0929071,-0.00632481,-0.803672,-0.28441,0.458685,-0.467574,-0.350737,-0.0351524,-0.0716801,0.220568,1.07485,-0.0769539,-0.0685488,-0.0358741,0.334892,0.567757,0.80618,1
0.263683,-0.103076,-0.0827655,-0.166343,-0.617223,-0.908158,-0.230177,-0.00229995,-0.368384,0.452125,-0.110078,-0.672141,0.11763,-0.281998,-0.255363,-0.444656,0.308199,-0.279861,0.35957,0.412973,0.206994,0.226432,-0.108837,-0.164977,0.287819,0.0220833,0.297854,0.863197,-0.90427,0.177668,-0.511197,0.47317,0.521497,0.946197,1
0.199425,-0.7835,-0.960066,0.21215,0.522478,-0.266304,-0.110605,0.540836,0.26786,-0.553171,-0.539053,0.382969,0.594661,0.252985,0.0190734,0.419706,-0.0199606,-0.446959,0.379358,-1.22612,-1.49751,-0.255005,1.44646,-0.0771226,0.218165,-0.236019,-0.489893,-0.110487,0.592124,-0.240428,1.11024,0.214634,0.522296,0.810343,1
-0.419454,-0.0629155,0.114064,0.604881,-0.860935,-0.274046,0.109987,-0.397348,-0.119036,0.13819,0.0945501,-0.0825805,-0.0116572,0.379474,-0.366308,0.532919,-0.528397,-0.0284274,0.291626,0.490262,0.537916,-0.144289,-0.447576,0.407175,0.59736,-0.594202,-0.117538,0.272225,0.749223,0.575065,0.170676,0.441137,0.483126,0.806844,1
-0.431917,1.07195,-0.399003,-0.42573,0.00639126,0.427336,-0.341992,0.287292,0.0466793,0.246496,0.166805,-0.420726,-0.47412,-0.751708,-0.139282,-0.302159,0.581113,-0.0399397,0.0545133,-0.363733,-0.595352,0.0152321,-0.143466,-0.30018,-0.407411,0.788269,0.0165615,-0.252552,-0.511385,0.636068,-0.445116,0.13181,0.518057,0.92219,1
0.357297,-0.325701,-0.176351,0.509127,-0.954269,-0.42986,0.576668,0.134556,-0.0810346,0.816444,-0.477859,-0.845152,0.557482,-0.40983,-0.141226,-0.0558032,-0.152194,-0.241419,-0.00983068,0.366446,-0.100115,0.622281,0.00432184,-0.710066,-0.000178078,-0.163246,-0.528953,-0.48795,-0.253672,0.306586,0.0295293,0.459584,0.576064,0.9245,1
0.485508,0.0403061,-0.517159,0.619335,0.45969,-0.874487,-0.30895,0.645456,-0.750253,0.0933832,0.963715,0.991525,0.338702,-0.668053,0.28318,-0.45556,-1.1211,-0.471955,-0.338987,-0.0553116,-0.439312,-0.405508,0.206475,0.224674,0.00176145,0.0982632,-0.284207,0.576552,0.416187,0.0675473,-0.253562,-0.116298,0.494863,0.923586,1
0.363024,0.145896,0.187641,0.125766,0.250475,7.95,0.221298,0.284307,0.208235,0.397959,0.351491,0.183982,0.295927,0.222287,0.330021,0.284917,0.325023,0.18889,0.136623,0.290761,0.240789,0.10416,0.168321,0.37162,0.39667,0.103411,0.189138,0.113086,0.125674,0.377838,0.292632,0.158976,0.52,0.82,1
0.339824,0.28051,0.315991,0.317615,0.197841,7.95,0.194144,0.237205,0.335016,0.103842,0.110908,0.37273,0.158264,0.109226,0.305734,0.326111,0.324005,0.166127,0.278703,0.235339,0.255322,0.272799,0.255451,0.396239,0.122297,0.325286,0.358283,0.122406,0.377871,0.230484,0.289006,0.274162,0.52,0.82,1
-0.21243,0.130901,-0.209545,0.000381668,-0.308084,0.00702621,-0.31916,0.339538,0.549894,-0.867189,0.0637156,0.168869,-1.36448,0.415201,0.258952,-0.590095,-0.735506,-0.30068,0.0300892,0.758891,-1.0104,-0.184532,-0.00853135,0.0221646,-0.188533,0.185162,0.0857707,0.684268,-0.714097,0.793782,-0.545167,-0.202435,0.45002,0.77214,1
-0.147198,0.325074,-0.503027,0.128974,0.599874,0.29003,-0.0958307,-0.162284,0.78104,-0.709928,0.396141,-0.244194,-0.988923,-0.564871,0.169706,-0.102319,-0.738726,0.222257,0.649435,0.241473,-0.499218,-0.335668,-0.25611,1.04471,0.115429,0.147112,-0.136863,0.872486,0.0434343,-0.705173,0.187496,-0.567605,0.52487,0.784466,1
0.16347,0.107516,-0.434593,0.456312,-0.00129616,0.279095,1.21061,-0.247081,0.24283,0.424596,-0.437376,-0.118593,0.105595,0.603222,-0.395252,0.848852,0.185605,-0.390248,0.992083,-0.169928,-0.044968,0.603406,-0.247609,-0.0999016,0.412058,0.395042,0.111359,-0.231054,-0.364628,0.255796,0.117071,-0.890863,0.52439,0.895516,1
-0.203875,0.336941,0.663989,-0.176439,-0.228957,0.558531,0.309707,-0.984586,0.275608,0.694819,0.348044,0.565329,0.0448742,-0.0733945,-0.0307538,-1.12722,0.111512,0.0685717,0.0421645,-0.927759,0.106642,0.151828,0.653742,0.361393,0.234272,0.66609,-0.22443,0.688475,0.00318927,-0.161289,-0.60467,-0.0832875,0.44592,0.798865,1
0.257834,-0.15873,-0.217842,0.0848633,0.715668,-0.72157,0.489151,-0.445083,0.1324,0.530206,0.663685,-0.0226282,-0.406722,-0.0410563,0.723787,-0.124621,-0.17429,-0.810017,0.396584,-0.120635,0.536925,0.735476,0.750895,0.111705,0.220471,0.234986,-0.589658,0.939447,-0.508907,-0.121263,-0.662141,0.510189,0.571683,0.902638,1
0.439115,-0.280969,-0.206312,0.175538,-0.0593804,-0.395831,-0.595417,0.535374,-0.423062,-0.365428,-0.337247,-0.251011,0.589009,-0.307536,-0.280589,0.219961,0.532732,-0.0405143,-0.0141169,0.230247,0.678005,0.455651,-0.771725,-0.754828,-1.58777,-0.295057,0.855579,0.154683,-0.658832,0.72235,0.394932,0.0207684,0.573168,0.786578,1
-0.170278,0.727348,-0.334608,-0.338527,0.834494,0.438513,-0.423282,0.764203,-0.362879,-0.0847625,0.166315,0.475222,-0.372965,-0.103267,0.468714,0.12672,-0.0343814,0.00853559,0.471196,0.28335,0.0264355,-0.266163,-0.519813,0.452267,-0.150696,-0.260362,-0.534297,0.182148,-0.616381,0.99154,0.548746,0.913642,0.542805,0.88385,1
-0.0323147,1.28998,-0.273046,0.214174,-0.037708,0.175409,0.75942,0.23122,0.15708,-0.832064,-0.318301,-0.238548,0.39677,-0.684908,0.363256,-0.859334,0.139874,-0.605978,0.0778589,-0.371128,0.47446,-0.148732,0.136686,-0.790243,-0.752037,-0.428692,-0.505115,-0.326709,0.434755,-1.25597,-0.25529,0.509011,0.532903,0.923955,1
-0.556608,-0.894764,0.0710345,0.797732,0.27772,0.316539,0.842559,-0.162864,0.692313,0.30634,0.136363,0.924982,0.426802,-0.0066224,-1.00178,-0.55316,0.123669,0.682226,0.568948,-0.191112,-0.450024,-0.113607,-0.414197,-0.522408,-0.613401,-0.487403,0.903259,1.38868,-0.811778,0.209534,0.0426896,-0.192958,0.479296,0.837256,1
0.538351,-0.384573,0.305806,-0.88127,0.830113,-0.613479,-0.0463353,0.162342,-0.202257,-0.133964,-0.168751,-0.607139,-0.16339,0.558887,-0.13883,0.159583,0.0988452,-0.545645,0.193533,0.22651,0.318723,-0.728297,0.437388,0.546445,0.142006,-0.389807,0.737214,0.513227,1.07379,0.0666718,-0.0849488,0.161134,0.434646,0.90056,1
-0.195031,0.484424,-0.339074,-0.301078,0.778087,-0.40206,-1.0915,0.29713,0.536555,0.21802,-0.510359,0.152202,0.606191,0.122361,0.502555,-0.132561,-0.977949,-0.608162,-0.585745,0.163237,0.175632,-0.05582,-0.321445,0.0985739,-0.0611371,-0.400863,0.178393,-0.0544359,-0.3718,0.0506454,0.224087,-0.475879,0.578928,0.918682,1
-0.212032,0.549019,0.133477,0.226831,-0.291535,0.833862,-0.371258,-1.00225,-0.454345,0.724512,-0.47886,0.691418,-0.123109,-0.578699,0.154688,-0.259149,0.396296,0.837323,0.736512,0.0228412,-0.25277,-0.465743,-0.368466,-0.0975754,-1.05593,-0.555277,-0.173854,-0.202015,0.301949,-0.813209,-0.173785,0.0217879,0.467793,0.826759,1
0.176272,-0.357777,-0.836791,0.0798798,1.34476,-0.00527512,-0.938609,-0.311582,0.0502434,0.102346,0.629992,-0.4236,-1.02517,-0.252607,0.0615332,-0.190886,-0.388443,-0.514221,-1.08043,-0.300653,-0.364832,0.0127878,-0.69961,-0.805862,-0.0883452,0.00496883,0.0992582,-0.310552,-0.615623,-0.423973,0.0481354,-0.0749199,0.423542,0.868875,1
-0.266783,0.200464,0.115748,0.590053,-0.504958,-0.953587,-0.121659,0.11545,0.246362,-0.308377,0.398948,0.35507,-0.709769,-0.0569718,-0.293003,1.27374,1.079,-0.379346,0.167285,0.359752,0.148175,0.539552,-0.0731217,0.122336,-1.00015,0.818207,0.520058,0.251001,-0.167597,0.0687946,-0.523735,0.178801,0.559449,0.779267,1
0.315354,-0.623491,-0.465612,0.104606,-1.66006,0.781966,0.637223,0.291187,0.244783,1.22304,-0.0902731,-0.531448,-0.648118,-0.887755,-0.395019,0.0525812,-0.364583,0.238631,0.413396,0.0201868,0.152447,-0.244259,0.431564,-0.0352078,-0.343453,-0.241287,-0.714044,0.268393,0.728573,0.0598244,0.330613,1.52195,0.487205,0.849115,1
-0.510839,-0.176033,0.0588789,-0.75734,-0.296903,-0.614732,0.572598,-0.153451,0.154483,-0.637103,-0.201708,0.227674,-0.216532,0.308865,-0.126957,0.325668,-0.253287,-0.0440064,0.822239,0.1341,-0.446924,-0.25926,0.0701967,0.263612,0.326634,-0.168398,0.246786,-0.386728,0.180922,0.0878007,0.0251143,1.05278,0.434903,0.82172,1
0.371698,0.152481,0.236802,0.287838,0.319183,7.95,0.179042,0.115422,0.398076,0.293938,0.319272,0.143703,0.245773,0.371063,0.37112,0.204075,0.252993,0.294519,0.335632,0.238609,0.376327,0.206617,0.347402,0.253298,0.252872,0.235991,0.318934,0.272368,0.105599,0.398455,0.204295,0.362569,0.52,0.82,1
0.0832873,0.198532,0.455253,0.00257697,0.724344,0.10524,-0.193981,1.28426,0.0180017,0.369852,-0.0541249,-1.33209,-0.183404,-0.787808,0.209551,-0.0746707,0.151252,0.520134,0.18672,0.834601,-0.301039,0.308771,-0.487381,0.0909079,-0.746692,-0.101567,0.573386,-0.122611,0.123464,-0.160955,-0.463987,0.732432,0.556376,0.766338,1
0.997788,0.0223491,0.119273,0.403751,-0.234809,-1.02374,0.229616,-1.02325,0.11447,-0.883028,-0.400053,-0.262699,-0.191927,0.282429,0.727725,0.314696,-0.872094,-0.545867,-0.517246,-0.748455,0.643753,0.197103,0.0342773,-0.981286,-0.296194,-0.416769,-0.368313,0.350094,-0.946432,0.128675,-0.288267,-1.31056,0.478271,0.834164,1
-0.706726,-0.714999,-0.0913322,-0.384516,0.233094,0.329024,0.636667,0.18323,-0.0105973,0.336897,0.0201492,-0.635747,0.477153,0.687048,-0.386522,-0.0798671,0.199911,-0.652705,0.778009,1.40165,-0.392595,0.3903,-0.808693,0.431644,0.442152,-0.281318,-0.159565,-0.242346,0.0422381,0.429769,-0.774267,-0.387828,0.458484,0.793363,1
0.158471,0.0126745,-0.129819,0.841777,-0.156513,0.53143,0.317269,-0.267001,0.487177,-0.12377,0.811208,0.10915,-0.0161305,0.625507,0.427886,0.598621,0.0595264,-0.717588,0.358252,-0.315137,0.024835,0.0258923,-0.23971,-0.32939,0.485524,-0.479604,-0.448558,-0.140775,0.0914866,-0.699407,0.418985,0.0670243,0.475154,0.764485,1
0.992028,-0.63421,0.880926,0.0566415,-0.21071,0.245356,-0.219845,-0.0946452,-0.48365,0.744456,0.70125,-0.537368,0.0705354,0.482513,-0.27752,-0.810459,0.323863,0.741235,0.177114,-0.0328579,-0.202596,-0.733986,-1.09333,0.0175677,0.340496,-0.542474,0.77147,-0.0831547,-0.145778,0.532175,-0.576942,0.62548,0.50119,0.859968,1
1.34955,0.997262,0.620428,0.641935,-0.222881,0.597666,0.355148,-0.736714,-0.00663665,0.519389,-0.471892,0.117433,-0.750867,-0.30322,-1.0635,0.188747,-0.40661,-0.305921,-0.0786718,0.456015,-0.284659,-0.651727,-0.80841,0.450754,-0.50508,-0.742656,1.1197,0.278488,-0.0444438,-0.767277,0.217232,0.167191,0.561082,0.871569,1
0.185908,-0.375766,-0.33015,0.162278,0.254175,0.605463,0.282746,0.221591,0.34054,-0.0524602,0.458699,-0.627987,0.544326,0.669373,0.0244619,0.440765,-0.197885,0.0399023,-0.100075,1.00692,0.0561159,0.335519,0.213672,-0.148157,-0.15369,0.755145,0.140644,0.152902,0.178575,-0.380068,0.309721,-0.29965,0.464978,0.770748,1
0.251569,0.817245,0.207764,-0.24597,-0.506128,-0.242109,-0.272859,-0.252615,0.287872,-0.118084,0.197565,-0.345068,0.0408946,-0.679506,0.783839,-0.0193927,0.0726038,-0.85797,-0.021662,0.382668,0.166398,-0.379051,-0.696073,-0.878617,-0.610117,-0.388107,0.0253277,-0.42582,0.0297119,0.268476,-0.360952,0.19208,0.436497,0.777024,1
-0.340534,-0.41029,-0.119262,-0.204446,-0.147971,0.564669,0.350681,0.00779621,0.0446732,0.0596095,-0.407901,-0.147641,0.290036,0.227441,-1.47374,-0.0674317,-0.272777,0.209688,-0.109632,-0.320116,0.0593615,0.228927,-1.1223,0.172887,0.488711,-0.103534,0.284227,-0.515037,0.428147,0.47226,0.150897,-0.549273,0.562668,0.931549,1
0.130508,0.124561,-0.449426,-0.207211,0.605654,-0.396159,0.90894,-0.554797,-0.552338,-0.997071,0.190833,0.230092,0.884217,-0.991213,-0.0344829,-0.0121145,0.385357,0.103125,0.0302,-0.730235,0.0788142,0.752315,-0.056654,0.566739,-0.0700623,1.30816,-0.359479,0.917319,-0.386005,-0.0610889,0.114945,-0.124594,0.572675,0.844851,1
-0.814343,-0.092524,0.04798,0.904842,0.548526,-0.4421,0.637003,0.237161,0.522931,-0.535483,-0.303449,-0.238593,-0.192426,-0.203419,0.287757,0.102786,0.284114,-0.639653,0.626509,-0.839259,0.238772,-0.568695,0.0735072,-0.0278708,-0.743764,0.229815,0.312908,-0.44276,0.150687,0.404698,0.0822975,0.125984,0.554113,0.802952,1
0.407959,0.789522,0.212059,0.0181559,0.549956,-0.62917,0.203545,0.594174,1.01245,-0.265307,0.12321,0.279834,0.698393,0.134815,-1.01137,0.0887554,0.11595,0.224624,0.296454,0.222925,-0.150789,0.331495,-0.0211615,-0.496354,0.0180315,-0.48021,0.0757628,-0.264157,0.293804,0.713364,-0.159016,-0.629585,0.457216,0.76099,1
0.320249,-0.18774,-0.0769624,-0.389888,-0.586091,-0.583504,0.558233,-0.713998,-0.311542,0.0613496,-0.558319,0.28095,-0.493076,-0.147553,0.0345918,0.559367,-0.784657,-0.321292,0.835995,0.313339,-0.326533,-0.422915,-0.483009,0.193047,-0.257191,0.346974,-1.03896,-1.15201,-0.0198801,-0.568274,0.849946,-0.659479,0.469571,0.834039,1
0.356524,0.170452,0.475433,1.01844,-0.139337,1.42796,-0.836175,0.0450193,0.43691,-0.567578,0.906972,1.07219,0.869302,-0.703426,0.977365,-0.963999,0.624821,-0.452439,-0.303043,-0.434359,0.710481,-0.556326,0.674971,0.179772,0.494514,0.016079,0.124299,-0.690524,0.618123,-0.507096,-0.0221526,-0.730656,0.483068,0.836286,1
0.215885,0.108709,0.24622,0.39161,0.200636,7.95,0.374238,0.204839,0.312014,0.316374,0.217742,0.119906,0.358523,0.317353,0.360319,0.145758,0.12784,0.164232,0.281864,0.292873,0.383657,0.309134,0.384988,0.380899,0.307367,0.17479,0.381847,0.244144,0.349742,0.247615,0.259231,0.128023,0.52,0.82,1
-0.457277,-0.215525,0.309861,0.378303,0.303296,0.334478,-0.306946,0.560174,0.336596,-0.345621,0.59741,0.019992,0.175166,-0.0919048,0.2237,-0.607069,0.945046,-0.0324656,0.255137,0.000485644,-0.293967,-0.406956,-0.262655,-0.310773,-0.231959,0.184703,-0.144775,0.787185,0.576368,0.804053,-0.317277,0.257151,0.492843,0.79202,1
0.810238,0.763143,-0.591622,-0.338326,-0.26847,0.657551,-1.32411,-0.158616,-0.762812,-0.636789,-0.246028,-0.792302,-0.18452,-0.865135,0.137608,1.2383,-0.119232,-0.349778,-0.256363,-0.390039,0.0497876,0.149563,-0.0329552,-0.881171,0.21078,0.214751,-0.244002,0.320913,-0.618367,0.408047,0.608135,0.447845,0.482389,0.849614,1
-0.287502,-0.88478,0.231144,-0.555753,-0.0879378,0.382347,0.134942,-0.029823,1.35066,-0.101479,0.159988,-0.187056,-0.96937,-0.0683243,0.140045,0.174252,0.302998,-0.21861,-0.279532,-0.0392856,-0.581171,0.458821,0.0995924,0.646979,0.881446,0.392364,0.990296,0.341944,-0.0780854,0.291503,0.070732,-0.0382632,0.463973,0.880665,1
0.514008,1.1922,-0.405829,0.479079,0.0552729,0.525255,-0.551834,0.379491,0.0809894,1.30043,0.706582,-0.0320252,-0.0276041,0.809311,-0.45299,-0.437526,0.438157,-0.519701,0.102176,-0.016808,0.0883089,-0.32095,0.135806,0.234844,-0.281058,0.42106,0.218205,0.370799,0.0732464,0.655436,0.197491,0.429305,0.468675,0.763695,1
0.481047,-0.172863,0.461925,0.829166,-0.184339,0.337761,-0.309642,-0.957404,0.715383,-0.188209,-0.576221,-0.228057,-0.276894,0.0960437,0.338425,0.0473668,0.0471531,-0.355118,-0.466901,0.0369033,-0.00205344,0.632455,0.325009,1.11113,-0.072158,0.60829,-0.374633,0.342837,-0.418297,-0.257526,-0.681076,0.0494417,0.499524,0.861908,1
-0.745883,-0.82806,-0.101244,0.225635,0.0673522,-0.266025,0.0673116,-0.328374,-0.00820748,-0.314981,-0.336529,-0.602426,0.665289,-0.706666,-0.508626,-0.486821,-0.330785,0.227677,-0.705741,0.743756,-0.0330037,0.231444,-0.64036,-0.127845,-0.305485,-0.0522992,-0.898956,0.209655,0.145938,0.109821,-0.0473092,-0.62502,0.519037,0.885992,1
-0.180317,-0.199764,0.229896,-0.732096,-0.72267,-0.303717,-0.358462,-0.0745617,-0.129094,0.422629,0.044573,0.55814,-0.650195,0.383611,-0.612763,-0.666267,0.6246,0.52877,0.853418,0.396332,0.621059,-0.0979908,-1.0633,-0.579441,-0.0308932,-0.331651,0.0973079,0.783756,-0.0749014,-0.863523,-0.73417,-0.0610002,0.493815,0.80619,1
0.655288,0.277805,0.58832,0.117312,0.221334,-0.47715,-0.488348,-0.199187,0.114467,0.658349,-0.357625,0.169349,-0.710761,-0.156641,0.421622,-0.59934,-0.312625,-0.271549,0.425737,0.0397872,-0.181209,0.519706,-1.11288,-0.0636888,0.0516985,-0.345332,0.775735,-0.270684,-0.258972,0.741783,-0.997617,-0.635353,0.494827,0.819821,1
-0.280595,-0.446239,0.138026,-0.528489,0.35453,0.622399,-0.0434796,-0.194465,0.211417,0.544628,0.123123,-0.00275378,0.127591,-0.505092,-0.256724,-0.823691,0.166792,0.908561,0.589341,-0.132125,0.0347036,0.238676,0.373482,-0.745379,-0.576007,-0.0513917,0.267634,-0.0556883,0.102747,0.356058,-0.564026,0.437428,0.52755,0.82382,1
0.102183,-0.12952,0.422572,-0.403655,-0.157268,-0.512627,-0.575066,0.478174,-0.536276,0.670564,0.093289,0.0354741,-0.680351,-1.01193,-0.372212,0.167521,0.502947,0.341515,0.333853,0.354236,0.281152,-0.370176,0.130029,0.629016,0.0811697,-0.514562,0.0912697,-0.285553,0.0962867,0.120651,0.564541,0.0835351,0.500133,0.846358,1
0.668124,-0.185336,0.306564,-0.0226512,0.629135,0.255219,0.505479,-0.202227,0.281001,-1.63055,-0.264303,-0.520354,0.282904,-0.227324,-0.0752065,-0.815946,0.441082,0.0966987,-1.00429,-0.658778,-1.03281,-0.455613,-0.15016,0.228659,0.177885,-0.410793,-0.569566,0.463271,0.291401,-0.424798,0.172968,0.142219,0.484935,0.779549,1
-0.723978,-0.249201,0.309258,-0.314186,-0.151063,0.447905,0.439071,0.60645,-0.257724,0.542214,0.00904294,-0.66748,0.761489,-0.0642051,0.0153143,-0.817402,-0.434555,0.178313,0.309811,-0.791939,0.103989,-0.0451207,0.0430919,-0.272605,1.41367,-0.358799,-0.412417,-0.419669,-0.260261,-0.426013,0.184293,0.151928,0.54555,0.86454,1
0.141187,0.156956,0.396683,0.101898,0.127236,7.95,0.170436,0.154608,0.273468,0.107706,0.108591,0.26342,0.229198,0.370496,0.30254,0.311088,0.379923,0.325801,0.191715,0.31423,0.15781,0.232384,0.18213,0.222186,0.129672,0.356518,0.307019,0.113475,0.314595,0.117445,0.111912,0.373091,0.52,0.82,1
-0.632327,-1.15154,0.0899724,-0.537405,-0.307006,0.0469842,0.848137,0.307372,0.501939,-0.227078,-0.757756,-0.209682,-0.190479,0.480863,-0.0407568,-0.522753,0.336007,-0.188024,-0.0691357,0.25424,-0.439583,-0.529994,0.0194357,0.0320199,-0.449047,-0.744206,-0.274775,-0.364331,-0.237493,-0.176902,0.655848,0.332295,0.458806,0.913758,1
0.501324,-0.131728,0.0556367,0.00347735,-0.147058,-0.55165,0.481914,-0.653467,-0.349152,0.0921977,0.191888,0.0615653,-0.460698,-0.0200791,-0.316208,0.623589,0.616077,-0.996237,-0.21449,0.681316,-1.18326,-0.0610169,-0.0644249,0.583345,-0.385712,0.531897,0.06195,0.3747,0.288017,-0.56231,0.269994,0.0632644,0.5612,0.789112,1
-0.594007,-0.5321,0.624271,-0.0414574,-0.133267,0.896476,-0.396563,0.415535,0.727997,0.461987,0.080519,0.734914,-0.0235287,-0.508205,0.19064,-0.397215,-0.54607,0.412546,-0.895531,0.155537,-0.263174,-0.473215,0.0108557,0.482124,0.586071,1.08155,0.0115502,-0.624897,0.515745,0.390846,-0.0182286,-0.546315,0.454822,0.761983,1
-0.648693,0.104155,-0.0531808,-0.0201911,0.375025,0.369763,-0.272063,0.0886027,-1.01481,-0.51818,0.444191,0.116947,1.14328,-0.275062,-0.462541,0.867268,-0.09959,0.213686,0.170194,0.35598,-0.439221,-0.604426,0.380768,-0.909727,0.645906,-0.319218,-0.401692,-0.188652,0.0353927,-0.626923,-1.40714,-0.257584,0.476634,0.822771,1
-0.103505,-0.782659,0.466768,-0.0346927,-0.0291201,-0.848755,-0.606677,0.432636,0.0621379,-1.0363,-0.440728,0.227092,-0.635406,0.249476,-0.366126,-0.37629,0.479807,0.0473474,-0.491069,-0.470007,0.193183,0.608201,0.428937,0.118046,0.659682,0.296438,0.0663567,-0.929761,-0.251598,0.704867,0.488678,0.979606,0.569871,0.915881,1
-0.00334438,1.01597,0.345362,1.29548,-0.679946,-0.175771,0.262645,-1.51677,0.513424,-0.770047,0.703837,-0.277755,-0.476586,-0.459645,-0.0520298,0.560148,-0.172004,-0.382276,-1.66125,-0.00695402,-0.177991,0.933262,-0.554798,-0.237001,-0.362368,-0.798724,-0.467434,-0.834746,-0.21292,-0.189412,0.193386,0.671378,0.468569,0.812137,1
-0.129582,-0.240849,-0.49487,-0.846197,-0.0248655,-0.315454,-0.956675,-0.611302,0.218454,-0.496483,0.243443,-0.135433,-0.673271,-0.491732,0.568323,-0.814601,-0.957356,0.88878,-0.525599,0.503357,0.136757,0.204582,0.0929406,0.00736116,0.810128,-0.260534,0.0225082,-0.252651,-0.00601127,-0.0256739,0.541339,0.0475592,0.476652,0.928665,1
-0.10275,1.29943,0.606778,-0.834032,-1.01443,-0.363376,-0.170187,0.425447,0.285199,0.1207,0.0464421,0.0447453,-0.516929,-0.308,0.516487,-0.134951,-0.662036,0.144691,-0.619269,0.4533,-0.0560443,1.24726,-0.614972,-0.196858,0.215699,0.262937,0.450636,0.066011,-0.224306,-0.17558,-0.215596,-0.350661,0.510703,0.874583,1
-0.586547,-0.632583,-0.129357,-0.470348,-0.244077,0.296937,0.0498006,-0.306643,-1.11945,0.44752,0.648747,-0.414068,-0.231462,-0.0377639,-0.291701,0.6594,0.186116,0.0041401,0.0768952,0.978213,-0.156302,-0.673015,0.66268,-0.00016555,-0.0117721,0.224594,0.181512,-0.238326,0.831351,0.228189,0.39797,0.375538,0.501985,0.926886,1
-0.125722,-0.610064,-0.177704,-0.281401,0.207495,0.415513,0.14289,-0.276611,0.17403,-0.628106,0.54648,0.266233,-0.446766,0.0285156,-0.0158074,-0.348761,-0.148609,-0.0834433,-0.32496,0.481775,0.213065,-0.323274,-0.799988,-0.173052,-0.205345,0.0963108,-0.76442,0.311628,-0.148001,-0.777992,-0.197851,0.22057,0.511828,0.873995,1
-0.842296,0.00886916,-0.112749,0.542629,0.178619,-0.00782251,0.145841,-0.596187,-0.459508,0.445937,0.0060131,-0.0346965,0.337712,0.449104,0.376414,-0.313447,0.541163,-0.749347,0.141157,0.346748,0.884418,-0.638585,0.131793,1.1457,0.401691,0.105895,-0.290109,-0.105425,0.00568052,-0.0179046,-0.889806,-0.897965,0.450049,0.826796,1
-1.03819,0.511786,-0.080802,0.596854,-0.314851,0.205852,-0.155559,0.50476,0.58404,-1.28639,0.749866,0.373302,0.180503,-0.0480249,0.664055,0.199506,-0.16326,-0.165437,-0.241261,0.406474,0.0188218,-0.399404,-0.572005,0.349068,0.468122,0.572747,-0.161816,-0.511152,0.0931733,-0.0442636,-0.519722,0.129141,0.571699,0.801229,1
-0.140414,-0.914313,-0.383143,-1.83751,0.309455,-0.563054,0.225254,-0.130451,-0.263872,-0.0417235,1.11081,-0.753513,-0.330143,-0.268467,-0.469753,0.430092,-0.00899507,0.0287982,-0.0752339,0.794944,0.0731262,0.0495704,0.082531,0.15175,-0.898723,-0.143161,1.0069,-0.0528661,-1.13,-0.76347,0.168096,0.112111,0.503846,0.917735,1
0.360435,0.366461,0.303942,0.280313,0.238975,7.95,0.192433,0.169791,0.373485,0.312834,0.293841,0.348703,0.154718,0.333912,0.108941,0.11086,0.211286,0.342839,0.229723,0.336684,0.185311,0.331235,0.392222,0.158297,0.399924,0.231322,0.206248,0.224082,0.272029,0.351758,0.121814,0.293929,0.52,0.82,1
-0.852065,-1.22708,0.561726,0.603925,-0.362592,-0.522856,-0.678131,-0.261586,-0.316705,-0.455458,0.501451,0.565227,0.336358,-0.756247,0.678118,-0.390504,0.519307,0.934606,0.126981,0.347448,0.217595,-0.52971,-0.372003,0.00909183,-0.328687,0.508437,0.416274,-0.213178,0.107259,-0.224471,-0.149409,-0.452027,0.485252,0.77869,1
-0.703664,0.405206,0.421578,0.734144,-0.641649,0.41927,-0.0104454,0.174993,-0.10238,0.241836,-0.389478,0.0412204,-0.199397,-0.748439,-0.302911,-0.833313,-0.0554553,0.238508,0.226534,-0.398334,-0.585645,0.784035,-0.181893,-0.42863,-0.31624,-0.445092,0.186834,0.155461,0.0738846,-0.267374,0.0915958,0.263902,0.531531,0.856389,1
0.164948,0.345079,-0.223095,1.44681,-1.16334,0.949504,0.0406021,-0.247281,0.433859,0.390942,-0.622601,-0.604095,-0.256454,0.164149,1.01059,-0.504545,0.0283699,0.179908,-0.390062,-0.652519,0.199338,-0.275294,-0.978547,0.0469836,0.391533,-0.765292,-1.08598,0.00121614,0.253018,0.104896,0.358256,0.811447,0.536004,0.917923,1
0.981115,0.0702375,0.188223,0.847304,0.346153,0.0500879,-0.324974,-0.197429,-0.241815,0.119047,-0.208456,0.1224,0.149246,-0.2082,-0.594869,-0.354229,-0.16252,-0.304473,-0.317125,0.426525,-0.685088,0.165173,-0.283965,0.429798,-0.0358191,-0.224093,-0.747422,-0.364553,-0.514422,0.597205,-0.71687,-0.0996123,0.430444,0.835814,1
-0.138136,-0.895241,-0.489204,-0.184273,-0.807763,0.278361,-0.316515,0.282956,0.268261,-0.227858,-0.330569,-0.777138,0.365573,0.7903,-0.353888,-0.63196,-0.0632638,-0.499356,0.480851,-0.266792,-0.121871,-0.00946069,0.148566,-1.07063,-0.0375475,0.225468,0.0557623,1.09802,-0.00384724,-0.638572,-0.414737,1.14084,0.446681,0.802151,1
-0.372063,0.0285677,0.258607,-0.0424508,-0.551976,-0.530972,-0.110629,0.293018,0.625733,-0.904857,-1.08639,-0.180971,0.597508,0.0995079,-0.145136,-0.942394,0.291886,0.294044,0.125329,-0.49427,0.0822517,0.419075,-0.0411491,0.241529,-0.10745,-0.231201,0.422425,-0.0898139,-0.0997982,-0.318223,-0.280856,0.026242,0.563658,0.891981,1
0.150826,0.569356,0.508594,0.223061,0.624649,-0.543817,0.185779,-0.312685,0.112342,0.339588,0.341688,0.0831115,-0.638564,-0.0469661,-0.605826,0.0186943,0.094958,0.502396,0.0243824,0.670553,-0.867724,-0.412388,1.09828,0.342225,-0.975371,0.241513,-1.21479,-0.158836,0.0787282,-0.110914,0.476978,0.17835,0.542252,0.792774,1
0.517173,0.0402985,0.53208,-0.435846,0.0327482,0.362571,-0.297953,0.0864013,0.313469,-0.764667,0.00788615,-0.106917,-0.773171,0.998652,0.212243,-0.759919,0.063333,0.27589,-0.220286,-0.0956075,-0.283128,0.23426,-0.325179,0.104356,-0.887599,-0.785692,0.415726,-0.401887,0.579361,0.543724,-0.107742,0.120791,0.483196,0.79362,1
-0.148875,0.093114,0.763879,0.427158,0.00831676,-0.627284,-0.671713,0.220919,-0.344153,-0.544175,0.212568,-0.190061,0.123699,0.551664,0.363248,-0.0141081,0.555403,-0.529431,-0.0131427,-0.734376,-0.503089,-0.14776,-0.309468,-0.159395,-0.168372,0.102334,0.673765,0.876856,0.37497,-0.44728,-0.900231,0.471563,0.552468,0.843724,1
-0.985888,0.422075,-0.650216,0.66394,0.60179,0.601755,0.35784,0.560295,-0.0438025,0.50428,-0.441,-0.210517,0.0540686,0.0351799,0.0717266,-0.422551,-0.00750056,-0.0681959,-0.134093,-0.723282,0.64585,0.108622,0.914976,0.838934,-0.132446,-0.631891,0.496241,-0.482203,-0.238579,0.900728,0.406199,-0.0696324,0.443428,0.770476,1
0.474501,-0.201193,-0.031934,0.374139,-0.129738,-0.510926,-0.216061,0.300956,-0.450477,-0.201415,-0.432771,0.152922,0.308528,0.940011,-0.432959,0.000268889,-0.0963676,0.197538,0.774949,-0.279083,-0.696333,-0.0548875,-0.1162,-0.574979,0.0927855,0.604962,-0.240492,0.534961,-0.203734,0.0430151,-0.0335156,-0.124984,0.553544,0.883964,1
-0.539278,-0.503242,0.470275,-0.530426,0.382362,0.372619,0.359099,-0.0633205,0.222174,-0.275543,0.550887,-0.243104,-0.623942,0.0337332,-0.157696,-0.00560554,-0.00826066,0.575095,-0.395193,-0.929779,0.523251,-0.903637,0.760229,0.92066,0.174247,-0.0749168,0.538026,-0.199955,-0.195864,0.0321934,0.646556,-0.793382,0.569188,0.822294,1
-0.262792,0.938496,-0.321603,-0.0694504,0.0662778,0.487502,-0.70606,-0.0695371,-0.697001,0.218496,0.66742,-0.592246,-0.376185,0.0248347,0.346605,-0.13103,-1.32253,0.0119844,-0.0170431,-0.575667,0.00022991,0.178481,-0.235187,0.344648,-0.529484,0.195019,-0.482349,-0.318737,-0.301546,0.243321,0.0879617,0.310112,0.537328,0.805934,1
1.34571,0.656031,-0.566389,-0.626091,0.0765333,0.137193,0.0907158,-0.810975,0.455582,-0.28589,0.186661,0.329305,0.557914,-0.839691,0.10864,0.12585,-0.233375,0.776167,-0.0402776,-0.571522,0.137659,-0.289369,0.2527,0.0407074,0.305986,0.063625,0.771888,0.382562,1.01263,0.606101,0.362139,0.0365712,0.540258,0.826991,1
0.244697,-0.226943,-0.527837,0.863786,-0.316541,-0.913822,0.443199,-0.258165,-1.13604,-0.302561,-0.256652,0.420557,0.111153,-0.118702,0.33505,0.818512,0.476183,0.0883808,0.503249,0.132684,0.70592,-0.105522,1.00608,-0.0796554,1.40854,-0.115457,-0.104881,0.28786,0.131844,0.0735321,-0.142377,0.445124,0.460238,0.889368,1
-0.299118,0.475759,0.670327,-0.278937,0.237158,0.316369,-0.227652,0.0755971,-0.0873916,-0.120019,-0.454782,0.0321529,0.167318,-0.0754054,0.255922,0.631479,-0.428803,0.388345,-0.144967,-0.613121,-0.80796,-0.257325,-0.18849,-0.450837,0.328444,0.374536,0.365331,-0.0312293,-0.654823,-0.354835,0.0360077,1.32754,0.545569,0.882022,1
-0.655053,-0.314832,0.264807,-0.0947749,0.174124,-0.148178,0.367901,0.62381,0.548425,0.1812,-0.0837044,0.170703,0.308652,0.0880105,0.355456,-0.270547,0.0860644,-1.33457,0.159121,1.35505,-0.029305,-0.445576,-0.304572,0.839171,0.118308,0.194617,-0.0296155,0.156077,-0.110213,0.0101098,0.6508,0.184826,0.474177,0.8036,1
-0.358865,-0.776749,-0.0842202,0.771444,-1.0212,0.144014,-0.423774,0.761388,0.489945,0.167096,0.0900332,0.120159,-0.583029,0.475586,0.526739,-1.14511,-0.669677,0.0389303,-0.205189,-0.722744,0.155204,-0.980947,0.163257,0.253249,-0.69291,0.63168,0.888386,-0.179835,-0.346527,0.0397604,0.122181,0.0437347,0.567077,0.878946,1
0.639568,-0.62557,-0.165238,-0.64587,-0.354154,0.48852,0.340874,0.0606164,-0.173211,1.04357,0.419547,-0.136104,-0.58144,0.0155157,-0.52363,0.431853,-0.0202573,0.527844,-0.580965,0.357574,0.277833,-0.130801,0.324486,0.000218917,-0.159067,0.516415,-0.0751862,0.365517,-0.230532,0.0938433,0.25029,-0.205296,0.562464,0.817142,1
-0.264961,-0.866572,-0.715219,0.0482036,0.434234,-0.0366187,0.0105006,0.223508,-0.572262,0.410217,-0.4263,-0.609314,0.792626,0.371598,0.7936,-0.12697,-0.570411,-0.554731,-0.0080518,-0.542317,-0.27725,-0.243034,-1.21889,0.271464,-0.299026,0.450794,-0.00665832,0.24932,0.280057,0.130208,-0.517577,-0.595732,0.469575,0.790907,1
-0.0158526,-0.651684,0.159573,0.690652,-0.070796,0.0449738,0.139152,0.0890679,-0.433852,0.116674,0.758339,0.376294,-0.0291986,0.386806,-0.275951,0.281204,-0.280524,0.0351802,-0.116375,-0.813801,0.248917,-0.299312,0.321653,0.794217,-0.700884,-0.556719,0.00612867,0.0906464,0.586245,-1.11593,0.618895,-0.767131,0.536751,0.854032,1
-0.307155,0.427154,0.125469,0.0137424,-0.644944,0.30218,-0.572161,-1.00187,0.820245,0.253927,0.429209,-0.352232,-0.0736583,0.234662,0.159545,-0.0433246,-0.292908,-0.40448,-0.108349,-0.17239,-0.425976,-0.0963327,-1.1425,0.372657,-0.630506,-0.419214,-0.255727,0.750665,-0.0113562,-1.31004,-0.417623,-0.105442,0.562818,0.806026,1
0.223319,0.0571384,0.597637,0.509526,-0.299943,0.590566,-0.0456839,-0.248651,-0.0535065,0.5625,-0.532902,-0.868671,0.282789,0.0904887,0.912477,0.00291978,-0.407461,0.775468,0.791504,1.01856,-0.0591609,-0.276707,0.806981,-0.144186,0.693605,0.0497691,0.581068,-0.0420303,0.208956,0.805966,0.324037,-0.227686,0.577376,0.888776,1
0.399799,0.00522777,-0.330405,0.335401,0.288403,1.51764,0.483359,-0.0766703,-0.128613,-0.0234981,0.139083,0.911241,-0.00110708,0.13713,-0.377881,0.19869,-0.264988,-0.486093,0.122676,-0.673503,0.138551,-0.738129,0.394883,-0.236641,-0.487379,-1.15552,-0.62873,0.0193549,0.511722,-0.538087,0.396387,-1.01875,0.501696,0.785645,1
0.329034,0.575626,-0.450671,0.270206,0.263997,-1.68969,-0.311926,-0.444578,-0.456092,-0.0550259,0.808056,-1.18832,-0.242986,-0.00864013,-0.226551,-0.347795,1.107,0.0468995,0.257053,0.893064,-0.621987,-0.547143,-0.689612,0.485325,0.593533,-0.573179,0.0234358,-0.263139,-0.129484,-0.215788,-0.197321,-0.554494,0.480972,0.877841,1
-0.100007,-0.341939,-0.411188,-0.212111,0.283229,0.0558805,0.381434,0.449599,-0.924283,-0.285494,0.174776,0.249171,-0.170178,-0.240019,-0.141271,0.0304747,0.767756,0.369743,-0.000695907,-0.367432,0.243746,-0.508305,-0.466378,0.526385,0.486956,-0.621295,0.0738973,0.379918,0.091283,0.295453,0.0626993,0.0184328,0.557563,0.939024,1
-0.693263,0.129283,0.083824,-0.829696,-0.0318516,-0.590939,-0.386466,0.526566,-0.626417,0.0308903,0.50575,0.0494236,0.143011,-0.558504,0.111653,0.0279972,0.0183428,-0.20209,-0.260513,0.0544081,-0.136279,-0.135205,-0.508416,0.181334,-0.0369992,0.0131442,-0.145811,0.342042,-0.519938,0.0263993,0.58252,-0.462286,0.524343,0.916175,1
-0.240147,0.211115,0.0834788,-0.38084,-0.688784,0.189338,-0.386861,0.576076,0.697521,-0.522505,-0.173686,-0.507917,0.246484,0.644024,-0.0418116,0.391345,-0.237855,-0.081785,1.32159,0.975447,-0.827873,1.07623,-0.573001,-0.0519361,0.449156,-0.0714553,0.514349,0.218873,0.895581,-0.802092,-0.0887276,-0.289362,0.542811,0.899609,1
0.241822,-0.374399,-0.446337,0.254111,-0.623523,-1.14345,-0.156329,0.0270697,0.0358579,-0.0345011,0.500906,-0.226293,0.826441,-0.279177,-0.335265,0.99921,-0.231473,-0.120872,0.51009,-1.02622,-0.187234,0.229803,0.534998,0.340789,0.115686,0.943498,0.177804,-1.26644,0.362667,-0.322705,0.258928,0.00980339,0.479183,0.853472,1
-0.292203,-0.841822,1.11569,-1.01344,0.0561052,0.497327,0.0915531,0.627459,-0.678187,0.310584,-0.0829291,-0.326951,1.10963,-0.41861,-0.201997,-0.382893,-0.818641,-0.543305,-0.736229,0.499388,0.580829,-0.523965,1.39075,0.419326,-0.269168,0.157018,-0.368538,-0.0731871,-0.133484,-0.691231,0.154023,0.433172,0.533618,0.845163,1
0.110992,0.340197,0.389273,0.185757,0.276142,7.95,0.157168,0.150949,0.122753,0.3065,0.247488,0.166786,0.249377,0.196372,0.330406,0.364829,0.172797,0.308761,0.275873,0.290963,0.374683,0.147576,0.119746,0.374769,0.190692,0.332143,0.334143,0.234941,0.277467,0.354311,0.152167,0.168572,0.52,0.82,1
0.0735499,0.547067,-0.420376,-0.937043,-0.779176,0.193698,-1.35992,-0.219827,0.288757,0.795045,0.838148,0.504234,-0.0555151,0.411192,0.2994,1.24467,-0.364619,-0.285435,0.0245898,0.138078,-0.12866,-1.00612,0.695682,1.42351,-0.832907,-0.252883,0.274241,0.309529,-0.467363,-0.399434,0.245642,0.483416,0.433791,0.79793,1
-0.00454061,-1.21894,0.778757,0.591659,-0.454352,-0.0243956,0.504944,0.0743696,0.0576021,-0.813889,0.536421,0.716663,0.652798,-0.75922,-0.627127,-0.540152,0.387487,-1.09817,-0.591042,0.764934,-0.025109,0.0648963,-0.328589,-0.0574913,1.07331,-0.15152,0.216052,0.296018,0.737461,0.839684,-0.771964,-1.05365,0.566033,0.949361,1
0.19472,0.136306,-0.318573,-0.382473,-0.681257,-0.325976,-0.156242,-0.114412,-0.333733,-0.0239423,-0.285262,-0.206909,-1.31963,0.429213,0.0902175,-0.845758,0.992442,-0.339545,-0.243501,0.683536,0.702449,0.140961,0.0673762,0.228386,0.711166,-0.865983,1.74174,-0.118254,-0.306951,0.000507224,-0.593989,0.303197,0.447646,0.883275,1
-0.0429205,-0.781012,-0.0484804,0.434439,1.12884,0.0874041,-0.955169,0.300918,0.244934,-1.03971,0.519732,-0.251546,-0.990507,-0.749418,0.0464704,-0.333672,0.623079,0.427733,-0.508296,0.873969,-0.541956,-0.456102,-1.13908,0.0692908,-0.561165,-0.889447,0.536499,0.200774,-0.177368,0.61504,0.0732777,0.0341257,0.579425,0.809145,1
0.550441,-0.0724969,-0.220836,-0.204408,0.121032,0.0875652,0.278669,0.0565152,0.482269,-0.85625,0.259858,0.663278,-0.319368,-0.0407528,-0.182784,0.188644,-0.250385,0.16257,-0.407843,-0.122266,-0.444754,-0.141467,-0.222966,0.196939,-0.430493,-0.848453,0.401883,-1.02986,0.346183,0.461302,0.235032,-0.137835,0.484058,0.828276,1
0.283048,0.101962,0.298402,0.108474,0.239148,7.95,0.366297,0.249665,0.379494,0.162463,0.311389,0.176849,0.193629,0.243475,0.227943,0.364364,0.39723,0.10099,0.151432,0.393844,0.205283,0.219517,0.334552,0.11041,0.190095,0.385735,0.21471,0.314504,0.211749,0.369294,0.366298,0.281108,0.52,0.82,1
0.95,0.88,0.28823,-0.448939,0.0605309,0.0269366,-0.262246,-0.359362,0.419595,-0.226719,-0.0293838,0.0546632,-0.0544662,-0.32538,-0.0742255,-0.172059,0.314862,-0.141419,-0.217006,0.495926,-0.0548734,-0.00478679,0.127269,-0.297691,0.121606,-0.152072,0.0752699,0.10112,0.428322,-0.089949,0.42086,0.230435,0.48,0.2,0
-0.446563,-0.710406,-0.154001,0.151339,0.0855505,0.111294,-0.152252,0.752685,0.964858,-0.361806,-0.0653265,0.613857,-0.0233471,-0.28636,-0.0565702,-0.340974,0.230053,-0.797285,-0.685439,-1.35297,-0.191292,0.499975,0.901659,-0.0458333,0.432647,0.127605,-0.300371,0.0387513,-0.142346,-0.714318,0.224867,0.282894,0.530543,0.942998,1
0.533603,0.451475,1.038,1.16275,0.284683,0.332741,-0.105513,-0.787476,-0.0640979,0.269576,-0.0264965,0.128637,-0.0782204,0.852444,-0.207802,-0.0246294,0.983391,0.133256,-0.323438,0.245996,0.662696,-0.55427,0.294329,0.034366,-0.445777,0.0717722,-0.0415109,0.610898,-0.522666,0.729765,0.193827,-0.0349126,0.503729,0.859641,1
-0.473361,-0.25217,-0.700653,-0.650127,0.257595,0.430976,0.214271,0.771948,-0.341576,0.174869,-0.457474,1.04633,0.69561,-0.269147,0.689267,-0.0340682,0.728989,-0.837035,0.487319,-1.0462,0.107086,-0.562998,0.202189,-0.446615,0.23481,0.0908391,0.00555698,0.602749,-0.292989,-0.226936,-0.0508999,0.278919,0.421102,0.786759,1
0.771304,-0.00902702,0.183476,-0.871122,-0.203945,-0.376928,0.840627,-0.58364,0.578703,-0.227478,1.16243,-0.440077,-0.109248,0.628786,0.057038,-0.365557,0.0341906,0.551162,0.174324,-0.703336,0.096571,-0.241528,0.217706,0.134536,-0.724464,-0.44863,-0.0179581,-0.594651,0.142547,0.566672,0.478474,-0.606822,0.445536,0.765111,1
0.228475,0.0504846,1.10256,0.295063,-0.661172,0.132032,0.227071,-0.0724113,-0.166192,-0.570843,0.0157904,0.0409464,0.154382,-0.0427152,-1.15936,-0.322888,0.234638,-0.35825,-0.579047,0.472631,-0.527274,-0.690893,-0.0335562,0.399002,0.219598,0.464788,-0.445703,-0.0904357,0.250997,-0.0154743,0.17472,0.238355,0.484644,0.845265,1
0.31313,0.179403,0.291517,0.550265,-0.470862,0.43695,0.150825,-0.298715,-0.682296,-0.205595,0.141143,-0.266505,0.224237,1.32139,-0.434413,0.702913,-0.338498,0.0209954,-0.248616,-0.0290364,-0.205984,-0.397472,0.707624,0.339221,-0.187016,-0.401726,0.165097,0.846065,-0.0898379,-0.525738,0.181477,1.15447,0.455245,0.809784,1
0.112916,0.297148,0.26241,-0.165938,-0.641487,-1.24053,0.262541,-0.0554023,0.000430017,-0.350668,0.332319,-0.329099,0.672679,-0.341684,0.224875,0.0753875,-0.0275122,-0.229143,0.00863807,0.670666,-0.358777,-0.299192,-0.501655,0.815431,0.260156,-0.0339647,0.192465,0.0692733,0.68469,0.154373,-0.618236,0.537895,0.473094,0.810592,1
0.19519,0.417155,0.77773,0.200202,0.366042,0.133091,-0.290062,-0.145199,0.064376,-0.501782,0.11154,-0.53575,0.719484,0.168179,0.469116,0.302901,-1.1406,0.480542,-0.57267,-0.295207,0.264338,0.15639,1.39119,0.316352,-0.700149,0.793087,0.904699,-0.727153,-0.38925,0.605667,0.558413,-0.870172,0.540338,0.850707,1
-0.364926,0.156781,1.125,-0.301183,-1.41326,0.381093,0.774801,0.0620312,-0.354188,0.360725,-0.407356,0.162213,-0.746992,-0.253204,0.582151,-0.204455,0.412738,0.242675,0.244758,-0.105416,0.661914,0.472932,-0.0106858,0.842664,-1.09678,-1.18392,1.25596,-0.267457,0.751626,0.69436,0.300659,-0.35136,0.424193,0.915821,1
-0.180078,-0.574448,-0.0543798,0.326917,-0.363149,0.656682,-0.11578,1.39178,0.508034,-0.417578,0.616772,0.174514,0.599312,-0.176221,-0.19117,0.240811,-0.284837,-0.70774,0.502057,-0.302467,-0.598848,0.779829,-0.0299494,-0.11043,-0.132396,-0.587995,-0.662441,0.578098,-0.32245,0.185324,0.0461109,0.121697,0.474099,0.771189,1
-0.85316,-0.601193,0.0699841,-1.10477,0.235817,-0.165323,0.30561,-0.778578,0.356268,-0.370172,0.597437,0.960069,0.196122,-0.00921983,-0.617876,0.0793504,-0.695315,0.556348,-0.273806,-0.36408,0.205696,0.695181,-0.416944,-0.111166,0.0519914,0.877065,0.485505,0.528858,-0.353428,-0.0231595,-0.29256,0.817924,0.552459,0.929928,1
-0.000431205,-0.585691,0.704815,-0.653219,-0.694288,-0.0314948,0.427279,0.970747,-0.0792817,0.353484,-0.723602,0.430074,-0.777163,-0.933343,-0.320983,0.00699663,0.385589,0.0212357,-0.393883,0.613179,0.645078,0.402235,-0.695694,-0.587223,-0.382996,0.249074,-0.333594,0.855769,0.745648,-0.165874,1.00149,0.303203,0.427856,0.787502,1
0.516474,0.255997,-0.322076,0.275995,-0.683726,-0.660089,0.625552,-0.282879,0.360774,0.498732,-0.225916,0.495012,0.766466,0.085434,-0.672539,-0.216283,0.382582,-0.0724046,-0.107827,-0.344192,-0.195759,-0.702744,0.243587,0.121147,-0.0132621,-0.16914,0.414652,0.514635,-0.924429,0.570378,-0.0715932,-0.394667,0.495809,0.920398,1
-0.272628,-0.438801,0.519111,-0.121486,0.709977,0.452911,0.637434,-0.545832,-0.214268,-0.0506637,0.191696,-0.803763,0.0361122,-0.0502651,-0.240376,0.137729,0.419352,-0.133458,-0.180227,0.0185624,-0.627992,-0.789001,0.820428,-0.272324,0.591432,0.588479,-0.627397,0.847541,-0.00415066,-0.18955,0.732617,0.41128,0.472367,0.811329,1
-0.213988,0.00619763,0.117628,0.21987,0.686945,-0.00929531,-0.374749,-0.167554,-0.630232,-0.239028,0.3483,-0.746572,0.269274,0.628949,-0.155092,-0.523024,-0.501369,-0.330713,-0.015158,-0.0462307,-0.50011,-0.0290581,0.0829739,-0.108498,-0.808047,0.681039,-0.234329,1.00452,-0.535726,-0.902091,-0.165662,-0.00923074,0.423411,0.772236,1
-0.18783,0.326078,0.250144,-0.0852462,0.6326,-0.381547,-1.06942,0.303582,0.25897,-0.731943,-0.217195,0.28065,-0.012277,0.12944,0.609849,-0.297416,-0.46516,-0.367208,-0.121733,-0.306848,-0.115993,0.659147,-0.234639,-0.620246,0.641263,-0.179489,-0.563056,0.631112,0.617385,0.39605,0.199704,-0.501533,0.447833,0.896854,1
0.105095,0.282127,0.105972,0.114392,0.137447,7.95,0.222706,0.396758,0.234576,0.39065,0.367264,0.395672,0.171474,0.119802,0.237185,0.287496,0.38397,0.391739,0.145916,0.37876,0.137496,0.254226,0.247129,0.361216,0.100216,0.177521,0.358335,0.126442,0.175216,0.325744,0.286307,0.206411,0.52,0.82,1
0.0333133,0.410095,-0.598223,-0.510869,0.363045,0.612731,0.803749,0.115525,0.288133,0.30225,0.382978,0.205426,0.213152,0.0561971,-0.933775,-0.352625,0.219596,-0.00691428,-0.828541,0.765469,-0.209139,0.32911,-0.82122,-0.686513,-0.120076,0.0298039,1.01231,-0.512626,0.559011,0.468403,1.08043,0.237225,0.435648,0.880492,1
0.803301,-0.000828793,-0.308174,0.569128,0.00735789,0.224428,-0.343791,0.125166,-0.622007,-0.126973,0.351825,0.33898,1.06146,-0.0795701,-0.287999,0.114293,0.137553,-0.0240502,0.419118,0.379866,-0.578853,0.393018,-0.617479,-0.502958,-0.0376658,-0.0817698,0.405534,0.600736,0.151198,0.263963,-0.328943,-0.451427,0.501227,0.824615,1
-0.613575,0.289301,-0.718069,-0.0146332,-0.0705623,-0.960966,-0.116502,0.028661,0.775718,1.39434,-0.209424,0.375927,-0.0253831,0.583689,-0.0505242,0.758611,-0.74166,0.26101,-0.307606,-0.556598,-0.106447,-0.584379,0.246543,0.85912,-0.0920314,0.102829,0.991165,0.0420545,0.388338,0.0489962,0.410361,-0.373026,0.515634,0.805472,1
0.0843956,-0.483691,-0.455214,0.220367,-0.0570649,-0.671044,0.188085,0.785359,-0.0946561,0.139174,-0.205157,0.5655,-0.331894,-0.474754,0.0864526,0.14052,0.0108202,-0.368817,-0.0870366,-0.201552,0.175702,0.0664192,0.854792,0.0702073,0.233674,-0.296555,-0.179738,0.432244,-1.05683,-0.237914,-0.0571853,-0.0573592,0.439125,0.770678,1
0.100534,-0.158014,-0.207959,0.110364,-0.675698,0.899223,-0.32928,-0.244415,0.378934,0.56443,0.00144116,-0.473831,-0.565698,0.0978388,-0.653521,-0.40337,-0.290526,-0.202727,-0.0428091,0.655322,0.197733,0.896104,0.631005,-0.315267,0.561471,-0.137331,-0.707184,-0.220302,0.309915,0.380738,0.298299,0.41624,0.575244,0.823677,1
0.229165,0.287119,0.255783,0.384291,0.29422,7.95,0.131773,0.190955,0.358727,0.165122,0.219721,0.271647,0.333662,0.375676,0.192599,0.202067,0.230371,0.118311,0.136279,0.198338,0.297181,0.173167,0.329823,0.284324,0.29041,0.397091,0.26815,0.346555,0.28006,0.239148,0.168499,0.161938,0.52,0.82,1
1.33281,-0.130874,0.570486,0.541055,0.343686,0.101826,0.855333,0.41774,0.0731563,0.456556,0.535845,-0.327627,-0.151684,-0.377667,0.276235,0.0364336,-0.0913547,-0.216557,-0.336864,-0.520744,-0.681614,0.440414,0.242651,0.403289,-0.106988,0.257685,-0.025329,0.510265,-0.291536,-0.383389,0.0690392,0.254612,0.492149,0.859438,1
-0.00255955,0.38718,0.503489,-0.82329,-0.309034,-0.470314,-0.173899,-0.0317562,0.434493,-1.04104,-0.134148,1.12803,0.000720898,0.297681,-0.0504121,-1.2104,0.0108269,-0.267911,0.552333,-0.00794561,-0.24622,-0.483259,0.120359,-0.430128,-0.126488,0.974294,0.319626,0.190211,0.382564,-0.206874,-0.828034,0.485292,0.540388,0.92067,1
-0.528403,-1.35927,-0.0482107,0.274154,0.317928,-0.139284,0.104478,0.440489,0.213513,-0.383969,-0.0871048,-0.477339,-0.482698,0.00215053,0.122572,1.00999,-0.103923,0.172611,0.316914,0.40892,0.871499,0.281684,0.107279,0.561218,0.273403,-0.762009,0.235906,0.229255,0.371638,0.0847002,-0.559384,0.273784,0.562726,0.816291,1
-0.721671,-0.26967,0.686851,-0.275931,-0.0438301,-1.10155,-0.965481,0.0547243,-0.0470227,-0.433839,0.670736,0.022185,-0.474182,0.0293092,-0.380189,0.280406,0.356769,-0.122243,0.0260276,0.282297,-0.682366,0.0982343,0.516088,0.037333,-0.59177,-0.257613,0.978804,0.136718,-0.172146,-0.738676,-0.430216,-0.142433,0.466963,0.902389,1
0.585849,0.748179,-0.711341,-0.478529,-0.412391,-0.624402,0.326677,-0.234658,-0.404444,-0.515706,0.283316,0.59443,-0.242722,0.0998893,0.128342,-0.3204,0.706032,0.149933,0.306661,-0.551259,-0.264514,0.900447,-0.355156,0.204979,0.000687797,0.901019,0.250894,-0.542695,-0.42388,0.0951606,0.575054,0.648349,0.565877,0.875084,1
0.513567,-0.348335,0.247218,0.39217,0.296782,-0.46165,-0.338275,-0.724559,-0.0677232,-0.00413951,0.577072,0.188079,0.508736,-0.943762,-1.0786,-0.116793,-0.661586,-0.889353,0.391872,-1.20607,-1.24347,0.938839,0.215692,0.351509,-0.931446,0.076948,0.345039,0.564997,0.301366,-0.11464,0.341358,0.230422,0.577906,0.908928,1
-0.315457,0.107127,0.113332,0.0438126,0.409296,-0.0449994,0.932453,0.188919,0.329667,0.322534,-0.332501,0.531716,0.0887816,0.456295,-0.648048,-0.0550384,0.396476,-0.142236,0.0175823,0.421887,0.273685,0.360608,-0.11034,0.152718,-0.782194,0.0292544,-0.243685,0.4576,-0.0175697,0.690596,-0.188545,-0.0048757,0.532315,0.896896,1
-0.0661864,-0.547352,0.163022,-0.607064,-0.342305,-0.0550808,1.23331,-0.227267,0.0996217,0.865356,0.485899,-0.677603,0.257975,-0.768776,0.614711,0.212189,-0.222121,0.650593,-0.443753,-0.138221,-0.121077,-1.14336,-0.0606956,-0.440644,-0.969769,-0.167907,-0.192347,-0.369047,-0.0504479,0.0289883,-0.330046,-0.795705,0.558674,0.780767,1
0.819846,0.423746,0.230269,0.775271,-0.369409,-0.133898,0.296994,-1.13607,0.116318,0.348779,-0.00340158,0.726379,-0.268484,0.0521365,-0.138172,-0.487207,0.672031,-0.1097,-0.280097,-0.41315,-0.100273,-0.290659,-0.950868,-0.360356,0.593172,0.295549,0.598244,0.558191,0.529457,0.532841,-0.715613,-0.11052,0.480311,0.792753,1
-0.197607,-0.0702976,0.0600417,0.691796,-0.422881,0.204485,0.260162,0.249228,0.128996,0.0813044,-0.116605,0.463052,0.0230697,-0.0728275,1.34167,0.615562,-0.14287,0.315167,-0.102369,0.6601,0.422916,-0.443143,-0.259426,0.402945,-0.583061,-0.437866,-0.428779,0.236328,-0.202061,-0.0822349,0.0355804,0.561591,0.578004,0.832796,1
0.449107,0.227323,-1.15071,0.710241,0.370223,0.735125,0.0291773,0.943832,-0.775138,-0.38333,0.215308,-0.118628,-0.370325,-0.110902,-0.362743,0.70428,0.0499121,-1.05517,0.673922,1.29132,0.585937,-0.0460015,0.347328,0.717961,-0.370971,-0.179025,-0.397743,-0.169932,-0.270154,0.296582,-0.889772,-0.898074,0.501486,0.892567,1
-0.628205,0.105479,0.264671,-0.747656,-0.112008,-0.815734,0.623859,0.183256,-0.364304,0.0251912,0.106675,-0.103983,1.1132,-0.853086,0.504361,0.855261,-0.295583,-0.147153,0.354134,-0.207079,0.0720161,-0.53904,0.100743,0.120788,0.280446,0.816842,0.54864,0.0725435,-0.326016,-0.282033,0.77075,0.526816,0.497355,0.855772,1
-0.267792,0.271106,0.163446,-0.959753,0.185421,0.659084,1.091,0.526341,-0.568817,-0.386857,-0.360158,1.03884,0.316571,0.375485,-0.229165,0.0421007,0.0149664,0.940266,0.586769,0.120825,-0.196161,0.578722,-0.035695,-0.333878,0.307034,0.0850287,-0.0713853,-0.650556,0.0914675,-0.462006,0.081241,-0.390293,0.520615,0.792453,1
-0.297065,-0.0950232,-0.20651,-0.422311,0.455722,-0.468009,0.0336448,-0.0905888,-0.408337,0.484466,0.215917,0.0782518,0.325613,1.22415,0.76784,-0.407476,-0.22247,-0.00405352,-0.308082,-0.189676,-0.437769,-0.0803772,0.542369,0.191969,0.252736,-0.0806184,-0.281913,-0.364562,0.104908,-0.036348,0.43483,-0.100329,0.54346,0.946016,1
-0.00389319,0.24239,-0.0673143,0.0867334,-0.296147,-0.414351,0.351515,0.407861,0.539845,0.104087,-0.511038,0.299926,-0.0500471,0.605996,-0.0425113,-0.460346,-0.303761,0.750318,0.89471,-0.54732,-0.0500277,0.139622,-0.261383,0.503448,0.133573,0.0599636,-0.501015,-0.280636,0.968655,0.222296,-0.124221,-0.546494,0.479827,0.821949,1
0.149668,-0.162713,0.115343,-0.00402354,-0.0786024,-0.55098,0.344046,-0.260704,0.308245,-0.0963983,0.211925,-0.326467,-0.832315,0.0675007,0.531315,-0.180708,-0.108546,-0.44267,-0.376264,0.142956,-0.0130843,0.0141227,0.897392,0.378495,0.482524,-0.412043,-0.314252,-0.212636,-0.0312545,-0.414246,0.00738475,-0.470688,0.531582,0.785537,1
-0.191888,0.30038,0.532578,-0.502207,0.807756,0.158241,-0.708097,0.099537,-0.131566,0.32053,-0.074577,0.001374,-0.0417296,0.130835,-0.204567,-0.387123,0.28383,-0.620693,0.23425,0.121887,-0.125141,-0.0547846,0.141356,-0.279655,-0.674084,0.235847,0.0963906,0.337769,-0.151901,0.504199,0.0320673,0.0192605,0.451552,0.94768,1
-1.01087,0.414712,0.857054,0.0527834,0.661054,-0.278656,-0.175203,-1.05087,-0.633737,-0.261721,-0.532331,0.764971,0.46422,0.617707,-0.909423,-0.909507,0.901265,0.0876907,0.5658,-0.115321,0.35151,0.556953,-0.488805,0.745678,0.494,-1.03642,0.524097,0.1976,-1.39245,0.0313997,-0.607288,-1.18475,0.570063,0.855384,1
-0.0193522,0.375293,0.107004,-0.385381,-0.179433,0.783869,0.651988,1.49405,0.0891429,-0.454015,-0.608501,-0.498865,-0.229577,-0.216373,-0.926783,-0.165283,-0.423569,-0.953788,0.984707,-0.836138,-0.692529,-0.272679,-0.948941,-0.564453,-0.390459,-0.623837,-0.0220537,-0.00058723,0.937624,-0.0834286,0.6131,-0.0813471,0.506028,0.851047,1
-0.250967,0.10074,-0.694101,-0.60759,-0.72522,0.494549,-0.18991,0.657492,-0.422404,-0.414638,-0.216269,-0.902944,-0.0486287,-0.526807,0.456372,-0.587895,0.371743,0.196333,-0.426809,0.552628,-0.125042,0.0631765,0.251148,-0.116989,0.233219,-0.338511,0.582019,-0.748735,0.479093,0.273015,-0.166588,0.0897145,0.576411,0.767967,1
-0.0111961,0.161342,0.791147,-0.104965,0.0534193,-0.411694,0.639901,0.584623,0.546041,-0.0691831,-0.100823,0.41144,-0.110816,0.566046,0.376293,-0.362674,0.140293,0.146315,-0.88367,-0.112104,-1.40199,0.174757,0.106096,-0.302651,-0.0452696,-0.512543,0.0794306,0.894117,-0.613152,0.12195,-0.385628,-0.213925,0.548453,0.831235,1
-0.252415,1.07089,-0.285894,0.471669,0.268579,-0.420679,-0.00850303,0.392611,-0.319446,0.21581,-0.853293,-0.298968,-0.185852,-0.170234,-0.266344,0.0929798,-0.0322481,0.926625,-0.526783,-1.10535,1.19022,0.26777,-1.24114,-0.395921,-0.465273,0.106029,0.195298,0.784178,0.287332,-0.0652223,0.422953,0.763473,0.500836,0.780686,1
-0.302234,-0.065081,0.253231,-0.68104,-0.900881,0.186254,-0.270849,0.476312,0.595924,-0.234607,-0.345952,-0.230395,0.332158,0.167593,0.266986,0.965949,-0.367447,0.174792,-0.197243,-0.713832,-0.150814,-0.192074,-0.103596,0.330287,-0.555304,-0.03632,-0.244045,-0.12931,0.181186,0.306098,-0.29634,-0.539313,0.508795,0.936732,1
-0.88585,0.0110822,-0.342472,-0.854195,-0.133865,-0.239368,0.530789,-0.469286,0.323559,0.218629,-0.219404,0.314721,0.53249,0.390552,-1.97623,0.634732,-0.135951,-0.472752,-0.157568,0.434619,-0.609557,0.28279,0.020687,0.404908,-0.477416,0.141743,-0.486637,-0.316092,-0.430591,-0.118415,-0.500582,0.470932,0.500297,0.766006,1
-1.27019,0.330185,0.72958,0.0799746,0.831549,-0.366534,0.535193,-0.078702,-0.0750138,-0.140657,-0.0961346,0.176603,-0.391445,0.415979,-0.171214,-0.0524165,-0.386226,-0.12997,0.300632,-0.315244,-0.364122,-1.55353,-0.495838,-0.173749,-0.107061,0.0964553,-0.47442,-0.167833,-0.0677333,0.692347,-0.247506,0.0309567,0.484823,0.831133,1
-0.117231,-0.241361,-0.181025,-0.601061,0.672118,0.319348,-0.0693445,0.246474,-0.285487,0.245491,-0.223464,0.0196065,0.179851,-0.156941,-0.198266,-0.485049,-0.214004,0.339241,-0.0987391,0.0407784,0.12947,0.0773374,-0.706782,-0.772567,-0.0125182,-0.745657,0.127623,0.00541274,-0.246905,-0.164742,0.338971,0.406687,0.426539,0.796728,1
-0.856647,-0.826637,0.43636,-0.0557861,-0.715538,-0.0215349,-0.510295,0.390237,0.356196,0.147393,-0.594462,0.655867,-0.276151,0.467191,-0.0248253,-0.469583,-0.504297,-0.00584382,0.408118,0.134191,-0.744553,-0.41388,-1.25041,0.483805,-0.100929,0.0734998,0.247992,1.19567,1.01019,-0.3944,1.02741,-0.634968,0.434786,0.793639,1
0.378321,0.274589,0.484051,-0.0781304,-0.622555,-0.246741,0.139198,-0.805176,0.0896823,0.655661,0.0929489,0.416186,-0.272808,0.363883,-0.547587,-0.685264,0.196788,0.112126,0.119408,0.817893,0.685739,-0.432083,-0.388046,0.657014,0.0363211,0.792893,-0.788622,-0.828078,-0.764916,-0.308178,0.621832,0.822907,0.552148,0.787196,1
-0.506516,0.471773,0.405985,0.425345,-0.30501,0.146111,-0.222971,0.644726,-0.238011,-0.072324,-0.273053,1.02503,0.525194,-0.133761,-0.646335,0.167637,0.281635,-0.887985,-0.407861,0.427242,-0.057603,0.46788,-0.820662,0.351814,-0.0735854,-0.347819,0.499765,0.522457,-0.461832,-0.0516777,-0.00151758,0.555496,0.536514,0.837838,1
0.567934,-0.350675,-0.195075,-1.0061,0.745237,0.427767,0.982848,0.186155,0.0878847,0.474021,-0.654279,0.523359,0.131908,-1.08999,0.473507,0.29304,-0.654262,0.290491,-0.0906716,-0.0080593,-0.930926,0.466549,-0.696442,0.20277,0.0178988,-0.683315,0.114156,0.190859,-0.985838,-0.476915,-0.177892,-0.45074,0.461585,0.786757,1
-0.579581,0.0346889,-1.03548,-0.649965,0.0544658,-0.459458,1.54831,-0.00226941,0.368489,0.55717,-0.398728,-0.157961,0.103015,-0.683276,-0.885167,0.207755,0.526319,-0.75852,0.0186479,0.58292,0.592244,-0.172322,-0.0241229,0.206178,-0.14796,0.850754,0.122123,0.415277,0.0896094,-0.602566,-0.00528513,0.144111,0.438239,0.809699,1
0.335554,1.42329,0.2028,-0.188383,0.148179,-0.274745,-1.01408,-0.114806,0.6575,-0.652579,0.29989,-1.1453,-0.219779,0.140871,-0.0489508,0.669457,0.215217,-0.076095,-0.497467,0.0179809,-0.418933,-0.175622,0.316431,0.565786,-0.832335,0.423676,0.295879,-0.260639,0.593301,-0.00973945,0.44312,0.567818,0.420319,0.893638,1
-0.639572,-0.674416,-0.189019,-0.610751,0.596178,0.163929,-0.277743,-0.614983,-0.571084,-0.597935,-0.0254342,0.664203,0.597289,-1.08024,-0.00213386,0.835507,-0.123467,0.318386,0.500869,0.0473192,-0.670475,-0.133006,0.327179,0.13603,-0.530917,-0.623638,0.370388,0.29872,0.490171,0.308935,1.04264,-0.134149,0.504667,0.858017,1
0.337655,0.405169,0.660169,0.226521,0.0225179,-0.659018,0.022875,0.162931,0.0763496,-0.175176,-0.605477,0.493387,-0.00425784,-0.605874,0.414207,0.896944,-0.089413,-0.610614,1.08033,-0.232773,-0.374857,-0.504624,-0.706707,1.04327,-0.404323,0.0738125,-0.0755754,0.59927,-0.578104,1.09671,0.125395,0.165505,0.436261,0.841791,1
-0.247856,-0.0877591,-0.485193,0.535492,-0.0587781,-0.229928,-0.0255384,0.371395,-0.245628,-0.55884,-0.0169617,-0.124157,-0.225931,-0.774454,0.191813,-0.158387,-0.138894,-0.535157,0.779653,-0.765158,0.00960349,-0.635848,-0.145127,-0.150238,-0.151923,-1.26519,-1.09817,0.358579,0.444685,-0.0148451,0.158685,-0.0217785,0.556628,0.821917,1
0.0792471,-0.373689,-0.286918,0.425259,-0.281857,-0.53455,-0.570061,-0.224372,0.854689,0.19128,0.163823,-0.210173,0.0908034,1.20864,0.483119,-0.122413,1.0697,0.813317,0.396812,0.124486,0.26499,-0.50665,0.150983,0.315092,0.182732,0.185441,-0.445064,0.0429232,-1.06942,0.943178,-0.131164,-0.713581,0.530814,0.945289,1
-0.732767,0.0458527,0.27446,-0.0473114,0.268683,-0.560992,-0.0889038,0.322637,0.499924,0.715784,0.671138,-0.0247119,-0.545458,0.871066,0.387896,-0.315003,-0.146711,1.04815,-0.751913,-0.77216,0.403365,-0.576576,-0.243791,0.100214,-0.0267691,0.378383,-0.983962,0.302916,-0.30362,-1.10885,-0.00197032,-0.0527361,0.435037,0.785465,1
0.0963238,-0.299728,-0.19441,-0.29173,0.605413,-0.217499,-0.278911,-0.947128,-0.329485,-0.305709,-0.526375,-0.265318,-0.613786,-0.703022,0.437436,-0.203287,0.140737,0.108116,-0.289442,-0.953081,-0.471476,0.298132,-0.215624,-0.552282,0.279716,0.0539551,-0.0312623,0.823688,-0.0991748,-0.250687,0.463105,-0.443826,0.43374,0.820944,1
1.05479,0.570992,0.0474487,-0.0718877,-0.879345,-0.0516851,-0.230814,0.662565,-1.03868,0.684134,-0.678311,-0.177381,0.0710899,0.263419,-0.172505,-0.0929208,-0.962379,0.06296,0.385463,0.33045,0.474183,0.368796,0.953388,0.768246,-0.116874,0.802813,-0.0398169,0.301783,0.0788936,-0.0616229,0.882533,-0.175963,0.43337,0.848851,1
-0.305297,0.355335,0.620394,-0.0717096,0.65486,-0.996961,0.00576862,-0.801835,-0.2785,0.0138672,-0.597726,0.0466841,-0.00691215,-0.27439,-0.657774,-1.10251,1.0297,0.00514507,0.340472,-0.198332,-0.490872,0.021016,-0.393145,0.470119,0.100829,0.107456,0.094762,-0.107337,0.280682,-0.229365,-0.00790722,0.667187,0.556716,0.858261,1
0.620226,-0.060554,-0.0677698,-0.464049,-0.107791,-0.298245,1.28858,-0.269821,0.1527,-0.425733,0.315628,-0.265653,-0.546813,-0.58379,-0.304371,-0.241606,-0.461254,-0.152669,0.00201348,-0.310415,0.64312,0.158516,0.417538,-0.388837,0.417826,0.940866,-0.523916,-0.246759,0.294146,-0.4415,-1.21695,-0.544585,0.550381,0.838603,1
-0.402405,0.303868,0.508732,-0.447898,0.672751,0.421512,0.101661,-0.344144,0.149127,-0.144053,-0.519021,0.0955061,-0.130214,0.00960822,-0.744986,0.449478,0.371712,0.0147268,-0.152292,0.547737,-0.666097,-0.331157,-0.654374,0.0535993,-0.408606,-0.465051,0.0756083,-0.224615,0.596777,0.350965,-0.682601,0.193025,0.46951,0.895427,1
0.353931,0.42213,0.521164,0.126954,0.501308,0.859392,-0.476259,-0.339777,0.274378,-0.486402,0.812241,-0.0392859,0.761101,-0.221264,0.511107,-0.104106,-0.28413,0.122773,-0.00370466,-0.190469,0.496932,-0.915214,0.0228211,0.0868299,-0.182563,0.31856,-0.453092,-0.346728,0.0896318,-0.716101,0.553222,0.135032,0.45418,0.860446,1
-0.148826,0.136733,-1.58993,-0.127338,-1.11439,0.354185,-0.0508928,-0.202095,0.467459,0.626285,-0.669034,-0.470507,-0.214444,-0.217942,-0.281464,0.355234,-0.119759,0.359198,-0.309708,0.404669,0.457933,-1.23897,-0.250953,-0.305672,-0.318006,0.220301,0.263748,0.238582,0.611594,-0.647061,-0.384345,0.189253,0.508867,0.817431,1
-1.07071,0.248548,0.145175,-0.219434,-0.609306,-0.960755,-0.0325004,-0.307986,-0.208887,0.0436077,0.427054,-0.324855,-0.0579853,0.519902,-0.242488,0.159155,0.0766964,-0.0614754,-0.718095,0.456454,0.389721,0.264297,0.76126,0.0814658,-1.00856,0.940038,-0.581981,-0.359587,-0.246785,-0.527575,0.683962,0.347286,0.528246,0.937821,1
0.222219,0.203633,-0.163349,-0.136217,-0.571827,-0.28337,-0.710049,0.856986,0.0262637,-0.898639,-0.492125,0.0684531,-0.394455,-1.26995,0.307942,-0.577602,-0.414189,-0.459726,-0.577983,0.372329,-0.602479,0.00920342,-0.546969,0.0684102,-0.79592,0.756076,-0.275747,0.308196,1.25419,-0.588985,0.413262,0.726672,0.55108,0.901217,1
-0.453826,0.443823,0.916775,-0.0025569,-0.205619,-0.437692,-0.855668,-0.324214,0.0368023,0.103022,-0.330164,0.828282,0.194295,-0.340779,0.14929,-0.00376947,0.91442,-0.200978,0.310046,-0.458814,0.772298,0.244541,0.348238,-0.931266,-0.370509,0.162874,-0.281437,0.145288,-0.576558,0.173196,-0.563984,0.0111919,0.550995,0.863884,1
-0.658386,0.0132805,0.203781,0.522192,0.561529,-1.01482,-0.0998661,-0.0758659,-0.25846,0.522454,-0.35043,1.41732,-0.328266,-0.305208,0.0771513,0.0826712,-0.535805,0.269399,-0.44456,-0.472031,-0.287741,0.650224,-0.325446,-0.545962,0.554325,-0.0325927,-0.174868,-0.717361,-0.326545,0.220823,0.421116,-0.0985651,0.496803,0.79534,1
0.566825,0.838951,-0.598535,0.0699781,0.672007,0.186186,-0.113567,-0.608842,-0.688466,0.579136,-0.733377,-0.503598,-0.190286,0.0270396,-0.21785,0.390552,-0.21353,0.459365,-1.10265,-0.676006,-0.557622,-0.115806,-0.281339,0.276517,0.63228,-0.0417345,0.424528,-0.126757,-0.834619,-0.878894,0.0639966,-0.166473,0.467358,0.945798,1
-0.836285,-0.0381947,0.293025,-0.632596,0.481247,-1.15364,-0.271777,-0.123144,-0.46583,1.47284,-0.272631,-0.0787528,0.270701,0.120492,0.651153,0.0101011,0.186448,0.985282,0.781527,-0.243091,-0.752807,0.393183,0.342092,-0.477275,-0.0955366,1.29061,0.0981056,-0.840649,-0.0822521,0.160331,-0.458536,0.463614,0.529415,0.822558,1
0.445133,0.434307,0.464625,-0.5736,1.07893,0.742213,0.311884,-0.414214,-0.115751,0.120288,-0.151316,0.103892,0.226055,0.851473,-0.208879,-0.0150165,-0.186584,0.230003,-0.184964,-0.701012,0.215644,0.143339,-0.864274,-0.635777,0.0401111,0.13128,0.1765,-0.776568,0.232508,0.408652,0.263385,0.101963,0.515805,0.918752,1
0.821306,0.230278,0.427354,-0.670264,-0.676509,0.0768417,0.612673,-0.146923,0.566512,-0.475759,0.350404,-0.247255,0.0337674,0.118431,0.756351,0.676129,0.646685,0.443627,-0.324215,0.432951,-0.0118725,0.260914,0.78649,-0.597206,-0.0306206,-0.74104,0.026035,-0.286994,-0.768164,0.481039,0.251648,0.0350056,0.49549,0.812199,1
-0.305929,-0.269238,-0.221343,-0.518718,0.110491,-0.267896,-0.380171,-0.059733,0.105084,-0.11074,-0.788135,-0.620649,0.565279,0.350361,0.495398,0.333771,0.191241,-0.156692,0.598571,0.39764,0.539739,-0.502914,-0.295727,0.298482,-0.136501,-0.0651141,0.121731,-0.906644,-0.0967013,-0.146843,-0.319386,-0.185801,0.51047,0.932884,1
-0.967328,0.589682,0.134126,-0.175307,0.775624,0.354863,-0.668395,-0.162957,-0.194475,0.610764,0.985168,-0.473538,-0.0319935,0.373721,0.670374,-0.115006,0.684731,-0.780288,0.272439,0.230179,0.279799,0.551077,-0.150629,0.7081,-0.281483,-0.739708,-0.897263,-1.57578,-0.674828,-0.872976,0.617767,-0.160123,0.495532,0.835359,1
0.0305957,0.454411,-0.629006,0.618168,0.214163,-0.577863,-0.826804,-0.0789673,-0.154379,0.032529,0.751134,-0.0934707,-0.0489286,-0.060438,0.292458,0.306421,-0.356741,-0.212865,0.297238,0.229699,-0.520122,0.514516,0.127351,0.729286,-0.00394624,-0.516562,0.2028,-0.426961,0.791439,0.174863,0.450228,1.18608,0.470106,0.770244,1
-0.214664,-0.680467,0.0572364,-0.122268,0.16632,-0.488632,-0.546348,0.2967,-1.03657,0.251333,0.4479,-0.295868,0.536541,1.13716,-0.989838,0.572685,0.865902,0.15106,1.13534,-0.061037,-0.513614,-0.219365,0.344769,-0.6479,0.362513,-0.268833,-0.278257,-0.240298,-0.285454,-0.275578,0.255642,-0.634455,0.424925,0.79854,1
-0.0148578,-0.0540814,0.0808203,0.196265,0.315447,-0.370232,0.71871,-0.680044,0.301483,0.118055,0.492415,-0.559294,0.208448,0.483918,-0.32637,0.298168,0.157218,-0.041224,-0.124133,-0.430159,0.617932,0.00521812,-0.343033,-0.201209,-0.665924,0.174582,0.365101,0.244058,1.12896,0.0798865,0.498952,-0.919596,0.528512,0.814742,1
-0.359451,0.334928,-0.316054,-0.370345,-0.214938,-0.35923,0.581144,0.844667,0.607927,-0.352776,-0.96479,-0.115651,0.314783,-0.108742,-0.896425,-0.016041,0.0189189,-0.589474,0.442891,-0.479121,-0.372651,-0.0685686,0.595161,0.403308,0.134527,0.650796,0.679184,0.343801,0.185623,-0.232398,-0.172072,-0.0440614,0.427255,0.918868,1
-0.555756,-0.0243703,-1.39512,0.180136,0.209549,0.188261,0.00461227,0.289198,0.754529,0.0328461,0.586154,0.395717,0.340455,-0.0917456,-0.365687,0.280641,0.00490996,0.215835,0.131867,1.24518,0.226078,0.739048,0.328392,0.193549,-0.607557,0.202548,-0.0674149,-0.0293213,0.946135,-0.379962,0.468301,-0.0652041,0.449582,0.811453,1
0.29421,-0.187817,-0.201479,-0.728383,0.47868,-0.163081,0.0358857,0.524115,-1.02471,0.122869,0.0794777,-0.329565,-0.219152,-0.703019,0.300081,-0.173362,-0.376814,-1.00422,0.980887,-0.437515,-0.13,-0.41633,1.10366,-0.533127,0.768625,-0.237906,-0.548105,0.678471,0.406775,0.17124,-0.417671,-0.353158,0.425237,0.835491,1
-0.69128,-0.106017,0.161461,0.0709633,0.698893,0.630987,-0.148683,0.646473,0.122585,-1.04809,-0.298751,0.549998,0.791911,-0.0147448,1.25508,-0.253003,0.38169,0.932672,0.0681718,0.210077,-0.0750161,-0.289886,0.0785971,0.0799018,-0.120477,0.379934,0.210624,-0.254646,-0.321746,-0.718903,0.390292,0.376441,0.521368,0.87313,1
0.126102,-0.22759,-0.886421,0.835879,-0.0877846,-0.289493,-0.0881523,-0.391585,0.0597875,0.588508,0.499312,0.425668,-0.342415,-0.312048,0.37801,0.766686,-0.905135,1.20487,-0.161259,-0.0403634,-0.722532,-0.836982,0.390347,0.383918,0.349139,0.280392,-0.120554,0.693059,-0.460528,-1.00184,-0.0680152,-0.0114076,0.559105,0.778368,1
0.542846,-0.496179,-0.113786,1.01731,0.0138598,0.0273113,-1.28043,0.247143,-0.456811,0.21637,0.949682,0.489354,-0.278432,0.767822,-0.271127,1.06245,0.313115,-0.049378,0.23924,-0.681942,0.962725,-0.420921,0.513219,0.211897,0.360276,-0.318625,-0.158522,0.0271296,0.0978081,-0.230611,0.26107,-0.92024,0.574081,0.883077,1
0.303527,0.376006,0.199491,-0.413402,1.42896,-0.259805,0.0998944,0.278925,0.431186,-0.362789,-0.00896941,-0.298462,0.72018,0.140545,0.67611,0.218049,-0.788141,0.71183,0.496634,-0.280733,1.0567,0.793864,0.439319,-0.41945,0.657876,0.0468642,0.210265,-0.591692,-1.14488,0.965216,-0.279363,-0.656649,0.523004,0.921745,1
0.180714,0.24165,0.132148,0.231231,0.32887,7.95,0.149003,0.157961,0.269738,0.113041,0.308245,0.277173,0.313448,0.367891,0.320701,0.192495,0.107841,0.168357,0.100884,0.124374,0.307174,0.199767,0.294535,0.192406,0.314583,0.383698,0.397114,0.132286,0.219157,0.156571,0.252473,0.181012,0.52,0.82,1
0.0476934,-0.358613,0.609023,-0.143937,-0.662426,0.739188,-0.783625,-0.292595,0.81356,-0.638501,0.237565,0.272999,-0.414426,-0.366593,0.249936,-0.953777,-0.215572,0.18965,-0.0272791,0.227053,0.639537,0.470055,0.421599,-1.15648,0.697847,-0.830655,0.53664,-1.12976,-0.419245,0.0889127,0.866921,-0.0185444,0.541769,0.934555,1
-0.455749,0.0589354,-0.123796,-0.70976,0.251633,0.329013,-0.53715,0.457034,0.188622,-0.760194,0.362784,-0.443515,0.610989,0.407883,-0.181572,-0.116139,-0.163207,-0.762538,0.251171,1.4927,-0.481754,0.132089,0.148398,0.0438367,0.550708,0.856595,-0.119019,0.363873,0.745481,0.0480427,0.365073,-0.721477,0.471131,0.777512,1
0.630037,-0.00823656,-0.139143,0.415684,0.804172,0.0338587,0.886936,0.80729,0.0817149,0.28703,0.217608,0.203075,-0.405619,-0.142707,0.331877,0.0753908,0.202257,-0.10679,-0.30828,0.198745,-0.0717307,0.790545,-1.37372,0.464548,-0.412514,0.18463,0.454967,0.742549,-0.919791,0.588156,-0.303182,0.480067,0.445454,0.816671,1
-0.649525,0.569644,0.167922,0.349158,0.284186,-0.550748,-0.694956,-0.356825,-0.172014,-0.131931,0.207378,-0.703182,0.32481,-0.0841287,-0.566386,0.584311,-0.129479,0.0568455,-0.251078,-0.576474,-0.415352,-0.93025,-0.00209089,-0.501494,0.0698105,-0.0218596,0.332192,-0.180722,0.12806,-0.37244,1.20028,-0.216291,0.534951,0.806266,1
-0.572559,-0.167756,-0.170265,-0.030424,0.0544653,-0.547663,0.628466,0.160603,-0.666485,0.0284032,-0.333232,-0.378149,-0.337324,-0.816439,0.443097,0.114469,-0.231314,-0.58012,0.313851,0.395086,0.148624,0.346205,0.421004,-0.195438,-0.631798,-0.405349,0.0497774,-0.211507,-0.915204,0.397939,-0.548287,-0.947115,0.509589,0.835791,1
-0.169158,-0.590733,0.45229,-0.210336,0.632663,-0.498774,-0.254463,0.195724,0.285002,-0.924297,-0.219156,1.12607,-0.136347,-1.10065,-0.0867501,0.416115,-0.185805,-0.865733,0.383503,-0.368569,-0.75032,-0.069588,0.117486,-0.896191,-0.24196,-0.158385,0.0276379,0.54872,-0.73246,0.446727,-0.206977,-0.598351,0.487498,0.8211,1
0.95,0.88,-0.330667,0.441004,-0.497565,0.051346,-0.0680267,-0.0925493,0.347172,0.051826,0.293541,0.221947,-0.384038,-0.354576,0.188179,-0.0421867,0.0725059,0.409635,-0.158673,0.260753,-0.17777,-0.277188,-0.495265,-0.357509,-0.400963,-0.0708747,0.171277,-0.0528863,0.132525,0.360012,0.0693582,-0.309419,0.48,0.2,0
0.95,0.88,0.213415,0.377641,-0.477368,0.220228,-0.0191885,-0.274029,0.212494,0.327591,-0.360271,0.256126,0.380005,0.425702,0.0431458,-0.00138962,0.32832,0.0829078,-0.457272,0.0823859,-0.413526,0.242355,-0.0835983,-0.0395883,-0.0489811,0.408313,0.0864452,-0.313802,-0.478268,-0.412153,-0.472843,0.385747,0.48,0.2,0
-0.288572,-0.17448,0.0402257,-0.158324,1.16669,-0.464306,-0.19729,0.746086,0.454748,-0.0674242,-0.0959661,-0.477556,0.216647,-0.291454,0.390322,-0.178032,0.987844,-0.526445,0.25637,0.606171,-0.171224,0.821153,-0.180345,-0.45504,0.700062,-0.470375,-0.00529874,0.420947,-0.293714,-0.213704,-1.01764,0.0285901,0.441297,0.930121,1
0.184916,0.455043,0.54568,0.463815,0.310957,0.80886,0.339318,0.0323289,0.208802,0.0759868,0.662219,-0.0405379,-0.290323,-0.996151,-0.116162,-0.327062,-0.068052,-0.331636,0.529113,0.286396,0.332947,0.696242,0.138222,-0.316986,-0.25295,0.442803,0.512607,-0.251921,-0.117208,-0.376712,-0.634282,-0.965091,0.468824,0.938322,1
-0.261168,0.746821,0.199444,0.233352,-0.326783,1.15156,0.365793,-0.108319,0.429097,0.442053,-0.503256,-0.109731,-0.252561,0.417321,-0.112203,-0.343176,-0.140212,0.0676182,-0.0844776,0.0220589,0.115038,-0.858822,0.293955,1.14574,0.434844,-0.37048,0.0480872,-0.590683,0.0914983,0.137125,0.923922,-0.362425,0.478921,0.857581,1
-0.272164,-1.15293,0.490795,-0.129741,0.351421,0.721276,1.82124,-0.14917,0.489418,-1.34994,-0.634157,-0.794796,0.8724,0.251223,-0.20091,0.289827,-0.383229,0.0937257,-0.433299,0.215558,-0.451914,0.218332,0.526459,-0.112437,0.149195,-0.0854061,0.0952566,-0.0401941,-0.189271,-0.35688,-0.824986,0.614919,0.427005,0.942768,1
-0.488816,-0.362873,0.181708,-0.0717709,0.68757,0.352431,0.615623,0.145947,0.81177,-0.00412971,0.421071,-0.0287848,-0.493729,0.0606411,-0.80638,0.574185,-0.247827,-0.257601,-0.616544,-0.150666,-0.0113287,-0.336385,0.696581,0.57885,-0.0331199,-0.382652,0.338089,0.188804,0.0205775,0.717771,0.279296,0.952596,0.458415,0.806608,1
-0.455711,0.363244,0.849431,0.14932,-0.290967,-0.024768,-0.275842,0.177348,-0.662197,-0.0520361,-0.431242,-1.20726,-0.50602,-0.177473,0.287044,0.271969,-0.160607,-0.0609587,-0.160977,-0.231456,0.140797,-0.526714,-0.211991,-0.108488,-0.126192,-0.0468306,-0.284606,-1.17874,-0.214978,0.924894,0.19715,0.314233,0.510924,0.84238,1
0.0154078,0.420153,-0.403618,-0.6821,-0.310944,-0.745293,0.0164742,0.0436826,-0.198107,0.0348831,-0.211729,0.564296,0.128488,-0.306835,-0.282462,0.256586,-0.307594,-0.114654,-0.461512,-1.02913,-0.15072,-0.462259,0.670049,-0.184738,0.337736,-0.332316,0.556147,-0.192879,-0.140645,-0.0149438,0.125427,-0.141375,0.462613,0.767389,1
-0.13852,-1.13315,0.155141,0.0917898,0.847718,0.771225,-0.0651882,-0.369324,-0.231662,0.104848,0.0869709,1.74745,0.130701,-0.190211,-0.534685,-0.00998548,-0.115351,0.044317,-0.165711,0.245641,-0.432133,0.748895,-0.0513984,0.653718,-0.507656,-0.316781,0.586412,-0.145344,-0.480327,-0.508356,-0.362502,0.0491118,0.484157,0.82928,1
0.171629,0.141219,-0.29175,0.293128,0.038487,0.346849,0.181547,-0.00074681,0.151148,0.305631,0.00301142,0.309904,0.0800815,-0.411825,0.35563,0.274238,-0.371707,0.02017,0.112646,0.0124133,-0.000595691,0.565702,-0.136751,-0.972534,0.419577,-0.124295,0.0504382,-0.610069,-0.929201,-0.493192,0.0456786,-0.660491,0.52256,0.886072,1
-0.119489,0.894182,0.575227,0.44439,-0.286988,-0.381359,-0.17318,0.556133,0.124732,-0.839656,0.413156,-1.26373,0.55073,0.810461,0.585571,0.812525,-0.0345441,-0.0215974,-0.570596,0.213391,0.366045,-0.282543,0.626551,0.0786352,0.467108,-0.00310188,0.0804661,-0.025651,-0.109897,0.254582,-1.26261,-0.467897,0.432968,0.783062,1
-0.240092,1.07751,-0.264088,0.458719,-0.364722,1.0032,1.04876,1.2543,0.0585138,-0.528538,0.783884,0.511182,-0.261545,0.393765,0.227879,0.279469,0.384094,-0.136272,0.646924,0.978946,-0.139496,-0.122733,-0.582119,-0.278251,-0.573064,-0.400528,0.0135839,0.23343,-0.204941,-0.603188,-0.213771,-0.693681,0.492014,0.761487,1
0.95,0.88,-0.212499,0.150573,0.421687,0.276229,0.120901,0.0688161,0.373015,0.188367,0.437031,-0.16905,0.0614579,-0.362083,-0.461479,0.26381,0.499945,0.237214,-0.208295,0.197229,0.202251,-0.259067,0.146999,0.144128,-0.317838,-0.498908,0.0931506,-0.0743172,-0.485213,-0.453156,0.402425,0.331398,0.48,0.2,0
0.13739,0.373994,0.280494,0.216689,0.371589,7.95,0.39918,0.141565,0.326204,0.335435,0.354679,0.362953,0.153406,0.224604,0.237252,0.162876,0.172524,0.323573,0.288395,0.157624,0.276206,0.357381,0.129522,0.18426,0.213875,0.354886,0.250766,0.139505,0.160326,0.102646,0.260475,0.233835,0.52,0.82,1
-0.284411,0.585339,0.36893,0.180705,0.304317,0.270909,-0.0182667,0.459001,0.231237,0.887428,-1.08562,0.0919129,-0.582609,0.0411151,0.249101,-0.759712,0.576785,-0.397226,-1.06644,0.815618,0.223568,0.0617099,-0.709194,-0.210387,0.482843,0.478023,-0.0353249,0.0549863,-0.562711,0.0214635,-0.771571,-0.13365,0.502909,0.944801,1
-0.195877,0.554535,-0.348347,0.801814,0.171348,0.342578,-0.115581,-0.393641,-0.522933,-0.200492,0.501422,-0.698178,0.0982032,0.21905,-0.406913,-0.0854535,-0.0366714,0.116908,-0.0288049,-0.362183,-0.831466,0.157358,-0.272127,0.570946,0.851867,-0.554311,-0.638541,0.555569,0.856665,-0.749855,-0.783284,-0.496036,0.445781,0.844748,1
-0.304351,-0.0590707,-0.432667,0.131237,-0.433399,-0.428118,0.444008,0.175526,-0.618052,0.611067,-0.259271,0.62847,0.0339417,-0.361945,-0.251652,0.16202,0.172367,-1.26137,-1.13234,-0.269024,-0.0325423,-0.205002,-0.559905,0.189083,-0.80822,0.334018,0.681835,0.462586,0.0421963,0.185901,0.129775,0.636551,0.531956,0.798938,1
0.984463,0.0804296,0.608881,0.506633,0.0306228,-0.497953,-0.31576,0.620235,0.859921,0.802335,-0.121108,-0.390119,-0.559318,-0.356226,0.240814,-0.256628,-0.0615085,-0.542023,0.171939,0.619824,-0.268486,-0.251922,0.491354,0.422838,0.277204,0.492804,0.419141,-0.0814569,0.244227,-0.886843,0.231101,0.0400825,0.426453,0.914192,1
-0.245763,-0.256871,-0.458538,-1.31923,0.380298,-0.176545,-0.0591567,-0.296644,0.0439211,-0.325715,0.138719,-0.0287165,0.347849,-0.0337086,0.215587,0.269572,0.178525,0.716519,0.453963,-0.217449,-0.269718,0.162561,0.413757,-0.15436,-0.0973109,0.0952758,0.337712,0.202006,0.102497,-0.411127,0.476316,-0.251561,0.516736,0.821818,1
0.889567,-0.524613,-0.00154789,-1.05397,0.343374,-1.15115,-0.490102,0.420514,0.503238,0.0621015,-0.128608,0.942109,-0.539804,-1.06426,-0.14334,-0.235065,0.157005,0.100102,0.217186,0.0686453,0.174974,-0.284326,-0.00765273,-0.196998,0.819954,0.277774,-0.262171,0.248963,0.173836,-0.515782,-0.0444678,0.877816,0.538564,0.839246,1
0.380513,0.537533,-0.533581,-0.0598367,-0.0490311,-0.123199,0.53579,-0.533164,-0.223541,0.712453,0.182572,-0.652992,0.705809,-0.64634,-0.352862,0.285194,-0.507798,0.491354,0.0405413,0.183621,-0.0242889,-0.426046,1.07203,0.182712,0.418541,-0.229676,0.0214707,0.986438,-0.487356,0.286692,0.0655975,0.179834,0.461889,0.7684,1
-1.01441,-0.422596,-0.906607,0.292968,0.0690974,-0.46486,-0.106787,0.267938,-0.279414,-0.111667,0.382389,0.475591,-0.388548,1.49035,0.501373,0.921723,-0.286164,-0.181635,-0.587247,-0.46382,-0.1716,0.467857,0.250039,-0.10305,-0.833159,-0.169966,0.663193,0.447559,0.26574,-0.299662,0.542889,0.0797979,0.53004,0.798227,1
0.22563,0.874844,0.787064,-0.138529,0.824083,-0.590365,0.309047,0.837719,-0.751272,0.75626,0.246074,0.183143,-0.218303,-0.255684,-0.361795,0.456318,-0.166854,-0.499891,-1.51234,1.4561,0.188935,-0.110853,-0.455382,0.38557,-1.15226,0.515765,0.982741,0.0936872,-0.249438,0.0453074,-0.501942,-0.0484939,0.424805,0.787821,1
0.243312,0.085611,-0.435457,0.586158,0.0311747,0.810369,0.0891928,-1.07067,0.718125,-0.140801,0.79644,-0.0101896,-0.438161,-0.939684,0.05688,0.482075,0.0996413,-0.712036,0.564683,-0.130797,-0.651418,0.700426,-0.17374,1.10965,0.715046,-0.939741,0.70979,0.1401,0.0232487,-0.133695,0.445099,0.821424,0.547786,0.788815,1
-0.117112,0.31748,0.540237,0.395403,0.662236,-0.17637,-0.190133,0.895991,1.32168,0.426618,0.265869,-0.195697,-0.453969,-0.133675,0.717713,-0.473732,-0.208173,0.0957395,1.06407,-0.252782,-0.24563,-0.607691,0.0845865,0.152057,0.97603,0.82734,0.803427,0.041591,0.126616,0.12864,0.875746,0.197116,0.430986,0.888266,1
0.566834,0.0037878,0.2247,-0.638502,0.267283,-0.00380715,0.240386,0.569364,-0.164373,0.572544,-0.255934,-0.209019,0.455623,0.158899,0.323437,0.587978,0.312781,-0.278122,-0.0291147,-0.633221,0.375226,0.0484305,-0.0563352,1.18416,0.00606857,0.92318,-0.379372,0.0999616,0.299108,0.801914,1.73299,-0.616587,0.550121,0.852008,1
-0.865877,0.516446,-0.0298065,0.41585,0.35262,-0.942542,-0.178673,0.272316,0.141162,-0.241317,0.651384,-0.544383,0.450033,0.0322767,-0.0405673,0.150161,0.382757,0.581449,-0.601358,0.248964,-0.367376,-0.330791,0.445864,-0.198241,-0.351517,-1.07875,0.227441,-0.815063,0.0744768,-0.265178,-0.219901,-0.0314889,0.559395,0.856032,1
0.0881327,-0.218885,0.268276,-0.41719,0.51378,0.556972,-1.02046,0.332659,0.0900993,-0.432647,0.399016,-0.890859,0.056244,-0.655851,0.417593,-0.280013,0.0347962,0.0685116,1.03551,0.204255,0.222204,-0.351876,0.782299,-0.884767,-0.548816,0.14807,0.0566273,0.0870026,0.0334197,0.0620562,-0.0528504,-0.265525,0.444063,0.847672,1
0.0201054,0.15306,0.166132,-0.0716629,-0.425235,-0.518693,0.326005,0.0736727,0.215242,-0.804566,0.426636,0.174593,0.157937,0.753269,0.539608,0.459273,-0.220028,0.323955,-0.314375,0.00234156,-0.453856,-0.173874,0.38135,-0.19095,-0.0680684,0.225664,-0.226905,0.144365,-0.266303,0.404197,-0.216037,0.84596,0.421909,0.936383,1
-0.214401,0.445402,-0.0273202,0.95151,0.085933,0.403034,-1.39483,-0.867799,0.155322,-0.150174,0.416365,-0.153513,-0.439638,-0.525885,0.162334,-0.37542,-0.59237,-1.33953,-0.0829176,-0.35454,0.253382,0.988346,0.318312,-0.268206,1.50363,-0.308607,-0.594531,0.311565,-0.144066,0.440575,0.236999,0.28811,0.456616,0.928179,1
0.698016,-0.312042,-0.238765,0.388269,0.420035,1.18507,-0.415757,0.622177,-1.09971,-0.460599,-0.317096,-1.17392,-0.720832,-0.640868,0.025151,0.645733,-0.221136,-0.78495,0.757435,0.0913046,0.0907351,0.147978,-0.00723954,0.258449,-0.189907,0.203491,-0.461462,0.451787,-0.54195,0.9333,0.283959,1.35983,0.468623,0.846378,1
-0.227551,-0.0484465,-0.570654,0.172094,-0.231403,0.516713,0.504049,-0.669228,0.573764,-0.59884,0.302988,0.349469,-0.314625,0.31276,0.119011,-0.0858027,0.275347,0.338559,-0.289994,-0.027856,0.353213,0.505925,0.367793,0.327219,0.238667,-0.325345,0.148832,0.344364,-0.464902,-0.929771,-0.0355481,-0.391591,0.536201,0.79827,1
-0.320266,-0.0333833,0.358497,0.0312162,0.513828,-0.275242,-0.542962,-0.272682,-0.447802,0.359864,-0.0625291,0.371719,0.587962,0.952729,0.763046,0.237995,-0.436564,-0.224364,-0.0371006,-0.0655735,0.165659,0.870626,-0.201419,0.0657356,0.482321,0.537095,-0.0320988,0.600389,0.703464,-0.939633,-0.4799,0.487435,0.481353,0.946572,1
-0.587023,0.668831,0.283771,-0.383635,0.596607,0.24277,0.404114,1.06657,-0.687048,-0.404633,-0.526575,-0.383094,0.00483224,-0.199022,0.0878066,0.616812,0.0139977,0.625115,0.351552,0.719454,0.30863,-0.099171,-0.702759,-1.07215,0.174309,0.573172,-0.391051,-0.142378,0.362072,-0.547797,0.668156,-0.14333,0.530351,0.931353,1
0.600626,0.0990816,0.651549,0.0833315,-0.416287,-0.42839,0.607874,0.554059,0.345576,0.639544,-0.750202,-0.358764,-0.274366,0.67014,0.130429,0.00125591,-0.178218,0.497165,1.21593,0.0591587,0.596025,0.122717,-0.282961,0.0180872,-0.217302,0.612226,0.877639,-0.0498535,0.471859,0.356386,-0.00597893,0.856698,0.553029,0.803394,1
0.335143,-0.15796,-0.266535,-0.497768,0.633085,-0.965841,-0.187663,-0.552552,-0.639926,-0.432914,0.0652212,-0.228087,-1.16872,0.396904,-0.615361,-0.229087,0.419075,0.0703324,-0.319048,0.44872,0.309342,-0.152097,-0.919634,0.227744,-0.565584,0.141934,-0.173484,-0.446081,-0.0674573,0.394268,0.35025,-0.742133,0.557113,0.833173,1
-0.421215,-0.438931,-0.523695,0.122401,-0.0589251,-0.622243,-0.189044,0.438629,1.17325,-0.0305533,0.601824,0.737159,-0.276969,-0.223157,-0.618245,0.298535,-0.993088,0.0740047,-0.00534177,1.12555,-0.432495,0.564216,-0.553392,-0.253876,-0.295668,0.100281,-0.69246,-0.255179,0.0672471,1.16757,-0.365934,-0.185422,0.461398,0.923964,1
0.73655,0.112798,0.0384497,0.915916,0.90735,-0.206041,0.952271,-0.232844,-0.848681,0.458186,0.0589303,0.228325,-0.402713,0.233753,0.428636,-0.37334,-0.747722,0.202535,-0.308045,0.113965,0.204814,-0.189344,0.45177,-0.471533,-0.0397813,1.02836,0.846987,0.506116,-0.559878,0.262914,1.10558,0.174406,0.565508,0.850518,1
-0.578062,-0.355953,-0.196934,-0.402213,-0.247329,-0.0123182,-0.431912,-0.194353,0.408385,-0.321969,0.248837,0.0377722,0.13306,-0.292553,0.0193077,-0.045171,-0.258387,-0.796331,-0.0641464,0.588347,-0.49651,-1.32438,-0.657285,1.24802,-0.0979931,0.100775,-0.464509,0.146347,-0.165173,0.0925764,-0.587159,-0.274508,0.483876,0.941871,1
-0.211179,-0.106451,-0.225539,0.259698,1.64318,-0.0839564,0.283572,-0.550302,-0.166204,-0.347069,-0.931747,-1.08943,0.590412,0.565208,-0.471876,-0.662859,-0.466598,-0.514346,-0.969579,0.249644,-0.00369542,-0.725792,-0.440119,-0.279663,-0.413171,0.588433,-0.264345,1.71019,0.18114,-0.0141043,0.928173,-0.274625,0.574004,0.768618,1
-0.104554,0.311925,0.21654,0.0537954,0.134949,0.344429,0.417385,-0.15879,-0.0299226,-0.161919,0.825311,-0.615132,-0.688531,0.901544,0.782983,-0.335022,0.57319,0.718339,0.498027,0.620141,-0.121576,0.842617,0.598368,-0.184182,-0.35003,-0.139133,0.396817,-0.435308,0.0310246,-0.480525,-0.322798,0.618791,0.454588,0.839101,1
-0.929584,0.917609,0.391829,0.357985,-0.0338101,0.316809,0.0279758,-0.213924,-0.681864,-0.611698,-0.155931,0.73735,-0.137307,0.673991,-0.255361,-0.340228,0.0848911,-0.976906,-0.204502,0.213539,-0.446919,0.0457819,0.556554,0.195198,-0.638083,0.801986,1.14762,0.154304,0.32916,0.442606,-0.340097,0.0964439,0.529217,0.912097,1
0.246716,-0.453133,0.194656,-0.443093,0.233079,-0.545133,0.313654,-0.684547,0.575953,0.682256,-0.212627,-0.369525,0.269804,-0.0109305,0.264904,-0.102692,0.420486,0.123888,0.626336,0.602765,-0.624417,0.340945,-0.5383,-0.117818,-0.489173,1.12699,0.429924,-0.0259965,0.835487,-0.00911257,0.241131,-0.454298,0.568401,0.784744,1
0.1905,0.0896253,0.25965,0.289849,-0.17398,0.965336,0.213855,0.326529,-0.15628,0.591844,0.815711,-0.745243,0.365807,-0.264831,-0.0850061,-0.208985,1.80404,0.334852,0.499196,0.148421,-0.850901,-1.27805,0.150022,-0.386793,0.0395304,-0.481843,-0.11725,0.69195,-0.411823,0.0651773,0.206887,-0.147822,0.43347,0.831673,1
0.741573,0.287598,1.11684,0.278825,0.157926,-0.227896,0.595587,-0.173357,1.66515,0.325791,-0.933883,-0.162647,-0.685143,-0.135933,0.325199,0.472284,-0.710374,-0.124988,-0.236226,0.835944,-0.293958,-0.213009,-0.61273,-0.260376,-0.218234,1.17868,0.192724,0.755844,0.937286,0.57892,-0.418087,-0.725403,0.515097,0.930922,1
-0.776369,0.336726,-0.317016,-0.578322,0.20422,0.0222398,0.0429873,-0.289727,0.29371,-0.218903,0.227722,0.305744,0.499347,-0.667572,-0.200315,-0.834915,-0.470438,-0.208336,0.0938548,-0.430487,-0.0777849,-0.86251,0.156944,-0.407185,-0.298034,-0.617815,0.679735,-0.34873,0.281749,0.142345,0.903668,-0.320793,0.568388,0.805836,1
-0.484315,-0.124279,-0.360096,0.368689,-0.120861,0.382381,0.457041,0.0330073,0.132669,-0.463473,-0.0417163,0.460897,0.1001,-0.671801,0.596804,0.0435555,0.167985,0.332934,-0.492087,-0.567147,0.0576619,0.409677,-0.634366,-1.11717,-0.557663,-0.068062,-0.411816,0.115395,0.857018,-0.140916,0.425062,0.460004,0.524235,0.895676,1
-0.880922,0.0678719,0.016487,0.0242659,-0.174384,-0.470232,0.571893,-0.155288,0.599656,0.341059,0.705866,-0.590739,-0.469665,0.882518,0.254348,0.148914,-0.598336,-0.377382,0.362137,-0.179891,-0.587709,0.0309379,-0.718845,0.04641,-0.743984,-0.241521,0.280217,0.399622,0.448587,-0.0172054,0.47446,0.464855,0.429658,0.833725,1
-0.307663,-0.391712,0.076975,0.111343,-1.29915,0.148191,-0.227718,-0.261469,0.353271,1.39149,0.322492,-0.0298742,-0.507754,-0.627968,0.0778046,-0.0193603,-0.602833,-0.0683692,-0.111046,-0.0481344,-0.405538,0.520378,0.589565,-0.352547,-0.40752,-0.176668,-0.833583,-0.107077,-0.104297,0.582451,-0.340187,0.268707,0.515246,0.894514,1
0.160111,0.610487,0.0731904,-0.408938,-0.185816,-0.191723,-0.0486718,-0.0131546,-0.230092,-0.968912,-0.348351,-0.00667147,0.00564253,0.497708,-0.135618,-0.524132,-0.317758,0.244303,-0.183995,-1.01579,-0.569535,0.313975,-0.692564,-0.0146845,-0.494092,-0.568488,-0.235761,0.041446,0.477168,-0.011735,-0.676663,0.560643,0.444554,0.817635,1
-1.29476,-0.165015,0.386454,0.487355,-0.385889,-0.0267516,-0.0895005,0.0411967,0.298417,0.285413,-0.338812,0.282508,-0.122109,-0.628854,-1.61616,0.284068,-0.17498,-0.680216,0.616749,-0.105814,-0.192038,-0.127177,-0.298377,1.37859,-0.263316,0.283354,0.10499,0.105714,0.512297,0.0604571,-0.545366,-0.410936,0.567795,0.854187,1
0.177545,0.71581,0.125838,0.921175,-0.907908,-0.138633,1.06491,-0.0227469,-0.350635,0.0208372,-0.32433,0.173578,0.464705,-0.0302062,0.247239,0.325277,0.798918,-0.00655684,-0.525797,-0.35163,0.581743,0.789799,0.392673,0.0973938,-1.04288,0.357386,0.0894032,-0.70232,0.0325034,0.30287,0.220755,0.273305,0.567165,0.923761,1
0.62646,-0.173603,0.590506,0.535499,1.61747,-0.210872,0.75554,0.190069,0.213086,-0.283293,0.485909,-0.125529,-0.0455432,-0.201267,-0.281292,-0.189691,0.479372,-0.104744,0.798317,-0.476593,-0.38089,-0.443735,-1.36548,0.142695,0.155637,0.00724288,-0.271584,-0.453037,-0.14064,0.6581,0.227942,-0.253486,0.48192,0.834006,1
-0.301851,1.23883,-0.12113,0.130452,0.504073,0.280635,0.382625,-0.503501,0.0243626,-1.12071,-0.39884,0.627027,-0.318515,-0.317977,0.239819,0.150385,-0.158037,0.637887,1.12471,-0.0974759,0.625761,-0.500935,-0.124699,-0.466174,0.456657,-0.0268793,-0.0938148,-0.916672,0.0943139,0.219745,-0.565945,0.228158,0.467625,0.787688,1
0.347363,0.384961,0.119514,0.215501,0.191077,7.95,0.348179,0.299668,0.218795,0.285424,0.239314,0.391288,0.374434,0.326061,0.330433,0.346494,0.104246,0.284867,0.110946,0.369253,0.197493,0.167078,0.275837,0.243657,0.259809,0.135401,0.24073,0.37444,0.317207,0.316086,0.363272,0.200591,0.52,0.82,1
-0.0933149,0.105171,-0.216373,0.721637,-0.463398,0.592596,-0.204029,-1.47675,-0.087234,-0.395703,-0.412492,-0.496668,-0.0701213,-0.868386,0.333649,-0.584115,-0.861282,-0.623308,0.787401,-0.334044,-0.0513345,-0.442712,-0.44639,-0.385084,0.659642,-0.531705,-0.416201,0.968528,0.978656,-0.627828,-0.827437,-1.02472,0.569557,0.817118,1
0.503275,0.399466,-0.237596,-0.408172,-0.153223,-0.143366,0.369622,-1.44786,-0.240065,-0.574251,0.197727,0.76438,-0.114648,-0.552688,0.127638,0.743131,0.182342,-0.601681,-0.464479,1.22739,0.0615935,0.0762389,-0.599199,0.495483,-0.137271,-0.569533,0.0237142,-0.230357,-0.0751349,0.135386,0.0416693,0.674364,0.46325,0.819879,1
0.694643,0.913127,0.441224,-0.334549,0.934223,-0.0537732,-0.262368,-0.2576,-0.256409,-0.158589,0.439683,-0.0607096,0.0300591,0.00544144,-0.49302,0.0789911,-0.264535,0.15907,-0.613079,0.219,-0.733846,-0.37754,0.383297,-0.0801226,-0.112019,-0.0681714,0.131361,-0.553637,-0.673153,-0.304828,1.47375e-05,0.0852963,0.546805,0.832311,1
-0.441509,0.470185,0.521461,0.0691775,-0.181148,0.53758,-0.589146,-0.356751,0.833403,-0.0941163,0.346126,0.0413525,-0.493176,-0.144055,-0.288877,-0.949973,0.0933183,0.759287,-0.0274125,-0.303678,-0.359777,-0.498297,0.548419,0.162111,-0.485116,-0.155246,-0.245057,-0.187695,-1.19784,-0.54602,0.385301,0.0100826,0.564241,0.891746,1
-0.499804,0.569944,-0.777153,0.065493,-1.19646,0.162511,0.0340314,0.0985425,-0.697241,-0.0853732,0.835373,0.649078,-0.367238,0.28067,-0.339447,0.815958,-6.84586e-05,0.623364,-0.100524,-0.618778,0.842692,-0.583273,0.352647,-0.687883,-0.308922,0.0580417,0.180744,-0.122221,0.381764,0.167864,-0.620674,0.56525,0.515577,0.769381,1
-0.586474,0.477836,-0.145484,0.0717838,-0.274199,0.755514,0.207562,-0.14691,-0.147566,-0.911585,0.151427,-0.0427799,0.0879065,0.0741928,-0.695181,0.110687,0.0884003,0.0420678,-0.810221,0.124741,0.0462222,0.23886,0.0521545,-0.519753,-0.866659,-0.225397,0.986808,0.215524,1.2914,0.709911,0.0126717,-0.0254609,0.51446,0.796994,1
-0.256376,0.592962,-0.405238,0.216097,0.800417,0.124257,-0.654421,-0.47008,0.292885,-0.318359,0.531095,0.812808,0.303797,-0.970829,0.551941,-0.616977,0.617812,0.413028,-0.341221,0.176604,0.322906,0.248615,0.685714,-0.67343,0.0370717,-0.326082,0.167354,0.509323,-0.213867,-0.20607,0.558925,0.153862,0.50621,0.880409,1
-0.393275,-0.69518,-0.291029,1.02472,-0.739164,-0.00454497,0.368724,0.574992,-0.911696,-0.053452,-0.00155429,0.732099,-0.383871,1.19737,0.0655306,-0.35634,-0.0682315,0.140083,-0.500737,-0.469898,-0.073803,-0.35281,-0.0532944,0.625223,-0.413089,1.23703,-0.120334,0.66658,-0.232299,-0.44536,0.569218,-0.402567,0.519222,0.817989,1
0.646521,0.115179,0.256494,-0.808805,0.18323,-0.103747,0.432596,-0.771676,-0.152877,-0.265385,0.0374024,0.0418206,0.153928,-0.18354,-0.301438,-0.282306,0.319282,-0.0337451,-0.813589,-0.226422,0.635895,0.285279,-0.611056,0.82774,0.389334,-0.496917,-0.879997,0.473657,0.0497376,-0.0792388,0.461642,0.419565,0.555492,0.764517,1
-0.627523,-0.140734,-0.163553,-0.293525,-0.311502,-0.179325,-0.458414,-0.542731,0.613871,1.60606,-0.591926,-1.24078,-0.513858,-0.191169,-0.922265,-0.100279,0.270578,-0.377944,0.310866,-0.00925686,0.7317,0.0635347,0.879257,-0.490339,-0.224156,-0.106521,0.652295,-0.195133,0.570691,0.527245,0.320436,-0.563663,0.424825,0.777129,1
0.506327,-0.277054,0.624607,-0.105858,0.297747,-0.834178,-0.67794,0.0379036,-0.264223,-0.688162,0.80482,0.267174,0.398558,0.114658,0.162378,0.299851,-0.132796,-0.392974,0.00368975,-0.198458,-0.521425,-0.016564,0.32482,0.873961,0.346964,0.667678,-0.0724277,-0.281134,-0.88836,0.11148,0.899604,0.41362,0.536901,0.914756,1
-0.52676,-0.121768,-0.289822,-0.0673095,0.552864,0.274338,1.10493,-0.833371,-0.216427,-0.286576,-0.395631,0.828563,0.207743,-0.14772,0.192452,-0.0241309,0.0285367,0.0816304,-1.01216,-0.258929,0.276032,-0.573604,-0.0409953,0.599891,0.906152,-0.00149993,-0.0763222,0.221749,0.516161,-0.357569,-0.264838,0.146902,0.432083,0.822447,1
-0.265531,0.231847,-0.230536,0.482498,-0.176751,-0.398497,-0.489001,0.221085,-0.480668,-0.53094,-0.490535,0.979145,0.180557,0.0858096,0.238706,-0.270469,0.405737,-0.0520337,0.452178,0.816881,0.537545,-0.202862,0.218475,-0.405004,-0.316867,-0.480968,-0.297322,-0.728689,-0.307085,0.393754,-0.0126815,-0.178535,0.483502,0.832992,1
0.066463,0.861427,-0.715149,0.431524,-0.663542,0.508221,-0.84761,-0.130741,0.187687,0.989226,-0.402755,0.272299,0.565104,0.206335,0.632724,0.365463,0.116428,-0.76809,0.61367,-0.710193,-0.145434,-0.215511,0.0586727,-0.9948,0.186622,0.259093,-0.0496637,-0.25766,-0.311774,0.104472,0.59783,-0.0211144,0.520947,0.805462,1
-0.745114,1.09011,0.241319,-0.472781,0.161488,0.380942,-0.155772,0.120085,0.655987,0.419019,-0.199279,0.118773,0.460481,-0.241393,-0.378366,0.469709,-0.45166,-1.00797,0.00735657,-1.45432,-0.138245,0.316786,0.271923,0.114542,0.550399,0.408324,0.00863706,0.00457268,-0.3127,-0.380273,0.138476,0.223983,0.558179,0.826017,1
0.41116,-0.696986,0.414816,-0.566449,0.745127,0.588671,-0.965182,-0.225807,0.761689,-0.317057,0.347188,-0.47331,-0.122836,-0.350578,-0.690816,-0.0316787,-0.795218,0.769252,0.145077,0.0610581,-0.279441,0.00645208,-0.156014,-0.0262174,-0.317654,0.0138163,0.139288,0.909308,0.282918,1.13734,-0.404765,0.760891,0.497496,0.911567,1
0.452986,-1.24792,-1.11856,0.45459,0.876714,-1.03786,0.490638,-0.205895,0.868931,-0.153945,0.0594719,-0.0538731,0.150129,-0.0707209,-0.536682,-0.359016,0.162866,0.744229,0.641281,-0.767974,0.893618,-0.00325801,-0.20366,0.245271,-0.329449,-0.350273,-0.242866,0.0910971,-0.740982,0.220246,0.0210834,0.0857183,0.498237,0.766949,1
-0.396185,0.0205577,-0.0675041,0.573748,0.798468,0.0584041,-1.00308,-0.811315,-0.390828,0.337665,-0.748723,-0.550931,-0.176213,-0.0789961,0.517332,-0.105965,-0.397281,-0.0955735,0.513476,-0.0663677,0.0665483,0.822354,-0.238604,0.313342,0.0564264,-0.287795,-0.904956,0.103099,0.113941,-0.706717,0.381362,0.343244,0.4853,0.772016,1
0.590585,0.43235,-0.723559,-0.22131,0.539856,-0.574332,0.384105,0.191854,0.135397,-0.187064,-0.491348,0.0540676,-0.146673,-0.431274,-0.0140077,-1.30233,-0.0535278,0.091145,-0.492024,0.477879,0.757441,-0.227524,0.118878,0.0332797,0.0613033,0.191773,-0.122649,0.41918,0.385976,0.199552,0.216173,0.212879,0.436532,0.921828,1
0.0471425,-0.169495,0.0314937,0.327445,0.0505865,0.16163,0.18756,-0.65301,0.338398,0.994879,0.801402,0.0357551,0.117127,-0.266845,0.0258296,0.0649948,0.135399,-0.312886,0.956628,0.114481,-0.830464,0.513675,0.692063,0.509266,-0.218154,0.220603,0.563308,0.626774,-0.399632,-0.638565,-0.249351,-0.405404,0.473928,0.821881,1
0.0489794,-0.108146,0.580914,0.773829,-0.0101253,-0.112488,0.678189,-0.427642,-0.916782,-0.320018,-0.137122,-0.746958,0.455112,0.540906,-0.209179,0.296156,-0.234015,0.438964,-0.528453,-0.415095,0.578144,-0.650404,0.628569,0.396717,0.320081,-0.87326,0.284782,0.127732,-0.744627,-0.353424,0.168284,-0.339524,0.463974,0.765682,1
0.103562,0.0707917,0.0855755,0.0106104,-0.217184,0.427068,0.0738185,0.542999,-0.898931,0.364709,-0.173876,0.412094,0.600234,0.25481,0.101515,0.0702208,-0.12427,0.262988,0.877711,0.207758,0.159514,0.467321,0.0315645,0.0741736,0.23618,0.341043,-0.619982,0.559277,1.13462,0.232891,-0.012034,-0.356474,0.461462,0.86191,1
-0.169686,0.466274,-0.593406,-0.817132,0.330899,-0.436068,-1.06964,-0.0198355,0.17262,0.254346,-0.275952,-0.0676362,-0.14918,-0.136378,0.779423,0.139911,0.50763,-0.524377,0.530384,0.10928,-0.264215,-0.255397,0.00945162,-0.590423,0.344536,-0.576307,-0.446191,-1.08441,0.233568,0.255256,0.851887,-0.455594,0.483114,0.907547,1
-0.242683,0.14156,0.0159848,0.624969,0.332499,-0.2022,-0.496465,-0.328948,0.44252,-0.507338,-0.477273,0.750469,0.878572,-0.531415,-0.00839137,-0.371979,0.407613,-0.0899989,0.41279,0.265574,0.0728562,-0.649466,-0.0177936,-0.605945,0.136827,0.741806,0.479662,-0.0554332,1.37621,0.352434,-0.0398496,0.0437031,0.499273,0.857081,1
-0.360496,-0.348129,-0.115268,-0.0131273,0.227749,0.443141,-0.211874,-0.428684,-0.414453,-0.211606,-0.0737704,0.199576,-0.200946,-0.222936,-0.03626,-0.110364,-0.378359,0.657265,-0.523967,0.273662,-0.165587,-0.487267,-0.219417,-0.00713827,-0.176499,-0.0335273,-0.510605,-0.828889,0.576076,0.556948,0.705205,0.0540977,0.467606,0.78585,1
0.288235,-0.4795,-0.109544,-0.110597,0.814587,-0.207096,-0.848166,0.581611,-0.00906743,-0.321755,-1.17546,-0.969563,-0.0122175,-0.380306,-0.149683,-0.361739,-0.127915,0.0853772,0.994957,0.735627,-0.536506,0.377808,0.611781,0.321264,-0.26207,-0.164092,-0.335958,1.25111,0.270988,0.599497,0.420786,0.402517,0.553649,0.827728,1
0.28953,0.465358,-0.648894,0.785677,-0.809133,0.0344496,0.993888,-0.310316,0.0323671,-0.0566894,0.163189,-0.603477,0.362773,-0.17718,-0.0199998,-0.149339,0.703198,0.210345,0.779283,1.04168,-0.402201,0.374201,-0.18868,-0.126809,0.829662,-0.342105,0.820086,0.192948,-0.11457,-1.83622,0.525196,-0.775806,0.571799,0.898995,1
0.16347,-0.506464,-0.52948,-0.0104576,-0.719808,0.779546,-0.0166251,0.501322,-0.329749,-0.197703,-0.432463,0.755353,-1.17438,-0.0727692,0.155116,-0.177184,-0.109501,0.196753,-0.429024,-0.522283,-0.50735,-0.401418,0.763121,-0.241522,-1.06331,-0.213669,-0.28305,0.328587,-0.143329,-0.146652,0.348627,-0.81113,0.562473,0.893025,1
0.323886,-0.21618,0.369565,0.258679,-0.0362034,-0.33397,-0.576638,-0.886809,0.36426,0.199256,-0.545211,-0.110136,0.379685,0.337424,0.436114,-0.215687,-0.356411,-0.536074,-0.0624561,-0.0427028,-0.42106,-0.0192575,-0.0956635,0.567791,0.228057,-0.850954,0.369962,-0.595415,0.254166,-0.0549129,-0.383235,0.28298,0.491335,0.903928,1
-0.40124,0.357678,-0.237731,-0.752692,-0.164358,0.552423,0.609802,0.363766,-0.652652,0.0404054,0.991194,0.168731,-0.435801,0.360767,-0.110682,0.331507,0.00733353,-0.256865,-0.0576363,0.538567,-0.0711263,0.882343,-0.377885,0.269743,0.558524,-0.245114,0.464385,-0.354667,-0.231243,-0.859811,0.102376,0.173847,0.555806,0.790641,1
-0.185273,-0.0854732,0.332428,0.210521,0.698634,1.69455,-0.431206,0.366156,0.269957,-0.342675,-0.608588,-0.105206,0.505724,0.337216,-1.29323,0.390959,-0.327614,0.809951,0.77799,-0.462398,0.295693,-0.0407572,0.263754,0.313689,0.0250754,0.460351,0.70809,-0.329152,-0.42168,-0.392196,-0.174488,0.848366,0.452218,0.904543,1
0.555241,0.0822413,0.147367,0.534739,-0.0757779,-0.304027,0.453892,-0.298267,-0.0536372,-0.0437278,-0.713367,-0.158411,0.285515,0.472899,-0.385647,0.170542,0.374677,-0.465286,0.11505,0.133801,-0.0646014,0.0295211,0.491597,0.59747,-0.236731,-0.609504,0.492182,0.158581,0.276803,-0.848606,-0.868849,-0.627309,0.537506,0.938458,1
0.143942,-0.661727,-0.400514,0.664672,-0.032873,-0.965971,-0.915873,-0.289343,0.425847,-0.152747,0.95385,0.358916,-0.606622,0.653771,-0.482448,-0.489729,-0.355537,0.452293,-0.130787,-0.28663,-0.0691506,-0.322078,0.363306,0.0651765,0.155074,-0.436031,-0.186188,0.890104,0.151295,-0.539528,-0.256117,0.38477,0.537983,0.925385,1
0.381853,0.353862,0.131724,-0.0547567,0.462281,0.307136,-0.347928,0.06303,0.261175,0.29946,0.436506,-0.357575,0.250802,0.265177,1.51426,-0.199808,0.303288,-0.437955,0.19117,-0.565827,0.649958,0.236576,0.416205,0.054129,-0.122872,0.166038,0.37524,0.331719,-0.111324,0.147208,0.10889,0.101541,0.478276,0.907079,1
0.005948,-0.0271854,0.160758,0.126009,0.242918,-0.690299,-1.39196,0.469725,-0.639321,1.10409,-0.105506,0.114379,-0.53022,-0.0697682,0.557908,-0.618586,-0.302079,-0.00760968,0.193806,-0.995607,-0.458957,0.320979,-0.270508,0.253092,0.205625,0.112991,0.0646996,0.807186,0.0590527,-0.215067,-0.528516,0.274684,0.443154,0.796732,1
0.832713,0.114706,-0.644262,-0.454586,-0.596335,0.229324,0.617211,0.0665867,-0.37156,-0.396562,-0.350004,0.06055,-0.934559,-0.0534371,0.842021,0.26058,-0.613465,-0.28187,-0.482381,0.0233818,0.343259,0.644616,0.345533,-0.0487094,-0.0851001,-0.053666,0.823405,-0.49811,0.649417,0.681105,-0.230794,0.682535,0.579696,0.860397,1
0.224177,-0.219283,0.285591,0.172276,-1.31023,0.0508322,-1.14317,1.02375,-0.251334,-0.00695726,-0.361829,0.321726,0.4429,-0.510775,-0.117095,0.257764,0.580353,-0.477055,0.297366,-0.379928,-0.601519,-0.504236,-0.423004,0.0229414,1.51134,0.779752,-0.681902,0.670973,-0.252968,-0.254991,-0.0073103,-0.090981,0.424477,0.803094,1
1.02317,0.087042,-0.122329,-0.27692,-0.85029,0.343786,-0.126513,0.467601,0.642226,-0.212101,0.31616,-0.458332,0.248647,-0.549378,0.400175,0.552955,0.316089,-0.418183,-0.893095,-0.0208493,-0.416464,0.389527,0.56041,-0.247651,-0.423955,-0.0280712,0.0253773,0.666392,0.139489,-0.0470945,-0.421131,-0.0184058,0.451562,0.768404,1
-0.254019,-0.0662208,0.631608,0.128375,-0.56979,-1.1012,-0.0534753,-0.363633,-0.388447,1.09254,0.365507,-0.127441,-0.460935,0.237603,0.401509,-0.0581131,-0.181292,-0.41395,0.321432,-0.411198,0.904352,0.00221658,0.020056,1.58627,-0.19229,0.226478,-0.770151,-0.909467,0.227785,-0.714265,0.187335,-0.310434,0.558577,0.826118,1
0.165493,-0.00500541,-0.512155,0.198803,0.14706,0.102278,0.645521,0.408958,0.278093,-0.597533,0.325581,0.209634,-0.780035,0.411476,1.08143,0.0107057,-0.158799,-0.373849,0.384826,-0.919132,-0.0743839,-0.813969,-0.121761,-0.786226,-0.550173,0.902886,0.137573,0.600833,0.145113,0.751456,-0.609955,0.00647835,0.482181,0.775213,1
0.265197,0.367574,0.551848,0.0123144,-0.133296,0.0404884,0.0173495,-0.727683,-0.302302,-0.28058,0.652021,0.434323,0.0567027,0.132551,-0.125561,-0.775424,-0.439721,-0.501226,0.428421,0.690408,0.147755,-0.388658,-0.652497,0.48492,0.45914,-0.290698,-0.108458,0.403385,-1.04372,-0.0304956,-0.185627,0.285114,0.494668,0.872232,1
-0.192021,-0.288226,0.350648,0.208593,-0.118957,0.0109167,0.0396315,-0.170409,0.0697759,-0.830194,-0.794255,-0.226897,1.10275,-0.148713,0.176168,0.631463,0.913249,-0.508725,-0.640316,0.732165,0.132039,0.366324,-0.0726375,0.314501,-0.559403,0.605267,0.220237,-0.114646,0.495537,-0.802376,0.288921,-0.0904443,0.426461,0.818374,1
-0.533802,-0.302502,-0.334424,-0.323357,0.119144,0.0399059,0.0478229,-0.0226888,0.120899,-0.27324,-0.35791,-0.613937,-0.195379,-0.207468,0.593771,0.190481,-0.169197,-0.32617,0.00934801,1.00251,0.538871,-0.240647,0.0195495,0.561316,-0.777745,-0.21987,0.187899,0.594966,-0.214336,0.223913,-0.308853,-0.784318,0.453384,0.857751,1
-0.281686,0.409363,0.216105,0.858752,-0.572249,0.776565,0.404355,-0.11322,0.346987,0.469638,-0.736198,1.30995,-0.0336291,-0.469429,-1.01705,0.139312,0.582601,-0.242044,0.610829,-0.873687,-0.224314,0.785669,0.987966,-0.286882,-0.413756,-0.550718,0.204262,0.22597,-0.0142,0.312534,-0.419803,-0.271318,0.42291,0.883235,1
0.272789,0.317534,0.507513,0.11113,-0.0483174,-0.219849,-0.688501,0.961928,-0.454616,0.618736,0.818149,0.261954,-0.26143,-0.808123,-0.378874,0.0841946,-0.0812137,0.178032,0.111954,-0.168296,0.10768,0.0267207,0.331916,-0.0721715,0.00348219,-0.567185,-0.0142544,0.0995289,-1.01399,0.012179,0.161525,-0.620674,0.489381,0.924803,1
0.20425,-0.260344,0.111824,0.479819,-0.109085,0.336511,-0.182375,0.704003,-0.0104713,0.449452,-0.376483,-0.7452,-0.571851,-0.61601,0.664916,0.130355,-0.317203,0.513386,0.254866,0.0647994,-0.310494,0.275709,0.446567,-0.589966,-0.892985,-0.0313102,-0.666642,0.373208,-0.282456,0.301933,0.370209,-0.557675,0.443736,0.880011,1
-0.248356,-0.294901,-0.333125,-1.22215,-0.3939,0.27031,-0.561493,0.206462,-1.03575,0.289024,-0.116565,0.739269,0.18394,0.0681912,-0.0709913,-0.108519,0.729702,-0.691813,0.103371,0.300531,-0.0151052,-0.0520223,-0.42082,-0.446965,0.186242,0.321075,0.49253,0.273605,-0.300468,0.483219,0.827962,0.38686,0.476746,0.879059,1
-0.0205706,0.717529,0.375911,-0.136811,-0.171036,0.899111,-0.561173,-0.706285,0.0891845,-0.135475,-0.299573,0.565091,0.497975,0.452548,0.616109,-0.487986,-0.192766,0.308636,0.0485824,-0.0264188,-0.904225,-1.19147,0.0625875,0.576219,-0.802057,0.238222,-0.259828,0.484655,0.169078,-0.613511,-0.164098,-0.391195,0.436803,0.843153,1
-0.592332,0.469951,0.272258,-0.330798,0.067142,-0.373436,0.121354,-0.442463,-0.472635,0.669834,-0.96569,-0.000554492,1.09048,-0.386438,-0.00975374,0.232621,-0.792467,-0.432337,0.326072,0.368385,0.326401,0.11536,0.454301,-0.127196,0.639775,1.26233,0.537192,0.214725,-0.312238,0.890053,-0.33636,0.445037,0.428335,0.840299,1
0.758085,0.00926,-1.33575,-0.861581,0.190863,0.541464,-0.483306,-0.245088,-0.042494,0.998096,0.638849,0.405454,-0.125285,0.545711,0.0176358,-0.190778,-1.89643,0.747987,0.270897,-0.725635,-0.156421,0.832822,-0.110769,-0.418472,0.628134,0.569931,0.711065,0.238525,-1.18371,-1.08405,-0.128583,-0.910182,0.517671,0.81049,1
-0.308767,-0.141091,-0.246009,0.408039,-0.344473,0.0773097,0.480601,0.167336,-1.44711,0.0547538,-0.161393,0.68924,-0.0464699,0.653757,-0.517492,-0.0291106,-0.826436,-0.68121,-0.168022,0.696455,-0.143302,-0.48079,0.739195,-0.376197,0.110321,-0.429861,-0.403243,-0.313424,1.22132,1.07689,-0.560091,0.301737,0.535718,0.903896,1
0.176348,0.753912,-0.209724,-0.352881,0.00319969,-0.718193,-0.931544,-0.66895,0.080497,0.211857,0.0267862,-0.0217895,0.581655,-0.295469,0.692475,-0.324421,0.138887,-1.12407,0.354356,0.0297112,0.937833,0.550066,-0.398119,-0.205074,-0.532651,1.0234,0.169318,0.333714,-0.415211,-0.982225,0.319669,-0.141392,0.487958,0.762023,1
-0.650901,0.765494,-0.12872,0.293298,-0.466841,0.846117,-0.774371,1.94439,-0.289395,-0.235845,-0.408506,0.200958,-0.795918,-0.0431762,-0.0714202,-0.41272,0.554039,-0.645187,-0.462636,0.340957,0.135165,0.343905,-0.73312,0.053616,0.0713801,0.267544,-0.139925,-0.185933,-0.336115,-0.387649,-0.505662,0.584578,0.537486,0.849716,1
0.565949,0.378375,0.467388,-0.212749,-0.82184,0.523847,-0.155007,-0.462112,-0.654058,-0.151782,-0.808832,-0.568997,-0.943138,0.370192,0.892697,0.36771,-0.341261,0.1398,-0.92057,-0.0173827,0.0750495,-0.145772,0.774974,-0.35842,-0.33797,0.261678,-0.483966,0.0282306,0.378625,-0.677114,0.392066,0.0958719,0.523498,0.904779,1
0.171166,0.252071,0.404465,-0.402379,-0.451749,-0.391338,0.120909,-0.252502,-0.28602,0.174956,-0.0911992,0.321675,0.249105,-0.137027,0.0101856,-0.45335,0.95845,0.675864,0.0550334,0.00583185,-0.390794,0.270019,-0.128133,-0.206971,-0.0956214,-0.0634293,-0.571896,-0.0411239,0.749335,-0.116334,0.231918,-0.523114,0.51066,0.802586,1
0.154831,-0.22588,0.0653363,-0.306795,0.204098,0.864511,-0.329198,0.549587,0.265651,-1.00399,0.539037,-0.252422,-0.14321,-0.589681,-0.253652,-0.509299,0.432871,-1.11972,-0.215262,0.472053,-0.320689,0.313481,0.412391,-0.660014,-0.182779,0.014984,-1.41733,0.412431,0.018162,-0.277239,-0.355096,0.184141,0.534802,0.943687,1
0.442419,-0.137203,0.629617,-1.24781,-0.351437,0.67693,-0.328361,-0.194536,0.697168,-0.604105,0.567361,-0.163506,0.315017,0.0396721,-0.508148,-0.0360132,-0.299871,0.223973,-1.18592,-0.500785,0.520965,-0.579429,0.908679,-0.673064,0.429844,0.195687,-0.0623994,-0.422086,0.167218,-0.25783,0.162448,0.10268,0.430561,0.904705,1
0.246718,-0.0826202,-0.563803,0.0291355,-0.0914475,-0.0725058,-0.137337,0.128444,-0.678525,-0.656385,-0.414383,-0.129377,-0.188217,0.532448,-0.0763768,-0.757156,0.342709,-0.560398,-0.400964,0.0849871,0.0354832,-0.560068,0.484822,-0.71906,-0.179883,-0.68753,0.407734,-0.359106,0.0407385,-0.232454,0.474296,0.59879,0.544783,0.773085,1
-0.360029,0.0704018,0.877261,-0.238621,0.0497741,-0.237901,0.156253,0.58139,-1.8015,0.098697,-0.100294,0.350172,0.933046,0.577292,-0.671496,0.0109431,-0.190977,0.182361,-0.47204,-0.185028,-0.84175,0.13814,0.920285,-1.03324,-0.102677,-0.918138,-0.237349,0.359302,-0.490447,-0.0597745,-0.108915,0.2179,0.483534,0.841789,1
0.798357,1.15837,-0.0373602,-0.591422,-0.217501,0.342058,-0.16268,1.61295,-0.440239,0.173434,-0.861233,-0.688407,-0.307159,0.547247,-0.759383,-0.230123,0.119386,0.0851559,-0.017254,-0.280804,-0.625078,-0.45515,0.767942,-0.102292,0.977583,-0.132247,0.301436,-0.0171483,0.0651034,0.190644,0.515373,-0.165125,0.530431,0.825154,1
-0.701734,-0.0853434,-1.24063,-0.181394,0.0965776,0.384447,0.972339,1.15254,-0.148497,-0.485005,0.25339,0.286208,0.39959,0.268822,-0.0590324,-0.0827257,0.0323281,0.0513772,0.443855,0.0218437,0.579322,-0.137987,-0.736709,-0.307715,0.0895227,0.633224,-0.460916,0.543371,-0.853212,-1.12049,-0.414209,0.9315,0.548443,0.890303,1
0.0320734,0.972376,0.00886517,-0.886138,-0.178846,-0.623105,-0.0169081,0.00154191,0.916634,0.796006,-0.133328,-0.600477,0.35169,0.662348,0.601554,-0.71993,0.393819,0.333,1.38845,0.859495,-0.113819,0.718421,0.548679,0.234884,0.399721,0.357024,0.283432,0.161549,-0.0461132,0.252447,0.75189,1.20465,0.47469,0.855888,1
0.538456,-0.441761,-0.366397,-0.108242,0.578295,-0.533114,-0.140429,-0.263,-0.525147,0.207824,-0.263031,-0.462695,-0.320893,0.168733,-0.569177,-0.28526,-0.166381,-0.488077,-0.317515,0.448164,0.177456,-1.61418,0.234349,-0.550595,-0.483838,0.451134,0.737131,-0.163432,0.213851,0.159464,-0.370293,-0.549171,0.450632,0.910702,1
-1.29833,0.845515,0.810165,-0.270337,0.467387,0.703579,-0.629908,0.566587,-0.0433863,-0.198416,0.0452369,0.317683,-0.233869,-0.847741,0.668195,0.387872,-0.232206,0.308838,0.410125,0.0897412,0.0278198,-0.392273,-0.588708,-0.596974,-0.343332,0.389729,-0.541473,-0.104315,0.473762,0.536152,0.328155,-0.355345,0.516619,0.776592,1
-0.0303581,0.820661,0.312077,-0.178343,-0.0961526,-0.82952,0.940612,0.204367,-0.316383,0.0677342,0.581339,-0.00703503,0.401532,-0.0992197,0.109101,-0.390166,-0.399252,0.690679,-0.478611,-0.0312842,0.618022,0.465496,-0.531071,-0.107452,-0.242781,0.688556,-8.44046e-05,0.394333,-0.872459,0.293782,0.0277954,-0.128833,0.491226,0.881141,1
0.95,0.88,0.363208,-0.49326,0.205689,-0.122619,-0.0123852,0.409026,0.0704933,-0.284865,0.315415,-0.173966,-0.393647,0.134216,-0.186576,-0.263271,0.0299579,0.136323,-0.00540836,0.207285,0.378418,-0.0248147,0.42616,0.0757396,0.401397,0.300796,0.310196,0.319152,-0.186669,0.469027,0.417209,0.174985,0.48,0.2,0
0.156432,0.286807,0.324352,0.263372,0.268018,7.95,0.39032,0.339222,0.364515,0.205641,0.333076,0.30046,0.399364,0.157346,0.289142,0.202289,0.36115,0.29322,0.256175,0.191155,0.247413,0.31184,0.255596,0.228893,0.22019,0.287864,0.308098,0.386499,0.360978,0.328513,0.371242,0.132647,0.52,0.82,1
0.247833,0.388648,0.240543,0.178326,0.202042,7.95,0.19105,0.201013,0.227593,0.266276,0.356795,0.343544,0.273939,0.327618,0.192445,0.361003,0.266086,0.13698,0.133213,0.389596,0.351198,0.22548,0.239315,0.162726,0.305387,0.23462,0.332351,0.395264,0.203899,0.270392,0.394714,0.200326,0.52,0.82,1
-0.694639,0.74028,0.20641,-0.0422453,0.172417,0.653544,-0.136523,0.00876599,0.58118,0.55799,-0.534835,0.15806,-0.486787,0.162561,0.312225,0.665046,0.450213,0.451365,-0.154935,-0.20842,0.246818,0.0903823,-0.556437,-1.64519,0.5943,0.0764541,0.466457,-0.515843,-0.27399,0.485073,0.233693,-0.33596,0.541684,0.910875,1
-0.294249,0.36955,0.619731,-0.632094,-1.31646,0.258325,0.457968,-0.548036,-0.824883,0.312621,-1.11312,0.138005,-0.0278638,-0.102456,-1.10799,0.675622,-0.0228606,0.220134,0.554675,0.282797,0.276268,-0.0316352,0.328818,-0.245779,-0.139648,0.0557317,0.606562,-0.973356,-0.00586792,-0.127223,0.0829498,-0.84164,0.569658,0.919694,1
0.0928347,-0.276102,0.554842,0.297672,-0.507606,-1.20606,-0.58622,0.801575,0.791003,0.0795562,1.07928,0.171874,0.1006,-1.04514,-0.226261,-0.866196,-0.208643,-0.0870282,-0.0317004,-0.00648573,-0.0684368,-0.070665,-0.365099,-0.338055,-0.636576,0.550219,0.481023,-0.394061,-0.0267197,-0.239928,-0.435168,0.154612,0.509235,0.870279,1
0.108299,-0.419024,-0.0821193,-0.401039,0.397049,-0.24829,-0.411313,-0.0754126,-0.10683,0.616324,-0.307989,-0.193747,-0.663066,-0.701884,0.768146,-0.756153,0.748156,-0.614702,0.441526,-0.212997,0.700847,0.333018,0.675505,-1.20101,-0.791914,-0.380848,0.011482,0.623047,-0.800408,0.66178,0.0941673,0.530339,0.523474,0.853568,1
-0.080282,0.464598,1.1702,-0.373405,0.523325,-0.263988,-0.816298,0.253489,0.551196,-0.168743,0.556382,-0.46782,-0.702192,-0.727542,0.718923,0.636363,-0.544714,0.661379,0.534567,0.812103,3.30914e-05,0.0622507,-0.527843,0.704338,1.04304,-0.502086,-0.303137,-0.597108,1.09103,-0.554586,0.135964,-0.28871,0.56799,0.787224,1
0.192431,0.0698953,1.13973,0.283339,0.327527,0.0806684,-0.253833,0.339448,-0.452464,0.189305,0.0882416,0.891909,-0.291077,0.629062,1.20926,0.479424,-0.102983,-0.540747,-0.0607316,-0.528068,0.681556,-0.00127969,0.0824954,0.141529,0.357915,0.562322,0.650194,1.01212,-0.24556,0.0656952,-0.0810338,0.21854,0.43916,0.78616,1
-0.0986666,0.172457,-0.0606693,-0.803081,0.182536,-0.489059,0.102092,0.623784,-0.0475634,0.0354847,-0.654332,-0.216414,0.861,-0.595778,-1.00789,0.371776,0.269741,0.6254,0.169326,0.118703,0.0813698,0.845046,0.631895,-0.247622,0.555781,0.621051,-0.0826984,0.466539,0.316134,-0.173341,-0.12936,0.0403756,0.579066,0.867371,1
-0.448733,0.357388,-0.852524,-0.621462,0.237374,0.283397,-0.338563,0.476894,0.844048,-0.628105,-0.725404,0.00869841,-0.350277,-0.847043,-0.120465,-0.206475,0.196,0.76454,-0.665949,-0.159755,-0.432404,-0.267576,0.0658509,-0.277243,-0.293608,-0.815853,0.653997,-0.11729,-0.913679,0.55867,1.44477,-0.250669,0.51595,0.773362,1
0.152672,0.573455,-0.0890848,-0.0977091,1.11735,0.0609657,-0.0127043,-0.324622,-0.449238,-0.0935705,0.847361,-1.40447,0.231749,0.192792,-0.814455,0.284214,-0.311389,0.127219,0.0385711,-0.14944,-0.00245292,0.593733,0.64759,0.23711,-0.0890983,-0.253369,0.300042,0.80266,0.469651,-0.440479,-0.651319,0.404775,0.510942,0.856615,1
0.137228,0.149296,-0.834357,-1.75042,0.401792,0.511827,-0.634696,-0.465143,0.352963,-0.57073,-0.415336,0.427746,-0.206633,0.223704,-0.474401,0.818213,0.375485,1.07469,0.379415,0.140854,0.0583634,-0.765734,-0.424762,-1.04787,-0.215596,-0.353518,0.572474,0.0748945,-0.368743,-0.48317,0.827895,-0.30408,0.52999,0.773658,1
-0.387783,-0.00637054,0.558593,0.64443,-0.616479,0.36431,-0.0133145,-0.936602,0.106674,0.67182,-0.307119,0.573787,0.187336,0.0400739,-0.195312,0.230463,0.373553,-0.233258,-0.264126,0.569308,0.240616,-0.105966,-0.309157,-0.171435,0.0774256,-0.765508,0.306551,0.455867,-0.438404,-0.632607,-0.340713,-0.441286,0.422355,0.787711,1
-0.558791,-0.511313,-0.308899,0.318451,0.651847,0.906953,-0.354828,0.271764,-0.0705043,-0.95023,0.103251,0.925058,-0.922187,0.207764,-0.0149983,-0.0586098,0.486602,0.677854,0.501057,-0.910599,-0.593595,-0.0795597,-0.152077,-0.717206,0.658024,0.810688,-0.678337,0.0205596,-0.457315,0.0468486,-0.628941,0.593222,0.534112,0.81097,1
-0.265985,0.901821,0.255172,0.0102363,-0.0135384,0.244538,-1.17928,-0.2492,0.319371,-0.419369,0.033536,-0.150321,0.439491,0.357189,0.0409662,0.511916,-0.337513,-0.352669,0.28379,-0.16827,0.888658,0.298963,-0.987023,0.00181602,0.34128,-0.126653,-0.562556,-0.402066,-0.667796,0.0965669,0.696692,0.605868,0.514421,0.893695,1
-0.916247,-0.382581,-0.707737,-0.329623,-0.784976,-0.613407,-0.596879,-0.156594,-0.0524881,-1.14879,-1.27415,0.353527,0.274285,0.635579,0.261685,0.0619686,0.0880103,-0.258728,-0.0791032,0.557089,0.364849,0.330062,-0.249651,0.562803,0.598541,0.770915,0.752019,0.394387,-0.146785,0.297442,-0.342703,-0.437441,0.560264,0.780409,1
0.308529,0.369802,0.216978,0.376374,0.144371,7.95,0.259252,0.31138,0.124879,0.296928,0.205191,0.337588,0.116919,0.363041,0.356322,0.104105,0.153508,0.227328,0.147006,0.164595,0.209271,0.342373,0.336585,0.251532,0.104649,0.332622,0.325991,0.305512,0.303288,0.393793,0.242506,0.125924,0.52,0.82,1
0.214286,0.100958,0.381808,0.107081,0.304724,7.95,0.293388,0.186347,0.289822,0.227649,0.142839,0.124856,0.106393,0.395819,0.278577,0.307397,0.263037,0.274307,0.125844,0.108461,0.384066,0.306691,0.305258,0.236137,0.251421,0.15064,0.10922,0.289247,0.293478,0.354781,0.281499,0.365103,0.52,0.82,1
0.348259,0.216762,0.259135,0.372495,0.324807,7.95,0.332482,0.174814,0.18696,0.241763,0.366504,0.247014,0.318544,0.157231,0.260479,0.294721,0.31738,0.237872,0.228528,0.367302,0.136015,0.378567,0.294559,0.142032,0.106705,0.385234,0.201691,0.399742,0.118182,0.248541,0.355272,0.222139,0.52,0.82,1
-0.413057,0.308177,-0.170521,-0.118102,-0.0660532,-0.44046,-0.450852,0.168343,0.281786,0.618641,-0.605882,0.0561176,-1.05005,0.458737,0.715518,-0.753409,-0.348683,0.129093,0.903381,0.104221,0.585133,0.23219,0.351296,-0.73733,0.0681184,-0.039176,-0.556525,0.294914,0.0664554,-0.247909,0.22393,-0.358511,0.569091,0.812987,1
-0.187808,-0.109388,0.0834049,0.049666,-0.148257,-0.637595,0.290087,-0.454555,-0.0354044,0.31983,-0.101015,0.089277,0.352694,0.251689,0.254045,-0.088805,0.679327,-1.05468,-0.560412,-0.407626,0.346059,0.824745,0.609075,-0.964738,-0.0964249,-0.400316,-0.145599,-0.113714,-1.01608,0.379954,-0.390692,-0.141807,0.466399,0.831057,1
0.182471,-0.142413,-0.54485,0.508219,-0.381486,-0.308384,0.049838,-0.164447,0.0513725,-0.75494,0.092311,0.199876,-0.779543,0.891247,-0.443253,0.781204,-0.622446,0.562571,0.116851,0.200274,-0.604393,-1.08817,1.03085,0.656114,0.607064,0.290627,-0.700396,-0.701267,0.221602,0.942454,-0.941426,0.0104184,0.53677,0.917057,1
0.0405158,-0.0703383,-0.125218,-0.0107633,0.839669,0.274416,-0.0578625,0.565744,-0.922624,0.0678299,0.348007,0.292176,0.139346,0.103663,0.223252,-0.232768,-0.376375,-0.604326,1.24486,0.526941,0.339778,-0.393958,0.323546,-0.20128,-0.226096,0.625979,0.0373379,-0.346665,-0.562821,0.496234,-0.408484,-0.615489,0.558208,0.903089,1
0.0732181,-0.899812,-0.321675,-0.887892,0.196307,0.0868772,-0.29658,-0.0566582,-1.09228,-0.581587,-0.985034,-0.240238,-0.470667,0.789462,0.297487,0.034304,0.329186,-0.520954,-0.672575,-0.0771304,0.268909,-0.941962,0.0431367,-0.35618,0.0635922,0.199672,-0.328117,0.55078,-0.436217,-0.742475,0.315684,-0.474491,0.451379,0.798725,1
0.544075,-0.138423,0.500301,-0.517531,0.0986489,-0.0425814,0.82287,0.326717,-0.450621,-0.353841,-0.645201,0.399334,-0.0567881,0.457001,0.0901405,0.577844,-0.424951,-0.801991,-0.154969,-0.0633199,0.00743523,0.273123,0.801208,0.13484,0.610616,0.12271,0.500776,-0.0694265,0.566776,0.271557,0.191824,0.297192,0.529485,0.873612,1
0.452985,0.232817,-0.19372,0.0773652,0.118845,-0.0165062,0.539237,-0.385895,0.468986,-0.752793,-0.794124,-1.03626,0.0734656,0.140794,-0.653,0.242115,-0.130482,0.0100195,0.155458,0.2769,-0.64172,0.713512,0.335441,0.0323714,-0.560071,-0.485761,-0.433215,0.256863,-0.49642,-0.423793,-0.17699,-0.276626,0.532937,0.924964,1
0.551142,-0.350647,0.0722358,0.683991,0.392594,0.115521,0.597868,0.512468,-0.439953,0.294132,0.705385,-0.109384,-0.24484,-0.0313784,-0.00796917,-0.186815,0.194673,-0.226004,-0.97312,0.223339,-0.263779,-0.265587,-0.260925,0.240185,0.228772,-0.30955,-0.062002,-0.57691,-0.181015,-0.213501,0.322212,0.743977,0.542755,0.81101,1
-0.0299937,0.347071,0.603083,-0.398966,-0.42203,0.370931,-0.988278,-0.375752,0.0133145,-0.480682,-0.320082,0.44454,0.624185,0.437914,-0.204278,-0.139836,0.833901,0.157372,0.0520821,0.476886,0.247394,-0.295773,0.412837,0.682854,0.265683,-0.0294468,-0.0616463,-0.267793,-0.0921767,-0.036876,0.0838958,0.294664,0.46201,0.831401,1
-0.647594,0.478969,0.0610691,0.158435,0.743914,0.543397,-0.151474,-0.203166,0.929284,-0.657135,-0.606964,0.259535,0.560284,0.625026,0.471623,-1.03363,0.225779,-0.705522,0.306828,0.585217,0.526298,-0.112764,-0.186823,0.00887663,-0.512065,-0.784292,-0.30041,-0.541043,0.0326756,0.136338,0.454841,0.462327,0.423741,0.805415,1
-0.664393,0.930177,-0.309003,-0.0557818,0.311375,0.368835,0.689619,-1.29709,0.880512,-0.475423,-0.13674,0.339301,0.633808,-0.747277,0.212819,0.135502,0.214421,-0.476654,-0.594185,-0.135272,-0.757299,0.272002,0.0186979,0.266184,0.159785,-0.237927,0.0539679,0.813765,-0.000992473,0.570645,-0.312636,-0.514347,0.498173,0.902525,1
0.201552,-0.608698,0.702847,-1.33988,-0.0464878,0.0802652,0.935591,0.356259,-0.187512,0.778034,-0.785577,0.0778703,0.96709,0.739768,0.00858406,-0.0411441,-0.508019,0.141562,0.956706,0.365405,-0.275661,0.452214,0.00304951,-0.893206,-0.101615,-0.135306,0.884231,0.273031,-0.111996,0.0781152,-0.188212,0.389085,0.509588,0.83548,1
-0.423971,-0.102072,-0.469071,-0.365322,0.447384,-0.456921,-0.748567,-0.228174,0.0434314,0.463514,0.342781,-0.0890702,0.0930331,0.167679,-0.0128605,-0.741652,0.251458,-0.189957,0.311863,-0.261785,0.439124,0.259348,0.336648,-0.155097,0.647359,0.337563,0.175943,0.160001,-0.449627,-0.784151,-0.0943102,-0.300969,0.558181,0.893119,1
-0.314026,-0.249136,-0.362627,0.0520804,0.420656,0.215558,0.484447,-1.00872,0.330248,-0.214396,-0.0942296,0.112635,0.35779,0.670123,-0.062146,0.549702,0.465482,0.395488,0.171298,0.513511,-0.489371,0.160884,0.645444,0.612435,-0.0543517,-0.886644,0.122362,-0.500009,0.556317,-0.144172,-0.0192236,-0.102041,0.498777,0.845727,1
-0.490886,0.376236,-0.371425,0.199554,-0.251205,0.647744,0.128084,0.126662,0.302636,0.314414,0.289421,-0.0406789,-0.537464,0.494478,-0.119188,0.146419,0.149248,0.0177214,-0.403377,-0.793425,0.28193,-0.274995,-0.824477,-0.169179,0.832523,-0.223048,1.04417,0.548372,-0.52324,-0.068934,0.947401,0.490273,0.541913,0.894255,1
-0.066387,-0.772383,-0.229758,-0.45054,-1.17816,-0.76858,0.223289,-0.268407,-0.0747064,0.583938,0.522591,0.697243,-0.598362,0.69702,0.339456,0.398372,-0.247265,-0.0817209,0.86479,0.265344,-0.35745,-0.0249431,1.01661,-0.20548,-0.139289,0.514087,0.086495,-1.22004,1.62819,0.241012,0.845259,-0.38989,0.492948,0.945792,1
-0.282874,-0.678273,-0.119421,-0.650429,0.495971,-0.100256,0.21978,0.360122,-0.0884774,0.578491,0.156329,-0.341139,-0.0611767,-0.90943,0.0502163,0.511738,0.869138,-0.490389,0.20899,0.524435,0.506036,-0.684266,0.305836,-0.0311328,1.75883,0.0408586,-0.0729174,-0.118611,-0.141108,0.339444,0.437912,0.0189311,0.510177,0.94318,1
-0.560086,0.71996,-0.405625,-0.366169,0.76586,0.379224,-0.744048,0.364451,-0.286835,-0.297657,0.314505,-0.260524,0.106743,1.16433,-0.588888,-0.426899,-0.482684,-0.102183,-0.172148,1.25723,0.578683,0.0853238,0.437918,0.66525,-0.211631,-0.417643,0.329431,-0.293713,-0.808434,-0.526698,0.231865,0.494542,0.553481,0.893441,1
-0.213172,-0.604847,0.562887,-0.168574,-0.263893,-0.0916551,-0.113028,0.0340127,-1.1361,-0.451143,-0.834849,-0.135387,-1.14003,0.44021,0.625342,0.219048,0.662687,0.323984,0.363675,-0.0586708,0.685635,-0.252139,-0.107147,0.220004,-0.235342,-0.464795,0.942949,-0.158403,0.312728,-0.0622261,0.686904,-0.0929218,0.466144,0.774311,1
0.22404,0.255663,0.252313,0.375262,0.116851,7.95,0.15512,0.213397,0.263533,0.149671,0.335693,0.382175,0.245512,0.129514,0.373046,0.390235,0.181409,0.169547,0.173698,0.174687,0.351629,0.137673,0.122006,0.378812,0.128709,0.33766,0.197652,0.334485,0.30653,0.354093,0.362747,0.340946,0.52,0.82,1
-0.225126,-0.317127,0.882323,-0.23923,-0.551603,-0.324404,0.439899,0.390532,-0.507976,-0.210657,-0.0488013,0.483748,0.643229,0.552116,0.920497,-0.2949,-0.547222,-0.00192367,0.9093,0.0272495,0.441532,-0.136102,0.598123,-0.106906,-0.0859279,-1.09502,1.08261,0.0901105,0.666693,-0.11463,-0.413868,0.0224118,0.566364,0.804745,1
0.273477,-0.231397,0.753097,0.00218763,0.300207,-0.562313,0.323497,0.821986,0.00638587,-0.718319,0.600674,0.285573,0.0946735,0.763054,-0.749172,0.706113,-0.0387003,0.0245582,-0.210256,0.536449,0.279995,-0.431626,0.219454,0.343818,-0.50192,-0.511372,0.353011,-0.280571,0.704095,-0.547707,0.407012,0.991266,0.554077,0.87171,1
-0.547677,0.0974076,0.537647,-0.0217204,-0.221109,0.321755,0.111768,-0.938432,-0.514006,0.233009,-0.17727,0.120657,-0.445965,-0.00527389,0.136851,0.195237,0.23708,-0.322592,0.381304,-0.547567,0.528366,-0.0407976,-0.529542,-0.436767,0.202002,0.938577,-0.452597,0.678726,-0.568228,-0.182339,-0.839527,-0.452993,0.479527,0.855742,1
0.344472,0.537443,-0.390744,0.541649,0.373737,-0.554559,-0.406952,0.0264873,-0.364633,0.0942592,-0.0867362,-0.199931,-0.742504,0.313037,-0.0263146,-0.0250863,-0.88394,-0.328084,-0.227741,0.587392,0.481711,-0.0540016,-0.0358721,-0.116256,-0.388423,0.193158,0.461637,0.0653874,0.0773704,-0.171584,-0.448262,0.46428,0.487268,0.882241,1
0.178091,-0.169235,0.604693,-0.145214,-0.646145,0.900493,-0.0328846,-0.920803,0.0690788,-0.397856,-0.524561,-0.871994,-0.0158637,-0.637636,-0.232764,0.459854,-0.446916,0.889041,-1.0746,0.606,0.0478326,0.479444,-0.842858,0.00581116,0.0746431,0.175163,-0.872682,-0.314104,0.285877,0.082334,0.723855,-0.244201,0.557795,0.890172,1
-0.928369,0.0624917,0.203813,-0.488825,-0.119419,-0.44652,-0.795131,-0.21963,-0.318295,-0.308999,-0.106521,0.28532,-0.420339,0.574766,-0.142909,0.285867,-1.31447,0.271054,0.0168323,-0.328719,0.518535,-0.145338,-0.789873,-0.223187,0.583279,-0.455771,0.465961,-1.08717,-0.0888028,-0.157099,0.375381,-0.406659,0.457023,0.801777,1
0.570751,0.0650507,0.387732,0.616816,-1.23441,-0.330663,0.96866,-0.531424,-0.969464,0.544169,-0.279542,-0.014603,-0.565263,-0.168241,-0.321476,-0.136729,0.475762,0.174951,0.0762684,-1.08974,-1.1822,-0.594277,-0.277629,0.162081,-0.548624,-0.0836518,-0.0627186,0.721583,0.398597,-0.302417,0.727062,0.556905,0.508673,0.819929,1
-0.35367,0.0503968,0.0932675,-0.108293,0.00100384,-0.721456,-0.858765,0.573995,-0.599783,-1.02071,-0.404266,-0.679565,-0.660679,-0.908805,-0.294481,0.375784,-0.436877,-0.296833,-0.211794,-0.369873,0.324362,-1.329,-0.136194,0.536563,-0.320969,1.02688,-0.479549,0.601024,-0.545655,0.228274,-0.0945423,0.291304,0.44515,0.881609,1
-0.405824,0.196261,-0.725393,-0.502389,0.288054,-0.784943,-0.0878736,-0.398156,-0.12361,0.835728,0.946261,0.219513,-0.0621407,-0.630711,0.0441243,-0.00462404,0.450287,-0.0921455,0.513734,0.366524,0.438696,0.176236,-0.199014,0.271513,0.215054,0.309397,0.0158481,0.0551891,-1.16356,0.135156,0.169242,0.802249,0.544181,0.901075,1
-0.41413,-0.227197,0.0334281,0.056952,-0.496345,-0.339624,-0.159661,-0.634907,0.785235,0.561978,-0.0295466,0.0320664,-0.00952386,0.389521,-0.147323,-0.102393,0.185663,-0.37389,-1.2191,-0.468229,-0.0272197,-0.181499,-0.543047,-0.0568496,-0.0246949,-0.51294,0.337242,0.24014,-0.420915,0.369157,-0.324203,0.547288,0.57345,0.767662,1
0.214502,0.0145802,-0.0628842,-0.0722869,-0.717187,0.214766,-0.357595,0.336069,0.789073,-0.308758,-0.995736,0.375533,0.23403,0.672583,0.155011,-0.262573,-0.0707641,-0.0244473,-0.127132,0.390335,0.48277,0.58813,-0.237177,-0.971784,0.264058,0.655479,0.0303566,-0.148747,0.256604,0.443567,-0.616742,-0.517651,0.497912,0.796964,1
0.284145,-0.424768,0.440499,-0.0257651,-0.286054,0.29705,0.376564,-0.434719,-0.539361,0.840179,-0.303089,0.463568,0.541839,0.292877,-0.604751,0.674398,-0.34153,0.0235679,0.00497625,-0.530832,-0.492365,0.158027,0.0100152,-0.0880841,-0.540237,-0.235519,-0.479004,-0.179885,-0.943603,-0.385347,-0.263987,0.633062,0.487402,0.864825,1
0.165202,0.0986767,0.692986,-0.214403,-0.37714,-0.816591,1.13041,-1.85363,0.122881,-0.392926,-0.36174,0.385036,0.206904,-0.513702,0.0725951,-1.01117,-0.164853,0.789655,-0.0143253,0.683923,0.240516,-0.812821,-0.916997,-0.334316,0.280346,0.135308,-0.658043,0.468426,-0.179316,-0.572656,0.0764122,0.353028,0.568546,0.855548,1
0.422813,-0.0108927,0.273694,-0.578238,0.522542,0.548642,0.394745,0.345321,0.172611,1.12376,0.446901,-0.868507,0.491637,0.218707,0.70318,-0.527136,0.252135,-0.651235,0.44366,-0.603994,-0.39281,-0.364936,0.0733529,-0.614581,-0.818065,0.239696,0.616203,-0.328522,0.0105365,0.772542,0.281349,0.45019,0.444658,0.861741,1
0.604564,-0.234175,0.118404,-0.466856,-0.115386,0.075853,0.621057,0.17096,0.521984,-0.156812,0.619486,-0.132457,0.217069,-0.161688,0.964063,0.1103,-0.135113,-0.113269,-0.207817,1.32141,-0.0993244,-0.151009,-0.0980348,0.187756,0.262964,-0.545301,-0.169231,0.934078,0.0741387,-0.596154,0.275197,-0.263543,0.45486,0.901756,1
0.95,0.88,-0.204092,-0.105634,-0.494333,-0.0815251,-0.185289,0.200973,-0.210799,-0.353168,0.358378,-0.368804,0.199634,0.290687,0.38972,-0.497727,0.19594,0.0626366,0.108994,-0.0767927,0.492203,0.434077,-0.157317,0.013965,0.153952,-0.322562,-0.231056,0.325301,-0.0658908,0.218705,-0.329292,-0.34091,0.48,0.2,0
-0.589557,-0.363546,0.288294,0.22866,0.336716,0.100908,-0.105118,0.148223,0.114826,-0.376293,0.186024,0.0559189,0.0253801,0.066573,0.207085,0.0254591,-0.377185,0.226582,0.354823,-0.0938828,0.152287,-0.358987,-0.294219,0.153814,0.0376936,0.164777,-1.4257,-0.92714,1.23931,-0.316579,0.388532,0.058574,0.558485,0.933703,1
-0.471735,-0.26334,-0.155589,-0.321632,0.105759,1.04356,-0.254339,-0.00825771,-0.26297,0.401873,-0.342716,0.024589,-0.191042,-1.08238,-0.0581041,-0.620307,0.00433971,-0.0624036,-0.178862,-0.118014,0.542044,-0.352132,0.157283,-0.699822,-0.612115,-0.12139,-0.731146,0.780423,-0.176505,0.488101,-0.342556,0.303504,0.568472,0.905351,1
0.401714,-0.545888,0.678866,0.132781,0.594311,0.105861,-0.346898,-1.17159,0.285345,0.574988,-0.0736821,-0.287697,-0.200525,-0.252721,-0.866139,-0.610446,0.354691,-0.090302,-0.697266,0.607644,-0.614187,0.0289584,-0.585647,-0.909441,0.0487859,0.465396,-0.652616,-0.200732,0.584846,0.771874,0.683668,-0.813958,0.525595,0.775469,1
-0.58141,-0.457112,0.286482,0.0505346,0.154444,-0.907158,-0.136293,-0.271858,0.442248,-0.52927,-0.435398,-0.188931,-0.0825543,-0.309095,-0.0948672,-0.0738509,-0.139134,0.501969,-0.0770672,-0.771939,0.121008,0.168191,-0.299975,-1.15363,-0.929629,-0.535284,0.147218,0.546763,0.0560549,-0.198305,-0.228196,-0.363836,0.561374,0.783607,1
-0.146031,-0.0583092,0.44172,-0.123608,0.844814,0.277528,-0.310075,-0.207016,0.252461,-0.569199,-0.873002,-0.174414,0.301977,0.129786,-0.372241,0.377808,0.136392,-0.314899,-1.05318,-0.479426,-0.324425,0.927393,-0.730636,0.279265,-0.53664,-0.357387,0.128084,0.226506,0.224624,0.640217,-0.143189,0.810962,0.421649,0.809594,1
0.337388,0.394772,-0.323876,0.413307,-0.605299,-0.49959,-0.634124,0.056498,-0.469185,-0.327353,0.0291997,-0.163509,-0.333931,0.43052,-0.0782973,0.353448,-0.336214,-0.74425,-0.235305,-0.44577,-0.0571249,0.524782,0.110757,-0.196489,-0.328473,0.444939,0.715775,-0.0276509,-0.205021,-0.836738,-0.347493,-0.407606,0.481465,0.77985,1
-0.289932,-0.492865,0.614597,-0.393201,0.641229,0.0645397,0.697419,0.444185,0.327755,0.827386,0.64175,-0.522926,-0.12273,-0.280666,0.317552,-0.328698,0.156036,-1.20702,0.724163,0.387928,0.794568,0.22024,0.611595,-0.0557524,0.717772,-0.0574748,-0.22143,-0.185207,-0.205225,1.05987,-0.557774,-0.0552753,0.522651,0.835085,1
-0.341454,-0.115786,0.638872,-0.276129,0.000673927,0.445699,-0.52272,-0.453745,-0.217384,-0.853257,0.155658,0.0161131,0.0852038,-0.0305894,-0.692928,0.456349,-0.370898,-0.129084,-0.354697,-0.389564,0.84543,0.125266,0.860471,0.336543,0.0879499,-0.665046,0.509346,0.288637,0.650449,-0.241926,0.198448,-0.691829,0.472775,0.881413,1
0.284326,-0.0399185,0.513706,0.0878329,-0.569056,-0.525482,-0.413115,-0.423881,0.733432,0.183715,-0.623138,-0.0261979,-0.0794503,-0.456552,-0.877647,-0.353597,0.316248,-0.0121596,-0.0233039,0.415008,-0.635722,-0.0282341,-0.0677591,0.558514,-0.0596845,0.495098,-0.0709312,0.297645,0.419633,0.698754,-0.542752,0.514941,0.474021,0.906679,1
-0.374238,0.56652,1.02085,0.0737636,0.388002,-0.770184,-0.268945,0.747297,-0.0751635,-0.542528,0.582263,-0.275477,0.484804,0.277084,0.189252,0.515594,0.108628,0.0655887,-0.709396,-0.398357,-0.139177,0.155125,-0.230369,-0.108447,0.450761,-0.35043,-0.0896898,0.601625,0.277644,1.02267,-0.336033,0.672884,0.492699,0.864832,1
0.20425,0.923792,0.197788,-0.252872,0.340131,0.45359,-0.175383,0.648662,-0.0112014,-0.152913,0.210622,0.173832,-0.247152,0.116773,0.949506,0.0315389,-0.746603,-0.536106,0.302389,0.209422,-0.337704,0.637173,-0.231766,-0.0599361,-0.656012,-0.29003,0.679054,0.589849,0.573275,-0.603633,-0.140002,-0.247022,0.421802,0.87024,1
0.43072,-0.539025,-0.504246,-1.01187,-0.425845,0.353086,0.185996,0.385501,-0.181264,-0.551146,-0.0307215,-0.68419,-0.395711,0.0783042,-0.333902,0.698273,0.270295,-0.895223,0.0852492,-0.179336,-0.36336,0.306125,-0.353155,1.05893,-0.0406654,0.0399383,-0.168745,0.84115,-0.000447672,-0.256813,-0.257555,0.103194,0.486108,0.764553,1
0.162607,-0.170132,-0.0715495,0.403626,-0.385534,0.881076,-0.801233,-0.622014,-0.333378,-0.198638,-0.796055,-0.288777,-0.0109798,-0.410121,-0.355843,-0.636712,-0.124207,0.00325718,0.55149,-0.0135656,-1.38257,0.220172,-0.255741,-0.227713,0.337454,0.923717,-0.0762853,0.362231,0.819714,0.0435555,0.513203,-1.01645,0.421551,0.817528,1
-0.200516,-0.815773,0.137027,0.174495,-0.436337,-0.280852,0.146738,-0.00165011,-0.287131,-1.0025,-0.337848,-0.343143,-0.174768,0.461224,0.902611,-0.143674,0.797523,1.28527,0.734067,-0.51794,0.610864,-0.235205,0.0570038,0.258475,-0.249724,0.625836,-0.0938389,0.0271165,0.0540413,-0.425761,0.429654,0.337691,0.489841,0.94062,1
0.766522,0.110034,0.543295,0.733476,-0.159557,0.667678,0.456966,-0.495122,0.829664,0.177698,-0.279737,0.411498,-0.00777023,-0.115447,-0.21463,-0.0921347,-0.0790463,0.159837,0.372506,0.305259,0.148059,0.0077909,0.387938,-0.14862,0.565582,-0.607637,0.193417,-0.0255137,-0.39178,0.269451,0.00237245,0.297512,0.57034,0.780629,1
-0.526254,0.429929,0.243226,0.136059,1.21147,0.49058,-0.278348,-0.911848,0.254542,-0.426633,-0.0858229,0.776436,0.877438,0.46036,0.135642,-0.0657215,0.326647,-0.08506,-0.947458,0.415158,0.268242,0.476621,0.0225683,0.056981,-0.744411,-0.611778,-0.837759,0.805701,0.267087,-0.22323,0.801085,-0.150678,0.493614,0.809837,1
0.1281,0.562868,-0.00451652,-0.751554,-0.0139417,0.343203,0.674597,0.0340707,-0.902698,0.517731,0.257302,0.125317,-0.30568,0.218894,0.0148674,0.810737,0.42598,0.681251,-0.138436,-0.214265,0.0917864,-1.0483,-0.0197768,0.173772,0.800657,-0.572606,-0.00564159,0.437017,0.04563,0.282574,-0.495518,0.0243621,0.54758,0.857717,1
0.401025,-0.558135,-0.56299,-0.67105,-0.193863,0.765536,-0.234039,-0.328409,0.529743,-0.179724,-0.123663,0.154689,0.0993981,-0.17007,0.267719,-0.810987,0.1133,0.129988,-0.205895,0.474937,-0.526,0.00127612,-0.23161,1.04516,-0.0573287,0.00723863,0.411653,0.617479,-0.672326,-0.162138,1.24102,0.0662295,0.522509,0.786819,1
0.262063,0.323838,0.317396,0.355825,0.302623,7.95,0.160616,0.303171,0.374937,0.117417,0.387047,0.134162,0.298737,0.200005,0.301882,0.369592,0.248305,0.395836,0.217761,0.278626,0.110535,0.189601,0.239548,0.295885,0.373284,0.327584,0.257815,0.262026,0.357346,0.307874,0.371858,0.270289,0.52,0.82,1
-0.345992,-0.625815,1.10042,0.525719,0.0548986,-0.670126,-0.413525,-0.176813,0.224125,-0.854116,0.301,-0.473396,0.723025,0.0321834,0.053212,0.669446,-0.825092,-0.576974,0.339412,0.234057,-0.134616,-0.0285384,-0.0516839,0.059283,-1.10642,0.287735,0.0765646,0.0334073,-0.0142585,-0.174678,0.865861,0.515231,0.568584,0.921294,1
0.00379125,-0.358404,0.834449,-0.664323,0.0421297,0.812408,0.0996879,-0.812505,0.382197,0.146024,-0.0777941,0.0261066,-0.357438,-0.462151,0.0599701,0.0579228,0.270359,0.324054,0.185286,0.747856,-0.516924,0.289561,0.253936,-0.276382,-0.31509,-0.33253,0.608437,0.225931,0.626008,0.852047,-0.267888,0.896828,0.436732,0.917524,1
-0.210929,-0.136969,-1.03793,0.023815,0.441535,0.585088,0.144802,-0.0295301,0.961337,-0.885296,0.137039,-0.133071,-0.42625,-0.365101,0.0259027,-0.263467,0.0346231,0.500885,0.753317,-0.464146,0.595693,-0.492514,-0.346647,0.588469,-0.346012,1.32784,-0.413489,0.356609,0.000825405,0.8865,-0.058092,-0.450994,0.528311,0.776067,1
0.132638,-0.211384,0.793309,0.365573,-0.608088,0.0841042,-0.253099,0.255869,-1.12065,-0.593476,-0.0184013,0.23356,0.929341,0.289961,-0.348946,0.843922,0.872754,-0.619719,-0.815959,-0.28344,-0.0103357,0.353276,-0.308288,0.573342,0.74939,0.305998,-1.4313,0.652814,-0.034219,-0.776022,0.210692,-0.0130219,0.570611,0.780375,1
0.0674045,-0.301379,-0.900314,-0.29248,0.636774,-0.176974,0.399519,0.0448973,0.731642,0.582131,-0.115541,0.32316,-0.155962,0.510683,0.357986,0.799122,-0.953684,0.1696,-0.783057,-0.0697514,-0.0724086,0.425525,-0.300298,-0.299302,-0.100933,-0.654701,0.196758,-0.178502,-0.757986,-0.0797627,0.461372,-0.558795,0.548004,0.893169,1
-0.0385636,-0.111542,0.220943,0.713163,-0.811352,0.496486,0.303523,-0.448075,0.806893,0.134905,-0.545551,0.144193,-0.0395434,-0.690284,0.0379499,-0.0186461,0.538816,-0.103787,0.421557,0.425853,0.704087,-0.34903,-0.180682,0.719468,0.297072,0.872132,-0.427485,-0.276183,0.184358,-0.361955,-0.147694,-0.254358,0.492098,0.797176,1
0.309667,-0.05569,-0.307021,0.0810041,0.237139,0.489678,0.370023,0.351736,0.229594,0.0403996,-0.59775,-1.19061,0.31789,-0.274189,1.19317,1.18715,0.0968103,0.4295,-0.2666,0.471547,0.0525778,-0.0400347,-0.604826,0.168231,-1.44317,-0.116395,0.305159,0.896748,-0.193447,-0.445258,0.229753,0.0656955,0.545312,0.839707,1
-0.197691,-0.441599,-0.135754,0.578756,0.11963,-0.237178,0.208688,0.423879,-0.525158,-0.171584,-0.312765,0.276825,1.07436,0.0280654,-0.17331,0.304876,-0.000622025,-0.253565,0.449208,-0.638275,0.424532,-0.072232,-0.713567,0.51803,-0.352254,1.11259,-0.319516,0.486255,-0.539135,-0.304356,0.00984731,0.604469,0.455176,0.894641,1
-0.400454,-0.24615,-0.821905,-0.588999,-1.15751,0.74397,-0.439112,-0.864016,0.0557943,-0.675696,-0.684784,-0.676314,-0.188644,-0.108995,-0.679204,0.329271,0.00772675,-0.480212,0.0368183,0.0770483,1.23811,-0.557217,1.00973,-0.308524,-0.29731,-0.137755,-0.564931,-0.37799,-0.462499,0.737545,0.0470901,0.54021,0.57567,0.794892,1
0.374671,0.422533,-0.421951,0.216029,0.372461,0.734965,0.583019,-0.584163,-0.405843,0.339427,0.220229,0.454521,-0.637183,-0.176755,0.0059535,-0.450722,0.970017,-0.236827,0.390831,0.355233,-0.0863741,0.280298,-0.182822,-0.180328,-0.762763,1.58432,0.0964559,-0.0601162,0.182985,0.156206,0.473778,0.814844,0.489917,0.874945,1
-0.950414,0.568712,-0.831654,0.66209,0.641056,0.325341,-0.060062,0.0817992,0.579335,-0.403256,-0.571583,0.160612,1.28863,-0.240727,-0.751181,-0.267424,-0.0221333,0.118765,0.79911,-0.170513,-0.375366,0.644121,-0.157304,1.2938,0.214763,0.381655,-0.0600177,-0.568102,0.51328,0.385279,0.619996,-0.22488,0.44153,0.924054,1
0.14332,0.0599194,-0.186521,0.665409,0.216775,-1.18551,-0.201732,-0.0791925,-0.14358,0.209255,-0.176059,0.253333,-0.275322,-0.77963,-0.657187,0.35424,-0.312958,-0.733647,0.18598,-0.543782,0.547454,-0.155188,-0.521298,-0.487952,-0.673834,0.13745,-0.262494,-0.0467231,-0.136837,-0.376171,-0.121243,-0.295165,0.488952,0.90817,1
-0.176059,-0.349037,0.225755,0.699188,-0.619353,0.244889,0.696606,0.314715,0.411987,-0.058383,-0.167255,0.377016,0.490344,0.188305,0.17706,0.112198,-0.289048,1.08072,-0.348291,-0.516816,-0.843932,0.415172,0.522659,-1.37897,0.613654,-0.495327,0.452086,-0.804455,-1.06523,-0.0882293,0.432162,0.517022,0.47717,0.809458,1
0.337454,1.19938,0.146676,0.321161,0.0407208,-0.00908642,-0.105447,-0.101796,-1.57685,-0.00215841,0.48108,0.208274,-0.401228,0.192797,-0.606093,0.136995,-0.495972,0.0318759,-0.363949,-0.429127,0.474037,0.212794,0.288829,-0.201426,-0.0115444,-0.44831,-0.292746,0.267061,0.0285983,0.190009,1.17516,-0.155349,0.487461,0.909402,1
-0.438789,0.262365,0.67919,-0.814318,0.72449,0.330115,0.332076,0.458668,0.527181,0.195114,-0.0475882,0.675036,-0.54792,-0.741529,0.703155,0.120593,0.603322,-0.00535718,-0.600473,-0.379482,0.002349,0.160974,-0.137163,0.233062,-0.145509,0.078304,-0.538384,-0.26466,-0.527369,0.204058,-0.431209,0.795766,0.463096,0.853147,1
-0.252497,-0.688163,0.471909,0.0434995,-0.466885,0.637043,-0.381662,0.122613,-0.150367,0.203,0.121471,0.292911,-0.477153,0.326076,0.79731,0.259233,1.25824,-0.520269,-0.22057,-0.0513237,-0.102087,-0.205349,-0.159374,-0.0346433,0.806528,0.208922,0.407506,0.0780828,-0.612238,0.782902,0.332553,-1.05851,0.554183,0.802441,1
-0.474343,0.177091,0.439981,0.281776,-0.611858,0.590045,0.35393,0.458941,0.137457,0.680438,-0.1141,0.728151,-0.315858,1.07817,0.110168,-0.123315,0.0337615,-0.260571,0.320987,0.787443,1.04798,-0.0640751,-0.572932,-0.296451,0.0646474,-0.178786,0.392904,0.430275,-0.142265,0.641,-0.691873,-0.154177,0.538508,0.792408,1
0.0414854,-0.980953,0.366652,-0.0290717,-0.468189,-0.77217,0.577438,0.168933,1.0689,0.237895,0.520802,-1.13017,0.295499,-0.299361,0.399676,-0.809488,0.200604,-0.0436393,0.246248,-0.38892,0.249643,-0.162119,0.670653,0.373877,0.0155909,0.0704941,0.886232,-0.342212,-0.311713,0.0648222,-0.124515,-0.140162,0.469471,0.82649,1
0.536992,0.0324909,0.13441,-0.205523,0.502105,0.307037,-0.227875,0.0735318,-0.804809,-0.492314,0.351894,0.304232,-0.301934,-0.31109,0.224034,-0.307946,-0.591437,0.498071,0.209295,0.598157,0.0923437,-0.53093,-0.290352,-0.140663,0.0550343,-0.089396,-0.654379,0.0357327,-0.362793,-0.9498,-0.657557,0.838039,0.454855,0.902254,1
0.267018,0.0786792,0.0795021,-0.0789303,-0.137418,0.0192884,0.0747469,-0.310449,0.190536,-0.689837,-0.252768,-0.143247,0.142847,-0.724901,0.407636,0.706837,0.20992,0.934766,-0.0756023,-0.17137,0.243716,-0.0109679,-0.869276,0.507473,-0.39813,-0.0456041,-0.0688652,-0.526512,-0.208023,-0.25955,-0.196427,0.257263,0.499442,0.85039,1
-0.836858,0.263415,0.873791,0.422653,0.0530938,-0.563251,0.21515,-0.017507,-0.468175,-0.608228,0.0909161,0.410867,-0.683726,0.1754,0.302049,0.145728,-1.00995,0.0988183,0.739842,-0.54369,-0.00232472,0.0683455,-0.610278,0.459676,-0.0180338,-0.491229,-0.000491618,0.240442,0.149395,0.0368408,-0.133137,-0.1344,0.504273,0.894688,1
1.393,-0.137821,-0.18386,0.140429,0.472692,0.324815,-0.0606353,-0.333285,0.205451,0.0432503,0.121185,0.0558339,-0.56977,-0.104179,-0.829873,0.650042,-0.101543,0.805977,-0.914992,0.742453,0.501708,0.0811362,0.253224,-0.069243,0.240733,0.41694,-0.129463,0.499445,0.24748,0.402987,0.0985126,1.10751,0.554638,0.8059,1
-0.493684,-0.226032,0.0183308,-0.480158,-0.742677,1.48663,0.730656,0.330153,0.190206,0.376906,-0.523494,-0.386083,-0.177568,-0.224483,0.0431474,1.19592,-0.394185,0.025161,0.807812,-0.492687,0.0243915,4.65098e-05,-0.419621,0.20299,1.3277,1.0227,-0.223064,-0.233071,0.69001,0.569768,-0.14366,0.139529,0.503483,0.858651,1
-0.367894,0.00399808,0.451741,0.255834,0.0747021,-0.0682834,-0.274564,-0.497482,-0.072573,0.405761,0.191018,0.0706689,-1.19272,0.0814499,0.021112,0.44814,-0.748927,0.243884,-0.508751,0.17869,-0.176431,0.801843,-0.0372851,0.249087,-0.13547,-0.706428,-0.290609,-0.158331,-0.269488,-0.171177,0.412467,-0.36604,0.570301,0.845177,1
0.221158,0.0649721,-0.261337,-0.413113,0.102252,0.392986,-0.329219,-0.0433473,-0.2339,-0.0611202,0.72981,-0.184025,-0.147975,0.392139,0.114416,-1.02929,-0.217157,-0.320862,-0.348824,-0.300786,-0.119717,0.0577241,0.0450168,0.295036,-0.0945064,0.703466,-0.532045,-0.400793,0.21804,-0.134876,-0.279993,0.231342,0.449065,0.790218,1
-0.214688,-0.096982,-0.0647609,-0.706047,0.104741,-0.0163949,0.292768,0.452461,0.0565815,-0.431675,0.909725,-0.689741,-0.410422,0.242151,0.560202,-0.167416,0.377012,0.316295,0.266366,0.276599,0.344486,-0.0159784,0.226532,-0.977509,-0.107464,0.340933,-0.164277,-0.300807,1.00715,-0.0392657,0.15312,-0.102775,0.53276,0.91293,1
0.259966,0.340856,-0.0175628,-0.0982356,0.457743,-0.705741,0.0553776,1.0736,-0.176467,-0.006972,-0.0184725,0.243773,0.146459,0.396306,-0.388435,-0.39489,-0.692592,0.480073,0.462153,-0.0302391,-0.862933,-0.304193,0.667881,-0.364422,-0.90633,0.673188,-0.153011,-0.166324,-1.25962,0.307739,1.59705,-0.474311,0.511761,0.871379,1
0.0396911,0.227212,-0.592768,0.255766,-0.650102,0.303525,0.271581,-0.28229,-1.00072,0.401459,0.432522,-1.31354,0.376136,0.0717174,-0.207065,0.723803,-0.00957056,-0.680579,-0.227517,0.0232182,-0.206753,0.0765447,-0.0929562,0.599161,-0.285186,0.455089,-0.29695,-0.12201,0.368657,0.0435292,-0.0317986,0.0806249,0.426369,0.798361,1
-0.380345,-0.129045,0.0978482,0.295262,0.0596492,0.337567,0.615765,-1.01122,0.564534,-0.52647,-0.869468,-0.649655,0.114277,0.274252,0.130669,0.0332363,-0.114236,-0.0412979,0.142036,-0.281083,-0.235269,0.0167008,0.0605479,-0.176338,-0.45689,-0.25666,0.83041,-0.378864,1.22008,0.208173,0.022059,0.219082,0.512921,0.924022,1
0.926232,0.470375,-0.239114,-0.130958,0.11326,-0.0814109,0.0829936,0.795939,0.137401,-0.632586,-0.0904012,0.346398,-0.498092,0.425424,-0.901062,0.242951,0.42326,-0.0237453,-0.924669,0.394666,0.20836,0.340458,0.470948,0.559961,0.281798,0.836575,-0.279806,-0.0115531,-0.244767,-0.143189,-0.23627,-0.259768,0.548446,0.774232,1
0.16282,0.0240619,-0.1431,-0.207227,-0.21744,0.624333,0.276892,0.537856,0.517931,0.381778,-0.10655,-0.0327734,0.644476,0.116437,0.0560187,0.587774,0.160698,-0.438652,0.25983,-0.120751,-0.9327,-0.45606,-0.531814,0.377206,-0.476673,-0.487702,0.0770814,0.0207524,0.29973,-0.580401,-0.131746,0.0335476,0.548855,0.830237,1
-0.334807,0.221432,-0.518457,-0.0534715,-0.125593,-0.0591327,0.336722,0.0108645,-0.114853,-0.516314,1.192,-0.0351356,-0.0318034,0.667184,-0.213695,0.41661,0.418168,-0.314431,-0.559521,0.910232,-0.675891,-0.427774,-0.0728552,-0.517583,0.0727425,0.01746,-0.159096,0.552419,-0.691632,0.393714,-0.411497,-0.910349,0.422098,0.822617,1
0.95,0.88,-0.0851768,0.0458023,0.25792,-0.422288,-0.121457,-0.468604,-0.0487179,0.415379,0.472018,-0.0608855,-0.332766,-0.0657815,0.186237,-0.231257,-0.0557909,0.0897869,-0.0285083,0.494767,0.201668,-0.00397462,0.0253923,-0.00463576,0.0885667,0.494282,-0.42162,0.31378,0.466094,-0.0782141,-0.339105,0.0330596,0.48,0.2,0
0.115976,0.410797,-0.148859,1.09145,-0.528461,0.341517,-0.352807,-0.124459,0.927771,-0.81124,0.0333281,-0.00296584,0.838727,0.393248,0.088675,0.509596,0.111793,-0.290017,0.623766,0.358236,-0.0280772,-0.248735,0.524039,0.0010486,0.0191794,-0.568515,0.578486,0.650438,0.142474,-1.02911,0.616349,-0.171576,0.459263,0.799098,1
-1.07546,0.231651,-0.621522,-0.651987,-0.26162,0.322049,0.137017,0.263564,0.0502531,-0.325157,0.257142,0.285474,-0.628189,0.034495,0.0416434,-0.250428,-0.0912279,0.129831,-0.739384,0.0679372,0.47776,-0.121738,-0.281032,-0.317288,0.541291,0.180888,-0.21212,0.4078,0.894111,-0.297005,-0.205778,-0.230919,0.569749,0.943075,1
0.0299467,0.0113244,0.743986,0.322206,0.141162,-0.487521,0.162361,0.28283,0.619449,0.556929,0.849763,-0.0455097,1.0211,-0.0448644,0.0774214,-0.053359,-0.819729,0.10986,0.304232,-0.365288,0.0681887,0.798456,-0.363305,0.893853,-0.424644,-0.422004,-0.0636927,-0.695944,-0.390749,-0.326861,0.167504,0.442921,0.489329,0.862461,1
0.24216,0.157665,0.136357,0.217132,0.141806,7.95,0.205657,0.144303,0.218832,0.150669,0.359229,0.216134,0.109331,0.373555,0.256157,0.10159,0.313666,0.299989,0.256108,0.267512,0.313021,0.338215,0.211883,0.181986,0.289217,0.345368,0.205707,0.223866,0.145089,0.396912,0.164894,0.216218,0.52,0.82,1
-0.0900219,-0.25427,-0.0358771,-0.0383373,0.214268,0.105237,-0.566389,0.55024,0.0858947,0.0794071,-1.04634,0.0566438,0.2498,0.176109,0.169359,-0.468363,-1.38731,-1.22427,-0.729313,0.294384,-0.195497,-0.63816,-0.684472,0.316458,1.02715,0.0206139,0.982499,1.03337,0.302655,0.0762422,0.633116,0.389459,0.458741,0.888485,1
0.236111,-0.266113,0.227358,0.833829,-0.561076,0.589027,0.638869,0.575743,0.41357,-0.480339,0.210772,0.43602,0.121442,-0.213247,-0.361921,0.081375,-0.442985,0.0607316,-0.921146,-0.0568852,0.571298,0.274291,0.119504,0.0799382,-0.00871142,0.271759,-0.0454516,-0.68454,-0.746462,-0.212382,0.36544,-0.312339,0.42917,0.934328,1
-0.372485,-0.258687,-1.12657,-0.565807,-0.188722,-0.127526,0.124967,0.342404,-0.507879,0.297897,0.0802624,0.128946,-0.627982,-0.450083,-0.0321366,-0.520101,0.433989,0.0999634,0.205953,-0.197292,0.703877,-0.0976173,-0.244213,-0.307452,0.20608,-0.673942,-0.0810871,-0.230256,-0.0591932,0.678578,-0.527774,0.063819,0.477074,0.850215,1
0.356046,-0.0122801,-0.120559,-0.604464,-0.718756,1.51316,-0.311977,-0.617231,-0.354745,-0.287767,-0.831999,0.096931,1.02947,0.110675,0.146348,-0.245764,-0.264346,0.884815,-0.636681,0.631897,0.0804332,-0.129027,-0.0752526,0.149888,0.597647,0.132528,-0.411844,0.0111587,-0.260212,0.971407,-0.871608,0.125798,0.438331,0.846688,1
-0.352685,0.388549,0.229499,0.181397,1.1105,0.441014,-0.551254,0.516959,0.509033,0.23294,0.0537333,-0.209957,0.564958,0.682143,-0.301693,0.891059,0.240722,-0.140959,-0.334579,0.275222,0.151772,-0.154295,0.443686,-0.623517,0.712971,-0.105188,-0.316004,0.148764,-0.471482,0.4649,0.042488,0.0448183,0.478863,0.899997,1
-0.433269,-0.891014,0.457575,-0.162435,-1.3813,-0.119039,0.123572,-0.599292,0.923759,-0.0531717,-0.794406,-0.26028,-0.59249,-0.249614,1.07395,0.418534,-0.368985,-0.699399,-0.409645,-0.346322,-0.0538354,0.398373,0.78068,-0.180832,0.559786,0.0297728,0.53577,-0.121136,-0.468598,-0.529127,-0.200983,-0.224494,0.576602,0.92142,1
-0.124981,-0.39135,0.324564,-0.13664,-0.427995,-0.0264276,0.230342,0.0207002,-0.546356,-0.114601,-0.141584,-0.63048,0.488024,0.135372,-0.374006,0.0481261,0.24446,0.124585,-0.487896,-0.211805,0.138054,-0.455548,-0.486676,-0.353043,0.0308365,0.341734,0.286426,0.351064,0.671527,0.386595,-0.415273,1.10475,0.420026,0.846825,1
-0.218933,0.000604224,-0.885137,0.090557,-0.26661,0.32564,-0.000897197,0.572732,0.0511391,-0.203672,0.344707,-0.0639199,0.216155,-0.225013,-0.522995,-0.0611963,0.122419,-0.402806,0.348671,-0.0447931,-0.243498,0.932811,0.125824,-0.0247722,-0.0852111,-0.520154,-0.158659,-0.11661,0.0095034,0.0211441,-0.0411842,0.343947,0.421003,0.797567,1
0.876205,0.146145,-0.18172,-0.970172,-0.00794592,-0.513266,-0.511514,-0.419898,-0.168299,0.342512,-0.292555,0.697674,0.588213,0.686126,0.564091,0.0899816,-0.489633,-0.197053,1.08714,0.126816,-0.265585,-0.356187,0.779725,-0.625515,0.371201,-0.29705,-0.499099,-0.908749,-0.698737,-0.610426,0.398695,-0.435298,0.455114,0.86271,1
0.339346,0.134775,-0.540825,-0.500563,-0.00946313,-0.100817,-0.541234,-0.286784,0.64532,0.0722728,0.187299,0.22134,0.975709,0.783637,-0.888672,-0.243324,0.497308,0.0818473,-0.537763,-0.19365,0.317475,-0.404011,0.961903,0.550034,-0.0996144,0.314829,-0.0571724,0.983831,-1.65421,0.31732,0.913354,0.00351386,0.44908,0.912444,1
0.185254,0.663668,0.86976,-0.248076,-0.0905926,-1.05033,0.164711,0.621077,0.577923,0.203124,0.860933,-0.084139,0.338433,-0.127766,-0.201382,-1.09796,-0.0886423,-0.460263,0.64018,-0.254934,0.230023,-0.701732,-0.79308,-0.382711,0.0671533,-0.935191,0.932086,-0.0532442,0.886096,0.148555,-0.20579,-0.962888,0.576045,0.762493,1
0.104422,-0.0969741,-0.433611,0.181269,-0.471789,-0.379192,-0.09065,0.387742,0.0416788,-0.546792,-0.471682,-0.774053,0.806479,-0.183785,-0.455253,-0.542109,-0.706941,0.347489,-0.0233768,-0.364929,0.296227,-0.634146,-0.723286,-0.587169,-0.00274187,0.161719,0.941014,0.527798,-0.0406844,0.249464,-0.141392,0.275362,0.577972,0.912085,1
-0.286806,-0.941434,-0.306263,-0.15155,-0.451321,0.599941,0.790178,0.514085,0.33602,0.119763,0.253656,0.0292004,0.0724503,0.395149,1.04716,-0.324629,-0.38446,0.0698457,-0.970187,-0.335679,0.645734,0.119528,-0.356835,-0.251698,1.32913,-0.597079,-0.167424,-0.447941,-0.813683,-0.899586,0.476123,0.312878,0.53744,0.794476,1
-0.643051,0.39593,-1.01017,-0.679499,-0.100935,-0.839939,0.316754,0.179549,-0.695204,0.336187,-0.75315,0.247933,0.207593,0.160861,0.177348,-0.00983244,0.263752,-0.0301891,0.276777,-0.00386281,0.933799,-0.170676,-0.932312,0.9107,-0.261556,-0.56601,-0.398404,0.743216,0.424603,1.08981,0.328279,0.219637,0.495169,0.800925,1
-0.258558,-0.693104,0.0794891,-0.0503198,-1.1429,0.342842,0.162415,0.843673,0.30031,0.100733,-0.234091,-0.0679827,-0.286293,-0.239736,-0.210425,0.648814,0.00396369,-0.327198,-0.080054,0.0564361,-0.618339,-0.03277,-0.872302,0.0980997,0.649521,0.377262,-0.0273305,-0.688173,-0.405072,0.159528,0.0933106,0.241944,0.432048,0.870751,1
-0.591837,0.492079,-0.302666,-0.184665,0.467832,0.553744,1.418,0.414395,-0.229823,-0.0722717,-0.59466,0.635963,-1.30923,-0.0717918,-0.765862,0.793449,-0.721249,-0.527074,-0.285075,0.0452606,0.192379,-1.15824,0.607667,0.982202,0.384853,-0.771528,-0.100053,-0.10373,-0.474332,-1.10987,0.10277,-0.104456,0.426209,0.899197,1
0.0547727,-0.397641,0.0842483,0.836796,0.796961,0.257747,0.460053,-0.312011,0.10329,0.448171,-0.201036,0.663982,-0.798596,0.855203,0.232954,0.201586,0.252344,-0.179103,0.309602,0.506004,0.0665627,-0.105336,-0.456889,-0.220234,0.632152,0.209436,0.101716,0.301196,-0.938882,-0.748175,-0.391745,-0.169071,0.573202,0.81966,1
-0.20978,0.41196,-0.128774,1.3611,-0.248047,0.520405,0.202682,0.232593,0.205825,0.508043,0.327065,-0.370735,0.186638,0.325795,-0.338973,0.694139,0.877702,0.488191,0.0422384,0.465544,0.384205,-0.123971,-0.982634,1.50932,0.555998,-0.116612,-0.0832737,0.450304,-0.182767,0.0531776,-0.052103,0.769577,0.573275,0.843315,1
0.854014,-1.12134,0.184446,-0.521333,-0.186982,-0.29919,0.378765,-0.307736,0.0200497,0.376875,-0.160524,0.63298,0.424044,-0.654937,-0.397594,0.275956,0.0213075,0.252099,-0.208967,0.143334,0.335864,0.00284326,-0.605567,0.581588,0.0317573,-0.0113159,0.300487,-0.776633,-0.19413,0.261051,-0.395085,-0.144141,0.485139,0.772336,1
0.295572,0.309942,0.893582,-0.617942,0.509369,0.204993,-0.295513,-0.507885,0.377434,-1.14961,0.467269,-0.588702,0.714114,-0.308536,-0.691578,-1.1036,0.0171183,-0.0519095,-0.158355,0.0209116,0.128835,-0.154075,-0.0368783,0.377739,0.3734,-0.379909,0.518452,-0.368583,0.600588,-0.548902,0.807063,0.336242,0.42451,0.767939,1
-0.0742384,-1.04088,0.572496,-0.236489,0.203413,0.0350712,-0.337859,-0.699075,-0.592572,-1.08764,0.0471512,0.404418,0.056841,0.380413,0.142923,-0.0639211,1.17386,0.510962,1.11245,-0.202363,-0.105422,0.658884,0.482915,0.596003,0.146849,-0.181967,0.122225,0.395365,-0.620422,-0.28358,0.165803,-0.599153,0.46424,0.800133,1
0.49753,0.00679576,0.800982,0.107827,-0.0566548,0.522843,-0.313288,0.216983,0.0870344,-0.628823,-0.871855,-0.485785,-0.447596,-0.201547,0.107792,-0.73656,0.0769733,0.603618,0.238003,-0.00152512,0.0247552,0.320532,-0.209701,0.980418,-0.28271,0.426877,-0.169617,-0.166446,0.589331,0.0816596,0.202187,0.368113,0.456456,0.842048,1
-0.634799,0.404543,-0.564641,0.41439,-0.484391,-0.634137,-0.371763,0.035627,0.205523,-0.0983263,-1.05717,-0.192566,0.0929578,-0.361059,0.288401,0.549649,0.181687,-1.43023,-0.490567,-0.0319668,0.00872977,-0.371709,0.764631,0.196436,-0.00502657,-1.20154,0.640767,-0.318275,1.47288,-0.176132,0.704631,-0.578849,0.579335,0.831842,1
-0.253302,0.464869,-0.282405,0.472673,0.48805,-0.93585,0.794204,0.953584,-0.916834,0.201006,1.78429,0.893461,-0.508851,-1.0123,-0.298891,-0.777098,-0.0853697,0.0284094,0.69052,1.04756,-0.498048,0.242612,-0.588652,-0.129483,-0.0979954,0.140791,-0.267948,1.10594,-0.706558,0.179997,-0.561962,-0.0533807,0.430357,0.857059,1
0.359905,-0.145062,-0.120358,0.240732,-0.0211844,0.399248,-0.515086,1.10156,1.47569,-0.114514,0.490523,0.180419,0.685222,-0.628079,-0.338578,-0.317225,-0.134482,0.458278,0.484308,-0.00769187,-0.396221,-0.0416549,-0.434718,0.132528,-0.650593,-0.352764,0.832897,-0.101637,0.169411,0.327263,-0.0463838,-0.921091,0.481634,0.920211,1
0.224809,0.533181,-0.301026,0.602575,0.468125,0.67624,-0.232447,0.0186183,-0.035202,-0.829565,-0.10267,0.0837294,-0.689768,0.320202,0.149231,-0.256302,-0.393152,0.779394,-0.416598,0.157282,0.625564,0.552302,-0.355475,-0.292329,0.690682,0.0134482,-0.449729,1.10373,0.00133004,-0.381301,0.522418,-0.292091,0.493954,0.839388,1
-0.541701,-1.90383,0.140135,-0.184128,0.689613,-0.593759,0.802645,-0.834435,-0.279192,0.322216,-0.061044,0.642144,-0.729541,0.239766,0.210149,-1.05865,1.13759,0.671202,0.15646,0.0287765,-0.198775,-0.515274,-0.476352,0.156372,-0.146539,-0.64694,0.214167,-0.125966,-0.280513,-0.227049,-0.714612,-0.388204,0.469918,0.852164,1
-0.228152,0.347317,-0.0331051,-0.352482,-0.36382,0.18162,-0.597783,-0.0674709,-0.404594,-0.0511306,0.521009,-0.362146,0.493934,-0.596994,-0.116491,0.635269,0.587214,-0.276535,-0.708773,0.0126089,0.0638237,-0.384832,0.396172,-0.471207,0.0944874,0.130303,0.481414,-0.934499,0.114095,0.0781089,-0.972899,-0.250505,0.535177,0.941467,1
-0.559693,0.303657,-0.733012,0.288131,0.297515,-0.356539,0.503269,0.602882,-0.291679,0.678412,-0.0703942,-0.46391,-0.10295,0.406882,-0.280885,0.583656,0.361676,-0.647406,0.261114,-0.295992,0.556703,-0.324128,-0.716459,-0.500346,0.756297,-0.0684947,0.535357,-0.277244,-0.366068,1.06478,-0.252296,-1.23688,0.42389,0.913606,1
-0.755099,-0.197375,0.283899,-0.649711,0.764498,0.602372,0.56045,-0.553916,0.299904,-0.226497,-0.210625,0.230103,0.906545,0.0975693,0.04353,0.00376384,-0.333015,1.20757,-0.0843906,-0.372982,-0.505473,0.454736,0.846135,0.395394,0.0401117,-0.0840616,-0.380039,-0.344871,-1.0939,0.111079,0.578843,0.796583,0.570911,0.907606,1
-1.1224,-0.887129,0.335469,0.177392,-0.421935,0.395469,-0.102573,0.215039,-0.127953,0.0167059,-0.51472,-0.111079,0.0109301,0.930611,-0.296744,0.0502957,0.779424,-0.653903,-0.0974937,0.491741,-0.135791,0.924085,-0.135934,-0.39964,0.0295308,0.310239,0.0556042,1.04953,0.461171,0.633891,0.60643,0.00327717,0.420457,0.76551,1
-0.208574,-0.0657685,0.105492,0.250526,-0.265889,-0.586138,0.549529,0.569002,0.319214,0.0755711,-0.0475565,0.00231177,-0.520756,-0.0613884,-0.20418,-0.104784,-0.193546,-0.461092,-0.63773,0.757291,0.34364,0.573795,0.175932,0.111385,-0.161777,-0.442589,0.298208,-0.558454,0.348868,-0.00551266,-0.930777,0.0373448,0.559505,0.838109,1
0.113794,0.165811,0.269987,0.170381,0.193106,7.95,0.271228,0.325973,0.257116,0.221325,0.287123,0.164539,0.159914,0.158314,0.153086,0.39777,0.11921,0.18495,0.139128,0.141843,0.362884,0.221858,0.150791,0.368275,0.268648,0.148154,0.338961,0.260788,0.148122,0.204326,0.380244,0.173615,0.52,0.82,1
0.0752403,-0.652963,-0.364524,0.55934,-0.555268,-0.389879,-0.587075,0.267364,0.0930243,0.279684,-0.836568,1.01987,0.1755,0.256327,0.449115,-0.0899519,0.840946,0.271304,-0.156565,-0.116784,0.332784,1.0272,-0.578997,0.0209708,0.516739,-0.295161,0.875455,-0.770443,0.127406,0.579291,0.0684999,0.812522,0.445233,0.927334,1
0.142946,-0.205321,-0.178893,0.241705,-0.614661,1.10664,0.365997,-0.102322,0.150183,0.310013,0.0306604,0.406711,0.734509,-0.291518,-0.595993,-0.312151,0.0949076,0.196992,0.0315141,0.863745,-0.024882,0.312143,0.0488261,-0.0426536,0.682996,-0.312629,0.100355,-0.579006,0.369304,-0.241501,-0.282127,-0.496267,0.436615,0.825874,1
-0.00258034,-0.954795,0.460668,-0.448557,0.483508,-1.13029,0.101052,0.160192,0.534105,-0.605453,-0.421228,-1.27334,0.617414,0.0909382,0.144376,0.72027,0.341249,0.609829,1.44606,0.594597,-0.0220401,-0.714216,-0.78934,-0.0179144,0.358497,0.478509,0.555141,0.576541,-0.379773,-0.108346,-0.783528,0.473365,0.489189,0.899973,1
-0.372782,-0.0781622,0.975089,0.323943,0.193406,0.837919,-0.16533,0.214796,-0.211777,0.463678,-0.156384,0.301479,0.277925,-0.161241,0.128085,-0.0662465,-0.623915,0.243945,-0.249175,-0.819661,-0.581821,-0.266788,0.0788153,-0.190171,0.882936,0.261323,0.725481,0.528129,0.135466,-0.327118,-0.245814,0.310312,0.519032,0.866215,1
0.546276,0.774414,-0.268965,-0.305337,0.0573715,0.0186437,0.940448,0.23193,-0.721941,-0.266874,0.4399,0.543191,0.414362,0.635318,0.770775,-0.663242,-0.0617827,0.448283,-0.316107,0.966721,-0.344604,-0.624181,-0.63935,-0.0825247,0.139657,-1.56921,-0.472293,-1.01168,-0.0620579,-0.853541,0.0504575,0.166538,0.478553,0.948022,1
1.2311,0.630463,-0.114712,0.0214749,-0.181698,-0.460513,0.0286484,0.143253,-1.30058,-0.618756,0.532183,0.419228,-0.5171,0.649983,-0.652987,-0.460147,0.250385,0.768533,0.976529,0.0760965,-0.288585,1.13543,-0.403389,-0.105069,0.585193,0.109644,-0.0158835,0.204153,1.2686,-0.456969,0.68382,-0.0576322,0.558883,0.882736,1
-0.150463,-0.451442,0.417296,-0.318858,0.0194817,0.255939,0.414389,0.43797,-0.448547,-0.377804,-0.285419,-0.521092,1.00503,0.523564,-0.16501,-0.476545,0.953071,-0.790395,0.454574,0.252971,-0.0382189,0.841138,0.276918,0.275687,0.80456,-0.833858,0.664348,0.163413,0.132874,-0.131143,-0.817594,0.186071,0.434791,0.872897,1
0.00501256,-0.0922675,0.43334,0.489486,-0.153059,-0.324394,0.497144,-0.0183169,-0.353873,0.25339,0.0235663,0.0672679,-0.294266,-0.0866516,0.53147,0.0304652,0.707846,-1.39471,0.332695,0.109858,-0.0125302,-0.248118,0.452613,0.314358,-0.405688,0.349119,0.825238,-0.934311,0.231975,0.221363,0.164711,0.769862,0.505329,0.851948,1
0.462606,-0.498135,-0.28488,0.107066,0.587828,-0.321631,-0.400277,-0.630973,0.0153901,-0.447965,0.0673075,-0.364874,0.582792,0.479985,0.466728,0.71821,-0.0330892,-0.0478745,-0.552093,0.267208,-0.823267,0.272172,-0.461485,-0.158594,-0.473662,0.213,-0.404144,-0.628305,0.556941,-0.345176,-0.663284,-1.05611,0.556732,0.936622,1
0.216452,0.0341788,-0.201121,0.262394,0.494569,0.0589772,0.240633,-0.344259,0.356298,0.165475,0.921951,-0.303807,-0.465186,-0.239676,0.153016,-0.777907,-0.340543,-0.188361,-0.507333,0.344264,-0.123522,-1.04464,0.773882,-0.152146,-0.357568,0.0830548,-0.187255,-0.03429,-0.159099,0.185912,0.790769,-0.372907,0.47882,0.771243,1
0.28459,-0.0130238,0.528536,0.880532,0.00798572,-0.325025,-0.211041,-0.907943,-0.490236,-0.23233,-0.508655,-0.119601,-0.124083,0.405888,0.404185,-0.645588,-0.0992752,0.247616,0.150315,0.243547,-0.118063,-0.66708,-0.306193,0.575423,-0.29456,-0.166696,0.121241,-0.00762314,-0.0217141,0.435494,-0.69505,-0.372131,0.443118,0.783938,1
0.393979,-0.108318,0.106937,-0.560535,0.540194,0.315796,0.411637,-0.178145,0.0709944,-0.00831597,-0.205374,-0.320434,0.112178,-0.360755,0.164665,-0.560369,1.09652,0.120197,0.315933,-0.620096,0.0346241,0.772339,0.211649,-0.332775,-0.343064,0.312679,-0.0455491,-0.468112,0.110766,-0.479886,0.359286,0.342634,0.568603,0.899157,1
-0.520716,-0.0493167,-0.17718,-0.42088,0.57824,-0.0349112,0.69539,0.380578,-0.876907,-0.24144,-0.601816,0.547316,0.566503,-0.514587,0.53878,-1.56158,0.533489,-0.234993,-0.138611,-1.03141,-0.760579,-0.706747,-0.381381,-0.519129,-0.335797,0.955359,-1.08795,0.408015,0.514087,0.197992,-0.254893,-0.777189,0.551814,0.803993,1
0.399479,-0.510631,0.408808,-0.444854,0.496414,0.254224,-0.378424,0.0476354,-0.739029,0.293724,0.118796,-0.737615,0.230884,-0.00486302,-0.00315867,0.815845,-0.116897,-0.657729,-1.09208,-1.60054,-0.372888,0.142371,-0.687676,-0.0422613,0.113028,-0.649927,0.127814,-0.226473,-0.165826,-0.178872,0.982292,0.193216,0.533561,0.94323,1
-0.0371806,1.07347,0.344829,0.403705,0.0696284,-0.291239,0.520116,-0.39878,-0.578617,-0.877846,0.243146,-0.988389,-0.0786817,0.219939,0.897997,-0.0725747,-0.432171,-0.130274,-0.26125,0.838069,0.0899867,-0.344461,-0.103634,-0.109445,-0.488416,0.233788,-0.159943,0.843782,-0.207024,0.482363,0.0248754,0.375884,0.477897,0.802665,1
0.052027,-0.524673,-0.1728,-0.576313,0.242944,0.4682,-0.665474,0.377656,-0.249145,-0.484108,0.727218,-0.381986,0.0147224,0.682861,0.198138,0.0155592,0.181565,0.318755,-0.468588,-0.494984,0.633832,0.828313,-0.521371,-0.434016,0.168982,0.000337677,-0.541307,0.783612,-1.36931,0.11381,-0.706092,0.535312,0.511202,0.778434,1
1.28284,-0.381944,0.358122,-0.0575583,0.419714,-0.0144429,0.138703,0.531661,-0.48402,0.0538303,0.117059,0.549516,0.0288626,1.10675,-0.33917,0.482895,1.00007,-0.0830221,0.0449463,0.21786,-0.0751977,-0.295571,1.07384,0.267838,-0.0394139,0.891914,-0.120871,-0.125933,-0.0932961,0.159473,0.678227,0.145425,0.541097,0.898859,1
-0.525627,-0.844884,-0.496373,0.602166,-0.587949,0.412292,0.429967,-0.0723458,-0.373734,-0.189861,-0.589237,0.311063,0.43893,-0.298443,-0.486901,0.33702,0.3496,0.829255,0.0177856,0.222192,0.157829,-0.346506,-0.836015,0.343997,-0.110714,0.575465,0.68227,-1.01907,0.0620329,0.452425,-0.00211731,0.189154,0.563712,0.816817,1
0.289224,0.261658,0.0722698,0.278413,0.169366,-0.525168,-1.16258,0.69953,0.419264,-0.0909758,-0.156541,0.05588,0.580355,-0.246954,-0.0141441,0.501833,0.0356916,0.0452877,0.152707,-0.792175,0.122901,-0.451631,-0.676125,-0.586068,-0.823973,0.141263,-0.574265,0.114561,-0.706124,0.476831,-0.0667022,0.392883,0.538712,0.778767,1
0.342914,-0.0468178,0.926193,0.101253,-0.239561,-0.580617,-0.397823,-0.0325335,-0.477009,0.357155,0.138162,0.894481,-0.51878,-0.482096,-0.118563,0.110043,0.893176,-0.200484,0.810605,0.0974458,-0.186511,0.709767,-1.38103,0.43106,-0.00743667,0.561441,-0.794477,-0.599686,-0.4036,0.740997,-0.218636,-0.128258,0.569216,0.870332,1
0.661902,-0.723102,-0.459884,0.131302,1.05261,-0.591755,-0.314629,-0.0513477,-0.134847,-0.116172,-0.0355412,-0.729123,-0.515552,0.436409,-0.131655,-0.355564,-0.857362,-0.121355,0.28474,0.395891,-0.263153,-0.0751694,0.677872,0.00777508,-0.046164,-0.0882999,-0.498486,-0.0769963,0.335009,-0.462779,0.120704,0.285871,0.442991,0.823055,1
0.962607,-0.282482,0.168188,0.344586,0.13123,0.552963,-0.530521,0.236674,-0.185897,-0.0328524,0.297486,0.468645,-0.0986941,0.052553,0.339279,0.481113,-0.762869,-0.454159,0.733435,-0.378802,0.0400411,-0.0238564,-0.646622,-0.875604,0.218713,0.0512945,1.42893,0.517507,0.0830795,-0.450996,-0.354451,0.622769,0.553511,0.810783,1
0.529667,0.696359,0.146183,-0.200715,-0.490902,-0.117418,-0.341981,0.492591,0.496382,-0.166241,-0.158012,-0.154251,0.0954718,-0.442742,-0.274037,-0.471724,0.0215864,-0.373923,1.63438,0.643613,0.599173,-0.0947985,0.466451,-0.275054,-0.199952,-0.681778,-0.0742403,0.379844,-0.885897,-0.118677,-0.0205239,-0.387977,0.42179,0.944585,1
-0.658639,0.206516,1.19317,-0.343508,-0.163582,0.128684,0.165124,0.116843,-0.209037,0.939491,0.455344,-0.0293081,-0.534268,-1.25638,-0.817681,0.685029,-0.216906,0.869209,-0.476105,-0.100638,-0.192753,0.79655,0.277312,0.374091,0.571236,0.295716,-0.650665,0.493052,-0.260998,-0.491271,0.0372641,-0.0292437,0.478038,0.883597,1
0.95,0.88,0.0187981,-0.149998,-0.211508,-0.428276,-0.160392,0.222653,0.420161,-0.393986,-0.442162,0.302783,0.0986036,0.221208,0.135798,-0.125957,-0.415325,-0.00691885,-0.386953,0.211448,-0.298301,0.285546,0.228694,-0.0180741,-0.17042,-0.199134,-0.468866,-0.385248,0.200342,-0.327173,-0.323741,-0.43864,0.48,0.2,0
0.548317,0.716541,-0.305313,-0.558627,0.70639,-0.0709309,0.353351,0.0512151,-0.0299252,-0.244546,-0.629436,-0.248029,-0.0368581,-0.154629,-0.697791,0.362755,0.423435,0.0642059,0.49135,0.0990779,-0.326074,0.494568,0.659455,0.336791,-0.864768,0.341631,-0.40718,-0.4407,0.342279,-0.683955,0.47567,-0.753626,0.569745,0.802613,1
-0.1068,-0.333406,-1.24959,0.57147,0.101358,-0.644674,-0.386725,-0.0029694,0.53159,-0.318095,-0.0697642,-0.0431954,0.564004,0.0709132,-0.506444,0.649527,-0.818775,0.428752,0.387619,-0.811002,0.910584,0.277008,-0.698015,-0.273353,0.30652,-0.126791,0.241743,-0.563626,0.15014,-0.995692,0.363956,0.232645,0.527988,0.905448,1
0.018081,0.205188,-0.484291,0.364404,0.133433,-0.0494117,0.123863,0.773072,-0.470075,0.401547,0.195433,0.102521,0.361615,-0.217114,-0.138475,-0.342543,-0.322419,0.164947,0.350458,0.255297,0.476213,0.292017,0.962359,-0.460839,-0.236017,-0.0360772,0.479341,-0.00542533,-0.347888,-1.25227,-0.0370562,-1.03099,0.503399,0.837011,1
0.567073,0.00735475,0.590989,-0.0201507,0.36406,-0.299398,-0.417203,0.118126,-0.970798,-0.482495,0.477801,0.35813,-0.508164,0.559662,0.255867,-0.5199,0.279942,-0.396369,0.798473,-0.506779,0.450307,-0.0813143,-0.0726346,0.514478,-0.295321,-0.451278,-0.211779,0.160377,-0.311628,-0.132069,0.195934,-0.266775,0.555388,0.8818,1
0.462534,0.18376,0.518018,-0.601093,-0.524756,-0.53313,0.487058,-0.476085,0.199179,0.231044,0.465497,-0.967706,-0.131797,-0.104962,0.0195995,0.0770924,-0.243761,0.522413,-0.455308,-0.25822,-0.59451,-0.10163,0.377534,-0.234982,-0.246179,-0.227078,-0.219318,-0.386961,0.623868,-0.166458,-0.108467,-0.704061,0.576591,0.771063,1
-0.0297845,-0.274406,0.358243,-0.417614,0.263343,0.474214,-0.421659,-0.444929,-0.422164,-0.277619,0.0630644,-0.518158,0.0431422,1.00723,-0.550609,-0.158042,0.234336,-0.472812,0.484861,0.548448,0.163852,0.450473,-1.40735,-1.17554,-0.167495,-0.245196,-0.460589,-0.225301,0.354831,-0.0724966,0.411388,-0.360334,0.440837,0.945183,1
0.555058,1.3722,-0.29108,0.0770286,0.210524,0.464615,-0.627482,1.42702,0.298744,-0.408471,-0.356248,0.303662,0.483709,-0.74853,-0.335964,0.338959,0.558261,-0.728735,-0.232633,0.130711,0.500085,-0.0582068,0.303454,-0.0287639,0.0810313,0.757111,0.277898,0.158164,0.900616,0.347423,0.0750528,-0.382339,0.506417,0.889426,1
-0.339986,-0.630306,-0.686997,-0.0537965,-0.246211,0.127717,0.678193,-0.170163,0.509478,-0.601095,-0.168957,-0.167663,-0.0235698,-0.272255,-0.771602,-0.582451,-0.600348,0.16595,-0.409712,-0.0732965,-0.255125,-0.370159,0.248384,-0.950982,-0.497365,-0.333257,-0.636677,0.455504,-0.0805544,0.269317,-0.0171436,0.125157,0.477825,0.901264,1
0.768571,-0.213228,-0.0725657,-0.546595,0.538081,-0.0614034,-0.41521,-0.0817446,-0.627246,-0.469914,0.0290359,0.660578,-0.299237,-0.18032,-0.619498,1.70917,0.399373,-0.614649,-0.487255,0.113483,0.161397,0.53627,-0.675416,-0.404587,-0.269142,-0.247262,0.606681,0.107478,0.931872,-0.286065,-0.0233526,-0.588553,0.468437,0.900721,1
0.19474,-0.116393,-0.550866,0.790455,0.2655,-0.224121,-0.456166,0.351716,0.0503504,0.692729,-0.019338,-0.966606,-0.277263,0.127814,0.59668,-0.374771,-0.577962,0.526773,-0.656679,0.212251,-0.0328531,-0.0748911,0.553922,0.338875,-0.138717,0.0763669,0.886125,0.351752,0.920276,0.898413,-0.343904,-0.358586,0.529462,0.819104,1
0.542764,0.26476,0.586184,0.000562987,0.515519,0.338858,0.388712,0.50417,-0.130854,0.194866,-0.706885,-0.0363832,0.260578,-0.820541,0.436473,0.924012,-0.0904537,-0.446629,0.228082,0.156071,-0.480882,-0.0448608,-0.199526,0.374487,-0.65509,-0.293421,0.437678,0.257368,-0.732975,-0.789657,0.344362,0.80394,0.542716,0.787489,1
0.422038,-0.0401105,0.0188884,-0.531039,0.000695776,0.170973,-0.0960284,-0.0557454,-0.798007,-0.766947,0.0887683,0.199559,0.445723,-0.101325,-0.406126,0.265922,-0.255531,-0.141487,-0.180358,0.166555,-0.317197,-0.691942,-0.863125,0.866625,0.563846,-0.270292,0.176115,-0.824883,0.640203,0.594832,0.458794,-0.234173,0.514108,0.794885,1
-0.905855,0.354991,0.659863,-0.199039,-0.398085,-0.425373,0.03164,0.0658208,1.07249,-0.538528,0.206812,-0.0683023,0.46332,0.343348,-0.11541,0.441336,0.4236,0.0321939,-0.869472,-0.00847717,-0.337765,-0.503469,0.833695,-0.693712,0.21256,0.297925,-1.0847,0.152196,0.694595,-0.355126,0.389869,-1.03326,0.574907,0.766456,1
0.120842,0.635307,0.881947,0.0698938,0.424166,-0.425974,-0.966973,0.273273,-0.107694,-0.223826,0.432247,0.0704213,-0.721369,-0.0160426,0.101527,-0.710699,0.565019,0.3888,0.0542018,0.659028,-0.691604,0.689164,0.178381,0.871408,-0.200186,0.34577,-0.651418,-0.0564576,-0.296479,-1.05024,-0.453902,-0.302388,0.522494,0.898103,1
-0.0297682,0.874698,0.0271946,0.00247594,0.305227,0.227946,-0.108415,0.645646,-0.169658,0.254385,-0.480257,-0.483459,0.238732,-0.888147,-0.251426,0.157561,0.180501,-0.146915,-0.542075,0.965112,-0.125659,0.695092,-0.157798,-0.117623,-0.00635853,-0.0645851,0.495005,0.883903,0.963061,0.798953,0.346636,-0.171743,0.47145,0.761785,1
0.300745,-0.144231,-0.155326,-0.396902,-0.598441,-0.125791,-0.147935,-0.24951,0.0184155,-0.164511,-0.178603,0.104245,0.088419,-0.263228,-0.582175,-0.489096,-0.282796,0.0982502,0.431082,-0.243188,0.215764,-0.356069,-0.519167,-0.0574134,0.32726,0.164077,0.0961608,0.225734,-0.184208,-0.0617845,0.245512,-0.100279,0.558844,0.77183,1
0.358155,0.835744,0.0909234,-0.518639,0.560928,-0.257342,0.208709,0.00146159,-1.00175,0.555547,0.142267,0.285197,-0.81093,-0.770527,0.325463,0.00877619,-0.0823987,0.0193476,-0.805235,-0.325546,-0.0543177,-0.855996,-0.00144344,0.669469,0.333925,1.22122,1.04455,0.394723,-0.459832,-0.181711,0.145438,-0.382919,0.541067,0.855768,1
-0.201835,0.0321933,-0.819742,-0.411356,-0.0425374,-0.380173,-0.193948,0.0198645,-0.375081,-0.0321464,-0.253043,-0.409589,-0.0812819,0.494358,0.224912,0.103099,-0.0538536,-0.257962,0.0260311,-0.189165,-0.944686,-0.417146,-0.404594,-0.840547,0.0871099,0.241945,0.620256,-0.0997625,1.07977,0.351191,-0.989224,0.910125,0.543296,0.761438,1
-0.655249,-0.221781,-0.131867,0.109167,0.657979,-0.404059,0.61207,0.543345,-0.299395,-0.309303,-0.508975,-0.0643052,-0.252361,0.390621,0.524196,0.00927261,0.463928,0.427753,0.642847,-0.166405,0.313422,-0.101769,0.796064,0.215578,-0.0796042,0.030373,0.49223,0.627863,-0.417548,-0.268266,-0.239792,0.220589,0.447038,0.799314,1
-0.191823,-0.189508,-0.757342,-0.037331,-0.497825,-0.252344,-0.374945,0.00590251,1.45304,0.616959,-0.491615,0.923405,0.0328921,-0.276675,-0.3782,0.776548,-0.331558,0.284961,-0.570902,-0.322302,0.262663,-0.153312,-0.115371,0.295163,-0.050599,-0.702398,-0.489914,0.941363,-0.0277053,-0.236213,-0.24488,-0.107686,0.504297,0.806898,1
0.180996,-0.192735,0.0802341,-0.459321,-0.0165742,-0.759257,-0.494704,0.607378,-0.0582546,-0.0231467,1.0175,-0.757851,0.577296,0.207706,-0.0519951,-0.395025,0.0585285,-0.662634,-0.279217,0.565607,-0.0612921,-0.399615,0.826486,0.25392,-0.0237644,-0.522992,-0.195675,-0.169971,0.186953,0.253189,-0.21054,0.0989206,0.523036,0.877878,1
-0.0701924,0.687374,-0.14843,0.333387,0.578274,-0.397551,0.669982,0.826679,0.0845658,0.893893,0.545107,0.264899,0.0536278,0.0198335,-0.170601,1.32343,-0.0656734,-0.0774752,-0.228986,-0.0919143,-0.431035,-0.995334,-1.12024,-0.0320308,0.352179,-1.25467,-0.854918,0.00146501,0.132362,0.282686,-0.657862,-0.678375,0.520819,0.91357,1
0.095674,0.420942,-0.326632,-0.37409,0.00902539,0.88913,0.181211,-0.193841,0.130326,0.687556,0.0710449,-0.438028,0.108032,0.661231,0.174286,0.496354,0.357632,-0.270225,-0.596119,-0.214173,-0.216188,-0.129891,0.749788,-0.053947,1.05419,0.702507,0.29485,-0.232701,0.227118,-0.496303,0.123091,0.0853916,0.558173,0.912443,1
-0.530216,-0.384014,-0.59814,0.188181,-0.605541,-0.275134,-0.0263724,-0.323191,-0.811967,-0.158557,-0.453229,0.00282304,0.244025,-0.234417,0.105493,0.627282,-0.574507,0.386385,-0.0606689,0.0656254,-0.17584,0.887517,0.529237,-0.0372681,-0.717519,0.245233,0.874479,0.138668,0.0318411,0.694988,0.24025,0.706844,0.546843,0.840064,1
0.832894,-0.122576,-0.214399,0.813758,0.551358,-0.046335,-0.233126,-1.32969,0.115538,-0.263374,-0.755903,0.146539,-0.189589,-0.218856,-0.0688119,0.16108,0.120186,0.428336,-0.0455153,-0.308014,0.393411,0.63569,0.028353,0.783229,-0.306392,-0.474335,-0.073091,-0.191652,-1.19127,0.377755,0.219194,-0.167802,0.536217,0.837657,1
-0.076085,0.866494,-0.99692,-0.618692,1.06382,0.991364,-0.582768,0.0523631,-0.307569,-0.14431,-0.188197,-0.44545,-0.263996,0.129077,-0.21245,0.035421,0.0303559,-0.401243,-0.106613,1.06665,-0.974532,0.363437,-1.13194,-0.130813,-0.66561,-1.08257,-0.312437,-1.31263,0.202406,-0.530867,-0.0595664,0.148402,0.467004,0.924868,1
0.643239,0.130904,-0.559547,-0.210416,0.536561,0.13746,0.114592,-0.235094,0.40551,-0.209208,-1.01467,1.63143,0.464349,-0.346739,-0.131372,-0.358159,0.911453,-0.022985,-0.344525,0.321307,-0.145776,-0.634625,-0.488509,-0.680251,0.5087,-0.667725,0.248878,-0.490359,-1.06676,-0.563409,-0.646085,0.024554,0.477903,0.8432,1
-0.146278,-0.352355,0.37691,-0.870953,-0.835354,-0.0132388,0.00100744,-0.413592,0.261548,-0.180791,-0.464934,0.641847,-0.534124,0.183505,-0.176265,-0.706478,0.474891,0.0274736,-0.0980682,-0.811612,-0.951634,-0.2442,0.543198,-0.852338,-0.284759,0.383608,0.824021,-0.492291,-1.02835,0.0294885,-0.240826,0.0624753,0.455352,0.79542,1
-0.0599792,-0.134209,0.569704,-0.38238,-0.264343,0.00681826,-0.379337,0.196135,0.403928,-0.493748,1.34866,-0.188856,0.252133,1.00419,0.0301739,-0.236512,-0.505468,1.01311,-0.0719246,-0.0850805,0.44341,0.00188076,0.233523,0.034688,0.049541,-0.900129,-0.328596,0.589064,-0.00834077,-0.599531,0.176958,0.744732,0.492763,0.899391,1
0.7056,-0.00467801,-0.702826,-0.322796,-0.133699,1.13167,-0.0243357,0.518615,0.809177,-0.173006,-0.497102,0.699631,0.253667,0.461815,0.719068,0.162477,0.119107,0.493307,-0.420738,0.0929172,-0.253084,-0.450613,-0.00564065,0.0254918,-0.0955417,-0.983793,-1.27499,0.411166,-0.273349,-0.211081,0.209004,-0.353886,0.489501,0.832162,1
0.623566,-0.625374,-0.632507,-1.21816,0.274091,1.18821,-0.215408,-0.0784055,0.284426,0.658931,-0.448346,0.242194,0.247229,-1.53298,-0.571397,-0.895303,-1.27537,-0.0993555,-0.0110137,-0.398464,-0.875996,0.445338,0.149593,-0.0631815,0.124098,-0.208176,-0.0662604,0.40268,-0.455375,-0.349234,0.381514,-0.240074,0.573518,0.94778,1
-0.0284295,-0.413431,-1.09385,0.757364,-0.435222,0.326962,-0.0712011,-0.581105,0.834213,-0.256792,-0.821863,0.0408409,0.125409,0.7104,-0.232513,-1.226,-0.42551,-0.701163,-0.154004,-0.561689,-0.836907,0.410255,0.193824,-0.188536,0.0570538,0.578583,-0.0662071,0.109436,-0.351578,-0.0486896,0.332489,-0.060331,0.547267,0.920574,1
0.95,0.88,0.147668,0.442658,0.0767316,0.139503,-0.335108,0.494961,0.0678697,0.435894,0.230935,-0.146559,-0.0133203,0.493727,-0.17747,-0.347888,0.374246,0.432201,-0.110654,-0.13131,-0.0177657,0.431056,-0.472926,0.358904,-0.381557,-0.230027,0.303398,-0.164851,-0.119608,-0.0385815,0.340089,-0.214584,0.48,0.2,0
-0.384287,-0.582,1.04093,-0.199528,0.26484,-0.766126,0.327638,0.355419,-0.0111152,0.215944,0.234136,-0.0699793,-0.480454,-0.357317,-0.0031988,0.27817,1.16898,-0.409259,0.544535,-0.561727,-1.12669,0.165138,-0.771467,-0.180213,0.167826,-0.0720805,-0.203944,-0.227164,-0.378924,-0.227752,-0.167158,-0.0678647,0.539597,0.802792,1
-0.119872,-0.359773,0.00311223,-0.311818,0.641537,0.445675,0.0184452,0.796187,-1.2365,-0.292727,-0.311657,0.720879,-0.919869,-0.181509,0.0770049,-0.134957,0.341382,0.813498,-0.0948805,0.232396,0.895419,-0.719877,-0.349347,0.131872,0.461337,-0.180949,0.278758,0.0957197,-0.0600902,0.232317,0.500445,-0.0385951,0.535086,0.946977,1
-0.305917,-0.346961,-1.44052,-0.29714,0.187919,-0.856767,-0.13443,-0.310121,-0.187372,0.326882,0.663323,-0.426002,0.0211849,-0.0422708,0.0847625,-0.912526,0.910419,-0.292352,0.984919,-0.173365,0.237864,0.0332891,1.03663,-1.29635,-0.203747,0.104699,-0.144717,-0.415474,-0.115671,0.765076,0.236562,0.260171,0.42599,0.940103,1
-0.38011,0.133483,-0.113402,0.592498,-0.599288,0.174087,-0.814874,0.367887,0.0037137,0.68253,-0.875834,0.192763,-0.322449,-0.213599,-0.0210578,-0.0828938,-0.080455,-0.0698039,0.0993911,0.433294,-0.347445,-0.0457496,0.813239,-0.248771,-0.339841,0.214003,-0.406152,0.196723,0.27962,0.201147,-0.637787,-0.929375,0.570561,0.89277,1
-0.119932,0.394987,-0.241101,-0.948019,-0.426182,0.259027,-0.618422,0.0542766,0.550873,-0.514967,0.0295943,-0.31833,-0.570364,-0.376336,-0.618425,0.382532,-0.593259,-0.320897,-0.714803,-0.329371,0.975139,0.384951,-0.257419,0.316491,0.220085,0.0235901,0.543479,0.249247,-0.0142878,0.182773,0.182486,0.429309,0.565839,0.938334,1
0.503904,-0.722535,0.40677,-0.0825239,0.0153855,0.0770386,0.470892,-0.518216,0.361303,0.577204,0.301952,-0.375922,0.639313,-0.205354,0.137885,0.960023,-0.215467,-0.0894381,0.53756,-0.0812715,0.210584,0.288141,0.171579,0.281385,-0.0137906,-0.00419788,-0.475468,-0.082962,0.0443921,0.128366,-1.07083,-0.258791,0.480062,0.924378,1
0.95,0.88,0.465779,0.217539,0.172683,-0.169932,-0.334955,-0.261232,0.306805,-0.224624,0.0533222,-0.436255,0.489225,0.102304,-0.229782,-0.29242,0.214809,-0.404109,-0.0102897,0.192766,-0.45007,-0.31605,0.216409,-0.495184,0.0525846,-0.0584625,0.36773,0.0932515,-0.282617,-0.12367,-0.0798565,-0.0909187,0.48,0.2,0
-0.612497,-0.0122454,0.50645,0.728459,-0.564894,-0.165929,0.176802,-0.159583,-0.185627,0.811133,0.221431,0.0963259,-0.49444,-0.692353,0.474203,0.250593,0.389069,0.351741,-0.184417,0.281491,0.138465,0.494808,0.399692,-0.396759,-0.251472,-0.282953,-0.329164,-0.161118,-0.16111,-0.0109398,-0.0577695,-0.646491,0.57159,0.881968,1
0.118516,-0.274619,1.47904,-0.441793,0.339246,0.0496646,-0.464024,-0.768495,-0.144822,-0.431687,0.619372,-0.185162,0.373199,0.440275,0.437932,0.633977,0.279537,-0.265953,0.560187,0.315558,-0.389279,0.244326,-0.150098,0.568575,0.501766,-0.689896,0.410948,-1.00475,0.685824,-0.0612964,-0.126733,-0.101052,0.427273,0.861906,1
0.163273,0.613714,0.0984536,-0.0792106,0.709776,-0.000104089,-1.15233,-0.143187,0.492191,0.0691416,-0.0828361,0.102006,-0.0793616,-0.406379,-1.13699,0.0238301,0.189972,-0.0425301,0.610927,-0.577051,-1.03701,0.814327,1.09624,0.294108,-0.109499,0.314159,-0.298319,0.193623,-0.325001,0.268731,0.638749,-0.362225,0.440405,0.899895,1
-0.52026,0.44665,-0.134675,-0.476172,-0.0385925,-0.185009,0.0929249,0.322581,0.0537442,-0.28882,-0.0743815,-0.54927,-0.0164308,0.159156,0.152518,-0.303716,0.399771,-0.244641,0.0377034,-0.0819891,0.520137,0.327998,-0.440764,0.531024,-0.249447,-1.0312,-0.355441,1.10333,0.350322,0.692374,0.0773372,-0.583932,0.499652,0.905289,1
0.150137,-0.287285,0.159774,-0.0957968,-0.443482,-0.212012,0.0884457,0.436515,-0.664161,-0.419348,0.0440614,-0.432155,0.461981,-0.843453,-0.295949,0.121944,0.91134,0.643133,0.171995,0.255294,0.295643,0.479447,-0.423897,0.227637,0.900715,0.461483,-0.233456,0.127401,-0.435987,-1.19216,-0.837336,0.664006,0.554397,0.899034,1
-0.100737,-0.810756,0.0971938,-0.554247,0.535469,-0.12773,0.410349,0.0102699,0.684817,0.942484,0.634553,0.784467,0.0404772,-0.675148,-0.698776,-0.0427596,-0.0727173,-1.00138,-1.01569,-0.465327,-0.587065,-0.858394,1.29402,0.355757,0.684503,-0.0508081,-0.209197,0.749247,-0.749759,0.0261047,-0.0390226,-0.219306,0.450266,0.849643,1
-0.107788,0.967355,-0.514449,0.768873,0.229585,0.78446,-0.032161,0.81327,-0.598652,0.170027,0.354952,1.05065,-0.501664,-0.161925,0.489352,0.397243,-0.320145,-0.0437222,0.81624,-0.10963,-0.218033,0.0766025,-0.747816,0.443625,-0.526277,0.582142,-0.310546,-0.300072,-0.544392,0.754541,-0.428672,0.157871,0.516354,0.785366,1
-1.06568,0.0790456,-0.114479,-0.0204152,-0.132428,-0.307149,-0.367015,-0.107659,-0.1864,-0.810817,-0.466807,-0.321308,0.274034,-0.587656,0.284517,0.118384,1.33073,-0.891339,-0.210289,-0.100785,0.91495,0.342571,-0.128011,-0.195992,-0.134989,0.531748,-0.57008,-0.137675,0.819623,-0.124337,-0.962693,0.608219,0.54363,0.760894,1
0.4583,0.2698,0.858101,-0.165978,0.603441,0.413835,-0.0495376,0.465181,-0.35367,-0.425772,0.348376,0.491665,0.111993,0.44634,0.520599,0.109343,-0.448293,0.457716,0.483572,-0.207485,-0.550469,0.378119,0.687122,1.19176,0.3889,0.043064,0.244165,0.248024,-0.437093,-0.549826,-0.136296,0.747467,0.567696,0.881127,1
-0.271188,0.76942,0.0181414,-0.73107,0.346952,0.0969005,-0.181927,0.43974,0.672686,-0.206874,-0.517151,0.729156,0.252356,0.487551,0.418618,0.109496,-0.424809,-0.0980512,0.419661,0.844439,0.330215,-0.802863,0.674374,0.247867,0.727409,-0.31882,-0.387406,0.453841,-0.0155854,-0.811099,0.182312,0.377954,0.551101,0.858115,1
-0.0774963,-0.234661,-0.270399,-0.457142,0.21388,-0.983152,0.238689,-0.244705,0.317759,-0.109208,0.480129,0.313918,0.118436,-0.33436,-0.498138,0.0748416,0.898105,0.708397,1.14078,0.027605,0.256593,-0.309215,0.0948264,0.272859,0.500647,0.517082,-0.34861,0.41201,0.121589,0.462337,-0.263682,-0.758927,0.500206,0.870824,1
0.14677,0.114451,-0.654328,0.727659,0.525163,-0.576787,0.033479,0.624021,0.967763,0.837127,0.493802,0.736053,-0.60612,-0.0777515,-0.707868,0.552748,-0.0588939,0.800551,-0.316168,-0.118817,0.437971,0.294688,0.473926,1.21114,-0.0782157,-0.422857,0.0436725,0.741903,0.204594,0.564039,0.57889,-0.776603,0.558242,0.919687,1
0.365716,0.169732,-1.104,-0.5478,0.629685,-1.08502,-0.701807,-0.276625,1.4007,-0.646135,0.602932,-0.957545,0.705667,0.116319,-0.702766,-0.0358569,0.78858,0.293507,-0.147218,0.0825356,-0.722126,0.425651,-0.350237,-0.269536,0.955809,0.107917,-0.0530642,0.36004,-0.56507,0.813535,-0.485075,-0.152889,0.559459,0.941444,1
0.07939,-0.0623938,0.0769235,0.07897,0.818501,-0.584453,0.517008,-0.447922,0.420032,0.477122,0.0527352,-0.50548,-0.897457,-0.0973363,0.604946,0.206171,-1.5348,-0.629462,0.441878,0.67668,0.480568,-0.131047,0.364341,-0.511361,0.322647,-0.508292,0.353744,-0.39499,0.189414,-0.490703,-0.077547,0.100091,0.430219,0.917843,1
-0.823154,0.00199405,-0.13952,0.539564,-0.196465,0.935887,-0.300144,-0.263157,-0.32206,-0.687624,-0.232683,-0.245535,-0.551135,0.613317,0.222327,-0.488005,0.148931,0.522018,0.227327,-0.961513,-0.540702,0.0683579,0.199486,-0.593962,-0.0125146,0.992743,0.0373336,0.240684,0.0828711,-0.31074,-0.800979,-0.29706,0.536433,0.831216,1
0.0207542,0.702302,0.431488,0.296496,-0.0352365,0.485543,0.0564898,0.200032,-0.465285,-0.0141508,-0.176274,-0.163715,0.235397,0.427485,-0.404144,-0.753586,0.0341628,-0.339502,-0.311831,-0.298352,-1.14385,0.146487,0.397164,-0.714225,-0.0559486,0.125479,-0.14909,-0.995957,-0.53852,-0.35109,-0.465649,0.206834,0.579062,0.80406,1
0.093649,0.321974,-0.112095,-0.232953,-0.396447,1.05706,-0.166606,-0.609537,0.607326,0.288349,-0.401929,0.289594,1.23314,-0.258934,0.385465,0.0286501,0.0824637,0.316434,0.840796,0.100811,-0.166109,0.599626,0.220448,-0.323375,0.225629,0.277788,-0.347706,0.240217,0.204451,0.702376,0.475901,-0.873083,0.50326,0.837456,1
0.183195,-0.322689,0.505817,0.107757,-0.244749,-0.00224598,-0.331798,-0.748866,0.345133,0.11936,-0.213099,-1.25237,0.710126,0.182133,-0.36118,-0.629385,0.44124,-0.742284,-0.00928832,-0.257131,0.102565,0.258405,-0.582136,-0.0393816,0.362716,0.0807047,-0.353854,0.0344569,0.119565,0.0491609,0.000392214,-0.0333454,0.471036,0.918429,1
-0.125317,0.283899,0.143165,-0.080153,-0.281879,-0.311028,0.29485,0.0939961,0.63977,-0.514043,0.291776,-0.0288176,-0.494321,-0.610753,-0.612481,0.418043,-0.191563,-0.362328,0.0485713,0.435672,-0.593828,0.115798,0.257354,0.957527,-0.0778108,0.789066,0.338052,0.753635,-1.40322,0.478142,0.0153814,-0.00023606,0.541534,0.947614,1
0.0896106,-0.00650328,-0.73496,-0.348744,-0.474681,0.526465,0.175361,0.113518,-0.0969514,0.420817,-0.338922,0.00198104,-0.490908,-0.103448,0.821458,0.111826,-0.313743,-1.13455,0.107366,-0.288197,0.661349,-0.859906,0.16202,0.874922,0.248,-0.56444,-0.0922222,0.11922,-0.00555585,0.125294,0.0404185,-0.290346,0.53977,0.845703,1
0.301823,-0.275918,-0.401252,-0.348599,0.798003,0.0906304,0.312077,-0.779847,0.242525,0.134934,0.131154,-0.715355,0.228277,0.329945,0.627028,-0.711168,-0.193478,-0.0428294,0.194592,0.542113,0.530527,0.586455,-0.138367,0.209139,-0.0448787,-0.40137,0.521863,0.966078,-0.243973,-1.24368,1.1272,-0.614703,0.569508,0.788517,1
0.38842,1.12928,0.723044,-0.685576,0.397226,0.607004,-0.0455041,0.39552,0.295419,0.161969,0.696767,0.214947,0.42636,0.673206,-0.473638,0.194516,-0.159795,0.282502,0.153895,-0.910582,-0.667579,0.491955,0.032743,-0.0962386,-0.117613,0.582614,-0.275064,-0.570861,-0.049789,0.246966,0.261598,1.36052,0.458821,0.789904,1
-0.196884,-0.0345358,0.415389,0.0547851,-0.186752,-0.320857,-0.100865,0.131387,0.59885,-0.169876,-0.527613,0.105375,0.638324,0.345795,-0.784657,0.488137,-0.233634,-0.496802,-0.766194,0.141676,-0.30161,0.691664,-0.453936,0.178164,0.110665,0.189268,0.104954,-0.131125,-0.682084,0.293236,-0.695319,-0.296633,0.538143,0.791414,1
0.939963,0.0260317,-0.194004,-0.184316,-0.320142,-0.596691,-0.464951,1.15092,0.316398,0.981177,0.435298,0.500637,0.116053,-0.193372,0.830237,0.476222,0.583619,-0.194626,0.309834,0.387618,-0.352759,-0.193339,0.370878,-0.788874,-0.153732,-0.74805,0.472542,0.130823,0.0803211,-0.1568,-0.0552626,0.139353,0.565947,0.760712,1
0.294025,0.87924,0.147604,0.495057,-0.1067,-0.499759,-0.288386,-0.861145,0.252118,0.410372,0.495737,-0.443924,-1.0062,0.0439375,-0.623706,0.579451,-0.381885,0.942394,0.157883,-0.0428139,-0.709895,0.621433,-0.447315,0.588608,-0.209926,-0.166582,0.349577,0.291332,0.155835,-0.0782972,-0.0800365,-0.855918,0.459897,0.857935,1
-0.188423,0.240345,-0.316562,1.07921,-0.95283,-0.440161,0.49391,0.301981,-0.0681227,-0.81988,0.0160582,-0.0874386,-0.306478,0.161452,0.290569,-0.0831972,0.805878,0.161007,0.223552,0.407267,0.670488,-0.0669102,-0.315474,-0.219532,-0.0797787,-0.488124,-0.514145,0.700324,-0.350634,0.528128,-0.0642828,-0.0822929,0.430069,0.915444,1
-1.07797,0.351446,0.264645,0.151509,-0.107468,-0.558896,0.88709,0.317325,0.0816756,0.144528,0.507573,0.556454,0.961562,-0.0986258,0.411191,-0.212673,-0.458709,-0.610581,0.607324,-1.14641,-0.469082,-0.103676,-1.09566,-0.426053,-0.0125352,0.149251,-0.550428,0.195918,0.658337,-0.406937,-0.246057,0.0562492,0.4934,0.912422,1
0.36279,0.154057,-0.353693,0.465267,1.2727,0.504518,0.0580559,-0.225276,-0.455709,0.679413,0.0438609,0.868937,0.180234,-0.368343,0.871886,0.436179,-0.346753,-1.16734,0.939182,0.926626,0.194204,-0.28845,0.542158,-0.000727328,0.16558,-0.669404,-0.134592,-0.158212,-0.447375,0.104365,-0.223536,-0.438396,0.5489,0.833713,1
-1.03035,0.101881,-0.304027,0.39824,0.291189,0.943931,-0.121281,-0.264229,-0.328171,1.20854,0.197045,-0.577489,-0.772928,-0.263901,-0.618142,0.234232,0.042706,-0.342434,0.215724,0.263521,0.269592,-0.512592,-0.370878,0.189837,-0.502823,-0.196023,-0.100524,0.143469,-0.336006,0.870513,-0.52848,0.407126,0.475875,0.838618,1
-0.87348,0.952642,-0.855065,0.0600733,0.532506,-0.507385,-0.446221,1.23798,0.702779,-0.0912169,0.493496,0.612394,0.241357,-0.826382,1.23056,-0.778903,-0.258158,0.405723,0.147048,0.534561,-0.637517,-0.171793,0.00434851,0.472818,-0.521498,0.0931554,0.196934,-0.629919,0.499324,0.240434,0.045291,-0.227355,0.450415,0.884018,1
0.711818,0.173819,-0.15041,0.650157,0.482154,0.240285,0.18146,0.757512,-0.207339,0.0351407,0.779679,-0.597807,-0.534458,-0.477266,0.0840609,0.159905,1.13242,-0.984371,0.045707,-0.289802,0.364593,0.0558883,0.0341535,-0.542654,-1.3682,-0.212435,0.0182126,0.0824506,-0.122299,0.3602,0.0821453,-0.424237,0.430357,0.919618,1
0.206018,0.26455,-0.506458,1.04034,0.455974,-0.566634,-0.686262,0.109472,-1.04463,0.118609,-0.35641,0.542686,-0.115953,0.0263505,-0.463096,1.00195,0.480443,0.751715,-0.132818,-0.0896206,0.112692,-0.239446,1.03466,-0.179906,0.236131,-0.028209,0.375946,0.665424,-0.358606,-0.248905,-0.0798254,-0.550727,0.519257,0.785141,1
-0.368354,0.15669,-0.210441,0.179642,-0.0616411,0.0998397,-0.423153,0.107012,0.560927,0.193207,0.214414,-0.0571942,-0.183162,0.520206,-0.066596,-0.158434,0.480045,-0.154668,0.337415,-0.270224,0.847834,0.151132,0.209603,-0.137887,-0.906164,-0.586069,-0.138835,-0.683452,0.365689,0.301237,-0.449631,0.00467766,0.539835,0.871628,1
-0.742244,-0.432002,1.12077,-0.29193,0.163116,-0.0639351,-0.301024,0.0883732,0.270724,0.027035,0.730511,0.360364,1.1108,-0.107178,0.0982192,1.33358,0.0259722,0.379979,-0.0838938,-0.561655,-0.0873787,0.398263,-0.446048,-0.285679,0.583875,-0.643166,-0.311087,-0.154543,-0.217886,-0.683208,-0.259599,0.163876,0.52175,0.814803,1
0.58185,-0.321313,0.149096,0.0732528,0.202767,-0.587709,-0.344697,0.0973547,-0.0233885,0.884001,0.370317,0.849555,-0.341396,-0.0325703,0.164941,0.158404,-0.435796,-0.387611,-0.0536597,-0.367094,-0.066199,0.388386,1.21105,-0.128175,0.833787,-0.32416,-0.380483,0.911784,-0.782039,-0.549647,0.263467,0.359504,0.485091,0.906814,1
0.234767,-0.34656,-0.259492,-0.0280161,0.331468,-0.479458,-0.455882,0.427052,0.072511,0.777215,0.354663,-0.274735,-0.562716,0.459741,0.257194,-0.341355,-0.980815,0.0823327,-0.526701,0.0214659,-1.12158,-0.248926,0.623177,0.411987,-0.438388,0.760458,0.0597473,0.039775,-0.0495085,0.765705,0.0431947,0.156816,0.553384,0.813255,1
-0.10993,0.76545,-0.764702,-0.0665599,-0.10623,0.146764,0.464508,0.121848,-0.0455518,0.341423,-0.00684643,-0.461046,0.482724,-0.769162,0.802339,-0.24381,-0.0828228,-0.769624,-0.516298,-1.19026,-0.664424,0.407961,-0.0489117,0.12003,0.923671,0.179993,1.07803,-0.763739,-0.219789,-0.719831,0.360717,0.0879422,0.536796,0.893471,1
0.570692,-0.20524,0.16115,0.66944,-0.624025,0.413583,-0.094624,-0.241419,0.835109,0.910438,0.0202698,0.100812,-0.329673,0.493962,-0.0627598,0.593013,0.206297,0.347501,0.065613,0.649462,0.241914,-0.645052,-0.559358,-0.333158,0.302617,0.0952382,0.967986,-0.00402678,-0.132942,-0.504374,0.726811,0.778351,0.524186,0.928085,1
-0.200208,-0.0629834,0.328442,0.112289,-0.0904098,0.188626,0.741157,-0.362957,0.265045,0.922379,0.261251,-0.241621,-1.11351,-0.0234419,0.244452,0.317358,1.2923,-0.127245,-0.309347,0.924533,-0.434699,-0.418966,-0.427287,0.875193,0.727957,0.0592855,0.164309,-1.16333,-0.489109,0.372532,-0.616721,-0.0125317,0.471359,0.913528,1
-0.0349105,-0.094349,0.0424867,-0.176515,-0.855131,-0.765911,-0.103378,0.0232006,0.267959,-0.367114,0.451182,0.585828,0.0488964,0.0226301,-0.363571,0.703425,0.554487,0.832458,-0.276842,-0.0192136,-0.634996,-0.0217634,-0.669161,0.751786,-0.921831,0.741232,-0.973834,0.116159,-0.0304927,0.672289,-0.0722189,0.314883,0.531195,0.787433,1
0.608407,0.182511,0.59484,-0.354213,0.722378,-0.154474,0.613936,-0.341054,-0.156923,0.187317,0.265362,0.529535,-0.132651,-0.516771,-0.175412,-0.421059,0.152419,-0.305477,0.116406,-0.146158,1.04168,0.794659,-0.213478,0.298385,-0.132594,0.0955988,0.104644,-1.01896,-0.169745,0.24545,0.0298843,0.25105,0.423079,0.875264,1
0.218221,0.137413,0.140169,-1.05657,-0.557598,0.381575,1.01656,-0.0682926,-0.41115,-0.332914,0.0085862,-0.527741,0.590222,1.13468,-0.245257,-0.819427,-0.812027,-0.45456,0.0384651,0.512516,0.578045,0.676542,0.1044,-0.57967,-0.0805024,0.453237,0.798616,0.352785,-0.0865426,0.420644,-0.270922,-0.056094,0.522737,0.77205,1
1.16352,-1.00327,0.18382,-0.161174,0.0645883,-0.248719,-0.553258,-0.34927,-0.0674682,0.264841,-0.240373,0.0125754,0.0983661,0.139439,-0.294179,0.827513,-0.893274,0.36598,0.234569,1.10135,-0.136176,0.43475,1.21417,-0.32758,0.582142,-0.187538,-0.249068,0.711239,0.625741,-0.762565,-0.212953,-0.225834,0.444123,0.771439,1
-0.246938,-0.0112372,-0.702267,-0.148108,0.15893,0.376358,-0.285332,-0.709925,0.734892,0.0788498,-0.146856,-0.241027,0.480533,0.393731,-0.445916,0.739592,-0.419287,-1.22329,-0.560998,-0.916855,0.575441,0.213344,0.0676076,-0.128277,-0.139144,-0.222936,-0.575932,-0.115277,-0.196125,0.670362,0.334395,0.239335,0.536453,0.859556,1
-0.401985,0.517546,-0.63936,0.852823,0.155787,0.675713,-0.312025,-0.0937023,-0.785966,-0.0371921,0.790639,-0.0732273,0.878907,-1.07747,0.530568,0.82407,-0.00182314,-0.117715,-0.068576,0.0312656,0.249514,-1.2438,0.255792,0.8328,0.0476725,0.410081,-0.496315,-0.53521,-0.30867,-0.0263967,-0.648395,-0.184574,0.432464,0.86782,1
-0.703325,-0.592954,-0.254041,-0.574698,-0.0950538,0.138848,-0.633864,-0.127604,-0.978155,-0.622181,0.364522,-0.158993,0.0345408,-0.0277518,-0.28997,-0.534697,-0.27768,0.966471,-0.112626,-0.291184,0.0049949,-0.11938,-0.607926,0.0872183,-1.09014,-0.448754,0.939838,0.0380104,-0.193415,-0.0636412,0.312883,-0.233665,0.537915,0.855738,1
0.189687,0.355362,0.280153,0.248056,0.374019,7.95,0.127796,0.112753,0.279572,0.257663,0.242045,0.13597,0.386025,0.1682,0.310374,0.145372,0.270006,0.272334,0.202531,0.204179,0.281863,0.244586,0.16456,0.346427,0.300967,0.153912,0.211751,0.253133,0.225488,0.189777,0.314399,0.249525,0.52,0.82,1
-0.66381,0.570656,0.25359,0.348635,-0.318716,0.0779089,-0.703034,0.284133,0.0181758,-0.289826,0.406446,0.880893,-0.324888,0.633227,0.513272,-1.61432,1.12297,-0.610982,-0.480313,0.306437,-0.70162,0.0663235,0.782187,-0.491127,-0.352439,-0.740386,0.242647,0.155802,1.15759,-0.692881,-0.0845309,-0.463311,0.473868,0.935595,1
-0.348179,-0.0766353,0.165374,0.604128,0.622838,-0.682841,0.494951,0.0688719,-1.02644,0.268368,-0.206279,0.514514,-0.213982,0.0764234,0.40411,1.25504,0.220468,-0.0392155,0.792777,0.286487,0.160768,-0.340006,1.21966,-0.173449,-0.668017,-0.0809816,0.274492,-0.703008,-0.0568121,0.139554,0.115211,-0.857846,0.469868,0.850152,1
-0.642381,0.106885,0.0465184,-0.67735,-0.203957,-0.108848,0.983924,0.283235,0.457994,0.366923,-0.55663,-0.914457,-0.246055,-0.536972,0.413204,0.379983,-0.2616,0.148598,-0.661486,-0.0231634,-0.33085,0.390243,0.244483,0.118615,0.0496927,0.0284483,1.16559,-0.129337,-0.906938,-0.51286,0.879649,-0.338293,0.439378,0.851705,1
-0.212669,0.194579,-0.397636,-0.619341,-0.258842,-0.790046,0.44425,-0.644317,-1.00787,-0.432745,0.504037,-0.39642,1.08734,0.380421,0.306785,-0.22333,-0.718595,-0.0898205,0.712126,0.0209856,0.468284,0.366322,-0.786386,0.0285007,0.290041,1.10838,-0.369576,0.331335,-0.086074,-0.21055,-0.537793,0.662907,0.44376,0.778493,1
-0.141522,-0.314047,-0.30949,-0.356451,0.696513,-0.427952,-0.399486,0.0838339,-0.179754,0.320364,0.974542,-0.431445,0.237169,0.14347,0.47416,-0.660097,-0.841113,0.421351,0.767014,-0.588829,-0.204704,0.477779,-0.0531332,-0.116203,-0.805681,-0.0757657,-0.664002,0.0136264,-0.686849,-0.294913,-0.138197,0.710932,0.511396,0.82814,1
-0.964133,-0.0567642,0.136668,0.0211201,0.177588,-0.211831,-0.0138414,-1.10042,0.466684,0.060775,-0.234675,-0.449656,-0.233421,0.682605,-0.0173117,0.107256,0.0136259,0.141649,0.282166,0.0904984,-0.411417,-0.161271,0.281524,-0.554281,-0.251305,0.152868,0.0649602,-1.14197,-0.298805,0.24998,0.201888,0.351856,0.475641,0.816832,1
-0.554777,-0.796802,0.0223991,0.477264,-0.0869507,0.0226033,-0.488663,-0.245722,-0.149089,0.58352,0.634742,-0.118689,-0.0671372,0.486916,0.0740953,-0.0803008,0.0526751,0.469896,0.935835,0.251228,-0.294538,0.446913,0.455089,0.139867,-0.552037,0.326951,-0.324542,-0.0731247,0.309215,-0.146786,-0.338032,-0.193833,0.563775,0.933736,1
-0.0352365,0.587699,0.223339,0.445014,-0.630874,-0.0245601,0.368935,0.405709,0.19785,-0.0428181,-0.166726,0.229223,-0.385685,0.379461,-0.84565,1.52658,0.500373,-0.254354,0.436829,-0.0682704,-0.346742,-0.494561,-0.404564,0.782984,-0.53388,-0.138079,-1.20944,0.600463,0.0315482,0.0974509,0.194349,-0.501868,0.435918,0.869629,1
-1.22051,-0.420523,0.766198,0.790857,0.0409481,0.245915,-0.215484,-0.300343,0.503669,1.20089,-0.217206,0.18073,1.11525,0.445586,0.24508,-0.442273,0.901998,0.293982,0.639384,0.469271,-0.373321,-1.23822,0.606183,-0.263479,0.0716804,-0.667259,0.0347935,-0.152473,-0.386008,0.128873,0.149333,0.601898,0.521225,0.824027,1
-0.76879,-0.0931334,0.067468,0.750903,-0.779741,0.96455,0.79175,0.768333,0.100855,0.0882722,0.0494692,-0.702475,-0.435672,-0.355582,-0.23129,-0.145972,0.100986,-0.0369338,-0.117014,-0.119625,0.311745,-0.29784,0.753122,0.658757,-0.360975,0.0840546,-1.38916,-0.470978,0.00631648,-0.294432,0.142178,0.0376281,0.47336,0.912046,1
-0.596552,0.134878,-0.531425,0.285902,0.260546,0.285949,-0.622524,0.565588,-0.294927,-0.0139511,-0.249301,-0.0712366,-0.792692,0.363577,0.012431,0.491575,-0.596225,0.394116,0.233814,-0.262877,-0.112213,0.0148539,0.600324,0.480109,0.212286,-0.00533946,-0.388295,-0.538708,-0.205093,-0.849894,0.678348,-0.0167261,0.522781,0.887069,1
-0.348937,0.185765,-0.589862,-0.569373,0.25798,-0.374582,-0.105929,0.121354,0.405385,0.476746,0.164817,0.427774,0.410875,-0.209791,0.559941,0.0704647,-0.310165,0.756885,-0.402566,0.758822,0.0396022,0.608236,0.214964,-0.0325774,0.51183,0.874578,0.438254,-0.401945,-0.21128,-0.084795,-0.214093,0.0378429,0.448132,0.945337,1
-0.287677,0.5076,-0.931448,0.204048,0.163341,0.101202,-0.0503846,-0.229777,0.080872,0.384234,0.254934,0.421873,-0.265782,0.0481231,-0.324451,-0.609475,0.123875,0.0373329,0.303606,0.742892,0.25064,0.791625,-0.23423,0.292659,-0.619126,0.54182,0.492571,0.329212,0.11308,-0.530053,0.325473,0.108922,0.522674,0.804965,1
-0.713683,0.198363,0.0939473,-0.329923,-0.328627,0.241808,0.437264,-0.168588,-0.464093,-0.257427,-1.54128,0.0592755,0.0465274,-0.254596,0.0172688,0.0889607,-0.553124,0.101012,0.235299,0.0802086,-0.119709,-0.766009,0.193835,-0.982831,0.0499353,-0.404129,0.705071,0.337902,0.150923,-0.965568,0.179017,0.232178,0.540767,0.888777,1
-0.458362,0.562515,0.347892,0.054651,-0.371875,0.247607,-0.51587,0.986538,1.04701,-1.0715,0.490369,0.0977049,-1.15837,0.20707,0.959883,0.124487,1.38996,-0.271817,-0.595345,-0.180468,-0.234643,0.447548,-0.280769,-0.226433,-0.626366,-0.143427,-0.063703,-0.0157272,0.270155,-0.263111,-0.345359,-0.0187228,0.574931,0.885895,1
-0.470767,1.29783,0.0219598,0.270237,-0.431045,-0.135245,-0.181255,1.25915,0.894902,-0.748402,0.200931,0.231375,0.239037,-0.943679,-0.974603,1.33898,-0.447149,0.556144,0.457053,-0.17104,0.117963,-0.0684922,0.652986,0.141461,-0.432304,0.298117,-0.0462191,0.114866,0.86455,-0.0805587,-0.249697,-0.377593,0.515529,0.929517,1
0.720389,0.0102343,-0.141049,0.392529,0.56628,-0.20223,-0.584375,-0.0759888,-0.374162,-0.00112293,-0.824091,-0.560542,0.870475,-0.237744,-0.552137,-0.320647,0.214479,-0.537163,-0.10277,-0.0934861,-0.564589,-0.415054,0.0737848,-0.40224,-0.239412,-0.54453,-0.0971693,0.0166557,-0.226447,0.710763,-0.229657,-0.197624,0.522866,0.855338,1
0.38353,-0.386185,0.256296,-0.680887,-0.0628765,0.321206,0.486272,-0.313808,-0.174301,-0.281316,-0.255998,0.319081,-0.0194808,0.785133,0.312119,0.00647358,-0.0338488,0.390727,0.18244,0.56509,0.381614,-0.43508,-0.567965,-0.193731,0.00862771,-0.699597,-0.00900487,0.74912,-0.376548,0.0713064,0.0742267,-0.490004,0.514296,0.795997,1
0.957776,-0.0442577,-0.356603,-0.0225137,-0.705405,-0.0312541,-0.548026,0.479857,0.198514,0.347155,-0.311564,0.365247,0.28422,-0.0335819,0.246787,0.189739,0.263156,-0.341957,-0.223734,-0.670168,0.256961,0.174525,-0.301443,0.0814073,0.538496,-0.15721,0.205272,-0.828312,-0.494539,0.470849,0.349049,0.345618,0.452115,0.870459,1
-0.330186,1.16916,0.0228379,-0.72968,0.00839231,-0.19681,0.0962739,-0.795785,-0.210019,-0.00126751,0.393669,-0.0809566,-0.406041,0.0209018,-0.0302001,0.663021,0.428493,-0.0747558,0.184998,-0.00569012,-0.572891,-1.19064,0.924631,0.983867,0.256657,0.248386,-0.170892,0.136531,-0.142544,-0.11911,-0.72057,-0.0058133,0.574945,0.94828,1
0.557953,0.500728,0.231805,-0.118454,0.0758457,-0.00874975,-0.264724,0.120972,-0.413618,-0.00918296,0.359181,-0.798626,-1.13257,0.201892,-0.679082,-1.01889,-0.76868,0.694214,0.261448,-0.699757,0.134183,-0.819343,-0.554424,0.371172,-0.49574,0.264938,-0.558966,0.125683,-0.190108,-0.46318,-0.143492,-0.808683,0.458878,0.933614,1
0.690368,-0.433693,0.133956,0.32458,0.314968,0.39913,-0.581307,-0.852622,0.428537,-1.28217,0.320862,0.277273,-0.00553113,-0.0592263,-0.56504,-0.984038,0.112355,-0.561142,0.715051,-0.888697,0.39436,-0.218031,-0.370348,0.672531,0.0834524,-0.117513,-0.177971,0.281276,0.748473,0.0706922,-0.57167,-0.542132,0.480481,0.849983,1
0.0333781,-0.255848,0.345162,-0.636769,-0.660799,0.263809,0.173642,0.538675,0.359209,0.87455,0.436549,0.324375,-0.55274,0.0916067,0.0363349,0.474922,-0.542799,-0.627751,0.152978,-0.416318,-0.323999,-0.156627,-0.994541,0.780641,-0.455206,-0.204222,0.510489,0.0539426,0.17803,0.145057,0.919229,-0.629721,0.573577,0.852224,1
0.241677,-0.390309,-0.171275,0.197793,-0.674235,-0.285336,0.199671,0.106683,-0.61735,-0.218462,0.0167295,-0.791779,-0.375821,-0.275795,0.246042,0.229889,0.332654,0.212574,0.178052,0.426056,0.0538093,-0.0832132,0.0139774,0.0781508,-0.402283,0.307173,-0.882329,0.228916,0.408132,-0.0112144,0.387906,-0.0475816,0.528206,0.841767,1
0.204902,0.352979,0.304826,0.175686,0.386084,7.95,0.26452,0.19567,0.16206,0.160847,0.299108,0.121809,0.277182,0.276719,0.168708,0.340503,0.388847,0.160406,0.144081,0.272102,0.327825,0.316991,0.30446,0.332793,0.140277,0.297296,0.301652,0.309175,0.375343,0.157307,0.103017,0.191042,0.52,0.82,1
0.000472723,0.519437,-0.260769,-0.0608205,-0.817135,0.503617,-0.0931412,-0.0435922,0.452339,-0.0095323,0.504465,0.906683,-0.314728,0.684762,0.336802,-0.725675,-0.551094,-0.689577,0.0331032,0.530296,-0.0497465,0.774924,0.22959,-0.15527,0.399116,0.962159,0.294617,-0.601768,-0.110472,-0.399053,0.279262,0.53368,0.557438,0.782565,1
-0.118661,-0.593791,0.214053,-0.333579,-0.256229,-0.800723,0.948166,0.304365,0.346889,0.310974,0.326908,0.612657,-0.0318875,-0.150771,0.155464,-0.448896,-0.0418541,0.383145,-0.665148,-0.0384121,-0.212234,-0.764893,-0.544371,0.266647,0.838768,-0.0888155,-0.805864,0.0471819,0.0805851,0.16516,0.510393,0.0541274,0.543167,0.941746,1
0.00396891,0.543875,0.79347,0.182389,0.457869,-0.350879,-0.704467,-0.317594,0.679641,-0.0942739,-0.517831,-0.431352,-0.00732697,0.393739,0.516308,0.191371,-0.157198,-0.716388,0.321889,0.493185,-0.474707,-0.48997,-0.922675,1.33418,-0.647338,0.141327,0.139819,0.236547,0.144373,-0.67314,-0.659276,-0.167597,0.553252,0.814775,1
0.36775,0.160187,-0.266855,0.520209,-0.237111,0.839382,-1.3674,-0.858006,0.319568,-0.0260117,-0.974551,-0.492959,1.0317,-0.146445,-0.0561721,0.493506,0.536052,-0.139963,-0.735892,0.0512413,-0.59946,-0.334407,0.698537,0.446734,0.677526,-0.200337,-0.190539,0.341536,-0.106537,-0.459924,0.432522,0.0350888,0.469127,0.771071,1
0.318018,0.415782,-0.376228,-0.92701,-0.295789,-1.41255,-0.479283,-0.0379671,0.420408,-0.163059,-0.752075,0.187225,-0.0309034,0.34942,-0.835869,-0.00739567,-0.0183435,-0.974149,-0.433337,-0.718859,0.0244614,-0.241381,0.424626,0.0241319,0.172808,0.370985,0.0182308,0.559681,-0.501215,0.349459,0.567365,-0.670979,0.577161,0.810771,1
0.380137,-0.0648259,-0.0259761,0.00969637,-0.14207,0.0619207,-0.359672,0.0869935,0.388553,0.193145,0.606936,0.137265,-0.315612,-0.0675322,0.304865,0.205601,-0.43607,0.642113,0.0555442,-0.0142059,-0.365333,-0.0263715,0.870132,0.880934,0.325495,0.682749,0.371247,-0.479331,0.255284,0.430353,-0.745041,0.766806,0.528109,0.820819,1
-0.139177,0.359006,0.726835,0.194411,-0.283549,0.268457,-0.237819,-0.140753,0.448217,-0.279548,-0.78886,0.0213166,0.313377,-0.443857,-0.789788,-0.00128203,-0.0334298,0.165775,0.596618,0.138132,-0.816048,1.15047,0.886823,-0.122924,0.0540874,0.109079,-0.443845,-1.03019,-0.727741,0.483243,0.295093,-0.236399,0.501944,0.873955,1
0.576491,-0.40076,0.697956,1.05696,0.481047,0.221854,-0.120206,0.123661,0.75208,-0.756987,-0.137835,-0.514423,-1.02788,-0.505933,0.939093,0.260344,-0.305285,0.573059,-0.30955,-0.323265,0.0705625,-0.49677,-0.500317,0.187574,-0.719307,0.459249,-0.119441,-0.302536,-0.54517,0.11384,0.324621,-0.160987,0.535264,0.79611,1
0.518426,0.370762,-0.985857,0.00542613,-0.551327,0.993118,0.514566,-0.0641191,-0.824515,0.404015,0.0392977,0.519084,-0.567169,0.56689,-0.0884299,-0.934482,-0.0136046,-1.39366,-1.39696,-0.859846,0.811137,0.325045,0.314123,-0.55564,0.710591,-0.601878,0.117725,0.771998,0.14476,-0.5998,-0.162863,0.34408,0.43565,0.900857,1
0.377086,0.395207,0.39513,0.282552,0.282143,7.95,0.389039,0.128051,0.247218,0.221525,0.361248,0.191405,0.39922,0.217912,0.30083,0.147189,0.227037,0.277074,0.167736,0.342884,0.267214,0.304974,0.319335,0.28141,0.366241,0.307245,0.221088,0.360118,0.148018,0.378734,0.149126,0.149961,0.52,0.82,1
-0.0243622,-0.334322,-0.207129,-0.601452,0.308862,-0.48217,-0.0113501,-0.693288,-0.19117,-0.237796,-0.0835572,-0.448163,-0.0318411,0.436767,0.86179,-0.165041,0.0429027,0.310809,0.0360264,-0.509653,-0.191075,0.568599,-0.0895671,0.0837341,0.721067,-0.598587,-0.704867,-0.281232,-0.56133,-0.762607,0.0200152,0.177754,0.57626,0.893414,1
-0.791146,0.306624,0.312612,-0.164409,-0.338378,0.821949,-0.750492,0.193569,-0.0284026,0.556975,-0.852663,0.218132,0.131258,0.946329,0.447284,0.138429,0.578848,-0.414757,0.123851,0.669907,0.909734,-0.590623,0.826333,-0.587319,-0.352361,-0.15242,0.286716,0.210807,0.0998619,1.21854,0.758958,0.3042,0.520018,0.853551,1
0.571783,-0.56899,-0.00153397,0.0362778,-0.629069,-0.110016,0.214378,-0.211668,0.0622398,1.00645,-0.233747,0.0110206,-0.727229,-0.0209912,-0.530049,0.513958,-0.324697,-0.800833,-0.0566073,-0.680842,-0.173183,-0.404118,-0.752297,0.274635,0.359094,0.166768,-0.0552884,0.258638,-0.479169,-0.474511,-0.184513,0.354006,0.575435,0.928736,1
0.393184,-0.506983,0.0163474,-0.647761,0.342504,0.272816,0.00698715,0.393906,-0.159373,0.0588929,-0.403444,-0.217824,0.186153,0.754395,-0.0757149,-0.151194,-0.773433,0.147212,-0.0531389,-0.53186,0.264435,-0.105996,0.267342,-0.462386,-0.241862,0.371726,0.883151,0.209598,-0.103871,0.311067,0.518778,0.00224142,0.511335,0.825366,1
0.450898,0.233581,0.363779,0.67635,0.722078,-0.607139,0.421748,-0.185599,-0.280802,-0.340154,-0.0322422,-0.14291,0.558657,-0.251897,-0.520145,-0.710304,-0.592638,0.434093,-0.429599,0.587772,0.312845,-0.0990623,0.43914,0.287078,-0.332737,0.283306,-0.490176,-0.6047,0.474111,-0.275984,-0.220151,1.14798,0.421931,0.784191,1
0.412307,0.684567,0.171758,0.577971,0.0987128,-1.01144,-0.0793352,-0.334762,-0.493254,0.200035,1.07443,-0.383979,0.131472,0.231997,-0.0421831,0.786756,-0.274577,-0.558376,-0.622982,-0.407079,0.903786,-0.112687,0.0382158,0.0856049,0.0271036,0.656014,0.413988,-0.177243,-0.22488,0.638377,0.302022,0.357042,0.50666,0.917391,1
-0.17353,0.443299,-0.966321,0.150619,0.63721,0.295052,-0.0969895,-1.17936,-0.501555,-0.234336,-0.698124,-0.0666448,0.273366,-0.60269,1.02022,-0.133871,-0.873036,0.239745,0.148267,0.0649668,0.470192,0.0660021,-0.107985,-0.335966,0.0311473,0.38531,-0.382133,0.24893,-0.626561,-0.186743,0.53846,-0.718373,0.499996,0.949706,1
0.18161,-0.17105,0.295493,0.0485968,0.343591,0.713669,-0.446646,0.719048,0.105442,0.0529386,-0.815819,-0.683005,0.036667,-0.50644,0.250566,-0.663658,-0.387234,-0.56764,1.12508,0.535153,0.0819426,-1.14768,-0.188495,0.0619559,-0.686309,-0.387727,0.142567,-0.0157966,-0.670318,0.0605469,-0.666193,0.0948962,0.513935,0.762613,1
-0.520703,0.51865,0.329083,-0.317968,0.290178,-0.139677,-0.626834,0.55691,0.169069,0.639462,-0.390778,0.492044,0.218309,0.293076,0.0241695,0.373207,-0.762195,-0.599515,0.00144027,0.561535,-0.181589,0.443443,-0.0883665,-1.1282,-0.103163,-0.176976,-0.0177367,-0.0907106,-0.770373,0.175727,-0.173018,0.61615,0.430849,0.86965,1
0.373756,0.271254,0.241724,0.249076,0.139644,7.95,0.293795,0.288622,0.330842,0.328706,0.287854,0.314785,0.229647,0.264232,0.14736,0.136693,0.169389,0.264705,0.13643,0.227882,0.325597,0.250161,0.111767,0.306816,0.351525,0.275928,0.347242,0.14548,0.296099,0.205885,0.157157,0.157171,0.52,0.82,1
0.397514,0.156941,0.357935,0.349013,0.137803,7.95,0.179973,0.191652,0.272399,0.101148,0.373443,0.283386,0.303075,0.335379,0.118158,0.336158,0.140872,0.35404,0.100319,0.176753,0.17231,0.160739,0.361493,0.22473,0.171625,0.36825,0.149454,0.235503,0.173259,0.10964,0.262442,0.30104,0.52,0.82,1
0.392719,0.603358,0.751624,-0.409405,-0.291538,0.715469,-0.0975609,-0.381952,0.00956454,-0.41801,0.189104,0.133129,-0.276406,0.680022,-0.358057,0.599868,0.398979,-0.590354,-0.727748,0.815579,-1.42267,0.479324,0.519316,0.0332829,0.649126,0.700469,0.700807,-0.442406,0.71734,0.251489,-0.441487,0.387517,0.495229,0.823532,1
0.208016,0.160325,-0.16276,0.371756,-0.506905,1.0053,0.684215,0.378145,-0.576675,-0.392709,0.481462,0.336731,-0.138794,-0.864154,0.486081,0.60837,-0.475953,-0.471145,-0.682752,-0.305352,-0.674722,0.299269,-0.420128,0.0655415,-0.0864445,-0.588001,0.881991,-0.778413,1.30893,0.0708976,0.226947,0.379455,0.438836,0.795113,1
0.824685,-0.412546,0.325902,-0.667673,0.229567,0.925717,0.891012,0.492737,0.0852686,0.347535,0.511397,0.0797991,-0.0859591,-0.434302,-0.0892618,-0.357571,-1.25635,-0.626148,0.146265,-0.131261,0.209003,-0.682404,-0.258341,1.21701,-0.354785,0.246214,-0.101963,0.697085,0.0284597,-0.710106,0.0259121,-0.113335,0.561364,0.852772,1
0.416135,-0.648728,0.0683903,0.463184,0.618395,-0.86736,0.186588,0.0966496,-0.950777,1.17508,-0.499249,-0.467227,0.836279,-0.286687,-0.0199261,1.09225,0.239817,0.491198,-0.199947,-0.0949459,-0.0997542,-0.521744,0.409436,0.672971,-0.0110486,0.608052,-0.244514,0.0661011,0.00771753,-0.674213,-0.611897,0.110018,0.483665,0.918991,1
0.0976065,0.086974,0.434896,-0.711159,0.276212,-0.737781,-0.220946,-0.577699,-0.772424,-0.492216,0.119642,-0.452501,0.777194,-0.816127,0.393092,-0.578224,0.718799,0.0944244,0.0498189,0.0662499,-0.19873,-0.346787,-0.0519823,0.544399,-0.494174,0.913547,-0.330438,0.0882448,-1.05072,0.0374071,0.305345,-0.166972,0.493807,0.869262,1
0.522219,-0.0687313,-0.685198,-0.66326,-0.112868,0.954028,-0.377237,-0.62426,-0.47125,-0.540986,-0.0547544,0.669793,0.266075,0.141872,-0.159416,0.055193,0.349678,0.340826,0.770331,0.132626,-0.497497,-0.0337157,-0.343276,-1.03517,-0.324648,-0.719567,-0.242251,0.431064,-0.569154,0.712081,0.452677,0.513616,0.508627,0.803467,1
0.0148765,-0.181676,-0.502313,-0.37867,-0.0435647,0.649638,-0.573854,-0.40379,0.503013,-0.649158,-0.79031,-0.339981,-0.527415,0.287075,0.702359,-1.1517,-0.360094,-0.422437,0.139426,-0.0534601,0.00986786,-0.499346,-0.405252,-0.360269,-0.408848,0.357788,-0.308853,-0.654058,0.126222,-0.611793,-0.174099,0.160043,0.52451,0.844503,1
0.0132907,-0.0458381,0.176545,-1.16374,0.44561,0.307122,0.122079,-0.015335,0.551009,-0.606952,-0.433658,-0.59738,-0.0874067,0.367335,0.0126934,-0.890314,1.27834,-0.324559,0.144041,0.806068,-0.644656,-0.124416,-0.615016,-0.191403,-0.345518,0.635063,-0.247039,-0.584143,-0.16941,-0.586716,0.121201,0.25889,0.477949,0.795747,1
0.0168625,-0.245658,0.15796,-0.0561751,-0.0394963,-0.700824,-0.706211,0.306005,-0.654174,-0.51067,-0.216084,-0.167088,0.678117,-0.391897,-0.741547,-0.679519,-0.449769,-0.219183,-0.147944,0.596328,0.466088,-0.744957,-0.219372,-0.0123014,0.0439125,0.676349,0.790637,0.58877,0.55886,-0.502653,-0.546384,0.561452,0.544482,0.929662,1
-1.0321,-0.25318,0.768901,0.280774,0.0946942,-0.985857,0.20432,-0.618581,-0.232992,0.190582,0.137425,0.914371,0.955306,0.583,-0.712006,-0.136936,-0.99945,-0.0887872,-0.38673,0.159581,-0.759615,0.260423,0.108049,-0.167712,0.123242,-0.19737,0.970486,0.923112,-0.0195567,0.613179,0.093024,0.137077,0.430357,0.897653,1
-0.148143,0.649292,-0.0373663,-0.649417,-0.216501,0.765075,-0.177754,0.382782,-0.17219,0.539963,0.320231,0.318112,-0.338125,-0.953544,-0.755467,0.352898,0.753131,-0.150401,0.0636961,0.472507,0.418185,0.279054,0.454308,0.231368,0.163965,-0.785359,-0.224327,-0.0229241,0.0929007,-0.723486,-0.0422084,0.358577,0.43188,0.940633,1
0.250621,0.372589,0.370819,0.137269,0.370411,7.95,0.230563,0.210399,0.143482,0.174163,0.291599,0.126388,0.111656,0.148912,0.394726,0.337664,0.136511,0.331417,0.113492,0.139986,0.315808,0.340754,0.122665,0.371721,0.231576,0.112882,0.150053,0.144616,0.128414,0.274247,0.319057,0.142381,0.52,0.82,1
0.736153,-0.816006,-1.37481,-0.0409475,-0.150303,0.506397,-1.34335,-0.406811,0.259397,0.318159,0.607321,0.147252,-0.0321157,-0.227923,-0.670556,-0.847706,-0.226869,0.249789,-0.199572,0.322137,0.118728,0.916855,0.370778,-0.256584,0.34744,-0.498816,-0.467236,0.247624,-0.65438,-0.160158,-0.398934,0.219525,0.547378,0.863527,1
-0.17229,-0.655791,0.533878,-0.00821816,0.1224,-0.0820115,0.0502977,0.337813,-0.085266,0.363889,1.28938,-0.283072,0.0719448,0.706383,-0.568719,0.118766,0.202133,-0.92351,-0.983625,-0.473247,0.708076,-0.224083,-0.15707,-0.213501,-0.495592,0.0875824,-0.157609,0.427621,0.915144,0.124393,-0.836739,-0.682944,0.525657,0.821322,1
-0.334228,-0.304131,-0.37577,-0.81036,-0.247891,-0.0206854,0.0496605,-0.376458,-0.140317,0.020788,-0.609772,0.584895,0.6025,-0.220496,-0.995673,0.313352,-0.217284,0.366772,0.239133,-0.271031,-0.135305,0.646988,0.0491544,0.270621,-0.319585,0.20896,0.302006,-0.607977,0.557725,0.510255,0.504934,-0.212969,0.459305,0.897373,1
-0.321055,0.067309,0.475043,0.0126162,0.30951,0.0161024,-0.990521,0.186563,-0.937526,0.527141,0.419706,-0.971864,-0.615864,0.313432,0.0498859,-0.138444,-0.0275747,0.343994,-0.487667,-1.05521,-0.717865,0.384025,0.0588077,0.543442,0.0436026,0.19185,0.122974,0.866796,0.336541,-0.760448,-0.598205,0.0201848,0.433147,0.878177,1
-0.173092,-0.232928,-0.430638,0.691445,-0.0203164,-0.228122,0.147813,0.42276,-0.32755,1.19058,-0.0252515,-0.0661664,0.331912,0.819908,-0.9871,-0.0550576,-0.00369128,-0.39755,-0.40479,0.519155,0.196249,-0.193563,-0.91125,-0.207941,0.322817,-0.658163,1.06042,0.922107,0.664483,0.680614,0.305293,-0.0733078,0.536517,0.782462,1
-1.01379,0.932901,-0.3487,0.130012,-0.326187,-1.00791,0.499751,0.29537,-0.998813,0.0182864,0.178526,0.0423873,-0.18591,0.324675,-0.480771,-0.146835,0.267403,0.905665,-0.0929057,0.56802,0.414318,-0.213668,0.46714,0.180568,0.114926,0.688511,-0.507839,0.0250632,1.1867,0.183628,0.830118,0.23826,0.456624,0.947559,1
0.367685,0.767595,-0.282256,0.591435,-0.864205,-0.378866,-0.439084,0.203043,-0.395998,-0.0184011,-0.546297,0.536197,0.16453,0.115856,0.133913,-0.243498,0.293167,-0.722544,-0.019745,-0.602643,-0.404649,0.015901,0.388316,-0.0624557,0.431208,0.626497,0.31598,-0.473179,0.360347,-0.999251,-0.593722,0.0234796,0.478951,0.941738,1
0.0445848,0.138368,-0.46818,-0.406032,0.805098,0.331253,-0.693523,0.218622,0.0818023,-1.13799,-0.560754,-0.0111791,0.264542,-0.262682,0.825412,0.964939,-0.016259,0.472191,-1.44613,0.64615,-0.517434,-0.201097,-0.0697351,-0.140603,-0.354196,-0.15081,0.637541,-0.343231,-0.563553,-0.43971,-1.04448,0.618267,0.431666,0.825141,1
-0.298279,-0.301688,0.360741,0.63404,-0.0124181,-0.193072,0.900682,-0.514965,0.424312,-0.397448,-0.00597268,-0.776125,-0.478769,0.0141951,0.455913,0.50214,0.5408,0.539076,-0.488611,-0.688624,-0.464313,-0.257183,-0.0457503,0.151723,0.155401,-1.09594,-0.486615,0.14718,-0.518655,0.209677,0.162741,1.35707,0.577474,0.897925,1
-0.496364,-0.039161,-0.262915,-0.197315,0.339891,-0.910666,-0.48859,-0.256136,0.233214,-0.808736,-0.876825,-0.860466,-0.400263,-0.978062,1.11465,0.454317,-0.754963,-0.0282744,-0.258148,0.53304,-0.293312,0.282444,-0.912988,0.410724,0.0955959,-0.147147,0.630829,0.307454,-0.415663,-0.274666,0.709047,0.347427,0.429571,0.854638,1
1.14549,0.52913,0.341619,0.149314,-0.364153,-0.820554,0.414839,-0.54052,0.60868,0.237419,0.149253,-0.165799,0.0149806,-0.146658,-0.000436146,-0.669156,-0.394905,-0.689417,0.463131,0.0677286,-1.20387,0.144883,-0.246283,-0.217826,-0.0252523,-0.111086,0.499759,-0.0227698,-0.159073,0.621153,-0.210685,0.0747099,0.517215,0.84941,1
0.0715186,0.303105,0.776354,0.21163,0.13761,0.0994836,0.640684,0.367322,-0.0116006,-0.177993,0.513487,0.347571,0.471161,0.112062,0.363045,-0.737419,-0.754951,-0.332589,0.637587,-0.0660928,0.412544,0.923993,-0.217204,-0.241091,-0.0190326,-0.867826,-0.494711,-0.417819,-1.12503,-0.0407228,-0.872241,0.598665,0.5033,0.917228,1
0.0598503,0.272119,0.604161,-0.850734,0.0382307,0.0890657,-0.130677,-0.378735,-0.701512,-0.48244,0.462699,-0.245475,-1.37987,0.310819,-0.542168,-0.100825,-0.199987,-0.415527,-1.18326,0.322604,-0.328114,0.67126,0.0857608,-0.774492,0.214559,0.144025,0.65767,0.296501,-0.831684,0.0920463,-0.254367,-0.175285,0.502724,0.945634,1
0.278105,0.105594,0.794858,0.475997,0.00644342,0.0238215,-0.367173,0.123267,-0.527267,-0.783786,-0.841455,0.628052,-0.0453259,-0.85118,0.0235387,-0.695531,-0.52398,-0.115969,0.429546,-0.171989,-0.17163,1.7452,-0.172152,-0.457503,0.118892,-0.658599,0.302963,-0.377884,-0.212795,-0.238719,0.0178884,-0.323676,0.577407,0.832208,1
-0.39082,0.167894,-0.822074,-0.992389,-0.22048,-0.0672029,-0.360735,0.3169,0.180096,-0.404427,-0.285207,0.160351,-0.311394,-0.381286,-0.283096,-0.342522,0.196848,-0.0134006,-0.297988,0.778135,0.763578,-0.927826,0.330562,0.33738,-0.0287559,-0.597208,-0.62795,0.639999,-0.567802,0.0903045,-0.0688055,-0.655608,0.445968,0.919097,1
0.674903,0.141291,-0.184977,-0.096035,1.57398,-0.391004,-0.183782,-0.583237,-0.493469,0.414173,-0.102185,0.155086,0.798505,-0.275834,-0.164277,-0.452935,-1.08272,0.153366,0.390142,1.13282,-1.14463,0.0911315,0.515147,-0.469595,-0.360972,-0.668521,-0.111838,0.13119,-0.0984759,-0.845702,-0.627732,-0.229296,0.495032,0.822737,1
0.493022,0.80895,-0.2276,-0.0960222,-0.158706,-0.375331,0.199617,-0.226615,0.184303,-0.0407811,-0.64295,-0.25701,-0.0199241,-0.0119596,1.05651,0.633376,0.49067,-0.548853,0.447687,-0.853806,0.600975,0.422439,-0.229579,0.180508,0.322718,0.0655733,0.523859,-0.705776,-0.123102,-0.400139,0.390345,-0.46972,0.569244,0.89473,1
-0.409173,-0.323744,0.0398042,-0.240612,-0.413322,-0.149331,0.143942,0.870986,0.671099,0.0105592,0.34071,-0.75703,-0.312051,0.425622,0.177775,-0.372688,0.515268,-0.506868,0.157015,-0.182234,-1.3744,-0.0224108,0.900487,-0.384799,-0.774384,-0.0513941,0.0285703,0.137128,0.573317,-0.154839,0.576879,-0.197747,0.553292,0.874389,1
-0.935617,0.185409,0.0636837,-1.25632,-0.124575,-0.0677187,0.723757,0.473902,0.354802,-0.906705,-0.644382,0.0834308,-0.385674,1.05633,0.520913,0.00143826,0.529899,0.0014974,0.443719,-0.405664,0.566449,-0.319405,0.0453654,0.665329,0.318234,0.108956,-0.563638,0.270662,0.393668,-0.41913,0.551637,0.147851,0.515847,0.918791,1
-0.251843,1.01096,-0.563561,-0.138633,0.269461,0.20513,0.277422,0.773571,-0.538261,0.191126,-0.110206,0.162871,-0.708506,1.00823,0.0249502,0.546564,0.503387,0.204228,-0.660541,0.28234,0.151048,-0.149502,-0.234406,-0.022541,0.204122,-0.447007,0.056625,-0.0152554,0.109521,0.445742,-0.765451,-0.443289,0.57551,0.87906,1
0.0562611,0.205516,0.476772,-0.453113,0.513457,-0.39947,-0.356353,0.278204,-0.138201,-0.499885,0.195901,0.251109,-0.117273,-0.599859,-0.23463,-0.987115,0.141193,0.216365,0.574267,-0.531074,-0.647229,-0.517775,-0.654899,0.659559,0.402921,0.189536,1.25015,-0.239446,0.513749,0.346352,-0.512573,0.291771,0.547246,0.924423,1
0.691309,-0.467002,-0.0182638,0.666235,0.260423,-0.112459,0.307507,0.827784,-0.284899,0.173634,-0.233218,0.0904398,-0.11169,-0.355511,-0.487834,0.178828,-0.269089,-0.250583,-0.116563,-0.167095,-0.188213,0.388644,0.0569279,-0.935894,-0.39193,-0.28021,0.049482,0.769552,-0.289496,0.15139,0.165335,-0.161388,0.445129,0.828508,1
0.598651,-0.373078,0.659819,-0.114439,-0.420307,0.260915,-0.417067,0.437346,1.08901,-0.00309315,-0.0352257,-0.633418,-0.0733268,-0.193773,0.000681918,-0.352117,-0.370827,1.14252,0.465257,-0.54626,0.556861,0.755935,-0.458896,-0.00403858,-0.424888,-0.0172825,0.172374,-0.141842,0.175498,0.315543,0.298423,0.161829,0.564919,0.855748,1
-0.305994,-0.753421,0.142268,0.34155,-0.376736,0.866232,0.411619,0.444766,-0.279611,0.443239,-0.407525,0.33655,-0.0935315,0.590729,-0.186944,-0.388146,0.311036,0.231949,0.221611,-0.664024,0.166686,-0.0733425,0.93878,-0.462603,0.695058,-0.781885,-0.123318,-0.630597,0.356845,-0.284884,-0.622891,0.0512284,0.450496,0.830069,1
-0.00140688,0.195655,1.22644,-0.213969,0.572128,0.354285,-0.123443,-0.463967,-0.415637,-0.644031,-0.218097,0.533133,0.0326898,-0.644877,-0.111552,0.611345,-0.088771,-0.487097,0.0750281,0.216705,-0.582285,0.15788,-0.173133,0.812305,0.0896004,-0.886128,-0.306194,-0.492512,0.136873,-0.397304,-0.251877,-0.3585,0.468359,0.861371,1
-0.0454941,-0.559521,1.2163,0.109163,0.772797,0.521859,-0.78208,0.12883,0.419583,0.0034499,-0.126136,0.507989,-0.0663728,0.384019,-0.155832,0.187554,-0.212504,0.553581,0.552517,-0.664486,0.0336117,1.25559,-0.239254,0.247105,-0.353672,0.391914,0.224178,0.305797,-0.303458,0.763631,-0.342444,0.417653,0.469625,0.914775,1
-0.708929,1.2498,-0.376369,-0.482273,0.475331,-0.632501,0.150927,0.525413,0.279038,0.268939,0.857876,-0.835048,-0.496071,0.295456,0.351331,0.159855,-0.397958,1.29078,0.729843,-0.0766188,0.320223,-1.04488,0.314246,-0.698972,-0.0443553,0.100254,0.125558,-0.374992,0.675251,0.137302,0.615368,0.315192,0.537559,0.924086,1
0.172088,-0.958886,-1.09916,-0.55939,-0.577743,0.338377,0.348427,-0.460576,0.449413,-0.645954,-0.880824,0.458774,-0.146982,-0.801768,-0.648843,-0.509804,0.246519,0.498368,0.0958013,0.134892,0.0796707,0.216715,0.232443,-0.481667,0.272854,0.529363,0.360176,-0.449419,0.244357,-0.0298438,-0.0847607,-0.518146,0.458298,0.846404,1
0.272204,0.099158,-0.132435,-0.108601,0.538547,0.00424336,-0.128265,-0.898417,-0.391919,-0.594581,0.0190989,0.158085,0.696803,-0.700614,1.0635,0.177067,-0.131542,-0.0254816,0.291965,0.998942,0.773806,-0.269269,-0.169059,-0.337539,0.528437,-0.279508,0.598549,0.452772,-0.0187467,-0.581847,0.0548606,0.142577,0.56954,0.888968,1
-0.584579,0.350542,-0.573827,1.36265,0.730964,0.235591,-0.443553,0.641131,0.709615,0.162501,1.10809,-0.93475,0.786097,0.0407711,0.341608,0.919463,-0.868636,-0.84969,0.648756,0.235743,-0.700325,0.14755,-0.421007,-0.712997,0.939743,-0.0729518,-0.267087,0.0505839,0.786436,-0.38427,0.216256,-1.07432,0.424419,0.885235,1
-1.60738,-0.0822599,-0.117124,0.5998,-0.0718772,-0.956327,-0.317581,0.751507,0.416413,0.816421,0.117926,-1.13163,-0.732048,0.0496963,-0.0354511,-0.00393088,-0.316428,-0.00483007,-0.31264,0.102544,0.385658,0.168049,0.54181,-0.378302,-0.691032,-0.41276,0.41348,0.722321,0.177184,-0.19297,1.19432,-0.307003,0.559367,0.840119,1
-0.902338,0.848324,0.638839,0.233407,0.403979,0.89017,-0.725019,-0.49098,-0.0812672,0.424753,1.0775,-0.0598114,-0.0295435,-0.55976,-0.520765,-0.0637551,-0.111019,-0.633036,-0.194505,0.332844,0.425707,-0.687303,-0.706501,-0.224963,0.657237,-0.0173524,0.174048,-0.504941,-0.131867,0.112965,0.750102,-0.386532,0.549184,0.926046,1
-0.0547446,0.0148564,0.546431,0.176911,-0.057988,0.232408,0.686413,0.682244,0.216963,-0.117371,-1.06188,0.439374,-0.292865,-0.819465,-0.0157475,-0.594171,-0.119753,0.188777,-0.69475,-0.539611,0.263449,-0.162379,-0.0594056,-0.395841,-0.626183,0.228149,-0.463614,-1.07629,-0.346512,0.470154,-0.370139,0.11641,0.548777,0.801431,1
-0.0633938,0.43033,-0.792569,-0.133586,-0.464947,-0.142168,0.580654,-0.0398836,-0.0902866,-0.208265,-0.37686,-0.894626,0.559382,0.247972,-1.03142,-0.633713,-0.510834,-0.565905,-0.259316,-0.318666,-0.319576,0.476269,-0.835564,-0.26412,0.137983,-0.33566,-0.225184,-0.4813,0.186814,-0.0523157,-0.583116,1.02872,0.483224,0.77488,1
-0.144196,0.339878,-0.0335251,0.458941,-0.739705,-1.03132,-0.343633,-0.0308849,0.654334,0.234621,-0.342683,-0.425319,-0.175693,-0.450015,-0.355528,0.219546,-0.86824,0.634948,0.143478,-0.569173,0.920159,-0.570665,0.0392342,-0.316989,-0.170882,-0.00118507,-0.203593,0.231739,-0.436426,1.24834,0.232349,0.155361,0.491635,0.812956,1
-0.421691,-0.0371376,-0.782354,-0.241409,-0.688897,0.387333,0.0409717,0.0174437,0.0175822,-0.421065,0.545653,0.00759659,-0.0243004,0.567585,-0.0916912,0.211441,-0.191952,0.372602,0.581634,1.02036,-0.244714,-0.125507,0.110696,0.15596,-0.964241,-0.392541,0.202868,-0.0508767,-1.03055,0.730708,-1.62735,-0.495583,0.422546,0.896042,1
0.421782,-0.631447,-0.541127,0.117264,-0.108751,-0.118277,-0.0403222,-0.0743546,-0.49579,-0.353014,0.0770294,0.132958,0.523058,0.0734371,-0.201803,0.981329,0.0995545,0.280119,0.571747,-0.28146,-0.032793,-0.240589,-0.69571,-0.916855,0.0501298,-0.295339,-0.60784,-0.463038,-0.326914,0.279791,-0.1034,-0.459368,0.540328,0.860491,1
-0.425507,0.487643,-0.481936,-0.490118,-0.651293,0.842912,0.872405,-0.807694,0.0960931,0.15412,0.313397,0.450194,-0.342189,-0.00139868,0.747904,0.231934,-1.31677,0.340379,-0.0808044,0.3541,-0.792584,0.127992,-0.834311,-0.405783,-0.130673,-0.0888006,0.24404,-0.693825,-0.784096,0.644033,-0.0172417,0.5615,0.531798,0.787316,1
-0.0462231,0.336998,0.319256,-0.404512,0.284248,0.277227,-0.300208,0.17769,0.73163,0.170209,0.172963,-0.345623,0.706744,0.306464,0.325201,0.791655,-0.212084,-0.62328,-0.323995,0.288685,0.577634,0.551574,-0.310882,-0.244529,0.154814,0.398193,0.0297809,-0.234244,0.105797,0.333535,0.631665,0.461491,0.42267,0.833457,1
-0.197033,0.471762,-0.275412,-0.281241,0.256396,0.836925,1.11542,-0.0643222,-0.303631,0.312689,-0.455396,-0.848387,0.927286,0.45596,0.336297,0.44747,-0.523321,0.649877,0.759377,-0.403538,0.341951,0.319771,-0.297451,-0.34045,-0.386782,-0.0731791,-0.110321,0.145472,-0.365594,-0.372661,1.1846,-0.380576,0.56577,0.85263,1
0.160947,-0.752941,0.309629,-0.081475,1.34438,-0.735647,-0.12924,-0.167006,-0.521668,-0.529477,0.31466,0.5124,-0.139996,-0.215107,-0.172145,-0.0974935,0.316945,0.172163,0.262319,-0.224089,0.0693198,0.473372,0.314086,-0.515965,-0.145959,0.0487063,-0.127127,-0.931202,0.0871202,-0.3402,0.896649,0.136706,0.535431,0.877262,1
0.230137,-0.389747,-0.496156,-0.856739,0.389939,0.337528,0.427591,-1.15312,0.533129,1.06099,0.192793,0.37953,0.234308,-0.414377,-0.86881,-0.127124,-0.0197453,0.202268,0.28843,0.0616565,0.110972,0.244621,0.289778,0.52635,0.0741263,-0.710881,-0.305228,-0.21485,0.0838675,-0.112004,-0.0904032,0.293255,0.447012,0.898626,1
-0.114721,0.0709994,0.830448,-0.437508,-0.634573,0.252802,0.453566,-1.08926,0.409201,-0.571076,0.0173307,-0.294928,0.105893,0.0275307,0.225487,-0.598713,-0.662723,-0.141588,-0.575958,0.910817,-0.668454,0.113424,-0.437746,0.313669,0.261607,-0.628812,0.428046,-0.520285,0.115805,-0.233498,-0.298357,0.462256,0.559237,0.801834,1
0.140994,0.394072,0.138432,0.229778,0.28478,7.95,0.316734,0.399142,0.368252,0.306181,0.15276,0.322609,0.156321,0.276036,0.101377,0.329452,0.224952,0.198141,0.26843,0.101691,0.161777,0.216041,0.397192,0.113735,0.286745,0.27697,0.25236,0.153487,0.350338,0.1843,0.244377,0.120617,0.52,0.82,1
0.222143,-0.568005,0.605587,-0.217764,0.202676,0.559187,-0.0738988,-0.221187,0.223256,-0.0949299,0.180731,0.537977,-0.215908,0.800129,0.012302,0.853721,0.162217,0.122915,-0.232133,0.303919,-0.873585,-0.933021,0.0449789,-0.150887,0.05879,-0.173629,-0.511687,-0.0223541,-0.103088,-0.407066,1.26915,0.0554328,0.485649,0.927148,1
0.0644062,-0.450146,-0.0291323,0.34651,-0.293551,-0.209189,0.156616,0.0565119,0.112485,0.138256,0.0122174,-0.101253,0.724586,0.458812,-0.159464,0.123996,-0.522627,-0.0164953,0.968203,-0.477513,-0.152895,0.0897006,-0.331921,-0.933022,-0.564585,-0.841465,1.14693,0.093743,-0.37958,0.120115,-0.300767,-0.466474,0.423098,0.841719,1
0.518894,-0.619175,0.677964,0.726393,-0.150715,0.49278,0.857771,-0.594547,-0.727943,-1.17363,0.43714,-0.544389,-0.0124528,0.170329,1.09404,-0.213606,0.155058,-0.322379,0.434377,-0.253207,0.624693,0.0746369,0.0794117,0.3855,0.0530601,-0.394177,0.0306648,0.449358,-0.468232,0.533982,-0.127335,-0.347331,0.49067,0.822736,1
-0.276373,-0.370319,-0.0359172,-0.373968,0.21724,0.248281,0.209026,0.0389898,-0.149776,-0.169928,-0.136783,-0.5161,-0.309247,0.550149,0.30389,0.00405354,-0.384741,-0.366788,-0.952067,-0.56006,0.83767,-0.0889817,0.426567,0.125098,-0.198247,-0.231472,-1.04423,-0.187577,0.0461909,0.375098,-0.615568,-1.23644,0.542274,0.76928,1
-0.6759,0.392342,-0.209418,0.053508,-0.0458924,-0.344791,-0.340698,-0.079548,-0.271076,0.534602,0.0333599,0.841389,0.383635,0.44123,-0.231328,-0.0981084,-0.085871,0.986684,-0.473359,-0.0594506,-0.0107325,-0.496859,0.0714606,0.245831,0.853706,0.014468,-0.877175,-0.276747,-0.118997,0.805355,0.271977,-0.0620981,0.51148,0.80176,1
0.72246,0.0450712,0.293404,0.921558,0.0519704,-0.310538,-0.645682,-0.132144,-0.0162443,-0.433619,-0.129908,0.731377,-0.934529,0.430785,0.140689,-0.519447,-0.314606,-0.703757,-0.377299,0.460581,0.185832,-0.114739,-0.271946,0.375959,0.375213,0.589523,0.16114,0.396407,0.567571,-0.246571,0.939896,0.329011,0.478087,0.762918,1
0.0212573,0.821487,0.130235,0.872808,0.22814,0.0336916,-0.723633,0.0599569,-0.879795,0.1084,0.57285,0.231761,0.205834,-0.463885,0.142775,-0.000872096,0.385438,0.834057,0.769204,0.285655,0.294641,0.651659,0.555075,-0.503491,0.162477,-0.0758528,-0.831038,0.465946,0.0756876,-0.541265,-0.697499,-0.0464822,0.546077,0.800761,1
0.406178,-0.262388,0.812339,-0.0319651,-0.1513,0.547725,-0.0875458,-0.616443,-0.323237,-0.872968,0.00811698,-0.908863,0.408557,0.195623,0.639749,0.0573095,0.257927,-0.344269,0.934891,-0.317857,0.290603,-0.570241,0.0841131,0.498735,-1.22104,-0.133875,0.80361,-0.485301,0.0485012,0.252681,0.321212,0.0501988,0.426562,0.771874,1
-0.470184,-0.0603117,-0.819135,0.506247,-0.083464,0.183446,0.376585,-0.49034,-0.306525,-0.140449,0.444166,-0.280342,0.818311,0.184954,-0.575069,-0.185672,-0.515644,0.0156708,0.493117,-0.558066,0.783742,0.651833,-1.03527,-0.492603,0.371433,1.25972,0.422929,-0.188737,0.422584,0.296912,0.222547,0.464057,0.460862,0.890083,1
0.222663,-0.337076,-0.584195,0.86775,0.0941654,0.571396,-0.109998,-0.336611,-0.0848638,-0.102923,-0.33284,-0.539997,0.928957,0.234094,-0.299504,-0.509034,-0.563082,-0.0943155,-0.145854,-0.631542,-0.632897,-0.0704067,0.629399,-0.748317,-0.160805,-0.00147704,0.954926,1.02176,-0.113426,-0.0587088,-0.380705,-0.261731,0.462629,0.852371,1
0.120497,0.70393,-0.299749,0.262115,0.0383842,-0.0428003,-0.0196527,0.187751,0.131964,-0.0658702,0.411278,0.070882,-0.234894,-0.0258861,-0.286636,-0.331938,0.817323,0.473597,0.416629,-0.667698,0.358669,0.383787,0.361459,-0.25913,-0.296726,-0.350919,-0.167911,-0.415521,-0.207024,-0.0463625,-0.440842,-0.599017,0.512329,0.804643,1
0.284275,-0.427195,-0.457596,0.739464,-0.139427,0.115308,-0.0321798,-0.888053,-1.19431,-0.295748,-0.278433,0.907774,-0.129685,-0.0833954,0.660559,-0.631293,-0.503371,0.462111,-0.0846647,0.0113652,0.0355141,0.298056,0.0259723,-0.0832866,0.391976,-0.047718,-0.176747,0.467098,-0.574785,-0.211941,-0.663481,0.142765,0.555826,0.839961,1
-0.300793,0.148461,-0.360134,0.167983,-0.941562,0.683343,0.581255,0.52201,0.00310948,0.784852,0.341915,-0.125437,-0.311862,0.0988915,-1.16849,0.14278,0.335717,0.104498,0.499842,0.482796,0.332127,-0.643555,0.287387,0.0843847,-0.588955,0.486726,-0.031314,0.117417,-0.735363,0.134156,0.473671,0.0130825,0.515994,0.835722,1
-0.163109,0.136726,0.233838,0.608567,-0.1573,-0.285617,-0.172356,0.787757,-0.347053,0.248157,-0.517674,-0.200725,0.303556,-0.489159,0.189671,-0.19294,0.360293,-0.876,-0.146847,-0.668768,-0.0412973,0.0460239,-0.546291,0.576513,-0.254688,-0.787182,-0.622534,-0.159935,-0.766155,0.0497797,-0.228369,0.527621,0.445033,0.942121,1
-0.0392383,0.984039,-0.310955,-0.326479,-0.178284,-0.893015,-0.271037,-0.219319,-0.284144,0.602293,0.115084,-0.440127,-0.434262,-0.408293,-0.375013,-0.753105,1.36183,-0.132367,0.564056,-0.388553,-0.122533,-0.625271,0.433817,-0.628151,-0.512695,0.926169,-0.266617,-0.595149,-0.424613,0.0559936,0.0841559,-0.900898,0.451482,0.860383,1
0.0779546,0.58021,1.20036,0.327511,-0.300646,-1.46191,-0.438754,-0.466222,0.219934,-0.991256,-0.322657,0.167843,0.115256,-0.131948,0.59929,-0.72078,-1.01176,0.411126,-0.280669,0.0946937,-0.722097,0.417237,0.0936819,-0.106734,-0.095657,-0.0351462,-0.764312,-0.00331941,-0.368051,0.0252528,-1.14198,0.227261,0.48171,0.873984,1
1.35486,0.67365,-0.264592,-0.184131,1.17078,0.537431,-1.02237,0.290562,0.205152,0.674479,-0.473764,0.330859,0.144704,0.242471,-0.120901,0.298835,-0.236665,-0.419962,0.639391,0.197631,-0.352224,-0.460156,0.458962,0.240232,-0.784097,-0.141232,-0.345842,0.355111,-0.17625,0.101653,-0.419997,0.68763,0.50237,0.786213,1
-0.70234,0.718069,0.0365833,0.4618,0.214032,0.389003,0.413029,1.01427,-0.179817,0.899849,-0.21542,-0.303927,0.154574,0.00227586,-0.48899,0.250312,0.783517,-0.300869,-1.15384,0.211087,-0.0785087,-1.00533,0.597454,0.00630188,0.247775,-0.0339986,-0.176266,0.216777,0.516766,0.0129374,-0.109758,-0.495285,0.56461,0.830854,1
0.356205,1.05279,-0.5192,-0.0794552,-0.400784,-0.151868,-1.32231,-0.503721,-0.748101,0.80201,-0.422947,0.0498405,0.761575,0.100669,-0.11955,-0.0550633,-0.353653,0.231224,1.20043,-0.414692,0.346654,0.687592,1.14174,-0.544769,0.514022,-0.300421,-0.323316,-0.384406,-0.27051,0.107153,0.320177,-0.175938,0.477942,0.854185,1
0.6161,0.626162,-0.429423,0.0687181,-0.31378,-1.31921,-0.314906,0.33787,-0.34889,-0.96829,-0.685339,-0.355792,0.596165,-0.0584802,0.57026,-0.396796,0.0900781,1.15717,0.561776,0.550315,-0.319276,-0.199261,0.609665,0.37432,0.282769,-0.447722,0.193352,0.174659,0.0518798,0.317616,-0.263477,0.622055,0.527564,0.907386,1
0.683321,-0.265973,-0.0374181,-1.28926,0.174059,-0.639958,0.53092,0.631616,0.173271,-0.132374,-0.19497,0.0377598,0.255486,-0.174586,-0.326569,0.134909,0.189699,0.656186,0.350638,0.094281,-0.0496839,0.563679,-0.143661,0.0274802,-0.419911,0.176195,-0.301905,0.540978,-0.96183,-0.780218,-0.0010353,0.247579,0.549439,0.901579,1
-0.492161,0.531134,0.854002,-0.563772,-0.360991,-0.59205,0.624305,0.0516284,0.695494,-0.372583,0.179232,-0.111292,-0.374646,-0.32286,0.0944626,-0.893944,-0.288711,-0.0355908,-0.504903,0.358091,-0.879022,-0.15003,0.844113,0.464021,-0.202733,-0.49566,-0.706264,-0.030505,0.387431,0.0951076,-0.493331,0.523924,0.470029,0.867943,1
0.878176,-0.0665243,-0.0910621,0.27441,0.0695444,0.233396,0.501253,0.293951,0.133245,-0.346545,0.167753,-0.0316006,-0.423338,-0.313774,0.71137,1.88101,-0.559346,-0.280887,0.211457,0.393095,-0.345373,-0.216707,0.504551,0.14597,0.313535,-0.0189912,0.400504,0.11487,0.840139,-1.33714,-1.11828,-0.264893,0.487183,0.805336,1
0.32186,0.342757,-1.03359,1.06965,0.13909,1.0641,0.456504,0.146035,0.427077,0.0985145,0.540433,0.0608634,1.51292,0.438675,0.180208,-0.634962,-0.610294,-0.0739747,-0.220726,0.116963,0.136359,-0.321875,0.859611,-1.25159,-0.717156,-0.102851,0.257201,-0.211777,0.237992,-0.354147,-0.0413564,-0.495182,0.549159,0.91941,1
0.773289,0.0655939,0.0641796,-0.912414,-0.392666,-0.0900965,0.467103,-0.444282,-0.194854,0.705467,-0.113788,-0.0384591,-0.814552,-0.21571,-0.69356,0.381504,-0.0737609,-0.664288,-1.15222,-0.363344,-0.690414,-0.156596,-0.842089,0.0504244,0.474847,0.0343138,0.307948,0.431422,0.622616,-0.541758,0.231903,-0.240711,0.564079,0.940239,1
-0.175461,0.0914102,0.0598891,0.0599507,-0.57969,0.102609,0.446901,-0.334669,0.0210368,0.432321,-0.33957,0.211633,-0.207475,-0.310353,0.146518,0.309769,0.29043,-0.875347,-0.481846,0.303402,-0.14444,-0.193415,-0.886657,0.604193,-0.200914,-0.43034,-0.612111,0.147079,0.787608,-0.898063,-0.0438048,-0.351827,0.554124,0.938209,1
-1.25284,-0.0352713,0.379849,-0.0212345,-0.197455,-0.0442271,0.714659,-0.382575,-0.607097,-0.313402,0.0797065,1.35563,0.449148,-0.361156,0.181087,0.670617,0.276989,0.27609,-0.764375,-0.129699,-0.364227,0.09705,0.155885,-0.476358,0.107416,-0.0434056,0.0468825,-0.898648,-0.434418,-0.100026,0.743207,0.449457,0.486769,0.873013,1
-0.310166,0.101584,0.25874,0.283354,0.336991,-0.291474,0.166352,1.27398,-1.30701,-0.410564,0.0891107,0.129278,-0.266067,-0.390088,0.466412,-0.757375,0.399945,-0.683003,-0.169128,0.127667,0.100515,-0.314767,-0.509506,0.142216,0.0505854,0.589468,-0.387859,0.10408,0.647557,0.757846,-0.255534,-0.208419,0.459268,0.894481,1
-0.58573,-0.166547,0.666764,0.439891,-0.464298,0.0044325,-0.53646,0.807026,0.33272,0.00953058,-0.223694,-0.410861,-0.583896,0.133731,0.801269,0.432223,-0.433607,-0.748182,0.0504766,0.677388,-0.199992,-0.0720795,0.274494,0.379238,-0.130342,1.09086,0.246191,-0.149049,-0.687849,-0.439669,0.117492,-0.525934,0.560629,0.913543,1
-0.736766,-0.0091934,-0.583438,0.775716,0.257766,0.00660875,-0.120464,0.474541,-0.691018,-0.622898,0.324427,0.0959429,-0.47714,-0.168569,-0.647972,-0.804946,-0.191067,0.421362,0.437142,0.529783,0.828452,-0.491057,0.398373,-0.267312,-0.047572,-0.185249,-0.787485,-0.338418,-0.334834,0.0269529,0.481276,0.0796985,0.466464,0.916095,1
-1.55394,0.181161,-0.342164,-0.227947,-0.207779,-0.830825,0.037898,0.73053,-0.377579,-0.25561,-0.363355,0.41887,-0.0470265,-0.0363789,0.246694,0.18268,0.296814,-0.672676,-0.190443,-0.548119,0.61441,-0.172891,-0.745506,-0.0862287,0.00828305,0.0333724,-0.60418,0.307623,0.727265,0.0726566,-0.171112,0.259754,0.487541,0.881663,1
0.132808,0.304736,-0.398906,0.814028,0.885444,0.12319,0.047145,0.029922,-0.563647,-0.576954,0.187332,0.523007,-0.253045,-0.0468784,0.583358,0.175681,-0.150031,-0.0936198,0.863971,0.241888,0.484966,-0.353774,0.171857,-0.179342,-0.515121,0.808564,-1.00281,0.290481,-0.878696,0.0385811,0.691912,0.63721,0.565334,0.780558,1
0.116949,-0.0993251,-0.0727705,0.559223,-0.586216,0.269916,0.27632,0.382731,-0.0108013,-0.00722014,-0.621166,-0.131773,0.778099,1.1154,0.0245648,-0.0756248,-1.19288,0.0312103,-0.260363,-0.39349,0.044174,0.072413,0.113046,-0.594643,-0.776972,0.553894,-0.642068,0.479783,0.691242,-0.397691,-0.782123,0.0407125,0.514487,0.766066,1
-0.243205,0.580479,-0.272699,-0.0615628,0.563622,0.166459,-0.181712,-0.617626,-0.480105,-0.162414,0.55495,-0.824239,-0.659468,-0.292278,0.0347193,0.606106,0.641752,0.993535,0.530701,0.136115,0.427621,-0.500331,-0.724618,0.0592605,-0.0875802,-0.352121,-0.195078,0.966084,0.812749,-0.132296,0.322396,0.357379,0.545313,0.839697,1
-0.501869,-0.492719,-0.366437,0.201419,-0.436039,0.445577,-0.363748,-0.210553,-0.0467291,0.323512,-0.827179,0.596318,0.617384,-0.267185,-0.460486,0.35388,0.319989,0.426339,0.208218,0.109597,0.0518467,0.032015,0.155926,-0.451216,0.101189,0.122388,0.208507,0.543875,-0.438773,0.455991,-0.630984,0.0664774,0.431375,0.946539,1
-0.0204759,0.124542,1.00878,0.123332,0.529761,0.382091,0.164009,-0.681094,-0.0429166,0.0605951,-0.197447,-0.403623,-0.0901118,0.72366,0.0506242,-0.241867,-0.555955,-0.959199,-0.16928,-0.676761,0.190652,-0.669021,-0.622652,0.0826224,-0.20488,-0.0186989,0.807173,-0.266213,0.2163,-0.39403,0.890702,-0.194365,0.446187,0.807767,1
0.960756,-0.241577,0.130591,0.507143,1.66543,-0.215829,0.170641,0.449536,-0.01459,-0.25881,-0.338385,-0.453693,-0.380561,-0.355728,0.272835,0.524887,-0.878148,0.136137,0.232104,-0.0266007,-0.111479,0.0814193,-0.663619,0.112927,-1.04406,0.831945,-0.647736,0.935623,-0.634612,0.754256,0.00723947,1.22756,0.544512,0.876633,1
0.972508,-0.356983,-0.133058,0.245502,0.498176,-0.101545,-0.439947,-0.403455,0.178406,0.875127,0.923832,0.961661,0.396506,-0.226119,0.190377,0.641779,-0.269546,-0.378956,-0.210128,-0.638998,0.0373973,-0.720479,0.475221,0.0366015,-0.559026,0.190868,-0.104389,-0.596732,0.234682,-0.698424,-0.0933228,-0.970689,0.425116,0.767328,1
0.712804,-0.0112591,0.511886,-0.250405,-0.637159,-0.132944,-0.64118,1.47248,-0.622552,0.46999,-0.466507,-0.378175,0.0742151,0.914414,-0.407034,-0.659034,0.201216,0.0478928,0.0681272,-0.0990564,0.453181,0.0370055,-0.927612,1.22928,0.275923,-0.525484,0.723213,0.539385,-0.644497,-0.146775,-0.195735,0.606183,0.457224,0.87178,1
-0.581826,0.0019884,0.335479,0.296689,-0.337782,-0.157005,-0.469069,-0.151953,0.237284,0.1412,-0.1822,-0.197191,-0.750501,-0.547761,0.00213635,-0.369258,0.379369,-0.682149,0.113461,0.157935,-0.598476,-0.386111,-0.196109,-0.0630271,0.543861,0.250256,-0.0320566,0.440331,-0.348343,-0.62391,0.0904737,0.42988,0.434873,0.847726,1
0.367573,0.0299462,-0.374774,0.282365,0.120001,0.0464002,0.402476,1.04202,0.250207,-0.500338,-1.32307,-0.178898,-0.0947923,0.796116,-0.358575,0.117766,0.0656719,0.956827,0.332758,0.152652,0.316864,-0.0656514,0.160951,-0.150093,-0.0410432,-0.835646,-0.500321,0.203674,-0.429579,-0.000845208,0.359691,-0.568636,0.506608,0.779147,1
0.774455,0.99833,-0.676509,0.222393,0.350042,0.434482,-0.496808,-0.342365,0.439306,-0.0173756,0.582949,-0.0524516,0.00471122,0.345851,1.08234,-0.125792,0.0063867,-1.17054,-0.653745,0.0193648,0.481661,-1.00062,0.429554,1.52134,1.169,-0.801443,-0.2528,-0.00506307,-0.898501,-0.385832,-0.0406895,-0.226724,0.472392,0.78345,1
-0.183739,-0.0461662,-0.951371,-0.174045,0.535876,0.553019,1.31136,-0.315398,-0.238404,-0.5647,-0.872891,0.241028,0.0514793,0.326228,-0.36437,0.0463766,-0.420276,0.302215,-0.295644,0.251049,0.626908,0.275183,-0.0571148,-0.151377,-0.241339,0.541055,0.135739,0.474745,-0.368453,0.370019,0.379323,-0.188369,0.502168,0.825256,1
-0.418202,0.114869,-0.561041,-0.468212,-0.24353,-0.554418,0.888304,0.566634,0.0416559,-0.645593,0.28196,0.672833,-0.381962,0.267535,-0.711924,-0.0561775,-0.387706,-0.0717035,0.120737,-0.211039,0.0328233,-0.0812883,-0.0811349,-0.746131,1.06332,0.213366,-0.0294144,0.429668,0.370831,0.431907,-0.0366508,0.817551,0.478571,0.786723,1
0.877414,-0.275164,-0.35575,-0.250009,-0.0839797,-0.0787964,0.46164,-0.461626,0.631202,-0.201641,0.271453,-0.891706,0.136782,-0.173709,-0.726594,0.680622,-0.24321,0.386663,-0.462926,0.209318,-0.39016,-0.0103877,0.47303,-0.1522,-0.222171,0.53944,-0.851234,0.0186047,-0.764196,-0.244425,0.705328,0.485553,0.532456,0.934836,1
0.0242845,-0.330715,-0.386889,0.368385,-0.14756,0.653048,-0.267537,-0.415042,-0.285249,0.234456,-0.320123,0.0601894,0.714343,0.182785,-0.541407,-0.312497,0.0855677,-0.141284,-0.548151,0.614786,0.363046,-0.0824308,-0.0795842,0.306808,-0.226392,0.0133349,-0.414079,0.322291,0.212086,-0.332988,0.373149,-0.527243,0.504785,0.947214,1
0.39784,-0.699046,-0.977678,-0.34747,-0.392122,0.846928,0.270678,-0.168243,0.409428,0.267263,-0.0309662,-0.295967,0.0966024,0.404299,0.551989,-0.208921,-0.130575,-0.0145279,-0.115376,0.209768,0.429502,-0.0012691,0.233695,0.698376,0.857046,-0.0368035,0.358654,-0.414928,0.0524259,-0.617296,0.370958,0.504539,0.49942,0.938418,1
0.716862,0.307372,-0.694883,-0.02295,0.592134,0.435797,0.288793,-0.251479,-0.333222,0.0197059,-0.147359,-0.430716,-0.237856,-1.13199,-0.477058,-0.403482,0.166489,-0.097437,-0.361823,-0.197429,-0.215644,0.55564,0.318821,0.0195793,-0.8111,-0.625542,-0.570724,-0.903764,0.659676,-0.25227,0.487209,0.688406,0.499761,0.774135,1
0.890946,0.815251,0.194513,0.314924,0.0235226,0.137503,0.265793,0.0964428,0.167233,0.0526271,0.0783928,0.719794,0.940661,-0.245654,-0.593434,0.114785,-0.362195,0.303255,0.383474,-0.487094,0.367104,-0.72864,-0.506516,-0.817502,-0.506558,-0.310509,-0.0347319,-0.251,-0.193957,-0.667503,0.33695,-0.137612,0.541736,0.798958,1
0.244945,0.138417,0.205909,0.309947,0.292542,7.95,0.353524,0.226732,0.338789,0.254788,0.395424,0.253182,0.379526,0.158823,0.36444,0.393556,0.327133,0.123593,0.153467,0.113334,0.320541,0.284169,0.119176,0.280322,0.350901,0.173152,0.246434,0.322909,0.345661,0.11155,0.313077,0.200032,0.52,0.82,1
0.167049,0.372239,-1.10518,-0.636448,0.08605,-0.0773984,-0.560856,0.656776,0.0313063,-0.496562,0.158899,0.37696,-0.670095,-0.537341,0.35143,-0.558012,-0.178422,0.217764,-1.18218,-0.181649,-0.696061,-0.520138,0.309186,-0.267764,-0.483396,0.0863083,-0.390394,0.10399,-0.534504,-0.40925,0.841538,0.314535,0.545083,0.83777,1
-0.119044,-0.464968,-0.210508,-0.102262,0.176361,0.0865711,-0.0920503,0.343872,-0.232413,-0.184788,0.57868,-0.0447781,-0.536863,0.690154,-0.339929,-0.840533,-0.24027,-0.569956,0.400336,-0.269318,-0.314238,-0.415458,-0.153998,-1.07124,0.0351268,-0.164587,-0.6818,-0.370841,-0.987258,-0.101433,-0.0175574,1.09194,0.530297,0.916871,1
0.0146707,0.702987,0.0513751,-0.707107,0.192803,-1.20058,-0.719719,-0.397081,0.590868,-0.589285,-0.745185,0.294143,0.319662,-0.418024,-0.289704,0.461761,0.336522,0.766346,0.00666613,0.634658,-0.615164,-0.146462,-0.792074,-0.468181,-0.385675,0.0705254,0.487169,-0.0290245,0.128816,-0.0729917,0.840861,-0.640507,0.490549,0.838233,1
-0.0530769,-0.197574,-0.851631,-0.44947,0.169708,0.34593,-0.0684549,0.2179,0.281953,0.327929,0.159574,-0.161511,-0.72693,-0.55012,-0.466036,0.264219,0.383259,0.347755,0.535677,-0.113571,-0.93736,-1.34189,-0.457862,-0.664506,0.118265,-0.0277849,-0.0400978,-0.232157,-0.169726,-0.405104,-0.234676,-0.200266,0.434703,0.881462,1
-0.0262564,-0.689877,0.549452,-0.0443083,-0.57093,-0.158574,-0.578214,0.480643,-0.0705402,0.380441,-0.0276511,-0.180997,0.318531,0.119232,0.00979647,0.921274,-0.728513,-0.164192,0.566304,-0.504991,-0.00746562,-0.643657,-0.202285,-0.458599,0.201819,0.292949,-0.175906,0.627367,0.435273,0.537192,0.179862,0.122535,0.561423,0.870407,1
-0.574511,0.178368,1.08449,0.148629,-0.0559572,0.251227,-0.440167,0.218191,-0.559992,0.529579,0.270506,-0.261406,1.2489,0.108602,-0.26396,0.590935,-0.722564,0.116464,0.141355,0.642568,0.379405,-0.231359,-0.118962,-0.269203,-0.183741,-0.356935,1.7059,-0.260298,0.438433,-0.207174,-0.181566,0.325976,0.449466,0.862221,1
-0.830348,-0.409922,-0.193846,0.412491,-0.32533,-0.613252,0.585431,0.747169,-0.975688,0.616111,0.411184,-0.0610849,0.20959,0.736058,-0.181917,0.0507142,-0.519669,0.561225,0.0999268,0.527086,0.642583,0.0162374,0.03845,0.154503,0.0244869,-0.42128,0.649758,0.636685,-0.136959,0.523562,-0.687067,1.10362,0.451866,0.843339,1
0.103632,-0.115921,0.328642,0.497759,0.200849,0.117694,0.819742,-0.220912,-0.103446,-0.354178,0.922896,0.0868832,0.174112,-0.188241,-0.024137,-0.165538,0.112526,-0.0875814,0.105789,0.440448,-0.354942,-0.398271,0.0700142,-0.293611,0.448905,-1.09647,0.446914,0.128689,0.0817907,-0.606996,0.736232,-0.169035,0.441047,0.84887,1
0.321764,0.244882,0.341483,0.138148,0.236711,7.95,0.25747,0.189859,0.286891,0.303087,0.183006,0.106494,0.219154,0.289103,0.2443,0.257507,0.182732,0.333297,0.361018,0.162099,0.364194,0.231899,0.287675,0.386366,0.207228,0.234247,0.280291,0.342563,0.125569,0.391758,0.191605,0.234857,0.52,0.82,1
0.52939,-0.0657639,-0.525161,-1.03495,-0.988203,-0.223018,0.719698,-0.0870445,0.172185,0.291945,-1.2121,-0.136131,0.174769,0.37884,-0.907307,0.314678,-0.229101,-0.553923,-0.171559,-1.1543,0.254645,0.249771,0.0987859,-0.687758,0.643636,-0.58384,-0.634078,0.469234,0.194724,-0.353049,-0.0483677,-0.201756,0.491183,0.92286,1
0.936417,-1.01985,0.00725259,0.260105,-0.323642,0.736811,0.340939,0.582183,-0.393122,0.249511,0.120357,-0.835776,-0.0114531,0.170518,0.717234,-0.21851,-0.0624336,0.62083,-0.552906,-0.0762035,0.806169,0.141632,-0.211135,0.0671531,0.292746,0.215341,-0.376486,-0.419633,0.495895,0.182058,-0.00760998,-0.640889,0.533105,0.785471,1
-0.1896,-0.498671,-0.0815436,0.81795,0.693328,-0.370754,0.909936,0.678518,-0.532455,0.708542,-0.0337285,-0.202478,0.707835,-0.889637,-0.351498,0.0195351,-0.289696,0.934845,0.211452,0.833509,0.285547,-0.799065,-0.749255,0.125555,0.371363,0.078203,0.414277,-1.4999,-0.241821,-0.536586,-0.0763649,-0.040379,0.465366,0.814475,1
-0.546069,0.171295,-0.246602,-0.0882087,0.563179,0.513648,0.106443,-0.188837,0.0402479,-0.637755,-0.679666,-0.0651793,0.136315,0.622307,0.0230987,-0.323763,-0.683624,0.331133,0.474539,-0.283141,0.0434965,-0.177011,-0.318876,-0.0361882,-0.170966,0.401986,-0.186445,0.186699,-0.0686326,-0.360278,-0.699105,0.326239,0.558848,0.858007,1
0.277947,-0.507567,0.313366,-0.303744,0.0316917,0.97431,1.08399,0.340904,-0.320075,0.60751,-0.180338,-1.18878,0.430141,0.975854,-1.4177,-0.346995,-0.594483,-0.0649394,0.324759,0.261509,0.10153,0.205301,0.128239,-0.231166,-0.644671,-0.235525,0.641084,-0.487563,-0.391809,0.302076,-0.524891,1.37965,0.463552,0.766898,1
-0.410806,0.265113,0.26592,0.624084,-0.761942,0.492822,0.0171428,0.351901,0.904453,0.222537,-0.0648069,0.518321,0.167193,-0.992959,-0.036026,-0.664361,0.216439,0.0934723,-0.444841,-0.185687,0.923127,-0.131576,0.463546,0.351997,0.0376708,-1.16644,-0.47061,-0.047434,0.247845,0.310682,0.342109,-0.473843,0.483137,0.910346,1
-0.40066,-0.640901,1.35981,0.110397,-0.700569,-0.413922,-0.0824301,-0.543499,0.0395144,-0.0502511,-0.587907,-0.317135,0.00606105,0.376875,-0.0564439,-0.0796045,0.36065,-0.816638,-0.57714,-0.202929,-0.126227,0.0345431,0.854881,-0.0365456,-0.553118,1.65826,0.00911997,-0.337836,0.434574,-0.308252,0.421862,0.510897,0.458524,0.81848,1
-0.805448,-0.300541,-0.205205,-0.392995,-0.499737,0.315483,-0.793223,-0.51185,0.490941,0.219533,-0.327711,0.398981,-0.780542,-0.356197,0.223448,-0.358473,-1.24897,0.0356925,-0.647598,0.913116,-0.0721877,0.54101,-0.213473,0.484251,-0.644899,-0.241382,-1.03359,0.659104,-0.200467,0.603099,0.789303,0.380566,0.501061,0.923828,1
0.491203,-0.456281,0.225173,-1.38847,0.846496,-0.456673,0.145144,-0.0730544,0.400894,0.673962,0.519143,0.214776,0.514267,0.315528,0.0719644,-1.00847,-0.139497,0.0457021,-0.66484,0.815188,-0.352157,0.19058,0.479234,-0.677611,-0.0470877,0.483038,0.0100875,0.0446626,1.16928,-0.33746,0.219469,0.52677,0.498066,0.884513,1
0.293712,-0.395283,0.151108,-0.169014,0.0589358,-0.448176,-0.162148,-0.467088,-0.64601,0.50497,-0.0899343,0.0198406,0.520953,-1.44157,0.759258,-0.260079,0.808264,-0.0862244,0.461907,-0.466058,-0.272544,-0.684141,-0.607353,-0.00799733,-1.23735,0.0875369,0.211048,-0.128918,-0.553969,-0.13216,-0.103469,-0.364471,0.46328,0.93063,1
0.0260209,-0.113815,0.230533,0.684264,0.0306009,-0.633035,0.270009,-0.00399043,-0.5498,0.0758336,0.523252,0.412811,-0.258515,-0.403531,-0.245816,-0.880691,1.13679,0.0394083,0.640706,0.285102,2.04245,0.429837,-0.129153,-0.240263,0.237367,-0.00170472,0.125799,0.612783,-0.457646,1.24415,-1.09508,0.41252,0.422342,0.899545,1
-0.8661,0.0135984,0.356141,-0.475579,0.0553955,0.264844,-0.411578,-0.441321,-0.89873,-0.24907,0.942486,-0.309736,0.407619,0.407826,1.04621,-0.278382,-0.892394,-0.636084,0.330485,0.179007,0.128759,0.43042,0.441689,0.605708,-0.430753,-0.11902,0.679582,-0.260555,-0.0765226,-0.439027,0.00768648,-0.277497,0.530505,0.827003,1
-0.948073,-0.676108,0.829919,-0.773403,0.596833,0.353392,0.417179,-0.228462,-0.828739,0.130986,0.257712,-0.120804,-0.76875,0.0828271,-0.363268,0.315828,0.0535276,0.116847,0.573885,-0.402883,-0.233934,0.503538,-0.525022,0.798531,0.223642,0.480939,0.745752,0.474904,-0.395887,0.216675,0.0199003,-0.578208,0.56431,0.792339,1
-0.205463,-0.215615,0.86549,0.815934,-0.145122,0.138709,0.676151,0.615366,0.133437,-0.297288,0.811491,-0.122215,-0.56899,0.349636,-0.986399,1.06071,-0.803717,0.792036,-0.326003,0.828683,-1.29243,-0.244672,-0.524506,0.628585,-0.321057,0.675082,0.224503,-0.204441,0.387027,0.889538,0.292726,0.913583,0.438149,0.897003,1
0.0668355,0.171789,-0.105557,0.465947,-0.5277,-1.1298,-0.331807,0.542009,-0.135302,-0.159005,0.432942,-0.262266,-0.203474,-0.201091,-0.811987,-0.527888,0.426183,-0.46268,0.0981897,1.38557,-0.0376596,0.426842,0.101775,-0.126932,0.380839,0.61633,-0.0887054,0.248177,0.636707,0.315786,0.327919,-0.184836,0.515131,0.915118,1
-0.877263,0.420111,0.206914,0.784612,0.496275,0.299264,-0.160751,-0.344379,0.503164,-0.0997512,-0.568809,-0.0629796,-0.223099,-0.551606,0.305352,0.542614,-0.884646,0.352229,0.137242,0.797505,-0.255604,0.469241,0.308876,-0.294769,0.165668,-0.558908,-0.53141,0.409531,0.824556,0.0191656,-1.00937,-0.585474,0.550899,0.76542,1
-0.175527,0.430701,0.990548,0.499188,0.645304,0.00104511,0.150524,0.298303,-0.0352418,0.360114,0.342165,-0.0534659,-0.828417,-0.948148,-0.160297,0.765583,-0.371872,-0.929509,-0.503799,-0.0511887,-0.0915109,0.728712,0.955613,-0.191692,0.679098,-1.67499,-0.6377,-0.327431,-0.102257,0.614359,-0.377967,-0.708633,0.425623,0.948875,1
0.243886,-0.965647,0.367344,-0.348349,0.239427,-0.779655,0.330985,-0.0218539,-0.876433,-0.32112,0.00963341,0.300348,0.270207,0.834732,0.843448,0.257471,0.164914,0.455813,-0.228808,0.399104,-0.989335,0.352343,-0.107344,0.477784,0.829798,-0.463013,0.00782047,0.345248,0.266606,-0.614011,-0.189085,-1.04133,0.478581,0.902786,1
0.200902,0.555414,-0.0779528,0.00519457,0.268547,0.0385602,-0.456366,0.652798,-0.107025,-0.465636,-0.865559,0.164656,-0.547278,0.0256452,0.257732,0.195648,0.0642086,-0.917117,-0.575867,0.216584,-0.300297,0.125899,-0.0980493,1.22442,0.549205,0.624463,-0.302812,0.454486,-0.901215,-0.23356,-0.0065346,-0.398772,0.546155,0.83168,1
-1.05194,-0.0389582,0.401415,-0.135903,0.107483,0.489744,0.315228,0.765851,0.731736,-0.192314,-0.682257,0.353233,-0.0689637,-0.46073,-0.297591,-0.409404,-0.0142625,0.190246,0.426008,-0.578448,-0.135736,-0.663504,-0.167449,-0.46895,-0.51188,0.466706,0.13862,-0.0124339,-0.177735,0.342821,0.160232,0.332654,0.506417,0.808794,1
-0.26343,0.742614,0.171059,0.751102,0.512955,0.0575068,-0.671558,0.426717,-0.306672,0.427689,0.90954,-0.338286,-0.063851,-0.596934,0.170967,1.0597,0.1126,-0.0582664,-0.168004,0.0181661,-0.26695,0.59242,0.545919,-0.478187,0.430603,0.298617,0.714669,-0.246292,0.132495,0.399904,-0.312412,-0.274562,0.446512,0.772467,1
0.125955,0.39952,0.23465,0.359559,0.386367,7.95,0.236189,0.222117,0.112789,0.288024,0.12052,0.100924,0.165215,0.195941,0.253834,0.181959,0.226978,0.25108,0.279528,0.272578,0.347623,0.185923,0.154103,0.247418,0.217073,0.32404,0.214965,0.105559,0.124661,0.180501,0.222218,0.277945,0.52,0.82,1
0.0696845,-0.0287902,1.06318,-0.169558,0.248013,0.680794,0.897415,-0.181325,0.584121,-0.270388,0.0102439,0.233107,0.153989,0.285839,0.299792,0.000832207,0.847476,-0.945952,-0.617423,-0.226317,-0.177817,0.246401,0.0829428,-0.423793,-0.791144,-0.0658217,-0.191443,-1.01823,-0.101849,-0.489592,-0.163161,-0.326173,0.561303,0.790846,1
-0.220657,0.168327,-1.16029,-0.332883,0.0406238,0.531663,-0.451615,0.357366,-0.698209,0.242416,0.527064,-0.44267,-0.400602,-0.461884,0.262311,0.046986,-0.927665,-0.754106,0.0439798,0.221784,0.625918,0.472082,0.567379,-0.457433,0.285199,0.70945,-0.72822,-0.160642,-0.65211,-0.939208,-0.280551,-0.218844,0.490089,0.826594,1
0.136497,0.394024,-0.0300077,0.109751,-0.308894,-0.371416,-0.430852,0.331095,-0.452143,0.884153,-0.00463952,-0.509077,-0.516421,-0.421235,0.142636,-0.955954,-0.186193,-0.622033,0.971673,-0.0887302,-0.66965,-0.14868,-0.461201,-0.5837,-0.961037,0.123258,-0.169456,-0.686757,-0.266538,0.586487,0.254847,0.496147,0.452658,0.833319,1
-0.230165,-0.580124,1.29755,0.644138,-0.175285,-1.10186,0.377954,-0.608108,-0.548288,-0.140019,1.08441,-0.172925,0.378538,-0.195795,-0.497358,-0.590674,0.0445298,0.782262,-0.169096,0.166428,-0.0645632,0.555471,-0.961121,0.684667,-0.00482157,-0.106282,-0.106463,0.26386,-0.0634763,-0.152209,0.106589,-0.665876,0.547416,0.814945,1
0.334862,-0.470773,-0.807461,0.260921,-1.01523,0.0902652,0.394068,0.816548,-0.00381594,-0.115311,0.387961,0.0590516,-0.236625,0.639036,0.222807,-0.25147,-0.361944,1.26739,-0.111945,-0.26383,0.582299,-0.16491,0.433044,-0.219847,-0.0671043,-0.494425,0.0843861,-0.466437,-1.16434,-0.345512,-0.389427,-0.0766595,0.427861,0.938564,1
-0.373722,0.0311935,0.480538,0.0491271,0.494703,-0.38924,-0.63943,0.203215,0.945362,-1.16649,0.0188203,-0.037379,0.187089,0.212852,0.898386,-0.475424,0.404215,-0.235019,-0.205314,0.235487,0.303037,-0.0158176,-0.190266,0.35465,-0.247535,-0.724107,-0.554796,0.381317,-0.230328,-0.188975,0.367017,0.137875,0.538445,0.840875,1
0.670865,-0.674953,0.080156,-0.497099,0.264203,1.08381,0.878902,0.881017,-0.615512,0.47967,-0.405564,0.367869,0.636351,0.408131,-0.496822,-0.184325,-0.320489,0.0892625,-0.249293,0.128945,-0.864706,-0.160416,0.100739,0.413985,0.280023,-0.112848,0.0511193,0.0215276,-0.653367,0.0382604,0.125432,-0.141824,0.543659,0.79586,1
0.356134,0.553734,-0.0104599,0.64408,-0.0253384,-0.412263,-0.679269,-0.516496,-0.349879,-0.347838,-0.201969,-1.12986,-0.442614,-0.0989275,0.332846,0.193342,-0.483781,-0.174783,-0.890413,0.0434302,0.0538623,0.0293151,-0.00942162,0.235858,-0.740523,0.133516,0.696209,1.1063,-0.0179761,-0.0963762,0.122115,0.652403,0.510748,0.808785,1
-0.317496,0.380294,0.527324,0.123893,-0.106942,-0.184274,0.690316,0.614407,-0.633328,-0.406691,-0.725375,0.676717,0.356385,-0.808723,-0.139551,-0.247589,0.42972,0.611161,0.604245,-0.180589,0.478135,-0.090436,0.185797,-0.120819,-0.344444,0.430775,0.679126,0.0611237,-0.79551,-0.514363,-1.02651,-0.814487,0.571382,0.842926,1
-0.526153,-0.362437,-0.329185,0.0981804,0.226657,0.951408,0.596198,0.679543,-0.0685388,-0.327601,0.0968557,0.641977,0.351121,-0.151111,-0.495249,0.349867,0.291354,-0.169849,-0.435731,-0.530696,-0.536852,-0.463431,1.13807,0.557104,0.684478,0.36218,-0.403577,-0.247956,-0.150815,-0.176038,0.24571,-0.693676,0.545591,0.867189,1
0.13679,0.136873,-0.334454,-0.0423009,-0.416069,0.566819,-0.0170302,-0.762079,-0.85916,-0.154884,0.499514,-1.31809,0.55691,0.473402,0.211894,-0.220673,0.44681,0.00717218,-0.310712,-0.197107,-0.067485,0.208385,-0.0874296,-0.758375,-0.440103,-0.112903,-0.444825,0.898528,0.495287,-0.633041,-0.392239,-0.76895,0.555273,0.769961,1
-0.737511,-0.162922,0.612955,0.291764,0.223614,-0.725723,-0.817307,-0.0723496,-0.00538801,0.260665,0.53296,0.807619,0.949668,-0.22098,0.58989,-0.673165,-0.172594,0.132295,-0.184153,-0.374842,-0.764711,0.420578,-0.426413,1.0493,-0.314479,0.415666,-0.158367,0.300599,-0.214485,0.0240076,-0.217912,-0.0509898,0.483068,0.772388,1
0.508241,0.556831,-0.291365,0.0303097,0.926304,-1.17388,0.439199,-0.467434,-0.0486508,-0.42179,-0.0639137,0.422677,0.299841,-0.131674,0.492105,-0.257215,0.18782,-0.0571792,-0.123175,-0.0706303,-0.195692,-0.0646972,-0.569998,-0.0697368,0.940274,0.263448,-0.433553,0.422498,0.351124,-0.290329,0.888809,0.650711,0.559432,0.856731,1
0.246747,0.16397,0.0994826,0.926902,0.62625,0.211524,0.232238,0.0311461,0.15254,0.0487437,0.629249,0.473151,0.668343,0.274229,-0.463998,0.512875,0.318872,0.348255,0.39809,-0.129109,-0.455651,-0.0411711,-0.795146,0.167141,-0.439435,-0.274836,-0.404498,0.389619,-0.0926305,-0.328096,1.02303,0.129034,0.565864,0.900349,1
-0.937415,-0.0958148,0.34146,0.418284,0.576526,-0.0804719,-0.52086,-0.94542,0.329446,0.0760412,-0.0843661,0.655226,0.0403397,0.267323,-0.455315,0.288938,0.39846,-0.105562,0.030289,-0.0604386,0.158551,-0.37342,-0.0125127,0.957699,-0.301614,-0.15825,-0.41053,-1.24264,-1.20591,-0.187273,-0.59657,0.806992,0.489079,0.928631,1
0.575173,-0.247091,-0.199222,-1.16899,-0.264461,0.148462,-0.365469,-0.0881135,0.184235,-0.659164,-0.583707,0.108551,-0.338082,-0.0363673,0.115137,-0.738386,-0.527133,0.021778,0.223185,0.5588,-0.254198,0.513691,-0.823531,-0.929505,-0.24967,0.116505,0.541133,0.664684,0.831477,0.422448,-0.361628,-0.977805,0.519111,0.796058,1
0.122188,-0.260034,0.945258,-0.0388772,-0.0842209,-0.552196,0.255074,-0.292692,-0.632377,0.102599,-0.275988,0.237688,0.588096,-0.650878,-0.672369,0.87127,-0.186604,0.513473,-0.69652,0.214482,0.0624176,0.357638,-0.406917,0.897907,0.227363,-0.0747137,0.520737,0.696679,0.540406,0.310317,0.00502134,0.0857331,0.481883,0.834973,1
0.181585,0.738673,0.266432,0.977469,-0.214269,0.284382,0.724798,-0.134114,0.601463,-0.434113,0.71153,0.199626,-0.4271,0.0881761,0.490909,0.71094,-0.53814,-0.65977,-0.726784,0.384459,0.458882,0.158165,-0.875162,0.611121,0.921029,0.844861,-0.0285917,-0.300415,-0.421347,-0.133156,-0.168841,-0.699777,0.469681,0.858028,1
0.0495446,0.435486,-0.381202,-0.476841,0.759791,0.0477272,-0.234163,0.261417,-0.992237,-0.460691,-0.217865,-0.976537,-0.18972,-0.6226,0.53918,-0.529514,-0.16157,-0.356192,0.247025,-0.267227,-0.0616409,-0.0404053,0.297104,-0.30094,0.256212,0.583411,0.289887,0.872979,0.353454,0.00124713,-0.21733,0.102739,0.457953,0.760837,1
0.529608,0.366701,0.520136,0.659673,-1.1151,-0.698817,-0.125111,-1.08462,0.0974916,-0.00102688,-0.45214,0.0305391,-0.293031,0.589638,-1.59006,1.71394,0.0846987,0.783967,-0.681654,0.260365,-1.05638,-0.660288,-0.608001,-0.192273,0.311936,0.238178,-0.0789166,-0.264777,0.303398,0.337217,-0.117446,0.325872,0.579876,0.947353,1
-0.528026,0.317467,-0.250133,0.431257,-0.630934,-0.0512193,-0.0195132,0.335647,-0.143617,-0.24645,0.226631,-0.350344,0.378904,-0.598974,0.0207149,-0.418669,0.616172,-0.115906,-0.784368,1.13948,0.548603,0.240689,0.00315855,-0.625226,0.524441,0.022282,0.0660587,0.564028,0.286363,-0.141272,-0.424,-0.455656,0.522217,0.924732,1
0.241705,-0.146611,0.338242,0.146123,-0.410035,-0.431367,-0.0873649,0.855801,-0.804973,0.385161,-0.0144536,-0.243093,-0.637602,-1.01406,0.147563,-0.319367,-0.347864,1.08391,0.0654095,-1.21861,0.24119,-0.954271,0.394848,-0.126909,0.591116,-0.925119,-1.02114,0.263941,0.159199,0.306153,0.257026,-0.0266556,0.449643,0.91388,1
0.121172,0.228938,0.314856,0.187531,0.362455,7.95,0.369235,0.141614,0.232803,0.207247,0.272257,0.278034,0.354788,0.177523,0.388941,0.125547,0.373604,0.313081,0.152233,0.20886,0.303024,0.350408,0.155251,0.128137,0.248349,0.24224,0.156742,0.367056,0.303995,0.321568,0.287728,0.248868,0.52,0.82,1
0.0402529,0.149797,-0.119742,0.573517,-0.539074,0.568979,0.954705,0.0151244,-0.692761,-0.168523,0.209811,0.3972,-0.892583,0.0492963,-0.276838,0.0682616,0.208221,0.0637905,0.126443,0.170031,0.343316,-0.457012,1.37749,0.451672,0.767146,0.529678,0.157417,0.0360601,-0.00050122,-0.0463491,0.577322,0.789036,0.509807,0.808837,1
-0.115454,-0.0400934,-0.160089,0.56491,0.141487,-0.499445,-0.520744,-0.668744,0.30998,-0.0734775,-0.462362,-0.183944,-0.0416957,0.335582,-0.529068,-0.111686,1.07283,-0.0104996,-0.673761,-0.442666,-0.143355,-0.0928404,0.0177936,0.896151,-0.403718,0.488724,0.970145,-0.231633,0.552969,-0.180228,0.48418,-0.382144,0.579873,0.821306,1
-1.15268,-0.539702,0.344191,0.134855,0.534876,-0.0648331,-0.873116,-0.0282831,-0.772627,-0.493325,0.756733,-0.271326,-0.0433818,-0.719329,-0.993204,0.490238,0.110529,-0.521814,0.178165,-0.973708,-0.206801,0.739426,0.545119,1.00351,-0.799858,-0.14962,-1.05274,0.123469,0.631593,-1.56668,0.976978,0.00750711,0.439072,0.816946,1
0.20761,-1.12546,-0.0668381,-0.290862,-0.313272,0.0809732,-1.60031,0.123144,-0.187232,0.0312395,0.84434,0.325538,0.152139,0.635237,-0.22205,0.661339,-0.248036,0.0357458,-0.237995,1.14963,-0.709951,-0.193651,0.211548,-0.506469,0.942924,-0.230784,-0.129417,-0.19644,-0.022101,0.48212,-1.0582,-0.0674292,0.454607,0.768611,1
-0.0129523,0.36116,0.266813,0.236131,1.10792,0.087351,-0.531599,-0.625353,-0.0920301,0.608726,-0.269428,-0.350766,-0.257196,0.0206597,0.253364,-0.0662975,-0.464655,0.760095,-0.224081,-0.221967,0.768618,1.24406,0.063396,-0.289964,-1.1159,0.298512,-0.740173,-0.0996489,-0.0887678,0.19147,0.232713,-0.589796,0.490791,0.775372,1
0.861757,0.0371366,-1.37106,0.0839436,-0.396655,-0.208347,-0.120315,-0.316135,0.755971,-0.0586567,-0.356769,0.109023,0.329038,-0.179857,-0.0728845,0.221957,-0.0407433,0.262124,0.0258694,0.470148,-0.579637,-0.529888,0.923522,1.21239,0.10109,0.375101,-0.0569376,0.324245,-0.78959,1.14534,0.710087,-0.371494,0.481662,0.916459,1
0.246153,-0.099884,0.335154,0.177356,0.579324,-0.324225,0.11195,0.887044,-0.276619,-0.529007,-0.355704,-0.178051,-0.152061,0.261342,0.0661552,-0.492789,-0.319646,-0.00513554,0.752991,0.316156,-0.220671,0.145634,0.125235,0.0664267,-0.220431,0.00316297,0.257466,-0.67648,-0.373052,0.602305,0.532769,-0.196045,0.444184,0.786994,1
0.123687,0.0111155,0.488815,-0.478164,0.487578,-0.0642678,0.064045,0.595488,-0.591905,0.714678,0.0921839,0.602724,0.2793,-0.499725,0.926495,0.0589445,-0.166867,0.366207,-0.212895,0.557407,-0.606485,-0.00627652,0.35283,0.495889,0.637583,0.711682,-0.277204,0.178795,0.073543,0.207864,0.0531559,-0.0939027,0.505693,0.944812,1
0.219239,-0.222989,0.0676761,0.220751,-0.015694,0.0739124,-0.979812,-0.549212,0.269621,-0.280021,-0.381119,-0.392152,0.296864,0.414549,-0.00526256,-0.546941,-0.385382,-0.717421,-0.694328,0.0972385,-0.0169616,0.653054,-0.391228,-0.83628,-0.511303,0.0818481,-0.134521,1.14202,-0.627038,0.259459,0.412094,0.156268,0.491498,0.836325,1
0.0610639,0.19199,0.533394,0.589687,-0.491183,-0.111687,0.569385,0.747418,-0.276156,-0.172342,-0.490908,0.0712583,-0.343724,-0.0287021,1.15397,0.600698,-0.0931222,-0.468298,-0.173459,-0.174988,-0.697486,-0.303113,-0.345926,0.202572,0.166993,0.145743,0.229578,0.159286,-0.158153,-1.00954,0.282586,0.30246,0.518471,0.774487,1
-0.0206095,-0.505357,-0.299868,-0.332766,0.440265,0.147454,0.252053,0.041428,0.62649,-0.495153,0.937862,-0.0020545,-0.159182,0.328084,0.22627,0.297502,0.236957,0.476636,-0.406403,0.346429,0.285051,-0.488272,0.0869354,-0.722785,-0.0917897,0.0491738,0.36485,0.688303,0.0175535,1.1406,-0.17598,0.364652,0.539566,0.908563,1
0.342431,-0.0382346,0.509073,-0.7745,0.314877,0.433568,1.0305,-0.660766,0.439492,-0.0163332,-0.15776,0.966672,-0.752311,0.338498,0.0607913,0.740292,-0.371667,-0.0238773,0.69103,-0.226527,-0.655371,-0.345711,-0.845649,0.0733406,0.176985,-0.61544,0.656058,0.789412,0.492333,0.563258,-0.353776,0.288818,0.482587,0.79292,1
-0.0598848,0.585461,-0.196418,-0.21668,0.391891,-0.125487,-0.747752,-1.39949,0.782482,0.151349,0.627923,-0.82402,-1.6395,0.200801,0.906005,0.240302,0.719569,-0.191744,-0.797568,0.539139,-0.588225,0.60198,-0.837554,0.340327,-0.670322,-0.863335,-0.315379,-0.107759,0.304222,0.0847602,-0.0643133,-0.483087,0.544878,0.82782,1
-0.927635,-0.239314,-1.01794,-0.398743,-0.495557,0.274872,-0.308445,0.498857,-0.347726,0.0687689,0.393975,-0.311986,-0.46943,-0.374475,0.675452,0.392991,0.644103,-0.327865,-0.0767823,-0.420139,-0.817032,-0.631491,-0.658903,0.465986,0.813211,0.834553,0.256077,0.181363,0.607412,-0.0597224,-0.671521,0.671786,0.55346,0.831613,1
-0.238809,0.17953,-0.454377,0.539056,0.760218,-0.222961,-0.507322,-0.183151,0.237046,0.0441354,0.619616,0.712984,0.493047,0.225279,-0.570022,-0.0333079,0.111389,0.36987,-0.704475,0.312818,-0.34034,-0.24996,0.208984,0.0964169,0.681096,-0.144204,0.289372,-0.343228,-0.0460561,-0.139883,-0.963251,0.211424,0.500819,0.822643,1
0.28657,0.781261,0.830741,-0.289064,0.337202,0.97795,0.0618197,-0.111034,0.207459,-0.439896,0.666408,-0.0159315,-0.193785,-0.316664,-0.293182,0.466549,-0.350451,0.754049,-0.17518,-0.299548,0.0747547,0.566805,-0.0851232,0.154871,0.438004,-0.342887,-0.425236,-0.73955,0.724098,0.187361,0.250845,0.639689,0.538757,0.77779,1
-0.226016,0.042759,-0.222703,-0.0666281,-0.49986,0.0580595,-0.842003,-0.415832,-0.269288,0.731939,-0.384894,0.14479,-0.940202,-0.128644,0.782519,0.608325,-0.581251,-0.710764,-0.00725787,-0.428339,-0.275169,0.0608575,0.423041,0.160554,-0.0446399,-0.323514,0.272369,0.0841374,-0.16091,0.180403,0.114227,1.33057,0.535469,0.803467,1
-0.371649,-0.517458,0.172325,-0.304861,-0.515916,-0.517551,0.167066,0.183131,-0.717389,0.503568,-0.0678145,-0.752234,0.0765783,-0.910614,0.111647,-0.439696,-0.147656,0.583115,0.0407703,-0.285519,-0.419775,-1.11886,-0.00278503,-0.129157,0.61821,-0.0409643,0.398136,-0.531645,0.0520241,0.233546,0.228654,0.282225,0.449971,0.85263,1
0.0366993,0.240196,-0.398291,0.807699,-0.343798,-0.277779,-0.415945,0.197532,0.427848,-0.482987,-0.735049,0.147986,-0.782091,0.192368,-0.463125,0.402488,0.709245,-0.0793955,-0.201766,0.486441,-0.771674,0.938237,-0.666889,0.729439,0.381039,0.393418,0.874466,0.621645,-0.0797169,-0.00976762,-0.161772,0.210066,0.480742,0.91762,1
-0.130089,0.213568,0.712777,-0.526356,-0.0441102,-0.564571,0.408155,-1.15538,-0.319583,0.201885,0.11415,0.395987,0.153854,0.292961,0.346733,-0.0504722,-0.313473,-0.585642,0.480255,0.502202,-0.683913,0.0532751,-0.0892419,-0.447772,-0.0673729,-0.927575,-1.12036,-0.0981916,0.551144,-0.131985,0.934689,0.458301,0.46654,0.768743,1
-0.291324,-0.47673,-0.159653,-0.882062,0.0871104,0.720642,0.669283,0.320437,-0.634562,-0.365603,0.341793,0.00477898,0.250281,-0.343579,-0.667592,-0.389076,0.463026,0.444069,-0.285071,0.0991308,0.0920163,-0.0761255,-0.133913,0.0085754,-0.191239,0.234373,-0.592206,0.124502,-0.200423,0.224947,-0.550264,-0.0406419,0.523644,0.8889,1
0.138695,-0.0729333,-0.136099,0.0730807,0.368991,-0.0144572,0.261,-0.00629787,1.23467,-0.0951213,-0.29653,-0.0297035,0.030281,-0.515635,0.408826,0.285824,-0.43453,-0.077606,-0.0161822,-0.316712,0.23565,0.0814777,1.12907,0.505051,-0.215572,0.0446201,0.61656,-0.888749,-0.2523,-0.644603,0.0211821,0.152038,0.472994,0.923538,1
0.197387,0.359397,0.358588,0.167896,0.318994,7.95,0.341879,0.12563,0.106216,0.177619,0.166879,0.201819,0.109608,0.335524,0.2762,0.30293,0.203609,0.292871,0.332786,0.199723,0.123984,0.306546,0.187073,0.313529,0.33245,0.244717,0.1317,0.201997,0.160599,0.125552,0.367891,0.319526,0.52,0.82,1
-0.703489,-0.108826,-0.305669,0.532923,0.636997,-0.00982027,-0.652819,0.33892,-0.931123,0.29584,0.0525267,0.290053,0.17108,-0.38746,0.122694,0.0988617,-0.166014,-0.117756,0.360163,0.25407,0.421305,0.0667819,-0.380175,-0.536019,0.0656498,0.287131,0.368872,0.0213281,0.604892,-0.597079,-0.698136,0.321537,0.460287,0.896244,1
0.744475,-0.624922,-0.323668,-0.0963887,-1.68492,-0.0988381,-0.444404,1.22226,-0.969577,-0.80763,0.534702,-0.0157947,-0.331208,-0.137967,0.0126804,-0.174047,-0.00500909,0.456089,-0.250676,-0.951301,0.443647,0.2173,0.924924,0.753127,0.310425,-0.461689,0.881053,0.689379,1.0157,-0.567278,1.22563,0.875917,0.518871,0.80762,1
-0.641319,-0.145944,-0.915791,-0.0856835,-0.687956,-0.289305,-0.283693,-0.401169,0.921168,-0.309046,-0.239509,0.143584,0.270183,0.207653,0.210836,-0.11823,0.0387786,0.298287,0.393432,0.754925,-0.471654,-0.532453,0.53955,0.103519,0.590418,0.409239,0.196075,-0.169842,0.728669,0.690046,-0.0365461,0.244372,0.483811,0.761044,1
1.01269,1.42452,-0.709013,-0.0429899,-0.277757,0.0830919,-0.0754259,-0.109172,0.278749,-0.826825,-0.193915,0.413034,0.699826,0.940901,-0.154111,0.599851,0.121785,-0.255008,0.000907382,0.324231,-0.878148,-1.13159,-0.0661416,-1.27566,-0.437616,-0.00299325,-0.0574074,-0.412435,-0.0828789,0.164947,0.091949,-0.181955,0.483627,0.790333,1
-0.258617,-0.384474,0.212376,0.540037,-0.433252,0.271613,0.446028,0.231736,0.0826158,0.744117,0.536087,0.90959,-0.288026,0.1339,0.515849,0.662614,0.176618,-0.751052,-0.147556,-0.0942302,-0.388601,-1.02521,-0.156973,0.105342,-0.331439,0.272788,0.522265,0.282145,0.059205,-0.315197,-0.0604675,-0.385732,0.539197,0.886087,1
0.510971,-0.0675582,0.515428,-0.0336528,-0.383239,0.21157,0.351499,-0.167023,-0.225433,0.404454,0.469974,0.376946,0.127941,-0.492412,0.00387948,-0.0259936,0.331969,0.166645,0.372617,0.227905,-0.214203,-0.455977,-0.649194,0.449103,-0.284513,-0.141762,-0.126951,-0.399324,-0.161141,-0.10495,0.129603,-0.132354,0.421294,0.829982,1
0.120707,0.400524,0.0513845,0.601932,0.329801,0.365151,-0.708057,0.578062,-0.678048,-0.1503,0.416348,-0.343809,0.293459,-1.00346,-0.00825498,-0.499916,-0.0904898,-0.238763,0.082526,0.852554,0.308544,-0.783758,-0.13514,-0.339553,-0.844619,0.0630536,-0.436537,-0.306421,1.15438,-0.211326,-0.188001,-0.163739,0.525543,0.879822,1
0.20638,0.349933,-0.528262,0.498481,-0.514365,-0.214226,-0.260578,-0.902358,0.522007,0.0942909,-0.73148,0.717464,-0.476318,-0.315913,0.497263,-0.143599,0.138383,0.283558,0.311642,-0.359964,0.536087,-0.156334,0.136177,-0.21046,0.263474,0.204922,0.0976249,-0.332413,0.607904,-0.217325,0.319545,0.154636,0.508628,0.795547,1
-0.539922,0.75832,-0.449002,0.0946793,-0.385079,0.348077,-0.914188,-0.300246,-1.31878,0.238145,0.131878,0.349894,-0.119835,0.0196208,-0.521815,-0.487206,-0.732263,0.109817,0.433484,0.295507,0.772373,0.452782,0.011135,0.786683,1.08295,0.174587,0.383101,0.320817,0.111464,-0.15207,-0.561863,0.580413,0.548489,0.781934,1
1.01672,-0.145911,0.801961,0.105754,0.116744,-0.290069,-0.462198,0.138649,0.492719,-0.311924,-0.297752,-0.41027,0.36899,0.376106,-0.541414,-0.633033,-0.102751,-0.328557,0.376915,-0.170866,-0.903619,-0.286135,1.08613,0.181801,-0.122879,-0.621575,0.736924,-0.734983,-0.42088,1.25787,0.805722,0.85771,0.459198,0.932637,1
-0.501887,0.171136,1.16503,0.284409,-0.564591,-0.0798884,-0.309317,-0.703106,-0.445805,0.00519291,-0.392565,0.777366,0.0540267,0.0876388,0.848191,0.60627,-0.44698,-0.145255,0.0043,0.946137,0.0244574,-0.724312,1.11132,-0.461016,0.198543,0.389416,0.317663,0.702286,-0.328919,-1.04633,0.196717,0.489273,0.4933,0.93475,1
-0.166185,-0.0879859,-0.225684,-0.274109,0.133961,0.220934,0.0263349,-0.222657,0.242883,-0.167535,-0.337344,-0.117391,-0.109269,-0.0389866,0.122672,-0.554263,-0.347816,-0.0870321,-0.440883,-0.604227,-0.0475471,-0.89248,-0.263375,-0.181606,0.102666,0.662802,0.616314,0.688618,-0.161769,0.352834,-0.137393,0.302634,0.523943,0.775827,1
-0.159511,-0.414621,0.365101,1.03913,-0.551541,1.00899,0.139274,0.983554,-0.736413,-0.214246,0.383184,0.256296,-0.150652,-0.284011,1.09373,-0.555301,0.42488,0.165297,-0.00957085,0.0483113,-1.02518,0.806816,-0.0977274,0.163039,-0.156914,-0.281359,0.56054,0.0789936,-0.0431324,-0.559935,0.0371597,-0.760641,0.550976,0.814081,1
-0.56229,-0.596013,-0.0641553,-0.286314,-0.209648,1.28838,0.193788,1.09814,0.36325,0.0766574,-0.290259,-0.937517,0.0318227,0.376061,-0.557513,-0.954105,0.536744,0.341239,0.70135,0.157516,-0.204072,-0.455095,-0.00743125,-0.32467,-0.151696,-0.244675,0.667267,-0.113911,-0.0761088,-0.401285,0.360245,-0.721626,0.439333,0.807114,1
0.264285,0.236664,-0.132642,0.919824,0.14362,-0.226278,0.228718,0.478955,-0.506449,-0.296407,-0.389414,0.179426,-0.299186,-0.314737,-0.391543,0.797045,-0.332986,0.327163,0.378779,0.265177,-0.00370681,0.165562,0.475318,0.118905,-0.106951,-0.416785,1.04789,-0.0684232,0.237939,0.0102364,-0.877448,-0.237685,0.469214,0.93314,1
-0.351954,0.56849,0.385887,-0.372707,0.262331,-0.0826148,-0.0336223,-0.318756,0.90023,0.358918,0.550069,0.890853,-0.337462,0.111365,-0.675598,-0.54938,0.248382,-0.604967,-0.0942921,1.22526,-0.100826,-0.380073,0.13136,-0.50153,-0.0326003,0.313107,0.371219,0.658535,0.328898,-0.447398,-0.265906,0.514437,0.479379,0.779297,1
-0.192374,-0.595606,0.0787492,-0.426957,0.00942633,0.142587,0.282769,-0.307274,-0.536885,0.538097,-0.301475,-0.490025,-0.083038,0.51687,0.237752,0.655309,0.242615,0.368478,-0.264288,0.0735784,0.00473996,-0.110589,0.0806517,0.266136,-0.0876525,0.0712089,0.739693,-0.71181,-0.346019,-0.0320261,-0.437108,-0.270284,0.553843,0.863127,1
0.258441,0.978732,0.160183,-0.154779,0.895565,0.635357,-0.28153,-0.232242,0.484284,0.284813,-0.20902,-0.808583,-0.526677,0.671134,0.442912,0.488078,0.100586,0.268675,-0.16538,0.545638,0.116604,-0.0973063,-0.35044,-0.159375,0.467157,-0.440254,-0.754014,0.689848,0.277177,0.159651,0.28301,-0.365712,0.469312,0.796216,1
0.314306,-0.377291,-0.850469,-0.535056,0.104745,0.0992323,0.460956,0.0626769,0.0966657,-0.0166407,-1.05905,0.798911,0.540773,-0.164153,0.214924,0.128322,0.65052,-0.0477303,0.795112,0.18662,0.306049,-0.792066,0.0979297,-0.464863,-0.117447,0.289222,0.173483,-0.132439,0.0528295,-0.143222,0.175468,0.78506,0.513278,0.821963,1
0.354981,0.504279,-0.69626,-0.0580403,0.526038,-0.367886,0.801345,0.258145,0.629989,-0.272424,0.024715,-0.193143,-0.181387,-0.21535,0.0557558,0.262338,-1.04589,0.183744,-0.392391,0.687156,0.0755767,-0.0294701,0.0402673,-0.925599,-0.857435,-0.309963,0.260263,0.299827,-0.0442143,-0.224223,-0.108893,-0.329009,0.515524,0.845209,1
0.197593,0.392288,0.140153,0.256286,0.304814,7.95,0.355045,0.366017,0.179159,0.379884,0.315586,0.282442,0.17236,0.384196,0.289301,0.275467,0.123649,0.173255,0.29223,0.162668,0.293592,0.346647,0.23604,0.365654,0.276541,0.244944,0.332519,0.268465,0.114504,0.145447,0.374606,0.259584,0.52,0.82,1
-1.24063,0.739944,-0.094489,0.132779,0.838147,0.0962817,-0.343739,0.111687,-0.243488,0.865705,-1.01135,-0.343742,-0.0146045,0.104651,0.108694,0.187721,0.613847,-0.133381,0.227282,0.950548,-0.520789,-1.21115,0.571147,-0.345981,0.740643,-0.480498,0.284889,0.312882,-0.184896,0.355296,-0.483111,-0.0584251,0.492322,0.823673,1
-0.357325,0.00490362,0.56962,0.0859531,-0.450906,-0.636789,0.517224,-0.933325,-0.820394,-0.297869,0.972787,0.0760121,0.062963,-0.253353,-0.427558,-0.0514431,0.223226,0.525904,-0.215164,0.706641,0.129264,0.0901599,0.0975873,0.100213,0.50873,-0.409007,0.905814,0.00538168,0.819729,0.304179,0.399297,0.186078,0.440991,0.802693,1
0.212951,0.548336,0.774424,0.403613,0.135358,-0.0291945,-0.46294,0.306538,0.369227,0.933722,1.0662,-0.557645,0.207194,-0.394371,0.584856,-0.515521,-0.326247,-0.731037,0.510267,0.348558,0.26899,0.145935,0.080537,-0.120378,-0.0488776,0.322526,-0.406668,0.528987,-0.625462,-0.286667,0.343012,0.526767,0.449785,0.841737,1
0.465229,-0.337927,0.153259,-0.225987,-0.47545,0.455943,-0.725046,0.0389466,0.0741291,0.993862,0.387853,0.220996,-0.112014,0.196982,-0.602554,-0.117639,-0.156386,0.440975,-0.0780074,-0.44238,0.123357,0.0574428,-0.544723,0.0181975,0.520024,-0.226976,-0.206667,-0.697264,-0.0506345,-0.223684,0.284387,-0.189226,0.457901,0.770595,1
0.198178,-0.475514,1.06113,-0.240405,-0.215983,0.47795,0.612403,-0.0379527,-0.462748,0.135481,-0.209595,0.246091,0.339198,0.209499,1.00821,0.344434,-0.583791,0.0854706,0.0116428,1.27676,0.233839,1.26395,-0.116195,0.0203745,-0.215968,0.00983774,0.361517,-0.294785,0.185993,-0.285981,0.00913578,-0.602216,0.498997,0.842106,1
-0.105382,-0.534441,0.101631,0.0397176,-0.531636,-0.524761,0.431055,-0.769607,-1.07498,0.650819,-0.574623,0.0438165,0.76993,-0.0304947,-0.490042,0.144728,-0.950878,-0.020259,-0.225768,0.867533,-0.484071,-0.449657,0.308405,-0.698267,-0.267533,-0.814019,0.251028,-0.483768,-0.160523,-0.295675,0.770844,-0.513173,0.562936,0.918389,1
0.239218,0.984088,0.578092,-0.429134,-0.803193,0.145763,0.041942,0.351945,-0.217358,1.03577,-0.441627,0.311429,0.258236,0.820308,0.306243,0.677543,0.868003,0.854547,0.0705657,-0.211454,0.772391,-0.572582,-0.519124,0.615546,-0.285403,0.553023,0.0151086,-0.507719,-0.452844,-0.776873,-0.142277,0.383732,0.551211,0.878048,1
-1.05251,0.057428,0.207996,-0.132332,0.43647,0.459047,-0.487193,0.521732,0.00416568,-0.351087,-0.19132,0.0379838,0.210847,-1.07169,-0.0753719,0.351396,0.671532,0.860371,-0.370906,0.0678045,-0.704238,-0.136362,0.0340004,0.0408909,0.252967,-0.566283,0.116539,0.936982,0.880799,0.221386,0.496773,-0.381321,0.459015,0.922776,1
-0.261018,-0.329768,-0.790373,-0.0868896,0.71111,0.125794,-0.299539,-1.14465,0.0762978,0.311165,-0.353654,-0.588895,0.459718,0.388871,-0.518695,-0.0577759,-0.262533,-0.0825661,0.628777,-0.00140173,-0.979291,-0.262906,0.258547,0.465156,0.572125,-0.254154,-0.303775,-0.392035,-0.166904,-0.379858,0.396585,-0.0922422,0.448947,0.899338,1
-0.303851,0.390545,0.153862,-0.280658,0.356718,0.438865,-0.286275,-0.543739,-0.158293,-0.526852,-0.68905,-0.0436565,0.441736,0.0858961,-1.16146,-0.164767,0.99921,-0.272601,0.292097,-0.376278,0.247577,-0.31979,-0.507341,-0.619508,0.226805,-0.328442,-0.120481,-0.456244,0.666777,-0.285047,-0.0187798,-0.721937,0.496257,0.789884,1
-0.647298,-0.156217,0.121135,-0.329817,-0.780683,0.0788092,-0.273556,-0.0769201,0.138632,-0.315831,0.222723,0.356465,-0.155189,0.446511,0.745294,-0.694469,0.326688,0.281356,0.0567505,-0.824103,0.759733,0.146095,0.0622903,0.202475,-0.127447,0.303849,0.298059,-0.61404,-0.446617,-0.562568,0.434982,-0.433059,0.563083,0.812986,1
-0.67887,0.545014,-0.0230182,-0.55772,-0.239486,0.482748,-0.465855,0.654892,-0.298299,-0.35439,0.103489,-0.275877,0.168152,0.0685639,0.679057,-0.0340116,0.679713,-0.201644,-0.222528,0.626803,0.235353,-0.180723,0.367932,0.282831,-0.197747,0.00968353,-0.446497,-0.0279294,-0.0135521,-0.260043,-0.0573256,0.480985,0.552379,0.836451,1
0.049669,0.339639,0.676127,-0.062488,0.0224728,0.261249,0.668336,-0.126616,0.179282,0.0243008,0.0752195,-0.409715,-0.853842,-0.141647,0.788583,-0.1227,-0.147678,1.14295,1.04573,0.463309,-1.30877,0.680538,-0.62782,0.620959,-0.100419,-0.627407,0.093009,0.51178,0.0127132,0.730283,-0.694654,-0.585469,0.454512,0.783532,1
0.00125596,0.52671,0.199525,-0.263523,-0.232245,0.0755141,-0.0563275,1.05694,-1.10895,-0.550648,-0.0782379,0.0268658,-0.171445,-0.461276,-0.293025,-0.39369,-0.0901913,1.02656,-0.248323,-0.0623,0.425788,0.307523,0.888411,0.0483825,-0.174154,0.119774,0.0476771,-0.233181,0.276471,0.259771,-0.0846556,0.554784,0.54106,0.818416,1
-0.267839,0.383186,0.566534,-0.143602,-0.352705,0.24209,0.3261,-0.437643,-0.679542,-0.442058,-0.0464702,-0.377449,-0.200048,-0.101619,0.596996,0.119818,0.601378,0.411209,-0.0782011,0.854442,-0.216488,0.601966,0.0809672,1.02189,0.131083,-0.679557,-0.165649,-0.0129247,-0.0842574,-0.260722,-0.8606,0.0387879,0.514058,0.908559,1
0.225063,0.468132,-0.269137,0.451448,-0.596634,0.130285,0.0343662,-0.593625,-0.966401,0.233147,0.510359,0.748309,0.00721612,-0.397906,-0.50705,0.345726,-0.880866,0.176705,-0.867979,0.206835,0.796623,-0.726237,-0.16503,0.182594,-0.412902,-0.535134,-0.900365,0.419555,-0.117485,-0.365393,0.281545,0.294467,0.491327,0.842225,1
0.115395,0.0588582,-0.747309,0.185199,-0.756207,0.411829,-0.78199,-0.17443,0.17826,-0.666065,-0.143125,0.0412828,0.357939,0.0674265,0.330902,-0.327408,-0.698629,0.945486,0.405294,0.403759,-0.671423,0.167044,0.121158,0.0256636,-0.674778,-0.230201,0.595045,-0.0908417,-0.340216,0.825124,0.164014,-0.229643,0.49204,0.763596,1
1.09117,0.260067,0.169352,0.0751596,1.20518,-0.549037,-0.341336,0.265686,-0.497246,0.000990881,0.337039,0.136488,0.337322,-0.703564,-0.518243,0.171906,-0.622665,0.92994,0.670495,0.381775,-0.443346,0.0318599,-0.276106,-0.409327,1.05268,-0.19032,0.196883,0.663669,-0.0268914,0.298737,0.841999,0.227844,0.570566,0.947513,1
0.185987,0.0131438,0.624283,-0.327955,0.967327,-0.316729,-0.495084,-0.719206,-0.606141,0.819468,-0.0284998,-0.340934,-0.0614101,0.541119,0.898626,0.132032,0.257195,0.224949,0.258011,0.127843,-0.515791,-0.0525269,-0.992339,-0.0387357,-0.0801709,0.282039,-0.482296,0.102836,0.365369,0.0131044,0.341013,0.293832,0.566413,0.808112,1
0.184394,-0.180522,-0.422856,-0.340354,-0.347499,-0.450022,0.23437,-0.100504,0.614598,-0.0475582,0.447476,0.501015,-0.628412,-1.26286,0.576322,0.343798,0.245773,0.329395,-0.752515,0.635158,-0.0252529,-0.610152,0.428772,-0.762188,0.432983,0.693871,-0.289326,-0.652213,0.243905,-0.200095,-0.0193229,-0.78009,0.44342,0.925897,1
0.539907,-0.0439638,0.484254,-0.0725101,-0.542324,-0.309805,-0.806132,-0.589972,-1.071,-0.0774733,0.393982,-0.273322,0.135879,-0.0657788,0.485186,-0.514577,0.7299,0.431626,-0.0475258,0.0541153,-0.132992,-0.211737,-0.456813,-0.261051,0.944696,-0.0953818,-0.00970901,1.45129,-0.021058,0.570042,-0.288539,0.247888,0.514856,0.942576,1
-0.543325,0.0665616,-0.45857,-0.693647,0.722275,0.00840521,0.459205,0.331557,1.34145,-0.0958041,-1.05999,0.423825,0.287627,-0.560652,-0.460153,-0.25517,-0.224882,-0.245153,-0.375477,-0.540586,-0.194525,-0.472647,0.131072,0.796652,0.162651,-0.435205,-0.0563972,-0.473001,0.156047,0.955214,-0.494898,0.201397,0.513787,0.78973,1
0.0925285,0.525398,-0.410219,-0.173539,0.238917,-0.263982,0.983062,-0.0982149,0.409925,0.0555963,-0.305366,-0.15862,-0.353524,-0.0354794,0.599033,-0.54289,0.949861,0.075985,-0.0924115,-0.223517,-0.0211638,-0.707637,0.761253,0.790065,-0.201719,0.259376,0.526482,-0.370957,-0.165959,-0.919421,-0.256443,0.679981,0.571173,0.824693,1
-0.019739,-0.171492,-1.019,-0.557821,0.743559,0.35833,0.199922,-0.214415,-0.236578,0.948857,-0.253828,-0.760381,-0.951792,0.331571,0.272756,-0.538821,0.171281,0.874458,0.871669,0.184376,-0.0786146,0.193224,-0.82258,-0.421693,-0.508331,-0.244677,-0.0751937,-0.358263,-0.785561,0.362949,0.341197,-0.488695,0.422226,0.916183,1
-0.241303,0.404306,0.743844,0.390748,-0.452297,-0.180793,-0.6951,-0.580754,0.659557,-0.511194,0.497259,0.377641,-0.0127998,0.22265,0.40643,-0.309907,0.319941,0.166694,-0.216839,0.176257,0.823667,0.358425,-0.827711,0.18693,0.856708,-0.111236,0.218663,0.199898,-0.183256,-0.148558,-0.6077,-0.220825,0.453106,0.766942,1
0.337837,-0.562429,-0.313333,0.341242,-0.664121,-0.430842,-0.295824,-1.3256,0.193236,-0.255338,-0.0103015,0.722987,-1.02375,0.0875035,-1.84888,-0.277065,1.32907,0.116428,0.0239418,0.130097,0.538104,-0.327818,0.285884,0.198754,0.276959,-0.596186,0.446065,-0.602253,-0.97284,-0.916658,-0.747849,0.0231658,0.492613,0.902912,1
-0.957495,-0.133305,-0.532639,0.689757,-0.42372,0.434186,0.472824,0.235556,0.655816,-0.663862,0.493629,0.281253,-0.1445,-0.423806,-0.72341,0.59037,0.265392,0.202945,-0.17477,-0.340207,-0.424557,0.046372,0.0727992,-0.34113,0.347631,0.041738,-0.574439,-0.293652,0.746065,0.281625,-0.86237,0.510935,0.472535,0.858837,1
-0.146105,0.22156,-0.0261349,-0.0614494,-0.611386,-1.06674,-0.227681,0.412706,-0.133783,-0.34857,-1.10592,-0.338331,-0.300573,0.256807,0.0324031,-0.150104,0.252327,-0.379583,-0.00310636,0.0154562,-0.160343,-0.247469,-0.999784,-0.366207,-0.11663,-0.779599,-0.141034,0.685343,-0.681067,-0.266125,-0.852397,0.912645,0.465819,0.765231,1
0.846045,0.583714,-0.828772,-0.188889,-0.356644,0.73969,-0.308046,-0.188252,0.309255,1.17076,0.061984,0.243826,-0.00965303,0.0864835,-0.281765,-0.0539234,-0.397362,0.311023,-0.213811,0.413944,0.285276,0.0716192,-0.0518792,0.0896256,0.908958,0.127068,-0.0947635,1.01514,1.08228,-1.12038,-0.295724,0.0644542,0.465503,0.845661,1
-0.57636,0.322873,-0.0230947,0.125211,0.247223,0.764464,0.190513,-0.124113,0.179566,-0.586314,-0.0366143,0.0102674,-0.74302,0.604587,-0.397292,0.718442,-0.214176,-0.398744,0.386306,0.747527,-0.250669,-0.568867,0.49706,-0.0420791,0.130729,0.188191,0.702759,-0.0569433,1.05526,0.332148,0.503958,-0.0376083,0.521054,0.777226,1
0.0622129,-0.708029,-0.0742855,-0.200379,-0.591814,-0.155351,0.524969,0.544688,0.0690813,0.12882,-0.165765,0.471126,0.228687,0.643671,0.624396,-0.435569,0.160647,0.51732,-0.442331,-0.24262,-0.51053,0.0440565,-1.29068,-0.667862,0.0779042,0.417508,-0.181452,-0.14833,0.0146801,-0.496102,-0.408991,-0.295781,0.493306,0.894336,1
1.24763,0.18468,0.589814,0.378807,-0.387137,0.713339,0.558837,-0.900135,0.167348,0.57457,-1.40198,0.0759661,-0.358426,-1.04708,0.213688,-0.146643,0.218141,0.398625,0.920422,-0.219592,0.0240009,-0.356676,0.293869,-0.134874,0.0374495,0.463397,0.203272,-0.312082,0.496325,-0.330213,0.439888,-0.0929239,0.57712,0.829585,1
-0.761171,-0.283759,0.176,0.0396276,0.360057,0.00692791,0.701315,0.545026,0.578009,-0.246727,0.335964,0.681383,0.4124,0.561302,-0.326834,-0.468963,0.525563,0.845818,1.56455,0.42428,-1.08903,-0.057358,0.0533523,0.40531,0.392396,-1.40622,-0.340319,0.264837,-0.302834,0.0143506,0.124069,0.0541869,0.501326,0.805231,1
-0.561046,-0.28852,-0.961196,-0.550844,0.735731,0.242405,-0.751539,0.348654,0.382975,-0.532245,-0.241855,-0.604865,0.680145,0.158764,0.479459,-0.331337,-0.467102,0.91056,-0.281635,-0.601027,0.827019,0.314794,0.382105,-0.144037,-0.186622,0.333329,-0.39266,0.0721074,0.372412,-0.150467,0.724807,-0.085677,0.52008,0.949484,1
-0.675048,0.446838,-0.969695,-0.0206142,0.171613,0.229303,0.0248797,0.580391,1.16827,0.17716,0.275129,0.319969,-0.293534,-0.648232,-0.382938,0.0431514,-0.186937,0.710313,-0.688871,-0.0751652,-0.56796,0.420985,0.345082,0.366172,0.0813591,-0.648739,-0.5823,0.969956,1.29442,-0.213583,-0.794387,-1.15197,0.49499,0.905871,1
-0.461341,-1.12023,0.217126,0.82525,0.290273,-0.0241125,-0.206853,0.848307,0.10225,-0.221887,-0.0481337,-0.457386,0.317551,-0.0423144,0.675612,0.391282,-0.107349,0.481585,0.456816,-1.15135,0.115146,-0.809565,0.739347,-0.0733556,-0.394443,0.0637456,-0.671593,-0.380899,-0.326774,-0.241257,-0.151305,-0.270034,0.478044,0.923171,1
0.0824254,0.530209,-0.0106185,-0.0530316,-0.300757,-0.526269,0.274884,1.06092,0.141416,0.838155,-0.206283,-0.340289,-0.910465,-0.0267374,-0.340177,0.306644,0.0746711,-0.903464,-0.520965,0.243938,0.50352,-1.45344,-0.642062,-0.0019931,-0.229779,0.000347028,-0.620973,0.162692,-0.573625,0.260097,-0.296797,0.15851,0.448137,0.943284,1
0.214557,0.259873,0.158478,0.291608,0.338597,7.95,0.246738,0.362828,0.302734,0.365545,0.124234,0.217538,0.380593,0.294955,0.255491,0.126189,0.399348,0.291729,0.27547,0.276108,0.251361,0.226926,0.332894,0.320021,0.17107,0.373608,0.271927,0.142941,0.11308,0.2522,0.383102,0.137044,0.52,0.82,1
0.653398,0.431746,0.466187,-0.314591,0.466314,0.357033,-0.453947,-0.396222,-0.518048,-0.194604,-0.839901,-0.666599,0.155194,0.62349,-0.103297,0.176362,0.488002,-0.194382,-0.283619,-1.2687,0.545021,0.284887,-0.598404,0.544317,0.195925,0.0334114,-0.617263,0.573578,-0.454232,-0.445372,0.230545,1.07094,0.443318,0.788896,1
0.112057,0.0454231,-0.0834404,0.766613,0.546454,0.372036,-0.0877178,-0.727903,0.0423636,-0.251931,-0.367564,0.103136,-0.0776351,0.349118,-0.239633,0.156135,0.0963996,0.278094,0.268251,-0.0773721,-0.458055,-0.556186,-0.508003,-0.00989559,-0.149046,-0.296554,-0.20353,0.297633,0.443193,-0.897066,-0.190456,0.389487,0.480331,0.797102,1
-0.331919,0.192696,0.368698,1.08439,0.0873006,0.132362,0.783487,-0.889644,-0.269855,0.115231,0.253164,-0.495291,-0.267997,-0.112381,-1.06534,0.578389,-0.161597,0.929014,0.735401,-0.178728,-0.164059,-0.776661,0.387809,-0.217481,0.00907328,-0.635599,0.279562,-0.824299,0.273747,0.0613622,0.222695,0.719928,0.453226,0.935404,1
0.102567,-0.122189,0.0571976,0.21683,-0.0128595,0.156064,-0.837386,-0.22653,-0.00574139,-0.789573,0.240334,0.222699,0.19793,0.177932,0.0372367,0.0685529,-0.200463,0.48278,-0.0199847,0.0205811,-0.492583,-0.284739,-0.804703,-0.267152,-0.230178,0.423467,0.0238982,0.127557,0.690958,0.734057,0.457756,-0.668573,0.544851,0.945776,1
0.102139,-0.79752,0.154308,-0.625951,-0.637007,0.174748,0.372761,0.398631,0.226328,0.191562,-0.32141,-0.081297,0.368466,-0.901417,-0.136942,-0.197321,1.05067,-0.702141,0.170784,0.777554,-0.664103,0.13169,0.511005,0.656113,-1.01814,0.866008,-0.37339,-0.453134,0.248593,-0.0793286,-0.211409,-0.390717,0.558986,0.934509,1
-0.681527,0.385791,-0.407569,-0.340931,0.755546,-0.534257,-0.436133,-0.701798,-0.481529,0.305414,-1.06351,-0.220366,0.863401,-0.530728,-0.157119,0.665672,0.59128,0.836705,0.126779,-0.549628,-0.0146412,0.634713,0.118237,-0.031992,-0.986782,-0.118042,0.224168,-0.543196,0.199816,-0.0223251,0.165739,0.830544,0.433823,0.859372,1
0.995141,0.284408,-0.406981,0.66456,-0.600039,-0.142239,-0.22399,0.36336,0.296373,-0.114329,-0.305506,-0.339705,0.332746,-0.102322,-0.499998,0.215307,0.211083,0.856378,-0.25914,0.213716,0.378476,0.82115,0.374873,0.234345,0.15387,0.455364,0.074868,0.13526,0.923805,0.925921,-0.650389,0.599775,0.499978,0.853653,1
0.38617,-0.115788,0.0519926,0.411798,0.264389,-0.184488,0.284979,0.105745,0.749018,-0.659296,-0.812413,0.393566,0.688433,0.511457,-0.380332,-0.0293206,-0.251277,0.541085,0.517084,-0.235643,-0.0587833,0.0385206,-0.0275553,0.745781,0.27488,-0.436545,0.50261,-0.278389,-0.0550986,-0.635542,0.093349,0.191276,0.47601,0.941214,1
0.0171475,-0.545551,1.06711,0.44034,0.481163,0.755252,-0.255091,0.727615,0.0101955,-0.0461927,-0.300647,-0.024349,0.148635,-0.203743,0.0495099,0.108169,-0.206284,-0.949606,-0.160014,0.179108,0.292765,-0.22728,0.0618762,0.360777,-0.244393,0.631567,0.00972821,-0.293898,0.243728,-0.369331,-0.113786,0.239971,0.527525,0.800174,1
-0.047264,0.0163856,0.807233,0.0884748,0.450483,0.250246,0.505462,-1.86282,-0.357669,-0.667407,0.83143,-0.619824,0.116788,-0.885465,-0.292747,0.501448,0.558371,0.435758,0.320063,-0.62695,0.437006,0.692358,-0.00957492,-0.458841,0.245282,0.708324,0.862822,0.458463,-0.748028,0.321153,-0.330398,0.537028,0.526294,0.852182,1
-0.0389634,0.17064,-0.368994,0.254124,0.0639017,1.61746,-0.159743,-0.518685,0.411353,-0.0743896,0.206488,-0.126968,-0.11402,0.0690275,-0.744212,-0.194687,-0.016584,0.550324,-0.085218,0.267921,0.352689,-0.598677,-0.435694,-0.13276,0.34995,-0.436726,0.0431206,-0.0487545,-0.519546,0.020245,-0.524161,0.486669,0.523575,0.911295,1
-0.148716,0.0755716,0.410395,0.434614,1.07899,0.285642,0.113348,0.0148536,-0.120292,-0.723451,0.00401476,0.333365,0.379732,0.402692,-0.404481,-1.03132,0.27514,-0.474528,0.385129,-0.750713,-0.552976,0.0444448,0.0967491,0.423299,-0.542924,-0.919395,0.0313727,0.432661,-0.690114,0.268941,0.328527,0.0163153,0.49684,0.823666,1
-0.0744616,0.4934,-0.37923,0.224364,0.74547,0.141218,-0.55304,0.072966,-0.0715984,-0.507826,-0.43711,0.0272035,-0.258141,0.533807,0.514663,-0.00677526,0.075779,0.3717,-0.444552,0.670819,-0.3109,0.0881543,-0.282824,-0.538208,0.494438,-0.274901,-0.662135,-0.422645,0.572589,0.957821,0.780276,0.27515,0.471994,0.881619,1
0.484178,0.407121,0.0948603,0.465589,-0.0613718,-0.206437,0.290008,-0.60675,0.531197,0.314289,0.071484,-0.453118,-0.822271,0.458809,1.21005,0.661772,-0.170126,-0.117703,1.09998,-0.0825088,0.100492,0.772386,0.135534,-0.529494,0.259477,0.551552,-0.378965,0.0596415,-0.349055,-0.312934,0.333208,0.384564,0.442192,0.777889,1
-0.22302,0.323718,0.618538,0.416764,0.0147587,-0.161015,0.0863307,-0.614709,0.129412,-0.372342,-0.412114,0.342853,-0.011747,-0.308566,0.412532,-0.202023,0.255616,0.414246,0.765474,-0.34995,-0.837734,-0.21605,-0.483094,0.708324,0.0711258,-0.420905,-0.679847,0.71065,-0.211793,0.444518,-0.661002,-0.345934,0.505537,0.848882,1
0.0282201,0.776342,0.0941907,-0.546682,0.795666,-0.698797,-1.06279,0.425554,0.464493,0.00552459,-0.499109,-0.703161,-0.449342,0.510761,0.558832,0.109651,0.389807,0.235882,0.427175,0.33751,0.230146,0.248997,-0.647955,0.025403,0.390341,1.24855,-1.03128,-0.431815,0.176117,0.273073,0.293838,0.803979,0.533623,0.87366,1
0.503683,0.152177,0.017675,0.176737,0.604378,0.490855,-0.307226,0.0516844,-0.503856,-0.632781,-0.415193,-0.438013,-0.3539,0.16609,-0.177102,-0.729346,0.151359,-0.255996,0.0939777,-0.00759859,-0.0769115,-0.394684,-0.0149648,0.218343,-0.2013,-0.483443,-0.625592,-0.881147,-0.218334,-0.184894,-0.826651,0.439083,0.456151,0.856025,1
0.0370514,1.03868,-0.505991,-0.239709,-0.280276,0.396053,-0.849274,-1.29938,0.27646,-0.542654,0.838425,-0.316526,0.324514,0.585222,-0.168672,0.121211,-0.681614,-0.234348,-1.36737,0.206054,0.00981257,-0.0606273,0.252744,-1.18257,-0.702268,0.247729,0.52884,0.572605,0.152555,0.951309,-0.0730255,0.743696,0.535908,0.888619,1
0.00814261,0.170154,-0.0995613,-0.201381,-0.68068,-1.38128,0.793913,0.829067,-0.349267,0.102593,-1.20536,1.03908,0.0703237,-0.176527,-0.184599,-0.842262,0.275185,-0.119688,-0.00339208,0.773913,0.359486,0.280559,-0.297048,-0.608993,0.258291,0.789661,0.227421,0.0889387,0.448741,-0.37615,-0.166255,0.0339934,0.420294,0.853207,1
-0.417533,-0.203699,-0.0215183,-0.968778,-0.0799947,0.426101,-0.637553,-0.194285,0.343072,-0.152398,0.00313732,0.0217133,0.730779,0.679105,-0.72653,0.0448876,-0.326745,-0.272485,-0.596723,-0.453975,-0.138821,0.767484,-0.124855,-0.864351,-0.0164593,0.0608559,-0.722947,0.896961,-0.248376,0.599096,0.0149665,-0.207443,0.477183,0.834286,1
0.109989,-0.0581721,0.114057,-0.118356,0.10927,0.123353,0.197724,-0.00903016,-0.161677,-0.345816,-0.0185381,-0.71044,0.0440596,0.0167539,0.260438,0.401289,0.325387,-0.313625,0.606618,-0.514527,0.593154,-0.108436,-0.958322,-0.525075,0.663423,-0.478731,-0.231312,-0.428651,-0.255935,-0.434861,-0.233678,-0.0510437,0.499441,0.901651,1
0.145726,0.229107,-0.035885,0.417949,0.426245,0.632345,-0.557893,0.716312,-0.943046,0.720292,-0.104727,-0.492151,0.0736782,-0.0542263,0.0692261,-0.415743,0.368808,-0.0859999,0.270874,-0.47819,0.497396,0.00249328,-0.0283727,0.393865,0.308034,-0.581644,0.249035,-0.217547,0.462344,-0.0288321,0.297477,-0.159396,0.548857,0.860561,1
0.425729,-0.295331,-0.428144,0.0226685,-0.151907,0.780819,-0.4001,0.226793,-0.208958,0.527087,-0.0337555,0.206422,-0.102603,0.0135736,-0.255918,-0.0209848,0.0717923,0.368676,0.535178,0.560145,0.205466,-0.0154374,0.0675427,0.0211148,-0.300171,0.10025,0.102168,-0.220019,0.840556,-0.344016,-0.240388,-0.678722,0.55256,0.770507,1
0.194239,0.310958,-0.0899113,0.303303,-0.804342,0.50001,-0.170333,-0.286247,-0.619315,0.896152,-0.790228,-0.843211,-0.0455835,-0.705158,-0.448689,0.142302,-0.204335,-0.183562,-0.324391,0.525615,-0.112251,-1.01066,-0.0390654,0.452259,0.295263,0.0922673,-0.122334,-0.0739329,0.271415,0.109787,0.613108,0.0425315,0.490451,0.870206,1
-0.902836,-0.585219,-0.0570051,0.43232,0.906991,0.577967,-0.681825,0.548635,-0.576068,0.0686905,-0.343655,-0.971029,0.478793,-0.161524,0.4448,-0.149843,-0.32134,0.153733,-0.170066,1.0634,-0.0631653,0.0560613,0.722852,-0.0239347,0.399786,-0.646282,-0.140222,-0.0412766,-1.26502,-0.0241139,0.701963,-0.46007,0.50253,0.792576,1
-0.25401,0.060352,-0.166204,-0.163997,-0.272614,0.3525,-0.416834,-0.223094,0.813969,-0.530881,0.696016,-0.445159,-0.719356,0.180793,-0.0233031,-0.397547,-0.0231876,0.624226,-0.552411,0.253791,-0.621676,0.530511,0.421878,0.303062,0.308763,-0.823644,0.897901,0.821919,-0.326531,-0.098217,-0.00443059,-0.40166,0.498618,0.926,1
0.930616,-0.0625328,-0.526099,0.314856,0.271765,-0.0151342,-0.100697,0.256574,-0.729699,-0.0628878,0.137147,-0.660638,-0.190216,0.227604,0.614374,-0.666246,-0.0441706,-0.872435,0.707599,1.19268,-0.108333,0.441619,-0.349115,-0.488064,0.244812,-1.12971,1.39107,0.070956,0.242075,-0.00554639,-0.170578,-0.107779,0.440096,0.825638,1
0.0748115,1.05395,0.436035,0.12924,0.305001,-0.135814,-1.18337,0.117789,0.299277,0.500332,-0.398322,-0.665123,0.598166,-0.520346,-0.138901,-0.258979,-0.36878,-0.0432447,1.08828,-0.442365,0.424245,-0.742292,-0.0355961,-0.219599,0.50418,-0.37551,-0.892763,-0.288091,-0.245821,0.219146,0.138977,1.27331,0.562485,0.835826,1
-0.121386,0.227831,-0.71164,-0.220444,0.751031,-0.371266,0.64331,-0.456979,-1.18403,0.317717,-0.0197797,0.569251,-0.769172,-1.05397,0.393016,0.194707,-0.182418,-0.0467926,0.332547,1.16099,0.0429898,0.435208,0.57093,-0.176376,-0.183148,0.787683,-0.675217,-0.232625,-0.271412,-0.308163,0.325498,0.0144543,0.525531,0.910791,1
-0.118195,-0.596357,-0.328078,0.676982,0.137604,-0.0529127,0.145861,-0.694263,0.416654,0.0921205,-0.174858,-1.31112,0.0396726,-0.287717,0.711262,-0.716212,-0.240502,0.111599,-0.698861,-0.1485,-0.229268,0.181868,-0.261273,0.160964,-0.623753,0.0825419,-0.377004,-0.226082,-0.158541,-0.0893312,0.142628,-0.346657,0.45104,0.927784,1
0.265763,-0.490304,0.654043,-0.0733949,0.113461,0.485108,0.445082,-0.605096,0.185703,-0.823853,0.134977,0.617057,-0.0299451,0.312245,0.411404,-0.146188,0.389913,-0.253568,-0.372112,0.584297,0.195399,0.653407,-0.834213,0.776213,-0.234801,0.541666,0.148121,0.26955,0.659111,0.534933,0.633772,-0.134891,0.472084,0.922459,1
-0.638881,-0.190501,0.0362471,0.0195927,0.416791,-0.934133,0.871944,0.0805126,0.478503,0.537596,-0.669313,-0.535875,0.226505,-0.502691,-0.451832,-0.24684,-0.835637,0.891731,0.116565,1.60519,0.144886,-0.349673,0.0560109,0.000959735,0.0675398,-0.170125,-0.134831,0.0234493,0.404526,0.211357,0.421297,-0.572762,0.462841,0.876863,1
-0.895113,-0.877716,0.49139,-0.745282,-0.0251645,0.269259,-0.161164,-0.562983,-0.026119,-0.253743,1.00646,-0.11607,-0.167236,-0.357313,-0.488292,-0.0783319,-0.264499,0.112105,-0.935041,0.222171,-0.0762121,0.318313,-0.0470161,-0.0638277,-0.366959,-0.0599313,-0.0787988,-0.170847,-0.56048,0.294651,0.326643,-0.317997,0.500004,0.851006,1
-0.606467,0.610199,-0.0719861,0.323607,-0.00161085,-0.262168,-0.113563,-0.520608,-0.0539555,0.664498,0.154762,-0.035576,0.303644,0.401249,-0.643523,-0.424379,0.295947,0.285104,0.700697,-0.347487,0.979771,0.397715,-0.150267,0.129991,0.0948167,0.0121988,-0.437379,0.101548,0.308937,0.698396,-0.109227,0.68256,0.544304,0.829478,1
0.000651229,0.180581,-0.877254,0.235804,0.404707,0.335083,-0.293161,-0.946482,0.344668,0.324183,-0.379385,0.518857,-0.149498,-0.0311363,0.0597199,-0.568478,1.05771,-0.964317,0.197612,1.47047,-0.0255906,0.538611,-0.536064,0.0162921,0.181479,-0.780203,-0.738121,-0.158651,-0.353795,0.608011,0.430946,-0.375072,0.45432,0.792199,1
-0.159589,0.507391,-0.57247,-0.137375,0.0371202,0.697108,-0.332906,0.392513,0.0262239,-0.797808,-0.407902,0.591834,-0.24964,-0.922052,0.120636,-0.603012,-0.703597,0.403417,-0.812792,1.1387,0.193737,-0.696396,0.544312,0.233296,-1.15491,-0.330489,0.564378,-0.215011,0.0134109,0.577034,-0.368725,0.540601,0.499864,0.826889,1
0.0729234,0.102231,0.173519,-0.577858,0.554448,-1.22771,0.349486,-0.274873,0.118583,0.0350661,0.463641,0.266914,-0.223,-0.613506,0.70209,0.257722,-0.472033,0.589293,-0.449425,-0.419196,0.55293,-0.380003,-0.205481,-0.566854,0.730871,0.149995,-0.163241,-0.196145,0.806175,0.55095,0.232472,-0.676024,0.546907,0.914477,1
-0.53309,-0.0427814,0.26768,-0.578573,0.558421,0.0235005,0.5266,0.294932,-0.589263,-0.173875,-0.0776057,-0.573098,-0.191327,-0.568531,0.669416,-0.00961865,-0.00809633,-0.248073,-0.261449,0.731679,0.144345,0.157825,-0.917872,-0.0792843,0.964025,0.312757,-0.407656,-0.215497,0.794416,0.115026,0.0606712,-0.498546,0.492002,0.914156,1
-1.03656,0.241905,-0.185667,0.230314,-0.409809,0.00668332,-0.0376532,-0.590097,-0.487559,-0.700816,-0.0418273,-0.0199913,-0.173371,0.149127,-0.00571277,-0.391058,0.0871628,-0.156196,0.856413,0.27528,-0.070855,0.427784,0.325691,0.327487,-0.10244,0.479229,0.651493,-0.830076,-0.289105,0.0577386,-0.263493,1.10223,0.565944,0.861666,1
-0.472267,0.0179325,0.245546,-0.93112,-0.0184291,-0.231056,0.256049,-0.261792,0.102314,0.547827,-0.0552924,-0.0646525,0.308118,0.408587,0.535649,1.13878,-0.408667,0.119369,0.323651,-1.04505,-0.649377,0.580248,-0.684803,-1.23899,0.543781,-0.0157825,-1.03395,-0.190632,0.603419,-0.327662,-1.40543,-0.563632,0.490689,0.897204,1
-0.639695,-1.28727,0.37007,0.123581,-0.291552,-0.301529,0.0671131,0.974806,0.251773,0.594722,-0.276943,0.176437,0.339303,-0.788024,-0.141507,-0.151175,0.643059,-0.102763,0.351887,-0.157241,0.954764,0.824576,0.787004,-0.00515059,-0.144494,-0.0519504,0.302842,0.489671,-0.148614,0.216376,0.999115,-0.175975,0.57958,0.895947,1
-0.633518,-0.227815,-0.0527905,0.916562,0.241331,0.48747,-0.113904,-0.265531,-0.313549,-0.354805,0.34017,0.66752,0.324834,0.0800021,-0.0166388,-0.0444809,0.00781394,-0.305605,0.716234,-0.0937985,-0.486724,0.460243,0.0853479,-0.795087,-0.934064,0.748016,0.589834,-0.444891,-0.838728,-0.563651,-0.51576,-0.465949,0.524484,0.760036,1
-0.302051,0.383122,1.08344,0.0510058,-0.606016,-0.307874,-0.131104,-0.414495,0.134949,0.282683,0.73577,0.771228,-0.456334,-0.566375,-0.365573,-1.25309,-0.459166,0.0664333,-0.102709,0.313089,-0.968279,0.0642809,-0.141093,0.898525,0.0596273,-0.0640954,0.410239,0.0269763,-0.594335,0.00534154,0.0950776,0.139729,0.436474,0.929658,1
0.196946,0.173713,-0.0663531,0.0567525,-0.769598,0.312516,-0.458136,0.970184,0.0773622,0.0861057,0.314741,-0.453286,-0.300244,0.325778,0.389615,-0.303294,0.354365,0.0843767,0.89988,0.820485,0.0604091,1.07327,-0.0355883,0.22614,-0.760703,0.695232,0.27022,0.618494,-0.648953,0.699752,-0.282288,0.618454,0.540039,0.861538,1
0.356125,1.06856,-0.254625,-0.0834198,-0.392139,-0.383711,-0.895576,0.297245,0.30305,0.690462,0.125316,-0.681557,0.0739348,0.0391762,0.470733,-0.969729,-0.306207,-0.0635313,-0.757186,0.0403886,0.36896,0.156633,-0.434018,0.00945751,-0.35405,0.449758,-0.953949,0.0469351,0.327947,0.0860651,1.30072,0.990731,0.452801,0.908736,1
0.022976,0.47734,-0.191073,0.228086,0.184933,-0.0436963,-0.813202,-0.159071,-0.0417111,0.608599,0.111516,0.0370533,0.737697,0.0109368,0.404327,0.299502,0.0287963,0.261215,0.691917,0.244097,0.517474,0.10071,1.60904,-0.330047,-0.266581,-0.338972,0.436376,-0.214189,0.226571,0.142998,0.673052,0.687881,0.420988,0.850703,1
0.0995581,-0.866552,-0.37913,0.461906,-0.162264,0.38703,-0.277348,-0.572666,0.331958,0.237563,-0.15403,0.192119,-0.757228,0.0210865,-0.1648,0.28515,0.292656,-0.579715,-0.0124247,1.06814,-0.845601,0.124167,-0.206363,-0.412667,-0.52312,-0.918462,0.357702,-0.758915,0.157025,-0.0666797,0.0735882,-0.788175,0.461179,0.872952,1
0.95,0.88,0.030714,0.071505,-0.117431,-0.489548,0.382189,-0.0530452,0.0525472,0.282662,-0.0763157,-0.226893,0.206947,-0.132785,0.433814,-0.192161,-0.184364,0.196307,0.385852,-0.223822,0.482851,0.250755,-0.33697,-0.38827,0.23871,0.121008,-0.439752,-0.412697,0.0824553,-0.0301745,0.270315,-0.285818,0.48,0.2,0
0.185472,-0.550567,-0.27775,-0.337442,0.683539,0.175085,-0.376434,0.224875,-0.115406,0.0423969,0.926722,-0.292974,-0.369128,0.175401,0.0199342,-0.414536,0.0200653,-1.09538,0.190908,-0.473533,0.754435,0.125313,-0.488405,0.40297,0.371069,0.899615,0.364105,0.943836,0.27894,-0.919345,-0.262842,-1.25452,0.48615,0.779671,1
-0.0478065,-0.215893,0.672131,-0.494792,-0.428737,0.702933,0.924677,0.243547,0.718324,0.229356,0.362207,-0.558041,0.291741,-1.50606,0.301166,0.323663,-0.713721,0.762771,0.849918,0.373625,-1.09646,0.221702,0.0354354,-0.518023,0.21707,-0.425491,0.0724439,-0.150293,-0.232694,0.418761,1.12664,-0.844631,0.54173,0.923683,1
0.81878,-0.663884,0.248968,-0.578936,-0.775113,-0.672269,0.466859,0.163402,-0.828751,0.542693,-0.167525,-0.0958247,-0.632314,0.426871,0.0359698,-0.463733,-0.30918,-0.520269,-0.70576,-0.19991,0.431373,-0.394156,-0.830369,0.961966,0.843064,0.183066,0.303529,-0.0777716,0.240305,-0.287699,0.312698,0.239382,0.497102,0.8053,1
1.11513,-0.333915,0.665938,-0.151061,0.323431,0.0949155,-0.26291,-0.158385,0.356697,-0.602528,0.178554,-1.07087,-0.19379,0.750819,0.0912248,-1.1781,-0.826195,0.110158,0.215339,1.21578,-0.240652,-0.539042,-0.444767,-0.354066,0.823198,0.254785,-0.126144,-0.218078,0.235574,-0.186679,-0.41843,0.0943247,0.423805,0.806166,1
-0.124036,-0.470504,-0.2904,-0.765732,-0.129036,0.229017,-0.0109236,-0.545637,0.528699,-0.350832,-0.0788462,0.512054,0.574133,0.831609,-0.515503,1.45816,-0.169163,0.139012,-0.720175,0.790036,-0.107638,-0.325149,0.237956,0.708696,0.418166,0.0612986,0.309531,0.244336,0.0934139,0.328194,0.296382,-1.3091,0.576193,0.853864,1
0.476342,0.0130965,-0.0753583,0.00464918,-0.240036,0.0504612,-0.254145,0.475094,-0.842147,0.224612,-0.557388,0.605446,-0.209786,-0.210544,0.939449,0.188654,-0.374383,-0.280726,-0.805471,0.241471,-0.210619,0.0862069,0.881276,0.492438,-0.470707,0.259856,0.102043,0.248226,-0.176362,0.177172,0.250103,0.70849,0.528394,0.907341,1
0.0682857,0.457954,-0.76079,1.01828,0.322073,0.0215388,0.499836,-0.190624,0.0446019,-0.246495,0.00332373,0.817106,0.433127,-0.469945,-0.285476,-1.38806,-0.0601587,0.0197745,0.363035,-0.183754,0.0012773,-0.239292,0.538848,-0.322306,-0.364153,0.277814,-0.0681225,-0.0977676,-0.641438,-0.74788,0.174017,-0.301666,0.487142,0.913552,1
0.295649,-0.86663,-0.671275,0.15216,-0.692816,-0.395793,0.456516,-0.668591,-0.349065,-0.394477,-0.297453,0.232207,-0.242834,-0.643603,0.182316,-0.371319,-0.452268,-0.929695,0.439185,-0.285676,-0.388294,0.183642,-0.811179,-0.200834,0.117546,-0.519156,0.0569919,0.32526,0.398625,-0.980017,0.722501,-0.685556,0.477207,0.936347,1
-0.00665,-0.516706,-0.999115,-0.697966,0.534131,0.854293,0.407176,-0.349082,1.00836,-0.222524,-0.191405,-0.923603,1.01361,0.24039,-0.074489,-0.0743508,-0.531121,0.0606951,0.261373,-0.190021,0.631129,0.307926,0.139748,0.153237,-0.0514952,0.211928,-0.20035,-0.152834,-0.348651,0.843923,-0.344662,0.699634,0.48426,0.827807,1
-0.345035,0.210845,0.0688224,0.791733,0.473274,0.107117,-0.100575,-0.416905,-0.320706,0.787009,-0.977869,-0.823787,0.925854,0.398861,1.65651,-0.156474,-0.617094,-0.782797,-0.037061,-0.0765614,0.31377,-0.11783,-0.622719,-0.650644,-0.482392,-0.147238,-0.543989,0.0638002,0.296403,0.593135,-0.587791,0.0157945,0.438369,0.890966,1
0.274689,-0.18848,-0.0798268,0.461623,-0.236962,0.908237,0.215377,0.238708,-0.202795,-0.213769,-0.22298,0.238791,-0.647809,0.048852,0.162133,-0.0469609,-0.203837,0.201666,0.273612,-1.01685,-0.109421,0.228722,-0.381879,-0.771237,-0.737474,-0.706197,-0.0701077,-0.166664,-0.0129396,0.636603,-0.395337,0.290857,0.549764,0.850427,1
-0.119789,-0.322954,-0.21775,0.886062,0.0208283,0.266473,-0.395525,0.815027,-0.132484,-0.906047,-0.649709,0.199846,0.148677,0.119297,0.934323,-0.255989,-0.190276,-0.221905,0.797036,-0.656711,0.900126,0.119319,0.448789,-0.336185,-0.266064,-0.175252,-0.468493,0.163551,0.336914,-0.256105,0.778559,0.0675316,0.482238,0.898947,1
-0.56855,0.0974185,-0.868655,-0.250233,0.322964,-0.259614,-0.634949,-0.0471926,0.262692,0.0116742,-0.431153,-0.0783506,1.09865,-0.418202,-0.25591,0.723367,-0.408811,0.249492,-0.328381,0.293046,-0.0379206,-0.798745,-0.440238,0.430534,-0.959556,-0.223116,0.284601,0.528014,-0.454101,-0.153241,0.794235,-0.416074,0.505246,0.931115,1
-0.524907,0.476829,0.301833,-0.0589136,-0.0101061,0.430376,0.216846,0.152297,0.00599429,1.1545,-0.226612,0.219334,0.438536,0.108309,-0.100838,0.401138,0.352027,-0.113237,0.23446,0.116097,-0.270122,0.248957,0.407636,-0.288411,0.335141,0.53444,-0.552065,0.118441,-0.537281,0.391933,-0.682299,-0.165128,0.503008,0.822999,1
0.197625,-0.79934,-0.32699,0.109351,-0.00770379,0.462934,0.241967,0.258048,-0.0150398,-0.254648,-0.00215319,0.18721,-0.499476,-0.00231495,-0.0866281,0.941821,-0.465253,0.125064,-0.349071,0.61482,0.245471,0.143353,-0.111865,0.567799,0.038442,0.00407398,-0.36528,-0.448076,-0.347714,0.182728,-0.245989,-0.0140212,0.458101,0.920564,1
-0.1558,0.242992,-0.530673,-0.382044,0.357634,-0.819312,-0.0119344,0.989612,-0.0851691,0.762958,-0.604699,0.843286,-0.352916,0.323504,-0.949444,-0.661501,-0.270533,-0.0268115,-0.0748389,0.124553,-0.0861018,0.108605,-0.823928,-0.208817,-0.145094,-0.810863,0.285839,-0.438554,-0.263423,-0.0459322,-0.438792,-0.440486,0.457853,0.881484,1
-0.180359,-0.367699,0.967923,0.354439,1.33819,-0.570431,-0.0733036,-1.17309,0.510438,-0.22007,0.172381,-0.276572,-0.80145,-0.145999,0.100756,0.0988088,-0.178966,-0.603969,0.157398,-0.172065,-0.13931,0.304688,0.246937,0.566542,0.675947,0.133779,-0.738033,-0.798687,0.18765,-0.20481,-0.180819,-0.869289,0.492799,0.864419,1
-0.720185,-0.581542,-0.203216,-0.238738,-0.184247,0.62421,-0.211692,0.850372,-0.308124,-0.535316,-0.776639,-0.102382,0.0873347,0.344959,-0.522783,0.0979241,0.150254,0.545581,-0.16518,-0.539424,0.351806,-0.587564,0.0779368,-0.520577,-0.161376,-0.178205,-0.0867742,-0.559862,-0.829297,0.40406,-0.811275,-0.696973,0.454707,0.836866,1
0.181521,0.504223,0.0336132,0.303094,-0.00912047,-0.486589,0.285486,-0.369277,0.328323,0.409277,0.695649,-0.429698,-0.00217428,0.0853594,0.136154,0.42433,0.329222,-0.73732,0.336805,-0.827273,-0.489468,-0.138128,-0.839208,-0.634461,-0.105079,-0.037578,-0.173182,-0.406246,-0.278316,0.778988,0.476976,0.0615439,0.504902,0.807206,1
-0.0658422,0.155071,0.354419,-0.5969,0.435083,0.138231,-0.426431,-0.822569,0.186571,-0.581664,0.109638,0.756776,0.551216,0.617352,-0.356623,0.438202,-0.00130869,0.161652,-0.189641,0.606111,-0.75499,-0.275539,-0.325816,0.813357,-0.352762,-0.600262,0.0367531,0.340593,-0.488411,0.270798,0.333862,0.0136647,0.483414,0.892584,1
-0.959577,0.359436,-0.691279,0.951082,-0.270117,-0.369211,-0.372253,-0.093702,-0.570924,0.34083,-0.787047,0.532743,-0.166426,0.152095,0.334953,0.681893,0.525797,0.424375,0.258345,0.814523,0.0589108,0.439294,-0.200368,-0.235602,-1.15525,0.207194,-0.565612,0.374466,-0.0257823,0.0630736,0.139675,-0.639444,0.534546,0.802834,1
0.711108,0.638182,0.279229,-0.0698974,0.193117,0.239221,1.01949,0.42916,-0.0150674,0.567384,0.50937,0.368623,0.206482,0.219329,0.209595,0.463107,0.695976,0.127223,0.503077,0.174256,0.126367,0.313064,-0.0102023,0.764595,0.890828,0.562012,-0.531432,0.100268,0.10393,0.0291316,0.474992,-0.674258,0.521232,0.926677,1
-0.421621,-0.0745123,0.81506,-0.806958,0.238601,0.322058,-0.278866,0.328401,-0.190027,0.65899,-0.48566,0.391845,-0.277371,0.615561,0.50132,0.1983,0.573432,0.715092,-0.49374,-0.691991,-0.0644916,-0.292214,-0.15111,0.472375,0.0289406,-0.168203,0.0526588,-0.0969631,-0.698543,-0.484193,-0.082556,0.159792,0.568436,0.815327,1
-0.397362,-0.291117,-0.154923,-0.0870783,0.21668,0.68272,-0.918001,0.180234,-0.3092,-0.101034,0.270154,-0.353555,0.189327,0.287632,-0.469527,-0.0998489,0.35582,-0.679908,0.482074,0.104896,-0.158431,-0.414382,-0.433179,0.12481,-0.634706,1.20119,0.422608,0.430238,0.29261,-0.490088,-0.867141,-0.721687,0.480703,0.802663,1
-0.0476129,-0.320798,-0.368021,0.147003,0.614176,0.364522,-0.30946,0.368575,0.214904,-0.708319,0.452449,-0.830982,-0.577757,-0.128665,-0.691562,0.32084,-0.438667,-0.0838224,0.812376,-0.439256,-0.34264,-0.0791307,-0.309916,0.485192,0.0993265,0.193013,-0.0276179,0.662197,-0.0500866,-0.933382,0.331553,-0.44863,0.561634,0.771866,1
-0.148545,0.0846283,-0.124618,0.264739,-0.18538,-0.432156,-0.165039,0.703441,0.710828,0.183903,0.751384,-0.0172407,-0.215125,0.230745,0.61055,0.379837,-0.528409,0.29526,-0.662443,0.267732,-0.14477,-0.786614,0.381721,-0.0310902,0.153631,0.303589,-0.283256,0.682853,0.088404,-0.217574,0.0686297,0.249078,0.569907,0.7654,1
-0.155301,0.377504,0.461808,-0.134616,0.599396,-1.11792,0.370367,-0.542134,0.292301,0.214909,-1.48323,-1.10052,-0.386723,-1.00515,0.115058,-0.900269,0.0461051,0.497358,-0.389904,0.324305,-0.966447,0.64269,1.04395,-0.59292,0.283654,0.633893,-0.694337,0.00655993,0.658397,-0.138043,-0.548099,0.0157348,0.574117,0.898627,1
-0.174115,0.609132,-0.466472,-0.638054,-0.106899,0.486281,-0.832858,-0.52203,-0.382527,-0.238524,0.0488223,0.123385,0.278264,-0.122124,-0.526296,-0.147248,-0.199418,-1.09173,-0.332217,-0.588127,-0.454684,0.642883,-0.470484,0.0264361,0.105318,-0.0156944,-0.1322,0.191325,0.481783,0.648271,-0.253149,0.111707,0.437851,0.928947,1
0.0353497,-0.586111,0.652895,0.0818798,-0.904567,-0.0722404,0.121226,-0.928552,-0.392205,-0.820783,0.172556,-0.398937,0.139363,0.276363,-0.197341,0.178621,0.665482,-0.64444,-0.163297,0.746456,-0.034933,0.129909,-0.0455914,-0.710594,0.329286,0.168484,0.407982,-0.0654445,-0.386918,-0.807315,1.00503,-0.192156,0.464877,0.826885,1
-0.643474,-0.153627,0.37461,0.458213,-0.909765,-0.16559,0.586621,0.503213,-0.11508,0.638263,-0.420732,0.334043,-0.199442,-0.119839,-0.146737,-0.932501,0.0720915,0.473133,-0.308002,-0.287693,0.216132,-0.351783,0.460682,-0.118267,-0.613916,-0.552847,0.310813,0.0189833,-0.220451,0.03382,-1.4489,0.265619,0.473629,0.922831,1
-0.249186,0.076305,-0.974412,-0.21535,-0.542769,-0.269712,-0.601717,-0.567378,0.224951,-0.385916,0.52297,0.667419,0.0536701,0.50537,-0.248241,-0.585539,-0.3503,0.379519,-0.203169,-0.246195,-0.234295,0.373145,0.0329906,-0.900553,-0.903565,0.508909,-1.19908,-0.219036,0.726634,0.600371,-0.106351,0.861018,0.483991,0.818792,1
0.414048,-0.369986,0.321569,-0.661952,0.450663,-0.107092,-0.522243,0.408035,-0.230761,0.443442,0.266454,-0.707032,0.0501092,-0.775146,0.37591,-0.290062,0.265172,-0.218337,0.409271,0.144168,-0.540598,-0.448898,0.378051,0.644378,-0.20478,-0.0968531,-0.757677,0.389997,-0.140958,0.1447,0.257876,0.0489496,0.513315,0.875426,1
0.697818,-0.490087,-0.143469,-0.396168,-0.00688675,-0.478549,0.365356,0.384335,0.531058,-0.153039,-0.351863,-0.348878,-0.20783,0.804462,0.772149,-0.184564,0.301707,-0.254005,-0.930129,-0.333871,-0.277809,-0.506379,-0.137892,-0.609653,0.317145,0.47412,-0.569184,-0.324601,-0.663536,-0.127653,0.0646941,-0.183018,0.492911,0.831018,1
0.667028,0.294012,0.13872,-1.01568,0.226536,0.463229,-0.60609,-0.0204949,0.555315,-0.464795,0.0846665,0.345163,1.06687,-0.692628,-0.375194,-0.326984,-0.402203,-0.779439,-0.278307,-0.160636,-0.275441,-0.498919,0.984794,-0.013325,-0.299365,0.222337,0.800999,0.251055,0.094655,-0.195258,0.662686,0.201171,0.465957,0.928887,1
-0.614809,-0.769592,0.627168,0.0181026,0.0714073,0.082238,-0.819113,-0.110082,-0.275441,-0.371207,0.16778,0.0727194,0.46174,-0.0524042,-0.781006,-0.515181,-0.619837,-0.254272,-1.15434,0.463334,0.149862,-0.587305,-0.1563,-0.0461523,0.776176,-0.0754311,0.169432,-0.974901,0.0695566,-0.365287,-0.199984,-0.107503,0.492071,0.88959,1
-0.501427,0.0650744,-0.249326,-0.155009,0.246912,0.185832,0.46083,-0.918629,-0.430144,-0.211512,0.547469,0.700766,0.0402426,-0.352389,-0.682515,-0.995675,-0.313671,-0.351305,0.191141,-0.924345,0.627071,0.299481,-0.942098,0.0158009,-0.80826,0.696005,0.27626,0.837681,0.431492,0.101508,-0.152785,0.292777,0.448815,0.856378,1
0.108102,-0.4827,-0.703034,0.343099,0.462502,-0.283813,-0.884523,0.829739,0.0834575,0.386345,0.00360079,0.692881,0.298021,0.455105,-0.357527,-0.0539489,-0.241243,0.54438,-0.861171,0.042028,0.0591007,0.247833,-0.390694,0.575066,0.582319,-0.186696,-0.412799,-0.705759,-0.00158664,-0.504414,-0.0568936,0.34223,0.459727,0.882434,1
-0.193525,0.798082,-0.0618408,0.257074,-0.413471,0.318488,0.589955,-0.850763,0.262518,-0.696327,0.182266,-0.735207,-0.396521,-0.00804773,-0.614615,-0.586692,-0.144834,0.429759,0.393979,1.02729,-0.215065,-0.453707,-0.151433,0.172187,0.140015,-0.0882753,0.273551,-0.209544,0.111362,-0.170163,0.712481,-0.0936842,0.432925,0.945584,1
-0.661231,0.928368,0.316725,0.761882,0.0927193,0.402735,-0.375303,0.161051,0.533008,0.217337,-0.199601,-0.184908,0.877112,0.74618,-0.748243,-1.09969,0.498639,0.0647367,0.164706,-0.200911,-0.39999,0.311274,0.0237469,-0.169601,0.412696,0.175338,-0.821817,0.192968,-0.950226,-0.0765809,0.523352,-0.25165,0.447457,0.883455,1
-0.219156,0.294835,-0.200061,-0.405445,0.425855,0.769818,-0.00401304,0.390832,0.421383,-0.555155,-0.0588201,0.129088,0.04304,0.413298,0.417431,0.563556,-0.964163,-0.0351766,-0.00312354,0.162985,-0.0586173,-0.244351,0.49487,-0.71758,0.503061,0.781646,0.283077,0.499182,0.614324,-0.483016,0.484595,-0.325719,0.526879,0.947093,1
0.339243,-0.0322116,0.520524,0.258016,-0.029245,0.324286,0.066504,-0.29955,-0.412729,0.223843,0.771868,-0.148127,-0.49362,-0.0632963,-0.397302,-0.0934585,-0.0154204,-0.00377593,-0.131476,-1.24624,-0.0140942,0.823881,-0.203244,-0.0641654,0.638184,-0.723702,0.811202,-0.0766673,0.068588,0.0114181,0.0628845,-0.295824,0.537285,0.813658,1
0.338943,0.194316,0.190563,-0.516513,0.523638,-0.40113,-0.703962,0.57495,-0.516409,0.145616,0.575332,-0.243122,0.25667,-0.33557,0.438628,1.38554,-0.0659324,0.203733,-0.217906,0.103519,0.111169,0.0350653,-0.0251376,-0.219467,-0.53422,0.545081,-0.0825341,0.98709,-0.389737,-1.51986,-0.226453,0.20009,0.436959,0.883472,1
-0.857016,0.461587,0.888984,-1.11511,0.311177,-0.207783,-0.353075,0.121603,-0.123987,-0.325633,0.72837,-0.534781,0.0885036,-0.864835,-0.201677,0.130482,-0.232278,0.21563,0.42034,0.189099,0.788636,-0.287464,0.0313686,0.175054,0.221738,-0.126594,0.0309887,-0.192676,-0.324116,0.885104,-0.179511,0.300494,0.435634,0.915859,1
0.00126352,-0.455614,-0.865081,0.285502,-0.31909,0.408107,0.118648,0.166873,-0.0443388,0.281167,0.406862,0.425931,-0.234017,0.82506,-0.171927,0.627639,-0.151114,0.270707,-0.201554,0.235449,-0.469194,0.778944,-0.250272,-0.868011,-0.497666,-0.681846,-1.17792,0.482308,-0.116458,0.524921,-0.617836,0.479941,0.424099,0.906366,1
-0.31621,-0.125907,-0.62411,-0.38871,-0.356138,-0.323104,0.85527,0.705779,-0.205248,-0.0653461,-0.907297,-0.780863,-0.773011,0.729732,-0.0402975,-0.381708,0.411562,0.307962,-0.41713,-0.481168,-0.0559604,0.542982,0.22757,0.1753,0.166826,0.151775,0.00633873,-0.377224,-0.422776,0.676927,0.437778,0.604785,0.435586,0.894004,1
-0.151713,0.244425,-0.581845,-0.100772,-0.233459,0.178988,-0.120555,-0.0968727,0.245723,0.30857,-0.595784,0.451617,0.213542,-1.06828,0.0923389,0.422145,-0.067578,0.15857,-0.918471,0.544066,-0.130907,-0.0923342,1.4027,0.0255704,-1.01013,0.147862,1.07691,-0.795874,-0.64574,0.548647,0.933627,0.217574,0.458172,0.81798,1
-0.342146,-0.507519,-0.0425669,-0.201324,-0.624252,-0.54412,0.390361,0.242194,0.0634979,-0.34854,-0.30767,-0.308311,0.432103,-0.267271,-0.136537,1.0463,-0.276098,0.36059,0.0562904,0.252343,-0.455972,-0.227688,0.634154,-0.592285,-0.359628,-0.735812,-0.439014,0.0592813,-0.98937,-0.273867,-0.0138534,-0.450519,0.456311,0.821059,1
0.0183614,-0.0517962,0.942564,-0.300113,0.172565,0.26859,-0.366523,-0.179274,-0.0938649,-0.0421427,1.1998,0.457845,0.248967,0.233341,0.630966,0.42877,-0.160614,-0.180354,0.441335,0.594345,-0.448682,-0.199985,1.40808,-0.062338,-0.348405,0.0808796,0.666937,0.370854,-0.207536,-0.120752,-0.409131,0.770438,0.534494,0.806695,1
-0.210057,-0.732922,0.00799225,-0.75434,0.269715,-0.0411458,-0.00242974,-0.368176,-0.126575,-0.395738,0.30952,-1.26012,-0.0704357,0.40322,-0.563037,-0.638693,0.0590563,-0.33042,-0.373054,-0.347916,0.138541,-0.362949,0.419775,-0.203435,0.33714,0.0724169,0.413196,-0.756288,-0.903962,-0.959283,0.377371,0.0394917,0.577251,0.825026,1
0.0465733,-0.233524,0.887457,0.294949,-0.0154853,-0.159766,-0.206212,-0.372892,-0.637933,0.0791865,-0.403025,-0.726323,0.338258,-0.558575,0.618153,0.718701,0.575489,0.299392,-0.218123,-0.394782,0.328073,-0.279969,-0.336559,0.427993,-0.672421,0.124465,-0.180332,-0.409931,0.148908,0.69881,0.661577,-0.391304,0.568103,0.888628,1
-1.00802,0.426297,1.17743,-0.0673824,-0.389302,-0.555998,-0.0288144,0.0519998,0.501364,0.310841,-0.312187,0.270525,0.0717221,0.894862,-0.091508,0.0115623,0.708159,0.653123,-0.246436,0.0574516,0.404555,0.171565,0.67207,0.548202,0.522803,0.610446,-0.242863,-0.68991,-0.0527331,-0.0530612,0.190131,0.194896,0.493827,0.89708,1
0.00784505,0.285853,0.0150364,0.0466907,0.557588,-0.597612,-0.0783691,0.823315,-0.419908,-0.407818,-0.0191664,-0.856265,-0.534185,0.201968,0.0198293,0.416449,-0.14632,-0.208588,1.12922,-0.0533282,0.339338,0.19275,0.879727,-0.117839,0.0796714,-0.0720724,0.0853154,0.383499,-0.587896,-0.187293,0.244619,0.253616,0.431659,0.937402,1
-1.01481,-0.542064,0.363069,-0.314713,-0.103277,0.441231,0.681061,-0.270709,-0.16623,0.20113,-0.564833,-0.0982212,0.52032,-0.775097,0.969498,0.499937,-0.334715,-0.0234741,-0.229591,-0.191299,-0.131778,0.622972,-0.181297,-0.0243923,0.307601,0.462066,0.446762,-0.319955,-0.33771,0.115323,0.313479,-0.0715654,0.538918,0.914302,1
-0.236916,0.00624144,-0.507253,0.236279,0.148167,0.163038,-0.535392,-0.429173,-0.0859955,-0.659818,-0.48754,0.0723904,-0.429103,0.0965379,0.241441,0.129846,-0.0181542,-0.807854,-0.173839,-0.235829,-0.0584709,1.00292,0.697431,-0.194659,-0.514437,0.125158,0.170047,-0.6348,0.118167,0.321523,0.168783,-0.174258,0.429211,0.864801,1
-0.037932,-0.0324145,-0.486377,-0.321435,-0.208789,1.59143,0.318495,0.217463,-0.693486,-0.927802,-0.669748,0.424707,0.458808,-0.456742,0.560665,0.00285166,0.85478,-0.178708,0.296364,-0.168255,-0.451414,-0.358949,-0.472954,0.152204,-0.473364,0.216095,0.116649,0.28133,0.134638,-0.26084,-1.46021,-0.608137,0.493619,0.835644,1
0.291232,0.394986,-0.503768,-0.481596,0.540535,-0.384003,0.18614,-0.6676,-0.202119,0.625278,-1.07064,0.283532,-0.295982,-0.154582,-0.882997,0.579908,0.267625,-0.37972,0.197013,0.0324304,-0.71608,0.0291525,-0.192176,0.991522,-0.0358296,0.41832,-0.146761,-0.0354568,0.226572,-0.346428,-0.113883,0.232612,0.492561,0.852414,1
-0.916999,-0.0465074,-0.906234,0.0106196,0.937222,0.276729,-0.343018,-0.636392,-0.412149,-0.0995479,-0.859221,-0.71347,0.200344,0.148741,0.246026,-0.193247,-0.751021,0.544233,0.255875,-0.449043,1.02739,-0.599865,-0.73619,-0.829922,0.536633,-0.404957,-0.375611,-0.41011,-0.403449,0.827603,0.42767,-0.41281,0.451253,0.940342,1
-1.26702,0.211514,0.150422,-0.0531498,-0.410393,-0.892566,0.191675,0.398598,0.205922,-0.489341,0.00635285,-0.323007,-0.326424,-0.748498,-0.57086,0.147597,0.286603,-0.561314,0.279367,-0.449435,-0.226946,-0.248471,0.14944,-0.306172,0.698613,-0.47683,-0.100315,0.19837,-0.354283,0.204224,-0.611943,-0.234652,0.462189,0.767828,1
-0.664204,0.130781,-0.110289,-0.0909239,0.356798,-0.180123,0.0145673,0.940583,-0.468679,0.552218,1.30878,0.509651,-0.914564,-0.195902,0.2596,0.630018,-0.662498,-0.0993921,-0.311861,0.438516,-0.381955,-0.224245,1.28058,-1.08811,-0.392878,-0.17565,0.0859521,-0.334971,-0.0313558,-0.715019,-0.188735,-0.936459,0.446729,0.799406,1
-0.29954,-0.594545,0.32628,0.427705,-0.1842,-0.18849,-0.0526303,-0.922236,-0.161003,0.321376,-0.092913,-0.733578,0.438111,-0.306472,0.962258,-0.397714,0.0719913,0.0238211,0.1624,0.31163,0.450945,-0.150753,0.0317226,0.364576,-0.151243,0.423513,0.177886,-0.456455,-0.490585,0.297592,-0.314956,-1.56822,0.50515,0.844796,1
0.128719,0.478007,-0.142795,0.700575,-0.258284,0.305418,-0.537263,-1.22569,-0.0869639,-0.369946,1.02752,-0.971911,0.0557168,-0.413833,0.79503,-0.056303,0.00595046,0.319878,0.067541,0.171508,0.653062,-0.0860556,0.521207,-0.293004,-0.51808,0.568966,0.585286,-0.453316,-0.453776,0.321853,0.790473,-0.200019,0.577326,0.829029,1
0.591742,-0.745595,0.200026,1.47682,0.0865235,0.347875,0.159992,1.46901,0.460697,-0.302894,0.403614,-0.149934,0.189189,-1.22648,-0.433444,0.194607,-0.0420427,0.451916,0.127001,0.647759,-0.0531161,0.32657,-0.404278,-0.0543475,-0.0536491,-0.405125,-0.0407659,0.25528,0.228169,-0.647328,-0.0877647,0.305712,0.524955,0.791254,1
0.0403185,0.132427,0.184513,0.230087,-0.0745412,0.0404502,-0.120405,-0.210383,-0.16458,0.514955,0.995169,0.287443,-0.243317,-0.894196,0.808897,0.0640259,-0.501852,0.175498,0.53059,-0.447518,0.199594,0.496029,0.0317099,-0.949452,-0.612294,-1.11071,0.348343,0.130629,0.317925,-0.00203299,0.477576,0.0670309,0.563497,0.888714,1
-0.88636,0.125355,0.019135,0.0632914,0.0435401,-0.0488443,0.298872,0.391195,-0.350487,0.161505,-0.0228903,-0.747529,-0.0695662,-0.67047,-0.452238,-0.250016,1.16053,0.553851,-0.327837,-0.282123,-0.0211509,0.537422,-0.293208,0.359654,0.215249,0.249317,0.078999,-0.113803,-0.755011,1.2089,-0.598032,-0.0224576,0.545665,0.887611,1
-0.0405019,0.0980575,1.49458,-0.0384898,0.39051,-0.237946,-0.00514701,0.5541,0.353364,0.355296,-0.764967,-1.79873,0.754987,0.21597,-0.474784,-0.149006,0.133487,0.259529,0.193043,-0.267509,0.210994,0.531785,-0.466683,-0.184238,-0.729972,0.516845,-0.186975,-0.7436,0.533423,0.0438435,0.274984,0.816333,0.507789,0.808747,1
0.127766,0.118291,0.306176,0.604129,-0.250819,0.476127,0.069618,0.554236,0.103419,-0.873124,0.602312,0.316814,-0.147546,-0.563115,0.256462,-0.466729,-0.396629,-1.32583,-0.584909,0.291891,0.258705,0.018672,0.364171,-0.0466739,-0.218469,-0.110637,-0.679419,0.217088,0.393107,0.142891,-1.19864,-0.488005,0.432785,0.770574,1
-0.0751256,0.125937,-0.536223,-0.140734,0.261223,-0.0481911,-0.525273,0.394966,0.280217,0.317651,0.63105,-0.177897,0.248406,-0.0431287,-0.561457,0.225708,0.0884677,0.09423,-0.578238,-0.11064,1.47011,0.407485,-0.063867,0.0978351,-0.284425,-0.44699,0.191783,0.251768,0.359136,0.574429,-0.00999337,-0.422033,0.563368,0.897675,1
0.264521,1.52322,0.0627595,-0.100442,0.0631757,0.0329886,-0.341854,0.277093,1.09379,0.0193596,-0.219995,-0.159826,0.125997,0.981108,-0.722175,0.434166,0.595746,0.281441,-0.661702,-0.138023,-0.176453,-0.0511511,0.368243,-0.172525,0.0193026,-0.732193,-0.292213,-0.467429,-0.00290923,-0.854476,-0.475652,-0.796977,0.433491,0.913516,1
0.710205,-0.843966,0.558148,0.848812,0.0808574,0.415857,-0.203645,0.830303,-0.112792,-0.286737,0.193852,-0.2109,0.0810748,-0.144913,-0.13301,-0.267442,-0.0929653,0.272484,-0.320843,0.139051,-0.681229,-0.405785,0.00399766,1.34681,-0.204325,0.618557,-0.194784,0.871488,-0.0346102,-0.322482,-0.455038,0.338261,0.516425,0.922055,1
0.660694,0.31157,0.173629,0.00761828,0.290649,-0.0355996,-0.169628,0.264767,-0.0938943,-0.587024,-0.460497,0.350057,-1.14177,0.167676,0.178938,-0.222577,0.466317,-0.463642,0.933058,-0.301028,-0.162341,-0.0964016,0.521463,-0.500068,0.223419,-0.554752,0.643775,-0.490373,0.125315,0.343958,0.251148,0.249106,0.543192,0.792119,1
0.589855,0.708387,-0.362785,0.591927,0.295916,-0.00911788,0.311726,0.320587,-0.351723,-0.204371,-0.666333,-0.281051,-0.0657691,0.125318,-0.0161722,-0.133116,0.168835,-0.668815,-0.851722,-0.604316,-0.768299,-0.0121183,-0.414121,-0.667593,-0.474621,0.276243,0.305464,0.568825,0.397006,-0.545378,-0.15047,-0.823338,0.450798,0.761992,1
0.725854,0.548539,0.10648,0.457725,-0.387218,-0.266161,0.29962,-0.66276,0.219028,-1.14331,0.143642,0.0494335,0.0229601,-0.0924939,-0.129761,-0.598464,-0.306202,0.218213,-0.672556,0.127596,0.42152,0.43861,0.63207,0.13191,-0.281345,-0.145689,0.280276,0.0527771,-0.299863,0.144857,-0.568712,0.225429,0.50522,0.881189,1
-0.0454987,0.151146,0.254088,-0.579769,0.74181,0.447031,-0.765428,0.683965,0.567296,-0.0475093,0.199614,0.703193,-0.728424,0.135097,-0.0351916,-0.696064,0.340379,-0.163862,-0.144121,0.163543,-0.449192,0.205947,-0.176666,0.45687,0.0817362,0.3561,0.0944465,-0.517319,-0.0549805,0.897896,0.278712,0.699081,0.502348,0.923373,1
0.499305,-0.664204,0.374759,-0.275221,0.535775,-0.393287,-0.057895,1.02656,0.0944726,-0.129559,-0.140529,0.0245735,1.07099,-0.0216989,-0.319766,0.185799,0.140423,0.484348,0.507402,0.125847,0.62898,1.18145,0.988714,-0.288927,-0.437171,-0.467402,-0.0515756,-0.272992,-0.553603,-0.956287,-0.19329,-0.304114,0.479032,0.886641,1
0.261704,0.555605,-0.486972,0.918009,-0.815144,0.139636,-0.42498,-0.722169,0.393856,0.0218805,0.231755,-0.54427,0.810835,0.152936,-0.409108,0.40346,0.335016,0.381979,-0.222533,0.539204,-0.190788,-0.18209,0.621904,-0.555846,0.0821767,0.430062,-0.369845,0.000518955,-0.0274461,-0.159824,0.154444,-0.11648,0.503878,0.883255,1
0.376192,0.263971,0.11335,0.392862,0.127707,7.95,0.370266,0.104387,0.338301,0.215216,0.189965,0.306869,0.354561,0.363949,0.382375,0.179414,0.194676,0.251822,0.205742,0.139613,0.377551,0.254894,0.258894,0.237103,0.203019,0.397245,0.305391,0.17232,0.221734,0.201497,0.23153,0.330635,0.52,0.82,1
0.343963,0.180546,-0.345042,-0.337733,-0.0577049,-0.630977,-0.00114452,-0.311757,0.144918,0.153239,0.438844,0.102997,0.124753,0.0492317,0.51881,-0.0751744,-0.570166,1.63112,-0.0172087,-0.429772,0.0374781,-0.0544115,-1.02962,0.334903,-0.582341,-0.510264,-0.0155241,0.223365,-0.0538038,-0.928499,-0.178251,0.514737,0.508412,0.911927,1
0.454707,-0.688029,0.345865,0.245724,0.528372,0.0390451,0.76563,-0.255092,-0.312402,0.398464,-0.595479,-0.411101,-0.306326,-0.510907,-0.315611,0.0288264,-0.376435,0.464862,0.151982,-1.14557,0.0448559,-0.916244,-0.433533,-0.195359,0.612947,-1.44157,0.482549,-0.0759398,0.137368,0.40115,-0.136406,0.0399835,0.540212,0.90905,1
0.61816,0.768118,-1.60107,-0.252669,-0.972902,0.159956,-0.271745,0.0890177,0.0142196,-0.0869896,-0.831448,-0.144162,-1.30996,0.878644,0.0649988,-0.608779,0.43753,-0.129138,-0.307748,1.11791,-0.181592,0.57123,-0.387547,0.175162,0.20762,-0.144317,0.630714,0.286442,-0.678535,0.130024,0.235269,0.116917,0.532119,0.885933,1
0.303375,0.518681,-0.402355,0.0932119,-1.47211,-0.12762,-0.0715683,-0.029618,-0.873953,0.159057,1.52736,-0.758904,-0.771281,-0.288887,-0.127335,0.9394,-0.0453725,0.0431362,0.0929365,0.0498708,0.370241,0.49568,-0.888877,0.343179,-0.372506,0.0634097,0.4212,0.959955,-0.472452,-0.460041,0.113162,0.204034,0.488842,0.777209,1
-0.134403,-0.660161,-0.416364,-0.122329,-0.425923,-0.00651727,0.675078,0.202165,-0.0722313,-0.0780649,-0.631007,0.215995,0.434207,0.272717,-0.213413,0.325855,-0.315451,0.112813,0.419228,-0.275299,-0.559204,0.225557,-0.360063,-0.663608,-0.130235,0.436456,0.677615,-0.0430552,-0.118623,-0.285747,0.523768,0.752167,0.458113,0.814463,1
-0.774826,-0.00675072,1.23291,1.66083,0.383775,0.770628,-0.106299,0.653444,0.72128,0.682981,0.236711,0.323718,0.0719462,0.247369,-0.540295,0.722559,1.05945,-0.775038,-0.450347,-0.223278,0.0696151,-0.190523,-0.21683,0.173559,0.872553,-0.118657,0.0405859,0.707096,-0.167064,0.504222,-0.249199,0.300447,0.460053,0.806987,1
-0.13018,-0.0365182,0.560201,0.525025,-0.947111,-0.132988,-0.799238,0.149762,-0.315295,-0.667334,-0.232153,0.804294,0.179359,0.167066,-0.267263,-0.648999,-0.716223,0.194848,-0.379757,0.108138,-0.430884,0.579552,-0.494733,0.223112,0.154117,0.542803,-1.03281,0.617064,-0.413889,-0.89289,0.645607,-0.200382,0.488346,0.874763,1
0.83961,0.545773,0.0828774,-0.254645,-0.511777,0.0510549,0.288416,0.0535677,-0.454714,0.548616,-0.808346,0.27601,0.00798199,-0.290187,0.128801,0.868086,0.462634,-0.00559217,-0.436676,0.72265,-0.471494,0.833653,0.189316,0.597726,0.5662,0.406191,0.330489,0.489769,-0.234528,-0.146329,0.246719,-0.100911,0.537424,0.856571,1
0.238815,-0.14891,-0.123016,0.196391,0.12366,-0.565581,-0.385631,-0.41664,0.14048,-0.491772,-0.179744,-0.519321,0.0370643,0.404118,0.573879,0.859618,0.231375,0.659352,0.0618092,0.161584,-0.0636143,0.121263,0.173213,-1.15967,-0.245904,0.228857,0.743235,-0.149148,0.160835,0.882414,-0.0547923,-0.291449,0.438601,0.900939,1
0.0620637,0.430399,-0.0986866,0.908515,-0.415814,0.169181,-0.470367,0.315871,-0.0653191,0.0843913,0.173548,0.165344,-1.04119,0.215285,0.369075,-0.247194,-0.617754,0.0924334,0.113714,0.647431,-0.110161,-0.206785,-0.223016,-0.573741,-0.209045,-0.177521,0.249971,0.326602,0.329525,0.860382,-0.0711024,0.340562,0.484215,0.784151,1
-0.420291,0.00917919,-0.13607,0.436702,-0.222319,-0.224454,-1.13087,-0.196269,0.223719,0.322725,1.18615,-0.202287,-0.495972,0.329175,-0.0849665,0.29127,0.0569263,0.0865236,0.664002,0.685117,-0.639897,0.206051,1.34368,-0.116399,-0.00134123,-0.152176,-0.802743,0.6468,0.498128,0.17565,0.605896,-0.389259,0.431039,0.919989,1
-0.138436,0.172699,0.149609,-1.15509,0.133614,-0.000565724,0.480738,-0.447486,0.142773,-0.581408,-0.939646,0.618555,-0.0705614,-0.534782,-0.214073,0.227197,0.220864,0.473329,0.477186,-0.894508,0.507383,0.357188,-0.464877,0.0970743,0.282399,0.894272,0.496803,0.233036,-0.781071,0.834717,0.272681,-0.596407,0.512034,0.906613,1
0.406982,0.170423,0.409241,-0.592553,-0.698414,0.631807,0.558992,0.320444,0.00968249,0.284584,0.433144,0.368639,-0.0762165,-0.155809,-0.737293,0.215628,-0.0531656,0.441427,-0.0415925,-0.251148,-0.555866,-0.0783524,-0.310709,-0.364883,-0.0840915,-0.205598,-0.621958,0.272229,-0.616446,0.400467,1.1816,0.723436,0.436555,0.802324,1
-0.457877,-0.421516,-0.771699,0.110714,-0.49005,0.454211,0.442984,0.396945,-0.11028,-0.00710319,-0.552463,0.120868,-0.00835651,0.196699,-0.136253,0.370552,0.8853,0.355714,-0.194754,0.256651,0.387853,-0.00338294,-0.27012,0.108907,0.626754,-0.778249,-0.303012,-0.200511,0.742559,0.861753,-0.692375,-0.324776,0.483812,0.878274,1
-0.427392,0.28519,0.0576863,0.288434,-0.358945,0.224207,-0.210978,-0.432891,-0.639334,-0.861425,-0.563022,-0.274881,-0.256367,-0.457104,0.203636,0.309383,0.271146,-0.0423844,0.403737,-0.229243,-0.685664,-0.416323,-0.771841,0.0930323,-0.0433481,0.304111,-0.161748,-0.408795,-0.176249,-0.851657,-0.762861,0.152395,0.446455,0.899431,1
-0.686883,0.43724,-0.0874939,0.575718,-0.547647,0.0361545,-0.286033,0.199144,-0.218826,-1.05839,-0.242618,-0.321714,-0.580928,-0.33566,0.149722,0.00763518,0.585256,-0.156419,0.588857,-0.242151,0.0203929,-0.339788,-0.0108743,-0.146041,0.637877,0.889667,0.179264,0.387641,0.138967,-0.73215,-0.411105,-0.230625,0.477055,0.82731,1
-0.0624412,-0.78474,0.582103,-0.302647,0.502623,0.505072,0.149437,0.115064,-0.299589,-1.34418,-0.0879814,-0.00460983,-0.0773824,0.444959,0.142675,-1.18984,0.375696,0.0431738,-0.34003,-0.379587,-0.705886,-0.441478,1.47958,-1.35052,-0.620237,0.968702,-0.0101734,-0.55498,-0.427287,-0.0578476,-0.309903,-0.231781,0.542863,0.87385,1
0.350746,-0.700473,0.0402897,0.338395,0.178493,0.835142,0.858001,-0.944151,0.718265,-0.372605,-0.0417318,0.317834,-0.21687,-0.212343,0.0641359,-0.436308,-0.339086,0.0870901,0.0384412,-0.0839257,-0.0784949,-0.902386,-0.584376,-0.378539,0.96545,0.288272,-0.0856637,-0.564195,-0.190316,0.240096,0.607414,0.849528,0.472948,0.927693,1
0.516104,-0.500689,-0.17839,-0.0483525,0.587118,-0.0737705,-0.222786,0.537741,0.00995159,0.463771,0.603313,0.345351,0.368587,-0.0130459,0.184349,-1.3948,0.358411,-0.990492,-0.25649,-0.478691,0.165416,-0.286486,0.0965624,-0.197784,0.26807,0.578117,0.29567,-0.639652,0.00109185,-0.370671,0.391191,0.139835,0.468963,0.925581,1
-0.529295,0.844367,-0.477812,0.325342,0.0695619,0.145476,0.321678,-0.309934,-0.432756,0.2449,-0.0240886,0.173824,0.264902,0.578344,-0.32712,-0.580734,-0.0712657,0.199714,-0.296382,-0.0823075,-0.0326465,-0.0976473,0.751017,0.0813884,0.855097,-1.02235,0.510807,0.292457,0.0579247,0.397783,-0.586226,0.223529,0.458097,0.89982,1
0.685737,0.229271,-0.0809156,0.352582,0.288683,-0.195544,-0.0675704,-0.0773432,0.257405,0.252335,-0.226792,0.11388,-0.626496,0.841057,-0.00537085,-0.341258,0.0768707,-0.337072,0.216274,1.30342,0.275079,0.0391666,0.193182,-0.0686666,0.118688,-0.156583,0.21972,-0.0320079,-0.252268,0.428452,0.943133,-0.223884,0.48462,0.763247,1
-0.250929,0.922838,0.315937,-0.33783,-0.434524,-0.548871,-0.166118,0.697414,0.187453,-0.0591685,-0.648743,0.455374,-0.221364,0.177409,0.0427931,0.459749,-0.053869,-0.204922,-1.2348,0.196432,-0.0574862,-0.102845,0.956707,-0.376142,0.151748,-0.54718,-0.232679,0.682405,0.333829,0.050839,-0.0679654,0.00783242,0.456114,0.770761,1
-0.814333,-0.109089,0.0771981,0.138194,0.689713,-0.440113,-0.0893592,-0.416102,0.152123,0.693855,0.114931,-0.228946,-0.653169,1.41905,0.530727,0.682573,-0.00853739,0.363734,-0.637001,-0.930705,-1.33219,-0.121954,0.205675,0.203255,0.104964,0.233873,0.0801532,-1.09012,0.0687672,-0.607605,0.608053,0.0603411,0.441389,0.831843,1
0.188746,0.279936,0.126669,0.43857,-0.0430962,-0.209873,0.330931,-0.0998262,0.300161,1.23878,-0.935003,-0.221112,-0.694674,-0.221294,0.673933,0.297259,0.0335011,0.593598,-0.710697,-0.236248,-0.350648,0.458286,-0.0682986,-0.355847,0.286336,0.269906,0.369123,0.47568,0.234045,-0.10301,0.373524,0.120668,0.514727,0.788962,1
0.384949,0.0530618,-0.0117881,-0.16267,-0.422962,-0.287907,-0.346352,-0.0411613,0.00923449,-0.675649,-0.31193,0.712689,0.172082,-0.793871,0.286508,0.424772,0.649688,-0.0521995,0.541514,0.150866,-0.366474,0.280066,0.838057,0.480114,0.616469,0.442288,-0.99856,-0.616515,-0.266384,-0.602398,0.725072,-1.29281,0.471853,0.836607,1
0.659459,0.6173,0.214083,0.876213,0.718417,-0.0763228,0.489513,0.534078,0.142517,0.943378,-0.208557,0.601078,-0.211801,0.111722,1.11833,0.337788,0.446532,-1.23336,-0.15657,0.645212,0.32782,-0.144302,-0.592167,-0.440758,-0.0165628,0.706146,-0.429541,0.0122412,-0.621621,0.448282,-0.0796046,-0.714533,0.579231,0.934053,1
0.454235,0.228052,-0.419653,0.645909,-0.000445813,-0.216482,0.640902,-0.364134,-0.259072,-0.105857,0.320093,-0.10541,0.208459,-0.25107,0.395374,0.397531,-0.648782,-0.0525061,0.734464,-0.635755,-0.0451872,0.448032,0.34821,-0.110151,-0.0129424,0.407338,-0.392655,0.990284,-0.188872,-0.506059,0.117318,-0.42214,0.530726,0.892033,1
0.392896,0.165996,0.0536829,-0.00565914,0.0238405,-0.461962,0.74561,-0.194111,0.45238,-0.691933,-0.490837,0.206036,0.351056,0.479767,-0.201986,-0.196673,-0.415864,-0.0884989,-0.118258,-0.320418,-0.227589,-0.0742554,0.480457,-0.60574,-0.473788,0.354102,-0.265168,-0.789219,0.0663267,-0.223115,-0.550678,-0.39817,0.456572,0.850028,1
0.396917,0.565859,-0.88462,0.564114,0.22361,-0.239421,-0.534283,0.850667,0.209285,-0.257376,0.332563,-0.871761,0.64219,-0.279844,-0.799204,-0.119836,0.127321,0.495972,0.0261486,-0.0541344,-0.295998,-0.36331,-0.366515,-1.03872,0.519411,0.112673,0.439154,-0.247876,-0.0189835,-0.0162039,-0.251569,-0.34269,0.458968,0.773764,1
0.658003,-0.672215,0.613656,-0.671841,-0.392605,0.493395,-0.130187,-0.658628,-0.337154,-0.683411,-0.260522,-0.458818,0.350683,0.213398,-0.507366,0.289343,0.0304191,-0.208775,-0.886715,-1.32265,0.559448,-0.579562,0.310032,-0.92329,0.359915,-0.388011,0.382062,0.89506,-0.535587,-0.662327,0.170386,0.0534364,0.5249,0.867013,1
-0.27611,0.588713,-0.35787,-0.0862075,0.725603,0.00943143,0.268789,-0.174379,0.38493,-0.561023,0.520083,0.791913,-0.670366,-0.136443,-0.280554,-0.521095,0.685442,0.247441,-0.216602,-0.111578,-0.184704,-0.415428,-0.864081,-0.298237,-0.394215,0.123897,-0.604316,1.21832,0.0515178,-0.172286,0.338104,-0.285287,0.456983,0.889585,1
0.832793,0.348338,-0.389978,-0.710609,-0.0511765,-0.876141,-0.40101,-0.711907,-1.00291,0.598843,-0.546715,0.909677,0.0704751,0.139127,0.437881,-0.248168,0.00273401,1.68618,0.0667488,-0.0174718,-0.116579,-0.476905,-0.415717,0.0977833,0.114653,-1.1134,0.0123596,-0.650558,-0.293516,0.34777,-0.0558608,0.889283,0.542703,0.791726,1
-0.138004,0.539708,-0.523661,-0.404641,-0.227246,0.808455,-0.130338,-0.900059,-0.260512,-0.218162,0.435693,-0.38025,0.398971,-0.852968,-0.369053,-1.03703,-0.569765,0.100223,-0.414392,-0.156441,0.0517144,-0.484478,-0.225489,-0.10897,0.309622,0.414603,0.220212,-0.965315,-0.24753,-0.0600822,-0.659327,-0.584623,0.525586,0.908579,1
0.270427,-0.662647,0.139778,0.327421,-0.566375,0.0535844,0.466442,0.251035,0.55456,0.174304,-0.0858727,0.159934,-0.644106,-0.00529428,-0.709374,-0.508998,0.568093,1.05591,-0.471486,-0.523899,-0.0478461,0.303815,-0.776882,0.366525,-0.0894363,0.291451,0.0662265,0.403718,0.538185,0.328232,0.397444,0.276564,0.562576,0.762118,1
-0.827341,-0.169532,-0.312821,0.682682,-0.51075,0.573595,-0.66822,0.0443842,0.289156,0.341436,-0.44443,0.520997,-0.455509,-0.117606,0.425711,-0.830043,-0.420313,-0.514469,-0.362117,0.177739,-0.632257,1.04318,-0.175415,-0.293298,0.0768647,-0.532707,0.1099,0.472474,-0.0677951,-0.288132,-0.0471637,0.337537,0.448488,0.933008,1
0.825733,0.756341,0.393253,-0.180031,-0.340039,0.428246,-0.0523877,0.13239,-0.0219898,0.254867,-0.213392,-0.87781,-0.174338,0.139886,-0.522385,-1.46979,0.0188031,0.273241,-0.0211729,-0.209924,-0.503516,0.695552,0.270266,-1.2124,0.0421281,0.523952,-0.97639,-0.0926474,-0.343396,-0.90456,0.340621,-0.720566,0.542433,0.887651,1
-0.306188,0.0521634,-0.0757845,0.103307,0.63539,0.467624,0.133236,-0.346525,-0.610121,-0.194227,0.25214,-0.193448,-0.769286,0.834656,-0.739367,-0.26292,-0.947518,0.0212501,-0.146047,0.00676249,-0.759593,0.297796,-0.937218,0.330363,0.251608,-0.00454222,-0.431771,0.583294,-0.111836,-0.579766,-0.528245,-0.186479,0.494814,0.898144,1
-0.131875,-0.393384,0.335068,0.40786,0.46474,-0.689627,0.933685,0.169808,0.551915,0.777888,-0.10396,-0.932707,0.242865,-0.507737,0.233473,-0.0442633,0.632795,-0.144515,-0.226078,0.153942,0.383571,0.607574,-0.0836624,-0.419691,-0.0385541,-1.63356,-0.310606,-0.0223887,0.169841,0.0662744,0.160411,0.288766,0.463299,0.872913,1
0.794803,-0.756704,-0.128357,0.165572,0.703586,0.576349,0.875838,-0.0296225,-0.211279,0.210135,0.370776,-0.109021,-0.182881,-0.0833559,-0.0813843,-0.41619,-0.0481407,0.359419,-0.547475,0.381328,0.0610468,0.117942,-0.271855,-0.0162218,-0.0473879,0.37047,0.384505,0.428904,-0.613496,-0.0114169,-0.70647,0.636866,0.555881,0.813994,1
-0.096068,0.725533,-0.567332,-0.299931,0.40782,0.84066,-0.0433545,-0.781262,-0.226264,0.489891,0.349257,0.208978,-1.05174,-0.801535,-0.640836,0.681623,0.181842,-0.892256,-0.551576,0.323835,0.836148,0.813648,1.10171,0.264388,-0.419696,-0.131833,0.838859,0.316551,-0.292877,0.659535,1.10985,-0.845179,0.545949,0.929027,1
-0.706269,-0.591681,0.232837,0.187357,-0.82881,0.23315,0.325965,0.802457,0.0806009,-0.869519,0.110745,-0.158488,0.896586,0.856223,0.422051,0.0351433,-0.528833,0.0673892,0.0983514,0.729154,0.692561,-0.340814,-0.289666,0.184122,0.147564,-0.0632192,0.437343,-0.0415038,-0.276454,0.000571272,-0.719932,0.40239,0.445924,0.848279,1
-0.593199,0.222757,0.398965,-0.178406,-0.709512,0.610651,-0.302061,0.0592845,0.46745,-0.059855,-0.768535,-0.52201,-0.962731,0.126465,0.158265,0.273838,0.323898,0.251506,-0.326983,0.111879,0.484212,-0.214089,-0.142116,-0.270217,-0.120809,-0.691324,1.04948,0.643439,0.134164,0.375012,-0.415828,0.922223,0.446266,0.923938,1
-0.448501,0.297336,-0.670689,0.428816,0.262702,0.463982,0.528702,-0.323011,0.297835,0.337102,-0.211947,0.0470058,0.290703,0.0164074,-0.580728,-0.0213885,0.360192,1.15316,0.447006,0.142918,-0.063016,0.357196,-0.377178,0.0891185,-1.18712,0.376865,0.0863701,-0.842037,-0.0271684,0.536369,0.649871,0.653466,0.553828,0.867454,1
-0.472011,0.189354,-0.173173,-0.599472,-0.116991,-0.221655,-0.294741,-0.471892,-0.0840122,-0.40402,-0.17801,-0.313565,0.147517,0.642983,-0.0533331,-0.266044,0.0579233,-0.0120055,0.0973224,0.166113,-0.818957,-0.0660606,-0.115197,0.148529,0.178378,0.769546,0.722754,-0.131644,0.106679,-0.561013,-0.619757,0.440742,0.420507,0.854203,1
-0.0512811,-0.316899,-1.57553,-0.488713,1.26922,0.0751853,-0.473734,0.0620677,-0.149371,-0.0426261,-0.797577,0.0780159,0.688797,0.111836,-0.162053,-0.112447,-0.0554993,0.349678,-0.176468,-0.683041,0.154842,0.713718,0.303419,0.822575,-0.343406,-0.295166,-0.608767,0.0315752,-0.00317325,-0.707066,-0.715581,-0.237432,0.539422,0.896538,1
0.212827,-1.10143,0.633492,-0.0537679,0.410717,0.369756,0.264458,-0.0369833,-0.194425,0.350812,0.158248,-0.00224728,-0.985912,0.0485577,0.588437,0.391483,-0.241688,0.221673,-0.0264402,1.09147,0.119619,0.417394,-0.392014,0.200456,0.306568,0.101445,-0.144224,-0.621798,0.238921,-0.200172,-0.391177,0.332081,0.530757,0.830747,1
0.560434,-0.43674,-0.106012,0.310559,0.00726847,0.00318394,0.152413,0.452337,0.530509,0.789709,-0.0526956,1.09287,0.290199,-1.2795,0.132891,-0.279303,0.288264,0.819644,1.00014,-0.910851,0.333501,-0.846097,0.422632,-0.384512,0.00642243,-0.000315245,-0.573496,-0.354061,-0.334753,0.492055,-0.123965,1.308,0.426841,0.867975,1
0.0879234,0.70432,0.538553,0.884433,-0.914585,-0.71196,-0.848551,-0.325261,0.873504,0.529154,-0.93637,0.242498,0.00220331,-0.477292,-0.0262992,-0.47313,0.433928,-0.134359,1.307,-0.206072,-0.26383,0.924471,0.525513,-0.0481179,-0.72179,0.105003,0.754416,0.447994,-0.255048,0.40986,0.602437,0.225111,0.438027,0.826247,1
-0.195221,-0.612067,-0.146352,0.237634,-0.190727,1.03898,-0.832846,0.105262,-0.470894,-0.163432,-0.957689,1.27131,-1.13358,-0.39176,-0.748318,0.619982,0.160336,0.70893,0.752761,0.0193777,-1.00363,-0.399078,-1.03603,-1.2462,0.802979,0.0342784,-0.327639,-0.663061,0.0288886,-0.811911,0.356642,-0.534855,0.501817,0.814801,1
-0.508818,0.228753,0.0513562,0.210672,-0.0508842,0.645527,0.0642959,0.0617731,-0.128816,-0.0170415,0.264641,0.117046,0.310396,0.288201,0.682916,0.231887,0.308005,-0.217733,0.485649,-0.849535,0.765558,-0.728176,0.0207138,-0.278744,-0.398542,-0.171818,-0.295175,0.0384549,-0.390926,-0.0725532,0.461588,0.332325,0.440076,0.76135,1
-0.403446,0.766579,0.438571,0.158399,0.148128,-0.59308,-0.486436,0.404387,-0.178684,0.131949,-0.338559,0.635495,-0.883254,-0.255285,-0.0644492,-0.32446,1.05409,0.378759,0.377123,1.08419,-0.756295,0.275097,-0.0892972,0.324436,-0.0266244,0.713684,-0.00319367,0.153322,-0.119203,0.333928,0.00879026,0.432773,0.506406,0.919895,1
1.10943,0.585544,0.538012,-0.400958,-0.458237,-0.513197,-0.10634,0.308587,0.279669,0.714758,-0.564864,0.0942599,0.119199,0.785514,-0.0235307,-0.489635,-0.169037,-0.107666,-0.321392,0.0622078,-0.316129,-0.265562,-1.13832,0.338149,-0.703732,-0.126628,-0.273458,0.0350736,0.0720209,0.368353,0.0200673,-0.333621,0.443902,0.932843,1
-0.731992,-0.0455631,0.280748,-0.187681,0.0052885,0.802749,-0.723597,0.0369332,-0.648575,-0.782788,-0.0273222,0.661001,0.436284,-0.460983,0.186668,-0.442008,0.486834,-0.697339,0.552085,0.673689,0.133307,0.278721,0.754028,-0.523895,-0.658433,0.371488,-0.33036,-0.37537,-0.277844,0.00184915,-0.517153,0.185067,0.436268,0.842696,1
0.107931,0.0672115,0.596693,-1.19324,0.221395,-0.57097,0.368428,0.290301,-0.576939,-0.10878,-0.375353,-0.321274,0.788021,-0.301628,-0.616777,0.110871,0.614467,0.0479744,0.0125095,0.337997,0.0318235,-0.249587,-0.781099,-0.342884,1.28726,1.03352,0.572552,-0.21424,-0.0299079,0.805097,-0.225342,0.702805,0.518006,0.815635,1
0.0822064,0.352129,0.278981,1.04917,0.281143,0.262939,-0.519543,0.195767,-0.532956,0.242611,1.53876,-0.744864,1.04904,-0.168046,0.194422,0.737584,-0.0618183,-0.385483,1.10367,-0.35057,0.103802,-0.494929,-0.163813,-0.215354,0.182321,-0.414116,0.444646,-0.606451,0.210156,-0.368426,0.0976447,0.434376,0.454957,0.934116,1
-0.708189,0.247188,-0.418249,-0.332357,-0.142637,-0.52969,-0.018176,0.112271,0.871296,-0.010995,-0.270778,-0.00338244,-0.247501,-0.0523607,0.472665,0.072526,0.0480569,0.465284,0.371485,1.03841,-0.358464,-0.391956,-0.686588,0.670084,0.157323,-0.20278,0.822736,-0.291301,-0.939664,-0.411601,-0.340063,0.392401,0.511105,0.855521,1
0.347851,-0.194835,-0.601332,-0.147117,0.53999,-0.165502,-0.0653672,-1.45138,-0.426136,-0.157828,0.909586,-0.562859,0.916027,-0.149504,0.350196,-0.235761,0.31481,0.0924408,0.0248334,-0.712631,-0.892764,0.390618,-0.0079652,0.630813,-0.715325,0.0735279,0.0565175,-0.880715,-0.493884,0.39049,-0.446531,-0.000878991,0.564712,0.818689,1
-0.0939242,-0.288086,0.152083,0.179194,-0.0253448,-0.380682,-0.502589,-0.152438,-0.73209,0.400303,-0.658023,-0.42526,0.859896,-0.08248,-0.267847,-0.0472318,-0.208782,0.633373,0.00180984,0.283537,0.386592,-0.626129,-0.276995,-0.129777,0.407866,0.185805,-0.277618,-0.106867,0.997469,0.832626,-0.28238,0.106799,0.444909,0.91685,1
-0.0276787,-0.23444,0.41578,-0.961367,0.0256189,-0.383758,-0.394393,0.378714,0.315652,0.0170739,-0.137351,-0.327891,-0.303675,-0.359391,0.517209,-0.186514,-1.16555,0.324494,-0.192941,-0.206811,-0.80224,-0.284737,0.0886085,0.105987,0.815476,-0.164006,0.791003,0.795806,0.651834,0.724418,0.364701,0.636485,0.54228,0.885693,1
-0.776919,0.64854,-1.22371,-0.130374,-0.776686,-0.179756,0.490371,-0.374331,-0.0324309,0.153215,0.753046,-0.189494,0.22747,0.284902,-0.231987,-0.249524,0.606872,-0.163922,0.65223,1.05434,0.437452,0.428245,-0.0626404,0.0349712,-0.0386446,-0.87897,0.387053,-0.694688,0.245491,0.621597,-0.20078,-0.95206,0.563624,0.918556,1
-0.481775,0.0396975,-0.512031,-0.459535,-0.160834,-0.209896,0.931797,0.940013,0.794828,0.252127,-0.214251,-0.208881,-0.284984,0.261297,-0.133332,0.918642,1.40467,-0.499669,0.211369,-0.393069,-0.247519,0.182459,-0.0516002,-0.700474,-0.191699,-0.0192024,-0.406583,-0.58703,0.188887,0.544107,-0.0484194,0.0129978,0.574817,0.799366,1
0.25323,-0.611068,0.108662,-1.58428,0.109714,0.205023,0.369503,-0.530744,-0.139296,0.745741,0.363003,0.62102,0.50603,-0.0276095,-0.0805315,-0.11174,0.733414,-0.325891,0.611042,0.848935,-0.187943,-0.568466,-0.11068,0.071392,0.0580249,1.18082,0.0755181,0.00657392,0.700566,-0.468875,-0.55819,1.03904,0.478413,0.807453,1
-0.705772,-1.12639,0.680049,-0.393813,0.542982,-0.865845,0.389212,0.738615,0.760766,0.393346,-0.341518,-1.18894,0.176591,0.598608,-0.0125322,-0.635648,-0.149679,-1.07659,-0.697252,0.287242,0.0329337,0.0885572,-0.605376,-0.949073,1.44831,-0.518844,-0.22087,-0.556677,-0.0115321,1.01608,-0.655797,-0.440232,0.562966,0.908565,1
0.167614,0.214333,1.44165,0.330987,-0.187909,0.0441091,-0.189863,0.026225,0.828494,0.267132,0.992027,-0.525645,0.730731,-0.215597,0.420944,-0.588782,0.0999272,-0.317225,0.177966,0.342211,0.00789423,0.175618,-0.051354,-0.500003,0.239394,-0.593012,-0.0696959,0.216634,0.215828,-0.159577,0.0677753,-0.267604,0.494626,0.841979,1
-0.75341,-0.113958,0.434325,-0.588358,-0.117295,-0.292412,-0.0651456,0.161386,0.429452,-0.307008,-0.46198,0.28696,-0.370801,0.198059,-0.309485,0.0515705,-1.32186,0.271535,-0.225504,-0.499769,-0.324298,0.261219,-0.659485,0.0436928,-0.888029,1.15363,0.280808,0.0462075,0.448394,0.12565,0.211948,-0.0171252,0.512027,0.879986,1
-0.239271,0.357497,-0.425579,-0.49466,-0.411395,0.292799,-0.275523,0.0728551,-0.150573,0.274352,-0.159489,-0.530353,0.644283,-0.567087,-0.0576472,-0.202678,0.708644,0.161818,0.0183235,-0.432525,-0.0952737,0.758572,0.1788,-0.10418,0.269121,0.478253,-0.0503387,0.374047,0.573062,0.585074,0.107401,0.817288,0.573211,0.875274,1
-0.0202867,-0.231914,0.637324,0.0733329,-0.10583,-0.525261,0.263743,0.212993,-0.183536,0.332743,0.4638,-0.252095,-0.306409,-0.141087,0.269086,0.0833537,0.684139,0.608501,-0.286791,-0.0516767,0.340414,-0.523327,-0.0413711,-0.376591,0.0589813,0.11136,-1.72842,0.448175,-0.11678,0.214785,0.664572,0.302764,0.442621,0.9495,1
-0.112049,-0.873456,0.489328,0.677007,0.743984,-0.760651,-0.257754,0.237522,0.205977,0.328916,-0.588181,-0.224365,0.257607,-0.00472235,-0.201767,-0.167611,0.0317073,0.0878716,0.558128,-0.350218,-0.6983,-1.59352,0.493583,-0.0676905,-0.328266,0.547166,-0.0383507,1.73765,-0.349603,0.345874,0.447568,0.0213541,0.510456,0.88386,1
-0.195986,0.435037,0.163532,-0.55134,0.107058,0.0182541,-0.452937,0.031686,0.132938,0.212586,0.102135,0.479252,-0.0978221,0.0875746,0.727238,0.0792398,0.154296,-0.666446,0.716185,-0.532783,0.0803893,-0.798884,-0.0726735,-0.566706,-1.01139,-0.707769,-0.296191,0.0702762,-0.544579,-0.195427,-0.195612,-0.338665,0.557659,0.936084,1
-0.176366,-0.500271,-0.286641,-0.53792,-0.410846,0.356157,0.264267,-0.319387,-0.133282,0.183991,1.19461,-0.0665484,1.20134,-0.501721,-0.340119,0.277956,-0.869048,-0.315616,-0.260084,-0.232164,-0.422749,1.36434,-0.169096,-0.0247031,-0.875519,-0.00878178,0.406532,-0.922687,0.995215,-0.83721,-0.0819819,0.135014,0.579178,0.85648,1
0.893915,-0.825423,0.919572,0.442582,-0.00973176,0.428654,0.694386,-1.13746,-0.117629,0.043358,-0.050193,0.946798,-0.0715003,0.668723,0.31893,-0.847616,0.928415,-0.424798,0.397594,-0.251473,0.691314,-0.155097,-0.757906,0.267129,-0.0962674,0.901113,-0.359578,-1.52381,-0.324139,-0.15588,-0.134846,0.281089,0.488918,0.776188,1
-0.0921446,0.375684,0.100706,-0.570453,-0.213879,0.272973,-0.898552,-0.411312,0.659408,0.207601,-0.0566518,-0.255799,-1.17814,-0.185259,0.292656,-0.77998,-0.893305,0.291063,0.470678,0.277012,-0.439522,0.66635,-0.632901,0.17173,0.483908,-0.0687431,0.239503,-0.145059,-0.426094,0.448222,0.131052,0.102897,0.454983,0.899228,1
-0.506588,-0.632965,-0.878297,0.525379,0.719706,0.338479,-0.818925,0.236127,-0.411267,0.139338,0.630542,0.378128,0.527365,0.117147,0.713555,0.461503,-0.407873,-0.184229,0.045736,-0.0205119,-1.01205,0.0554151,1.13592,0.189355,-0.000671723,0.551122,0.818316,0.191605,0.159683,0.0831783,-0.0421021,-0.524167,0.423539,0.813123,1
-0.128001,0.847064,-0.429377,0.862848,-0.552313,-0.829675,0.744671,0.688448,-0.191746,0.484059,-0.508069,0.374271,0.652388,0.383195,0.57775,-0.12416,0.106123,-0.0202881,0.0956966,0.711716,-0.511617,-0.174815,-1.01784,0.688032,-0.373638,0.109254,-0.19348,0.0158939,0.543234,-0.355505,0.0549686,-0.850102,0.540474,0.910825,1
0.731781,0.45416,0.0372925,0.241909,-0.847476,-0.485223,-0.44042,0.192521,0.292533,0.1847,0.697454,0.0849361,0.610219,-0.520796,0.416637,0.302764,0.120883,0.18121,0.713002,-0.00571748,-0.0708723,-0.105808,0.400164,-0.255488,0.531792,1.27011,0.688381,-0.485578,-0.326741,-0.520341,0.066084,-0.223244,0.508085,0.799477,1
0.167021,-0.324578,-0.316678,0.681899,-0.395113,0.210015,0.934267,-0.274558,0.040936,0.372816,0.42217,-0.177081,-0.645475,-0.376628,-0.0295861,-0.161651,-0.552708,0.26702,0.435998,-0.431104,0.431109,0.0780819,1.22714,0.837896,0.44075,-0.820888,-0.0738985,0.335369,-0.476297,1.73423,0.0455157,-0.365724,0.536959,0.803287,1
0.295047,0.180949,-0.0354642,-0.033829,-0.38826,0.0619557,-0.649166,0.507826,-1.18713,0.0514459,0.113278,0.235578,0.469722,-0.153889,0.542207,-0.229125,0.508289,-0.451093,-0.878824,0.243233,0.803604,0.422691,-0.922692,0.390933,-0.487111,-0.211827,-0.260945,0.515085,0.345516,0.721308,0.113542,-0.066279,0.541101,0.851867,1
-0.244324,0.25059,-0.566081,-0.409831,0.950106,0.495961,-0.796853,-0.282662,-0.150538,-0.0949249,-0.331594,-0.361181,0.140094,-0.227234,0.349636,0.0773454,0.284195,-0.291924,0.628603,-0.0323626,0.912192,0.153694,-0.355545,1.07677,-0.0318519,-0.425048,-0.634044,-0.736109,-0.235677,-0.0149115,-0.154446,0.355383,0.458118,0.829175,1
0.317077,0.158193,0.178859,0.158152,0.317931,7.95,0.300332,0.12005,0.240157,0.161236,0.393819,0.390813,0.201423,0.157013,0.246847,0.158487,0.327033,0.363566,0.251566,0.158408,0.157483,0.124488,0.283681,0.265044,0.114176,0.168914,0.143613,0.191333,0.39412,0.170976,0.156803,0.381255,0.52,0.82,1
0.0641953,0.114579,-0.635157,0.0231113,0.374532,-0.332029,-0.317915,-0.353095,0.113472,0.31231,-0.121811,-0.762166,-0.282185,0.373823,0.379304,0.627459,0.218665,0.163103,0.620891,-0.29235,0.509731,0.400898,-0.617767,-0.192289,0.730788,1.08024,0.105751,0.520811,0.416094,-0.30231,0.51049,-0.0682821,0.489237,0.777456,1
-0.474602,-0.0318689,-0.959456,-0.152353,0.544595,-0.743158,-0.11524,-0.609936,-1.19897,-0.671308,-0.351754,0.284002,-1.23858,0.611038,-0.0468831,0.0396167,-0.366731,0.0800675,-0.14881,0.0218989,0.69087,-0.562443,0.98142,0.28254,0.138172,0.149316,0.0487744,0.0188231,-0.205806,0.115243,0.428234,0.540747,0.433663,0.78698,1
0.931072,0.391976,0.977606,-0.115703,0.190884,-0.526674,-0.11789,-0.328168,-0.357745,-0.23583,-1.08558,0.530767,0.19422,-0.030789,-0.0173811,0.186239,-0.373977,0.555863,-0.596037,0.178123,0.214592,0.268572,1.03165,0.211194,0.228096,-0.305252,0.488779,-0.136985,-0.836113,-0.756174,-0.476853,0.0882497,0.494443,0.916081,1
0.454543,0.449058,0.165963,-0.165502,0.179275,0.388219,0.0347246,-0.178629,0.614777,0.32844,-0.836768,0.780737,-0.386387,0.954019,-0.0337887,-0.0574563,0.456785,-0.597595,-0.0816038,-0.166714,-0.312078,-0.111995,0.115333,0.378794,-0.190244,-0.0516404,1.04336,0.527974,-0.313702,0.487752,0.123243,0.429472,0.427675,0.893613,1
0.448712,0.487402,-0.357644,0.301813,0.299223,-0.404202,-0.799111,0.419289,-0.449579,-0.316992,0.334746,-0.6845,-0.214572,0.874922,-0.181296,0.200476,-0.681891,-1.01538,0.141266,0.406576,0.633164,0.213131,0.907754,0.400301,-0.151099,-0.0843523,0.854722,-0.515017,0.51335,0.00338065,0.51702,0.0110009,0.560651,0.857661,1
-0.0486805,-0.658477,0.634963,-0.983061,-0.0620754,-0.321877,0.252074,-0.327793,-0.0448995,-0.535911,0.10915,0.339612,0.0199552,-0.0663898,0.663291,-0.334188,-0.517194,0.270583,1.11724,0.445719,0.0885865,0.422573,0.0115426,-0.670706,0.44214,0.0405398,-1.06563,0.196049,0.575871,-0.105164,-0.153913,-0.963127,0.440283,0.76062,1
-0.523606,0.0458977,0.0758871,-0.491179,1.08627,-0.519011,0.0879433,0.660881,-0.295356,-0.364753,0.169827,-0.284734,-0.370589,0.426479,-0.866445,-0.849599,-0.244443,-1.22388,0.178946,0.203786,0.158434,-0.287613,-0.721036,0.937866,-0.201218,1.38404,0.661624,0.816493,0.293953,0.726265,-0.103644,0.378345,0.470166,0.892062,1
-0.072469,-0.873538,0.306827,0.25496,0.455557,0.404578,-0.0900198,0.577116,-0.47178,0.111436,0.0256382,-0.0497044,-0.0779666,0.0314285,-0.120028,0.12979,-0.537874,0.156013,-0.155292,0.0628254,0.611013,-0.188272,-0.754716,0.212843,0.105666,0.200792,-0.356422,-0.237699,0.25977,-0.59937,-0.600607,0.383948,0.561668,0.840788,1
0.62767,0.122786,-0.604553,1.03588,-0.179389,0.204348,-0.644415,0.448983,-0.0492126,0.374029,0.623035,0.0939824,-0.243875,0.105394,0.300304,-0.78317,0.461048,-0.0395759,0.464879,-0.782709,-0.412421,0.405159,0.065894,-0.0722869,-0.0611933,-0.478523,-0.806846,-0.528353,0.298342,-0.218012,0.107795,0.373947,0.557949,0.763478,1
-0.417102,0.461551,0.537677,0.612229,-0.253433,0.112882,-0.601549,0.0790327,0.695656,0.217344,-0.0506733,0.526536,0.635413,1.10146,-0.361788,-0.915029,0.137405,0.457448,-0.267216,-0.0517831,0.128027,0.320135,0.749307,-0.839895,-0.428901,0.451239,0.609355,-0.125194,-0.0101426,1.06027,0.0131322,0.250612,0.509285,0.817176,1
-0.347731,0.857407,0.166467,-1.28442,0.570585,-0.225476,0.385342,-0.117272,-0.245329,-0.176883,0.11899,0.0823571,0.239326,0.207745,0.82678,0.169377,-0.993605,0.591624,0.66124,-0.825477,-1.65247,-0.285268,-0.0607602,0.302,-0.496383,0.00358981,0.732186,0.0610506,-0.38007,-0.674193,0.238924,-0.511716,0.548774,0.928647,1
0.524708,0.480792,0.52264,0.686267,-1.61659,-0.0490168,-1.03737,0.38673,-1.21968,0.181614,-0.242266,-0.889091,0.215415,0.0482866,0.373419,0.386007,-0.0352383,0.323093,-0.39311,-0.5033,0.647219,-0.0601155,-0.118196,0.426399,-0.226505,0.206826,0.443974,-0.0202108,-0.646317,0.286169,0.148603,-0.448706,0.468435,0.869676,1
0.622124,0.556276,0.164905,0.0106067,-0.0640158,0.821549,-0.0331374,-1.03143,0.303271,0.163734,-0.914725,0.18569,-0.150408,-0.181701,-0.177811,-0.777212,-0.372823,0.823807,-0.645883,-0.0758962,0.38406,0.065509,-0.214137,-0.059692,0.351061,-0.990045,-0.0354905,0.241141,-0.0538856,-0.565461,-0.0860216,0.0289667,0.485514,0.778828,1
0.498639,0.0627957,-0.464608,0.0504634,1.19231,0.78954,-0.683791,-0.267755,0.246377,0.0324395,0.305995,0.442727,-0.00726253,0.314281,0.117941,0.463359,-0.436135,0.358494,0.656668,-0.513271,0.606442,0.436796,-1.22978,0.297249,0.190575,-0.63118,-0.27962,-0.435165,-0.206081,-0.0732341,0.27245,-0.722877,0.472541,0.87639,1
0.705825,-0.423648,0.0944632,-0.83124,0.765906,-0.770733,-0.200107,-0.296978,-0.40589,0.480024,-0.171787,1.1301,0.889259,-0.00484749,0.171931,0.0117006,-0.282287,-0.377591,0.492819,-0.622641,0.358384,-0.87702,-0.570175,-0.194146,0.120175,0.545,-0.430538,0.259659,0.290339,-0.146628,0.422699,0.25529,0.493053,0.868343,1
1.0681,-0.305464,-0.428967,0.185125,-0.123958,0.267596,0.23655,-0.464433,0.755186,-0.0220179,0.678661,0.739242,0.0775518,-0.0547849,1.27936,0.24858,-1.34859,-0.0761869,0.451216,0.488976,-0.353562,0.822612,-0.131717,-0.940619,0.392268,0.2295,0.248137,0.0987473,-0.124761,0.0841368,0.180265,-0.741173,0.558443,0.805949,1
-0.434252,-0.0290883,-0.0158918,-0.313818,-0.37397,-0.160774,-0.199933,-0.156806,-0.061299,-0.192453,-0.481778,-0.285628,0.0845464,0.407645,-0.244286,-0.189206,-0.379173,-0.331671,-0.306686,-0.370492,0.101083,-0.460444,-1.13026,-0.309725,-0.195759,-0.241694,-0.25931,0.282679,0.0748203,-0.0692132,0.418599,0.199046,0.570352,0.830174,1
0.428573,0.157509,-0.140469,0.439912,0.669924,-0.216297,0.449908,-0.0649158,0.264171,0.735673,0.636361,-0.122796,0.706473,0.652648,-0.0532036,0.911654,-0.570724,0.276796,-0.44015,0.216707,0.243174,-0.259908,0.0917292,0.394372,0.32643,0.302938,0.320768,0.136351,-0.405667,-0.534719,0.299911,-0.394986,0.446339,0.795056,1
0.00306593,-0.751367,0.186375,1.25457,0.0769039,0.228066,0.589755,-0.0827188,-0.36687,-1.22851,0.766182,-0.320637,0.456368,-0.19374,0.0229039,-0.713162,0.391464,-0.0372829,0.505485,0.509653,-0.0305887,-0.647982,1.02952,-0.353276,-0.0234209,0.145687,-0.0666086,0.733083,0.429293,-0.209214,-0.144287,0.377814,0.525659,0.924792,1
-0.7589,-0.208101,-0.219473,-0.08322,-0.77327,-0.0589353,-0.484005,-0.224759,-0.280041,-0.307123,0.799649,-0.303268,0.0578287,-0.364672,0.0886452,-0.499629,-0.571797,-0.0755066,-0.171043,-0.541455,0.0236525,0.328104,-0.0467289,0.326845,0.228808,0.750788,0.0767225,-0.129675,0.68093,0.840164,-1.07191,-0.398072,0.531082,0.886076,1
0.491647,-0.219901,0.794608,0.410735,0.516962,0.124691,-0.903008,-1.09079,0.73576,0.106309,0.11925,0.262099,0.266094,-0.00644026,-0.10721,0.405647,0.951401,0.340358,0.0441176,-0.303343,0.373949,0.323412,-0.0213515,-0.614837,-0.671481,-0.159252,-0.0115444,0.238421,-0.14873,-0.036472,0.973283,-0.532572,0.529189,0.838446,1
0.455436,0.569797,0.0130173,0.0486397,-0.728516,-0.2197,0.371284,0.395393,-0.284188,-0.0932625,-0.393956,0.187691,-1.27532,0.508909,-0.295017,0.581213,-0.777624,0.309037,-0.593692,-0.241469,0.0557296,-0.30111,0.703174,0.827589,0.275394,0.141353,-0.475194,0.136881,0.526265,-0.00853948,-0.193867,-0.592327,0.477106,0.813491,1
-0.518865,-0.252114,-0.547931,-0.730485,-0.276557,0.245677,-0.222743,-0.349897,-0.671036,-0.244031,0.623009,-0.85298,0.226112,-0.136372,0.244598,-0.618777,0.244148,-1.28662,1.01025,0.255158,-0.298292,0.39837,-0.133976,0.274942,-0.337993,0.618157,0.364238,-0.572407,0.714851,-0.528297,-0.125987,0.924326,0.47683,0.864888,1
0.192805,0.258749,0.773469,-0.00981382,-0.772972,-0.491549,-1.03248,-0.621468,-0.331033,-0.188752,-0.628107,0.415934,-0.189812,0.746899,-0.0439215,0.290817,-0.806428,-0.276222,-1.00006,-0.851563,0.921559,-0.0641373,0.872453,-0.220054,0.316837,0.050954,-0.37122,0.342269,1.26035,-0.366762,0.483182,-0.210565,0.433717,0.860872,1
0.325952,0.324546,0.956362,-0.480601,0.12646,-0.249328,-0.565569,-0.530277,0.0163886,0.266317,-0.0825133,0.333385,-0.339172,-0.290463,0.0563265,-0.0917843,0.129634,0.447073,-0.371426,0.302014,-0.109455,0.547077,-0.146869,0.252086,-0.636787,1.36084,0.470165,0.0328555,-0.452759,0.184599,0.447612,-0.0542199,0.42377,0.843516,1
0.188185,-0.255085,0.0290062,0.522553,0.0493325,-1.01069,0.385453,-0.0378966,-0.593833,0.691941,0.386429,-0.189155,-0.688426,0.703523,-0.616039,-0.464452,0.53175,0.302027,-0.500765,-0.642561,0.589452,0.000651288,-0.247036,0.530763,-0.10384,-0.686388,-0.639157,1.32823,0.927566,0.710953,0.470416,-0.31589,0.563664,0.765857,1
-0.133782,0.898968,-0.134852,-0.376929,0.549788,-0.311184,0.325364,-0.102674,-0.245793,-0.532965,0.00311716,0.0639586,-0.350927,-0.502104,-1.04663,-0.00765728,0.334778,0.551169,-0.140746,0.121469,-0.161086,-0.103053,0.447353,-0.0184131,-0.409504,-0.0524944,-0.314447,0.473961,-0.0613573,-0.322169,0.332825,0.0584588,0.543601,0.923666,1
0.305645,0.100697,0.35293,0.203271,0.478726,0.928623,0.242039,0.362636,-0.580303,0.129793,-0.61942,0.449738,-0.259509,-0.489606,-0.123261,-0.216811,-1.03614,1.03192,-0.580191,0.406964,-0.253107,-1.25572,0.49088,0.908668,-0.747295,-0.0627336,0.908326,-0.28099,0.691509,-0.598954,0.419382,1.02141,0.481571,0.873251,1
0.00322827,-0.363424,-0.0471362,-0.677525,-0.2177,0.148008,0.160411,0.425945,0.361233,0.496047,0.597378,-0.328599,-0.172251,-0.0323905,-0.281837,0.341041,-0.0726777,0.252882,0.0129421,-0.183723,0.0706653,0.0500148,-0.0943555,-0.410092,-0.729844,0.419136,0.538071,-0.338021,0.309001,0.360772,-0.0090481,-0.732645,0.572545,0.86535,1
0.442227,-1.08886,-0.1828,-0.936162,0.571286,-0.0348781,0.334541,-0.0935139,-0.138593,0.257301,-0.69169,0.959443,-0.649571,0.4099,-0.204438,-0.10172,0.0568998,0.508269,-0.157853,0.818932,0.186004,-0.101875,0.485294,-0.279856,0.732793,-0.560422,0.723969,-0.618512,-0.0919334,-0.147205,0.20143,-0.0878648,0.578006,0.792808,1
-0.303215,0.525405,0.726196,-0.436103,-0.117907,0.092569,-0.219046,-0.26764,0.139387,0.00240506,-0.250101,0.497259,-0.435637,0.352436,0.412426,0.44708,1.39198,0.255746,1.22922,0.679307,-0.931639,0.283995,1.30001,0.160261,0.0236043,-0.405247,-0.782151,0.518463,-0.148381,-0.425417,0.392819,-0.313173,0.55313,0.889419,1
1.18577,-0.270249,-0.240997,-0.169028,-0.19714,-0.131002,0.0442072,0.0987316,0.267808,0.322268,-0.222222,0.386075,-0.351121,-0.541538,0.215095,-0.0371788,-0.509879,-0.118245,0.49422,0.635275,-0.872818,-0.821004,-0.0311795,-0.520783,0.289783,-0.512473,-1.04684,-0.2741,-0.571241,0.602267,-0.22305,-0.417678,0.480341,0.813807,1
-0.0712337,0.315429,0.843041,-0.00301877,-0.477899,-0.366709,0.0902087,-0.137066,-0.0875078,0.534046,-0.313151,0.423771,0.636428,0.460508,0.77729,0.427546,0.734592,1.0342,-0.601662,0.524198,-1.30597,0.637136,0.521238,-1.20989,-0.216904,0.56229,-0.0882508,0.00325593,0.421188,0.0799642,-0.215611,-0.217614,0.474822,0.821816,1
0.0714015,0.729893,0.158516,0.566317,-1.19509,-1.02414,0.315777,0.463019,-0.342769,0.280328,0.618544,-0.0125476,0.243842,0.596007,-0.481322,0.132783,-0.108838,0.524994,0.0228672,1.06538,0.372842,-0.192636,-0.117586,0.225429,-0.520827,0.566743,-0.14791,-0.895071,-1.32743,0.143885,-0.105089,0.274233,0.501345,0.942718,1
-0.101281,0.359285,-0.175807,0.207571,-0.00443811,-0.831275,-0.772365,-0.0633271,0.277346,0.190728,0.491003,-0.317619,-0.276006,0.419946,0.68149,0.468677,0.0601336,0.699178,0.417506,0.599368,-0.0630723,0.0585675,-0.46499,0.660709,-0.831234,0.485611,-0.296175,-0.263947,0.394099,-0.520906,0.422274,0.232657,0.572549,0.828767,1
0.95,0.88,-0.268472,0.241977,-0.392169,0.29276,-0.11399,-0.48301,0.243345,0.319128,-0.080612,0.2114,-0.28628,-0.386678,-0.426904,0.191445,-0.298993,-0.125462,-0.106605,-0.32057,-0.259702,-0.424118,0.472784,-0.099515,-0.232852,-0.355621,-0.381434,-0.327723,-0.145482,-0.0423589,-0.165368,-0.226324,0.48,0.2,0
0.387056,0.302398,0.11244,0.279484,0.213216,7.95,0.278508,0.296431,0.178622,0.294396,0.251004,0.191984,0.21137,0.112672,0.106122,0.123946,0.272141,0.23039,0.327026,0.375077,0.25759,0.130661,0.274384,0.279633,0.211881,0.289334,0.151446,0.232893,0.25962,0.305906,0.353781,0.128824,0.52,0.82,1
0.657699,0.943384,-0.234419,-0.150182,-1.21846,0.261126,-0.51316,-0.515865,0.264487,-0.23099,0.34093,-0.134784,0.241863,-0.323739,-0.120916,0.719739,0.29871,-0.127108,0.183992,-1.10061,-0.57727,-0.318722,0.0957414,-1.6956,0.0162097,-0.368164,-0.0892582,-0.00767163,-0.0393128,0.415927,-0.115366,-0.528441,0.54622,0.925212,1
-0.0891202,0.364121,-0.464493,0.533077,-0.104574,-0.78576,-0.988968,0.198261,0.0291242,0.208999,-0.67424,-1.16118,-0.355739,-0.66477,-0.204851,-0.285943,-0.349523,-0.143048,0.513576,-0.362929,0.323626,1.50667,-0.232759,0.36545,0.634156,1.11491,0.230006,0.0941554,-0.12176,0.16012,-0.138356,-0.815588,0.449484,0.792786,1
-0.149468,0.385524,-0.227808,0.324639,0.216196,0.207029,0.53876,-0.50406,0.124532,-0.39628,-0.250843,-0.243703,0.234564,-0.286048,0.167938,0.502239,0.16115,-0.396247,-0.30098,0.182982,0.0995179,-0.74515,0.83148,-0.277889,0.3128,0.431839,0.478257,-0.189029,-0.118018,-0.559679,-0.85543,0.0937039,0.556587,0.909695,1
0.0531337,-0.383301,0.825119,0.649981,-0.36871,0.201838,-0.546289,-0.0940062,-0.540032,0.420376,0.147581,-0.260727,-0.076517,0.45756,-0.280163,0.26069,0.243762,0.117531,0.232298,0.162946,0.3122,-0.0323406,-0.670209,-0.0174047,0.14443,-0.81714,0.878852,0.572685,-0.417119,0.82056,-0.242822,0.593011,0.467331,0.87431,1
0.038229,-0.335406,-0.402617,-0.465624,-0.301557,-0.257394,-0.985826,0.481871,-0.0309166,0.0830896,-0.173531,0.296679,0.818918,0.89784,-0.326445,-0.0318013,-0.134491,-0.65007,-0.772572,-0.604632,0.561525,-0.0313406,0.42591,0.581596,-0.00236943,0.356151,0.875355,0.528878,0.0755234,-0.610728,0.811443,0.0224074,0.45568,0.937329,1
-0.704583,-0.00405316,0.563297,0.612738,-0.722477,0.351345,0.141158,-0.600528,0.0548339,-0.956654,0.0683502,-0.0499049,-0.60734,-0.331299,-0.312714,0.606373,0.472933,-0.593626,0.219145,0.244985,0.246746,0.619313,-0.87863,0.0243338,0.859219,-0.00158582,-0.620784,0.867432,0.0715136,-0.967136,-0.145761,0.0938846,0.476179,0.930568,1
0.705138,-0.71666,0.0945342,0.117107,-0.231271,-0.155818,0.288238,-0.225384,-0.22459,0.670064,0.469787,0.301806,-0.00388067,1.01494,1.0238,-0.0662198,-0.124879,-0.288484,0.574632,0.0949971,0.0837638,0.387571,0.616218,-0.490424,0.146285,0.372983,-0.391419,-0.218838,-0.282444,-0.705587,-0.647837,0.178678,0.543992,0.794764,1
0.762118,0.451921,-0.120981,0.208413,0.0313185,0.569215,-0.0884459,0.586676,0.169849,0.87791,-0.526934,1.25981,0.227404,1.36544,-0.0444982,-0.451304,0.0987133,0.311823,1.23465,-0.920656,-0.0247471,-0.136473,0.423253,-0.635999,0.377578,-0.566663,-0.373001,0.011443,0.233852,0.0948479,0.176184,-0.512607,0.56094,0.794039,1
0.158876,0.328676,0.22373,0.183113,0.194369,7.95,0.108929,0.142098,0.198637,0.210393,0.239405,0.139238,0.201739,0.357673,0.236537,0.231041,0.331803,0.302901,0.343874,0.364988,0.179158,0.186609,0.332824,0.1986,0.152907,0.329827,0.367363,0.289385,0.26217,0.317096,0.348219,0.391592,0.52,0.82,1
0.264944,0.0855226,-0.16039,0.380044,-0.42209,0.2862,-0.172772,-0.191417,-1.78094,0.095663,-0.315933,0.370336,0.424615,-0.175222,0.447524,-0.660789,0.0661801,-0.0738987,-0.151776,-0.463091,0.116071,-0.472234,-0.882662,-0.211748,0.567223,0.174319,-0.460715,-0.238028,0.347911,0.150135,-0.270494,0.213497,0.432348,0.868544,1
0.123998,0.303177,0.16055,0.17055,0.0980548,0.0117083,1.05838,0.110995,0.294059,0.0680658,-1.60478,0.946635,0.737272,0.2786,0.459023,0.412463,-0.00747031,-0.0144867,-0.0727969,-0.134746,0.124408,-0.544916,-0.00461166,0.609663,0.33717,0.666915,-0.750782,-0.757302,-0.335384,0.649775,-0.588718,-0.139579,0.537401,0.940559,1
0.407889,0.49662,-0.024286,-0.0717408,-0.0305659,-0.242196,0.0927014,0.355536,0.391869,0.301243,-0.398247,-0.0979961,-0.42667,0.711251,-0.632143,-0.317416,-0.70572,-0.536862,0.299184,-0.0217262,-0.229454,0.0299225,0.408695,-0.0185901,-0.248857,-0.421085,-0.272346,-0.818601,0.832926,0.0156845,0.0777415,-0.0806009,0.448249,0.827489,1
0.00661518,-0.284553,0.566,0.83182,-0.0311092,0.189584,0.609736,0.195574,-0.759535,-0.164349,-0.477301,-0.27493,0.674553,0.105578,-0.265318,-0.650191,0.558816,-0.741569,-0.641643,0.366618,-0.943784,0.0641366,-0.17803,0.0726669,0.265916,-0.542301,-0.214994,-0.219191,0.159852,0.358731,-0.767981,0.434245,0.453701,0.859053,1
-0.075724,-0.286915,0.251341,0.658096,0.286363,0.136058,0.0943832,0.190855,8.50245e-05,-0.118421,0.53461,-0.275526,0.277758,0.423159,-0.41837,0.115224,0.259651,-0.399183,-0.438541,0.309907,-0.45383,-0.119248,-0.259519,0.0557913,-0.655446,0.180405,0.263759,0.200624,-1.03485,0.541588,-0.635018,0.874638,0.522531,0.907812,1
0.756485,0.190621,-0.0159402,0.605801,-0.0970044,0.218361,-0.782946,-0.0282534,-0.397226,0.480978,-0.334957,0.853535,1.01421,0.0900913,-0.510462,-0.776007,0.403178,-0.22119,0.0863924,-0.94903,-0.503711,0.0646435,0.54712,-0.545451,-0.6329,0.243441,-0.154079,-0.217389,0.437327,-0.307563,-0.393646,0.12779,0.57617,0.927628,1
-0.00896405,-0.0137483,0.0618978,0.455422,-0.191458,-0.364293,-0.754661,0.308503,0.464742,0.681516,-0.285835,-0.352958,-1.09951,-0.182659,-0.370865,0.305502,-0.0758344,0.0972901,-0.269696,1.65571,-0.353459,-0.428791,-0.444942,-0.405968,-1.10165,0.116264,-0.424094,0.192133,-1.15575,0.0330073,0.0857008,1.01506,0.512966,0.800565,1
0.399468,0.174091,0.217913,0.129053,0.365279,7.95,0.242804,0.379721,0.143299,0.17828,0.364303,0.229345,0.130027,0.260272,0.375023,0.253725,0.152917,0.351029,0.278994,0.100145,0.179231,0.325949,0.280259,0.239013,0.110148,0.293579,0.388846,0.242531,0.290948,0.254444,0.139677,0.252864,0.52,0.82,1
-1.45512,-0.0166203,0.397357,0.626909,-0.847407,-0.165594,0.246784,1.3757,-0.908447,-0.192608,0.506864,0.369202,0.136272,-0.0422341,0.617384,-0.396592,-0.035523,-0.874644,-0.529366,0.2967,0.128442,0.30112,0.241088,-0.640886,0.170817,0.0820613,0.0986613,-0.0699973,-1.06666,0.0224624,-0.00329681,0.273968,0.550789,0.784458,1
-1.14126,1.06031,0.435041,-0.739774,-0.127538,0.59427,0.159345,-0.0571243,-0.585707,0.477241,-0.194987,-0.264142,0.246329,-0.667512,-0.187163,-0.424983,0.231017,-0.818943,-0.29511,-0.0433829,0.730389,-0.0724937,-0.320058,0.19107,0.481529,-0.0638527,0.197405,0.374997,-0.228079,0.237354,0.566538,-0.609332,0.554287,0.859921,1
-0.284441,0.29411,-1.01632,-0.613926,-0.69925,-0.0228341,0.860917,0.112572,0.985226,-0.0875839,0.883735,0.232428,-0.103745,0.31367,0.315711,-0.0617884,0.22764,0.278259,-0.59974,0.748961,-0.800576,0.40578,0.213168,-0.255544,-0.430037,-0.0866346,0.493259,0.0317198,-0.379773,-0.152907,-0.590898,-0.921786,0.525668,0.831409,1
0.700792,0.0873075,1.38583,-0.449928,0.265792,-0.178918,-0.0452725,-0.638917,-0.263327,-0.336283,0.702163,-0.00581352,-0.585304,-0.190709,-0.636506,0.168849,0.278118,-0.375473,0.324139,-0.667101,-0.0605995,0.0477095,0.700192,0.440998,-0.42193,-0.589688,0.680245,-0.434228,-0.997841,-0.157539,-0.205891,0.596558,0.559026,0.88836,1
-0.250398,-0.0250172,-0.230685,-0.292705,-0.0533049,-0.654179,-0.243929,-0.0313567,-0.185768,-0.161413,0.753838,0.864626,0.318332,-0.106177,0.629768,0.276794,0.300709,-1.45737,0.835722,1.22222,-0.0864305,-0.212714,0.140508,0.36042,0.454072,-0.601617,0.10465,0.481992,-0.0490451,0.120277,-0.00263379,-0.359845,0.564852,0.935716,1
-0.536157,0.423546,0.974394,-0.459926,0.0835088,-0.850394,-0.0799505,-0.244979,-0.658445,-0.273275,-0.45258,-0.435206,-0.352656,-1.03557,-0.226243,-0.483623,0.65582,0.117061,0.280128,0.169928,-0.909952,-0.325266,-0.39571,0.176471,0.964922,-0.517719,0.257293,-0.209499,-0.279538,-1.05113,0.977357,-0.454771,0.548583,0.861866,1
-0.803791,0.857099,0.454909,-0.751299,0.0186547,0.312915,-0.430816,-0.581662,0.227728,0.938267,0.356257,-1.09951,0.539448,0.0419804,-0.189107,0.0256693,-0.0120464,0.43069,0.535375,0.0142198,0.251911,-0.778642,-0.672599,0.485961,-0.157173,-0.186925,0.0694168,0.695635,0.00404815,0.385259,-0.376536,-0.150679,0.474988,0.94958,1
0.356244,0.142897,0.279808,-0.503635,0.144238,0.668101,-0.150097,0.935532,-0.539735,-0.508186,-0.210488,0.273772,0.137366,0.128646,0.790156,-0.430368,-0.594706,0.811479,0.312375,0.702877,-0.181658,-0.981757,-1.19166,0.407171,-0.218084,0.617353,-0.0379744,-1.07738,-0.00264422,1.06185,0.731169,-0.58729,0.504789,0.814142,1
-0.238983,0.45527,0.383515,0.421119,0.66851,0.987591,-0.0866828,0.0861791,-0.0170239,0.427468,0.809662,-0.507,-0.730133,-1.06196,1.26623,-0.301198,-1.0066,-0.292232,0.188465,0.447064,0.526305,0.625456,0.545316,-0.594478,0.0589986,-0.822827,0.433492,-0.376942,0.445107,0.607297,0.743307,-0.71608,0.522891,0.930456,1
-0.335951,0.577792,-0.635013,0.448267,0.586698,-0.236493,0.129928,-0.315566,0.364971,0.017565,-0.731866,-0.799369,-0.164323,0.196534,-0.4053,-0.225906,-0.286422,0.788242,0.273624,-0.607551,0.947301,0.0590833,0.201225,-0.096335,-0.534794,-0.385314,0.200889,0.275945,-0.601245,0.293561,0.207192,0.629572,0.534349,0.937914,1
1.01725,0.32192,-0.734393,0.618801,0.0550695,0.0279692,0.150265,-0.469327,-0.0203683,0.143036,-0.408771,-0.508929,0.107781,-0.260526,-0.363408,-0.260371,0.0352954,0.209374,-0.736576,0.0584612,-0.582498,-0.694215,-0.44921,0.627394,-0.59816,-0.30548,0.335358,0.592061,0.236778,-0.329916,0.590672,0.691849,0.425726,0.853682,1
0.0138948,-0.856224,0.0720366,0.21542,0.930379,-0.275553,-0.680821,-0.206653,-0.606623,0.156354,-0.3339,1.07212,-0.458025,-0.00361781,-0.109302,0.209369,0.0142144,-0.0361922,-0.534957,-0.725418,0.284224,-0.719509,-0.435869,-0.21195,0.120983,0.53572,0.0704431,0.474242,0.275566,-0.507739,0.0518772,-0.752173,0.579808,0.926853,1
1.11763,-0.0218868,0.14451,-0.0732153,-0.36995,0.13932,-0.0607117,1.06417,-0.136414,0.0758914,0.743508,-0.571868,0.27621,0.0562008,0.109226,-0.352406,-0.304982,0.19784,0.548706,0.0726201,0.783819,-0.557853,-0.841102,-0.430153,0.252244,-0.236709,-0.0242701,0.416616,0.0252071,-0.0942929,-0.315693,0.771153,0.484498,0.894512,1
-0.00341617,0.262127,0.0636104,0.039774,0.226705,-0.195284,-0.296789,0.271731,-0.460257,0.321398,0.506071,0.101579,0.223577,0.0623241,-0.374536,0.622087,0.257105,-0.441591,0.412734,-0.45722,0.608119,0.0705217,-0.735839,0.0243819,-0.129319,0.160802,0.0225873,0.070868,0.141204,0.689441,-0.646233,-0.734808,0.52423,0.898185,1
0.790862,-0.122878,0.110986,-0.832852,0.822245,0.470019,0.477291,0.596924,-0.807439,0.28584,0.510598,0.124367,0.22051,0.229972,-0.611128,-0.965791,0.508643,0.0453692,-0.0182304,-0.0701577,0.102573,-0.272159,0.474393,0.144249,0.128982,0.505256,0.855998,0.523088,0.812166,0.27306,0.0482034,0.452236,0.573996,0.866969,1
0.270108,-0.115259,0.34735,0.397478,-0.151993,0.0383207,-0.503394,0.732571,0.731039,-0.806352,0.509984,0.0205307,0.298154,1.13232,-0.261805,0.0155839,0.720613,-0.383301,0.839454,-0.222792,0.615012,0.465442,-0.417219,-0.0764584,-0.218337,-0.549976,0.215234,0.238783,-0.0458229,0.562259,-0.367447,0.0998537,0.527552,0.867411,1
0.113877,0.0882056,-0.046485,-0.478298,1.03564,1.01242,0.0153984,-0.508049,0.352447,0.203447,0.297906,0.0968993,0.0317437,-0.640099,0.46635,0.355851,-0.742488,0.0563692,-0.231667,0.0191612,-0.204762,0.00910497,-0.0780036,-0.379057,0.000748183,0.514845,-0.569914,0.360367,0.399871,-0.0717065,0.37196,0.377699,0.46277,0.857694,1
-0.549361,-0.408556,0.0766617,-0.120454,-0.512479,-0.520571,0.210341,0.457849,-0.227952,-0.472001,-0.200267,-0.985607,1.22171,0.107742,-0.281412,-1.04376,0.290661,0.579251,-0.764874,0.119959,0.264754,-0.271476,0.101169,0.90204,0.179809,-0.103343,0.323341,0.0094403,0.0281305,-0.259009,-0.255069,0.174537,0.458226,0.851755,1
-0.260573,0.47967,-0.94416,0.801869,-0.00260058,0.199847,-0.629625,-0.959353,0.122642,-1.13899,-0.469923,0.803324,0.559791,-0.545511,0.0117558,0.3907,-0.0739909,-0.241682,-0.201524,-0.139646,-0.0736471,-0.234147,0.31206,0.324415,-0.276291,0.284667,-0.0344573,-0.644782,-0.182339,-0.543941,0.66458,0.586764,0.487393,0.874808,1
-0.270831,0.57965,0.265397,0.456742,-0.493888,0.863316,0.016288,-0.260464,-0.0308383,0.642958,-0.281274,0.162625,0.305944,0.17959,0.00652724,0.747831,-1.02663,0.552099,0.416236,0.0422908,0.533928,-0.387308,-0.360574,-0.360106,0.287744,-0.196391,0.447172,0.299273,-0.200424,-0.305088,0.0839079,-0.627891,0.495627,0.949357,1
0.0967974,-0.158195,0.596912,-0.354165,-0.0848686,0.406507,0.334403,0.623568,-0.372054,0.431161,-0.0512617,-0.679291,0.35359,-0.476278,0.17462,0.342118,-0.389308,0.163246,0.0590073,1.1894,-0.163968,0.703992,-0.993414,0.403367,0.462323,-0.199942,-0.669285,0.108254,0.553622,-0.0675043,-0.0596794,0.859891,0.526851,0.906304,1
0.02837,-0.0373335,0.517453,0.806134,0.267336,1.05694,0.520276,0.335874,-0.745062,0.384637,0.222961,0.320525,0.199118,0.535637,0.0348545,-0.0221443,0.43219,-0.437298,1.09083,0.0294553,-0.626247,-0.745135,-0.797203,-0.108347,0.753386,-0.260432,0.432217,-0.64247,-0.470952,0.649202,0.821821,-0.321589,0.435779,0.775299,1
0.293518,0.173729,-0.725331,-0.428206,0.563331,-0.262913,0.0275598,-0.908919,-0.753116,0.866562,-0.889747,0.278878,0.501982,0.951613,-0.70202,-0.142741,-0.437762,-0.487034,-0.294658,-1.45746,0.216478,-0.415407,0.457748,-0.346391,-0.582016,0.535541,-0.339997,-0.459767,-0.41367,-0.586095,0.690461,0.488494,0.423633,0.840088,1
0.248422,-0.332417,0.236067,0.109584,0.189148,-0.908892,0.512713,0.243651,-0.777715,-0.180217,0.486164,0.150107,-0.543711,1.03637,-1.17276,-0.0536258,-0.581911,-0.26312,0.532253,-0.393375,0.0754734,0.049753,-0.372811,0.862747,0.756052,0.190022,0.052297,0.103161,0.646768,0.15174,-0.285521,0.657799,0.499876,0.91169,1
0.402019,0.167764,0.155576,-0.245652,-0.366673,-0.710683,0.331889,0.0429175,-0.311278,0.236489,0.14979,0.0743272,0.350481,-0.567331,-0.881793,0.538672,-1.09638,0.0401374,0.160725,0.345392,0.170458,0.328254,-0.0937701,0.324705,0.257812,0.135101,0.0317827,-0.835838,-0.111259,-0.139075,0.701463,-0.0965221,0.576208,0.867478,1
-0.271514,-0.513653,-0.0564043,0.120429,-0.279703,-0.876655,-0.696527,0.21861,0.393596,0.0890404,0.320332,-0.824391,-0.568782,0.433079,0.534786,-0.704774,-0.709993,-0.309665,0.0112201,-0.351724,0.1009,-0.544332,-0.896283,0.568722,-0.0362381,0.716321,-0.825931,-0.051907,0.57742,0.187196,-0.523558,0.667542,0.501664,0.81035,1
-0.332003,0.187659,-0.219906,-0.769222,0.54558,-0.377942,0.467002,0.134192,0.0115917,0.347258,0.965163,0.166013,0.0408679,0.547418,0.418741,-0.411853,-0.0549158,-0.760864,-0.189251,-0.34372,-0.377074,0.418287,0.179827,-0.203107,0.724503,0.469463,0.345362,0.0829599,-1.07803,0.0199378,-0.696424,-0.490176,0.432096,0.863268,1
-0.236132,-0.179037,-0.946256,-0.0939698,0.167708,-0.25749,0.665732,-0.00275553,-0.0288659,-0.243888,-0.196359,0.373779,0.194464,-0.0223291,1.17837,0.0925349,0.119066,-0.732251,-0.293676,0.0469452,0.152723,-0.20176,0.117789,-0.423722,0.309741,0.597578,-0.905748,0.655954,0.0709157,-0.0429779,0.704113,0.146266,0.458856,0.787239,1
0.321322,0.322502,0.206529,0.152859,0.321005,7.95,0.162177,0.239736,0.214534,0.245514,0.139924,0.1609,0.375478,0.300483,0.261659,0.188025,0.389884,0.29779,0.380655,0.299611,0.174678,0.235835,0.259144,0.360022,0.304729,0.365564,0.111556,0.201142,0.144103,0.207776,0.275406,0.282624,0.52,0.82,1
0.338132,0.0164698,-0.0934836,-0.355044,0.994878,0.0135276,0.256223,0.181358,0.475979,-0.186245,0.178806,0.017283,-0.234622,-0.76851,0.619936,-0.629423,0.0884133,-0.297731,0.0177593,-0.507947,0.938762,0.572413,0.14726,-0.0074918,0.0961404,0.317202,-0.473624,0.239716,-0.362486,-0.0569172,0.0668923,-0.496799,0.542378,0.86548,1
0.432833,-0.40286,0.167495,0.334208,-1.43,-0.042217,0.396687,0.583719,0.282251,-0.116272,0.696294,-0.491661,0.682233,0.506736,0.859912,-0.505524,-0.485999,-0.162357,-0.160264,0.748842,-0.753913,1.0726,-0.211151,0.111208,0.187006,-0.114286,0.331084,1.18438,-0.36939,-0.57644,-0.238342,0.0976361,0.468034,0.896189,1
-0.0902929,-1.18923,0.370931,0.115919,-0.564363,0.0428319,-0.314129,0.2033,1.06364,-0.689852,-0.0831936,0.328215,-0.710155,0.621535,-0.14426,0.0932451,-0.379419,-0.559224,-0.243611,0.128673,0.395632,-0.349568,-0.273635,-0.00373475,-0.210987,0.185121,0.164478,0.238694,-0.29891,-0.465408,-0.330051,0.715725,0.480947,0.891568,1
-0.399944,0.209024,-0.490667,-0.2402,0.38502,0.742844,0.133965,0.83772,0.417733,0.0966046,0.784799,-0.221006,0.463481,-0.576619,0.745345,-0.908213,-0.216309,-0.683694,-0.409701,-0.552519,-0.038099,0.504704,-0.206165,-0.162122,-0.500053,0.107507,0.190273,-0.191199,-0.662977,-0.297121,-0.218217,0.170518,0.473456,0.79082,1
0.237054,0.317085,-0.655733,0.0594833,0.265751,-0.261735,-0.845857,-0.315794,-0.00997732,0.728602,0.297194,-0.20004,0.235425,0.190171,0.0869712,-0.392724,-0.593329,0.301355,0.14344,0.465732,-0.28029,0.211619,0.400018,0.0704946,0.134253,0.0091492,1.09085,-0.216029,-0.235404,0.50904,-0.201296,0.178872,0.551041,0.864982,1
0.788194,0.225101,-0.0678834,-0.155929,0.322368,-0.19033,0.524032,0.907974,0.139869,-0.157439,0.481152,-0.168928,-0.362876,0.264256,-0.181473,0.409416,-0.489604,0.505933,-0.811859,0.307867,0.689097,0.52338,-0.348806,0.308886,-0.0169945,0.0840138,1.01822,-0.146642,0.128254,1.01296,0.49893,-0.267021,0.527497,0.860101,1
0.506949,-0.268023,0.00841304,0.438981,0.872857,-0.767608,0.165891,0.514309,0.11702,0.803805,-0.231871,-0.155447,0.410553,0.260937,-1.0452,0.33748,-0.611587,0.0348956,0.258479,-0.734051,-0.156523,-0.607869,0.372396,-0.21599,-0.906543,-0.393254,0.550767,0.0670874,-0.080643,0.388956,-0.654427,0.0619836,0.523339,0.827731,1
0.573304,0.270341,-0.170264,-0.883871,-0.836673,-0.468965,-0.377325,0.530143,0.23499,-0.692783,0.252602,-0.445076,0.0936106,-0.024211,0.63941,0.482158,-0.176448,0.722658,0.646302,-0.466552,-0.289161,0.228855,0.33181,0.343248,0.340704,0.929399,0.364568,0.0275242,-0.933981,0.624599,0.0491471,-0.264623,0.535886,0.901131,1
-0.0556015,-0.245543,-0.242755,0.36563,-0.435953,-0.187608,-0.416133,0.733656,-0.0958985,-0.670709,0.0957513,-0.896559,1.31904,-0.251079,0.254144,0.0121596,0.455879,0.213896,-0.837211,0.0734694,-0.41153,-0.0155503,-0.163882,-0.8397,0.880685,-0.101587,-0.74071,0.342181,0.0410693,0.624023,0.240204,-0.153986,0.504067,0.775925,1
-0.122188,-0.37341,-0.219556,0.211877,-1.24586,0.110573,0.0576014,0.738832,0.991517,0.393909,0.262274,0.190926,0.120608,-0.0132555,0.019963,-0.545363,-0.0198985,0.636835,0.443328,0.191396,0.919187,-0.170112,0.324484,-0.927188,0.243213,0.165795,-0.507647,-0.309545,0.216541,0.536937,0.0991501,-0.636932,0.558941,0.836456,1
0.312256,0.239467,0.190975,0.101044,0.203794,7.95,0.346521,0.336857,0.245168,0.363375,0.279358,0.204484,0.149521,0.226284,0.309924,0.148871,0.387106,0.289083,0.16051,0.39936,0.307696,0.377565,0.394326,0.254213,0.312197,0.220745,0.203328,0.221294,0.10431,0.298447,0.25594,0.345805,0.52,0.82,1
0.392552,-0.803946,-0.270929,-0.151692,-0.108823,0.448688,0.780358,-0.113755,-0.436482,0.484912,-0.337514,0.318912,0.282404,0.0988954,0.0163304,-0.387638,0.045733,-0.149802,0.388979,0.0609987,0.0508884,-0.629424,-0.431798,-0.156184,-0.725846,0.136389,0.327437,0.511137,-1.6205,-0.119535,0.513678,0.0551578,0.550884,0.859978,1
0.147508,-0.0399314,-0.856899,-0.878489,-0.111076,0.223782,-0.30194,0.642479,-0.27571,-0.620057,0.647391,-0.204101,-0.0192025,0.250025,0.121149,-0.164733,1.04814,-0.0928981,0.72475,0.597539,1.15833,-0.540202,0.0893482,0.167721,-0.0416685,0.0910589,0.636099,-0.742221,0.149846,0.218982,-0.574412,-0.246093,0.453408,0.894567,1
-0.058686,0.932921,-0.337541,-0.271845,-0.221269,1.09923,-0.621067,-0.320026,-0.786435,-0.701416,0.672915,-0.0793422,0.0984739,0.419755,0.375807,0.179785,0.358792,-0.418877,0.296495,0.126295,-0.056245,-0.225084,-0.630016,-0.19197,-0.900324,-0.806775,0.32022,0.733322,0.628715,0.144026,-0.137866,0.906313,0.501371,0.76046,1
-0.144296,0.166825,0.180892,0.0678281,-0.162988,0.0873719,-0.65761,0.121805,0.311329,-0.111233,-0.37325,-0.107237,0.345432,-0.414831,0.0222388,0.111315,-0.0781361,-0.374821,0.214992,0.412895,-0.168822,0.0536231,-1.04269,-1.1313,-0.894964,-0.978267,-0.330329,0.0727037,-0.0077124,-0.587363,-0.0825368,-0.587001,0.454164,0.798439,1
-0.224892,0.455153,0.44853,0.525807,-0.865703,0.369964,0.166088,-0.155226,0.459626,0.539223,-0.1252,0.448051,0.348285,1.05766,1.00094,0.251226,-0.852129,0.741982,-0.121112,-0.560558,0.626555,-0.173814,-0.954436,-0.0443538,-0.183988,0.335315,-0.244665,-0.353362,0.336032,-0.404303,0.476668,0.549446,0.50581,0.864001,1
-0.390358,0.242671,0.44751,0.354712,0.531628,-0.528376,-0.158337,-0.0904754,-0.257148,0.342496,0.325069,-0.177384,-0.420931,0.276146,0.507872,-0.383752,0.31003,-0.14282,-0.467205,0.244126,-0.802824,0.051737,0.574011,-0.513489,0.936113,0.534141,-0.380573,0.0156823,0.701577,-0.538294,0.422016,0.286071,0.439024,0.926036,1
-0.276612,0.206048,-0.0378737,-0.349047,-0.146233,-0.637151,0.452845,-0.657614,0.284713,-0.10903,0.453881,0.0677257,-0.393419,0.218662,-0.127214,0.0372315,-0.724717,-0.0511091,0.76758,-0.145543,-0.245751,-0.547504,-0.72854,0.846858,0.486889,-0.142495,0.234401,0.877959,0.174621,0.00241712,0.260732,-0.295217,0.566058,0.85431,1
-0.642546,0.225509,-0.0770946,0.307567,-0.697885,-0.593607,-0.333662,0.344352,0.257857,-0.366268,0.147673,-0.883399,0.407252,-0.584536,0.601994,-0.292298,0.00745876,0.560041,0.57682,-0.67051,-0.132013,-0.109176,0.355249,0.063513,-0.23295,-0.36321,-0.498,-0.142269,0.0280713,-0.245506,0.982625,-0.709821,0.544534,0.876328,1
0.326072,0.384923,0.256594,0.139576,0.173299,7.95,0.216117,0.10187,0.149465,0.358449,0.3997,0.132339,0.282277,0.325409,0.399367,0.191613,0.267646,0.276645,0.104943,0.284739,0.237723,0.356564,0.36868,0.352614,0.393268,0.211675,0.264378,0.26101,0.319473,0.293804,0.176052,0.373973,0.52,0.82,1
0.386443,0.111764,0.336604,0.378742,0.374775,7.95,0.306747,0.155553,0.174681,0.241284,0.154649,0.185168,0.245706,0.25941,0.322972,0.12333,0.186634,0.282856,0.223844,0.12859,0.280693,0.279719,0.146128,0.300341,0.347551,0.150925,0.264571,0.277658,0.345309,0.293904,0.334672,0.170077,0.52,0.82,1
-0.592146,1.07237,-0.641571,0.878198,-0.317558,-0.739458,0.13413,-0.163581,0.422612,1.11712,-0.567268,0.302224,0.130425,-0.228665,0.176127,-0.0778083,0.227074,-0.0886788,0.1541,0.0106703,0.1343,-0.306686,0.215622,0.421742,0.35305,-0.459188,-0.220513,-0.2282,-0.00645152,-0.321462,-0.182796,0.465329,0.503504,0.827412,1
0.666439,-0.12562,-0.194067,-0.996366,1.38065,0.60323,-0.595381,-0.31113,0.154733,-0.948991,-0.413009,-0.831708,0.497313,-0.364548,-1.0416,1.06737,-0.367885,1.47989,-0.0376697,0.322189,-0.493645,-1.28558,-0.078108,0.262735,0.901962,0.798099,0.430932,-0.16615,-1.00182,0.379903,0.976634,-0.272032,0.527173,0.942264,1
0.342015,-0.109573,0.0487257,-0.103797,0.276026,0.552159,0.301334,-0.582608,0.384618,-0.118382,-0.137612,0.60961,0.397443,-0.0713026,-0.285646,0.456001,0.186673,0.0946505,-0.103487,0.398597,0.0501439,-0.0762224,0.584149,-0.323218,-0.419488,0.508634,-0.318213,-0.364156,0.47243,1.15613,-0.314704,-0.811815,0.545999,0.764024,1
1.05228,0.233431,0.0637677,0.843411,0.260984,-0.419093,0.0657005,-0.380731,-0.465519,-0.180979,-1.51462,0.0865002,-0.745914,0.200669,1.56981,1.30255,0.176465,-0.805208,0.227931,0.560369,0.454858,0.230695,0.758289,-0.143653,0.46157,0.240723,-0.711664,0.26076,0.884887,0.691039,-0.60759,0.231277,0.453589,0.902732,1
0.00553158,-0.60965,0.185427,0.12198,1.16904,-0.642117,-0.261907,0.0913432,0.0737792,-0.309433,0.0964582,-0.493713,0.467389,0.206622,-0.346731,0.287692,-0.0339991,-0.0321682,-0.0792718,-0.287503,0.442573,0.271996,0.291279,-0.212307,0.300381,-0.639231,-0.397041,-0.196845,-0.401757,-0.49359,0.518067,-0.932487,0.444142,0.827036,1
-0.353691,-0.646981,-0.622124,-0.188343,-0.0482208,0.216182,-0.0114424,0.192665,-0.53019,0.146524,0.136292,0.326066,-0.0612006,-0.118443,-0.458302,-1.24719,0.731201,0.627472,0.0489935,-0.180125,0.166843,-0.142772,0.465995,0.388595,0.287475,0.42992,-0.359291,-0.252634,-0.130577,-0.753354,0.446715,0.879703,0.514637,0.895603,1
-0.814889,0.152284,0.192688,0.00662034,-0.0670979,-0.119318,0.364198,0.130688,0.0880209,-1.17784,-0.107534,0.670356,0.703758,-0.90545,0.506814,-0.164836,0.0297222,0.441668,-0.167839,-0.310404,0.843994,0.377582,-0.403814,0.70465,0.32895,0.46072,0.642786,0.143936,-0.3868,-0.903624,-0.266317,-0.699856,0.424682,0.862856,1
-0.428615,0.679695,0.59645,0.690285,0.155677,0.706341,-0.435909,0.296581,0.237336,0.241616,0.264434,-0.354534,0.683128,-0.809702,-0.179196,0.115034,-0.0284985,-0.493478,0.100693,0.38076,0.358911,0.334363,0.533402,0.623733,0.0218512,-0.430785,-0.843617,-0.104218,0.0307474,0.167164,-0.0774816,0.893673,0.44817,0.931773,1
0.788217,0.446691,-0.157788,-0.282897,-0.318183,-0.225809,0.250646,0.149618,0.487966,-0.266226,-0.202432,0.454705,-0.337826,-0.547879,-0.119022,-0.179871,0.457419,-0.376305,0.782049,1.00701,-0.751238,0.414812,0.557006,-0.205943,-0.882304,-1.47215,-0.347684,0.420196,0.0158722,0.284593,0.438016,-0.0180079,0.509515,0.891942,1
-0.524284,-0.242482,-0.219585,-0.0475937,0.270725,0.224786,-0.34548,0.473032,0.321867,-0.76334,0.526611,-0.424044,0.281487,-0.224592,-0.252144,0.313132,0.265648,-0.228769,1.08178,-0.462517,0.138879,0.276839,-0.67437,0.425447,0.285884,0.0946601,0.268662,0.00135785,1.03865,-0.164507,-0.469358,-0.111222,0.502427,0.916204,1
0.798966,0.0482876,0.401371,0.137324,-0.672639,0.313481,-0.269622,-0.429663,-0.0756313,-0.75913,0.138098,-0.195362,0.0891928,0.0684583,-0.214345,0.952823,-1.37977,1.09498,-0.667921,0.351383,0.560062,0.277093,-0.00556856,-0.782975,0.59706,-0.0747065,-0.61544,-0.233497,-0.18983,0.290164,-0.0536455,0.351931,0.514746,0.8165,1
0.211052,0.503833,-0.0932491,-0.261079,0.349221,1.05756,0.872938,-1.0361,0.329373,0.424736,0.797751,0.437081,-0.348246,-0.609893,-0.336393,0.00929934,-0.548225,0.587768,0.563301,-0.53121,0.653368,0.481655,0.551337,-0.136033,0.477072,-0.537181,-0.341244,0.0476417,-0.668742,0.846713,0.0235267,0.314038,0.569228,0.82207,1
-0.205972,-0.822971,0.338918,0.376831,-0.326908,-0.72105,-0.0368366,-0.437063,-0.0180388,-0.525991,-0.48084,-0.30841,-0.728967,-0.278033,-0.304531,0.352758,0.375893,-0.0211076,0.00372685,-0.553127,-0.834267,0.219003,0.299843,-0.00204931,0.0833618,0.383901,-0.466772,-0.266947,0.0929849,0.329037,0.20892,0.367194,0.48008,0.778717,1
0.169773,0.722155,0.953299,0.164405,-0.366582,-0.930726,0.0929846,0.337324,-0.276189,0.613587,-0.332485,0.563144,-0.77252,-0.966087,-0.172305,-0.589578,0.43146,0.14942,-0.841717,-0.313076,0.897444,0.144873,0.483989,-0.0218997,-0.106722,-0.0981507,0.0235109,0.753602,-0.647103,-0.745795,-0.0305953,-0.586374,0.47821,0.841721,1
-1.06013,0.243887,-0.339809,0.747565,-0.0381011,0.246222,1.14785,-0.0715257,-0.909385,0.230447,0.126864,0.023012,0.184287,-0.706033,-0.21645,0.359102,-0.0934235,-0.0477197,0.268632,0.141944,0.651546,-0.0409626,-0.213807,-0.144415,-0.342113,0.0387,-0.608681,-0.371057,-0.138291,0.464219,0.203197,0.304259,0.521269,0.812919,1
0.143288,-0.349845,0.245236,0.457435,0.0413698,-0.153775,0.392802,0.404736,-1.12616,-0.237658,0.464497,1.00285,0.0627093,0.862036,-0.304286,-0.743252,0.687677,-0.129277,-0.241131,0.243398,0.897409,0.576372,-0.400465,-0.163197,-0.50812,0.417264,-0.71706,0.167361,0.020543,0.283175,-0.909776,-0.092655,0.477943,0.921171,1
0.215515,-0.0235546,0.510107,-0.297766,0.00549927,-0.384418,0.656462,-0.232747,-0.218608,-0.294715,0.121048,0.015828,-0.185992,-1.11517,0.617967,-0.771776,-0.218906,-0.349208,0.405382,-0.691485,0.178785,0.0661181,-0.746919,0.225061,-0.436268,-0.483977,0.548337,-0.0596549,0.363764,-0.345077,0.598984,0.0336434,0.567729,0.85352,1
0.277933,-0.243113,-0.493816,0.600986,0.383435,-0.470906,-0.102687,0.176301,0.475968,-0.275231,-0.784452,-0.223859,0.683182,-0.349032,0.663549,-0.296648,-0.399713,-0.149068,0.719815,0.982147,-0.747759,-0.325202,0.0733691,0.21583,1.04653,-0.263286,0.551715,0.897416,0.409567,-0.235753,-0.0156457,0.400726,0.577044,0.928282,1
-0.0708688,0.679769,0.423643,-0.548322,-0.528284,0.635729,0.242887,-0.149956,-0.450436,-0.51548,-0.428394,-1.16667,0.190414,-0.0938097,0.55731,0.00214038,0.230776,0.563814,0.22763,-1.12252,-0.515308,-0.251448,0.355838,0.462437,-0.288054,-0.508254,1.02847,-0.0745363,0.831347,-0.488176,0.47851,-0.4266,0.422338,0.909877,1
0.182759,0.208513,-0.150134,0.387612,0.193647,-0.175075,-0.573733,-0.268309,-0.640701,0.134793,-0.278911,-0.221554,-0.718653,0.455733,-0.251951,0.573696,0.091753,0.189492,-0.516748,-0.462657,-0.424032,-0.0732033,-0.145586,-0.131667,0.0282909,-0.0150661,0.616471,-0.462989,-0.172401,0.790397,0.734596,0.0968442,0.532882,0.868866,1
-0.0824561,0.48841,0.329232,0.188918,-0.210272,0.304161,0.180083,-0.46661,1.81225,1.39826,-0.045698,0.577986,-0.00671052,-0.921384,0.152515,-0.449531,0.309982,-0.215333,-0.0178053,0.520053,0.303622,-0.10527,-0.110527,-0.159028,0.308187,-0.687346,-0.461858,0.0345883,0.231057,-0.318064,0.76203,0.676726,0.471344,0.85358,1
-0.525367,0.890777,0.186374,0.0253715,0.297713,0.229516,-0.559961,1.17086,-0.335254,-0.235073,-0.180534,-0.358671,0.464855,-0.371304,0.0998182,-0.529661,-0.133812,-0.361951,0.2633,0.0966861,-0.852499,0.818422,0.696809,0.10749,0.276678,-0.362492,0.62578,-0.506525,-0.312138,-0.0245376,-0.0286654,-0.445015,0.50264,0.805352,1
-0.0398228,0.730406,-0.143921,1.93544,0.211656,-0.849365,-0.919442,-0.210858,0.261781,-0.301964,0.0407543,-0.10005,0.0417979,1.04415,-0.278182,0.00389316,0.848357,0.154022,0.463852,-0.483215,0.1213,0.482265,0.132519,0.321338,-0.504145,-0.687075,0.110406,-0.472926,0.121211,-0.41693,-0.380408,-0.408931,0.458404,0.804792,1
-0.191074,-0.24699,-0.41218,-0.915955,-1.03875,0.628557,-0.0423885,0.714366,0.00145761,0.769455,-0.929047,-0.482627,-0.605179,0.602411,-0.523222,-0.594186,0.104772,-0.533449,0.424229,-0.194463,-0.161787,0.0685178,0.622192,0.405913,-0.406517,-0.286546,0.103336,-0.691168,0.113873,-0.390484,-0.697894,-0.371427,0.535452,0.906085,1
-0.36631,0.46324,0.568972,0.592921,-0.196341,-0.289179,-0.922343,-0.156418,-0.814157,0.23436,0.518392,-0.380587,0.0577973,0.199707,-1.08569,-0.40677,0.549407,-0.125805,-1.43057,0.725275,-0.215292,-0.0754183,0.624118,0.293483,-0.303718,0.224622,0.526874,-0.720732,-0.75373,0.439487,-0.323655,-0.113666,0.426664,0.934781,1
-0.805757,-0.466329,-0.0609611,-0.550439,0.253664,-0.601936,0.426489,0.821886,-0.28079,-0.433114,0.26945,0.177226,-0.301815,0.783513,-0.517377,0.0438685,-0.441381,0.74676,0.344625,-0.63835,0.506211,1.19045,-0.290574,-0.170104,-0.204992,-0.499774,-0.070583,-1.03104,0.18406,-0.366286,-0.103611,-0.827849,0.519705,0.93731,1
0.98502,-0.479093,-0.257013,0.0167907,-0.0437047,0.183181,0.0689138,0.354463,-0.624985,0.255527,-0.354034,0.415319,-0.868335,-0.673355,-0.251645,0.00909108,0.477805,1.11208,0.219535,-0.664528,-0.873726,-0.119559,0.294083,-1.66392,-0.419001,0.0373089,-0.30856,0.979498,0.0926847,-0.0843791,0.386717,0.184931,0.491457,0.91381,1
0.215842,0.126974,0.0166518,-0.05346,0.302285,-0.35837,-0.238324,0.118349,0.505377,0.686604,0.324894,-0.954297,-0.0274672,0.230742,0.135463,-0.0218689,0.0128186,-0.630721,-0.710342,-0.363305,-0.77262,0.0347181,-0.511371,0.206469,0.226887,0.224007,-0.229143,0.0397943,0.0184998,0.18996,0.325623,0.723613,0.434036,0.913529,1
0.221672,0.149925,0.134877,0.387687,0.248296,7.95,0.347954,0.25789,0.337894,0.210862,0.339817,0.107656,0.181711,0.20525,0.332112,0.284223,0.372911,0.348763,0.108554,0.229519,0.136982,0.378883,0.249121,0.208772,0.378907,0.322256,0.379693,0.159154,0.153657,0.311374,0.384762,0.384159,0.52,0.82,1
0.2271,0.00315156,0.535003,-0.660629,0.861171,0.156209,0.48308,-0.597273,-0.414192,0.811094,-0.293713,-0.899525,-0.115405,0.110624,0.44833,0.187254,0.764282,-0.584219,-0.0498628,0.421064,-0.248812,0.0678153,0.599845,-0.42517,0.127396,-0.626273,-0.0702142,-0.621655,-0.442822,0.83949,0.143274,0.143595,0.439289,0.778644,1
0.412989,0.310884,0.401768,0.33486,0.665854,1.00888,-0.332385,-0.100436,-0.185752,-0.106135,-0.233085,-0.275725,-0.303449,-0.377734,-0.399588,0.538995,-0.860467,-1.05137,0.374265,0.333197,-0.0614432,0.587674,-0.381378,-0.709685,-0.217484,-0.463787,-0.140397,0.148531,-0.278243,-0.0300817,0.213455,0.117006,0.425879,0.861215,1
0.293348,0.26441,-0.279124,0.296238,-0.0479893,-0.359142,-0.648997,0.322103,0.368793,0.382863,0.0584588,-0.120764,-0.0799575,0.332586,-0.318052,-0.209421,-0.0613655,0.261177,-0.799644,0.211221,0.733507,0.125486,-0.350056,-0.504933,-0.237584,0.465259,-0.537832,1.4129,0.353441,-0.286619,0.017064,1.29997,0.576968,0.832807,1
-0.206105,0.355208,-0.447522,-0.877631,0.607259,-0.432038,-0.453476,-0.572129,0.43954,0.116473,0.488234,0.431506,-0.317412,-0.839455,-0.364778,-0.125069,-0.297622,1.22354,0.125388,0.220285,0.592218,0.547011,0.227239,0.571267,-0.0196583,-0.287086,-0.0715472,0.336796,-0.126461,0.772349,-0.313466,-0.0606303,0.509977,0.827051,1
-0.344,0.359087,0.842974,0.721135,0.167932,-0.542738,-0.03021,-0.967381,-0.34038,-1.06057,0.139231,-0.190758,-0.534049,-0.616939,-0.42268,-0.084569,0.850896,0.0160634,-0.380914,0.0313711,0.443616,0.148459,0.714308,0.874141,-0.0755477,-0.328486,0.226438,-0.256352,-0.505064,-0.0739342,0.44631,-0.0533814,0.549886,0.896434,1
-0.0227119,0.374927,-0.351145,-0.145112,0.0636343,0.656637,0.0786226,0.539153,-0.0554714,-0.182099,-0.525735,0.210567,-0.0297123,-0.362807,0.388314,-1.17939,0.146459,0.25867,0.463774,-0.416265,-0.263185,-0.197051,-0.328235,0.419323,1.60932,-0.138331,0.0939311,-0.466717,0.738945,0.0672772,-0.349992,-0.349673,0.425447,0.785074,1
0.0379981,-0.0741012,-0.475032,-0.225545,0.712011,0.449727,-0.0836143,0.139816,0.0776957,0.00137693,-0.530277,0.284633,0.320344,-0.132382,0.207277,0.531919,0.218592,-0.444874,-1.15439,-0.328484,1.05818,-0.748721,1.10196,-0.206681,0.61748,-0.178212,0.190502,-0.375385,0.314943,0.145564,0.493541,-0.200622,0.500889,0.777718,1
0.229611,-0.246125,-0.207077,0.32316,0.53747,0.403706,-0.463481,0.606713,0.62912,1.28517,0.738637,0.65131,-0.595554,-0.702175,0.13402,0.470422,0.698787,-1.09008,0.741142,0.727642,-0.408478,-0.11219,0.401354,-0.54015,0.136848,0.836332,0.227056,0.46879,-1.1451,-0.974312,0.376755,-0.0785329,0.53161,0.836576,1
-0.381444,0.272329,0.312639,0.442012,0.216426,-0.247935,0.24652,0.289688,-0.372523,0.107227,1.04787,-0.377163,0.260968,0.299216,-0.13029,-0.253753,-0.112894,0.138724,-0.19637,-0.590438,-0.49775,0.191352,0.196602,0.274563,-0.120422,0.410841,-0.411844,0.196688,-0.103282,0.113649,-0.1996,-0.202243,0.473889,0.774661,1
0.322231,0.234134,0.360947,0.136541,0.18284,7.95,0.172409,0.16995,0.129456,0.196854,0.282558,0.275949,0.288117,0.252878,0.171314,0.138617,0.251406,0.121748,0.129043,0.360101,0.305717,0.111884,0.205548,0.123974,0.149619,0.162046,0.341497,0.350968,0.207954,0.388318,0.234888,0.399315,0.52,0.82,1
0.410821,-0.880145,0.125698,0.296559,1.20231,-0.139024,0.587163,-0.506157,-0.578186,0.289831,0.150923,0.713521,0.371104,1.53981,-0.494089,0.241501,0.477325,0.113667,0.106373,0.553416,0.359786,1.05024,-0.601335,0.237123,-0.732391,0.416365,0.278115,0.492107,-0.509144,-0.408558,0.446319,1.00263,0.438306,0.882394,1
-0.639472,0.0854039,-0.603228,-0.525076,0.261063,-0.831941,-0.437476,0.740991,0.509383,-0.0191814,-0.00473248,0.35169,0.099818,-0.734537,-0.00871082,0.629552,-0.319891,0.689338,-0.94906,0.322921,-0.167699,-0.061947,-1.00555,0.0778176,-0.537032,-0.283413,-0.144457,0.208956,0.189235,-0.430912,0.900291,0.337749,0.529899,0.818031,1
0.435241,0.369502,0.345566,0.230787,-0.135716,0.410056,-0.557939,-0.561317,0.224093,0.430935,0.310139,-0.608784,-0.347657,0.340378,0.784605,-0.0812857,0.977839,-0.0209589,0.59732,-0.0364536,-0.0276694,-0.725642,0.680463,0.126214,-0.167296,-0.197571,0.483021,-0.18824,0.822153,-0.0103932,0.32574,0.372813,0.517671,0.824884,1
0.348422,0.476386,-0.454521,-0.856879,0.286077,0.159528,0.241665,-0.923396,0.150206,0.684637,0.281413,0.531925,-0.102236,0.315445,-0.326667,-0.0926934,0.376622,0.0690095,-0.756764,-0.676525,0.25428,0.486479,-0.148452,0.00785136,-0.29749,-0.644007,0.481027,0.0197647,-0.151341,-0.00886899,0.567024,-0.103325,0.508902,0.772572,1
0.84431,0.0400306,-0.0983504,-0.287214,0.0531585,0.0655988,0.0467554,0.0533882,0.410293,0.343123,-0.135234,0.0659491,-0.352759,0.931635,-0.578444,0.663774,0.720031,0.162323,0.23911,-0.230375,0.159081,-0.463533,-0.134618,-0.303944,0.0724101,0.174453,-0.561358,0.369191,0.481438,0.320791,0.346425,0.681278,0.499465,0.876665,1
-0.119873,0.0427967,-0.433686,-0.776217,0.386738,-0.820526,0.249316,-0.213538,-0.751638,-0.223466,-0.809928,-0.100368,0.492714,0.261593,-0.511214,0.486995,0.186339,-0.4328,-0.0939224,-0.0994993,0.602872,0.201743,-0.351243,0.195767,0.304613,-0.734707,-0.586337,-0.28988,-0.233024,0.212292,-0.363335,0.252043,0.573843,0.904348,1
-0.055234,0.05239,-0.0132018,0.681511,0.151093,0.353678,-0.231775,-0.740858,-0.190131,0.188334,0.325611,-0.107767,0.346412,0.973789,0.42773,-0.8648,-0.0737126,-0.965948,-0.764686,0.24332,-0.959651,-0.540588,-0.215985,0.104462,0.991528,-0.0359542,-0.604719,-0.474972,0.807905,-0.0198237,0.543468,0.188061,0.48485,0.83269,1
-0.453715,0.337168,-0.0189794,0.397482,-0.544133,-0.138534,0.27498,0.0906534,0.395451,-0.193293,0.253755,-0.325447,-0.758077,0.113556,0.22454,-1.01796,-0.186775,-0.326727,0.598158,0.361269,0.858768,-0.626819,0.578688,0.713354,0.117648,-0.997777,0.575132,0.190585,0.388094,0.075525,-0.565008,0.380583,0.572839,0.923386,1
-0.925894,-0.322275,-0.158665,0.685173,-0.506743,0.470957,-0.616459,-0.250498,0.0776152,0.134411,0.252551,0.598206,-0.321182,0.394768,-0.650097,-0.286476,0.919885,-0.634654,-0.0513223,-0.291371,-0.483191,0.297082,1.04888,0.155528,-0.254102,-0.169261,-0.580307,0.250856,0.202777,-0.414503,-0.418027,-0.180933,0.43016,0.885564,1
0.343481,0.142747,-0.76817,-0.271214,0.263073,-0.547066,-0.209805,-0.263143,-0.317349,-0.587051,-0.0661408,0.274088,0.127421,0.885846,-0.0503088,0.33927,0.292284,-0.173019,-0.528734,0.0838282,0.752799,-0.0734401,-1.43241,0.0262148,0.673384,-0.369754,0.141849,-0.629336,0.174237,-0.102302,0.40876,-0.268586,0.572821,0.924013,1
0.195875,-0.473956,0.213575,0.591275,-0.857107,-0.70708,-0.351258,0.246535,0.865286,-0.289413,-0.137645,0.28675,-0.314017,-0.178768,-0.73613,0.169035,0.16197,0.295467,0.36124,-0.385528,0.613597,0.838786,-0.783523,-0.376857,-0.0574867,-0.161623,0.556146,0.31997,0.787985,-0.506401,0.519244,0.668903,0.473667,0.949426,1
-0.0605306,-0.719903,-0.0465555,0.658249,0.715677,0.0228318,-0.284189,0.24273,-1.17371,-0.485285,0.162359,-0.160535,-1.09969,-0.220539,0.421329,1.16337,0.107782,-0.221652,0.18628,0.114632,0.324635,0.243284,0.295512,1.18999,-0.0413847,-0.580929,-0.650044,0.8296,-0.22342,0.208586,-0.546965,0.781008,0.48915,0.861126,1
-0.432636,-0.596496,-0.822947,-0.198976,-0.487285,0.542891,-0.548002,0.18533,0.42389,-0.0639258,0.354917,0.567725,-0.260048,-0.126953,-0.269773,0.0270613,-0.337607,0.342492,-0.837711,0.319828,0.274094,0.0785851,0.269597,0.271541,-0.419168,0.0515988,0.185595,-0.736703,1.07868,-0.757458,-0.651809,-1.13664,0.524684,0.846966,1
0.301188,0.0748824,-0.122633,0.401607,-0.295281,0.0672034,-0.538466,1.12608,0.643311,0.30709,0.188939,-1.0467,0.0931817,-0.15299,0.165359,-1.37359,-1.02558,-0.0200254,-0.350959,0.0986616,-0.00324736,0.199206,0.0669347,1.10263,-0.784143,0.165613,-0.128881,0.0817502,0.461926,0.75659,0.241013,-0.539796,0.432223,0.923119,1
0.722034,0.323245,0.0469029,0.0267331,0.0942035,0.22358,0.259089,0.294388,0.504893,-0.494509,-0.113987,-0.538544,-0.343948,0.147009,-0.192093,-0.0365803,-0.154555,-0.567971,-0.240876,0.777882,-0.517432,0.213809,0.26397,0.609176,-0.241084,-0.430011,0.280877,-1.11687,-0.232742,0.265991,0.260932,-0.0657815,0.438558,0.924996,1
-0.93959,0.195089,-0.0358207,0.108902,-0.366131,-0.643689,-0.528938,0.176446,0.114159,0.090121,0.347061,0.720594,-0.557174,-0.387394,0.0781674,0.0388638,-0.489216,-0.192493,-0.583995,-0.0132569,0.190578,-0.692154,-0.157545,-0.196998,-0.315581,-0.189663,1.1742,-0.247404,-0.106028,0.575566,0.0489897,0.0783338,0.509308,0.879057,1
-0.391273,0.107683,-0.188395,-0.726757,0.925376,0.747747,0.332439,0.339549,-1.24323,0.668485,-0.360636,0.590403,-0.18553,0.121469,0.343974,0.122782,-0.497595,0.635538,0.224036,-0.181419,-0.162218,-0.327636,-0.408277,0.514302,-0.116353,-0.550368,-0.397034,-0.0755269,0.388151,-0.773814,-0.613523,0.244035,0.505,0.826123,1
0.645422,0.00608719,-1.14304,-0.411398,-0.0354343,0.0558161,0.158082,-0.235676,0.0497061,-0.587556,0.534155,-0.319658,-0.104802,0.642451,0.736379,0.754638,0.222924,-0.398004,0.267558,0.0673112,0.572874,0.422227,-0.492877,-0.14438,0.187277,0.511071,-0.276216,0.00818422,0.417434,0.175967,-0.836088,1.04126,0.446653,0.809253,1
0.176412,-0.702834,0.950462,0.0702212,-0.203742,-0.619353,-0.510421,0.393293,-0.535418,0.0319768,0.852504,0.0332839,0.284515,0.928346,-0.0438747,-0.644548,-0.339957,-0.918016,-0.570267,-0.534264,-0.501524,-0.330948,1.04791,-0.336775,0.311192,1.03667,-0.570933,-0.354882,0.8752,0.327028,0.139414,-0.0303597,0.451056,0.807227,1
1.10168,-0.225519,0.463145,-0.0879961,0.082804,-0.0987721,-0.229628,-0.621189,-0.891131,1.01097,-0.128544,-0.284644,0.239722,0.640812,0.345855,0.602243,0.18366,0.0224329,-0.107715,-0.241841,-0.183762,0.644387,-0.460225,-0.00347858,-0.928728,-0.272811,-0.156828,-0.314782,-0.128967,-0.563005,0.127523,0.470734,0.513697,0.849735,1
-0.275318,-0.216826,0.11691,-0.424401,-0.773038,-0.269002,-0.204028,-0.0190631,0.568167,-0.000190204,-0.22639,-0.341996,-0.310406,-0.743211,0.426828,1.24981,-0.121965,-0.147253,0.595227,0.411789,0.389688,0.843619,0.457924,-0.104314,0.543243,-0.691176,-0.386245,-0.114536,-0.10307,-0.781113,0.536907,0.340199,0.542949,0.784154,1
-0.0394014,0.913125,-1.0529,0.0496983,-0.301575,0.113507,-0.586573,0.618744,0.0291525,-0.137908,-0.628031,0.506882,-0.392125,-0.391809,0.69598,-0.557993,-0.354786,-0.943956,-0.562325,0.441932,-0.540794,1.66956,-0.330162,0.213854,0.80122,0.244773,0.2155,0.392449,-0.22519,0.12472,0.123107,-0.14864,0.555504,0.83474,1
-0.565885,0.801892,0.532632,-0.314963,-0.256464,-0.0952045,0.193333,0.305539,-0.277221,-0.520273,-0.666629,-0.644991,-0.310523,0.523987,0.492298,-0.358076,0.473508,-0.144322,-0.247307,0.912304,0.044607,-0.711709,-0.377288,-0.664171,-0.209094,0.621857,0.322872,0.278525,0.0605896,0.137795,-0.191855,0.0392973,0.521683,0.825907,1
-0.195132,0.122321,0.795842,-0.559118,1.11833,-0.258672,-0.123386,0.379455,-0.0111072,0.304967,0.427155,-0.246119,-0.486953,0.209445,0.297763,-0.4179,0.201312,0.646215,-0.365635,-1.02575,-0.123644,-0.453755,-0.070281,-0.526399,-0.747445,0.0714513,0.164188,-0.122059,0.284603,1.46528,0.9129,-0.556043,0.483711,0.796502,1
0.289721,-0.200053,-0.92828,1.31006,0.831954,0.592622,-0.188084,0.196303,-0.17832,-0.283538,1.00634,-0.528273,-0.444845,0.135288,0.799471,0.0565323,0.471609,-0.20281,0.315255,-0.0835316,-0.68638,-0.150368,-0.600999,-0.611508,-0.357152,-0.10021,-0.0940077,-0.3104,0.0990048,-0.0547456,0.926273,-0.0644924,0.426582,0.779935,1
0.0857679,-0.472367,0.812526,0.656712,0.221546,1.10781,-0.131847,-0.141856,0.0257761,0.823636,0.0245534,-0.469013,0.64702,-0.23986,0.161,0.270024,0.393623,0.503324,-0.222596,0.438774,0.0941523,0.220961,-0.123443,0.318618,0.649004,1.0128,-0.235733,-0.836717,-0.721826,0.955047,-0.184515,-0.135751,0.47663,0.893952,1
0.0892505,0.479176,-0.551175,0.123029,-0.600011,-0.266747,-0.404995,-0.0110027,-0.475293,0.0809051,-1.19297,0.371454,0.0612589,1.17315,-0.146871,0.408535,-0.841379,0.104594,0.389713,0.210168,-0.265232,1.00795,0.394558,0.698363,0.652443,-0.127151,0.00655452,0.806031,0.0788791,-0.352545,0.222452,-0.88118,0.510821,0.87539,1
0.419211,-0.359247,-0.0614152,0.0447396,0.0845159,-0.376437,0.941679,-0.805655,-0.427158,0.98767,-0.574502,-0.322591,-0.0211428,0.08747,-0.318273,-0.190687,0.191058,-0.291274,-0.279092,-0.289914,-0.692124,-0.313267,-0.103045,0.0815804,-0.555441,-0.161988,-0.65312,-1.05104,-0.427963,0.289825,-0.507996,0.0359931,0.43694,0.808351,1
0.0678431,0.540282,0.346224,-0.198249,0.145653,0.732406,-0.089892,-0.415673,-0.167705,0.704176,-0.592124,0.100792,0.772624,-0.0133715,0.532844,0.543516,1.08017,-0.894755,-0.332076,-0.777435,0.341635,0.604572,0.0650882,0.524365,-0.343188,-0.131129,-0.11391,-0.133471,-0.384962,0.113567,-0.0598872,-0.278091,0.458262,0.946724,1
-0.0618429,0.786854,-0.0366005,0.339803,0.425934,0.294494,0.943401,0.500004,-1.13178,-0.170967,0.268042,-0.268774,0.317213,-1.33482,0.395274,0.185262,-0.359847,0.0834794,0.184472,-0.304416,-0.380818,-0.196914,0.0117569,0.381794,-0.00928635,-0.0846696,-0.793609,0.181559,-0.103054,-0.1338,0.092266,-1.03226,0.53056,0.937831,1
-0.435842,-0.493657,-0.164771,-0.832369,-0.0206587,-0.338837,-0.544421,-0.342236,0.127049,0.225805,0.0782836,-0.379921,0.252121,-0.257288,1.23028,1.11494,0.11451,-0.188669,-0.348504,-0.364954,0.171939,-0.542391,-0.797324,0.211781,-0.31589,0.4434,-0.365452,-0.116403,0.974839,-0.179091,0.702214,-0.803153,0.431167,0.765242,1
0.553381,-0.835,0.394917,0.0547251,0.28815,-0.33645,0.209052,0.952639,-0.923706,-0.316334,0.464007,-0.0399527,-1.08156,0.359727,0.731696,0.24851,0.913961,-0.316489,-0.0161577,-0.302739,0.137121,0.478805,-0.371251,0.036368,-0.513026,-1.23629,0.212677,0.466839,-0.421275,0.454187,0.0321196,0.596072,0.473908,0.777448,1
-0.680116,0.43265,0.185872,-0.341734,0.966665,-0.0834472,0.493464,-0.327085,-0.685984,-0.208752,-0.16079,0.591581,-0.0310521,-0.0924697,0.194718,0.0772059,-0.174701,-0.405356,0.00524639,0.747985,0.108684,-0.506618,0.0404029,-0.15698,-0.502557,0.574219,-0.552158,0.678853,-1.2196,-0.484815,0.971733,0.153054,0.518531,0.869956,1
-0.128795,-0.253603,0.272251,0.884086,-0.814165,-0.0408041,0.243752,-0.526928,-0.0797704,0.518483,-0.760897,0.633479,-0.433507,1.22677,-0.48673,0.122413,-0.164422,-0.0249812,-0.295939,-0.849873,0.246697,-0.131454,0.0437852,-0.42236,0.256258,-0.834348,0.47198,0.412082,-0.0930956,-0.532533,0.491553,-0.0767234,0.456429,0.83697,1
0.576412,0.0664968,0.379805,0.539287,0.21953,0.308414,0.0985309,1.03843,0.0715397,-0.0421509,0.00260203,-0.667086,0.344694,-0.680864,-0.122909,0.193441,0.42446,0.404166,0.521087,0.508224,0.463201,-0.684553,-0.48299,1.10916,0.236387,0.462318,0.131034,0.0323601,0.638757,-0.468229,-0.741091,-0.668096,0.490454,0.792166,1
-0.85336,0.777204,0.125738,0.187186,-0.165495,-0.469722,0.17282,-0.601208,-0.574435,0.409976,-0.143168,0.286761,-0.180999,0.0616866,0.510767,0.0670506,0.332596,-0.517682,0.147236,0.641228,-0.241643,0.263476,-0.199127,0.202601,0.262691,0.319414,-0.0816372,-0.254225,0.863912,0.0818402,0.748033,0.264346,0.50634,0.919882,1
-0.29358,0.237603,0.134509,0.473968,-0.0123492,-0.00728121,-0.138314,-0.0173499,-0.517754,-0.00723096,0.49538,-0.126293,-0.313674,0.434393,-0.531389,-1.23263,-0.618629,-0.564445,1.01145,-0.153379,0.675899,-0.0629248,0.298338,0.0526623,0.00309166,-0.304103,0.0308545,-0.896594,-0.0629869,-0.125614,0.402163,-0.273388,0.4833,0.793612,1
0.318244,-0.736471,0.455879,0.235989,0.465027,0.588321,0.285907,-0.199403,0.509557,-0.0565309,0.288099,0.079763,-0.241736,0.23444,0.191916,0.285995,0.024265,-0.318038,0.212779,-0.723281,0.0759017,-0.27539,-0.245758,0.606414,-0.0919422,-0.326421,-0.105461,-0.114548,0.0641223,0.0349109,-0.0580577,-0.0627115,0.435373,0.942693,1
0.287155,-0.263491,-0.0309709,-0.215267,-0.21769,-0.786422,0.507187,0.0787065,0.219041,-0.104285,-0.390884,0.0713944,-0.111583,-0.410779,-0.409629,0.539073,0.722431,-0.660053,0.115718,-0.48359,-0.325142,-0.242512,-0.124888,-0.0853256,0.058285,0.695925,-0.00418072,0.230863,-0.454639,0.746749,-0.115522,-0.288599,0.56735,0.932458,1
-0.00256168,-0.835801,0.339853,-0.215675,0.141318,-0.241292,-0.669758,-0.126213,-1.01812,1.18043,-0.221697,0.209542,-0.427969,-0.493051,0.124791,0.16601,-0.533835,0.490458,-0.237372,0.766366,-0.00290413,0.213855,-0.533063,0.156786,-0.94626,0.434029,0.130414,-0.83063,0.628738,0.384714,0.0578096,0.257782,0.532517,0.934788,1
-0.195409,-0.488696,0.0350586,0.375622,0.133645,0.101194,-0.887059,-0.208114,-0.498402,-0.216324,0.277322,0.260685,0.0534231,-0.368681,-0.285676,0.167412,-1.04797,0.267558,-0.316618,0.334861,0.228552,0.490441,-0.0850679,0.50269,1.04288,0.315268,0.0817482,-0.425366,0.134245,-0.147234,0.367926,0.36042,0.566798,0.83039,1
-0.0855419,-0.179069,0.538306,0.0690618,-0.651494,-0.0116822,0.10293,0.35198,-0.356898,0.255702,-0.315496,-0.0683133,-0.0443672,-0.450312,0.0965019,0.0503436,0.293824,0.0954538,-0.494616,0.603382,0.0132164,0.456452,-0.343001,0.0578742,0.25282,-0.0763852,-0.140228,-0.0964482,-0.806732,0.0309563,0.241603,1.25314,0.487633,0.943898,1
0.494134,-0.124261,0.126561,0.328464,-0.0123963,0.122244,-0.46544,-0.396963,0.181686,0.00120447,0.534412,0.309991,-0.651524,0.153379,-0.414497,0.800176,-1.30988,0.536427,-0.511637,0.213514,0.0484091,-0.146144,-0.370319,-0.137078,-0.124782,0.0606095,0.514724,-0.417255,-0.0441049,-0.333582,-0.602036,-0.465217,0.467071,0.902437,1
-0.235037,0.500681,0.195631,-0.115665,0.318461,0.270098,-1.03577,-0.193765,0.322908,-0.155584,-0.40812,-0.394731,-0.44598,0.538008,0.00697395,-0.0741456,0.0217244,-0.331058,-0.38179,0.288386,0.136774,-0.439814,-0.642591,-0.182725,-0.425516,-0.43509,0.0704472,-0.170115,-0.521947,0.532694,-0.184367,0.499119,0.519514,0.765451,1
-0.197726,0.42314,-0.178392,-0.17786,-0.0685506,-0.474812,0.154706,-0.158096,-0.070361,-0.269636,0.277425,0.00982073,-0.00410131,-0.735828,-0.215898,0.153314,0.740559,0.151608,0.124429,0.0324688,-0.0843123,-0.0402422,-0.00838946,-0.135449,0.391889,-0.158884,-0.72411,0.148759,-0.390949,0.150659,-0.54102,-0.232587,0.427985,0.777644,1
-0.0614591,0.673261,-0.0548273,-0.545671,0.0888832,0.0281739,-0.972232,-0.00661803,0.198111,-0.157177,0.452296,0.588217,0.249583,0.205474,0.605368,-0.629081,0.157503,-0.428891,-0.156445,0.554241,-0.143032,0.0652848,0.151661,0.141337,0.214085,-0.219635,0.258413,-0.363673,0.520329,-0.0143484,-0.0462644,-0.824834,0.547932,0.869016,1
0.584804,-0.216843,0.451042,0.649673,0.637401,0.769416,-0.139698,-0.0273043,-0.0681119,0.928318,0.338384,-0.608405,-0.823882,-0.220352,1.11944,-0.247516,-0.390511,1.01008,0.496166,0.0645486,-0.861934,-0.956142,0.199283,-1.03306,-0.297058,0.628949,0.303537,0.435375,0.027182,-0.0884046,0.628625,-0.15425,0.512374,0.921652,1
0.307983,-0.407163,-0.557618,-0.00355694,-0.363143,-1.19812,-1.20064,-0.519045,-0.711719,0.443035,-0.712933,0.485841,0.91741,0.0661322,-0.392852,-0.297608,-0.243126,-0.0820493,0.183615,-0.0638568,-0.0598154,-0.048958,-0.396763,0.0126889,-0.0747596,0.0398647,-0.239339,-1.17821,-0.376548,0.0426806,-0.0328982,0.0681122,0.47546,0.897129,1
0.00438829,-0.976089,-0.751092,-0.76743,-0.870125,-0.684113,0.367487,0.58885,0.455284,-0.267703,-0.00489741,-0.355163,-0.590544,0.555844,-0.249375,1.28067,-0.609822,-0.29289,-0.511284,-0.255898,0.221031,0.506626,0.193181,0.0246978,0.59543,0.362647,0.218887,-0.374249,0.152888,0.350255,-0.874631,-0.178683,0.438081,0.795748,1
-0.350302,0.314667,-0.498173,-0.117722,0.0296479,0.391783,-0.38125,0.0140586,0.838847,0.0631087,-0.433602,0.717274,-0.208849,-0.608724,0.0152685,-1.34806,0.994516,0.586533,0.358983,-0.0132396,-0.0583408,0.253901,0.210065,-0.148699,0.436291,0.237088,0.0905487,0.221281,0.333058,0.0824521,-1.11873,0.00291075,0.512568,0.815742,1
0.620779,-0.197054,-0.0314173,-0.553471,0.314139,0.580985,0.00862402,0.341154,1.59269,-0.424085,-0.322297,-0.162983,-0.0176657,0.543541,-0.443687,-0.66495,-0.435925,-0.113057,-0.382279,-0.446611,-0.695294,-0.473878,-0.241081,-0.205658,0.337389,-0.836285,0.128809,0.336477,0.642422,-0.0959423,0.610358,0.120876,0.535488,0.821813,1
0.969094,0.210364,0.189018,-0.168249,-0.0665814,0.187972,0.328234,0.623817,-0.0713396,-0.224098,-0.0701698,-0.59467,-0.285448,-1.03666,-0.542661,0.207804,-0.155625,0.50351,0.151856,0.360924,0.0046312,-0.635473,0.265233,-0.245763,0.0164304,-0.364114,0.259133,0.0414373,0.523051,1.03486,1.03914,0.157255,0.444518,0.944914,1
-0.212191,-0.14077,-0.679359,-0.0413622,0.35716,0.158258,0.174192,-0.0847566,-0.694142,0.249656,0.697481,0.3994,-0.0742417,0.224628,-0.277707,-0.0795877,0.374071,-0.260116,-0.572529,0.0542166,0.398953,0.183779,-0.713621,-0.443543,0.548225,-0.199871,-0.313928,-1.01463,0.395739,0.954308,-0.417782,0.262222,0.450842,0.774246,1
-0.45221,0.992441,-0.315744,0.221243,-0.296492,1.28094,0.500862,0.994286,0.00333688,-0.340847,-0.580738,0.587971,0.263311,-0.962857,0.176038,0.359761,0.572168,1.00861,-0.25876,0.620011,-1.09207,0.917933,0.672821,0.122906,-0.0774534,0.899648,0.837914,0.113925,0.24868,0.595966,0.356031,-0.44339,0.508714,0.789081,1
0.224157,-0.363383,0.412411,1.15318,0.0700302,-0.264862,0.945601,0.0400485,0.360119,0.741184,0.186556,-0.34368,0.152686,-0.564861,-1.05808,0.170539,-0.617653,0.746593,0.114342,0.154796,-0.262433,0.15869,0.23026,-0.386042,1.18749,-0.882872,0.618078,0.838012,-0.674057,-0.617729,0.777027,-0.0221039,0.505483,0.799161,1
-0.350505,-0.125043,0.995361,-1.20532,-0.0727427,0.406953,-0.310265,0.224072,-0.221063,0.419966,0.521334,-0.210636,-0.379374,0.340408,0.720225,0.820405,-0.0424517,-0.544074,1.21375,-0.0907767,1.0885,-0.752673,-0.0221583,-0.0185754,0.386871,0.408028,0.26177,0.264358,-0.984788,0.845995,0.551893,0.460825,0.423932,0.870271,1
-0.0913748,-0.212217,0.646007,-0.55246,-0.75653,0.349094,-0.423361,0.830114,0.551053,0.240828,0.302192,0.232889,0.0442577,-0.144033,-0.262143,0.0746823,0.242881,-0.269571,-0.281667,0.64439,-0.0617495,0.29421,-0.205107,0.0378837,0.070964,0.648329,0.363816,0.153026,-0.0268291,-0.264764,0.373311,0.208534,0.471767,0.821282,1
0.117626,0.524596,-0.236631,-0.399585,0.944988,-0.338031,-0.379718,-0.00205613,-0.407393,-0.609016,0.597687,0.171624,0.356923,0.592483,0.210151,-0.0170333,-0.207865,0.733558,0.905213,0.321273,0.0492366,0.431129,0.277448,-0.102418,-1.03631,0.213592,0.662095,-0.762239,-0.0320781,0.0525079,-0.0401107,0.081724,0.468961,0.867523,1
-0.157111,-0.341389,-0.460149,0.33017,0.851497,1.11295,1.0242,-0.16042,0.193073,0.510462,0.479915,-0.0534589,-0.35073,-0.161973,0.324165,0.126933,-0.588384,-0.27243,-0.0317651,-1.01006,0.929635,-0.030714,0.0895097,-1.02405,0.533788,-0.887031,-0.384194,-0.368631,-0.491268,0.52578,-0.603753,-0.434838,0.465478,0.838808,1
-0.357083,-0.220648,0.145173,0.041461,-0.277958,-0.947185,-0.195165,0.089473,-0.0422413,0.544419,-0.476934,0.0988126,-0.378248,0.297318,0.183615,0.128982,0.459102,-0.187467,-0.170047,0.543689,-0.115551,-0.331978,0.104188,-0.367334,0.147676,-0.544852,-0.227646,-0.0650714,-0.36568,0.387216,0.043349,-0.931825,0.472757,0.876267,1
1.03623,-0.806687,0.368151,-0.262981,-0.478711,-0.326267,-0.276317,0.429873,0.00734875,0.239913,-0.456798,0.0863079,-0.558116,0.139477,-0.240642,0.150345,0.0834553,-0.485067,0.360119,-0.196984,0.454088,-0.466056,0.492802,-0.52545,-0.199471,0.00931852,-0.510547,0.267889,0.0492061,0.0211503,-0.108168,0.293813,0.492137,0.770804,1
0.328078,0.832603,0.148484,-0.128305,-0.24931,0.563089,-0.54087,-0.420369,-0.139998,0.0996022,0.190422,-0.27001,0.876355,0.0464789,1.45509,0.423144,0.885589,0.295502,0.465394,0.348074,-0.277562,-0.031249,-0.539037,0.175093,0.157042,-0.0112864,0.192225,-0.00515004,-0.0945254,-0.0797985,-0.362335,0.365993,0.43517,0.842284,1
-0.680701,-0.360642,0.0385714,-0.0573447,0.274516,-0.339112,-0.430262,-0.879594,0.278484,0.476834,-0.918108,-0.0563427,-0.392335,-0.0348812,-0.207721,-0.402012,-0.177235,0.142086,0.584033,-0.353486,-0.343407,0.0027727,0.194815,-0.119788,1.1281,-0.358288,0.00782215,0.591526,-1.0327,0.170133,-0.00151881,0.221178,0.514696,0.801205,1
-0.906093,-0.603573,-0.160568,0.379343,0.0303062,0.144825,0.628998,-0.169211,-0.317762,-0.311518,0.527286,0.845345,0.096972,-0.0453636,0.107724,0.284315,0.509636,-0.0583754,0.448397,0.178476,-0.88826,0.0370977,-0.0787144,-0.288924,0.179501,-0.40795,-0.027877,0.401924,-0.281136,-0.445273,-0.326244,-0.0057617,0.471133,0.806387,1
0.0138265,-0.0510467,-0.766298,-0.40766,0.0124214,0.061523,-0.590004,-0.578595,-0.841168,0.768513,-0.704896,-0.0363413,0.59722,0.498795,0.276823,-0.0568054,0.0428448,-0.370946,-0.237657,0.469992,0.358644,-0.6596,-0.410486,-0.805299,-0.0139894,0.547188,0.216565,0.431194,-0.418185,-0.00435638,-0.664534,-0.329684,0.543415,0.868402,1
1.01232,0.955962,-0.588135,0.234788,-0.203954,-0.227554,0.552804,-0.417761,1.29138,1.22662,-0.122747,0.138643,-0.598153,0.689821,-1.02765,-0.253152,-0.700839,0.273012,-0.303885,-0.62692,0.806142,-1.00645,-0.37285,-0.033105,-0.187554,-0.374007,0.314688,-0.486914,0.589164,0.350774,-0.534292,-0.0105424,0.533374,0.877909,1
-0.903405,-0.190747,-0.115503,-0.494751,0.341276,-0.525391,0.503815,0.98089,0.571172,-1.07381,0.0544699,-0.228992,-0.191962,-0.309162,-1.00362,0.154915,0.10492,-0.229547,0.229326,0.785383,-0.914752,0.628443,-0.530492,-0.24639,-0.363978,0.541965,0.306892,0.235259,0.0467601,0.22878,0.783521,-0.4708,0.566649,0.810555,1
0.631675,-0.362853,-0.566325,-0.214479,0.211432,-0.540016,0.0689432,0.211361,-0.968934,-0.287119,0.276295,0.832148,-0.456699,-0.382324,-0.603551,-0.364861,0.233487,0.416378,-0.928994,1.10092,-0.580774,0.15977,0.49137,0.347751,-0.24125,-0.796778,1.02073,0.295823,0.937643,0.388456,-1.10703,-0.674755,0.423792,0.929384,1
-0.116781,-0.174022,-0.177936,0.35673,-0.139884,-0.149589,-0.0185494,-0.642346,-0.17112,-0.493404,0.177452,0.0983992,-0.213436,-0.985434,-0.566001,0.00207115,0.107402,0.542509,0.137916,-0.871876,-0.030536,0.364965,0.382542,-0.350276,0.0829168,1.25953,-0.280155,0.108042,0.171274,0.0472557,-0.700566,0.291568,0.563471,0.891534,1
0.0132375,-0.187243,-0.239645,0.596895,-0.560782,-0.117224,-0.29548,0.0999547,-0.226457,-0.332855,-0.173891,-0.467626,-0.116156,-0.705776,-0.022523,-0.704369,-0.389502,-0.385049,0.702554,0.0727082,-0.150913,-0.45376,-0.117774,0.165209,-0.996672,0.181422,-0.0571055,0.538151,0.420222,-0.362989,-0.601869,-0.0880563,0.512574,0.934494,1
0.632679,-0.0817529,-0.519367,-0.676725,0.00707207,-0.617988,-0.170117,-0.500833,0.110749,-1.23009,0.146413,-0.69381,0.559689,-0.107776,0.0670199,-0.138497,-0.060645,-1.15174,-0.339388,0.429101,-0.424604,-1.14672,0.394777,0.326169,0.594408,0.560144,-0.360094,-0.388788,-0.412093,0.152011,-0.225863,0.149681,0.569381,0.820396,1
0.473601,0.591398,0.506509,-0.476635,0.0919256,-0.249493,0.0569682,0.0542608,-0.785573,0.533747,1.06837,1.26147,-0.274482,0.19428,-0.114348,-0.100445,0.0433155,-0.00409685,-0.524106,0.837793,-0.461499,-0.443058,-0.823339,0.441655,-0.376259,0.182784,-0.0898524,-0.0819179,-0.292914,-0.351773,0.257041,0.317603,0.454124,0.859287,1
-0.244344,-0.095165,0.0813045,-0.0844812,0.10841,-0.137809,-0.203274,0.214366,1.06232,0.980635,-0.174165,0.0168589,0.633935,-0.531896,0.979414,-0.359951,-0.586624,-0.82687,0.0446116,0.834771,-0.0230034,-0.642123,0.0121319,0.523336,1.10006,-0.209169,-0.177947,-0.880952,0.501401,-0.772489,-0.940846,0.359473,0.456124,0.89782,1
-0.30254,0.351484,0.499547,0.605411,-0.636133,-0.795078,-0.0112228,0.449588,-0.162562,-0.573145,-0.000293034,-0.181018,-0.709924,-0.273757,0.279738,-1.18677,-0.0929286,1.16268,0.637366,-0.156135,-0.180014,0.023311,-0.375337,0.614103,-0.0097632,-0.0445516,-0.391651,-0.224736,-0.0215305,0.156822,0.566935,0.171812,0.491565,0.775801,1
0.0151414,-0.497351,-0.443912,1.08854,0.749884,0.302211,-0.0635313,0.449992,0.030296,-0.119595,0.385004,-0.759406,0.0846489,-0.0738767,-0.609673,-0.223675,0.159487,-0.0551491,-0.426135,0.462993,0.161117,0.188704,-0.110696,0.854057,0.662765,0.0367344,0.361384,0.236619,-0.11199,-0.130654,-0.654262,0.50214,0.515257,0.902076,1
-0.183935,0.405977,-0.693717,0.272385,1.8005,0.204032,0.620171,-0.0771738,0.378818,-0.213845,-0.124766,-0.0484902,0.00706795,0.413137,0.686424,-0.480983,-0.62143,0.891492,-0.289041,-0.745797,0.173585,-0.882092,0.0032066,-0.305117,-0.157999,-0.202394,-0.820734,0.0730224,-0.214146,0.0904421,0.326786,0.546118,0.522281,0.908193,1
-0.434039,0.0673299,-0.427223,-0.498909,-0.23735,0.661194,0.564787,0.08574,-0.0260242,-0.304204,0.735665,0.0201137,-1.02498,0.333351,-0.910176,-0.475046,0.385021,-0.255093,0.0314317,1.46448,-0.657603,-0.398409,-0.322017,-0.520079,-0.11293,0.40505,0.23777,0.351045,0.26809,-0.393907,0.226858,0.575321,0.471081,0.851367,1
0.89877,0.0971383,-0.704618,0.0379883,0.14018,0.196454,0.046172,0.073072,-0.651342,-0.23312,0.434318,-0.859803,-0.161568,-0.172046,1.5679,-0.290345,-0.181017,0.160303,-0.861013,0.316975,0.502108,0.109919,-0.199151,0.713575,-0.341759,0.151373,-0.0834541,-0.190245,0.229941,-0.41146,-0.491086,-0.600252,0.50032,0.910152,1
0.0371143,0.0733983,0.082225,1.05564,-0.614007,0.328856,0.553523,0.314545,-0.298374,-0.435104,0.0897062,0.697537,-0.167548,0.142525,0.0332782,-0.187219,-0.144042,0.555253,0.251725,0.526118,0.0659106,0.339719,-0.0947755,0.821397,-0.607159,-0.405617,0.048314,0.727931,0.690863,0.246541,-0.409491,-0.685772,0.425833,0.790672,1
-0.379797,0.00459422,0.227002,0.124658,-0.642384,0.549759,-0.132336,0.987624,-0.167897,0.279605,-0.305804,1.53917,-0.731371,1.00862,-0.157926,-0.222484,-0.196263,0.318497,-0.324004,0.28248,-0.483375,0.246749,0.336586,0.325656,-0.306658,0.124008,-0.635189,0.29212,0.411474,0.164304,-0.258594,0.171616,0.552596,0.914305,1
-0.0656814,-0.417373,-0.546089,0.811587,0.85827,0.15591,0.312936,0.117724,-0.924968,0.566719,-0.334407,0.965668,0.37028,0.738253,-0.0295989,-0.475874,0.313096,0.479279,0.704188,0.163718,-0.480049,-0.612535,0.750322,-0.202182,0.328002,0.598521,0.662473,-0.99693,0.584448,-0.199319,0.786865,0.044951,0.445991,0.816629,1
0.298913,-0.481533,0.787927,-0.303673,-0.572785,-0.0856045,0.772078,-0.109605,0.378938,-0.168218,-0.982507,-0.619371,0.513891,-0.580108,0.667556,0.106086,0.162842,-0.214331,-0.12553,-0.211307,-0.221071,0.354567,0.177025,0.103649,-0.175702,-0.0904022,0.0103921,1.02652,-0.0426984,-0.641049,-0.52686,-0.258704,0.513607,0.874907,1
-0.107375,0.421759,-0.581258,0.0357874,-0.140909,0.596309,0.940889,0.0167295,0.200984,-0.103685,0.175975,0.591316,-0.198355,0.406872,0.402344,0.225835,-1.16362,0.293506,0.0117469,-0.996606,0.292542,-0.240398,-0.393951,-0.649117,-0.174049,0.755962,0.0613611,-0.25058,0.429505,0.442122,0.0661197,-0.160085,0.447524,0.928288,1
0.824448,0.436556,1.17445,-0.0799715,-0.21238,0.581435,0.110278,0.359017,0.725877,-0.300925,-0.269281,-0.319129,-0.197776,1.24497,0.304112,0.434601,-0.613509,0.154906,-0.0432362,-0.055583,0.52882,-0.169115,0.887623,-0.920088,-1.56035,0.386774,0.476929,0.418796,0.115345,-0.277935,-0.631434,-0.140406,0.470454,0.832141,1
-0.392345,0.338628,-0.399183,-0.159971,-0.00357657,0.949829,-0.269493,0.0617732,-0.305957,0.357677,-0.0337281,1.19642,-0.803002,0.918594,0.357661,-0.291575,0.277779,0.0254358,0.471015,-0.589401,-0.000585603,0.596987,0.338774,0.29164,-0.0849971,-0.602643,-0.21082,-0.786908,-0.00890657,-0.895125,0.0546671,-0.720466,0.455029,0.884558,1
0.628339,0.0271818,0.162499,0.938498,-0.118712,-0.0803514,-0.0197618,-0.284345,0.162637,0.141376,-0.489874,0.515745,-0.0644855,-0.239026,-0.401635,1.23933,0.441096,-0.472969,-0.301391,-0.530104,-0.714547,0.350169,-0.258923,-0.170283,0.805342,-0.754132,0.532432,-0.0192055,0.46077,0.0973162,0.634225,0.1274,0.574028,0.943283,1
-0.309888,-0.0174247,0.784405,0.462559,-0.153879,-0.0782701,0.111014,-0.200686,0.619438,-0.211175,-0.250585,-0.512981,1.03507,0.0483577,-0.562632,0.0399961,-0.774594,-0.00454264,0.482864,-0.849469,-0.0188611,-0.0777758,-0.581565,0.227566,0.160508,0.114026,-0.644333,0.488711,-0.427446,-0.0395567,-0.186003,-0.0553451,0.456624,0.81107,1
-0.657669,-0.472612,-0.117312,-0.150185,-0.400945,-0.906572,-0.0186546,-0.0591922,0.254817,-0.013244,-0.267684,0.670082,0.230832,0.517775,-0.230313,-0.760143,0.0261922,0.303469,1.10179,0.326522,1.13491,-0.0290693,-0.492689,0.571002,-0.411103,0.32811,-0.176504,0.256362,-0.362816,0.533451,-0.826632,0.0880234,0.485565,0.915525,1
0.243962,0.243972,-0.516686,0.345827,-0.159676,0.875095,-0.205212,-0.215916,-0.387567,0.729368,0.229725,-0.908728,0.0383394,-0.0959109,0.0363506,0.72446,0.0610043,-0.157227,-0.0692108,-0.0302784,0.165361,-0.50833,-0.453759,0.635685,0.70742,1.27778,0.0654854,-0.0770473,-0.21015,-0.46296,0.25669,0.284027,0.555628,0.789814,1
-0.547582,0.177532,-0.431448,-0.617294,-0.0888399,0.342393,0.39885,-0.675592,-0.334143,0.280668,-0.634609,0.864958,0.59154,-0.360791,-0.147253,0.548306,-0.893472,0.649287,0.62695,0.694528,0.115916,0.157453,0.0996848,0.161939,-0.749911,-0.219675,-0.770078,-0.534303,-0.557082,0.204486,0.683048,-0.259792,0.560525,0.906781,1
0.373813,-0.344659,-0.186603,0.00105335,0.335661,0.103566,0.132661,-0.0912637,0.588243,-0.390132,1.12289,0.440305,-0.434561,-0.952986,0.385535,0.317804,0.0448452,-0.258148,0.564604,-0.673922,0.191238,0.232749,-0.531053,-0.560785,0.407581,0.547758,-0.248373,-0.0186726,-0.307748,-0.51286,0.283333,-0.10107,0.551909,0.803686,1
1.72813,1.27594,0.344545,-0.559924,-0.402677,0.413934,0.928719,0.342775,0.902583,-0.597603,-0.556981,0.417038,-0.160806,-0.533702,-0.694787,-0.388247,0.401979,-0.529043,0.232712,0.508354,0.901489,0.117322,0.329288,0.104318,-0.0368355,0.28021,0.492997,0.302812,-0.321641,-0.739527,0.333931,-0.590542,0.576978,0.830251,1
-0.158154,0.0421481,1.86985,0.363106,0.657038,0.180917,-0.501747,0.534427,-0.177072,-0.0581852,-0.384572,0.228523,-0.127382,0.183622,0.000810502,0.0100066,-0.423915,-0.836504,-0.160172,-0.276361,-0.896559,-0.0869891,-0.0592541,1.1379,0.774409,-0.247853,-0.339473,-0.935319,-0.348225,0.268901,1.05272,-0.134833,0.542403,0.927841,1
-0.539109,0.561122,-0.174152,0.291779,-0.281571,0.511218,-0.525248,-0.00137342,0.245783,-0.284864,0.200258,-0.707151,-0.0692993,-0.914278,0.375472,0.0906403,-0.515908,0.0438283,-0.222032,-0.106746,0.616204,-0.35165,1.33378,-0.954515,0.899226,-0.555962,-0.32006,-0.478125,-0.202001,0.161211,-0.547527,-0.639518,0.495971,0.839065,1
-0.338242,-0.138848,-1.09589,0.653356,0.0649661,0.0369449,-0.699118,0.521982,0.162529,-0.16572,0.0254021,0.41085,0.0689684,-0.897922,0.145199,0.272463,0.629147,0.389766,-0.51341,-0.526657,-0.49569,-0.665631,-0.314261,-0.249874,0.258875,-0.186282,0.403997,-0.379285,0.709747,-0.651594,-0.144512,0.115824,0.427617,0.84743,1
-0.118986,0.323457,-1.63728,0.584666,-0.325983,-0.120873,0.190879,-1.08145,0.638428,0.170515,0.504834,-0.191142,-0.663329,0.141973,0.377186,-0.0171223,1.06148,0.802637,-0.547632,0.0190643,-0.0477187,-0.589981,0.0062215,-0.450083,-0.56171,-0.365523,-0.399687,0.978031,0.307994,-0.920545,0.490864,0.26234,0.567522,0.92631,1
0.745502,0.159717,0.167703,0.185358,-0.0114325,0.142164,0.99546,0.199633,-0.320952,0.248918,0.609842,0.33084,-0.354928,-1.40456,-0.222242,-0.0565815,-0.194023,0.409813,-0.514448,0.504578,0.0452634,0.434208,0.579832,-1.1604,0.473211,-0.867111,0.543442,-0.388247,0.589235,0.0520148,0.258377,0.35963,0.430303,0.809232,1
-0.0376279,0.779251,0.884062,0.130288,-0.0518836,-0.584881,-0.185404,0.0785969,-0.433645,-0.409824,0.183829,0.211921,0.34733,-0.870935,0.0347117,-0.115621,0.7461,-0.339947,-0.319162,0.480326,-0.747053,-0.418127,-0.246238,-0.618229,0.00879512,-0.359324,0.29413,0.0840961,0.655952,-0.184995,0.0247533,-0.365595,0.492015,0.884765,1
-0.498447,0.088367,-0.638337,-0.156363,-0.61525,-0.382614,-0.157351,0.123725,-0.265904,0.196539,0.432499,0.644722,0.439838,-0.283782,-0.115031,0.0959748,0.673399,0.589664,0.649732,0.0828763,-0.331744,1.05208,-0.287755,0.0923291,0.502308,0.977874,-0.295423,0.486745,1.40379,0.821511,0.0692942,-0.208054,0.523887,0.845468,1
0.232791,0.307992,0.394812,0.278606,0.148502,7.95,0.239326,0.137656,0.321922,0.247512,0.194297,0.24521,0.111399,0.133403,0.144136,0.314346,0.235034,0.132657,0.137271,0.253985,0.379661,0.163414,0.369995,0.254936,0.229903,0.192863,0.167973,0.282627,0.275337,0.369044,0.324569,0.374906,0.52,0.82,1
0.588106,0.739563,-0.492227,-0.613492,1.23278,0.405131,0.582945,0.338451,0.170142,-0.291596,0.230926,0.621167,-0.366094,-0.093362,0.255484,-0.163732,0.143413,-0.729197,-0.869629,0.0489626,-0.44373,0.132589,-0.108871,0.0906882,0.611294,0.178214,-0.379426,0.201018,0.344727,1.13393,-0.265032,0.176896,0.576234,0.871218,1
0.238572,-0.397851,-0.00352436,0.184531,-1.00412,0.165419,-0.332533,-0.369083,0.49011,0.179435,0.38887,-0.160697,-0.662892,0.133846,-0.798706,-0.347922,-0.0917669,0.25285,-0.358503,-0.353233,-0.713003,0.0279065,0.219786,-0.0227806,0.0159979,-0.798703,0.324012,-0.910957,0.470578,-0.0565236,-0.343109,0.604962,0.44393,0.767796,1
-0.471753,0.103328,0.630565,-0.539705,0.618281,-0.414432,-0.249985,0.594376,0.780812,-0.115566,0.535722,-0.0496274,-0.0759646,-1.24665,0.483213,0.400717,0.336832,0.794216,-0.196709,0.487578,0.0605752,-0.187174,0.0501408,-0.799163,0.975773,-0.593298,0.425461,1.26266,0.531035,0.551278,0.336111,0.169754,0.579405,0.931325,1
-0.00550662,-0.017175,0.23494,-0.588966,0.190244,-0.297081,-0.13912,-0.103046,-0.183539,-0.0207106,-0.151032,0.28113,0.678808,-0.0480406,0.0374343,0.774329,-0.277073,0.0351212,-0.781115,-0.187985,-0.370237,0.227934,-0.204078,-0.545139,-0.2713,0.0207826,-1.33335,-0.274111,-0.188633,-0.220002,0.691459,-0.479784,0.558955,0.867615,1
-0.402537,0.567044,-0.34542,-0.831648,0.288999,-0.313267,0.0699453,1.09709,-0.142753,0.602211,-0.432912,0.09308,0.831269,-0.914875,-0.670615,0.294785,-0.0328822,0.733642,0.0526351,-0.117043,-0.432075,-0.352894,0.776082,0.19441,-0.287747,-0.230411,-0.0300311,-0.323009,-0.514024,0.517143,0.535428,0.254409,0.489107,0.773943,1
-0.178509,-0.202816,0.213716,1.10176,-0.72784,0.369426,1.03416,-0.743765,-0.463019,0.110112,-1.11212,0.0362657,0.492032,-0.227881,-0.54828,-0.226391,-0.738932,-0.451057,-1.02908,-0.56092,0.219554,0.293362,-0.202093,0.936278,0.267746,-0.335356,0.576377,0.326287,-0.727837,-0.242856,0.455671,0.265145,0.574398,0.796804,1
0.594123,-0.128789,0.0259154,0.306367,-0.436328,-0.423471,0.789967,-0.141951,-0.309869,0.195782,0.908592,0.146475,-0.459506,0.21711,0.690979,-0.46235,-0.539206,0.0413578,-0.314533,-0.0486787,0.625799,-0.238136,0.933347,-0.411588,-0.550195,0.306047,-0.706909,-0.855077,0.484725,-0.88528,-0.0752014,0.00489118,0.525861,0.845779,1
-0.0877795,-0.0195259,-0.00848574,0.285612,0.224635,0.577249,0.837911,-0.141333,0.588798,-0.480764,0.423356,-0.287257,0.26463,0.917312,-0.230574,-0.159675,0.145854,0.0462471,0.440158,0.20918,-0.166963,0.684725,-0.252495,0.188694,-0.645098,0.50514,-0.311676,-0.428637,0.291977,0.456729,0.493231,0.0335445,0.574205,0.934562,1
-0.484597,-0.158492,-0.301471,-0.384159,-0.47451,0.522295,-0.440906,-0.533201,-0.112372,-0.434739,-0.0126056,-0.49332,-0.868337,0.263233,-0.314513,-0.119264,0.440004,-0.440021,0.0179532,0.102906,0.493133,0.138017,-0.542419,-0.007205,-0.329181,0.350924,0.522769,-0.363242,-0.279759,0.790684,0.314123,-0.36596,0.523904,0.836265,1
-0.43499,0.0688397,-0.76712,-0.789553,-0.299423,0.325859,-0.0773612,-0.405813,0.419095,0.669302,-0.442478,-0.0131451,0.375026,0.328618,-1.16081,-0.949856,-0.0682588,-0.0480738,0.528112,0.132474,0.0789862,0.252286,-0.123261,0.18418,-0.279066,-0.646433,0.100822,-0.590548,-0.917716,0.435412,0.110883,-0.51487,0.445404,0.919469,1
-0.221314,-0.0705083,0.380952,-0.340847,-0.0692731,0.244989,-0.424148,-0.827196,-0.342121,-0.0327819,-0.68423,-1.04248,-0.433823,0.480057,-0.035184,-0.712097,-0.606867,-0.186134,-0.504022,-0.387215,-0.302255,0.584743,1.19499,-0.144231,0.322307,0.215396,-0.446783,0.447709,-0.351672,0.0121226,-0.059496,-0.744787,0.550844,0.874193,1
-0.68446,0.188206,-0.191243,0.695987,-0.128957,0.300272,0.355655,-0.852614,-0.0963329,-0.245457,0.411002,0.414474,-0.0638836,0.581096,0.412634,0.494006,0.0912953,-0.0396366,-0.184477,0.071835,0.163158,0.314712,0.797258,0.12276,-0.331123,-0.112391,0.388662,0.13881,-0.625244,0.150637,-0.183801,-0.0277864,0.450865,0.917405,1
-0.514095,0.360302,-0.419262,-0.130974,0.349672,0.702099,-0.607262,-0.50768,0.301942,0.220948,-0.813919,0.79404,-0.210659,-0.290217,0.26561,0.592094,-0.359127,0.484733,-0.109323,0.227413,0.940403,-0.106655,-0.272559,0.288685,-1.1445,-0.0547449,0.2594,-0.231288,-0.501284,0.666885,0.565453,1.32779,0.574364,0.918917,1
0.347351,0.210919,-0.704628,0.333859,-0.562544,0.705766,0.298418,-0.208995,0.268283,-0.201339,-0.386411,-0.824459,0.282692,-0.809478,-0.158534,0.0956459,-0.472302,-0.00402769,-0.266113,-0.833797,0.0297572,0.207051,0.119078,0.786865,-0.113087,0.106589,0.354544,-0.0737721,1.25039,-0.652101,-0.204577,0.22298,0.553469,0.777464,1
1.10328,-0.527853,-0.486122,0.788222,-0.43698,0.289411,0.175596,-0.261184,-0.375737,-0.91698,0.17506,-0.530706,0.309984,0.0199864,-0.0337432,0.706053,0.409645,0.239342,-0.487608,-0.600691,0.871031,-0.543105,0.736739,-0.500469,0.472468,-0.311967,-0.295201,-0.151181,-0.173711,0.377787,-1.16418,0.028305,0.500869,0.936182,1
0.282482,0.317623,-0.426333,0.252694,-0.743277,-0.298171,-0.281757,0.173839,-0.7662,0.284611,0.23867,0.0165223,0.706316,0.442798,-0.111969,-0.23159,-0.442322,0.0868648,0.0211154,1.08805,0.119063,-0.362265,-0.0373577,-0.682858,-0.930677,-0.154421,0.63561,-0.0837792,0.479122,0.428095,0.0465499,-0.708811,0.574538,0.805864,1
0.824908,0.0367458,0.115244,-0.379451,-0.970907,-0.888657,0.347131,0.704801,0.0157152,-0.189453,-0.776379,0.00655328,0.753773,0.0530987,0.504031,0.481653,-0.26485,-0.384961,-0.185267,0.895536,-0.224574,0.169776,0.237072,0.577383,-0.624385,0.109034,0.3484,-0.64677,-0.283319,-0.381143,-0.141518,0.407349,0.476485,0.84641,1
0.0698869,-0.579812,0.342408,0.0971242,-0.350438,0.518951,0.0747749,0.486815,0.0911149,0.769449,-0.14304,-0.20061,0.293955,-0.254092,-0.107463,-0.608233,-0.130145,-0.0470216,-0.478159,-0.227037,0.0525538,0.187557,-0.43363,0.707532,-0.562697,-0.0736633,0.661635,0.0985074,0.125549,0.294602,0.0811639,-0.632443,0.491383,0.841355,1
-1.22005,0.727173,0.138654,-0.537676,-0.512532,-0.109791,-0.0732065,-0.338349,-0.171598,0.139359,0.630794,0.86669,-0.600051,-0.428194,0.560639,0.448653,0.118239,-0.00146231,0.271316,0.640191,-0.386379,-0.960381,-0.0785712,-0.564792,0.105991,0.937737,0.206563,0.240276,0.358572,-0.443047,-0.0315865,0.0962781,0.501076,0.816181,1
-0.39924,0.384906,-0.0933303,-0.102428,0.814882,0.513171,1.19275,0.543035,0.392461,-0.677214,-0.0173077,0.138999,-0.350386,-0.299448,0.0784073,-0.0523605,0.805559,0.136208,0.00894205,0.494672,-0.51416,-0.174124,-0.266741,0.11077,-0.09211,0.140689,-0.0954733,0.0579552,0.356784,0.48752,-0.480003,0.666147,0.428604,0.784449,1
0.0492157,0.57234,0.0172512,-0.196742,1.19452,0.282735,0.144664,-0.319819,-0.542068,-0.428359,0.237119,-0.520882,-0.265399,-0.288836,0.0902417,-0.638879,-0.502628,-0.0715652,-0.409652,-0.31436,-0.556725,-0.741042,-0.508528,-0.387692,0.602255,0.434935,-0.27922,-0.239264,-0.287567,-0.533872,-0.535414,0.136,0.442552,0.900287,1
0.0472383,-0.87851,-0.759112,0.223306,0.18467,-0.562014,0.212426,-0.144018,-0.62922,-0.310548,-0.966838,0.163574,-0.362447,-0.638746,1.52703,-0.367554,0.522558,-0.729248,-0.423905,0.441388,-0.310509,-0.477223,0.0186849,0.571554,-0.691254,-0.220744,0.859094,-0.494737,0.217454,-0.229624,0.259323,0.348442,0.57548,0.829742,1
-0.00113691,-0.281507,-0.0788942,0.765723,-0.524999,-1.0478,0.44597,0.583274,-0.79823,0.850587,-0.533532,0.695801,0.00456376,0.793214,-0.0896903,0.104693,0.539631,0.202583,-0.411606,-0.493932,-0.0299655,0.29289,1.03758,0.147922,0.1026,-0.457703,0.326223,0.250295,-0.609275,0.160828,-0.00539924,0.81544,0.446337,0.94759,1
0.195913,0.846482,0.422917,-0.18293,-0.77186,-0.0614787,-0.769555,0.35718,0.356624,1.01765,0.850833,-0.224954,0.283119,0.358202,1.08244,-0.140947,0.935098,-0.330723,0.191356,-0.0116762,-0.232819,0.678431,0.432938,-0.417432,0.051615,0.196574,1.14412,0.187296,-0.164798,0.58989,0.171212,0.23494,0.559372,0.812118,1
0.95,0.88,0.439649,0.0398799,0.383709,0.242236,-0.274886,-0.275539,-0.0343236,-0.230121,0.49409,0.274662,-0.215923,-0.0409542,0.26141,0.0748003,-0.349004,-0.218653,0.35622,0.311863,0.417869,0.283508,0.298943,0.344812,0.419044,-0.336146,0.249594,0.17726,0.33742,0.377196,0.270268,-0.455902,0.48,0.2,0
0.213169,-0.360274,-0.237393,0.538073,0.181619,-0.432484,0.561496,0.659606,-0.248256,-0.63397,-0.565374,0.572179,-0.156252,-0.828564,-0.462447,0.665703,0.0780903,0.480192,-0.183085,0.108537,0.318798,0.577968,0.596219,-0.0492835,-0.635183,0.165846,-0.452195,0.0411179,-0.0479125,-0.201595,0.785875,-0.12517,0.511877,0.803121,1
-0.565596,0.139063,0.473528,-0.385332,1.1565,0.575048,0.138505,-0.142643,-0.241153,0.823439,-0.306432,0.391378,0.52181,0.396125,0.311715,1.41405,0.0468986,-0.0645424,0.602355,0.4889,-0.762636,-0.468106,0.0970744,-0.360871,-0.352148,0.152913,-0.418788,-0.27492,-0.469244,0.433693,0.312892,-1.23173,0.530306,0.798477,1
0.357795,-0.174142,0.0664097,-0.600241,-0.290668,0.398591,-0.163694,-1.0007,1.13418,0.0803339,0.620561,-0.0823065,0.0810275,0.221008,0.111456,0.986358,0.518771,-0.415622,-0.375653,0.582764,-1.05072,0.060975,-0.326223,0.309802,-0.259572,0.755696,0.104064,-0.634176,-0.500113,-0.300534,-0.0064296,0.218738,0.567371,0.80958,1
-0.409469,-0.327979,-1.16829,1.29298,-0.120685,0.0839446,-0.127667,0.0382901,0.595259,0.121032,-1.07824,0.148165,-0.30039,0.180668,0.749097,-0.233045,0.491657,-0.552849,-0.933884,0.0343947,-1.18658,-0.809999,-0.174674,-0.0979674,0.0475396,1.04015,0.102731,0.422398,-0.153128,0.259612,-0.157698,-0.0984774,0.428658,0.907306,1
0.0176759,-0.322482,-0.377578,1.32746,-0.521321,0.119614,-0.0638382,0.690804,-0.732507,-0.101,0.181908,0.307474,-0.391183,-0.587092,0.582238,-0.335149,-0.173203,0.345695,-0.353903,0.785888,-0.454411,0.829157,0.557595,0.127165,0.50294,-0.49646,1.24909,-1.08022,0.509975,0.212341,-0.0194889,-0.00305425,0.544444,0.890895,1
-0.15965,-0.572544,0.0937674,0.240371,-0.654811,0.318326,0.817352,0.227043,-0.330512,-0.747349,0.831328,0.428429,-1.27575,-0.0903823,-0.325063,0.520231,-0.0356311,-0.813304,0.171478,0.277185,0.346291,0.303363,0.631477,-0.0418428,-0.668507,0.523219,-0.786296,-0.671537,0.755537,-1.00007,-0.856309,-0.359057,0.537503,0.820045,1
-0.033104,0.00931586,0.376891,0.595483,0.213627,-0.523255,0.258282,-0.00356257,0.695216,-0.168974,-0.313528,-0.257548,-0.248927,0.344742,0.167193,-0.480697,0.431677,0.401164,0.650531,0.38282,-0.748194,0.075173,-0.16788,1.05763,0.290056,0.548881,0.0256959,-0.308848,-0.0422409,-0.515826,0.163278,0.00566494,0.563834,0.869663,1
0.130759,0.180432,0.197692,0.319708,0.106511,7.95,0.336096,0.281508,0.11579,0.299654,0.309651,0.292869,0.103464,0.237617,0.347908,0.393468,0.364644,0.345657,0.308754,0.341986,0.366166,0.367958,0.171436,0.307934,0.231906,0.22189,0.133987,0.288811,0.150212,0.339032,0.180312,0.15499,0.52,0.82,1
0.685665,-0.0571547,0.180729,0.208771,-0.153118,-0.706799,-0.284384,-0.248866,0.286654,0.0882453,-0.146607,-0.188631,0.254358,-0.0105455,0.371905,-0.315827,-0.257621,-0.294822,-0.231236,-0.838,0.69973,-0.224164,-0.312287,0.846353,0.207151,-0.406132,0.198606,0.185894,0.55886,-0.410061,-0.117191,0.267859,0.471362,0.867978,1
0.530427,-0.230043,-0.368608,0.275419,0.238097,-0.204876,0.711689,-0.424723,0.47562,-0.0927402,-0.614321,0.252065,0.0762094,1.25626,0.687538,0.0682495,-0.270193,-0.654691,-0.647632,0.515296,0.413933,-0.323992,0.52451,-0.160698,0.255062,0.892637,0.123999,0.065703,-0.351351,-0.981041,0.295565,0.0318267,0.565743,0.917745,1
-0.142542,0.261769,-0.467895,0.188657,-0.564281,-0.53456,-0.510261,0.0310529,0.567319,0.236592,-0.588951,-0.498377,0.0520195,-0.332386,0.315575,-0.291195,0.0770347,0.081673,0.167209,0.260339,0.465816,0.278473,0.0332732,0.991437,-0.192333,-0.702532,-0.250581,0.0348123,-0.495185,0.583667,-1.05743,0.15713,0.466092,0.881996,1
-1.23383,-0.26334,-0.222509,1.40907,-0.26495,0.0324608,-0.252344,-0.334234,0.221775,0.326592,0.274601,0.122976,0.53476,-0.525882,-0.417477,0.61868,-0.163797,-1.26255,-0.380467,0.461487,0.106402,-0.214686,-0.0567086,-0.113466,0.407859,-0.570424,-0.393977,0.290534,0.732977,-0.261529,-0.377906,-0.398963,0.473156,0.8093,1
-0.152125,0.622891,0.0790816,0.840684,-0.837373,0.143697,1.15869,0.930759,-0.499813,-0.0910149,-0.209953,-0.353867,-0.278304,-0.317435,0.0617489,-0.531889,-0.339915,0.477536,-0.113607,-0.237989,0.308569,-0.271791,0.0246715,0.482833,0.885252,0.22447,-0.469982,0.489524,-0.241873,-0.25034,-0.561241,0.448854,0.459796,0.797196,1
-0.512111,0.0705353,0.119754,0.15446,-0.082417,0.325743,-0.324646,0.197611,-0.607239,0.52402,0.0369978,0.496557,0.1179,0.0732461,-1.09789,-0.537717,0.0906972,-1.1414,0.26885,-0.34931,-0.0347661,-0.403334,0.0557375,-0.753732,-0.233988,0.6794,0.145675,-0.0480402,0.793425,-0.771548,0.701789,-0.0679196,0.542119,0.817303,1
0.4588,0.432317,0.697522,0.131528,-0.900688,0.102326,-0.752081,-0.161025,0.0659904,-0.563456,-0.677223,0.246469,0.471618,1.19251,0.615062,0.577146,-0.466989,0.186143,0.0582497,-0.327746,-0.182802,0.463611,-0.46906,-0.879332,0.432587,1.45329,0.60746,-0.397637,-0.464315,0.343718,-0.529383,0.161926,0.430088,0.790358,1
0.0761909,-0.420942,0.149099,0.285922,0.715997,0.00986359,-0.394418,-0.422683,-0.816786,0.0220683,-0.46236,0.632216,0.399302,0.592469,0.437397,-0.236341,0.514132,-0.051224,-0.387606,0.773258,0.0672833,-0.487826,0.212202,0.00544027,0.539655,0.533781,0.343212,-0.721352,-0.889492,0.037223,0.450747,-0.305492,0.556272,0.875209,1
-0.16124,0.0145963,-0.254691,0.105956,0.497602,-1.09567,0.0504668,-0.478769,0.810038,-0.465474,-0.432938,0.12915,0.136475,-0.194481,-0.290953,-0.757186,-0.262645,0.0236065,0.500491,0.103501,-1.09733,-0.382952,0.88547,0.0197632,-0.765841,-0.0590665,-0.32746,0.333876,0.127539,0.905115,0.825019,0.427488,0.498462,0.763981,1
0.588746,0.326801,-0.780444,0.0514552,-0.510793,0.0312484,-1.36627,0.0109687,-0.130717,0.555208,-0.422847,0.642869,-0.162816,0.681153,0.729879,-0.139927,-0.537986,0.622629,0.0214282,0.885094,0.14188,0.141573,0.0905578,0.51099,-0.0799499,-0.29123,-0.641087,0.210037,-0.355058,0.444627,0.651478,-2.07718,0.449035,0.798711,1
0.978605,-0.899149,0.101759,0.14022,-0.329569,0.0645258,-0.82383,-0.0046407,0.220477,-0.216082,0.277776,0.502717,-0.0423241,-0.427367,-0.830745,-0.773985,0.0589392,-0.788514,-1.16217,-0.502522,-0.00951681,-0.522949,-0.404097,-0.232282,0.176732,-0.390633,0.395105,0.199738,-0.448528,0.385342,-0.906394,0.244513,0.452217,0.877421,1
-0.505631,0.0163682,-0.141477,-0.522504,-0.646886,-0.523785,0.0188403,0.20204,-0.206868,0.0443768,0.449433,0.341359,-0.22445,-0.237238,0.0946247,-0.290907,0.718812,0.865732,-0.03686,0.331498,-0.0451743,0.216004,-0.129046,0.271179,0.112365,-0.380716,-1.04943,-0.759617,-0.194398,0.330176,0.563517,0.390519,0.570079,0.797374,1
-0.187402,-0.154394,0.67154,0.694854,-0.149657,-0.475042,0.056127,0.319708,0.58843,-0.272575,-0.574731,-0.0945955,-0.910582,-0.459868,-0.639239,0.456746,0.247958,0.810751,-0.0033221,-0.389356,-0.357707,0.939423,-0.768784,0.397683,0.0155845,-0.357341,-0.242002,-0.121033,0.0417034,-0.302999,-0.776016,0.145573,0.457359,0.90188,1
0.0905055,0.189565,-0.516726,-0.371125,-0.360945,-0.0697645,-0.144009,-0.948442,-0.236897,-0.265643,0.379882,-0.448128,-0.36666,0.438462,0.607097,-0.0890854,0.292443,-0.00881365,-0.466284,-0.0685671,-0.584367,-1.25683,0.333933,-0.00287799,-0.592975,0.162603,-0.450402,-0.0510964,-0.135542,-1.59049,-0.181675,0.145499,0.491391,0.937714,1
0.384894,0.15983,0.374989,0.203363,0.32157,7.95,0.120761,0.25576,0.180532,0.342857,0.134694,0.27596,0.187219,0.192646,0.318722,0.211481,0.137528,0.330831,0.33979,0.351161,0.338301,0.391124,0.303228,0.18685,0.258703,0.222319,0.122321,0.389872,0.219721,0.370105,0.396923,0.13755,0.52,0.82,1
0.581989,0.304708,-0.19065,0.328962,0.139476,0.960187,0.397918,0.309252,0.0799388,0.264018,-0.450649,-0.403572,0.336991,0.0959026,0.0967922,-0.260631,-0.0212689,0.502569,-0.325343,-0.251974,0.370738,0.8731,0.292413,-0.875628,0.110113,0.263656,0.62964,0.699694,-0.176308,-0.230467,-0.279875,0.207253,0.433816,0.822072,1
0.12516,-0.695066,-0.1501,-0.529301,0.412542,-0.0281424,-0.349184,0.624685,-0.49514,-0.637986,0.313621,-0.377393,0.699581,-0.765433,0.306905,1.01273,-0.731105,-0.0139273,-0.196806,-0.976784,0.165589,-0.112662,1.16449,-0.686264,-0.180354,-0.458117,-0.344932,-1.01073,-0.214824,-0.121949,0.432457,-0.0219008,0.490425,0.8002,1
-0.560141,-0.238328,-0.5351,-0.0621793,-0.580649,0.118752,0.0816612,0.79264,0.0699176,-0.809342,0.0145343,0.124007,-0.889946,-0.777823,0.029533,-0.35233,-0.94865,0.754611,-0.0550372,-0.17338,0.314472,-0.375666,-0.330363,-0.736148,-0.600232,0.483016,-0.62789,0.249976,-1.05454,0.386976,-0.385344,0.196279,0.474554,0.837871,1
-0.983912,0.901,-0.30515,-0.118873,0.412525,-0.859866,-0.284221,-0.179901,-0.139414,0.176049,0.0177343,0.31169,-0.133739,-0.529067,-0.0500026,0.496154,0.308306,-0.64329,-0.326728,-0.299388,-0.331392,0.30326,-0.0994505,-0.582683,0.945691,0.294966,-0.431832,0.363403,-0.667795,0.0472462,-0.0438984,0.31294,0.553746,0.947776,1
0.259516,0.625851,-0.0903594,-0.53012,0.371833,0.574938,0.967916,-0.00727614,-0.00169163,-0.185015,0.434388,0.0574305,0.688742,0.349119,-0.595442,-0.457454,-0.79996,0.042939,0.275607,0.226694,-0.000732447,-0.577788,0.414784,0.236663,0.457062,0.126071,0.112699,-0.12361,0.406009,0.325789,-0.0675119,-0.16572,0.544536,0.851417,1
0.280272,0.469507,0.390151,0.203932,-0.576027,0.404637,0.600998,0.225012,0.105062,0.521434,0.274363,-1.14936,-0.877631,0.361241,0.382763,-0.0836691,-0.143489,-0.566413,0.266822,0.00276137,0.190268,0.1447,1.02984,-0.10414,-0.710844,-0.826021,-0.486816,-0.066874,-0.164356,-0.393368,0.313025,-0.882729,0.433139,0.925814,1
-0.619873,0.25058,-0.670629,0.455485,-0.144722,0.583692,-1.14311,0.213558,0.581351,0.322192,0.130646,1.10269,0.0420239,0.0714734,0.0868598,-0.728704,-0.295635,0.0812546,-0.221981,-0.584291,-0.848922,-0.601587,-0.298671,1.28497,0.167942,-0.77933,0.330112,-0.492831,-0.0079355,-0.848053,0.682222,-0.65457,0.504972,0.875906,1
0.29719,-0.0338306,-0.0657835,-0.299429,0.28279,0.47181,0.250217,0.176188,0.4076,-0.076917,0.359088,-0.534109,0.389768,-0.593708,-0.858321,0.327491,0.336731,-0.645086,-0.597579,1.09477,-0.338251,-0.221314,-0.0675743,-0.655208,0.138931,-0.0461519,-0.31512,0.833139,-0.712388,0.390391,0.58275,-0.467691,0.48403,0.814346,1
0.693298,-0.55153,-0.400035,0.268316,-0.319432,-0.330443,0.777164,-0.350967,0.155169,-0.0876171,0.541012,0.100686,0.186614,-1.53662,0.111335,0.04981,-0.892423,-0.00407311,0.065287,-0.364942,0.54417,0.577577,-0.223505,-0.432282,-0.425268,0.131898,0.335736,0.112686,0.843445,-0.182002,0.231821,0.0370752,0.446677,0.836769,1
-0.0477455,-0.926661,-0.405038,0.447435,0.635531,-0.0733263,0.161498,0.282724,-0.0920471,0.180725,-0.031107,0.00521094,-0.259752,-0.60049,0.907571,-0.726939,-0.324187,0.564056,0.250522,0.218721,0.0751756,0.724101,0.536076,0.149741,0.0632866,0.417786,-0.215712,0.127369,0.795159,-0.566022,0.510689,0.603514,0.517376,0.899224,1
0.0459375,-1.20167,-0.882775,-0.611172,-0.483216,0.268347,0.378891,-0.0882341,0.480359,-0.658945,0.40665,-0.532639,-0.0317043,-0.00521113,0.0246864,0.505288,0.323806,-0.664352,0.524836,0.0755526,0.353642,0.127146,-0.00640103,-0.0901242,0.553572,0.481065,-0.0193362,-0.18082,-1.21349,1.42537,0.114884,0.946794,0.516913,0.901755,1
0.471085,-1.08661,-0.313679,0.663032,0.212357,-0.222187,-0.124569,-0.790597,0.16024,-0.313459,0.0145229,-0.181218,0.200894,-0.460684,0.0851799,0.601798,-0.960318,-0.580933,-0.670387,-0.154191,-0.110108,-0.417755,-0.856932,-0.713954,0.506892,0.732269,-0.208514,0.234737,0.295858,0.387357,0.589799,-0.203255,0.50292,0.883502,1
-0.158595,-0.0833648,-0.549776,0.286382,1.4362,-0.557659,-0.302202,-0.464859,0.376205,0.464553,0.157435,-0.370164,0.131152,0.0522911,0.141262,-0.182125,-0.644793,0.849659,0.0804981,-0.349728,-0.390449,-0.181563,-0.121638,-0.251549,-1.58113,-0.00410537,-0.110152,-0.710265,-0.356432,0.394151,0.0873619,-0.584697,0.563517,0.812379,1
0.476461,0.392606,0.389876,0.195845,0.897153,-0.341943,0.152447,1.1365,1.24426,0.237632,0.182227,0.00310859,-0.603721,0.664844,-0.985448,0.195313,-0.624433,0.0345493,0.412923,0.511518,-0.720521,0.0596773,0.469959,-0.215186,-0.162947,0.032632,-0.230703,0.0936741,0.192612,0.722409,-0.369335,0.492822,0.542296,0.815975,1
-0.432698,-0.0316137,-0.158969,0.694303,-0.918602,-0.0478081,-0.392985,-0.104523,-0.0281189,-0.435197,0.553103,0.00493837,-0.537129,-0.824759,-0.0727215,-0.384279,1.24991,0.243539,0.550548,0.0922902,-0.34845,-0.437313,-0.733139,-1.16625,0.588599,0.289026,-0.014886,0.343994,-0.150381,-0.0836555,1.10619,0.238946,0.571468,0.903663,1
-0.0339843,0.36527,0.329137,0.677138,0.431412,0.495746,0.323842,0.0173595,-0.0722186,0.131604,0.745488,0.0155326,-0.702214,0.608317,-1.00015,-0.308769,0.354473,0.163528,-0.612139,0.164932,1.0126,-0.360246,-0.980516,0.0518992,-0.0173352,-0.12767,0.681468,-0.295346,-0.038814,-0.810393,-0.385699,0.720258,0.552378,0.922883,1
-0.511408,-0.537342,-0.5761,0.0380602,-0.261144,-0.425105,-0.726632,0.348605,-0.38151,1.04075,-0.669044,-0.723255,-0.466294,-0.419101,0.326572,-0.820317,-0.231876,-0.726555,0.0400129,0.700096,1.01807,-0.356902,0.28993,0.0578329,-1.09428,-0.643623,-0.277353,1.51882,-0.538614,-0.248018,0.343805,1.07085,0.478087,0.936556,1
0.401599,-0.458427,-0.14192,0.410903,-0.758096,-0.221917,0.449202,-0.705209,-0.534071,-0.164176,-0.193422,-0.362898,-0.248903,-0.411161,0.259515,0.432602,-0.13487,0.315994,0.513013,-0.0674014,-0.247909,0.59639,-0.399579,0.136356,-0.696803,-0.526522,-0.437741,0.893617,0.304729,-0.0261678,0.804271,-0.700701,0.565842,0.926136,1
0.0830617,0.248703,-0.243437,-0.9229,0.161763,-0.185552,-0.170406,0.986457,-0.286647,0.300524,0.846157,-0.282709,-0.206099,-0.293213,-1.28515,0.115233,-0.815646,0.847576,0.13554,0.18804,0.683392,0.790357,0.193446,0.146544,0.0551984,0.452363,-0.609767,-1.67257,-0.161397,0.680905,0.111571,-0.145264,0.51275,0.814765,1
0.797171,0.430811,-0.855803,0.0618848,0.256912,-0.87827,-0.255649,0.771359,-0.710951,-0.386544,0.555538,0.723445,-0.743933,0.202284,0.216403,-0.396935,0.285768,-0.272508,0.56912,0.379884,0.242334,-0.730067,0.33733,0.133738,-0.463329,-0.738789,0.626691,0.074503,0.627277,-0.344322,0.15714,-0.518179,0.519278,0.807377,1
-0.772169,0.0243997,-0.131833,0.179014,0.185236,-0.296215,-1.11174,-0.294861,-0.233875,-0.128508,-0.125795,0.282025,-0.349901,0.187899,0.22462,-0.536894,-0.630618,0.334208,0.632094,-0.870478,-0.154509,0.385831,-0.898412,0.356678,0.160613,0.426958,-0.0738371,1.17673,-0.109982,0.170536,0.0768682,-0.43954,0.466662,0.804949,1
0.425295,-0.582316,-0.265642,0.243921,0.794612,-0.737805,-0.0408595,-0.186856,0.100032,0.103364,0.196138,0.860872,-0.398161,0.192359,-0.131919,-0.152637,0.681252,-0.548471,-0.224954,-0.0961185,-0.350306,0.175813,0.392882,0.0659309,-0.862125,0.412398,-0.30706,-1.51631,0.346471,0.192667,-0.459798,-0.500794,0.478503,0.946159,1
0.0989896,-0.0880541,-0.13749,-0.0417357,-0.205209,-0.110725,0.721324,0.55483,-0.62302,0.523497,-1.44485,0.598811,-0.415491,-0.383895,-0.354595,1.29981,0.0493156,0.720627,0.358467,0.295668,0.644107,-0.245264,0.132155,-0.485599,-0.0650525,0.0816397,0.222642,0.326983,-0.230757,0.935326,0.0362618,0.162326,0.576773,0.854632,1
-0.203923,0.269275,0.0326163,0.203266,0.0105013,0.188754,-0.29137,0.535978,0.0338399,-0.319463,-0.484458,0.398258,-0.432405,-0.79494,-0.487845,0.161885,0.134902,1.03124,-0.593431,-0.173411,0.0700021,0.257973,0.0506481,-0.150523,-0.107661,-1.0398,-0.236682,0.09618,0.775015,0.0551839,-0.334061,0.0629736,0.421124,0.882566,1
-0.0483749,-1.10388,0.205266,0.21622,-0.0698508,-0.0110139,-0.840899,-0.64316,-0.679284,0.548561,0.454219,0.13935,0.309726,-1.39093,0.869929,0.0113481,-0.0492471,1.21326,0.191975,-0.329942,-0.125601,0.332146,0.155795,0.220185,0.434636,0.196362,-0.743618,0.809758,0.735102,0.294747,-0.331946,-0.150602,0.550328,0.764965,1
-0.0112249,0.513041,-0.475927,1.08172,0.353711,-0.243023,-0.43466,0.325851,0.0578752,0.193832,0.199164,-0.561876,0.111375,0.994895,0.782951,-0.00363005,0.171909,0.546964,-0.139525,0.427891,-0.257431,0.173002,-1.32253,0.0866439,-0.0659808,-1.14635,0.156585,-0.515121,0.127798,-0.919887,0.81268,0.407401,0.493722,0.825331,1
0.700206,-0.180758,0.0458959,0.339953,0.683422,0.0867285,0.361549,0.526575,0.152575,-0.0726504,-0.0568273,0.405251,0.580736,-0.420489,0.237916,0.581967,-0.272882,-0.367692,0.0306154,-0.477329,0.492448,0.0928498,-0.680989,-0.0217898,0.525039,-0.126083,-0.512619,0.0916305,-0.766344,0.898033,0.559416,0.663833,0.538826,0.816316,1
0.0984189,0.105009,0.264812,1.56099,-0.568557,0.698061,-0.117529,-0.293477,0.397732,-0.301868,-0.350485,0.127088,0.00561224,-0.40611,-0.217753,-0.615984,0.643922,0.747998,0.233539,0.585007,1.00166,0.319622,-0.190837,0.064474,0.0865715,-0.713361,-0.0231688,0.0786778,-0.78215,0.139892,-0.054092,0.219886,0.53155,0.941691,1
-0.303376,0.0330461,0.911862,-0.216904,-0.948403,-0.359835,-0.19804,0.908317,-0.144989,0.128753,-0.782426,-0.179898,0.0669804,0.494841,-0.00851752,1.12341,0.0562198,0.642008,1.17579,-0.147467,0.333137,0.675964,-0.543841,0.115922,-1.04292,-0.840965,-0.58337,-0.38788,-0.181028,0.129749,-0.0685388,0.0534039,0.578396,0.948734,1
-0.463197,-0.167083,-0.256914,0.388451,-0.0968457,-0.136694,0.595271,0.257841,-0.554426,-0.376951,0.249619,1.06582,0.724332,-0.135629,0.0660691,0.0909617,-0.521937,0.408605,-0.224306,-0.0761039,-0.424381,-0.570481,0.396426,0.264638,1.31414,0.40098,-0.230223,-0.925604,0.263796,-0.708048,0.854436,-0.306742,0.532807,0.943787,1
0.367861,-0.470853,-0.247056,-0.0442323,-0.601387,-1.39085,-0.698963,-0.635579,-0.327096,-0.101523,-0.19932,-0.140062,-0.771649,0.139664,-0.146686,0.151612,0.314574,0.37762,0.189407,-0.204889,0.460714,1.14752,0.709596,0.752367,0.161955,0.357531,-0.410722,-0.436176,-0.310003,-0.332052,-0.0331809,0.109739,0.445503,0.891669,1
-0.635294,-1.03885,-0.262663,0.575268,-0.453428,-0.450596,0.121542,-0.39634,0.393246,-0.490747,-0.228964,-0.103689,0.438261,0.293397,-0.616656,0.0218738,0.373231,-0.645273,-0.798022,0.428595,-0.529674,0.109571,0.292334,0.714797,-0.231375,-0.508372,-0.105375,-0.703611,0.460119,0.141119,0.692797,-0.0725717,0.428859,0.841992,1
-0.0837071,0.770294,0.379133,-0.0945019,0.71366,-0.113659,0.386764,0.166592,-0.218887,-0.952932,0.433123,-0.193139,-0.483341,-0.160377,0.624955,0.242838,-0.234979,0.500522,-0.500446,-0.721915,0.226267,-0.495621,0.63528,-0.3002,-0.435535,-0.232904,0.0628151,-0.54876,-0.44691,0.00670086,-0.343704,0.36323,0.442053,0.883991,1
0.0998878,-0.0233674,-0.250771,-0.600301,-0.0645594,-0.509974,-0.532441,0.545103,-0.0704082,-0.252983,0.896616,-0.480047,0.0147308,-0.543981,0.366605,0.100644,0.316671,-0.170743,-1.23238,0.230749,-0.660583,0.48617,0.119874,-0.488298,0.116273,1.08484,-0.589083,0.186782,-0.160614,0.561992,0.536079,0.315036,0.527256,0.813012,1
0.142884,0.191477,-0.261426,0.0216012,-0.678616,-0.727797,-0.204792,0.235179,0.78375,0.27334,-0.54584,-0.425977,-0.100643,-0.377874,0.959386,-0.0583132,0.0583227,-1.03889,-0.372523,0.0775965,0.379248,-0.320672,0.399806,0.111939,0.615412,-1.09265,0.181112,0.15602,0.668609,0.468028,-0.284223,-0.0035504,0.447829,0.773886,1
0.0839833,-0.322624,-0.840495,0.0485331,-0.51008,-0.488765,-0.425255,-0.35033,-0.0645155,-0.688991,0.018266,-0.16576,-0.0984077,-0.71321,-0.300507,0.306737,0.52902,-0.436488,0.339071,-0.474661,0.20155,0.781183,-0.156359,1.08416,1.56954,0.0776604,-0.599611,-0.938478,-0.178168,0.409917,-0.439113,0.0641383,0.561338,0.882232,1
0.0182845,0.239146,-0.10167,-0.720007,-0.151771,0.446278,0.955223,0.256835,0.100643,0.945641,-0.120399,-0.00506503,0.206356,0.16655,-0.65579,0.0760499,0.949666,0.368297,-0.647489,0.580202,-0.457128,-0.470838,-0.336118,0.435238,-0.263828,0.0363986,-0.49871,0.300034,0.594478,0.00672234,-0.375306,-0.424315,0.556418,0.797338,1
0.523434,-0.332462,0.460074,0.041103,0.304783,-0.555227,0.207205,-0.222517,-0.388,0.137874,0.663924,0.846434,-0.209732,-0.597892,0.163916,0.806447,0.190051,-0.441559,-0.00164609,-0.618616,-0.220816,0.204535,-0.0143595,-0.242777,-0.240181,0.541389,0.19673,-0.297051,0.318359,-0.448341,-0.675714,-0.347635,0.524495,0.793023,1
0.334321,-0.665883,-0.578581,0.303712,-0.549332,-0.232239,0.625,0.80415,0.453854,0.832734,-1.2364,-0.226417,0.151372,0.103438,-0.698358,0.660925,0.0496516,-0.437534,0.558509,-0.683023,0.0997264,-0.0266774,-0.309689,0.5299,-0.628681,0.105945,0.573521,-0.386475,-0.201349,0.0201081,0.168106,-0.0390121,0.473714,0.88193,1
-0.223334,0.393305,-0.422116,0.199665,-0.677741,-0.593964,0.550993,-0.740282,0.1273,-0.049757,-0.415905,-0.370385,1.04471,0.439972,-0.48369,1.07479,0.432939,0.00698902,-0.406948,-0.13069,-0.10431,0.648624,-0.0471595,-0.00631158,-0.797656,0.0987059,0.727111,-0.109356,0.0331706,0.870558,0.452892,0.317186,0.486236,0.922167,1
0.630494,-0.371135,-0.0342197,-0.240899,1.39175,0.164148,-0.225148,-0.33622,0.0656705,-0.026461,-0.279339,0.343363,-0.56758,0.145334,0.133089,0.416145,0.5585,-0.190537,0.0815836,0.119272,-0.20811,-0.0769506,-0.265305,-0.458873,0.0585624,-0.0623555,-0.00534845,0.100705,0.58929,-0.269168,0.0919666,1.11918,0.48097,0.885035,1
0.102529,-0.443843,-0.183476,-0.0247622,0.330937,0.580764,-0.495772,1.10019,0.371315,-0.745888,-0.190761,0.347887,-0.445732,-0.209799,-0.526564,0.617383,0.16927,-0.642453,0.0898872,-0.61573,0.540669,0.579835,0.0316597,0.908925,0.231151,-0.0182901,-0.221675,-0.510008,-0.178851,-1.26532,-0.654929,-0.171142,0.54111,0.803241,1
-0.250839,-0.581861,-0.199345,-0.935468,0.381737,0.730581,0.523845,-0.137916,-0.178072,0.100344,0.198427,0.421187,0.27913,-0.287442,0.384483,0.552245,-0.661932,-0.341851,0.270116,-0.341591,-0.689186,-0.815383,0.947829,-0.462649,0.283267,-0.043371,-0.38444,-0.212664,0.597965,0.0588184,-0.872539,-0.21883,0.527288,0.777688,1
-0.139067,-0.245654,-0.07593,0.0464542,0.605391,-0.438229,-0.241934,0.171096,0.0819068,0.50321,1.23111,0.756364,-0.280813,-0.0732844,-0.145137,-0.685301,-0.279603,-0.0954555,0.963805,0.215438,0.230225,-0.642685,-0.28376,0.583786,-0.110843,0.323289,-0.261042,-0.362168,-0.500674,0.564224,0.565252,0.0614102,0.554094,0.910585,1
0.216101,-0.363375,0.314,0.220125,0.553965,0.763254,0.345682,-0.167471,-0.445517,0.974359,-0.67505,-0.293655,0.800116,0.600175,0.379531,0.284767,-0.0829504,0.549243,-0.511856,-0.679946,0.404925,0.99149,0.538558,0.11233,-0.109912,-0.0271887,0.545857,-0.280745,0.319815,0.135898,0.273095,0.137596,0.53944,0.926024,1
-0.351157,0.946553,-0.250164,0.105979,0.245653,-0.172914,-0.383488,0.228952,-0.113578,-0.649393,-0.390673,-0.665706,-0.036407,0.439792,0.330042,0.0965618,-0.154045,0.393274,0.0386406,0.449609,-0.407477,-1.23584,0.677222,-0.230349,-0.224914,-0.49439,-0.172095,-0.248235,0.524303,0.327919,0.825591,0.314432,0.447514,0.91743,1
0.368113,-0.066389,-0.909631,-0.316191,-0.073457,-0.437351,-0.765889,-0.0758425,-0.0296647,0.38307,-0.308657,0.00318767,-0.224738,-0.702902,0.287194,0.143184,0.534502,0.625435,0.910595,0.858576,0.594221,0.0598822,0.391123,-0.499454,0.70041,-0.399031,0.0532909,1.01313,-0.0409234,-0.385961,0.245267,-1.09365,0.428457,0.889838,1
-0.43743,0.307926,-0.47269,0.565905,0.864645,-0.177034,-0.358045,-0.431805,-0.421666,-0.201682,-0.066664,0.227761,-0.843136,1.23578,0.597345,0.39755,-0.0803756,-0.0653133,0.788319,-0.590956,-0.0368965,-0.25613,-0.636452,-0.250587,0.386626,-0.442578,0.487498,0.758613,-0.0418279,-0.175052,0.755303,-0.916174,0.493072,0.894382,1
1.56374,0.480368,0.487545,-0.341512,0.706646,0.561659,0.360399,-0.391548,-0.081384,1.02345,-0.493251,0.0945937,0.498236,-0.45336,0.321315,-0.149588,-1.41591,0.15947,0.180587,0.0563055,0.424409,1.02165,-0.4628,-0.025217,-0.0622564,-0.416439,-0.768879,0.785601,-0.438302,0.643353,0.150214,-0.186784,0.477505,0.799015,1
-0.322531,-1.22669,0.154606,0.723935,0.511063,-0.510435,0.137161,-0.0737271,-0.210153,-1.26535,0.101178,-0.607617,-0.193228,-0.620689,0.522748,-0.35625,0.403204,-0.559038,0.134982,0.0396267,-0.106546,0.0735547,0.200311,0.186896,-0.101529,-0.11201,-0.0320456,-0.716062,-0.120286,-0.00857524,0.510789,0.345819,0.512424,0.85344,1
-0.528549,-0.301706,0.0418252,0.715186,0.0262056,-0.299063,0.632017,0.629569,-1.5755,1.04324,-0.140102,-0.397749,0.497095,0.216912,-0.469691,-0.633458,-0.290102,-0.549618,0.197749,0.416644,-0.778723,-0.33093,0.357261,-0.351061,-0.323688,0.563111,-0.475918,-0.0811867,-1.22423,0.592885,0.986155,0.391031,0.53738,0.934228,1
-0.781567,-0.054827,0.676923,0.0309121,-0.363539,0.166739,-0.0765866,0.472481,-0.346608,0.470116,0.204108,-0.135019,0.287978,-0.952647,0.0702472,0.603555,0.0993395,0.668219,-0.518462,-1.03251,-0.460458,0.272064,-0.152304,-1.09547,-0.370773,0.0522055,-0.631072,-0.845187,-0.14963,-1.16901,0.177991,0.795163,0.534916,0.780829,1
-0.264185,0.230629,-0.104778,0.821431,0.332031,-0.118836,-0.28983,0.743722,-0.0030822,-0.551318,0.682105,-0.75958,-0.192594,0.362521,-0.283203,0.213491,0.406978,-0.367981,-1.52847,-0.0532222,-0.139805,-0.411177,0.484717,-0.17245,0.241571,-0.105677,0.361618,0.0932812,0.436726,0.373871,-0.337844,0.490601,0.529309,0.879169,1
0.0785549,0.335618,0.302862,-0.865336,-0.0196182,-0.454596,0.0907791,-0.048959,-0.252315,-0.560141,-0.40066,-0.521125,0.0365291,-0.373378,-0.179409,0.50522,-0.244663,-0.473729,-0.533997,0.295413,0.0342982,-0.262096,0.200601,-0.35849,-0.303118,0.0890162,0.67285,0.31423,-0.0317213,0.341396,-0.776417,0.212574,0.554711,0.917432,1
-0.106515,-0.128726,0.679913,0.365663,-0.380235,-0.585317,-1.02914,-0.0889564,0.457998,0.148907,0.32019,-0.475693,-0.382013,0.724764,-0.19419,0.103074,0.125584,0.496792,0.468149,-0.550609,0.0484563,0.0723143,0.130322,-0.105557,-0.223354,0.361803,-0.853259,0.362304,-0.470859,0.241061,-0.27841,0.400728,0.500943,0.852406,1
0.0727766,-0.353347,0.141532,-0.977021,0.549478,-0.273659,-0.0541559,0.0957213,0.588726,-0.914564,0.823494,0.686094,-0.0268531,0.494843,0.439796,0.172143,-0.238638,-0.397769,-1.04654,0.201343,-0.184946,0.180914,-0.378201,-0.0553931,0.0743634,-0.465391,0.238826,-0.34589,0.152376,-0.00916135,0.577761,0.657112,0.48131,0.862225,1
0.334525,0.268281,-0.130462,1.24494,-0.675514,0.0293849,0.672374,0.123425,0.253218,0.89026,-0.63307,-1.07296,0.370897,0.701306,0.947787,0.256809,0.122973,-0.116703,0.498929,-0.107563,0.163523,0.514252,0.0392575,-0.44278,0.818941,-0.721515,0.304222,-0.642212,-0.132283,-0.500239,0.199094,0.215038,0.449431,0.807665,1
-0.24171,-0.15805,0.00248581,0.618298,-0.0931235,-1.01297,0.0968002,0.855808,0.236765,-0.0919905,0.573728,-0.0330632,-0.251277,-0.0686036,0.979819,0.181786,-0.481682,0.435216,0.297951,-0.504219,-0.531537,0.287889,-0.562681,0.719329,0.097645,0.304761,0.573676,-0.301565,0.711267,0.790711,-0.319842,0.935305,0.554024,0.822086,1
0.0383742,0.303636,0.485454,-0.141073,-0.0123994,0.555561,0.702333,0.078974,-0.101001,-0.402278,0.37963,-0.0649986,0.332491,0.757897,-0.987459,0.418921,-0.212143,-0.0949465,-0.126518,-0.345483,0.321627,-0.286578,-0.600863,0.0142689,0.514899,-0.251065,0.786726,0.639851,-0.0645713,-0.0276442,-0.532385,0.257432,0.463885,0.867295,1
-0.388379,0.0162097,0.427839,0.034243,0.360642,0.0406562,-0.43431,-0.447607,-0.445877,-0.318046,-0.578797,-0.254598,0.342707,0.196294,0.769715,-0.424626,0.00932667,-0.453411,1.04974,-0.620924,0.205029,0.923508,-0.292127,-0.46208,0.151689,0.0687386,0.220621,0.0900252,-0.596823,-0.0366286,0.0478874,-0.15469,0.51926,0.819824,1
0.369056,-0.397182,0.785158,0.139446,-0.44013,-1.05012,-0.875633,0.305182,-0.840828,0.298232,-0.471832,-0.787887,0.0149806,-0.857732,-0.928605,0.365545,0.213132,-0.0628391,-0.206281,0.130192,-0.246268,0.935159,-0.291318,0.380401,-0.315457,0.123314,-0.55097,-0.0467829,-0.29473,1.22055,-0.201187,0.548043,0.497114,0.872618,1
0.134734,-0.127645,-0.556766,0.218056,0.148679,-0.420301,0.996384,-0.403013,0.21617,0.231112,-0.0822179,-0.924315,-0.351209,-0.268701,-1.35053,-0.0521726,-0.224853,-0.437777,0.0432221,0.503484,-0.0135351,-0.118607,1.29213,0.0204857,-0.552534,-0.592184,0.0502159,-0.0956382,-0.255129,1.03461,-0.235937,0.183507,0.522264,0.915241,1
0.95,0.88,-0.246396,-0.0941676,0.0723415,0.0196664,-0.330329,-0.0412105,-0.370919,-0.404164,-0.261983,-0.332294,-0.0178924,0.448505,0.303079,-0.0611859,0.40057,0.142517,-0.015744,0.183809,-0.025089,-0.48861,0.103452,0.438438,0.420239,-0.320882,0.113025,0.195553,0.0488144,0.151479,0.00655843,0.211251,0.48,0.2,0
-0.0247999,0.264938,0.4195,0.140777,0.713295,-0.046328,-0.465703,-0.669059,0.319543,-0.809945,-0.306057,-0.537473,0.154496,-0.447837,0.0837008,0.528995,-0.0950308,-0.13131,0.0277197,0.464184,-0.674776,0.251141,-0.208636,-0.569512,-0.570426,-0.168874,-0.689083,-0.850659,0.324798,-0.218209,-0.31234,0.334309,0.537489,0.799469,1
0.0557589,-0.215116,-0.713261,-0.289186,-0.243112,-0.872319,-0.195049,0.117737,-0.350642,0.720151,-0.0410624,0.308297,0.301505,-0.774377,0.288641,-0.448435,-0.542455,0.0669343,-0.662264,0.117793,0.0389898,0.0808055,-1.17201,-0.0667441,-0.0595726,0.208039,-0.565985,0.238542,0.61869,0.189888,0.513848,0.185664,0.437235,0.793976,1
0.44814,-0.359147,-0.304077,0.528268,-0.267716,0.0979573,0.470281,0.639713,0.0620868,0.140539,-0.1255,-0.392899,-0.610224,-0.0279973,1.1053,0.0182161,-0.06767,-0.350881,0.0120369,-0.043416,-0.0762867,0.00325504,-0.177266,-0.328585,-0.530005,-0.106379,-0.390118,0.933807,0.20057,-0.0258706,-0.150585,-0.185097,0.497867,0.85844,1
1.18413,0.0802533,-0.145681,-0.0691277,-1.33281,-0.240704,-0.84044,0.923626,0.405093,0.326445,-0.569999,-0.382072,0.237433,-0.0915731,0.646423,-0.606599,0.163964,0.71499,-0.0737287,0.543877,-0.183502,0.0918767,0.321418,-0.367287,0.235251,0.0510697,0.520821,-0.396234,-0.305139,1.22894,-0.204812,0.359239,0.464533,0.844193,1
-0.212229,0.422807,-0.0658944,-0.236303,-1.04064,0.170908,0.189061,0.855146,-0.25533,-0.933444,-0.113302,0.443774,-0.252625,0.653573,-0.686775,0.063367,0.131243,0.150507,0.253968,-0.447192,-0.301978,0.501694,-0.375075,-0.0354808,0.0823965,0.238075,0.130293,0.296437,0.340436,0.609772,0.440545,-1.14771,0.506627,0.765239,1
-0.00816535,-0.559698,0.206721,-0.11615,0.110723,1.07551,-0.22032,0.073829,0.290608,0.472738,0.039364,0.135667,0.245001,-0.041267,0.671402,1.30606,0.325981,-0.0734545,0.434275,0.00765874,0.0683315,0.532452,-0.562169,0.0823383,0.296901,0.291864,0.179846,0.580036,-0.180201,0.584583,-0.268822,0.182337,0.565021,0.763004,1
0.735087,-0.232175,0.581844,-0.0577667,-0.915293,0.698478,0.0118267,0.188094,0.36623,-0.119409,0.324811,-0.293963,-0.520013,-0.325147,0.710253,-0.383557,0.293111,-0.472758,-0.127337,0.0833082,0.350669,-0.158423,0.00165374,0.363278,0.243237,0.372853,0.0707173,0.236835,0.308701,-0.0607363,-0.569968,0.185158,0.566917,0.814794,1
0.604274,-0.279578,0.312379,-0.287508,-0.758139,0.642388,-0.0584109,-0.167051,-0.838973,-0.541312,-0.955414,0.40764,-0.554449,-0.148122,-1.45346,0.452403,0.121334,-0.132443,-0.223084,-0.558666,-0.588848,-0.658812,-0.614338,1.03282,0.0100022,0.0453568,0.248587,0.284012,-0.45326,0.165863,0.131792,0.484913,0.469094,0.818682,1
-0.0370357,0.235663,-0.0397959,-0.114672,-0.326556,0.149939,0.101688,0.247631,0.105818,0.478582,0.626835,0.338917,0.104108,-0.259614,0.021249,0.617528,0.204809,-0.070726,0.621755,0.0951002,-0.173248,-0.657798,0.444444,-0.604777,-1.17633,-0.75994,1.11628,-0.924259,0.657396,-0.52409,-0.660987,-0.791005,0.460273,0.770527,1
0.486197,-0.533292,0.248889,-0.804239,0.175505,-0.0819769,-0.366001,-0.610195,0.601988,1.13034,0.237672,-0.931852,0.327593,0.365605,0.470376,0.138031,-1.04487,0.702171,0.284336,1.24793,-0.694836,-0.993919,0.527342,-0.421589,0.557462,0.222141,-0.00380184,-0.126485,-0.09709,0.624088,-0.0710303,-0.365776,0.55241,0.907406,1
-0.329396,-0.260341,0.249159,-0.631918,0.504074,-0.035859,0.539555,-0.258655,0.0962181,0.531149,0.663517,-0.39717,0.064805,-0.140234,0.129923,-0.38271,0.360247,-0.410399,0.0611484,0.287797,-0.0558207,1.5497,0.29312,0.507846,-0.336178,0.781741,-0.832835,-0.167899,0.0668427,-0.162548,-0.0631882,-0.152122,0.461079,0.919722,1
0.293878,-0.145847,-0.429757,0.148898,0.694729,-0.600385,-0.458491,-0.142186,-0.57233,-0.0320741,-0.961618,-0.412375,-0.129473,0.484516,-0.465455,0.732236,-0.301709,0.211378,1.13089,0.0804455,0.355013,0.988245,0.439488,-0.247449,-1.02748,0.0325165,-0.355829,0.554271,0.0568324,-0.398725,0.753804,-0.0802193,0.555615,0.763947,1
0.133567,0.550176,-0.0963856,0.991658,0.122832,0.605506,0.084756,0.331228,-0.274647,0.332355,-0.342754,0.661966,0.0719282,-0.255022,0.343098,-0.250115,-0.390764,-0.199845,0.614737,-0.381765,-0.789596,0.0257446,0.189167,-0.432435,-1.27883,-0.366624,-0.270647,-0.261295,-0.34883,0.620135,-0.0965924,0.116894,0.466625,0.90873,1
0.131867,-1.10711,0.0759938,-0.338941,0.0286614,0.513075,-0.182871,-0.357127,0.649476,0.231134,-0.624762,0.127116,-1.40475,0.240397,-0.174292,0.156037,-0.386844,0.631152,0.617416,-0.211696,-0.0312745,-0.487895,-0.234052,-0.0229971,-0.175103,0.0405208,-0.871777,0.192213,-1.28141,-0.430135,0.438477,-0.487319,0.431273,0.773134,1
-0.16639,0.0503157,-0.0365248,-0.357443,0.523646,0.0434226,0.67239,0.0755698,0.103986,-0.312887,0.0108051,0.0770097,-0.166302,0.932427,-0.666297,0.247757,-0.380066,0.322457,-0.207872,-0.485356,-0.463266,-0.240455,-0.842943,-0.350957,-0.272088,0.545079,0.647763,-0.027779,-0.404824,-0.205579,0.420173,-0.478324,0.575952,0.792755,1
-0.434389,0.0208911,-0.301463,-1.5279,-0.0619383,0.208126,-0.130842,-0.129905,0.482221,0.110779,-0.130976,0.18626,0.0786109,-0.556341,0.445988,1.11052,-0.296715,-0.113347,-0.381816,0.562534,0.459533,0.744424,-0.530892,0.0840313,0.935846,-0.0370485,0.126239,-1.49773,0.201543,-0.4788,-0.636719,-0.219112,0.512136,0.891374,1
-0.18212,-0.426983,-1.13386,-0.479256,-0.167824,-0.363286,0.0386737,-1.23556,0.541376,0.251609,-0.556297,-0.904958,0.163225,0.247439,0.472575,0.208937,0.0240034,-0.37944,-0.197512,-0.832809,0.00702797,-0.0326189,-0.723638,0.162614,0.389565,-1.12591,-0.202605,0.462347,0.0688032,0.123511,-0.527385,-1.00025,0.439946,0.897205,1
-0.541488,0.138555,-0.414779,0.0888513,-0.526551,1.55686,-0.619468,-0.336435,-0.110007,-0.277154,-0.510252,0.740827,0.00634494,0.405225,0.507347,0.714533,0.0235006,-0.600723,0.252125,0.673816,0.379292,-0.480778,0.0362541,0.23463,-0.403236,-0.346113,0.0651848,0.088463,0.117453,0.629016,0.606526,-0.958842,0.471701,0.828256,1
-0.0105849,0.0182137,0.689862,0.180211,0.795172,0.24178,-0.393245,0.0472484,-0.567773,-0.449605,0.321806,0.354378,-0.132673,0.436583,0.097169,0.556179,-0.558206,0.260152,-0.408344,0.717712,0.168941,0.527305,0.0967329,-0.214106,0.994534,-0.612677,0.139882,-0.344145,0.151207,0.352626,-0.00451609,0.0353874,0.579785,0.814411,1
-0.384368,-0.722936,0.676359,-0.19901,0.000818019,0.351801,0.008242,0.290862,-0.183334,0.071524,0.538401,0.498148,0.253579,0.0110382,0.304328,-0.119305,0.605983,0.156979,0.185446,-0.583256,1.10495,-0.178399,-0.197925,-0.125842,0.786862,0.297801,-0.244983,0.535012,0.30467,0.782534,0.568896,0.677118,0.475174,0.770579,1
0.480053,0.0518771,-0.846073,0.349271,-0.896694,0.190453,-0.0354554,0.38358,-0.107628,-0.149439,-0.85958,-0.276345,0.0532979,-0.457191,-0.342638,-0.371145,-0.521775,-1.06339,-0.622034,0.414759,0.185986,0.813465,-0.401561,0.154185,-0.94618,-0.596596,0.660639,-0.319228,0.999318,-0.180882,0.802992,-0.228291,0.549357,0.813457,1
-0.844471,-0.364323,-0.380113,-0.304665,0.646,0.0522925,-0.301974,0.550713,-0.428934,-0.0603413,-0.0258872,-0.0421056,-0.547942,0.388873,-0.173351,0.880879,0.0573837,-0.212061,-0.0283996,0.852571,0.0614854,-0.729842,-0.143692,0.501828,0.397002,-0.014828,-0.338109,0.479317,0.355046,0.298986,0.0204339,-0.28325,0.430222,0.777641,1
-0.0812107,0.180517,-0.0577057,0.00948105,-0.352497,-0.546061,-0.412116,0.0372929,-0.23201,0.301187,-0.227861,0.615357,0.213992,0.127554,-0.959411,-0.254801,0.133876,-0.207666,-0.299246,-0.301246,0.0235107,0.776781,1.03123,0.532425,0.761085,-0.0460156,-0.38821,0.8313,0.0592109,-0.57214,-0.31414,0.807506,0.471706,0.852804,1
-0.356587,-0.0534476,0.179496,-0.0326924,-0.190609,-0.202024,-0.608,0.067785,0.288815,-0.317571,-1.23896,-0.169147,-0.293349,0.662232,0.330241,-0.231747,-0.420068,0.581258,0.834343,-0.795327,-0.503858,-0.620683,-0.0862512,0.179972,0.976682,0.551251,0.267783,0.172165,-0.130372,0.754034,0.0978164,0.059707,0.549262,0.949325,1
-0.288121,0.31683,0.128918,-0.973327,-0.143399,0.0367424,0.235186,0.868997,-0.314939,-0.395062,-0.0833592,0.261047,-0.340526,0.242388,-0.121358,0.720912,-0.219928,-0.687231,0.273937,0.215317,-0.0994277,0.133528,0.270937,0.126942,0.289483,0.0886945,-0.44439,0.520392,-0.225852,0.204469,0.347543,0.433641,0.467723,0.826294,1
-0.0426128,-0.0228216,-0.609919,-0.237742,0.625831,0.109781,0.721857,0.212191,0.123773,1.42108,0.81264,0.482526,-0.219924,-0.287653,0.183567,0.24105,-0.200664,-0.441877,-0.591573,-0.0560973,-0.469623,-0.0149754,-0.318502,-0.0758588,0.312685,0.642848,-0.130456,0.867594,0.824886,0.484077,-0.0446336,-0.427737,0.548048,0.856193,1
0.307682,0.355652,0.111919,0.21587,0.237044,7.95,0.223972,0.175338,0.197317,0.176412,0.38675,0.310781,0.230238,0.383724,0.17879,0.162735,0.262915,0.214595,0.310681,0.270806,0.284351,0.298424,0.240696,0.375839,0.12737,0.265958,0.198617,0.129954,0.248034,0.265183,0.337989,0.361089,0.52,0.82,1
0.536721,0.130958,0.449676,0.929871,0.379765,-0.346829,0.403584,0.630775,-0.0153892,-0.0883111,0.778375,0.0442674,0.960365,-0.0990228,0.319271,0.126746,-0.612883,0.0224529,-0.353107,0.387729,0.156499,-0.1716,-0.433516,-0.0522718,-0.102145,0.0705906,-0.369478,0.217362,-0.383221,1.22425,0.035525,-0.110441,0.542133,0.919401,1
-0.272354,-0.394412,-0.452959,-0.20624,0.0195472,0.494617,-0.116532,-0.162835,-0.242182,-0.689982,-0.151624,-0.00895231,-0.126519,0.496095,0.0806345,-0.805652,-0.525804,0.491197,0.0510317,-0.24029,0.398999,0.523164,-0.838689,0.487791,0.609352,0.465336,0.145009,0.0490959,0.616839,0.15535,0.539824,-0.0568093,0.556207,0.843593,1
0.233425,1.09548,0.306398,-0.335824,-0.228983,0.0842589,-0.494789,0.139107,0.271975,-0.329068,-0.0839708,0.552229,-0.17366,0.492003,-0.0644449,-0.412949,-0.287383,0.380509,-0.179419,1.1113,-0.0577903,-0.787731,0.493581,-0.0355406,0.171613,-0.315532,-0.780825,-0.061459,-0.100066,0.554676,0.878471,0.278324,0.424083,0.782799,1
-0.809115,0.207858,-0.460378,-0.16843,1.28909,0.34696,0.736829,0.407765,0.388782,-0.226658,0.563724,-0.0106868,-0.502526,0.303202,1.26069,0.351723,-0.404614,0.119618,0.0315359,-0.278483,0.719922,-0.629974,0.711456,0.372268,-0.551094,0.823296,-0.121481,-1.02092,-0.441368,0.37236,0.148343,0.644516,0.544632,0.796184,1
0.205286,-0.0979808,0.194952,0.314242,0.282461,0.00462452,0.55424,0.671464,-0.0477601,-0.28676,-0.0314176,0.167841,0.589529,0.857771,0.126036,-0.491818,-0.149669,0.795619,-0.607024,-0.379231,-0.218833,0.200893,-0.206876,-0.0992378,0.0383926,0.727585,0.209478,-0.498432,-0.538829,-0.358003,-0.0888494,-0.173247,0.425774,0.862818,1
-0.0751984,0.203063,-0.212701,0.144501,0.46443,-0.332282,-0.37124,-0.563528,0.236372,0.0589248,-1.12606,-0.275233,1.67288,0.161984,-0.321408,-0.987855,0.260716,0.465935,-0.0527915,-0.00778744,-0.412224,0.101381,-0.328793,0.217468,-0.192251,0.588256,0.486687,0.602877,-0.441901,-0.142293,-0.32505,1.34989,0.537659,0.837796,1
-0.426174,-0.184132,-0.260044,-0.462134,0.674354,-0.425516,-0.229925,0.700475,0.842824,-0.427845,0.347281,-0.636518,-0.284052,-0.0867216,0.551315,0.044483,-0.0952349,0.306793,-0.172104,-0.0427634,0.494972,-0.209744,0.256347,0.0849797,-0.115879,0.160584,-0.435446,-0.309696,-0.281485,0.810623,-0.660251,-0.175923,0.47622,0.943821,1
0.95,0.88,0.284689,0.0373249,-0.47965,-0.108521,0.461143,-0.478538,0.439757,0.0206995,0.244987,-0.260296,-0.279342,-0.208956,0.288483,0.270973,0.434663,-0.190656,-0.411853,0.296972,-0.194187,0.133118,0.497729,0.14221,0.352266,-0.0776088,-0.143604,-0.495951,-0.184187,0.022333,-0.000993297,0.258752,0.48,0.2,0
1.11581,0.319127,0.30597,-0.0670383,-0.249658,-0.295382,0.0771679,0.260135,0.25442,-0.170469,-0.0266564,-0.0792522,0.757299,-0.184419,-1.33956,-0.89295,-0.145338,1.20123,-0.459354,0.897808,-0.124262,-0.36382,0.559227,-0.100785,-0.741279,-0.0727021,-0.695958,-0.322669,0.955453,-0.168555,-0.0768963,0.743353,0.544046,0.901274,1
0.483215,-0.650944,-0.248475,-0.18427,0.339465,0.43246,0.314124,-0.108338,0.519927,-0.926071,0.471319,0.809687,0.125266,0.73724,-0.770304,0.195486,-0.559924,0.712089,-0.453701,0.264078,0.456069,0.114842,-0.371756,-0.687607,0.297573,0.0319818,-0.130223,0.418227,-0.592323,0.423852,-0.616509,0.2975,0.428972,0.876266,1
0.315454,0.0641104,-0.700692,0.42613,0.621762,-0.378211,0.213198,0.328239,0.272974,-0.286773,-0.0413367,-0.239022,0.100592,-0.964727,1.21283,-0.385873,0.273124,-0.122708,-0.76121,-0.718701,0.115292,-0.0302255,0.0115357,-0.270441,0.999237,-0.0967679,-0.625119,-0.455594,0.549576,0.315962,0.0893347,0.526651,0.517933,0.949328,1
0.674409,0.518512,0.177024,0.912514,-0.284782,0.431343,-0.278765,0.689765,0.0742673,-0.169235,-0.658305,0.425648,-0.531101,-0.795427,-0.0699442,-0.362196,0.0378228,0.311647,-0.388467,0.142108,0.163095,0.331103,-0.685825,0.224421,-0.25196,0.348358,0.0862525,-0.158153,-0.305086,-0.189719,-0.131005,0.939226,0.479036,0.949755,1
-0.0942928,0.275594,-0.0718172,-0.307894,-0.313619,-0.278076,0.0633651,0.752608,0.691415,0.114196,0.513449,0.0946282,0.0670936,0.24319,0.0784159,-0.429343,-0.854032,0.369426,0.130086,-0.0687166,-0.21525,0.370189,0.816044,-0.0466745,-0.439005,0.292807,-0.680559,0.293943,-0.54192,-1.23124,0.27424,-0.758736,0.52666,0.869438,1
0.200631,0.760672,-0.119812,-0.0200748,-0.201252,0.224089,0.419002,-0.218733,0.864148,-0.108528,-0.329188,0.17406,-0.0162296,0.13706,-0.797326,-0.846808,-0.779071,-0.131167,0.00575728,0.798002,0.0953931,-0.82376,-0.154936,-0.726309,0.642169,0.483566,-0.0110526,-0.179147,-0.429938,-0.817697,0.345866,0.115296,0.51531,0.896512,1
0.624131,-1.70866,0.491155,-0.091904,-0.899404,-0.520082,-0.144882,0.11487,0.276118,-0.310093,-0.209423,-0.269617,-0.565824,0.337873,-1.49211,0.16026,0.174197,0.346088,-0.940717,0.430436,-0.258775,-0.677841,0.715137,-0.336916,0.300461,-0.921376,-0.86654,0.556619,-0.866142,-1.06896,-0.348366,-0.222947,0.451948,0.945863,1
0.0518169,-0.465218,0.022946,-0.0777136,-0.616881,-0.9284,0.210213,-0.530944,0.216319,-0.391216,-0.0232269,-0.0510682,-0.360596,0.0929422,-0.855236,-0.45023,-0.59753,0.00263635,-0.467192,0.379634,0.947242,-0.730971,-0.214517,0.154311,-0.0112813,-0.846587,0.814957,0.0409398,0.204248,0.305622,0.0123935,-1.06334,0.425006,0.885954,1
-0.208883,-0.0769685,0.248233,0.390083,0.366992,-0.296132,0.139198,-0.195083,0.0333114,-0.24167,-1.10606,-0.381286,-0.795088,-0.390245,0.475649,0.0360019,-0.467756,-0.0632395,0.202543,0.245347,0.406305,-0.0804276,-0.256641,0.342799,-0.255018,0.725832,0.85123,0.509116,0.449177,0.0182276,0.565843,0.247069,0.557681,0.83226,1
-0.466447,-0.692501,-0.580028,-0.0619789,0.627842,-0.775344,0.372336,0.297839,0.828149,-0.653334,0.153677,-0.43731,-0.498481,0.97593,-0.489365,0.269746,0.0654697,-1.19057,0.241585,-0.990254,-0.671237,-0.131464,0.570101,0.542462,-0.0989144,0.618432,-0.899932,-0.67525,-0.00758685,0.468329,0.0369143,-0.413416,0.489888,0.789394,1
-0.27119,-0.152803,-0.720984,-0.753563,-0.763886,0.259387,0.744251,0.0383979,-0.0855168,0.145273,-0.352064,-0.713786,0.0622146,-0.810266,0.902486,-0.230552,0.502431,-0.00473091,-0.217822,-0.284033,-1.16858,-0.298788,-0.294493,-0.151957,-0.21263,0.722648,-0.458289,0.0573006,-0.0122728,0.261257,-0.401658,-0.387935,0.549465,0.937718,1
1.1718,0.135897,0.203914,-0.148545,0.302561,-0.0261467,-0.350734,-0.027315,0.370459,0.26265,0.544017,0.93908,0.598245,-1.45999,0.213318,-0.220366,0.388502,0.737588,0.671328,-0.534986,0.825688,-0.00706672,-0.473133,0.157412,0.698271,0.0316381,-0.52137,-0.083577,0.167133,0.08137,-0.66347,-0.0925467,0.470774,0.898321,1
0.947555,0.146845,-0.443985,-0.175967,0.112193,-0.234972,0.734505,0.67441,0.0583962,-0.487439,-0.29475,0.155715,0.410344,-0.196818,-0.398089,-0.0538654,-0.391677,0.355783,-0.333634,-0.260361,-0.0387572,0.638321,-0.322967,0.291651,-0.0393504,-0.627288,0.106464,0.887793,-0.219481,-0.522216,0.697523,-0.489506,0.451549,0.880952,1
-0.0631168,0.232051,-0.718116,0.245939,0.050446,0.970658,0.160725,0.589525,0.312483,0.737924,0.517997,0.577671,-0.70365,-0.609339,0.715962,-0.800341,-0.973954,0.19263,-0.987359,-0.0994789,0.395907,-0.298693,0.287347,0.645593,-0.111702,-0.43926,0.019955,-0.0666133,0.100575,0.34144,0.221177,-0.179929,0.433471,0.832542,1
-0.419691,-0.906579,0.50118,0.170142,-0.573038,0.236647,-0.0991741,-0.72775,-0.0173766,0.511478,0.221671,-0.41841,0.276346,-0.0748425,-0.721343,0.211205,0.363674,-0.101442,0.0652259,0.323703,-0.587734,-0.455509,-0.570861,0.523446,0.014174,-0.235995,0.0366625,-0.280273,-0.41479,0.431265,-0.172628,-0.0779215,0.436895,0.779957,1
0.514293,-0.0853015,-0.169509,-0.859355,-0.305959,0.658815,0.295897,-0.0613143,0.611403,-0.23041,-0.612093,0.578991,-0.293864,0.163446,0.511992,0.23474,-0.544421,0.111196,0.163843,0.397522,-0.646864,-0.684457,-0.352914,-0.81489,-0.0682016,0.285749,-0.70832,0.938971,-0.567404,-0.312544,-0.025889,0.26771,0.567773,0.933906,1
-0.0600543,0.365166,0.197091,-0.683777,0.133256,0.264422,-0.547139,0.00971051,0.445127,-0.763152,0.202535,-0.0348372,0.129487,0.213081,0.44555,-0.353124,0.235699,-1.79683,0.566988,-0.512917,0.0290216,-0.203946,-0.460596,0.347415,-0.646114,-0.0267228,0.996829,0.818741,-0.247773,-0.0481207,0.799491,-0.44276,0.525515,0.827225,1
-0.472161,0.201675,-0.180357,-0.457118,-0.0196537,0.541803,-0.358289,-0.0855795,-0.833617,-0.13853,0.017865,-0.683752,-0.27479,-0.299232,-0.86215,-0.368231,-0.259011,0.365857,-0.202948,-0.10404,-0.452179,0.921683,-0.0510117,-0.800582,0.682643,-0.55363,-0.00568074,0.334918,0.341834,-0.532119,0.449517,0.761782,0.503305,0.763787,1
-1.35309,-0.0152644,-0.592147,0.196038,0.554251,-0.173333,-0.188479,-0.643379,-0.47711,-0.0160998,0.366109,-0.230289,0.319375,0.823405,-0.286604,-0.459068,0.272419,0.151891,-0.14966,-0.307629,-0.629264,-0.202036,-0.651041,-0.0851262,0.468122,0.878461,-0.0301005,0.335894,-0.3822,0.196938,-0.500129,-0.297703,0.443522,0.881281,1
0.424063,0.577002,1.51073,-0.555583,0.333652,0.147378,0.304105,0.492404,0.202066,-0.524001,0.298824,0.314182,0.0393705,0.3109,0.825182,-0.000626488,0.300259,-0.324065,0.478109,0.277724,0.241658,0.0168639,-0.425609,-0.741177,-0.115298,-0.52821,0.0583732,0.877755,0.154097,0.278985,-0.670975,-0.46544,0.521416,0.867604,1
0.363595,0.243228,0.0349099,0.3446,0.914251,0.187466,1.04818,0.318558,-0.476985,-0.370629,0.564341,0.185181,0.833981,-1.16042,0.600945,1.06968,0.176157,0.648083,0.175602,0.529009,-0.586545,-0.710449,-0.842133,0.180883,-0.353906,0.146136,-0.121345,-0.255354,-0.542832,-0.513949,-0.525206,-0.671397,0.424948,0.942508,1
0.434605,-0.183194,0.339814,0.894266,0.303834,-0.0862574,0.633351,-0.329353,0.319563,-0.105405,1.3532,0.331949,-0.166523,-0.035015,0.091228,0.734397,0.399987,-1.26457,-0.756519,0.104354,-0.749507,0.177162,0.300732,0.15459,-0.0524058,0.176987,0.134215,-0.347167,-0.486448,-0.102912,0.413649,0.563097,0.475171,0.817935,1
0.220598,-0.374144,0.740249,-1.1116,-0.810982,-0.121607,-0.521583,-0.465078,0.290807,-1.16478,-0.788956,0.0588578,0.461384,-0.632218,-0.945576,0.246493,-0.0023123,-0.475558,-0.107848,0.653561,0.00446115,-0.397582,0.0737567,-0.461584,0.348729,-0.416455,-0.24383,0.175935,-0.894151,0.531269,0.550922,-0.523713,0.442883,0.931219,1
0.343682,-0.155529,0.234743,-0.176777,-0.888758,0.417178,-0.0874494,-0.490344,0.18228,-0.693751,0.655551,0.0963587,0.462799,-0.305126,0.6325,0.731191,0.123511,0.337872,0.465885,-0.851229,-0.243481,-0.825322,0.408782,0.752201,0.404044,-0.181788,0.647911,-0.5156,0.103441,0.51951,0.411715,0.49015,0.561312,0.86361,1
-0.0743687,-0.226571,0.190901,0.636473,0.303414,0.62437,0.342504,0.341114,-0.214252,1.21996,-1.06175,-0.389988,-0.521781,-0.649404,-0.49602,0.698488,-0.139304,0.102071,0.386909,-0.465759,-0.0665364,-0.995093,0.694409,-0.058948,0.401008,-0.0542495,1.10762,-0.329969,0.429288,-0.263233,-0.607442,0.916728,0.567701,0.94373,1
0.0801967,0.31819,0.338733,-0.586567,0.0959386,-0.3236,0.0786955,-0.218275,-0.739996,0.0688658,-0.344034,0.184587,0.0933675,-0.956082,-0.25982,1.01872,-0.413281,0.919509,0.316469,-0.261677,-0.252277,-0.531632,-1.28922,-0.834007,0.599263,-0.148606,0.418528,0.519302,0.233438,-0.203051,0.238506,0.128398,0.555234,0.78568,1
0.458278,0.316824,-0.740501,0.285818,-0.102933,0.449234,0.00114545,0.143217,0.0763607,-0.394772,0.177893,0.917579,-0.263569,0.0510596,0.0416297,-0.149395,0.14051,-0.28218,-0.0929104,-1.11053,-1.0104,-0.594698,0.154303,-0.252119,-0.178965,-0.104762,0.184125,-0.346155,0.0577467,-0.391488,0.530484,-0.20069,0.556989,0.914057,1
-0.106392,0.555649,-0.901024,0.411016,-0.221946,0.769202,0.10223,-0.43179,0.663131,0.226091,-0.149724,-0.748694,0.393914,-0.26613,0.394046,-0.415871,0.397498,0.581712,-0.693385,-0.00672857,-0.0157687,-0.355918,-0.153158,-0.711751,-0.29869,0.141778,-0.244759,-0.184284,-0.160989,0.576722,-0.0819287,-0.347762,0.579799,0.808657,1
1.09106,-0.630278,0.861594,0.0875158,-0.512514,0.343547,0.868574,0.202081,0.0567356,-0.580981,-0.0906325,0.67137,-1.16352,-0.244982,0.202356,0.445262,0.130198,0.0268234,-0.347364,0.0293026,0.282644,0.0945233,0.442858,0.203427,0.54107,0.408657,0.630154,0.0638323,-0.108802,-0.556818,0.658157,0.0266152,0.481752,0.919221,1
0.253799,-0.691007,0.49695,0.00540616,-0.41824,-0.60833,-0.710989,-0.286084,0.0539543,0.28347,-0.694362,0.756582,-0.120284,0.0820189,0.22068,-0.28027,0.668486,-0.789481,0.17647,-0.00354789,-0.680726,0.25283,0.805978,-1.17025,0.157566,-0.612613,-0.973874,-0.197539,-0.72823,0.960068,-0.0595789,0.491819,0.423688,0.847885,1
-0.351532,-0.591091,-0.621927,0.0440235,0.657034,0.265369,-0.151652,-0.222348,-0.811193,-0.534746,-0.815351,0.119063,1.09917,-0.136268,-0.521876,-0.0537187,0.749067,0.86111,0.373787,-0.190755,-0.0150626,0.843101,0.0311681,0.704766,0.384942,0.023634,-0.617521,-0.0514002,-0.0545159,-0.695606,-0.476591,0.654531,0.476557,0.840818,1
-0.102265,0.337762,-0.422198,-0.291743,0.28383,0.321947,0.509273,0.386421,0.0379426,0.824881,0.817154,-0.814475,0.733713,-0.315769,0.518836,-0.534795,-0.135868,0.195658,-0.0380433,0.0681632,-0.700297,-0.231125,0.358496,-0.271821,-0.368162,-0.845889,-0.569248,0.434331,0.476027,0.143885,-0.138614,-0.106952,0.486573,0.857503,1
-0.0311665,0.635054,0.0810866,-0.282245,0.225445,-0.347516,-0.17256,0.483495,-0.320437,0.0318202,0.231585,-0.113368,-0.0868719,-0.706423,-0.322301,0.247421,0.054882,-0.159393,-0.0768107,-0.363672,-0.0940628,-0.41145,-0.0654131,0.664922,-0.885041,0.227456,0.786344,0.374391,0.0679542,0.234475,-0.53321,0.317243,0.453617,0.893344,1
0.898391,0.188633,-0.278349,-0.428624,0.255591,0.251237,-0.562775,0.147303,-0.645385,-0.103532,-0.278209,-0.597523,0.409449,-0.0820717,-0.404542,-0.248247,0.248191,-0.354253,0.713822,-0.512018,0.0894549,-0.340187,-0.614193,-0.271956,-0.786172,-0.316922,-0.179156,0.40413,0.113569,0.723047,-0.304612,-0.577071,0.57142,0.853388,1
0.235875,0.39489,0.582752,0.21146,-0.153511,0.582822,0.0508622,0.928624,-0.0394649,-0.351384,0.443183,-0.262814,-0.341282,-0.359699,0.359905,0.765202,0.225071,-0.531461,0.743285,-0.320649,-0.14573,0.171317,-0.092796,0.944675,-0.132398,-0.346789,0.489198,0.71072,0.180467,-0.220473,-0.588742,0.0392396,0.437467,0.775019,1
0.251975,0.370613,0.291002,0.398686,0.102735,7.95,0.391931,0.202473,0.163003,0.199105,0.31876,0.149092,0.378976,0.397901,0.281065,0.365664,0.210008,0.362544,0.327914,0.310544,0.347466,0.224308,0.265512,0.288895,0.12713,0.391483,0.286966,0.21851,0.252251,0.117753,0.16697,0.388781,0.52,0.82,1
-0.8252,0.616379,0.513486,-0.367164,-0.725474,0.0877002,0.606638,0.0181526,-0.37534,-0.269858,0.451,0.358182,0.316267,-0.158442,0.24861,0.112488,-0.0243608,0.330437,0.411225,-0.408158,0.823204,-0.0882612,0.644343,0.357063,0.0327846,0.30193,0.0689631,0.0774903,0.0920438,0.350752,-0.550016,0.426758,0.466019,0.766886,1
0.408803,0.114537,-0.305329,0.252264,-0.0260497,-0.144688,-0.245936,0.242835,9.25105e-05,0.270146,-0.0207635,0.144315,-0.357634,0.0741895,0.37337,-0.0803748,0.15619,0.427344,0.0659839,0.0599485,1.62008,0.47353,1.04275,0.588315,-0.117142,-0.482774,-0.0912033,-0.289931,-0.0603272,-0.0426895,0.85775,-0.545706,0.43787,0.819007,1
-0.292679,0.460421,0.171856,-0.392189,0.410046,0.0467857,-0.553247,-0.182285,0.0386943,-0.118874,0.252304,-1.39072,-0.470298,-0.441551,-0.557166,0.366434,0.386186,0.00570129,0.644344,-0.829347,0.666771,0.900069,-0.0778295,-0.193098,-1.06362,0.217721,0.0660153,-0.0974233,0.797979,-0.14649,0.496657,0.986889,0.471696,0.788976,1
0.236699,0.342943,-0.0258238,-0.260714,-0.689301,0.0687094,-0.336581,0.448821,-0.961805,0.221142,-0.402139,-0.0885094,-0.484793,0.721842,0.351869,0.348498,0.623134,-0.351626,0.0460605,0.399001,-0.0100178,0.290516,-0.0592849,-0.14526,-0.267485,-0.569845,-0.346005,0.121816,0.247933,-0.393115,0.191294,-0.785112,0.527782,0.843675,1
-0.413318,-0.0524743,0.0675003,0.063584,0.197219,0.397984,-0.56394,-0.481578,-0.587666,-0.239836,-0.947423,-0.620625,-0.665631,-0.189498,-0.498962,0.00148178,0.189374,-0.204672,-0.800109,-0.310509,0.860869,0.133076,0.609232,-0.753133,-0.211249,0.394184,-0.0235232,0.44076,-0.112224,-0.471769,0.0334242,0.556672,0.528306,0.773593,1
1.25642,0.0626265,-0.605338,0.290591,0.619806,-0.460375,-0.297435,-0.231375,-0.812909,-0.381181,-0.604432,0.309584,-0.0254445,-0.629162,0.716667,-0.126472,0.29869,0.119643,-0.0983247,0.196766,0.0293049,0.595416,0.81147,-0.723213,-0.472319,-0.0420749,-0.492771,-0.446037,-0.0733401,-0.144501,-0.848312,-1.02306,0.530264,0.937922,1
-0.202014,0.660844,-0.161597,7.43642e-05,0.491583,-0.0514806,-1.07819,0.308167,0.686438,-0.501284,-0.14195,0.57774,0.561179,-0.0716581,-0.16765,-0.24591,0.572229,1.02595,-0.16852,0.591308,-0.188187,1.03821,-0.094382,0.303028,-0.706973,0.60247,0.652967,-0.32455,0.00732204,-0.627138,-0.0583802,0.0770664,0.481055,0.947,1
0.763387,0.240359,-0.224927,-0.335596,-1.21323,0.00568032,0.982969,0.298297,0.0933207,0.510367,-0.619442,0.941464,0.471504,0.128576,-0.828327,0.399886,0.497591,0.123933,0.220928,1.17275,0.633803,1.0234,0.301388,-1.014,0.216071,0.503565,-0.0803788,0.241241,0.309667,0.207916,0.37582,0.162985,0.432024,0.869664,1
-0.144613,-0.356174,0.0748322,-0.476311,0.475334,-0.127818,-1.2019,-0.182106,-0.387212,0.111676,0.201434,-0.38985,-0.198108,0.115325,-0.0770662,0.717197,0.0776191,0.28728,-0.277024,-0.214204,-0.466478,-0.655509,-0.678237,0.0483548,-0.184599,0.467587,0.6276,1.0358,-0.358994,0.355595,0.0678307,-0.485206,0.499969,0.800018,1
-0.726187,0.923864,-0.00642454,-0.596521,0.65584,-0.885718,0.155441,0.304005,-0.797854,0.577038,-0.221066,0.731964,0.408293,-0.643335,0.352104,-0.741321,1.07213,-0.48405,-0.582078,0.0259183,0.0562012,0.0612877,-0.0712912,-0.424731,-0.297606,-0.340723,-0.157257,-1.26742,-0.171121,0.0868619,0.414756,-0.0827834,0.574857,0.806934,1
0.0655775,-0.362019,0.607554,0.361678,0.145806,-0.397231,-1.0918,-0.619006,-0.508855,-0.722967,0.779709,0.0318197,-0.0670602,-0.508033,0.364557,0.506237,-0.377057,0.151873,-0.325901,0.0966878,-0.134919,-0.272058,-0.817049,0.458735,-0.436543,-0.272328,-0.523122,0.088739,0.382304,-0.120257,0.476922,0.397396,0.545124,0.786605,1
-0.515638,0.420567,-0.143729,-0.171876,-0.218699,0.533852,0.63398,0.145744,-0.210168,-0.0034817,0.719479,-0.460544,0.623552,0.12597,0.523722,-0.107562,-0.672275,0.213192,0.233719,0.139526,-0.253827,0.494909,0.107153,-0.203475,-0.442311,0.380417,-0.0849158,0.0755683,-0.657421,0.158715,-0.232919,-0.645736,0.488639,0.81423,1
-0.678153,0.122471,0.786432,0.841515,0.118679,-0.592394,0.463728,-0.195657,-0.53231,0.72671,-0.187214,0.347161,-0.6822,0.797929,-0.0179517,0.0328775,-0.667615,-0.422768,0.0145483,-0.333936,0.169247,-0.18843,-0.03722,-0.890363,0.733167,0.218192,-0.0203328,0.0880914,0.0454552,-0.256908,0.597809,-0.171297,0.44429,0.772237,1
-0.232833,-0.423296,-0.254959,-1.01738,0.064321,-0.0365073,0.105029,0.194571,-0.0939217,-0.0339947,0.424468,0.0225824,0.436053,-0.578645,0.19147,-0.801257,0.153996,0.428746,0.357476,-0.233842,-0.103584,0.585794,0.601065,0.571827,-0.47851,-1.04499,0.368046,-0.315136,0.243792,0.172436,-0.377222,-0.127616,0.450503,0.912802,1
-0.511618,-0.246246,-0.303991,1.12961,0.359819,0.16798,0.449709,-0.713746,-0.668066,-0.0214575,0.618142,-0.337583,-0.909052,0.845058,0.906858,0.36148,0.659552,-0.0289247,-0.90424,-0.824189,0.320108,0.0954894,-0.256559,1.07096,0.459973,0.0264928,-0.443141,0.245478,0.195137,0.535482,0.331417,-0.349862,0.578909,0.861562,1
0.0379344,-0.365734,0.0849174,0.01789,0.815418,-0.0213254,0.468507,0.0217334,0.359057,0.372841,-0.541875,-0.474175,0.693458,0.514968,0.458332,0.0783909,0.597779,0.858719,0.214842,0.120544,0.766737,-0.391348,0.48091,0.3995,-0.85685,0.67777,0.078854,-0.203034,-0.681732,-0.822556,0.723255,-0.568932,0.571343,0.798689,1
-0.33771,0.00407111,-0.18016,-0.483821,-0.378184,-0.164759,0.107822,0.492402,0.208828,-0.132823,-0.450933,-0.708793,-0.690928,-1.1212,-0.384741,-0.201559,0.449383,-0.624457,-0.54319,0.435927,-1.38745,0.238848,-0.0985648,-0.375763,-0.360218,0.715396,-0.0407581,0.125485,-0.579373,-0.343912,-0.394123,-0.315155,0.421158,0.77985,1
0.95,0.88,0.315503,-0.481412,-0.20492,0.0546985,-0.424646,-0.304924,-0.303689,0.457701,-0.473565,0.272889,0.429756,-0.129837,0.481849,-0.0885306,0.136928,0.0590997,0.391233,0.190119,0.455638,-0.275427,0.187097,-0.444607,0.316106,0.0553987,0.489007,-0.306842,-0.212678,-0.050655,-0.328489,-0.233397,0.48,0.2,0
0.732969,-0.932336,-0.436628,0.162524,0.853557,0.188111,0.224349,0.200206,0.724378,0.0541753,-0.0682377,-0.261555,0.655712,0.0180013,-0.220053,-0.121817,0.396458,0.127686,1.13821,-0.396607,0.295801,-0.0981824,0.44087,0.0762148,-0.150862,0.368543,0.217656,-0.639682,0.113629,-1.26751,-0.18212,-0.113783,0.530012,0.934311,1
-0.416789,-0.228117,-0.796665,-0.414606,0.0377954,0.238696,0.388601,-1.01783,0.264936,-0.582304,-0.0689782,-0.398281,0.450249,0.813301,0.219578,-0.0452757,-0.120888,0.236395,-0.0945055,-0.220276,0.377485,0.159472,0.332114,-0.155301,0.639624,0.774743,0.55132,0.632173,0.633477,-0.31306,0.0866403,-0.56461,0.466669,0.871347,1
-0.0403401,0.810143,-0.432288,-0.0863034,-0.0437032,0.604841,-0.816676,-0.0180516,0.310957,0.298771,0.625073,0.10461,0.210963,0.0859237,-0.652642,1.49142,0.20169,-0.478585,-0.255934,-0.0481552,0.302744,-0.419279,1.12197,-0.262942,-0.629733,0.410162,-1.14601,0.65868,-0.00125135,-0.158131,-0.345023,0.0149033,0.464413,0.85738,1
-0.306535,-0.00464836,-0.059013,0.534591,-0.321689,0.573304,0.553404,0.489827,0.727109,-0.711926,0.947837,-0.13925,0.235479,-0.680959,0.670051,0.449052,0.753857,0.599926,-0.100829,0.384508,-0.358305,1.04508,-0.663691,-0.287091,0.633835,0.105021,0.0872529,-0.704006,0.538637,0.901291,0.544674,-0.90191,0.441291,0.910076,1
-0.123069,0.574202,0.111831,-0.666349,-0.7832,-0.352444,-0.210333,-0.425379,0.703628,0.117236,0.896031,-0.0955929,-0.202683,0.981998,-0.493118,1.19764,-0.549099,0.784454,0.0499051,-0.634529,-0.314245,-1.21525,0.380619,0.959597,-0.340608,0.704114,-0.233808,0.529285,0.338405,-0.34305,-1.02224,0.253599,0.549055,0.79944,1
1.04259,-0.542364,0.593698,-0.236417,0.00629191,0.164609,-0.271059,-0.274447,-0.190256,-0.824217,-0.39444,0.276845,0.305596,-0.681317,0.384849,0.163909,-0.785381,1.11403,0.374799,0.144102,0.0213385,0.395858,-0.402926,-0.0208415,0.023287,0.116982,-0.00601078,-0.0390618,-0.667436,-0.834305,-0.476619,-0.709646,0.524097,0.778836,1
-0.795648,-0.24051,0.152972,-0.119589,-1.34182,-0.290497,-0.0439351,-0.507556,0.352348,0.434071,0.178225,-0.0454149,0.446919,0.319006,0.470999,-0.328384,-0.259265,-0.4891,-0.0494739,0.00447071,-0.125056,-0.350862,0.835762,0.43564,0.024233,0.156807,-0.153921,-0.486272,-0.120675,-0.455966,0.869294,0.25505,0.437267,0.814291,1
0.380482,-0.240056,0.241663,0.393957,0.610543,0.571417,0.47903,0.117539,0.375645,-0.420164,0.379122,0.789835,0.160962,0.283129,1.02618,-0.0405771,0.155678,-0.534513,0.0915133,-0.0173423,-0.00355967,-0.966182,-0.728895,0.575279,-0.21129,-0.819418,0.0329077,-0.130356,0.635647,0.390846,-0.653775,0.476042,0.45414,0.847678,1
0.366462,-0.242101,-0.409232,0.158068,-0.486765,-0.194509,-0.786735,0.079151,0.304578,-0.389456,0.67952,-0.254809,-0.805951,-0.760842,-0.658886,-0.0754312,-1.0302,-0.192876,0.155608,-0.854294,-0.957298,0.537247,-0.562902,-0.200812,-0.531512,0.155976,0.28977,-0.367303,-0.64011,0.0262086,-1.12583,-0.00118295,0.428783,0.837754,1
0.0635466,0.146465,0.249729,0.395159,-0.254785,0.617912,0.519517,0.121362,0.313829,0.531532,-1.14689,0.265023,-1.03995,-0.560103,0.160753,-0.68955,-0.714097,0.224222,0.0758645,0.158135,0.0288341,-0.41144,-0.276421,0.253188,-0.324609,-0.217265,-0.289019,0.0392654,-0.523161,-0.281229,0.307217,-0.795046,0.523817,0.880989,1
-0.417701,0.559063,-0.395635,-0.524857,-0.39469,-0.35075,0.326115,0.113742,-0.151148,-0.678683,-0.161066,0.790906,0.233189,-0.889669,1.02717,-0.128157,0.111698,-0.568428,-0.342315,-0.22382,0.322188,0.962141,0.370335,0.949274,-0.557821,0.774769,-0.0541429,-0.799417,0.307863,0.882037,-0.510807,0.602425,0.484652,0.863867,1
0.556263,-0.0339973,0.0989865,-0.417545,0.299519,0.145577,-0.142566,0.0365263,-0.184326,-1.35051,0.555277,-0.463946,-0.0121631,-0.561288,-0.110645,-0.949775,0.184039,0.301506,0.185812,-0.55757,-0.00803867,0.219742,-0.537424,-0.132695,-0.133335,0.276155,-0.849034,0.477048,-1.12832,0.367813,0.263951,-0.363452,0.568905,0.888187,1
0.842206,0.855004,-0.302868,-0.235877,-0.703505,-0.751571,0.000706169,-0.753674,-0.414841,-0.0364738,0.0887223,-0.360523,-0.258134,0.212843,0.965272,-0.491654,0.336906,1.25013,0.573612,-0.491351,0.651486,0.393357,-0.225835,-0.209752,0.520286,0.757356,0.0624402,-0.57089,0.9092,0.57922,0.259304,-0.445705,0.442435,0.940748,1
0.200319,0.986031,-0.227968,0.137825,-0.333446,-0.0945362,-0.751032,0.69167,-0.319775,0.0984803,-0.561175,0.14396,0.526028,0.87454,-0.332441,-0.781108,0.61634,-0.122044,-0.335338,0.676298,-0.695789,0.274443,-0.315226,-0.0126871,-0.362518,0.613051,-0.232223,-0.430043,-0.498334,-0.481808,-0.114086,-0.119767,0.425839,0.94674,1
-0.296546,0.510827,0.315141,0.371395,0.648028,0.435934,0.0488328,0.143784,0.291838,0.583579,0.623872,0.235092,0.267327,-0.238814,0.135712,0.795508,0.316469,-0.834312,0.060091,0.703315,0.477216,0.0470252,-0.616633,-0.175581,0.240816,-0.421818,-0.116815,0.147174,-0.877204,0.0440353,-0.473696,0.102067,0.509293,0.898651,1
0.13279,-0.439293,-0.232051,-1.12718,0.35286,0.449755,-0.118251,-0.0582921,-0.655878,-0.899711,-0.161852,0.267664,-0.527765,-0.169723,0.185661,-0.0405081,0.283625,-0.609336,-0.166701,-0.976055,-0.0316699,1.13623,0.339507,-0.958975,-0.415461,0.324265,-0.642813,0.377416,-0.588125,-0.111474,-0.646166,0.788005,0.443188,0.776199,1
-0.604661,-1.051,-0.0757246,0.612392,0.524297,-0.15728,0.830611,-0.234976,0.0201855,-0.897104,-0.612425,-0.398263,-0.175925,0.0454105,-0.714902,-0.14015,-0.0391984,-0.155439,0.418217,-1.08266,1.10244,-0.617294,-1.01085,0.196265,-0.861788,-0.477252,0.349872,0.72594,0.24382,0.146063,-0.156411,0.759917,0.535481,0.860674,1
-0.131891,-0.380861,-0.785433,-0.751305,-0.503508,0.910915,0.0772651,0.0328305,-0.668588,0.437944,0.392453,-0.0452983,0.355312,0.101805,0.319234,0.59888,-0.214078,0.560642,0.371105,-0.184712,-0.710159,-0.370275,-0.229882,-0.0450804,0.0451517,-0.684842,0.649043,-0.110189,-0.441447,-0.112673,-0.214277,-0.111382,0.549083,0.885761,1
0.144798,0.271375,0.298014,0.219824,0.243648,7.95,0.246382,0.378161,0.271605,0.143632,0.165082,0.394555,0.289134,0.231103,0.394151,0.311272,0.203675,0.232216,0.134088,0.287354,0.306775,0.318273,0.103226,0.172879,0.373136,0.152023,0.303904,0.148836,0.24668,0.260606,0.180329,0.36828,0.52,0.82,1
-0.623211,-0.707681,0.503775,0.457609,1.05071,-1.31318,-0.223183,0.750138,-0.289517,0.66869,-0.484744,0.273269,0.207524,0.0409963,0.579435,-0.822752,-0.587459,0.700954,0.305358,-0.618207,-0.2603,-0.84476,-0.00955575,1.11261,0.140201,0.0070299,-0.494477,0.206897,0.584527,-0.25096,0.333012,0.000443685,0.484461,0.872029,1
0.401174,0.321923,-0.499361,1.00873,0.119996,-0.437206,0.12819,0.00387518,-1.27494,-0.384923,-0.218227,-0.482814,-0.0132758,-0.0879768,0.761454,0.702966,-0.189835,-0.907121,0.221597,0.400326,0.202677,-0.431834,0.401237,-0.196125,-0.425279,-0.648393,0.440107,-0.55839,-0.817179,0.201792,0.365901,0.39948,0.501089,0.865669,1
-0.310534,0.483999,0.231018,-0.449201,0.537753,0.366227,0.858836,0.0303984,0.646101,0.733355,0.596188,0.407368,0.171093,0.906564,0.623452,-0.628578,-0.680892,-0.796373,0.896105,1.03056,-0.751564,0.90614,-0.293138,-0.721473,0.0241901,-0.050554,-0.619557,-0.138387,0.162106,0.347352,0.0864677,-0.339028,0.571015,0.851761,1
0.554978,-0.150682,-0.239314,-0.122281,0.154241,0.412271,-0.115262,-0.814747,-0.502651,-0.493218,1.39378,0.427021,0.407404,-0.408782,0.624992,-0.728892,-0.573547,-0.328871,-0.227626,-1.26358,0.0405748,0.842104,0.677039,0.249944,0.135121,-0.847988,0.283661,0.356516,0.677548,0.535726,-0.423767,0.499073,0.476829,0.770143,1
-0.213015,0.212908,0.049126,0.775697,0.246837,0.0546865,0.605798,0.241585,0.625951,-0.385624,-0.564671,-0.938275,0.219687,0.129028,-0.183443,-0.618906,0.330887,-0.226236,0.572707,-0.0877843,0.255113,-0.167971,-0.424388,0.200567,-0.469446,1.03905,-0.0857641,0.133636,-0.877558,0.157889,-0.623739,0.610841,0.469088,0.925063,1
-0.832311,-0.00276946,-0.0558585,0.366014,0.33161,0.30563,0.772399,0.032625,-0.284048,0.676567,-0.51882,-1.21556,-0.239923,-0.710237,-0.346998,0.706652,-0.125152,0.0732901,0.0678238,0.350243,0.1079,0.703039,0.0371736,-0.114234,0.253151,-1.22431,-0.662025,0.755797,0.0569503,-0.35517,0.146242,-0.270873,0.466861,0.919272,1
0.353843,-0.0739842,-0.329336,0.179217,0.451304,-0.03681,0.0173896,0.0132286,0.128471,-0.68061,-0.874377,-0.248341,-0.313938,-0.277351,-0.569516,0.131022,0.2666,-0.198905,0.518349,0.238224,0.485892,0.106062,0.186998,0.155758,0.424014,1.51384,-0.374226,0.507117,0.719708,0.142653,0.299874,0.451736,0.495847,0.92179,1
0.169707,0.00650567,0.41051,-0.247115,0.110155,0.1805,-0.261571,-0.177765,-0.916128,-0.391946,-0.692611,-0.819207,0.286356,0.165285,1.26726,-0.408116,0.71547,0.598227,0.626891,-0.125455,0.442392,-0.211145,-0.592256,0.763295,0.637814,-0.302178,0.0780969,-0.375256,0.0739937,0.244898,-0.029347,0.803721,0.426454,0.915675,1
0.0803071,0.105713,-0.37514,-0.863021,-0.39079,0.682659,0.0687311,0.119252,0.0364846,1.20894,-0.442482,-0.713755,-0.663052,-0.161424,-0.185207,0.476504,-0.240087,0.591777,0.345161,-0.161169,0.184837,0.849719,-0.729271,-0.541483,0.173377,-0.0509061,0.10948,1.01056,0.517876,-0.653898,0.188757,0.318138,0.449914,0.815844,1
0.225582,-0.461353,0.0490703,0.231444,-0.219989,0.0079207,0.359495,0.435199,-0.666694,0.630823,0.913015,-0.177288,0.387968,0.0129416,0.0041127,-0.32361,-0.258117,0.914556,-0.199372,0.439386,0.542731,0.578369,1.48355,-0.0250761,-0.468578,0.343616,0.205389,-0.557222,-0.289524,0.118007,0.351793,-0.0817292,0.563579,0.848127,1
0.95,0.88,-0.256549,0.187226,-0.30809,0.380655,0.0924647,0.0914075,0.115913,0.121388,0.440941,0.228564,0.395123,-0.0844266,0.0217454,0.24292,-0.206318,-0.196342,-0.143339,-0.12171,0.498725,-0.114,0.403378,-0.419256,0.359779,0.142733,0.314011,0.222845,-0.477753,0.196583,-0.415729,0.439939,0.48,0.2,0
0.322271,0.277409,0.244508,0.174956,0.344806,7.95,0.10856,0.20941,0.346264,0.293353,0.132039,0.291539,0.230348,0.375686,0.303799,0.128033,0.198039,0.102177,0.259633,0.255029,0.37585,0.12276,0.318318,0.138408,0.173881,0.191613,0.118423,0.123832,0.265486,0.299416,0.170229,0.357405,0.52,0.82,1
-0.351612,-1.05749,-0.155888,-0.670599,0.148913,-0.578481,0.545492,-0.215035,0.179438,0.193877,-0.301088,-0.582519,-0.202898,0.628742,-0.591986,0.443312,-0.945843,-0.594764,0.672979,0.0619828,-0.0450428,0.061021,1.05556,-0.425078,0.305846,-1.07957,0.484795,-0.163877,0.102529,-0.242243,0.171283,0.368036,0.464166,0.906404,1
0.378588,-0.100448,0.241646,-0.753715,-0.0626589,-0.788737,0.00740076,0.518401,-0.189663,0.504898,-0.693205,-0.422049,0.556828,-0.856247,0.169274,0.575092,-0.999795,0.518862,-0.235834,-0.13457,-0.798848,-0.239954,-1.1436,-0.183245,-0.342547,-0.298212,-0.439665,0.511187,-0.369123,0.0299165,-0.299835,-0.0285751,0.469961,0.87229,1
0.850829,-0.0281421,0.174174,-0.054125,1.02758,0.29986,0.501979,-0.38585,-0.0712635,-0.380981,-0.606421,-0.425184,-0.0738302,-0.738467,-0.316038,-0.521634,-0.291108,-0.0149229,-0.0562518,-0.153606,0.438645,-0.114317,0.331024,0.607624,-0.124619,-0.61629,-0.0880584,0.229418,-0.121678,0.564776,0.0236027,0.302545,0.480892,0.946395,1
-0.76154,0.611307,0.53399,-0.132042,0.209419,1.39204,0.516364,-0.500942,0.242087,-0.266992,-0.283122,-0.336498,0.320538,-0.840426,-0.568186,-0.537697,-0.28655,0.939657,0.448393,-0.307564,-0.458154,-0.294226,0.566117,-0.520717,0.42175,0.465451,-0.187884,-0.0229161,0.0814783,1.5505,-0.201134,0.298024,0.424499,0.790887,1
0.076689,-0.275484,0.0904543,0.235698,0.272151,-0.402694,-0.322028,0.480765,-0.0011994,0.83991,-0.629307,-0.776513,-0.105607,-0.0613707,0.140285,0.954807,-0.625655,-0.979015,0.479117,0.683752,-0.841716,-0.48454,-0.137305,0.309314,-0.370242,0.0384096,-0.867702,0.119295,-0.542832,0.775263,0.786904,-0.22665,0.465173,0.919622,1
0.967718,0.25824,-0.0289587,-0.016172,0.145524,-0.434143,-0.0621918,-0.0327521,-0.833616,-0.993221,0.492602,-0.367843,-0.0858066,-0.0684646,-0.324852,0.377289,0.0804106,0.7984,0.394615,1.06988,0.0343017,-0.469345,0.412565,0.445279,0.388034,0.27587,-0.172909,0.172849,-0.428994,0.109113,0.514405,0.267416,0.486502,0.763808,1
-1.17194,-0.590211,-0.292951,0.0525329,1.28927,-0.0112399,0.599398,-0.129754,0.192429,-0.133263,0.317524,0.478802,-0.784637,0.29126,0.13912,-0.0312685,0.585567,-0.755412,-0.0496869,-0.0203012,0.0912753,-0.220752,-0.328319,0.208225,-0.597378,-0.145464,-0.487526,-0.252283,0.0487102,-0.219017,0.751807,-0.506734,0.493072,0.789781,1
-0.72561,0.0277557,-0.280447,-0.330799,-0.931442,0.282112,-0.712287,0.0250908,-0.557212,-0.805089,0.0225868,0.234982,-0.166629,0.672307,-0.543142,0.0681088,-0.2999,-0.186732,-0.30011,0.648707,0.67262,0.443784,-0.833842,0.40746,1.24206,-0.150719,0.373738,-0.192247,0.145526,0.333302,-0.572029,-0.37964,0.467269,0.885079,1
0.478129,-0.429497,-0.113278,-0.787724,0.378832,-0.509082,0.499372,0.189,0.306933,0.935674,-0.748827,-0.270602,-0.0646857,-0.358478,0.435871,0.506042,-0.740323,-0.308607,-0.886706,-0.222828,0.485246,-0.106467,0.14244,0.854507,-0.504224,-0.28021,0.175142,0.157642,0.367426,-0.0376363,0.831819,-0.612576,0.552117,0.945815,1
-1.1729,0.702397,0.447357,-0.329953,0.559692,-0.0481274,0.340228,0.167034,0.0341656,-0.792723,-0.037815,0.30475,-0.0182949,-0.290896,0.22541,-0.428584,0.634155,-0.563032,-0.301495,0.507936,-0.301074,-0.156672,0.748661,-0.370098,0.280409,-0.0942739,-0.700972,0.875989,0.185868,0.594348,-0.60076,-0.643065,0.558863,0.806636,1
-0.383065,-0.796705,0.149822,0.253776,-0.250128,0.446465,-0.212271,-0.699997,-0.354947,-0.121918,-0.65107,-0.0276766,0.647976,0.205591,0.0220806,0.682831,0.199837,-0.142654,0.370566,0.153413,-0.283847,-0.0916517,-0.165321,0.843308,0.0648328,0.369707,0.165891,-0.0221252,-0.591056,0.757606,0.899272,-0.138944,0.453788,0.892467,1
-0.0762539,-0.276414,-1.09195,0.300221,-1.01213,0.926533,0.235201,-0.0271139,-0.904175,-0.333395,0.14025,-0.0327181,0.253821,0.293378,-0.680316,0.351766,-0.40057,-0.453342,-0.741584,0.066187,-0.51732,0.213263,-0.0231055,-0.290561,0.229749,1.30321,-0.1559,0.858924,-0.930263,0.0821197,-0.342351,0.237834,0.53437,0.87671,1
-0.416983,-0.523725,-0.207455,-0.354585,0.222495,-0.101741,0.675583,0.206157,-0.396928,-0.0731479,0.80563,0.000129655,-0.0466229,0.765569,-0.085909,0.327958,-0.00397131,0.218974,0.310375,0.17522,-0.0828065,0.922769,0.36594,-0.854982,0.258388,0.038149,0.618181,0.0244531,0.299959,0.168671,0.114048,-0.0834431,0.494286,0.922627,1
1.16823,0.935074,-0.517302,-0.647517,-0.454369,0.160645,1.29332,-0.960539,0.34604,0.241769,-1.38545,-0.579686,0.544064,0.444176,0.223764,-0.528093,-0.807196,-0.027853,0.217862,-0.189496,0.139594,-0.268595,0.616262,-0.61646,-0.105704,0.756661,-0.215155,0.355263,0.953231,-0.728878,-0.52467,0.538906,0.42983,0.893005,1
0.187685,-0.0353296,0.0672698,0.109395,-0.068347,-0.623961,-0.330391,-0.0637591,0.231364,0.233313,-0.301324,0.516819,0.338305,0.978253,-0.695108,-0.0460284,0.626265,0.677466,0.110338,-0.504868,-0.713699,0.152696,0.00634591,0.0167825,-0.000874343,-0.226608,0.588423,-0.66797,0.308794,0.560427,-0.637954,0.109154,0.534194,0.777766,1
-0.00666607,0.936721,0.659598,0.238294,0.0773511,0.216848,-0.444854,0.633043,0.0759693,-0.26469,-0.296535,0.737618,0.797322,0.278693,0.771775,0.343669,0.0210291,-0.521603,-0.0681236,0.0319761,0.948065,-0.36708,0.0258235,0.632876,-0.13848,0.550075,0.411842,-0.491994,0.0172252,0.955201,-0.0342137,0.46669,0.48387,0.762089,1
0.163792,-0.0245076,-0.311973,0.112616,0.48371,0.187489,0.316344,-0.773147,0.235607,-0.847421,0.431305,-0.764893,0.124777,-0.406919,-0.0774424,-0.672894,-0.258545,0.532655,-0.370845,1.26214,-0.553395,-0.967601,-0.16791,0.951031,0.831788,-0.734048,-0.602019,0.559474,-0.480817,0.218838,0.522742,0.088502,0.558869,0.763376,1
0.168396,0.431448,-0.0578665,0.395983,0.165218,1.1751,0.350083,-0.255273,0.590264,-0.299382,0.0527874,0.467917,-1.05228,-0.0608091,0.0324886,-0.726099,0.892149,-0.495546,-0.0530416,-0.416237,-0.24901,-0.37418,1.0016,0.242274,0.880215,0.0444504,0.376011,0.0900974,-0.63167,-0.182011,-0.169074,-0.103055,0.565988,0.774413,1
0.783312,0.276661,-0.301689,0.590729,0.254106,0.795803,-0.553675,0.0400355,-0.880281,-0.216153,0.961178,-0.93525,0.651534,-0.174419,-0.444547,0.16346,-0.695121,-0.0984568,-0.451105,-0.119602,0.0164243,-0.685021,0.634208,0.133073,-0.4123,0.167748,0.116209,0.188572,0.475984,1.08742,-0.796325,-0.111616,0.488703,0.829676,1
-0.359636,0.126572,-0.456356,0.723083,0.481933,0.221672,1.17824,-0.247108,-1.38411,0.602382,-0.210598,-0.439878,0.137768,0.20167,0.636775,-0.0509937,-0.294573,0.409365,0.142912,-0.427984,-0.552545,-0.236247,-0.141879,0.28627,-0.400663,0.518412,-0.149693,0.379437,0.331046,-0.334947,1.20755,-0.238307,0.430661,0.831661,1
0.154957,0.394286,0.10628,0.385724,0.103719,7.95,0.384704,0.113899,0.210075,0.145051,0.387561,0.259183,0.216343,0.264889,0.218687,0.361459,0.210222,0.282227,0.118551,0.205204,0.144681,0.307,0.326943,0.262115,0.138947,0.253563,0.218685,0.218951,0.174434,0.376051,0.103799,0.342866,0.52,0.82,1
0.842813,-0.0384509,-0.0897083,-0.882381,0.599865,0.815069,0.118913,0.312417,0.107283,-1.16228,-0.236855,-0.21797,0.50273,-0.553098,0.983544,-0.465039,0.668083,1.25689,0.00719201,-0.318401,-0.392725,1.10114,-0.173597,0.994069,-0.226627,-1.64216,-0.0817531,-0.31063,0.82928,0.0142074,0.161894,-0.407902,0.433584,0.921351,1
-0.714625,0.159302,-0.297241,-0.609875,-0.595579,0.620795,-0.0865246,0.34507,0.238681,0.279787,0.864831,-0.112798,0.14238,0.0989706,0.522429,0.724437,-0.220132,0.25237,-0.310684,0.00960167,-0.460442,0.247807,-1.74903,-0.322651,0.0443523,0.244131,0.256208,-0.0333521,0.194777,0.273573,0.139105,0.212278,0.572752,0.894843,1
0.318096,-0.250105,0.0870761,-0.0517071,0.670266,-0.221662,0.0936117,0.111977,0.720286,-0.272332,0.308711,0.643709,0.361759,0.490787,-0.112787,-0.0540352,-0.502192,0.960661,-0.366287,-0.109587,0.452541,-0.439608,0.0821776,1.53699,0.127755,0.267714,-0.273552,0.493157,-0.521943,-0.156424,0.0799878,0.397789,0.461543,0.906157,1
0.0604007,0.219248,-0.496978,-0.291454,0.621449,0.217326,-0.823771,-0.475445,0.00462925,0.106784,-0.575593,0.274534,-0.318547,-0.0719981,0.844444,-0.0809092,-0.627127,0.235863,0.844186,0.306264,-0.816167,0.237014,0.0485893,0.0378749,0.281802,0.429662,-1.43063,0.129991,-0.827998,-0.531784,0.498389,0.0498143,0.438683,0.870131,1
0.080825,-0.00345639,-0.646571,-0.383197,-0.015528,-0.827717,0.443847,0.602898,-0.415194,-0.0651491,0.559264,0.459801,0.650709,0.214291,0.024564,-0.197223,-0.516761,-0.436592,0.0752181,0.00130501,0.568435,0.0552833,1.02845,-0.299319,-0.706105,0.670331,-0.400162,-0.211936,0.983344,-0.56558,0.669604,0.105901,0.532009,0.929532,1
0.283144,0.0478044,-0.586171,0.59776,0.0381684,0.243481,-0.686845,0.974003,0.755282,-0.214905,-1.08065,0.727938,0.3115,-1.21136,0.529555,0.239026,-0.0734184,0.389699,-0.244158,-0.230149,0.0891989,-0.151125,-0.46286,0.334818,0.929406,1.42732,0.211554,-0.0326437,0.0585743,0.204312,-0.0132785,0.499889,0.493377,0.939474,1
-0.270831,0.113046,0.158455,-0.358374,0.506831,0.18539,-0.530977,-0.22706,0.402658,-0.213917,0.580775,-0.0609791,0.52898,-0.0225849,0.165117,-0.260661,-0.433675,0.288772,0.769365,0.550707,0.0541947,0.817198,-0.954681,-0.0936642,-0.8393,-0.148564,0.441708,1.1478,0.523289,-0.738396,-0.552824,-0.255028,0.513155,0.790264,1
0.0889322,0.538135,0.203597,-0.450511,-0.310257,0.607546,0.115882,-0.686701,-0.286787,-0.110258,1.29601,0.0595504,-0.611994,-0.699239,-1.11323,-0.568281,0.272639,0.333894,-0.506397,0.890782,0.450204,1.03208,0.283508,-0.528422,-0.396748,-0.24959,0.30404,-0.0678868,0.00128194,0.0340574,-0.205144,0.399852,0.553685,0.820925,1
0.163248,-0.233831,1.1268,0.462317,-1.20007,0.580748,-0.222088,0.36361,1.00672,-0.229507,-0.270047,0.159697,1.23047,-0.395994,-0.166581,0.436218,-0.136196,0.34291,-0.507959,0.119107,-0.199735,0.585143,0.20853,0.183572,0.924399,0.574731,-0.276756,-0.249597,-0.00693674,-0.522512,-0.358173,0.541758,0.451437,0.765752,1
0.0301188,-0.216592,0.526637,-0.213914,-0.39812,0.12851,-0.0683097,0.415735,-0.0430474,0.268265,1.14112,-0.223449,0.805907,-0.595653,1.08584,0.16266,0.14502,-0.349133,-0.245328,-0.300342,0.593482,0.559116,-0.0285298,0.348855,0.0821063,0.00483729,0.256816,-0.314801,0.0193373,0.303257,-0.321899,0.925977,0.552988,0.825194,1
-0.873117,-0.315497,0.195515,0.0907006,0.0319431,-0.022954,-0.386698,0.110726,1.30037,0.453486,0.452507,0.656606,-0.238889,0.249217,-1.00336,0.149961,0.370955,0.564402,0.141974,1.12691,-1.01967,0.45401,-0.266917,-0.666367,0.303388,0.0796513,-0.333896,0.124502,-0.158174,-0.168549,-0.994599,0.375794,0.569009,0.808902,1
-0.0722828,-0.671992,-0.211049,0.584768,-0.686668,0.7826,-0.551451,0.935654,-0.267611,0.450571,0.166755,-0.182186,0.0188124,0.932945,0.267151,0.7221,-0.512118,-0.26071,0.388523,0.0127578,0.381714,-0.22933,0.29078,0.0690749,-0.0868099,-0.490637,-0.877346,0.282316,-0.161742,-1.0222,0.349921,0.0576875,0.527692,0.810032,1
0.223149,0.190066,-0.315803,-0.617766,0.129785,-0.0523561,0.0832044,-0.712947,0.0593934,-0.313878,-0.93356,-0.209953,0.540957,-1.06469,0.356133,-0.897961,0.306189,0.1379,0.840577,0.0393402,-0.570708,-0.647815,-0.43517,-0.38375,0.168459,-0.221752,-0.372416,0.260164,-0.36912,-0.26939,0.32965,0.481648,0.534251,0.936086,1
-0.0632915,0.0572435,0.214398,-0.133143,-1.07092,0.32578,0.0618572,0.14193,0.648804,-0.51799,-0.233747,-0.825724,0.0116443,-0.172366,0.314748,0.448156,0.500942,0.301578,-0.895013,-0.529194,1.16508,-0.0771284,0.122798,0.543536,-1.36233,-0.306036,-0.182368,0.846104,0.375059,0.14234,0.562924,0.903014,0.46135,0.870169,1
0.626365,1.34762,-0.646739,-0.093397,0.00507243,-1.04766,-0.937955,0.56612,0.346139,0.25499,0.461495,0.317731,0.0332049,-0.989928,0.247042,-1.16717,-0.972613,-0.347624,0.160162,0.012056,-0.580933,0.0777741,0.842022,0.128023,0.343314,-0.218207,0.202168,0.534312,0.163158,-0.350069,0.00769399,0.618832,0.510211,0.774264,1
-0.253532,-0.14933,0.0916536,0.2422,0.341909,0.206164,-0.347765,0.132442,-0.392209,-0.292821,-0.481468,-0.0675885,-0.415406,0.197924,0.233486,0.387349,-0.555069,0.698664,-0.024398,0.00562965,-0.393985,0.459257,-0.951575,0.28596,-0.651164,0.387667,-0.726406,0.340902,-0.418052,-0.509796,-0.364207,0.840621,0.425154,0.788918,1
0.185937,0.22651,0.0686794,-0.910631,-0.0523386,-0.157293,-0.981653,-0.369308,-0.343259,0.274168,1.18244,-0.642264,0.139038,0.097858,0.402126,-0.413318,0.399889,-9.38069e-05,0.647946,-0.282198,-0.457,-0.0104113,0.38062,0.295718,-0.341738,0.168529,-0.16637,-0.190213,0.749584,-0.193625,0.0978829,-0.411261,0.565609,0.90964,1
-0.693148,-1.12006,-0.271832,0.467525,-0.765527,-0.795463,-0.051736,0.526798,-0.557504,-0.122522,-0.771218,-0.221421,-0.944924,0.264014,0.0330242,0.880279,0.306647,0.338369,0.266569,0.893473,0.060348,0.665412,-0.513492,-0.658785,-0.358446,0.396125,0.0508433,0.238369,0.0738578,0.52127,0.73006,-0.671189,0.436494,0.767002,1
-0.395646,0.0987858,-0.292889,-0.0126349,0.0199583,0.272169,-0.235481,-0.394973,0.435955,0.883216,0.190817,-0.335088,0.0355931,-0.776441,-0.141414,-0.342304,-0.793307,-0.555452,0.758195,-0.63412,0.740506,-0.117609,-0.796667,-0.00341072,0.607637,0.264813,-0.00329223,-0.292029,0.125518,0.294868,-0.383237,-0.143152,0.452085,0.909632,1
0.733321,-0.224951,-0.353791,-0.156545,0.31324,-0.74141,0.386358,0.417886,0.0755323,-0.443622,0.129838,0.359908,0.519419,-1.12979,0.213298,-0.24668,0.236293,-0.579524,-0.42411,0.410147,0.479618,-0.469257,-0.23528,0.452724,-0.174835,-0.740761,0.434978,0.84728,-0.0969114,-0.517275,0.0796455,0.333235,0.489571,0.918486,1
-1.46583,0.196739,-0.540195,0.377601,-0.699424,-0.0860668,0.110292,0.0441139,0.53106,0.36815,0.405521,-0.508105,0.451625,-0.23868,-0.145333,0.451384,0.117487,-0.266517,0.0546171,-0.401273,0.657181,-0.0911283,-0.548095,-0.437823,0.111927,-0.256813,-0.504865,-0.556495,0.221033,0.588032,-0.914183,-0.011301,0.437425,0.868243,1
0.420813,0.466648,-0.122697,-0.311597,0.368962,0.380361,0.136729,0.437693,-0.647088,0.329316,-0.630253,0.278543,0.0303608,1.88453,0.0384894,-0.186313,0.540434,0.0976528,0.522525,-0.789632,0.455221,-0.158848,0.931907,-0.178392,0.00717422,-0.238732,-0.0532007,0.797287,0.543827,-0.845712,-0.458536,-0.67369,0.547452,0.884252,1
0.0933321,-1.30578,0.734361,0.186618,-0.132351,-0.483605,-0.423849,-0.372941,-0.326936,0.483874,0.631612,-0.0488297,0.0311876,0.758504,0.188683,0.4181,0.0293918,0.873593,0.428544,0.236611,-0.413273,-0.503501,-0.0579031,-0.209968,-0.0137153,-0.0738098,-0.014762,0.815496,0.205604,0.157514,0.270137,0.130899,0.474585,0.885978,1
-0.373878,-0.111331,-0.170632,0.37177,0.0419679,-0.108006,-0.00967193,-0.326878,0.695033,0.0995022,-0.021951,0.0659988,-0.288365,0.295893,0.990723,0.0995377,-0.454067,-0.0713083,-0.342879,-0.583525,0.0979571,-0.653355,-0.608751,-0.123923,0.325246,0.519397,-0.0449324,-1.23127,0.0611967,0.36221,-0.0611398,-0.468594,0.42801,0.78296,1
-0.11396,0.113009,-0.236626,-0.733414,0.338413,0.428858,0.14001,0.856459,-0.269818,-0.330367,-0.572414,0.788183,0.0821948,0.420756,0.709218,0.0565177,0.452322,-0.33587,1.03881,0.313778,-0.278821,-0.270237,0.628442,0.899816,-0.180141,0.22763,-0.56184,0.474292,-1.50616,0.332215,-0.762615,0.798306,0.504252,0.935142,1
-0.950177,0.292056,-0.131898,0.381214,-0.213769,0.0950738,0.0978989,-0.569289,1.27929,0.323268,0.589234,-0.106929,-0.112826,0.153721,-0.214992,-0.475505,-0.0666002,0.175407,0.334818,0.223971,-0.750467,0.365434,0.00943331,0.340207,-0.281789,0.0201755,-0.620936,0.0875971,-0.0152628,-0.896549,0.13108,0.124669,0.553105,0.899722,1
0.0308245,-0.0945888,-0.0183533,-0.215607,-0.100209,-0.238669,-0.588233,-0.484232,0.577629,0.688835,0.267341,0.0199918,1.05732,-0.509771,0.284715,-0.432295,-0.107152,0.318987,-0.0821041,-0.34824,-0.224893,-0.415223,-0.661584,0.518312,-0.534908,0.401734,-0.204974,-0.633424,0.225397,-0.134844,0.7202,0.139996,0.557722,0.82363,1
0.348206,0.112572,-0.455879,-0.682463,0.341401,0.641217,0.00642709,0.0788833,-0.159442,-0.100476,0.561965,-1.07334,0.805498,0.423395,0.089551,0.0238532,-0.112229,0.177214,0.834202,-0.63681,0.291087,-0.516554,-0.537916,-0.513672,0.165328,0.183986,0.193542,-0.810755,-0.13687,-0.117548,0.284412,0.505855,0.420495,0.797798,1
0.0902746,-0.313128,0.031439,0.480926,0.301124,-0.790442,-1.28848,-0.673236,0.903842,1.0409,-0.322611,-0.28087,-0.699785,-0.714309,-0.199595,-0.528347,0.281999,0.37468,0.317096,-0.344105,-0.0373653,-0.809971,0.792802,-0.32288,0.703474,-0.80353,-0.981402,0.234644,0.229856,0.311445,0.179537,-0.154294,0.481973,0.83443,1
-0.0836454,0.745429,0.102826,0.382723,0.755862,0.202461,0.311366,0.0644008,-1.42372,0.382157,0.284965,-0.346804,-0.0462855,0.0455748,-0.0886927,-0.199956,-1.09755,-0.506852,0.058752,-0.638277,-0.205354,-0.237156,0.380977,-0.107311,0.403884,0.128761,0.15791,0.588618,-0.146288,-1.0896,0.675288,0.842112,0.497287,0.948354,1
0.461478,0.156557,0.355826,-0.0315271,-0.569868,-0.0489606,0.327773,0.398655,-0.541667,-0.0361107,-0.257174,0.250336,-0.191192,-0.319497,0.0250937,0.158383,-0.83738,-0.428819,-0.385978,-0.0049752,0.286158,-0.540036,0.669628,0.209644,0.0471696,0.222124,-0.54327,-0.0736416,-0.272739,-0.0118862,-0.38317,-0.268904,0.435166,0.775622,1
0.35735,0.4707,0.459578,0.195512,-0.391088,0.468872,1.08434,-0.35654,0.734981,-0.342163,-0.320894,-0.4302,-0.228358,-0.233779,0.317921,0.0144508,0.787085,0.0826887,0.0499717,-0.100958,0.901984,0.110997,-0.834144,-0.167514,0.723427,-0.0918109,-0.180413,-0.353518,-0.101141,0.0169545,-0.823134,0.510085,0.558292,0.874525,1
0.179261,0.890028,-0.55515,-0.525789,-0.682889,0.357888,-0.277676,-0.276862,0.401302,0.190352,-0.186588,0.0996577,0.167354,-0.462995,-0.351874,0.233814,0.503103,0.193718,0.342785,0.163491,0.632842,-0.0455956,-0.386369,0.222016,0.148956,-0.388269,-0.0923152,0.667099,0.138675,-0.153835,-0.140681,-0.00515505,0.453206,0.870669,1
-0.0837283,-0.0329292,-0.352993,0.0892688,0.244583,-0.0652456,0.743349,-0.327289,-0.158581,0.503264,-0.812145,0.376144,1.38882,-0.379506,0.336579,0.244421,-0.428822,-0.0138995,-0.589206,-0.452334,-0.588331,0.404104,0.861368,0.699001,-0.402016,0.101905,0.301139,-0.280821,-0.593598,-0.494615,-0.821922,0.10896,0.438824,0.911031,1
-0.141685,0.187605,0.54826,-0.164469,0.338809,-0.808259,-0.761691,0.358159,-0.143229,0.178359,-0.233211,0.477149,-1.08168,-0.00834873,0.427419,-0.23817,0.312281,0.0587398,-0.134072,-0.213184,0.504845,-0.451634,0.149833,0.0592503,0.959731,0.102063,-0.24335,-0.751507,0.400165,0.563862,-0.471694,-0.0276248,0.535697,0.899363,1
0.498092,0.127688,-0.473403,-0.0909734,-0.163988,-0.0543334,-0.586811,-0.159779,-0.13782,0.235312,-0.211811,-0.531351,0.859741,-0.182159,-0.0977128,0.68065,0.215288,0.487499,0.864957,0.417728,-0.169784,0.503907,-0.757144,0.298175,0.0422813,-0.274662,0.244592,0.553281,0.237679,0.465728,-1.32909,0.32533,0.521985,0.803403,1
-1.08117,1.24538,0.332916,-0.0310179,0.551573,-0.840224,0.0977662,-0.35405,-0.172134,-0.196451,0.231016,-0.182595,-0.443925,0.220307,1.01134,-0.0190133,-0.237175,1.08975,-0.263089,-0.106349,-0.25978,0.522273,-0.345684,0.290228,0.759842,-0.0863786,-0.242033,0.76779,-0.0609037,0.273487,0.325884,-0.180053,0.515051,0.867306,1
-0.0538911,0.861693,-0.569356,0.232548,0.317413,-0.52119,-0.461753,0.61617,0.0779779,-0.421491,-0.0613584,-0.594185,-0.864189,-0.000319841,-0.217557,0.178048,0.836683,-0.518578,0.186799,-0.851181,-0.802149,-0.552899,0.835041,-0.46787,0.295687,-1.19647,0.56961,0.275947,-0.474299,0.126174,-0.275709,-0.227109,0.540032,0.808925,1
-0.303426,0.43747,-0.274909,-0.62193,-0.22823,-0.198456,-0.282805,1.40258,-0.318316,0.337646,-0.588471,0.0316181,-0.384411,0.753938,-0.273967,0.136881,0.190672,0.681558,0.400846,-0.248434,-0.360159,-0.265432,0.567534,-1.18034,0.474629,-0.10359,-0.548898,0.607835,-0.363857,-0.262724,-0.268849,-0.0303303,0.512767,0.852265,1
0.64591,0.70682,-0.341744,0.781163,-0.239039,-0.930031,0.200554,0.409074,0.0257102,0.336625,0.210957,0.00686328,0.376397,0.0861877,0.406586,-0.213139,-0.0855285,-0.372814,0.721222,0.388259,0.752659,1.19913,0.115698,-0.603237,-0.0993473,-0.641226,-0.0515621,-0.153859,0.482819,-1.09348,-0.579801,-0.111928,0.572082,0.848646,1
-0.773424,0.181047,0.394404,0.0248687,-0.47043,-0.660685,0.195969,0.305996,-0.0164982,0.00975029,0.159814,0.646333,0.165649,-0.210392,-0.652539,0.602941,-0.43084,-0.741491,0.0102732,0.805308,-0.120016,0.341802,-0.635993,0.178535,-0.515626,-0.324525,-0.70545,-0.163793,0.393145,0.107612,0.492382,0.255815,0.430991,0.917642,1
0.162235,0.404342,-0.981775,-0.359425,-0.264689,-0.642972,0.307236,-0.149819,0.701424,0.505748,-0.393614,0.0735966,0.468002,0.617445,0.22412,0.717141,-0.777319,0.105974,-0.34749,1.05054,-0.221084,0.063208,-0.416959,-0.758317,0.594404,1.0461,0.886447,0.311116,0.213776,-0.390922,-0.115425,-0.0234625,0.49957,0.848571,1
-0.0872148,0.374981,0.611463,-0.656726,-0.23487,-0.00966996,-0.268115,0.381669,0.4065,0.157515,-0.592372,1.58006,-0.0858856,0.683126,-0.519865,-0.766577,-0.470167,1.01406,-0.40904,0.395022,0.543942,-0.168747,0.0411649,-0.115602,-0.185317,-0.76813,0.26409,0.175198,0.0405236,-0.0914077,-0.200288,-0.427535,0.435213,0.847586,1
0.384806,-0.27303,-0.497186,0.143001,-0.532565,-0.0142298,-0.147951,0.0897553,-0.51704,-0.00233216,-0.16389,-0.765859,-0.675349,-0.116552,0.298021,-0.101709,-0.190321,0.0577577,0.783916,-0.436282,-0.187332,0.24555,-0.224383,-0.375686,-0.425139,0.160214,0.141928,0.216118,-1.16671,-0.356935,-0.595287,-0.500336,0.476955,0.771706,1
-0.841594,0.468205,-0.00787116,-0.477687,-0.00515193,-0.673727,0.00561095,0.348554,0.180898,1.07013,0.579402,0.418689,0.835552,0.729379,1.11506,-0.279732,-0.695715,0.30015,0.442018,-0.0290532,0.895188,-0.476708,-0.561681,0.287984,0.0796015,-0.531976,-0.45278,0.0915129,0.271353,0.0888942,-0.463887,-0.0998503,0.528236,0.823231,1
0.0407086,0.644999,0.191584,0.489083,0.777014,0.0097311,-0.37561,-1.16912,-0.556999,-0.420919,0.0102348,0.552441,0.00507759,-0.0883121,-0.0709287,0.0859263,-0.436867,-0.63746,-0.603992,-0.0450045,-0.740383,-0.0346315,-0.102719,-0.564453,-0.0378148,-0.269285,0.398549,0.0675265,0.75328,0.275817,1.29644,0.117352,0.54846,0.765744,1
0.558498,0.218076,-0.261869,0.05871,-0.163079,0.679347,0.618223,-0.289362,0.0713214,0.352639,-0.550599,0.0871719,-0.671856,0.0824313,-0.112754,-0.681727,-0.420838,0.04798,0.565961,0.966039,0.222433,-0.293869,0.304096,-0.103756,0.397884,0.0691426,-0.392259,-0.341861,0.373255,0.740534,0.0723072,-0.0879637,0.492105,0.869202,1
-0.945576,0.277041,-0.274605,0.0482024,-0.0908997,-0.714323,-0.0510282,0.0372062,0.237426,-0.882029,-0.0137377,0.336212,0.413132,0.821226,-0.290779,-0.896882,-0.504985,0.114817,0.82825,-0.275885,-0.643536,-0.734704,0.397217,0.259999,-0.40068,-0.228729,0.27071,-0.102329,-0.598597,0.420657,0.213412,0.256904,0.542211,0.792077,1
0.389762,0.0156166,0.0699517,-0.787675,0.00521282,-0.366718,-0.616464,-0.131308,0.188258,0.333665,-0.80823,-0.595404,0.608288,0.308674,0.0135172,0.364514,-1.26815,0.284563,0.978152,-0.243191,0.22245,-0.793369,-0.0876355,0.257513,0.152697,-0.030164,0.244453,-0.331514,-0.745808,0.45223,-0.44518,-0.216854,0.461789,0.854048,1
-0.45055,-0.289987,-0.678223,0.245402,0.189919,1.01001,0.0781147,-0.886318,-0.652753,0.611609,0.507508,-0.30591,-0.431513,0.246989,0.283681,0.643764,0.105666,0.874599,-0.38823,-0.49822,0.348355,0.539876,0.115942,0.0810438,0.176217,-0.263288,0.408455,-0.25475,-0.648475,1.18547,0.19783,-0.810717,0.575362,0.887794,1
-0.0367752,0.450379,0.919477,0.36419,-0.563534,0.185247,0.126639,0.816154,0.569585,0.139073,0.243007,-0.617907,-0.558721,-0.879139,0.0870216,0.856132,-0.0543759,-0.612576,-0.0884411,-0.126887,-0.83701,0.248896,0.226772,0.339152,0.806136,-0.47859,-0.676843,0.0528055,1.27743,-0.103085,0.295224,-0.834474,0.538693,0.889593,1
-0.385642,0.496083,0.507837,-0.451879,-0.219701,-0.065167,0.0905796,0.0930787,0.274429,0.783291,1.26644,-0.114732,0.394069,0.266019,1.61752,-0.412701,-0.964956,-0.521029,0.233842,0.322006,0.443491,-0.0115442,-0.335776,-0.350615,0.188284,-0.535685,-1.0673,-0.354371,-0.279508,-0.0981273,-0.545983,0.762885,0.544409,0.863157,1
0.251283,0.251118,-0.0729313,-0.262223,-0.527288,-0.273281,0.388333,-0.586326,0.469022,-0.437381,-0.647544,0.461741,0.00243439,0.42554,0.138717,-0.165018,-0.0841219,0.433252,0.557065,-0.302688,0.373219,-0.0796352,0.0278466,-0.00843519,0.292337,-1.49696,0.357116,0.232311,-0.666973,0.287491,-0.65888,-0.130607,0.470033,0.868643,1
0.159143,0.594449,-0.271292,-0.22661,-0.15716,-0.730249,-0.807153,1.37171,-0.18942,-0.0837969,-0.719608,0.0309379,-0.238226,0.211963,-0.0453696,0.529728,-0.184734,1.20713,0.462514,-0.762763,0.319632,0.377572,-0.128006,-0.763169,0.330149,-0.15214,-0.376457,-0.0947979,1.18775,0.897119,-0.373982,0.0137091,0.567507,0.931445,1
0.581057,-0.200688,0.869745,-0.0481117,-0.56658,0.534586,0.0708293,0.0022604,-1.47044,0.0244859,-0.186813,0.773445,0.30636,-0.527024,0.617049,0.0385021,0.0769863,-0.625803,0.504067,-0.902941,0.137114,-0.391953,-0.307353,0.599798,-0.23353,-0.19823,0.305013,0.541158,0.662019,-0.176903,0.222935,-0.0783725,0.433716,0.906709,1
-0.0946442,0.246916,0.23191,0.0394733,0.611363,0.348753,-0.233033,0.379825,0.526387,0.125509,-0.718673,0.109534,-0.564106,-0.113727,0.23707,-0.190903,0.145475,0.0320727,-0.264038,0.0937442,0.129182,-0.024164,0.0526729,0.203348,-0.401401,0.594102,0.333661,-0.707099,-0.249496,0.0255504,0.132651,0.303049,0.571694,0.845917,1
-0.765536,-0.520812,-0.247939,0.747134,-0.693095,-0.896742,0.349979,-0.665682,0.261717,0.289686,-0.651386,0.129958,-0.944722,0.0668332,-0.0285569,0.612191,-0.158317,-0.531441,-0.0102539,-0.199383,-0.635559,-0.483187,-0.392995,0.430294,-0.0186882,-0.242211,-0.650691,0.00373568,-0.198356,-0.728642,0.383949,0.352125,0.453448,0.764438,1
-0.0167532,-0.0159623,0.40435,0.517758,0.240685,-0.0853896,-0.0349696,0.0538981,-0.47337,0.177803,0.138717,-0.154295,0.346955,-0.308176,1.21902,-0.0857773,0.793857,-0.657589,-0.413069,0.197563,-0.219756,0.187898,0.333008,-0.283206,0.791507,-0.113624,-0.866071,0.0748518,0.203468,0.526149,0.819396,-0.107825,0.486693,0.937812,1
0.355015,0.377791,0.24567,0.309475,0.154122,7.95,0.296599,0.188836,0.303325,0.323135,0.250604,0.180836,0.379182,0.168682,0.149184,0.243242,0.373273,0.128182,0.294209,0.259609,0.37265,0.149359,0.107253,0.140676,0.35557,0.327737,0.360673,0.208885,0.124477,0.210824,0.14901,0.288079,0.52,0.82,1
-0.519645,-0.297259,-1.18059,-0.536671,-0.386504,0.434778,-0.0933103,0.489848,-0.742052,-0.263546,0.373474,0.793049,0.438942,0.0541042,0.10938,0.429283,-0.492136,0.208926,0.087058,-0.527674,0.918925,-0.113422,0.338587,-0.483554,0.035322,0.092954,0.121924,-0.367861,-0.0227404,-0.00236167,-0.353618,0.0162177,0.576609,0.930381,1
-0.23817,-0.573864,0.747087,0.460178,0.534768,0.093655,-0.212543,-0.135683,-0.0911981,0.05988,-0.484725,0.222448,-0.305496,-0.14425,0.00701742,-0.019901,-0.898966,-0.630526,-0.22264,-0.0624521,0.151849,0.365397,0.968545,0.457557,-0.0741669,0.0604204,0.286314,-0.94009,-0.450395,0.429237,0.0223708,0.531301,0.434449,0.824689,1
-0.263869,0.219304,0.176252,-0.257803,0.364826,1.23458,0.185127,0.0932085,-0.74085,-0.360179,0.376438,-0.108435,1.29065,0.362009,-0.337332,0.294961,-0.0764325,-0.0664674,-0.409866,-0.271291,0.0493924,-0.430119,-0.256672,0.196973,0.274997,-0.821848,0.216041,-0.288079,-0.405943,0.48798,-0.586843,-0.376299,0.534111,0.901485,1
-0.327194,-0.139682,0.282081,-0.315551,0.0151145,-0.549442,-0.0578021,0.154232,-1.69242,0.592461,1.19998,-0.243899,0.361539,-0.226023,-0.356572,0.315366,-0.366152,-0.134119,0.0293524,0.134988,-0.0279656,-0.30729,-0.303308,0.0572366,-0.822603,0.142731,0.630236,-0.130082,0.62403,0.239405,-1.21807,-0.459453,0.545812,0.858954,1
-0.515803,0.00214213,0.455856,-0.299352,-0.230239,-0.000602839,1.67336,-0.291966,0.572433,-0.160306,-1.1985,-0.640157,-0.0565764,-0.352038,0.46195,-0.594152,0.142181,-0.545641,0.248037,-0.358487,0.355158,-0.529404,-0.228784,0.225963,0.389392,0.301335,-0.620245,0.450284,0.938803,0.489877,0.729991,-0.0290513,0.482571,0.856871,1
0.798303,0.0252068,0.036684,0.0893171,0.501658,0.560079,-0.24513,-0.166154,0.389855,-0.772129,0.498503,-1.32218,-0.230395,-1.00008,0.295572,0.166876,0.303239,0.359633,0.0146419,-0.365351,-0.07652,0.0217136,-0.829546,0.31587,-0.371607,0.0560803,-0.16468,-0.137167,0.171561,0.462848,0.548641,-0.0117281,0.489706,0.786112,1
0.101942,0.397321,0.332523,0.379658,-0.187386,-0.718387,0.266654,0.818448,-0.352894,0.376918,-0.376559,-0.370001,-0.348737,0.112923,0.607993,-1.16404,0.201204,-0.191703,0.0116328,-0.499619,-0.940815,0.14267,-0.643534,0.0360008,-0.554751,-0.207879,0.208873,0.649004,-0.163363,-0.436885,0.0710648,0.209386,0.552017,0.849454,1
0.706666,0.483121,0.124652,0.0936325,0.605631,-0.539565,1.17557,0.0468207,-0.0781402,-0.287013,-0.339227,-0.189352,1.01627,-1.32676,0.192476,-0.425858,0.387101,-0.501814,-0.137089,-0.168966,0.538994,-0.350529,-1.09978,0.104178,-0.425182,-1.42536,-0.523076,-0.732357,-0.0342187,0.564295,0.188186,0.276424,0.51157,0.898348,1
-0.506582,0.166104,0.0210169,1.54165,0.553742,-0.894958,0.291399,-0.169462,-0.999329,-0.114906,-0.0148554,0.611234,0.279028,-0.534002,-0.191495,0.0788983,0.312724,-0.412579,-0.328089,0.675376,0.675496,0.264866,-0.494622,-0.512268,0.155878,-0.948834,-0.391209,-0.119759,-0.937409,-0.133125,0.293728,-0.653622,0.524651,0.832565,1
0.269541,0.509671,0.112922,0.225631,-0.0559189,0.737812,-0.508359,0.405252,0.0728695,-0.108524,-0.609948,0.558152,-0.362328,0.00980486,-0.563605,0.274215,-0.915936,-0.63291,-0.756045,-0.497748,0.912277,-1.02314,-0.146741,0.104887,0.0874166,0.0536456,0.129834,-0.631346,0.630869,-0.624139,0.504164,0.76639,0.423218,0.796265,1
-1.04532,0.493241,0.862153,0.224807,0.366597,0.39245,-0.300553,0.212992,-0.0915827,0.847645,0.240249,-0.251384,-0.120219,-0.948639,-0.0766953,0.135961,-0.423103,-0.680968,0.615605,0.198659,-0.721727,0.584582,0.638332,-0.194058,0.378549,-0.397454,0.584866,-0.0897653,0.427903,0.409601,-0.00578552,-0.19031,0.509803,0.773488,1
0.214795,-0.788252,-0.294186,-0.885479,-0.984299,0.548467,-0.271296,-1.0346,-0.0644967,0.718101,0.00842344,-1.03668,0.520724,0.049353,-0.550214,-0.772449,-0.317392,0.611502,0.509671,-0.377148,-0.541891,0.261593,0.150503,-0.326252,0.338819,0.735132,0.127738,-0.834761,0.410214,-0.348614,-0.285617,-0.345337,0.546335,0.774737,1
0.322492,-0.76111,0.134486,-0.368365,-0.317469,-0.558475,-0.635317,-0.0940291,-0.131912,-0.159669,0.416013,0.181998,0.928231,0.446854,0.826063,-0.252764,0.334631,0.88023,0.6469,-0.0159224,-0.719682,-0.256803,0.322719,-0.179013,0.484617,-0.417147,-1.08315,-0.246886,-0.639103,0.798193,-0.144341,-0.24395,0.45433,0.837997,1
0.154536,-0.479128,0.623339,0.337941,-0.216756,-0.473743,-0.41265,-0.116226,0.388385,0.281326,0.18621,-0.927315,-0.00188078,-0.503112,0.123438,-0.61031,0.507498,-0.300777,-0.796912,0.264453,0.639808,0.293916,0.350671,0.208011,0.179314,0.435721,0.608642,0.451736,0.208646,0.684498,0.23256,0.216739,0.523239,0.885129,1
0.456068,-0.0113161,-0.145808,1.18164,0.0735038,-0.733955,-0.121559,-0.757972,-0.938684,0.103541,0.653132,0.299645,-0.0732791,-0.176481,0.180936,0.104469,0.28839,0.0573564,-0.521759,0.208596,-0.691375,0.262886,-0.526077,0.639493,-0.518962,-0.411144,0.348137,-0.195675,0.974033,-0.439337,-0.348212,0.579837,0.435175,0.782013,1
0.0225608,-0.505615,-0.225518,-0.539886,0.311218,-0.0576704,0.0258971,-0.0444657,-0.295726,-0.217804,0.728296,-0.240961,0.0530538,0.190943,0.11925,0.26047,0.146117,0.53785,-0.130294,1.03313,-0.39137,0.912503,0.142076,-0.464145,0.829516,-0.0268101,0.171356,0.425204,0.0594646,-0.106725,0.00519913,0.567002,0.449104,0.78605,1
-0.269928,-0.00388969,0.343247,-0.438833,0.380913,-0.0265815,-0.333641,0.428537,0.214104,-0.44745,0.214568,-0.628751,0.02353,-0.442118,0.250052,0.486822,0.0224147,0.00750216,-0.455229,-0.0597135,0.514403,-0.419871,-0.517098,1.11342,0.370646,0.127795,-0.235275,1.07182,0.309037,0.289727,0.499602,-0.454024,0.53244,0.811679,1
-0.384854,-0.623882,0.164058,-0.0678288,-0.0476074,0.110336,0.571875,-0.333839,-0.190989,0.0357059,-0.718019,-0.451696,-0.331802,-0.495167,0.717071,-0.0601974,0.27817,0.368814,0.47939,-0.117475,-0.609066,-0.18582,0.168155,-0.330379,-0.339849,-0.505494,-0.0505734,0.169857,-0.136936,-0.705675,-0.26103,-0.123432,0.487898,0.791264,1
0.147167,-0.926874,0.801292,0.631208,-0.51238,-0.473865,-0.119895,-1.05216,0.243765,0.00483186,-0.328772,-0.757747,0.696213,0.126473,0.0432589,-0.536258,0.437778,0.35833,-0.0781166,0.222392,-0.648829,0.368216,-0.379859,-0.808708,0.613009,-1.269,-0.546817,-0.392051,-0.350066,0.204128,0.563772,0.244492,0.562553,0.920235,1
0.419384,-0.20018,-0.869509,0.40694,0.0777507,-0.839718,0.377624,-0.461257,0.570953,0.508643,0.124115,0.543723,-0.361819,-0.174703,-0.925182,0.0474445,0.240663,-0.0560141,0.400109,0.28184,-0.244308,0.742917,0.22769,-0.660055,0.94299,0.994555,-0.639515,0.0372324,0.278759,-0.996467,0.570984,-0.0968222,0.487409,0.903822,1
-0.406376,-1.24973,-0.165386,0.260955,0.281033,0.26652,0.343091,0.0825457,-0.305819,-0.477819,-0.546356,0.450774,0.497803,0.433337,-1.04186,-0.144007,-0.0455253,-0.514333,-0.510643,0.41174,-0.331651,-0.336739,0.546372,0.102531,-0.432711,0.390926,-0.153597,0.732668,0.12941,-0.301972,-0.149606,0.406534,0.516781,0.903263,1
-0.239244,-0.065132,0.529507,-0.809043,0.126199,1.12085,0.610083,-0.308303,-0.0935952,-0.371855,-0.0966656,-0.122752,0.326929,0.542769,-0.689935,0.0535365,0.212814,-0.464412,0.482898,-0.462973,0.199448,0.500568,0.232009,0.710188,-0.487535,-0.439323,-0.417329,-0.0751696,-0.68596,0.202044,-0.1692,-0.496863,0.505149,0.813687,1
1.14934,0.134635,0.451881,0.042504,-0.444974,-0.594247,-0.190445,-0.302855,0.401437,0.222749,0.321768,0.259602,-0.700327,0.189122,-0.720528,0.457524,-0.197933,0.0126563,-0.355907,0.231248,0.497516,-0.249716,-0.164911,-0.0894425,0.537219,-1.33566,-0.172761,0.322559,0.606381,0.578275,-0.492851,0.0750984,0.454274,0.89412,1
-0.517987,0.0295563,-0.206422,-0.00615153,0.0753869,-0.130481,0.157838,0.164681,-0.0466619,-0.262416,-0.313043,0.379184,-0.218155,0.29956,0.0472873,0.075813,0.509985,0.422009,-0.409417,0.363065,0.172276,0.441741,0.404571,-0.248067,0.947986,0.34012,0.593139,1.06154,0.576225,0.160326,-0.351122,-1.02372,0.566,0.873223,1
1.00628,-0.686072,1.27745,-0.107179,0.199508,-0.682625,0.529493,0.42734,0.18927,0.361317,-0.163655,0.717739,0.354012,0.844029,-0.621024,0.597935,-0.258027,0.140689,-0.536416,-0.217146,0.700568,0.832926,-0.399302,-0.477337,0.776444,-0.153814,-0.0747911,1.43291,0.160558,-0.687784,0.10261,-0.251082,0.549601,0.763397,1
0.297822,0.126125,0.326192,0.105172,0.156378,7.95,0.215618,0.391838,0.110127,0.368144,0.352362,0.20671,0.252021,0.223721,0.323712,0.374098,0.280604,0.333426,0.132556,0.100942,0.328609,0.202481,0.359239,0.141271,0.361867,0.239234,0.383921,0.259946,0.294781,0.158973,0.12459,0.290475,0.52,0.82,1
0.138943,0.655797,0.501412,-0.149794,-0.564632,0.280759,0.287232,-0.117914,-0.820385,-0.12225,0.155843,-0.0633082,0.220884,-0.0657047,0.23832,-0.314837,0.0210702,-0.0960202,-0.752853,-0.118585,1.16191,-0.402567,-0.561098,-0.323626,0.0480019,-0.102408,0.384941,-0.361081,-0.265117,0.769754,-0.283806,-0.509568,0.442871,0.826383,1
-0.359909,-0.0159439,0.0727441,0.427142,0.135843,0.19985,-0.239025,-0.0978521,0.0653939,0.0337086,0.0735908,0.785796,-0.312937,0.510175,-0.272051,-0.00408938,0.893992,-0.757982,-0.543517,-0.404488,0.199691,1.20364,0.514635,0.71083,0.0506659,-0.0487215,0.416432,-0.528074,-0.310021,-0.245005,0.201519,-1.02039,0.510346,0.919739,1
-0.199381,-0.199905,-0.354814,0.37894,-1.18427,0.542591,-0.581181,-0.439819,-0.262808,1.06966,0.0201813,-0.0432812,-0.483706,0.88569,-0.266912,0.966724,-0.396896,0.788698,-0.970285,-0.881465,0.325274,-0.3201,1.21364,-0.0594602,0.0180658,-0.981497,0.939386,-0.060263,-0.809306,-0.443231,-0.41916,0.0869258,0.432613,0.781114,1
-0.65835,0.104652,-0.279948,0.247436,-0.674646,-0.225085,0.595529,1.19546,0.23985,0.70324,-0.494975,0.707429,0.212654,0.954456,-0.543052,-0.217198,1.11778,0.443146,0.317322,-0.0737453,0.536851,0.011944,0.100097,0.531837,0.148485,-1.01311,0.181573,-0.583284,-0.162205,0.446187,1.37049,0.00987841,0.437031,0.797335,1
-0.246099,0.481985,0.697392,-0.242662,0.111548,-0.102684,-0.0313438,0.552746,-0.0876277,0.610159,0.359191,0.258231,0.23377,-0.63445,0.0865598,0.870716,-0.650063,0.225338,-0.468046,1.07349,0.415492,0.376562,-0.558055,-0.221609,0.184898,-0.757902,0.857661,-0.0501436,0.127337,1.00953,-0.491115,-0.695381,0.55074,0.870052,1
0.524776,-0.183469,-0.463125,0.364036,1.12582,-0.349401,-0.0901334,-0.756454,-0.0965064,0.44722,0.213052,0.350279,0.513012,0.145319,-0.263096,-0.91686,0.354368,-0.165344,0.293802,0.612657,0.0400982,0.282161,0.305504,0.498186,0.528573,0.10522,-0.37285,-0.0986821,-0.456857,-0.448019,0.175935,-0.103342,0.506179,0.769291,1
-0.787979,0.0999859,-0.545115,-0.28584,0.242688,0.333586,0.0977945,-0.632949,-0.248754,0.0901301,0.514709,-0.485142,-0.167142,-0.276557,0.708548,0.230217,-0.023663,-0.291046,0.667686,0.228447,0.401472,0.113679,0.197628,-0.0133945,0.384822,-0.473402,-0.247733,-0.544079,0.129286,0.145259,-0.742445,-0.24022,0.559133,0.8155,1
0.0114956,-0.0583038,0.540743,0.601472,0.756682,0.207246,0.191838,0.317772,0.746438,1.0683,-0.476561,-0.23666,-0.00992258,-0.505172,0.419767,-0.0314787,-0.359206,0.294652,-0.746228,0.0235633,-0.358364,0.0995777,1.04721,0.409231,-0.0944839,0.213889,-0.319283,0.209682,-0.783538,-0.398379,-0.769097,-0.643223,0.551791,0.917741,1
0.90361,0.596879,-0.213508,0.222298,0.19822,0.265562,0.363854,-0.29576,-0.538692,-0.055039,-0.241632,-0.100629,0.322225,0.239765,0.197931,0.381254,-1.27536,-0.195153,0.298495,-0.711602,0.448224,0.288173,0.118008,0.0508667,0.364537,-0.321651,-0.690863,0.208973,-0.470599,-1.19286,-0.369105,0.11378,0.426132,0.909946,1
-0.0885439,-0.158894,-0.383209,-0.444766,0.396204,-0.159453,0.708302,0.299869,-0.538874,1.10936,0.445946,-0.449196,0.0339344,-0.329924,0.778704,-0.135091,-0.540543,-1.12006,-0.542311,-0.198998,0.108174,0.0681583,-0.0188037,0.254156,0.806844,-0.574805,-1.00049,-0.545864,0.0782034,-0.233726,-0.941314,0.0444603,0.516628,0.868591,1
0.87217,0.0199487,0.223686,0.237766,1.09179,-0.496823,0.187799,-0.17004,-0.223302,0.411939,-0.162746,0.367507,1.0125,-0.602302,0.369438,-0.183215,0.0292223,0.713683,0.521392,0.0123475,0.194134,0.199572,-0.490758,0.472712,0.2252,0.143468,-0.887838,0.478775,0.706892,1.23684,0.12868,-0.130177,0.494965,0.93115,1
-0.448405,0.00609623,0.527406,-0.118938,-0.826325,-0.219193,0.66387,0.150479,-0.526191,0.39885,0.243483,0.380225,0.121923,0.415177,0.697227,0.00564485,0.878821,0.637384,-0.279613,0.0366986,0.112291,-0.0431222,0.352452,0.352333,0.0759433,-0.662054,-0.457403,-0.206316,-0.0181055,-0.235409,0.559547,0.025327,0.537825,0.798955,1
0.528215,-0.401691,0.299181,0.406196,-0.794047,0.0956351,0.11337,-0.344556,0.251278,-0.365274,0.830052,1.74649,-1.04935,-0.215451,0.0769447,-0.188883,-0.777086,0.400686,0.633819,-0.426563,-0.120812,-0.615913,-0.219143,0.845276,0.427968,0.376266,0.501391,-0.374636,-0.0301249,0.136486,-0.0756972,-0.24431,0.449447,0.870134,1
0.201365,-0.588448,0.825173,0.820187,-0.223645,-0.0817323,-0.290377,-0.556556,0.426556,-0.00501973,-0.0162253,0.163848,-0.346588,0.9326,-0.260779,-0.999665,0.323737,0.0248576,0.0990579,-0.96055,-0.0233872,0.482972,-0.210957,-0.113718,0.506885,-0.285487,0.486973,-0.702777,-0.52692,-0.538724,-0.974417,0.163978,0.53068,0.772705,1
-0.576242,-0.175778,-0.575737,0.249224,0.674234,-0.352291,-0.106445,0.155261,-0.090803,-0.378375,0.302224,0.0165555,0.240922,-0.720791,-0.230195,-0.531259,-0.595891,-0.512514,-0.420812,0.6654,-0.385426,-0.382278,0.710236,-0.154214,0.250001,0.725332,-0.70658,-0.593762,0.787458,0.386535,-0.829332,-0.0910273,0.555861,0.797899,1
0.701749,0.18761,-0.887753,-1.10416,0.144407,-0.0283767,-0.286314,0.930783,0.243178,0.0355954,-0.453457,0.152255,-0.302961,-0.557365,-0.434312,-0.332364,0.0256884,-0.789253,-0.054504,-0.548887,0.590764,0.241003,-0.38763,0.28985,-0.613042,0.28021,-0.0897414,-0.262826,-0.0114646,-1.07442,0.612964,0.14147,0.577974,0.815788,1
0.126214,-0.378362,0.376137,-0.613514,0.519573,-0.0735786,-0.392893,0.0276252,0.107614,-0.182546,-0.200283,0.714104,0.616431,0.561641,-0.234923,-0.277652,-0.565205,0.2602,0.13183,-0.31384,-0.808786,0.0496362,-0.0598351,-0.263333,0.0798706,-0.529217,-0.399319,0.00260953,0.0766782,0.0213538,0.29452,-0.103881,0.464488,0.881056,1
-0.51558,0.430066,0.507937,-0.240618,-1.09104,0.606367,0.42127,-0.327017,0.842806,0.076711,-0.384335,-0.637866,-0.300918,-0.117068,0.502491,-0.942982,0.289046,-0.686853,-0.450918,-0.38281,-0.377511,-0.448909,0.581978,0.342765,0.289984,0.749189,0.100753,-0.0470938,0.75578,-0.323215,0.284327,0.619691,0.568206,0.912233,1
-0.0329999,-0.13524,0.210633,0.703002,-0.00313939,0.252043,0.293459,-0.0117389,0.222563,0.208145,0.732241,0.851421,-0.369098,0.464291,0.720526,-0.0518781,-0.292235,0.09503,-0.142593,-0.459843,0.815875,0.541495,-1.08648,-0.353233,-0.0216733,-0.310143,0.263657,0.268472,0.126552,-0.613942,-0.104871,-0.62154,0.428841,0.89502,1
0.2913,0.130702,0.257635,-0.460382,0.659373,-0.0790195,-0.193237,0.11567,-0.938093,-0.973416,0.408348,-0.0511856,0.252856,0.935362,0.442259,-0.443317,0.426478,0.501661,0.443603,0.811831,-0.466908,0.614277,-0.46126,-0.589295,-0.481589,0.167217,0.103568,0.273249,0.658011,-0.58621,-0.687137,0.818417,0.529486,0.921668,1
-0.230863,-0.388721,0.408567,0.264448,-0.0726676,-0.370937,0.874237,0.0935336,-0.534882,-0.517284,-0.806529,-0.168531,-0.85378,-0.137975,0.496459,-0.0841793,0.208416,0.381888,0.215557,0.339738,0.20622,0.430715,0.478274,0.940543,-0.64324,0.0460204,-0.500679,-0.834509,0.287529,0.265673,0.701729,0.0594914,0.5509,0.802941,1
-0.338559,-0.163174,0.620859,0.89675,-0.0950589,0.480951,-0.70231,0.0678047,0.207092,-0.0131192,0.132073,0.178813,-0.926769,-0.540835,0.0792427,-0.351792,-0.554943,0.783037,0.155796,-0.487768,0.750828,-0.104105,-0.359633,-0.294717,-0.0733227,0.672529,-0.592865,0.419418,0.337868,0.583812,-0.405451,0.410551,0.459085,0.903454,1
0.194005,-0.519988,0.166699,-0.200361,0.307721,0.11021,-0.0364468,0.519995,-0.349265,0.657196,0.127271,0.219998,-0.831789,-0.296935,0.0663668,-0.358808,-0.588157,-0.0422597,-0.192171,-0.140737,-0.493149,-0.461815,0.0901363,0.2355,0.290622,-0.204087,-0.152499,-0.789109,-0.0506434,-0.129474,-0.0490207,-0.137728,0.468688,0.90307,1
-0.625953,-0.495314,0.0363905,-0.656089,-0.649752,-0.0304612,0.320479,-0.0978421,-0.706036,0.0310599,1.04901,-0.300211,0.616601,-0.0960501,-0.845,0.240376,0.45424,-0.18801,0.463272,-0.423404,-0.44795,0.472751,-0.523669,0.204903,0.746034,-0.372952,0.852445,0.0366682,-0.0354531,0.158426,-0.27291,-0.390883,0.508187,0.781979,1
0.417725,-0.614704,-0.565743,-0.107067,-0.407731,0.321551,-0.445927,0.157528,-0.419667,0.00886756,0.16072,0.501243,0.136779,0.485743,0.309825,-0.00844767,-0.174856,-0.176047,-0.571719,1.06683,0.278553,-0.993162,0.0964731,0.15654,0.572319,-0.228691,0.560146,-0.7125,-0.0113736,0.203433,0.773726,0.127666,0.537099,0.945962,1
0.222349,0.716859,-0.703864,-0.0805384,-0.0722353,-0.377238,-0.435095,-0.0574269,0.165252,-0.675651,0.372602,0.529911,-0.360473,0.0499004,-0.34665,-0.16739,0.270633,0.715523,-0.355405,0.5105,-0.472797,0.578082,-0.586581,-0.352403,0.198132,-0.522669,0.331084,0.193568,0.854669,0.405275,0.309474,-0.179156,0.50821,0.835056,1
-0.927184,-0.0366872,-0.283153,0.952351,-0.0952322,0.629227,0.447287,-0.508357,0.423048,-0.929823,-0.796305,0.591934,0.865286,-0.468403,0.332454,-0.109163,0.103555,-0.649418,-0.52595,-0.272995,1.19222,-0.277996,0.120967,0.595229,-0.321977,-0.195179,-0.462377,-0.594066,-0.0887514,0.0266898,-0.39229,0.152521,0.508571,0.866568,1
0.409791,0.367857,0.151246,-0.416894,-0.542789,0.447093,0.0500372,0.492435,-0.184781,0.295061,-0.248181,-0.220796,0.243263,-0.167949,0.00607238,0.34423,-0.688302,-0.702299,-0.278506,1.04035,0.673255,-0.294435,0.436122,0.137251,-0.00419621,0.134643,0.141655,0.554997,0.514835,-0.315026,0.627435,0.79021,0.500684,0.78599,1
-1.18839,-0.201617,0.0988223,0.943186,0.492329,-1.47079,-1.22889,0.469766,-0.230181,-0.396916,0.266087,0.552606,-0.216799,-0.279608,-0.426378,-0.315099,0.505318,-0.806649,-0.181652,0.806892,-0.196894,0.605435,0.90826,0.215135,0.0679917,-0.39614,-0.975144,0.122451,-0.0501031,0.506017,0.492609,0.506944,0.521531,0.81738,1
0.0327309,0.250528,0.435298,0.562218,0.240013,1.65349,0.139651,-0.78659,-0.297847,0.233694,-0.444919,0.408454,0.480277,-0.202029,-0.0371189,0.503399,-1.06235,0.0464211,-0.650362,-0.942396,-1.00847,0.159557,-0.375313,-1.01638,-0.0846315,0.599136,0.702804,-0.238332,0.62221,-0.534558,0.573,-0.609314,0.421709,0.922567,1
0.455263,-1.28928,-0.33015,0.123308,-1.3381,-0.053654,-0.107692,0.0345897,-0.167254,-0.526231,0.253152,-0.757058,-0.241278,-0.206216,0.497491,0.354465,0.297387,-0.453435,-0.892946,-0.831858,0.322182,-0.0574125,-0.7578,-0.490383,0.176653,-0.849821,-0.294438,-0.455332,-0.337956,0.781516,-0.27426,-0.110194,0.571923,0.911974,1
0.244286,0.284453,0.388308,-0.0356074,-0.18109,-0.123675,-0.871532,0.69023,-0.182273,0.00549601,-0.123623,-0.676981,-0.604991,-0.110335,-0.564887,1.00271,-0.695976,-0.675854,-0.161313,0.355031,0.256931,-0.682884,-0.0773843,-0.334522,-0.355106,-0.0736552,-0.0550752,-0.213802,-0.112469,-0.160495,-0.864467,-0.411095,0.440794,0.912657,1
0.497194,1.06224,0.487666,0.247152,0.84068,0.52697,0.405604,0.730656,0.425149,-0.355561,0.0897534,-0.245588,0.0862966,0.78,-0.815796,0.311116,-0.110305,0.145652,0.191545,-0.262058,-0.691107,-0.292238,0.411089,-0.622584,0.349566,-0.0677524,-0.606816,0.272462,-0.000692348,0.538995,0.0412047,0.0943052,0.552442,0.843317,1
-0.186879,0.325674,-1.12514,0.586726,-0.0995883,-0.204131,0.134197,-0.488485,0.756605,0.314373,0.176072,0.406954,0.32507,-1.26343,0.234539,0.358728,0.0712676,-0.510594,-0.679522,0.186254,0.265916,1.03439,0.0554356,-0.0446243,0.0232645,0.31616,-0.173466,-0.82671,0.495999,-0.689653,-0.143303,0.566959,0.445746,0.841788,1
0.277252,0.181351,0.193622,0.263667,0.211871,7.95,0.301702,0.232571,0.272694,0.192577,0.344094,0.310839,0.313049,0.255423,0.298799,0.321841,0.201973,0.358683,0.360956,0.29774,0.190703,0.126118,0.290343,0.222435,0.375768,0.241818,0.244288,0.131064,0.342593,0.158281,0.144734,0.381412,0.52,0.82,1
0.23447,-0.365475,-0.631524,-0.397239,0.0780455,1.05359,0.0366547,-0.541292,0.786547,-0.0522248,0.476101,-0.467344,0.197797,0.16416,0.382583,0.257084,0.368927,0.683834,-0.518503,0.0329986,0.163227,-0.61771,-0.157058,-0.525127,0.850917,0.439628,-0.177685,-0.234073,-0.0410944,0.675672,-0.33449,-0.704348,0.480416,0.935065,1
-0.539192,-0.716504,-0.0722091,0.019784,0.0663924,-0.651256,-0.621701,0.27467,0.115465,0.0489189,-0.945772,0.834397,-1.07444,0.8648,0.19628,0.918008,-0.176107,-0.225708,-0.637665,0.747084,0.215716,-0.760667,-1.15364,-0.854257,-0.234257,-0.192037,0.0760676,-0.324172,-0.696359,-0.608626,-0.0445824,0.288181,0.476475,0.80208,1
0.0731659,0.351754,0.239227,0.643496,-0.530506,0.056253,-0.259589,0.233431,-1.25718,0.343879,0.575828,1.19119,-0.202387,-0.530053,0.647975,-0.933178,-0.0294921,0.177169,-0.791319,0.441926,0.311151,0.791698,-0.879925,0.184649,0.06846,0.39481,-0.905226,0.218436,-0.126203,-0.427636,0.338374,-0.140221,0.483449,0.807508,1
-0.476885,-0.0186663,0.466629,-0.109513,0.624959,-0.792565,-0.0866541,-0.0249276,-0.620362,-0.348566,-0.235794,0.120579,-0.217446,-0.659487,-0.112685,0.94584,0.326453,-0.248382,0.178354,0.210569,-0.38887,0.776934,-0.149332,-0.400129,-0.0800542,-0.285902,-0.318075,0.687021,0.332714,0.185183,0.250417,0.41115,0.53247,0.795116,1
0.118785,0.482092,0.379922,-0.600721,-0.333172,-0.330694,0.175925,-0.409327,-0.573925,0.0882348,0.459654,0.241251,0.220739,-0.94845,0.261055,0.747676,-0.130214,0.250208,-0.185748,-0.00790173,-0.056714,-0.0422292,0.401622,-0.360588,0.909789,-0.18496,0.509973,0.512515,-0.222734,-0.2649,0.275042,-0.474549,0.560911,0.924464,1
-0.103477,-0.025556,0.359229,-0.478128,0.106977,-0.0467417,-0.19976,-0.166248,0.711252,-0.330784,-0.489516,-0.113079,-0.566616,0.254076,-0.209626,0.0702603,-0.575263,0.0184592,0.0427835,-0.133055,0.0974125,-0.0482258,0.252872,0.135142,-0.722325,0.317447,0.805116,-0.797306,-0.516496,0.671481,0.0739891,-0.525663,0.474297,0.902766,1
0.18664,-0.387647,-0.201961,-0.439544,0.242314,0.206202,0.0799836,-0.0919265,0.121033,-0.0213122,0.772847,0.0979276,-0.642412,-0.930113,0.0212468,-0.0886502,-0.480155,0.18134,-0.111726,-0.891146,0.0525721,-0.198603,0.216782,0.449278,0.531187,-0.207327,0.592381,-0.827222,1.06083,-0.979471,0.383034,-0.582306,0.52475,0.829368,1
-0.11581,0.463054,-1.69232,-0.204203,-0.00541751,-0.0447429,-0.934864,-0.104039,-0.132574,-0.805707,0.336532,-0.202951,-0.16452,-0.268351,-0.264711,0.631973,-0.22269,-0.346474,0.621018,1.11863,0.016378,-0.180185,0.0838212,0.622962,-0.121718,0.264284,0.259607,-0.264815,0.23381,0.427416,0.767396,-0.283837,0.524115,0.793739,1
-0.511206,-0.0217435,-0.901395,-0.0149155,-0.0717155,1.31846,0.0510082,-1.29153,0.220047,0.777999,0.20978,-0.413113,-0.993177,-0.206469,-0.00301222,-0.426865,-0.230367,0.787334,0.395114,-0.522449,0.27936,0.236896,0.12186,0.256609,-0.0797238,0.587077,0.0840176,0.133081,0.327264,0.244211,0.315449,-0.752675,0.50868,0.938258,1
-0.480316,-1.5032,0.926109,-0.256456,-0.800522,-0.205995,-0.428563,-0.334188,-0.975517,-0.357365,-0.269537,0.217831,-0.0125572,-0.117913,1.14128,0.0764539,-0.0709776,0.81024,-0.843673,-0.258632,-0.695675,0.0605355,0.572853,-0.511973,0.719671,-0.56056,0.0539439,0.687529,-0.695176,-0.300539,-0.161606,0.473301,0.551737,0.938948,1
-0.273587,0.639612,0.946287,0.0361429,0.527736,0.803159,0.333841,0.147599,-0.203234,0.689689,0.602518,-0.350411,0.368119,0.776079,-0.300525,-0.0835089,-0.451227,0.1588,-0.072101,-0.229594,-0.0887184,0.204626,-0.495375,-0.265927,-0.394707,-0.468263,-0.192389,0.110937,-0.157353,-0.0768758,-0.179443,0.256686,0.579656,0.838999,1
0.702504,-0.462502,0.87087,0.0809299,0.0052968,0.49433,0.393687,0.481683,0.0530749,0.707308,0.138428,0.317295,-0.0228846,0.860715,0.369232,-0.451052,-0.552681,0.368989,0.0939225,0.0511618,0.143911,0.676414,0.0751502,0.526708,-0.239144,0.204446,0.0863821,-0.512848,0.377651,-0.692859,0.406409,0.103298,0.535844,0.849382,1
0.760992,0.275631,-0.203189,0.0909566,-0.394023,-0.487467,0.296604,0.526548,-0.4904,0.458331,0.335869,0.372254,0.393714,-0.341374,-0.577625,0.563111,0.360009,-0.258598,0.289469,0.373292,-1.14019,-0.281313,0.86971,0.138472,-0.379019,-0.819828,0.432877,-0.0933806,-0.0651951,-0.136009,0.173932,1.70444,0.429513,0.760576,1
-0.273559,-0.68782,-0.26584,-0.427931,0.206552,0.733558,-0.305599,0.334461,-0.124854,-0.487814,0.519524,-0.60687,-0.529404,0.0817515,-0.273313,0.262125,-0.0443451,-0.0338106,0.431953,-0.553501,-0.37852,1.41036,0.906846,-0.421687,0.60761,0.0225817,0.205966,0.356521,0.518993,-0.0645042,0.604131,0.219723,0.452,0.82463,1
-0.486364,-0.633902,0.154272,0.614182,-0.14977,-0.554717,0.652587,-0.513168,0.0859634,0.535316,-0.671256,0.631312,1.62369,-0.402201,0.338947,0.374303,0.106872,0.00998413,-0.524353,-0.343817,0.348337,-0.202708,0.209278,0.711098,0.178525,1.01507,1.09726,-0.575357,-0.0947901,-0.163527,-0.690833,-0.537343,0.501377,0.842506,1
0.959717,-0.251033,0.373684,-0.131208,0.441678,0.772383,0.392249,0.0721948,-0.58633,-0.215131,-0.0434298,0.542394,0.0390141,-0.0615888,0.0223229,-0.617239,0.0629382,0.6779,-0.218754,-0.312664,0.199841,-0.010425,0.23763,-0.228068,0.531322,-0.120154,-0.049304,0.68081,0.333953,0.365318,-0.0288568,0.533686,0.505736,0.887346,1
0.241298,0.287106,0.380063,-0.691852,-0.425087,0.618937,-0.483765,-0.0204613,-0.5803,-0.276763,0.200886,0.329018,-0.401484,-1.09257,-0.00958211,0.168381,-0.0781998,-0.171231,-0.257415,-0.247521,-0.196041,-0.1215,0.288273,0.0686848,0.158824,-0.7926,0.398775,0.242684,-0.561982,0.933195,-1.03578,0.467292,0.461888,0.779621,1
0.165697,0.28323,-0.343655,-0.345202,-0.0741733,0.43679,0.475385,0.314963,0.157259,-0.0165376,-0.0535908,1.12674,-0.804827,0.781951,-0.382713,-1.38083,0.0887854,-0.352649,-0.22467,0.131133,-0.728234,0.805789,0.573229,0.442915,0.265096,-0.103326,0.0704598,0.46685,1.01393,0.00200165,-0.528525,0.766273,0.501598,0.918683,1
-0.697232,-0.00848961,0.0557424,-0.534253,1.10078,0.619456,-1.12398,-0.186456,-1.00098,0.226471,0.254041,0.260999,0.219111,-0.482808,1.27719,0.189952,-0.131,-0.108577,-0.126782,-0.959002,-0.2784,-0.343137,0.0505241,-0.247545,0.291962,-0.612428,0.341756,0.240048,-0.937379,-1.36599,-0.278118,-0.256006,0.570504,0.902062,1
-0.641565,0.881824,-0.0126079,1.14294,-0.0468802,0.241992,-0.460188,0.199224,0.0270156,0.0146548,-0.677502,-0.0631049,-0.267847,-0.107978,-0.153191,0.783818,-0.0477259,-0.504751,0.657352,0.186009,0.769574,0.0979521,0.367178,0.372824,0.77396,0.505836,0.68111,0.0122018,-0.00204202,0.321012,0.00715646,-0.420031,0.443613,0.796131,1
0.309228,0.301694,0.135829,0.176524,0.119307,7.95,0.240264,0.302943,0.391575,0.271054,0.380315,0.208464,0.207987,0.273208,0.265453,0.207022,0.106427,0.321236,0.205691,0.141957,0.146457,0.234644,0.123416,0.336589,0.2029,0.179249,0.33828,0.137004,0.309835,0.202743,0.181443,0.152702,0.52,0.82,1
-0.082371,-0.496427,-0.671975,0.184892,0.616193,-0.806002,0.5046,0.16663,-0.362785,0.522024,-0.633436,-0.808003,-0.0908985,0.649655,-0.118508,-0.272215,-0.871778,-0.752749,-0.105863,0.392675,0.385185,0.0367862,0.672626,-0.00119498,-0.00136578,-0.3364,-0.109695,0.0355106,-0.904214,0.533608,1.36847,0.640347,0.423942,0.852281,1
-0.740107,0.711769,-1.1316,-0.108324,-0.413353,-0.099326,-0.258484,0.357158,0.20471,-0.51917,-1.5177,-0.740787,0.127524,-0.268045,0.276343,-0.679054,-0.322106,-0.649338,0.632186,-0.12208,-0.155924,0.143964,0.0222879,-0.219197,-0.0199193,0.61639,0.484664,-0.111511,-0.153448,0.336687,0.258077,-0.180318,0.564358,0.811001,1
0.161614,-0.793766,0.181204,0.354059,-0.175727,0.362316,-0.0271148,0.595851,-0.620807,0.17151,-0.127334,-0.333092,0.682515,-0.80223,-0.519278,0.238077,-0.988186,0.795832,0.478214,0.261566,0.777735,-0.49566,0.457321,-0.424972,-0.10658,-0.0528625,0.322978,-0.706401,0.327293,-0.790125,-0.0754068,-0.0108389,0.447556,0.787251,1
0.342308,-0.187628,0.582953,0.190936,0.380553,-0.62244,0.502453,0.826443,0.359234,-0.237418,0.251044,-0.286502,0.887242,0.560485,-0.108581,-0.856337,-0.0191891,-0.137201,-0.393846,-0.253281,0.326929,0.230036,0.0707659,0.603737,-0.487508,-0.243282,-0.0336093,0.478033,-0.532009,0.43332,-0.194852,-0.664633,0.543162,0.763051,1
-0.058558,0.197731,-1.13525,0.413243,-0.127677,-0.661305,0.215232,-0.334029,-0.0142688,-0.326042,0.557458,0.204551,-0.613946,0.380045,-0.378454,0.216207,-0.051331,0.767727,-0.108147,-0.00745743,0.00719441,1.01965,-0.993872,-0.142204,0.62463,0.200745,-0.293227,-0.314936,-1.35371,0.205902,-0.496431,-0.640133,0.475564,0.922817,1
-0.399245,0.464573,-0.377085,-0.23765,0.50471,0.393985,-0.193571,0.533307,0.058496,-0.598849,-1.16324,0.717253,0.322605,-0.0517106,-0.676191,-0.0902703,-0.736898,0.387625,-0.905046,-0.0952323,-0.559034,0.212276,0.353162,-0.635487,-0.0961121,0.524261,0.569482,-0.709408,-0.0142838,0.196764,1.382,-0.774389,0.451658,0.928137,1
-0.864266,-0.435347,0.246165,0.379646,0.0983236,0.537603,-0.727848,-0.657723,1.00339,0.0286429,0.556214,-0.312939,-0.0394029,-0.232902,0.152604,-0.777369,0.318533,1.46492,-0.514096,0.332857,0.412219,0.123735,0.194696,-0.3809,0.32782,-0.20427,0.0691104,0.0549249,0.0285247,0.711969,-0.640052,-0.150613,0.516066,0.896101,1
0.445837,0.644604,0.0709791,0.405722,-0.565073,0.173627,-0.511563,0.0909921,-0.235066,-0.321613,0.214458,-0.613755,-0.022117,1.00159,-0.888789,-0.711244,-0.129226,0.128651,-0.023596,1.08827,-0.890626,-0.485811,0.133811,0.276652,-0.239527,0.629214,-0.220579,0.336549,0.244779,-0.154578,-0.573319,0.861432,0.488056,0.798426,1
0.0116326,-0.488736,-0.180129,0.183074,0.495081,0.161198,-0.366773,0.590467,-0.0909575,-0.322252,-0.592896,-0.481189,-0.510706,-0.223253,-0.925128,0.962484,-0.00493439,0.569193,-0.311415,-0.0806944,0.52418,-0.0677605,0.14364,-0.294406,0.222311,-0.352565,-0.39502,0.546786,-0.57534,-0.0553027,1.21793,0.00110761,0.564438,0.842668,1
-0.596183,0.842048,-0.576329,0.488373,-0.228853,0.500824,-0.156089,0.571791,-0.46179,0.52666,0.543079,0.377435,-0.153608,0.108117,0.440333,0.409145,-0.754035,-1.2728,0.268904,0.520766,0.653599,0.586674,-0.0437256,0.440973,0.154771,-0.788657,0.157367,0.279628,0.342943,-0.189762,0.609829,-0.0121337,0.56756,0.771559,1
0.131862,-0.191975,0.359097,0.114721,0.349506,0.353588,-0.0799348,0.124344,0.67439,0.590944,0.263151,-0.522442,-0.247009,0.311623,0.175394,-0.192982,0.493608,0.584225,-0.651327,0.363609,0.18922,-0.277896,-0.822957,-0.30593,-0.791419,0.152987,-0.157219,-0.510725,-0.149883,-0.0738124,0.296708,0.792117,0.452207,0.785494,1
1.31518,-0.0193078,-0.634081,-0.163175,-0.163772,0.522048,-1.32126,-0.431951,-0.57402,-0.49826,-0.034103,0.105383,0.553028,0.109527,-0.441567,0.439004,0.761224,-0.0909006,-0.855824,0.108243,-0.18341,-0.0927045,0.354279,-0.130912,0.747285,0.181242,-0.343966,0.340919,-0.0416596,0.949513,0.0577961,-0.167842,0.451808,0.924493,1
0.417898,0.595523,-0.472718,0.0447169,-0.184745,-0.394362,-1.29034,0.204959,0.269052,0.219551,-0.0270043,0.7456,-0.108585,0.293465,0.386024,0.40836,0.918014,0.0229981,0.313174,-0.0317576,-0.632455,-0.401247,-0.0848723,0.425501,-0.282371,-0.437418,-0.21614,0.151882,-0.396487,0.00292674,-0.332718,0.631864,0.482519,0.767842,1
0.382676,0.514047,-0.34274,0.0951356,-0.0793469,-0.00559841,-0.454038,-0.577953,0.40232,0.180632,0.372047,0.313511,0.103866,0.255068,-0.261614,0.734492,-0.309264,0.150456,-0.299533,-0.412845,-0.340274,0.860154,-0.297766,0.30736,0.179811,-0.947298,0.443604,1.49527,0.561903,-0.0457925,-0.137083,-1.00667,0.432645,0.89012,1
0.187371,0.297063,0.00528321,0.702265,0.911996,-0.208808,-0.647236,0.113659,0.981916,0.601032,0.319428,0.328216,-0.11398,0.312268,0.158798,-0.394663,0.499324,0.586054,-0.36996,-0.860329,0.452519,0.438916,-0.302859,-0.198582,-0.650923,-0.268105,0.491733,-0.0347365,0.373219,-1.09137,-0.819118,1.00556,0.570103,0.914317,1
-0.353168,0.11061,-0.0991013,-0.12979,0.0318747,0.596325,0.266022,0.198761,0.418561,-0.805347,-0.662741,-0.072175,0.459027,-0.171318,0.20619,0.475028,-0.0901642,0.647017,-0.649125,-0.39385,-0.556936,0.272139,-0.331469,-0.404175,0.457718,-0.461151,-0.253697,-0.172922,0.0953783,0.0715188,0.392582,0.982667,0.5308,0.82763,1
0.412593,-0.399289,0.365777,-0.0566607,0.0516662,0.328578,0.293647,-0.176879,-0.203524,0.86323,0.174653,0.440734,0.52888,0.206041,0.223797,-0.00661756,-0.473893,-0.438604,-0.486257,0.856011,-0.839533,0.411934,0.272874,0.0857074,0.101287,0.315534,0.683555,-0.0552884,0.301403,0.492288,-0.256717,-0.139975,0.55495,0.813365,1
1.08583,0.0560196,0.0501236,-0.379658,0.240547,-0.837199,-0.0425806,-0.454214,-0.259181,1.18094,-0.636198,0.148739,-0.292039,-0.44137,1.15914,-0.180033,0.0167709,-0.146308,0.592977,0.44704,0.26918,-0.666364,0.0297115,-0.20419,0.564631,0.200893,0.576475,-0.788775,-0.345867,-0.08755,0.510295,0.0914393,0.466442,0.942323,1
-0.098422,-0.404119,0.495315,0.0249891,-0.644088,0.272702,0.0996167,0.404875,-0.105341,-0.265107,0.777939,-0.363761,-0.524275,-0.905688,0.324756,0.462185,-0.209387,-0.505331,1.3636,0.251482,-1.2485,-1.3388,0.435328,-0.141466,-0.345352,-0.347387,-0.405736,0.373179,-0.443939,-0.161912,0.849308,-0.122408,0.54025,0.840121,1
-0.80298,-0.312457,-0.223127,0.240756,0.248138,-0.331002,0.24162,1.06589,0.031416,-0.380486,-0.0430967,0.41681,-0.63795,-0.857736,0.435445,-0.419067,0.306334,-0.248796,0.431574,0.246582,0.340651,-0.233769,0.325527,0.263872,0.173502,0.659545,-0.434968,-1.13056,0.12985,-0.362115,-0.0177711,0.664979,0.522955,0.765568,1
0.461803,-0.625006,0.115887,0.0886646,0.572922,0.0763462,0.317845,-0.547469,0.421143,-0.345363,-0.115907,-0.0017791,-0.372749,-0.0907013,0.372055,0.0296197,0.282173,0.0866306,0.343454,-0.136903,-0.644768,-0.663846,-0.264607,0.396658,0.478743,-0.137015,-1.05244,-0.431829,-0.218594,-1.03848,0.0193246,0.114727,0.480887,0.929973,1
0.726007,0.832204,0.890185,-0.38721,-0.125655,-0.328717,0.640867,0.119108,0.009915,-0.871061,0.434872,0.315608,0.177828,-0.950176,0.491884,-0.12207,-0.140406,-0.14781,-0.639492,0.0103434,-0.553315,-0.754894,-0.249509,-1.3304,1.11805,-0.238605,0.119983,-0.95758,0.372468,0.119216,-0.334622,-0.210633,0.514635,0.906486,1
0.0591994,0.771654,0.827489,-0.232971,-0.641318,-0.121151,-0.159791,1.34038,-0.217194,0.875393,0.0970973,0.632166,-0.525411,0.595405,-0.142359,-0.259391,-0.743974,0.0470531,0.355055,-0.0450571,-0.509369,-0.312994,-0.431628,0.424795,0.461661,-0.293175,0.864504,0.723841,0.614182,-0.243926,0.480196,-0.0841463,0.545522,0.787762,1
0.328028,-0.15164,-1.37838,0.13299,-0.0411718,1.21678,0.294144,0.120324,-0.426188,-0.158385,-0.162088,0.0116375,-0.69789,-0.386247,-0.695837,0.698397,-0.119323,-0.733065,-0.038268,0.4768,-0.376356,0.252464,0.35164,0.438157,0.55279,0.177847,-0.807362,0.703302,-0.134628,-0.890775,0.166344,0.23178,0.551434,0.899314,1
0.760222,-0.423311,1.14746,0.557738,0.272702,-1.1151,0.818139,-0.135834,0.425779,-0.120535,-0.02857,0.287802,0.217201,0.236888,-0.137325,0.138533,-0.684018,0.630773,-0.454148,-0.154225,-0.33654,-0.422909,0.224927,-0.137062,-0.0180153,0.100952,0.117393,-0.0158465,-0.399229,0.870637,-0.32887,0.232331,0.498807,0.778927,1
-0.0881058,-0.695864,0.455573,-0.0723705,0.570002,0.666075,-0.313753,0.637157,-0.320191,-0.384252,-0.914053,-0.444392,-0.451846,-0.465173,-0.193375,0.0131439,-0.159363,-0.326241,-0.548474,0.229039,0.0535334,0.479999,-0.730012,-0.828233,-0.708102,0.122795,0.973161,-0.307122,-0.137335,0.439817,0.040178,-0.320212,0.53236,0.894068,1
0.419491,-0.171854,1.28662,-0.777194,0.746659,0.871708,-0.401239,0.327704,-0.0899985,0.578621,-0.239489,-0.188801,-0.0151518,-0.113611,0.689823,-0.230109,-0.261592,-0.0593799,0.159615,-0.151189,0.63712,0.711445,0.226283,-0.647334,-0.978398,0.166678,1.23669,0.760375,-0.21885,0.495787,0.633441,0.293008,0.545001,0.83078,1
-0.725055,-0.524226,-0.0313435,-0.98264,-0.501238,-0.136003,-0.209167,0.444531,-0.885543,0.264993,-0.330751,-0.402503,-0.246163,-0.00224016,0.806307,0.779381,0.529123,0.153799,-0.560594,0.116413,0.0477462,-0.0660214,1.09294,0.0784673,-0.484499,-0.431572,-0.710016,-0.356865,0.251986,0.0790126,-0.381752,0.418439,0.536144,0.86932,1
-1.10833,-0.0145628,1.28121,0.0943676,-0.417833,0.342625,0.253415,-0.34689,-0.0335678,0.148334,-0.129525,0.0173132,1.24057,-0.843539,0.0059177,0.144772,-0.267454,-0.731176,-0.271008,0.127189,-0.257923,-0.57301,-0.102406,-0.100897,0.329168,0.0112248,-0.0243924,-0.298806,-0.19502,-0.38649,-1.03119,1.00491,0.51176,0.830269,1
-0.617642,-0.254587,-0.299283,-0.587167,-0.758853,-0.359682,-0.0393697,0.518948,-0.0749399,0.085013,0.129419,0.0160984,-0.760604,-0.348469,-0.0879782,-0.00896354,-0.438255,-0.437058,-0.269951,0.665833,0.286106,-0.644621,0.007059,0.185971,-0.235122,0.367973,-0.154508,0.592854,0.477732,-0.728471,0.211317,0.347908,0.435129,0.81496,1
-0.0697745,0.0884039,0.537485,0.101383,0.417923,-0.477785,-0.730559,0.0696485,-0.0841761,0.384909,-0.160597,-1.13038,0.687324,-0.642283,-0.481431,-0.194588,0.200472,0.289234,0.485729,0.198094,0.0110399,0.0822148,0.890588,-0.0538533,0.321879,0.223159,-0.956403,0.0974587,-0.185425,0.363513,0.0735539,-0.62348,0.518086,0.924212,1
0.205909,-0.767918,0.867012,-0.845842,0.775085,-0.45886,0.172531,0.1501,-0.376567,-1.03569,-0.636773,0.00991051,-0.317013,0.0551142,-0.287818,0.397444,0.455919,-0.221192,-0.0176775,0.171417,0.206445,0.712426,-0.191552,0.256901,0.836288,0.349179,-0.383268,0.547754,0.603676,-0.260782,1.13407,0.210649,0.562247,0.904667,1
0.196133,-0.384394,-0.186077,-0.192137,0.505023,0.155863,-0.0133372,0.666922,0.547684,-0.368435,-0.65233,0.102089,-0.169924,0.0866645,-0.344174,-0.647806,0.532556,0.498347,0.700544,1.13426,-0.591929,0.139523,-0.993899,0.56189,-0.683966,0.340017,-1.18672,0.796815,-0.140941,0.199659,0.50084,-0.693599,0.574496,0.90802,1
-0.314566,-0.552733,-0.402368,-0.363914,0.165761,-0.684145,-0.261276,0.264185,-0.182143,-0.211055,-0.518044,-1.15012,-0.440872,-0.0995866,0.16543,-0.324568,-0.773552,0.00277437,0.00308051,0.108439,0.558183,-0.395471,-0.13156,-0.881863,-0.167085,0.211764,-0.858384,0.462235,-0.60706,-0.179195,-0.701874,0.0376645,0.539557,0.832453,1
0.267259,0.101955,-0.917917,-0.0841702,0.987537,0.28442,0.956772,0.331141,-0.282841,-0.254034,0.318137,-0.593112,-0.497464,-1.0556,0.249838,0.108066,1.22762,-0.337917,-0.150196,0.829921,-0.336393,-0.331834,0.136784,-0.0177354,0.20982,-0.375152,-0.670026,-0.121166,0.216827,-0.560798,-0.0128467,0.352605,0.568498,0.946135,1
-0.0188606,0.344657,-0.619015,-0.66062,0.357046,-0.320417,-0.466893,-0.379311,-0.603662,-1.04914,-0.542285,0.614108,0.205345,-0.287502,-0.169852,0.237796,0.355254,-0.554625,0.194586,-0.503765,-0.448147,0.607981,-0.170735,-0.0115574,0.0596546,-0.131214,0.142225,0.595958,0.362355,0.310159,-0.561897,0.539214,0.579697,0.889746,1
0.131527,-0.466112,0.571531,0.161917,0.219698,-0.571841,0.0456679,-0.0287369,0.0730968,-0.29242,-0.192404,-0.0158464,-0.140318,-0.519455,0.811228,-0.369326,-0.658083,-0.35446,-0.0600196,0.25684,0.269128,-0.685937,0.504708,-0.44723,-0.307031,0.161548,-0.19436,-0.447691,0.20242,0.606568,-0.251959,0.457457,0.469058,0.801887,1
-0.137933,-0.519252,-0.00259417,0.122137,1.20603,-0.623825,0.553146,0.144837,0.180399,-0.20691,0.272207,0.0243857,-0.241989,-0.531781,-0.00145135,0.438525,-0.279967,0.329094,0.694494,0.207323,0.375268,0.449086,0.0105206,-0.939683,-1.4026,0.554607,-0.499752,0.488693,0.211951,-0.0619644,0.263487,0.263489,0.553581,0.774392,1
0.0331938,1.31038,1.45866,0.631151,0.847685,0.690581,1.06266,-0.450808,-0.436702,-0.871421,-0.124856,-0.00615147,-0.0542713,-0.188983,0.142755,0.0265269,-0.105642,-0.662284,0.43348,-0.265405,-0.463256,-0.084773,0.158126,1.16536,-0.235824,-0.619193,-0.789529,-0.468115,-0.0333349,-0.700312,-1.16795,0.00992433,0.475548,0.949577,1
0.444836,-0.43891,-0.799615,0.780913,-0.455757,-0.48242,0.00893524,-0.463421,-0.264266,0.202094,0.159338,-0.436622,0.115607,0.523221,-0.305716,0.426147,0.434487,-0.104529,-0.0818063,-0.150889,0.337183,-0.217342,-0.753649,0.295593,-0.280829,-0.495946,-0.444418,-0.234488,-0.42367,-1.04733,-0.467302,-0.475314,0.570702,0.836157,1
-0.0509985,-0.270022,-1.27084,-0.41225,0.0970744,-1.07735,-0.760345,0.00725184,0.390108,0.364651,0.0640397,-0.875662,0.58851,0.161212,-0.221967,0.147118,-0.20188,0.367137,-0.855432,0.0069081,-0.400757,0.425249,0.201897,-1.01461,0.00851619,0.0902576,-0.302287,0.155484,0.217094,0.249384,0.918503,-0.21158,0.504445,0.846501,1
-0.339998,-0.708557,0.197514,-0.605759,0.428199,0.100873,0.838721,-0.588201,0.0606941,-0.138895,0.518286,0.598182,0.380669,0.432459,-0.161539,1.39357,0.444504,-0.264644,0.255732,0.422864,0.5584,-0.59102,0.115716,0.0503508,-0.437922,-0.567528,0.770743,-0.237982,0.281701,-1.39491,0.90076,-0.61886,0.534289,0.868572,1
0.231585,0.209706,0.16367,0.336186,0.367022,7.95,0.379371,0.317698,0.218537,0.187964,0.230644,0.187457,0.386783,0.131269,0.261983,0.198253,0.312768,0.240618,0.252412,0.283232,0.145385,0.319044,0.251991,0.190492,0.251181,0.39531,0.247405,0.35599,0.248698,0.126718,0.233522,0.22234,0.52,0.82,1
-0.466297,-0.131053,0.809637,-0.0646251,0.209531,-0.880066,0.0443991,-1.19159,0.500886,0.168202,0.103757,-0.383837,0.69177,-0.348179,0.388534,0.38259,0.403635,0.694431,0.311597,-0.576957,0.667289,-0.172205,0.310409,-0.195598,-0.205043,-0.209202,0.227841,0.285365,-0.698278,-0.741273,-0.814591,-1.06246,0.566453,0.768019,1
0.290001,-0.116242,-0.0315985,0.106894,0.584871,0.613436,0.121469,-0.158741,0.902852,0.192666,-0.381934,0.102917,0.592743,0.551374,0.279109,0.317725,-0.626657,-0.0111835,0.423642,-0.353573,-0.538344,-0.0126942,-0.302683,0.533089,-0.423377,-0.246542,0.116454,-0.26267,-0.1066,-0.450845,0.414519,-0.657098,0.425748,0.866568,1
-0.647643,0.575207,-0.00751606,-1.10255,0.355226,-0.351723,1.04293,0.261667,0.517837,-0.249561,0.435951,1.10992,-0.156672,-0.23387,-0.42563,-0.180786,-0.376676,-1.34658,-0.775142,0.105925,-1.41698,-0.553218,-1.41535,-0.337328,-0.00172782,0.239003,0.128995,-0.163086,0.296133,-0.665094,-0.887231,1.0322,0.535872,0.768168,1
0.156326,0.110804,0.630166,0.522613,-0.340067,-0.68451,0.0499254,-1.04608,0.187102,-0.415969,-0.211356,0.607622,0.70281,-0.107942,1.11283,-0.0840715,-0.476023,-0.448029,0.212262,0.858718,0.0636343,-0.37743,-0.323882,-0.513388,-0.182603,-0.615498,0.232891,0.564948,-1.12024,-0.331865,0.440984,0.530789,0.536774,0.808072,1
0.710915,-0.549591,0.212207,0.950886,1.06803,0.933291,-0.46657,0.930639,0.247188,-0.394362,-0.623019,-0.386839,0.0100359,0.49716,-0.880312,0.229076,-0.0274275,-0.381703,0.547436,-0.497476,0.573882,0.13055,-0.79224,-0.666445,0.763378,-0.107003,-0.5048,0.140054,0.0440439,0.611489,-0.0120632,0.130349,0.447444,0.905912,1
1.15495,-0.138579,-0.118464,-0.236229,1.50773,-0.217264,0.094343,-0.0358232,0.177161,-0.21369,0.203114,-1.01599,0.898078,-0.285063,-0.0647621,0.805092,-0.0632067,0.0241498,-0.121896,0.277504,-0.431614,-0.0190201,-0.227616,0.31142,0.191306,0.571171,-0.530296,-0.546079,0.713789,0.25409,-0.27333,0.359035,0.460768,0.904961,1
-0.195956,0.218222,0.234569,0.0524672,-0.260185,0.190194,-0.503232,0.527331,0.594989,-0.650767,0.138573,1.03786,1.10988,0.908935,-0.203333,-0.654842,-0.620604,0.412601,0.875607,0.278086,0.454621,0.390509,0.687804,0.313591,0.82507,-0.43574,0.492967,-0.0395331,0.404938,-0.0261925,0.457886,0.573845,0.523494,0.766956,1
-0.223793,-0.289341,-0.779213,0.201871,-1.31563,-0.958071,-0.169211,-0.277962,0.0953771,0.333478,-0.00628113,0.00067081,0.0869976,0.271702,-0.288541,-0.949732,1.02189,0.638484,0.393273,1.02308,-0.901946,-0.507492,-0.171224,-0.0509224,-0.25956,-0.692673,-0.138192,0.494334,0.0492971,0.266425,0.703886,-0.406074,0.426277,0.865429,1
0.943708,-0.589654,0.432825,0.0176845,0.0073225,-0.355207,-0.169997,-0.0861983,0.855295,-0.206017,0.280416,0.664926,0.736665,0.101537,0.473948,-0.0252795,0.386615,0.0368869,0.147013,0.0978575,0.0313523,0.0347591,0.507649,-0.693109,-1.12063,0.0132638,-0.19574,0.516904,-0.179864,0.704449,0.276571,-0.126959,0.431168,0.927439,1
-0.00845879,0.767986,-0.195444,-0.317925,-0.312045,-0.150426,-0.698062,-0.277036,0.103432,1.02162,-1.01468,0.0937699,0.183732,-0.518509,0.142974,-0.0866831,0.442595,0.408233,-0.169199,0.119993,0.391351,-1.30104,-0.522753,-0.588229,-0.831661,0.347182,0.22281,0.769313,-1.10069,-0.316894,0.519793,-0.242035,0.523547,0.91451,1
0.251167,0.675559,-0.237648,0.0521795,-0.379061,-0.346927,0.189792,0.00743135,-0.122969,-0.0721392,-0.482339,1.30511,-0.436411,-0.0300145,-0.367926,-0.350055,-0.330448,0.544099,0.167654,0.0127688,0.230662,0.0784977,-0.409573,0.183627,0.0361333,-0.0371874,-0.239688,0.237509,-0.402031,-0.421012,-0.246975,0.42973,0.469305,0.933689,1
-0.0447413,0.240381,-0.359433,-0.316766,-0.159886,1.07958,-0.866422,0.186894,-0.371757,0.829294,-0.123236,0.491154,0.368599,-0.0735292,-0.639427,-0.473842,-0.247867,-0.0148066,0.16323,-0.732487,0.460703,0.252658,0.321652,-0.302864,0.291591,0.770483,-0.237172,-0.52177,-0.821757,-0.102716,0.575458,-0.24712,0.458779,0.820306,1
0.125058,0.531361,0.779114,-0.1587,0.173466,0.0750886,0.142289,0.135957,-0.448658,0.451242,-0.776296,0.947264,-0.350339,0.0270031,0.110107,1.05776,0.0577912,-0.0306564,0.467562,-0.31733,-0.288764,-0.528812,-0.646492,-0.013721,-1.112,-0.511555,0.290767,0.687186,-0.137235,0.403205,0.323031,0.0857943,0.478711,0.765941,1
-0.521032,-0.906431,1.16826,0.314133,0.5343,0.844916,-0.0205775,0.550722,0.250956,-0.66196,0.00762716,-0.0243681,0.256121,-0.654085,-0.230113,-0.502367,0.261361,-0.161928,0.283269,1.20759,0.248059,0.903514,0.746848,0.111699,-0.0675876,0.815203,-0.0928732,-0.0105296,-0.541069,0.310426,-0.422146,-0.692695,0.53155,0.888489,1
0.454416,0.526983,0.428929,0.767964,0.385953,1.06153,-0.86408,0.452412,0.700526,-0.689696,-0.0665638,0.424837,0.482705,0.328261,-0.0620828,-0.0387677,0.0698857,-0.482034,0.0838306,-1.01668,0.259503,0.539977,0.220736,-0.0657384,0.625462,0.119455,0.949102,-0.814605,-0.406918,0.281221,0.637794,1.02743,0.454027,0.768462,1
0.296989,0.719524,-0.268841,0.302288,-0.478259,0.552216,-0.416305,-0.157216,-0.463969,0.500687,-0.426646,0.067613,-0.0353946,-0.866568,0.746504,0.198807,-0.412934,-0.298795,-0.456118,0.237992,-0.540777,1.03194,-0.751878,-0.123275,-0.268324,0.0245499,-0.385997,0.580492,0.0294671,0.154475,-0.14772,-0.43814,0.499811,0.81476,1
-0.638019,0.226918,0.208014,0.0121512,-0.32722,0.104907,-0.1885,-0.393775,-0.00181086,-0.379018,-0.11882,-0.0345707,0.0188881,-0.167592,1.12957,0.72992,0.752497,0.112865,0.464913,-0.351441,-0.174701,0.0438606,-0.0849446,0.129225,0.181064,0.583779,-0.166157,0.482307,-0.078149,0.328169,0.48181,0.501409,0.519106,0.868961,1
0.785955,-0.368983,-0.186238,0.958997,-0.453541,0.267821,0.687387,-0.369255,0.213129,0.0631175,0.888336,-0.675144,0.275879,-0.792488,0.555551,-0.648272,0.182544,-0.634165,0.652441,0.608753,0.30997,-0.249359,0.0178967,0.288244,0.402701,-0.54888,-0.210014,0.236532,0.781341,0.0892378,0.261505,-0.572003,0.532427,0.936485,1
0.659859,-0.586218,0.276442,0.0707833,-0.229951,0.33069,-0.128456,-0.135224,0.507715,-1.05439,0.256521,0.0813514,0.379141,-0.596591,0.10454,-1.05025,0.617446,0.0255536,0.66595,0.0227481,0.305274,0.25668,0.114475,-0.14002,0.124075,0.316335,0.102071,-0.392729,0.0997156,0.343809,-0.0625205,0.116326,0.568481,0.804946,1
-0.263378,0.317598,0.23685,-0.630733,0.18219,1.09923,0.196685,0.196941,-0.0560183,0.0246741,0.225425,-0.728754,-0.563087,0.0392796,0.151329,-0.845207,-0.479743,-0.87746,-0.0314905,0.710321,-0.192874,0.0247305,0.158977,-0.0366686,-0.294944,-0.0911438,-0.538736,-0.624563,-0.767659,-0.152934,0.00570566,0.304769,0.45247,0.882578,1
0.447975,1.41003,-0.702418,1.2002,1.10489,-0.186768,-0.225667,-0.0470441,0.767369,-0.0405623,-0.300615,-0.402654,0.649444,0.596706,-1.01424,-0.422695,-0.246967,-0.575646,-0.283142,-0.109418,0.599504,0.16583,-0.441473,0.212345,0.272207,-0.993985,-0.57874,0.13095,-0.0569677,-0.0887682,-0.314762,-0.973367,0.538928,0.948356,1
-0.0655005,0.278924,-0.358148,-0.652662,0.0386986,0.381192,0.598925,0.340072,-1.00163,-0.152024,-0.605719,-0.443213,-0.0600365,1.00182,0.0602254,-1.12331,-0.0712766,-0.636082,-0.0664436,-0.345707,0.246497,-0.755327,-0.926191,0.554004,0.480173,0.45238,0.0924579,0.157933,0.0769316,-0.310871,0.533351,-0.0137369,0.478696,0.806817,1
0.00183067,-0.380459,0.120491,0.321582,-0.296226,0.209062,-0.500225,1.0575,-0.0121282,-0.314828,0.146169,-0.304367,-0.0789208,0.338046,-0.737544,-0.135377,0.508078,-0.0660791,0.312246,0.428353,-0.891186,0.239132,0.478299,-0.0199338,0.285802,-0.00498852,0.114175,-0.319103,-0.190416,0.644901,-0.163557,-0.520666,0.42621,0.909795,1
-0.127954,-0.463622,-0.35575,0.760202,-0.204042,0.103545,-0.0689707,-0.351855,-0.0254984,-0.994102,0.85346,-0.0156627,0.0445439,-0.277186,-0.407042,0.056181,0.315394,0.821822,0.303156,0.000478013,0.472496,0.37041,-1.63766,0.148755,-0.58617,-0.654561,-0.0632614,1.14464,-1.25724,0.516114,-0.528054,-0.547262,0.535491,0.887217,1
0.445053,0.511771,-0.0167138,-1.09966,0.747999,-0.464077,0.337411,-0.329929,0.886363,-0.601957,-1.01104,-0.782289,-0.544848,0.16561,0.263257,0.604404,1.21513,-0.113164,-0.510266,-0.333237,0.581187,-0.760307,-0.849749,-0.0446407,0.592901,0.167261,0.758299,-1.14687,-0.215682,-0.220581,0.394348,0.728788,0.422477,0.777576,1
0.864136,-0.739641,0.0173836,0.542605,0.454086,-0.19443,-0.194612,0.335604,0.0876944,0.586388,0.960211,0.0679137,0.394938,0.435224,-0.611814,0.684783,0.147247,-0.0491089,0.0761878,-0.0635907,-1.43265,-0.199226,-0.200353,-0.1891,1.14357,-0.127645,0.702606,-0.347099,0.46511,-1.14663,0.570819,0.786846,0.500931,0.764532,1
0.590996,-0.77147,0.209119,0.202871,-0.283261,-0.229409,-0.377275,-1.14668,0.0929568,-0.181961,-0.400298,-0.152612,-0.579411,0.105617,0.332937,0.334142,0.0959555,-0.0569762,-0.0685011,-0.783198,-0.145578,-0.679973,-1.01872,-0.278465,-0.132921,0.0670448,-0.16183,0.563821,-0.0933198,-0.463589,-0.388091,0.867468,0.570582,0.886384,1
0.394792,0.11578,-0.308049,-0.991796,0.519567,-0.497678,-0.139871,0.169435,-0.212157,0.065945,0.462331,0.0732747,-0.412712,0.255369,-0.570627,0.398132,-0.12895,0.0523124,0.351398,0.0435731,-0.253498,0.376212,-0.0330154,-0.16235,0.581169,0.603496,-0.112053,0.800027,0.169668,-0.38476,0.636756,-0.492388,0.478678,0.893655,1
0.156376,0.553164,0.338911,0.479662,-0.249974,-0.121,0.0635057,0.57909,-0.668153,-0.450299,-0.00234665,-0.343487,-0.39298,-0.0566471,-0.679976,0.162526,-0.428478,0.0968204,-0.161563,0.627792,0.222147,0.698647,1.22291,-0.192126,1.34631,-0.129081,0.291776,-0.180505,0.0968689,0.530677,0.218854,-0.180574,0.555969,0.839406,1
0.072774,-0.638779,0.708926,-0.889315,-0.558553,-0.231402,1.26438,-0.352048,0.712156,-0.257415,-0.392781,0.0999456,-0.307319,-0.402224,-0.741799,0.533042,0.112186,0.0948429,-0.0772415,0.278153,0.0280736,0.685045,-0.240632,-0.932554,-0.512778,0.470449,-0.217614,-0.549408,0.390416,0.130349,0.136392,-0.380306,0.521268,0.867633,1
-0.048094,0.267317,1.10252,0.019425,0.15074,-0.881686,0.556893,-0.347064,0.107111,0.395177,0.134135,-0.585099,0.684257,0.244782,0.252401,-0.440688,-0.323983,0.131031,-0.489499,0.91617,-0.385514,0.238234,0.188041,0.36381,-0.188537,-0.165025,0.301528,-0.669644,0.467129,-0.109741,-0.624504,0.0745102,0.539259,0.841854,1
0.256171,0.585681,0.133527,-0.440732,-0.0460072,-1.16564,0.0873691,0.423789,-0.209158,-0.108437,0.151583,-0.261182,0.308487,-0.283017,0.0147576,-0.0414229,-0.0608326,-0.376078,-0.0592927,0.049497,0.17688,0.0199263,0.18917,0.249908,-0.27136,-0.676147,0.942908,0.200104,-0.45013,0.545849,0.63587,-0.315207,0.573873,0.854944,1
-0.28167,0.661776,0.310144,0.112153,0.105068,-0.230197,-0.669032,-0.944921,-0.0410946,0.0646669,-0.0407134,1.00521,-0.0114474,-0.877361,-0.0481907,0.0394728,-0.323202,0.046138,0.804647,0.59512,-0.0178788,-0.164248,0.673652,0.3634,-0.306823,-0.144939,-0.648893,0.793287,-0.428807,0.691694,-0.130514,-0.0691861,0.449419,0.913106,1
0.369809,0.25655,-0.0715754,-0.548141,-0.238427,1.00301,0.784248,0.703451,0.784415,-0.363716,0.428635,0.142621,0.0978285,0.121271,0.138701,0.50632,0.360734,-0.236266,-0.462651,0.0589269,0.635796,-0.0250121,-0.0897802,0.500175,-0.385986,-0.0157018,-0.126257,0.564885,0.779356,-0.852765,0.682592,-0.393719,0.450026,0.945073,1
-0.727772,0.350959,-0.228948,-0.281679,0.16179,1.01948,-0.284779,-0.218522,0.600384,0.662918,-1.00289,-0.323314,-0.0640069,-0.300176,-0.205456,-0.0774127,-0.157746,0.183819,0.393182,-0.305989,0.462031,-0.200362,-0.836398,0.893809,-0.641961,0.143997,0.759498,0.86989,0.51495,0.0779327,0.174543,-0.619308,0.514717,0.780716,1
-0.0184897,-0.359363,0.231232,-0.348795,-0.132164,-0.236459,-0.601233,0.389657,0.554011,-0.353905,-0.099646,0.294362,-0.174097,0.608205,0.0994435,1.3185,0.158687,-0.16259,0.00600392,0.613073,0.265391,-0.45851,0.737056,0.441369,-0.473994,0.167779,-0.839776,0.309143,-0.341493,0.537997,0.736917,-0.368349,0.454208,0.830746,1
0.0590633,0.248528,-0.621365,-0.261737,0.535704,-0.531647,-1.35572,0.64667,-0.182178,0.503343,-0.366408,0.763701,-0.00810827,0.0359528,0.309197,0.346892,-0.620053,-0.0540724,0.323536,0.263584,-0.0770934,0.566792,0.518391,-0.0766991,-0.29008,-0.17495,0.160822,0.681854,-0.108237,1.177,0.163617,0.0440198,0.455954,0.778721,1
-0.239599,0.0867205,0.411845,0.478954,0.458186,0.51292,-0.499326,-0.0770048,-0.982136,-0.313569,0.0178507,-1.688,-0.472052,0.568223,0.0585616,-0.423482,-0.104756,0.141437,-0.716588,0.23606,0.851179,0.893942,0.402807,0.62713,-0.413393,0.580488,0.588215,-0.00795956,-0.0520198,0.194235,-0.688658,-0.235492,0.446592,0.801092,1
0.15421,0.209317,-0.358107,-0.095885,-0.670748,-0.518507,-0.571976,0.532294,0.451712,0.624574,0.446084,0.277593,-0.556421,-0.335735,0.126276,-0.79244,1.00968,-0.16969,0.245141,0.131374,-0.865425,0.117583,0.662007,0.544568,-0.358725,-0.0966784,0.125608,-0.124641,-0.704667,0.00189044,0.750974,0.285385,0.475662,0.833518,1
0.435762,0.319554,-0.949128,0.391387,-0.566344,0.016914,-0.840833,0.481688,0.449484,-0.484302,-0.734421,0.270896,-0.275,-0.041243,0.149004,-1.04272,0.692274,0.223344,-1.00184,0.404335,-0.400414,-0.358088,0.327851,0.789423,0.376697,-0.78831,0.703812,-0.373161,0.218949,0.689121,0.849388,-0.483103,0.524395,0.812609,1
-0.622934,0.59472,0.296741,-0.238003,-0.467566,0.520243,-0.119551,-0.0489822,0.141335,-0.685583,0.434553,0.328623,-0.330187,-0.0835677,-0.361052,-0.412051,0.469204,0.583634,0.656068,0.137262,-0.123471,-0.387659,-0.29659,0.00662893,0.431076,-0.121194,0.0119308,-0.418661,0.0176709,0.200942,0.785759,-0.0898643,0.515986,0.788704,1
0.266215,0.11332,-0.436722,-0.273648,0.318287,0.998556,0.745523,-0.0171306,0.126899,0.218509,-0.187767,-0.0997949,-0.694967,-0.571135,-0.0861995,-0.181382,-0.531765,-0.874427,-0.251967,-0.0334569,0.53593,-0.0247964,-0.129592,-0.263103,-0.114111,-0.94101,-0.213495,0.141203,-0.722012,-0.235998,-0.0893771,-0.235997,0.441329,0.881701,1
0.0258282,-0.0988598,-0.211327,-0.475816,-0.261669,-0.18783,0.594935,0.630819,1.16283,-0.543828,0.137471,-1.07088,-0.246304,-0.329614,0.0799256,0.323569,-0.18707,-0.0729825,-0.249004,-0.0542794,-0.262351,-0.106648,0.324105,0.590841,-0.417907,-0.169817,-0.421576,-0.120856,0.149709,-0.00172361,-0.616087,0.0666833,0.560159,0.869986,1
-0.298351,-0.296632,-0.218765,-0.227728,-0.100598,-0.121182,-0.647957,0.220946,0.0170558,0.424317,0.213175,0.351353,-0.166506,-0.265379,0.621105,0.429477,0.0146133,-0.257012,0.945156,-0.599274,-0.404085,0.978674,-0.566844,-0.696084,0.182196,-0.206531,0.233039,1.14292,0.319642,1.08289,-1.19122,-0.470401,0.424856,0.876606,1
-0.436463,0.377384,-0.00619056,-0.637589,-0.46338,0.428613,-0.0481666,-0.0684293,-0.630826,-0.231391,0.329672,-0.346488,1.45827,-0.507614,-0.502125,-0.411998,-0.0967939,0.290155,-0.131272,-1.52746,0.36238,0.391078,0.088698,-0.2457,0.125212,0.0960041,-0.352302,-0.420199,-0.23069,-0.0453756,-0.178692,0.826541,0.557228,0.853897,1
-0.0401698,-0.208747,0.811123,-0.243955,-0.261442,0.556742,-0.169397,-0.101847,0.141188,-0.734113,-0.432343,-0.141373,0.380745,0.0727227,0.302709,0.119906,0.301316,0.143249,-1.00968,0.0461323,-0.790643,-0.466602,0.507245,0.167566,0.0817221,-0.66926,-0.285657,-0.520934,0.508238,0.276219,0.704648,-0.0537905,0.469003,0.786786,1
0.65181,-0.0410987,-0.0207391,0.150565,0.427402,-0.068764,0.00843603,0.0541152,-0.218138,-0.621581,0.521933,0.180933,0.27116,0.694374,-0.0887687,-0.322383,-0.170297,0.262485,1.06242,0.116304,0.146066,-0.186584,0.875672,0.466458,0.333604,-0.18248,0.733934,-0.433037,-0.286802,0.375913,0.481462,0.453509,0.491774,0.910543,1
-0.0857407,0.486563,0.175226,0.449757,-0.250228,-0.692646,-0.365059,-0.388788,-0.146398,1.18225,-0.5117,0.221462,-0.0442043,0.371963,0.469739,0.46688,-0.921907,-0.630076,-0.199702,-0.383057,-0.464946,0.114046,-0.301756,0.634382,0.739008,0.814643,-0.0676089,0.00659105,0.422491,0.19706,-1.10345,0.0864413,0.521539,0.881264,1
0.364444,0.223992,-0.162911,-0.868794,-0.846595,0.327579,-0.44862,0.100885,-0.412959,1.25083,-0.203088,-0.298264,0.365938,0.0126201,-0.383504,0.284677,-0.611436,-0.00794379,-0.360893,-0.207676,-0.430798,0.423403,-0.730149,0.588016,0.10625,0.234406,-0.494018,0.206356,-0.354693,-0.552493,0.00559703,-0.225501,0.429892,0.928079,1
0.266697,-0.405493,-0.919166,0.426926,-0.0490049,0.568763,0.451204,-0.272293,0.322854,0.676649,0.537078,0.505802,0.460577,0.358783,-0.0867903,0.0147266,-0.426638,-0.698992,-0.151978,0.192423,-0.481006,0.446771,-0.789328,0.179624,0.921786,0.018731,-0.275375,0.233514,0.531952,-0.136357,0.172003,-0.831889,0.574947,0.933909,1
0.74955,-0.301606,-0.774104,-0.249242,-0.151671,-0.772528,0.840373,-0.189134,0.470667,0.215051,0.232814,0.256754,0.107815,0.980422,0.514115,-0.661856,-0.387856,0.151722,-1.04511,0.0370483,-0.208463,-0.671005,-0.184788,0.642783,-0.097337,0.811488,0.673887,0.117307,0.508683,0.910845,0.117675,0.152994,0.424158,0.903975,1
0.22716,-0.787433,0.0562378,0.228287,0.621733,0.0231763,-0.353992,-0.140892,0.59073,0.0703979,-0.27213,-0.976278,0.30155,-0.0234122,-0.680888,-0.799008,0.740675,0.0825796,-0.280553,0.871685,-0.880671,0.632946,0.65902,0.868231,0.413818,0.306102,-0.217595,-0.273413,0.729089,-0.358395,-0.178697,0.547974,0.502796,0.89759,1
0.486859,0.685071,-0.0430401,-0.294428,-0.101899,0.280274,0.125198,1.09745,-0.660724,-0.126155,0.173393,-0.866898,-0.0912547,0.139285,-0.204637,0.0815822,0.24188,0.112403,0.118022,0.351578,-0.376939,-0.0574363,0.784911,0.266771,-0.419045,0.360203,-0.2952,0.739702,-0.451764,-0.797457,0.0203768,-0.40426,0.538042,0.797486,1
-0.268092,-0.245046,-0.0184291,0.900857,-0.0735939,0.758308,0.268943,0.840152,0.153641,0.210094,-0.119182,0.503247,-0.781789,-0.188127,0.320537,-0.326221,0.0646591,0.336218,-1.40892,0.250949,-0.464364,0.603822,-0.328244,-0.543085,-1.01922,-1.08791,-0.133029,-0.844191,0.019121,0.639171,0.497374,-0.444046,0.506415,0.935705,1
-0.242021,0.195498,0.20486,-0.182483,0.850102,0.194707,-0.497326,0.116851,0.405936,0.226172,-0.175108,-0.201772,1.02831,0.720603,-0.419807,-0.514819,0.0782028,-0.221044,0.196569,-0.105076,0.734151,-0.54305,-0.198648,0.419715,0.354626,0.379608,0.00611162,0.111786,0.188842,-0.280806,-0.525996,0.0105812,0.474332,0.85686,1
-0.549618,0.772091,-0.294752,-0.75117,-0.101861,0.106187,-0.197334,0.473371,-0.391182,-0.245609,0.653548,0.317527,0.171365,-0.888692,0.191168,0.189489,0.217406,-0.867621,-0.270699,-0.551258,-0.142048,-0.477777,1.04709,-0.0334729,0.287803,0.251564,-0.337426,-0.0562465,-0.0861823,-0.186852,0.932998,-0.475887,0.514303,0.860563,1
-0.25697,0.0582803,-0.364594,0.173075,0.128039,0.302641,0.458086,-0.254399,0.228587,0.962308,0.475246,-0.0545505,-0.255075,0.322819,0.691242,0.648474,0.551706,-0.879019,0.515136,0.365063,0.78758,0.0448067,0.493181,0.904869,0.175822,0.972638,-0.105633,0.13068,0.0701414,0.0432327,0.319776,-0.761481,0.512227,0.879756,1
0.196736,0.0265357,-0.186867,0.658782,-0.072357,-0.636831,0.372232,0.15992,-0.44506,0.618108,-0.246331,0.00104838,-0.569758,-0.798041,-0.339939,-0.185627,-0.0290346,-0.762903,0.124996,0.418534,0.055935,0.331089,0.173409,-0.426618,0.763739,0.296459,0.236553,-0.0111508,-1.16382,0.191553,0.133331,0.0902578,0.498024,0.855191,1
-0.0807868,0.381378,0.249698,0.143663,-0.520697,0.189426,0.457115,-0.0220407,-0.295233,0.552762,0.38387,0.481428,-0.215417,-0.531068,-0.303087,0.994646,0.342308,0.779281,0.701831,0.343333,-0.56474,0.233719,0.287971,0.607975,0.139522,0.766413,0.275991,0.822434,0.416652,-0.457255,0.114587,-0.621421,0.51104,0.884266,1
0.173581,0.0944104,0.174334,0.0908227,-0.0950951,0.531371,-0.668072,0.28389,0.182422,-0.335985,-0.47057,0.594936,-1.14184,0.221818,0.340357,-0.318893,0.206515,-0.798393,-0.190562,-0.12726,-0.0426159,-0.069704,-0.172037,0.108421,0.0307021,0.304722,1.01785,0.661072,0.569338,0.694987,-0.308426,0.508717,0.500368,0.887725,1
0.112097,0.489556,0.245764,-0.29275,0.856861,0.04691,0.283344,0.037387,0.346893,-0.156392,-0.881038,0.127835,-0.548043,-0.106419,-0.619426,0.392563,0.369235,0.026697,-0.214255,-0.93246,-1.0104,-0.184372,0.0221222,0.034976,-0.285487,0.244465,0.154225,0.64647,-0.542513,-0.269558,-0.676602,0.00175633,0.570162,0.792946,1
0.0167702,-0.883057,0.0927738,-0.0634921,1.05334,0.262868,-0.18862,0.00724638,0.929967,-0.0423903,-0.345343,0.0997342,-0.35386,0.282235,0.412485,-0.557973,-0.635744,-0.958735,0.494557,0.0148151,-0.696688,0.526585,-0.369541,-0.574401,-0.789584,-0.0446774,-0.54751,0.407303,-0.619665,0.050525,-0.610604,0.686793,0.453289,0.831497,1
-0.671208,-0.866262,-0.163501,0.280516,-0.158043,0.577189,-0.595663,0.574126,0.631954,-0.565532,0.882499,-0.347846,0.149979,0.207103,0.190199,-0.265819,0.299884,1.21919,-0.63709,-0.520272,-0.324683,-0.329971,0.386418,-0.300047,0.829396,0.367991,0.973364,0.220233,-0.0594226,0.349785,0.243801,-1.18246,0.543968,0.896551,1
0.405751,0.327233,0.318924,0.165908,-1.02368,0.431051,0.41078,-0.00889854,0.205086,0.852054,-0.893284,-0.256298,-0.464411,-0.0587962,0.105637,-0.806897,0.879651,-0.667058,-0.0544647,0.0145651,-0.480622,-0.216158,-0.760106,0.628726,0.525621,-0.302177,-0.812061,-0.415484,0.295557,0.183239,-0.407209,-0.294674,0.517546,0.897509,1
-0.325656,0.345508,0.114478,-0.83492,0.419152,-0.531945,0.577714,0.158442,-0.0745266,0.101644,0.0515491,0.140021,0.294966,-0.842218,-1.11084,0.322777,0.212973,-0.0818207,-0.0222036,0.163592,0.13168,0.22516,0.0791441,-0.448068,-0.111602,0.579808,-0.0876239,-0.0498296,-0.508597,-0.750772,-0.738264,-0.595341,0.504234,0.787263,1
0.389865,0.394297,0.139823,0.379375,0.185282,7.95,0.258863,0.298434,0.220899,0.169819,0.13416,0.175295,0.215136,0.336425,0.276027,0.237174,0.252973,0.238187,0.155091,0.343927,0.285002,0.197446,0.327384,0.167318,0.368581,0.339987,0.137424,0.181684,0.250266,0.28884,0.338335,0.383337,0.52,0.82,1
-0.392565,0.0879677,0.46783,-0.204552,-0.52549,-0.256504,-0.700789,1.17514,0.00686138,0.206399,0.244234,-0.337123,-0.325882,-0.119613,0.505156,0.333477,-0.0608781,-0.078639,0.336132,0.324345,0.0775832,0.251738,0.315013,-0.64607,-0.767535,0.297636,-0.0268458,-0.00199001,0.322842,-0.0817204,0.074741,0.397191,0.438994,0.76639,1
-0.946578,-0.555039,0.727192,0.348204,0.822207,0.0424917,0.030856,0.21301,-0.000853024,-0.133826,0.0756358,-0.103975,-0.149271,-0.0943812,-0.190616,-0.423329,0.954772,0.76206,0.458033,0.0910955,-0.052119,-0.455007,0.740872,0.634759,-0.255974,-0.579495,0.30751,0.0163243,0.36829,0.160603,0.0957204,0.427507,0.463415,0.844809,1
0.151445,-0.0461862,0.557694,0.0635459,-0.0416138,-0.270821,-0.920763,0.132557,0.0939217,0.4604,-0.126449,0.00247869,-0.111531,0.429999,0.430075,0.240155,0.793452,1.21789,-0.220261,0.138393,0.763784,-0.531283,0.324651,1.34301,0.142452,0.0772979,-0.371906,-0.749716,0.137759,-0.374178,-0.114734,0.118098,0.55041,0.943983,1
0.119695,0.483479,0.00236637,0.505465,0.358176,0.741044,0.391536,-0.333207,0.254566,-0.507986,0.771406,0.480671,-0.311117,-0.120982,0.285322,0.244259,0.797598,-0.0177287,-0.581455,-0.0324804,-0.643923,0.229428,0.760869,0.496665,-0.714532,-0.183883,-0.427653,-0.957113,-0.147047,0.23724,0.746782,0.41895,0.458552,0.937326,1
-0.491236,1.29865,-1.06144,0.395631,0.642088,0.175319,-0.0380649,0.141834,0.179169,-0.28598,0.465214,-0.300794,-0.567152,-0.487409,0.585136,-0.0550825,0.652787,-0.0413896,0.0272844,-0.359791,-0.220962,0.498636,-0.36681,0.410192,-0.280464,0.476019,0.0576361,-0.156592,-0.371234,-0.573043,-0.0327559,0.379636,0.516322,0.946025,1
0.215974,-0.359694,0.0688741,-0.264087,-0.512208,0.136983,-0.839597,-0.169244,-0.676511,-0.0502571,-0.0629419,-0.933466,-0.444927,-0.174524,0.00206573,-0.677781,-0.119304,0.325195,-0.717913,0.737191,-0.0524794,0.373423,-0.255335,-0.889863,-0.535259,-0.430295,0.41822,-0.0708675,-0.319833,-0.190753,-0.366069,-0.779651,0.537738,0.926977,1
-0.389956,-0.30528,-0.454763,1.00739,-0.0345486,0.524471,0.296538,0.604522,-0.0910546,-0.494256,-0.16717,1.11002,-0.595112,0.8144,-0.340569,0.217158,-0.0302136,-0.74275,-0.366228,0.560619,-0.780178,-0.0883869,-0.236449,-0.064898,-0.153001,-0.583086,-0.448575,0.586391,0.320572,0.315881,0.535727,-0.281551,0.500153,0.863682,1
1.02405,-0.863271,-0.826214,0.0510036,-0.713257,-0.758669,0.357432,0.219999,0.761883,0.181027,0.445278,0.714369,-0.830698,-0.171897,-0.253065,-0.358429,-0.63399,-1.05074,0.158316,0.35877,-0.540036,1.36516,0.584426,0.604259,0.66686,-0.304385,-0.302505,-0.22506,-0.386792,0.113381,-0.447029,-0.477095,0.578344,0.851263,1
0.327164,-0.835605,-0.477199,-0.139423,0.838785,-0.229223,-0.840652,-0.443915,-0.637039,-0.431897,-0.229841,1.03244,0.508741,-0.115791,-0.571031,-0.926724,0.271181,0.251243,1.22312,-0.323319,-0.164099,-0.746403,0.219656,0.883857,0.304114,0.39237,0.295245,0.494101,-0.293828,-0.123008,-0.0179124,-0.947789,0.575633,0.885639,1
-0.556685,-0.511779,-0.502652,0.746069,0.352721,-0.283463,-0.0642823,-1.03003,0.527109,-0.359289,-0.0149312,0.344438,0.612181,0.0746707,-0.754213,-0.198851,0.586109,0.129192,0.432575,0.238206,0.132696,-0.341181,0.345375,0.22808,0.408225,-0.0705627,-0.421489,0.0524115,-0.383531,0.312861,0.643496,1.23209,0.457158,0.848307,1
0.559258,-0.107081,0.338261,-0.437395,0.303308,-0.880784,0.631294,0.125544,0.175887,-0.435146,-0.291214,0.47679,0.320725,0.0605858,0.211115,-0.402775,-0.0311473,-0.0732651,-0.736158,-0.480291,0.099554,0.0210949,-0.316554,0.24811,-0.551748,-0.843216,0.189363,0.229086,0.610177,0.353086,0.713963,-0.66734,0.445997,0.783624,1
0.344917,-0.37361,-0.401976,-0.661184,0.328309,-0.409757,-0.0433834,0.94822,0.0749636,0.184089,0.388313,0.181259,0.479435,0.243,0.232963,0.0681541,-0.745937,-0.131255,-1.16363,-0.556803,-0.198202,1.17089,-0.695815,0.535428,0.277963,0.497369,-0.0758881,0.229532,-0.41917,-0.777497,0.258617,0.583775,0.554796,0.808943,1
0.0703874,0.805001,-0.284522,1.27049,-0.123683,-0.715089,-0.0156512,0.254755,0.0107037,-0.689499,-0.268011,0.848828,0.476098,-0.182948,-0.0837333,0.0433509,-0.30235,-0.351407,-0.240871,0.136083,-0.157419,0.48691,0.87546,0.320446,0.0376239,1.40292,1.01718,-0.308429,-0.601718,-0.372513,1.16149,0.872493,0.430222,0.883024,1
0.0631213,0.873522,0.0260155,-1.10242,-0.773087,-0.348226,0.0866998,0.244323,0.0345394,-0.0314177,0.039936,0.539248,0.178941,0.301986,0.281842,0.325367,-0.0364366,0.616763,0.119575,-0.21509,-0.277415,0.75204,0.592802,0.19095,0.465194,-0.703744,0.60908,0.0781178,0.24596,1.00561,0.10185,0.0261743,0.536086,0.900302,1
0.0603995,-0.394199,-0.264408,-0.815976,0.659284,-0.275429,-0.031797,0.822835,-0.1281,-0.650869,0.951894,-0.1055,0.253421,0.234602,-0.391487,0.396101,0.315562,0.578553,-0.0404877,0.329475,-0.466443,-0.692672,0.114466,-0.624384,-0.488339,-0.168038,-0.302438,0.082363,0.353653,-0.300503,0.324684,1.11753,0.548069,0.776718,1
1.04229,-0.117832,-0.536979,-0.102557,0.0128304,-0.084455,-0.619262,-0.16981,-0.150237,-0.725004,0.185344,-0.969846,0.269494,0.156405,-0.427649,1.19123,-0.250531,-0.831307,0.0345031,0.95512,0.91224,0.214076,-1.10776,0.72901,-0.185966,0.0258648,-1.29003,-0.52713,-0.305126,-0.31647,0.486196,-0.486306,0.444031,0.918858,1
-0.482766,-0.0497161,1.29897,0.0874845,0.620292,-0.987216,1.1183,0.495479,0.795226,0.505235,-0.206121,-0.0173785,-0.00445311,0.262276,-0.132825,0.840971,0.579145,-0.288112,0.547624,0.324161,0.787448,0.0505102,-0.281436,-0.566165,0.362313,-0.602877,-0.635622,-0.231315,0.436514,-0.271118,-0.86446,-0.425816,0.451767,0.846281,1
-0.625274,-0.287459,0.182889,-0.111306,0.128893,-0.465018,0.292524,-0.60145,0.289994,-0.0812429,-0.0944858,-0.447162,-0.611043,-0.915117,0.0946158,-0.329671,-0.5917,-0.0238944,0.162365,-0.0271375,0.141123,0.0848128,-0.879456,0.0395698,-0.202501,-0.259394,-0.0467613,-0.537356,-1.05948,0.199927,-0.587275,-0.263997,0.487911,0.895382,1
-0.514719,0.997532,-0.647034,0.369036,-0.0748516,-0.0538131,0.228178,-0.378275,0.0351407,-0.383758,0.164631,0.0272687,0.948051,0.44956,0.674368,-0.757802,0.38357,-0.493978,0.0058198,-0.262518,-0.292539,-0.554683,1.17309,-0.397671,-0.722387,0.51385,0.773248,-0.417877,-0.690637,0.331916,0.771175,-0.844836,0.447729,0.944087,1
-0.161178,-0.574865,-0.00923694,-0.391832,0.815584,0.271901,0.184226,0.0988194,-0.240532,0.174996,1.06406,-0.379322,0.222007,0.621638,0.238555,-0.681923,0.695517,-0.0579952,0.151259,0.369189,0.041568,0.0250491,-0.404298,0.141441,0.234559,-0.164207,-0.600047,0.0335797,0.0686026,-0.0763245,-0.432276,0.204283,0.479424,0.888017,1
0.576902,0.318803,-0.390699,0.37028,0.0111573,0.502554,0.628484,-0.177797,0.874978,-0.570715,0.213213,0.109077,0.369518,-0.605915,0.155137,-0.103761,0.229301,-1.04782,0.0680757,-0.338169,-0.0665187,0.367277,-0.260351,-0.475881,-0.262566,0.349226,0.147818,0.473223,-0.155279,-0.357391,-0.118746,-0.454602,0.451566,0.786326,1
-0.393724,-0.736343,-0.0844487,-1.08227,-0.16339,-0.201176,-0.58196,0.513682,0.0362639,0.0662476,0.448726,-0.0958702,0.96604,-0.107837,0.76778,0.451005,0.135829,0.441711,-0.0160084,0.109789,-0.156225,0.0294044,-0.783054,-0.235685,0.0181373,-0.743887,-1.01822,-0.0326179,1.06788,0.381109,-0.0435544,-0.0862888,0.536074,0.842284,1
-0.301579,1.1634,0.457794,-0.0757858,0.107365,0.565257,0.13533,-0.035047,0.186153,0.589697,0.518893,-0.0488879,-0.390857,-0.133616,0.195709,0.379254,-0.0308266,0.018359,0.15838,-1.01818,-0.384041,-0.0729111,0.555454,1.04468,-0.179938,-0.761397,0.0152588,-0.136106,0.850599,0.643191,0.868031,1.13893,0.575724,0.807961,1
-0.0891457,0.0677458,-0.127227,0.143813,-0.304487,1.32665,0.131434,0.204928,-0.388112,-0.352979,-0.0471776,-0.043115,0.474744,0.688226,0.49893,-0.0932813,-0.739634,-0.523895,-0.577174,0.156548,-0.382031,-0.150583,0.294398,-0.585945,0.246462,0.113017,-0.488797,-0.672845,0.131998,0.144461,0.675335,0.301977,0.510564,0.850217,1
0.114038,-0.27432,-0.0110647,-0.304461,-0.981311,0.400558,0.178584,0.800593,0.156576,-0.157482,0.711554,-0.220236,-0.371453,0.15174,-0.238179,-0.408227,0.244788,0.152663,-0.560151,-0.241789,-0.0956664,0.271715,0.373424,-0.0347341,0.395574,0.192401,0.174981,-0.27821,-0.372868,-0.558474,-0.267906,-1.51063,0.532383,0.762245,1
-0.895259,-0.121345,0.202536,-0.0190745,-0.183925,0.265689,-0.63032,0.327252,0.619293,0.0347906,0.137483,0.576204,0.856803,0.680064,0.491211,0.118903,1.16637,0.10584,0.0262429,0.690752,-0.225005,-0.766961,1.18046,0.646364,0.175752,0.16378,-0.489571,0.779885,0.210198,0.21626,0.310761,-0.272943,0.463806,0.949046,1
-0.805241,-0.117173,0.124099,-0.25396,-0.521398,-0.701549,-0.221683,0.246026,-0.439008,-0.902045,-0.171231,-0.408215,0.144135,-0.378479,-0.414077,0.820662,0.449462,-0.128021,0.590207,0.425474,-0.0242658,-0.165295,-0.275319,0.253595,-0.0885757,0.44548,-0.478595,0.0576108,1.20123,0.463465,-0.982299,0.674783,0.427334,0.899647,1
-0.170833,-0.256243,-0.0298136,-0.411994,-0.428923,-0.580085,0.0606377,-0.164814,-0.163967,0.211948,0.00713293,0.0162507,0.793239,1.52603,-1.24513,-0.542156,0.225375,-0.670687,-0.359977,-0.126386,0.48175,0.904785,-0.233106,0.213923,0.399569,0.808133,-0.0056873,0.150545,-0.382653,-0.289768,-0.0442806,0.745916,0.571826,0.807493,1
-0.705361,-0.00417246,0.163224,1.24666,0.438018,0.158324,0.477947,-0.433268,-0.823336,0.100048,0.380565,-0.152663,-1.04109,0.393158,-0.151839,-0.0336681,-0.188169,-1.21628,0.512574,-0.350009,-0.948575,0.173529,-0.552064,-0.113846,0.452802,-0.0716982,0.42423,-0.4698,0.956233,1.26282,0.171956,0.0566652,0.464635,0.904608,1
