f0,f1,f2,f3,f4,f5,f6,f7,f8,f9,f10,f11,f12,f13,f14,f15,f16,f17,f18,f19,f20,f21,f22,f23,f24,f25,f26,f27,f28,f29,f30,f31,uncertainty,recon_loss,kernel_drop
-0.494175,-0.435925,0.0833031,-0.485204,-0.0553573,0.215501,0.325625,-0.0867571,-0.29732,-0.526776,0.205218,0.917681,-0.304522,0.0749792,0.0787883,-0.527887,-0.291392,0.494598,-0.80712,0.272861,-0.260605,-0.631033,-0.745447,0.555415,-0.112721,0.0497691,-0.0338715,1.20129,0.28026,-0.274666,0.00667257,0.37139,0.468182,0.815364,1
-0.211209,-0.0167038,-0.108857,-0.493875,-0.156603,0.0224488,-0.0820506,-0.068511,0.410779,0.780314,0.867825,-0.0977344,-0.141523,-0.0769698,-0.0302865,1.10317,0.623616,0.122781,-0.696447,-0.397692,-0.402648,0.481585,0.734177,0.295389,0.282888,0.123174,-0.306918,-0.47755,-0.54596,0.632509,-1.10834,-0.685955,0.433071,0.839241,1
-0.460751,0.483002,0.730052,-0.525696,-0.366713,-0.0614823,-0.452182,0.535501,0.225001,0.22736,0.0260015,-1.0827,0.839531,1.05037,1.27613,0.819506,-0.890329,0.906075,-1.06158,0.192321,-0.0870781,-0.39069,0.122878,0.393104,0.467909,-0.446814,0.40924,0.612592,-0.297096,-0.64399,0.180581,0.773272,0.530092,0.825792,1
-0.0223404,-0.210643,0.0175793,-0.472016,0.330215,0.0654674,-0.162584,0.506786,0.387016,0.105032,0.848797,0.118407,0.831164,0.0263074,-0.337488,0.613217,-0.133238,0.114803,0.451,-0.351275,-0.0865411,-0.749792,1.14201,0.180694,0.467793,0.352763,-0.943253,-0.20617,0.254136,0.274439,0.123965,-0.554771,0.446725,0.931078,1
-0.0626626,-0.272216,0.803418,0.168865,-0.00930477,0.494919,0.934111,-0.130918,-0.321603,-0.422203,0.751455,-0.357517,0.267509,0.218176,0.107139,-0.438092,0.877808,-0.213409,-0.8722,-0.308711,0.289239,0.0741044,-0.177443,-0.563094,0.526256,0.17997,-0.529669,-0.381382,-0.565998,-0.576967,-1.35213,0.391597,0.578645,0.826517,1
0.496754,-0.685066,-0.384363,-0.188866,-0.14154,0.327442,-0.36497,-0.406792,0.384049,-0.724505,0.230761,0.168342,-0.0622306,-0.326234,0.716461,0.107574,-0.18779,-1.29531,0.691562,0.0443658,-0.0195174,-0.0132781,-0.167901,0.111074,0.120257,-0.133765,-0.21297,-1.07613,-0.326571,0.0802367,0.0721922,0.0928192,0.432987,0.845636,1
-0.173226,-0.281633,-0.165013,-0.316418,0.132549,0.0986627,-0.797559,0.439355,0.463114,-0.397941,-0.523028,0.195405,-0.497009,-0.617862,0.197624,1.10713,0.535935,-0.88221,-0.256051,0.188787,0.534939,0.221864,0.262512,-0.391911,-0.0981854,-0.812939,0.0427303,-0.356035,0.283557,-0.502199,-0.470481,0.264606,0.507444,0.799389,1
0.440986,-0.00465681,-0.179996,0.968746,0.911906,-0.0540003,1.15297,0.519703,-0.385529,-1.17321,-0.243979,-0.635946,0.05746,-0.289523,0.250359,0.942319,0.1048,-0.275276,0.665676,0.264571,-0.465238,-0.0228976,-0.845843,-0.187709,0.339304,0.44573,-0.201329,0.724102,-0.133393,-0.704371,0.0785129,0.0806439,0.489029,0.786905,1
0.617108,0.471035,-0.0288535,0.70453,0.0261958,-0.679276,-0.44684,-0.590346,0.155639,-0.214858,0.619905,0.219828,0.819194,0.686052,0.308931,0.22161,-0.215299,-1.00748,-0.44105,0.369469,0.0806246,0.301503,0.00531061,0.137379,-0.0225785,-0.562673,0.352016,-0.696122,-0.580318,-0.832949,0.237901,-0.403106,0.443107,0.824194,1
0.749426,0.231673,-0.350844,0.410021,-0.591884,0.416646,-0.310063,0.584198,0.686667,0.345481,0.977486,0.0807078,0.546403,-0.458725,0.0777199,-0.200867,0.0942308,-0.340405,-0.0806884,-0.36327,0.799327,0.47318,-0.338906,0.579878,1.36516,-0.793435,-0.343937,-0.48484,0.0674927,-0.633279,-0.378959,-0.331545,0.529261,0.93751,1
0.95,0.88,0.488468,-0.00144882,0.416486,0.29411,-0.418104,0.325255,0.281317,-0.22925,0.0392238,0.153759,-0.138465,-0.106385,0.0141784,-0.131691,0.307759,-0.196199,-0.119658,-0.260585,-0.346102,-0.100903,-0.00273549,0.202441,0.383886,-0.32335,-0.483645,-0.153146,-0.0459842,-0.308443,-0.112257,-0.170493,0.48,0.2,0
-0.519462,-0.125111,-0.159779,-0.0805153,1.07453,0.949351,-0.175148,-0.13431,1.30322,0.96195,-0.0769187,0.130682,-1.27514,0.533904,-0.249875,0.152053,-0.707481,0.150107,-0.119173,0.432022,0.325825,-0.3476,0.166133,0.991123,-0.69629,-1.0013,-0.392982,0.474904,-0.461466,-0.316484,-0.356062,-0.00307567,0.557579,0.842459,1
0.360506,-0.0705933,0.218751,0.0532628,-0.888116,0.273443,-0.346658,-0.11935,-0.353204,-0.139774,-0.480894,-0.18213,1.18318,-0.068963,0.131808,0.343781,-0.439171,-1.08212,-0.453147,0.894492,-0.803562,-0.494079,0.0486014,0.264765,0.219253,-0.075139,1.13454,0.379871,-0.282675,1.21023,0.0866115,-0.507373,0.459668,0.861077,1
-0.394545,-0.651959,0.548919,-0.0534293,0.0498241,-0.270366,-0.349618,1.61876,0.847912,-0.119214,-0.00248435,-0.0707132,0.520297,0.352492,-0.703825,-0.260841,-0.270651,-0.595143,-0.588465,0.151313,1.73861,-0.196292,-0.651628,0.675282,-0.196174,-0.494117,-0.461141,0.0919467,0.263779,0.245993,0.194029,0.154833,0.528793,0.844503,1
-0.993231,0.451883,0.0210656,-0.353575,-0.318596,0.173595,-0.821032,-0.109345,-0.20337,-0.364916,-0.592339,0.427278,-0.315042,0.615917,0.0273252,-1.02583,0.657264,0.0902906,-0.601702,0.299798,-0.0475596,0.0347438,0.124967,-1.21517,-0.526279,0.361959,0.278246,-0.119628,0.0248182,0.627494,0.18012,0.411039,0.425656,0.796475,1
-0.128339,0.587364,-0.520785,0.666744,-0.171225,-0.663691,-0.493298,-0.414131,-1.86495,-0.958447,0.509055,0.552811,1.46077,-0.408704,0.378498,0.325589,-0.901251,-0.909367,-0.185724,0.337047,-0.759894,-0.0157097,1.36087,0.164629,-0.550806,-0.701638,-0.792008,0.308943,-0.32032,-0.656174,0.286211,-0.266439,0.467143,0.87645,1
-1.27527,0.488517,-1.4398,0.420308,-0.123629,-1.15831,-0.237448,0.23467,0.374759,0.085504,-0.699106,0.138149,-0.62313,0.0744805,0.239845,0.123759,0.685892,1.03369,0.649778,0.53675,0.0955718,-0.188226,0.625067,-0.778547,0.738953,0.341355,0.0938513,0.504552,-1.11885,0.608699,0.200412,-0.0763662,0.464267,0.830219,1
-0.0309085,0.35497,-0.0390714,0.0931482,-0.60019,1.13631,-0.737552,0.13555,0.260295,0.0439448,-0.774098,0.0732541,-0.275096,-0.535696,-0.466263,0.199228,0.34821,-0.257563,-0.849296,0.561098,-0.479556,-0.453951,0.509853,-0.228936,0.720331,0.476457,-1.3578,0.0187935,0.00906183,1.00195,-0.141521,-0.651295,0.501746,0.93662,1
0.377572,-0.231083,0.0432534,-0.253857,-0.33622,0.622057,0.114822,-0.124044,0.705382,-1.02047,0.219376,-0.0430257,0.401363,0.0317343,-0.498857,-0.367497,-0.674452,0.355603,-0.189245,-0.520282,-1.02092,-0.467221,-0.797938,0.456452,-0.365653,-0.182204,0.0106837,-0.569532,-0.338847,0.666554,-0.577226,-0.370341,0.543505,0.841243,1
0.469099,-0.151751,-1.01998,0.000758923,-0.031257,-0.5919,0.24299,-0.825419,-0.809166,0.326775,0.348783,-0.518077,-0.32171,0.565643,-0.545584,-0.802023,-0.579512,0.267569,-1.30001,-0.193925,0.26851,0.0248222,0.125515,-0.648197,0.455408,0.141687,0.360448,-0.473798,-0.144333,0.145747,-0.64653,-0.101996,0.440749,0.800934,1
-0.725482,-0.582856,-0.647775,0.0978134,0.213893,-0.199678,-1.14894,0.34221,0.930523,0.351339,0.356536,1.33177,-0.822174,-0.582887,-0.13876,-0.919522,-0.259047,-0.20398,-0.980282,0.205385,0.545297,-0.45613,0.532077,-0.521923,1.02505,0.997025,-1.13237,0.0924804,-0.133686,0.200059,0.214358,-0.585602,0.56597,0.945398,1
-0.0132393,0.582102,-0.231022,0.00577696,0.558546,-0.0934662,-0.0119019,-0.38899,-0.510635,-1.17303,0.32378,-0.133686,-0.851484,-0.00738905,-1.06527,0.198428,0.470709,0.472856,1.00881,-0.455523,0.767925,-1.10444,0.173559,0.286511,-0.364615,-0.246322,-0.802251,0.449361,-0.132271,-0.371765,0.169808,-0.290957,0.547245,0.918955,1
-0.492556,0.0527777,0.24424,0.308882,-0.381345,-0.0726395,-0.94657,-0.071835,-0.235166,0.122306,0.130812,0.227772,0.272547,-0.34069,-0.36682,-0.827326,-0.561837,0.97574,0.191088,0.912956,0.603583,-0.712599,-0.0801056,0.319736,-0.223246,-1.01641,0.450869,-0.388987,0.703534,-0.538191,0.100446,0.0104092,0.447293,0.876532,1
-0.342624,-0.310534,-0.0885422,-0.887496,0.084739,0.509645,-0.168576,-0.726221,0.743798,0.208145,-0.233949,0.0701372,0.275134,0.381143,0.085988,0.737924,-0.207578,-0.397305,0.167844,-0.735242,0.458902,0.413608,0.555764,0.148939,-0.733666,-0.103992,-1.11224,-0.15209,0.218035,0.885926,-0.350409,-0.260792,0.436602,0.93077,1
0.157286,0.120778,0.166805,0.31757,0.107088,7.95,0.144033,0.261626,0.299648,0.38498,0.335367,0.223241,0.344679,0.131626,0.155725,0.137495,0.303666,0.343593,0.361479,0.131992,0.260172,0.369629,0.179721,0.331565,0.37208,0.336164,0.339736,0.239799,0.217846,0.160468,0.304976,0.388506,0.52,0.82,1
-0.515033,0.359114,0.472505,-0.0339615,-0.606726,-0.400247,-0.351013,-0.258444,-0.185066,-0.54296,-0.134531,0.289452,-0.302058,-0.348695,0.576426,0.191381,-0.0764388,-0.491185,0.00250276,-0.46804,-0.311252,-0.108093,-0.215187,0.29087,0.436926,0.0967259,-0.473377,-0.350297,0.878346,-0.330178,-0.929673,-0.628519,0.510458,0.926897,1
-0.378409,-0.676222,-1.07781,-0.0891047,0.350007,-0.0373083,0.315431,-0.26369,-0.517395,0.800349,-0.255067,0.814192,-0.00168021,0.0422373,-0.135211,0.130924,0.454621,-0.262468,0.201693,-0.152979,0.465989,0.266244,0.252284,0.333173,-0.67834,0.270028,0.612009,0.434464,-0.347625,0.594573,0.415586,-0.4783,0.492885,0.917308,1
0.4212,-0.57933,-0.193276,0.0935935,-0.772235,0.0729641,-0.986766,0.860978,0.134987,-0.579432,-0.357815,-0.0326203,-0.0315166,-1.03749,0.103388,-0.787117,-0.520468,0.0357016,-0.35769,0.195372,-0.275601,-0.609816,1.02551,-0.0745671,0.0237525,-0.191541,0.0230724,-0.00768828,0.373457,0.306533,-0.588076,0.893,0.573136,0.790435,1
-0.428873,-0.443326,-0.186148,-0.0486913,0.535071,0.575896,-0.096679,-0.379527,-0.712255,-0.500994,0.89908,-0.0865076,-0.0579345,-0.842724,0.0670018,-0.136305,-0.480253,0.1377,0.0796625,-0.110308,-0.015648,-0.136518,-0.277224,-0.0708747,-0.594779,-0.527141,-0.148486,-0.400706,0.125208,0.00962597,-0.414124,0.504081,0.556648,0.946719,1
1.6647,0.201954,-0.776252,0.262441,-0.618354,-0.0928877,-0.418809,0.245273,-0.277615,-0.193873,-0.806612,-0.020672,0.262438,0.0277795,-1.12369,0.113418,0.908554,1.00984,0.695817,1.00785,0.418357,-0.59648,-1.16602,-0.578066,-0.665375,-0.195209,0.416785,-0.240942,-0.162319,-0.0117037,-0.524418,0.191714,0.563448,0.946853,1
0.356433,-1.05095,-0.472873,-0.0862215,0.649544,-0.0936828,-0.803457,-1.07706,0.304443,-0.0581687,0.341549,0.625842,-0.741173,0.496208,-0.267608,-0.0179943,0.363864,-0.600183,-0.403082,0.341116,-0.343555,0.156518,0.529653,0.253231,0.88524,0.408345,-0.197554,-0.577044,-0.291805,0.23256,0.0159431,0.148146,0.436771,0.83262,1
0.254021,0.153798,0.198072,-0.290067,-0.913891,0.160114,0.434562,-0.574886,0.749274,0.316324,-0.299184,0.232295,-0.59177,0.00626222,0.1601,-0.132761,0.0788277,0.286981,-0.0679541,0.0228747,0.695544,0.56602,-0.779881,0.410627,0.461926,0.121347,-0.26818,0.128825,0.329599,0.148025,-0.0801705,0.126637,0.513899,0.945239,1
0.173888,0.182645,0.143444,-0.353446,0.501555,-0.594616,-0.298889,0.590297,0.487254,-0.4141,-0.736815,0.459761,-0.210058,-0.025216,0.29934,-0.120609,-0.338554,-0.36037,-0.604551,0.924828,0.392214,0.71367,-0.0529862,0.906609,-0.259169,0.38438,-0.150667,-0.030768,-0.0319676,-0.0185413,-0.253076,0.376346,0.465699,0.769094,1
-0.357247,-0.31073,0.719527,-0.111353,-0.0927488,0.0265052,0.166284,0.76111,0.0913909,0.569164,0.299592,0.0485953,0.15841,0.273219,0.488325,-0.121135,0.343386,-0.811559,-0.0652841,0.041108,-0.323193,-0.0549626,-0.524385,-0.411602,0.282293,0.543245,0.207123,-0.643647,0.495146,0.239924,0.78911,-0.81105,0.448829,0.889067,1
-0.221298,-0.0100208,0.249169,-0.772017,-0.00457984,-0.296611,-0.659991,-0.992848,1.31774,-0.755216,-0.354786,0.0100479,-0.0975892,-0.0119364,-0.745294,-0.44635,-0.621752,0.216076,0.0606076,0.014177,0.220425,1.27317,-0.0865686,-0.250945,0.165175,-0.191523,0.34024,0.143222,-0.48948,-0.263911,-0.740803,0.749554,0.484344,0.844116,1
0.420245,0.124797,0.291067,0.500698,-0.311677,-0.445588,-1.11769,0.844623,0.151465,-0.215771,0.530199,-0.321126,-0.568292,0.0795559,-0.0173989,0.164917,-0.801838,0.000627259,0.059966,0.0270314,0.155657,0.354166,0.0926931,-0.0741673,0.195363,0.284023,0.981944,0.220588,0.207055,-0.485236,0.154654,0.0277749,0.486343,0.862654,1
-0.795929,0.289814,-0.74299,-0.0547412,-0.0405375,-0.376355,0.344547,1.52722,0.212582,0.0904311,-0.502021,0.362607,-0.895664,-1.19968,-0.39346,1.04139,-0.303033,0.673958,0.326799,-0.515407,-0.314298,-0.34199,-0.542532,-0.120585,-0.829154,0.490093,0.110764,0.346412,0.171246,0.283784,-0.660058,0.06278,0.493315,0.871792,1
0.431667,-0.363404,0.021594,-0.811818,0.49773,-0.121464,-0.359393,0.0662784,-0.378574,0.309767,0.236376,0.155546,-0.356877,0.959032,0.398315,-0.850358,-0.11149,-0.326293,-0.0143308,-0.581755,0.310834,0.188016,0.856201,0.520562,0.89324,-0.253926,-0.09071,-0.0766081,0.72505,0.107169,0.924452,-0.813211,0.459693,0.920968,1
0.753432,0.213743,-0.289526,0.404927,-0.54613,-0.361339,-0.477617,0.335177,0.396598,-0.454761,0.493917,-0.774789,0.145529,0.0867041,0.341686,0.231979,-0.629622,-0.302848,0.284642,0.0411088,-0.524285,0.654816,-1.21444,0.213532,0.134115,0.391248,-0.818123,-0.0138927,0.270441,0.594129,0.982148,-0.591011,0.440971,0.921748,1
-0.923624,-0.342595,0.198043,-0.602198,-0.0496347,0.0659185,0.693051,-0.0417892,-0.0109693,-0.367812,-1.1144,-0.00438967,-0.590047,-0.251154,0.284379,0.488643,-0.293404,-0.236315,-0.499445,-0.390528,-0.105098,0.617412,-0.197503,1.4625,-0.683666,-0.479909,-0.977246,-0.107748,-0.110688,-0.0585605,0.879984,-0.33808,0.504854,0.807467,1
-0.620381,0.159032,-0.0497455,0.796642,0.0443101,0.54447,-0.281413,0.389513,-0.214056,-0.208145,-0.54288,0.787285,-0.522474,0.222058,-0.780554,0.0172047,0.144634,0.181495,-0.421561,-1.01279,-0.447426,-0.622012,0.0240087,-1.33228,-0.119056,0.265805,0.332198,0.539278,0.703388,-0.0532652,0.251193,0.33874,0.554655,0.786251,1
-0.0361199,-0.652352,0.532058,0.70834,-0.186441,0.694053,0.116411,0.595701,0.0775075,-0.339212,0.305307,-0.197421,-0.156828,-0.182,-0.533699,0.405967,-0.446923,-0.418285,-0.189237,0.553761,1.03198,-0.222674,1.02268,0.136123,-0.455574,0.711553,-0.251147,0.597901,-0.12102,-0.315039,-0.641753,-0.914576,0.439914,0.847249,1
0.316023,-0.517783,-0.429418,0.119725,-0.111699,0.143859,0.885678,-0.0207322,-0.140791,0.68052,0.314654,-0.562679,-0.114274,-0.417115,0.40766,-0.801088,0.163307,-0.296713,-0.554248,-0.265699,-0.163758,0.222815,-0.269438,0.175271,-0.20804,0.0030699,-0.615217,-0.489239,-0.857053,-0.113858,0.593088,0.932858,0.487953,0.886011,1
-0.0920215,-0.300333,-0.589088,-0.82001,0.108551,-0.12937,0.569814,0.486119,-1.02283,0.77039,-1.05756,0.694708,0.249291,-0.658297,-0.0379488,-0.932187,-0.238314,0.258032,-0.235053,-0.836219,-0.39851,0.334805,0.0304637,0.0532182,-0.0758742,-0.689281,0.210851,1.0125,0.652306,0.296287,0.357261,0.493475,0.504278,0.846822,1
-0.231704,0.190975,-0.643948,-0.477353,0.391272,0.372533,-0.508195,0.0458317,0.825874,0.679676,0.43137,-0.589858,0.0161893,-0.0491603,0.602855,-0.0198668,-0.227186,-0.0949968,-0.635347,0.25524,-0.167441,-0.286651,-0.418455,0.412,0.07065,-0.160324,-0.400655,0.944867,0.32266,-0.720086,-0.533895,0.0796432,0.442108,0.828694,1
0.493031,-0.00647538,-0.0978369,0.30663,0.708614,-0.626537,-0.346186,0.0456157,0.659288,0.264068,0.818206,0.696146,-0.0613655,-0.326587,-0.0179006,-0.47793,0.567255,0.337612,-0.515782,-0.208578,0.460422,0.760706,0.188157,-1.0406,0.498224,-0.659969,-0.366677,0.345605,0.648864,-0.549559,0.642309,-0.105303,0.5317,0.806919,1
-0.0562814,-0.354104,-0.530094,0.029881,-0.806928,-0.0517937,-0.0672669,0.541482,0.536986,-1.31205,0.31404,-0.828028,0.0427018,0.238155,0.458887,0.0651951,0.643875,-0.0474689,0.690704,0.134221,-0.236169,-0.623072,-0.256553,0.100586,0.820692,0.0677105,-0.337502,0.114919,0.433593,-0.134573,0.472471,0.197551,0.543565,0.824337,1
0.538695,-0.66169,0.260166,0.368449,0.383891,-0.585337,-0.615309,-0.249497,-0.240673,-0.323478,-0.272149,-0.0958288,-1.2216,0.0357191,0.335819,-0.105248,0.479004,0.0119086,-0.145522,-0.343364,0.0526085,-0.459856,-0.0622034,-0.166404,0.270758,-0.337369,-0.366232,0.578085,-0.308921,0.820414,0.098915,-0.315422,0.438664,0.870599,1
-0.371195,0.355801,-0.138768,0.58693,0.418076,-0.398137,-0.739539,-0.350218,0.897677,0.646448,-1.25304,0.543833,-0.400073,0.561309,-0.930031,-0.168437,-0.170127,0.555632,0.144587,0.272572,-0.245559,-0.177561,-0.377969,0.607821,-0.790877,0.0594856,0.0178703,-0.241874,0.917533,0.0811636,-0.809313,0.239698,0.536265,0.88682,1
0.0261752,0.268369,-1.20304,0.800087,0.339704,-0.181295,-0.480565,-0.141007,-0.591574,-0.119725,-0.537942,0.0984927,-0.244587,-0.560074,-0.302175,-0.281514,-0.46051,-0.678222,0.138548,-0.531423,0.157342,0.551183,0.684074,0.171819,0.337842,0.274398,0.0318683,-0.264835,0.396309,-0.529156,-0.0647272,0.0138954,0.467073,0.876119,1
0.77251,0.472763,-0.169546,-0.259828,-0.331547,-0.727427,0.532107,-0.226287,-0.296837,0.0724545,-0.40249,0.711275,0.825513,-1.2588,0.370562,0.406761,-0.0212133,0.251909,-0.177978,0.677357,1.00536,0.181087,-0.0945998,-0.47068,0.44805,0.59418,-0.632505,1.11233,0.373183,-0.139657,-0.300548,0.335057,0.513628,0.871638,1
-0.69752,-0.0976418,0.202894,0.240122,0.46376,0.400067,-0.0124758,0.303993,0.856742,0.110516,-0.27243,0.0796886,0.517671,0.405043,0.32729,0.0475387,-1.2174,0.694716,-0.56507,0.0206293,-0.644092,-1.23032,0.035563,-0.537687,-0.207326,0.33404,-0.041294,-0.54472,-0.681166,-0.0605386,0.241159,-0.737189,0.499494,0.808775,1
-0.075111,0.553219,0.105799,0.423649,0.0195142,0.142324,0.198012,-0.132235,0.300759,-0.460319,-0.325929,0.284725,0.0562909,1.093,-0.164611,1.20604,0.472422,-0.12035,0.243984,-0.693563,-0.294877,0.544045,-0.0232499,0.155118,-0.450958,-0.423657,0.0770824,-0.402446,0.623596,0.965284,-0.322677,0.175288,0.567949,0.813611,1
0.240704,-0.103735,-0.630228,0.0284382,0.181322,-0.830453,-0.578297,-0.317864,0.600247,0.40536,0.0528209,-0.0910992,0.321184,0.760258,-0.371307,-0.171973,0.668193,0.872341,-0.102605,-1.14797,0.775385,0.633185,-0.0213102,0.552419,-0.774827,0.0684358,-0.448905,-0.837186,0.483537,0.878188,-0.705694,-0.0471841,0.440093,0.76581,1
-0.529621,0.346776,0.74804,-0.044949,-0.366356,0.720834,-0.39583,0.0572292,-0.17907,0.306435,0.112219,-0.039814,0.334704,-0.0799777,-0.230028,-0.241006,-0.100434,-0.493578,0.508475,-0.0227709,-0.0292699,-0.122898,0.422679,0.431801,-0.155689,-0.247111,-0.253441,-0.138902,-0.578181,0.410201,0.0406452,0.346351,0.538871,0.947023,1
0.139759,-0.113242,0.550501,0.137809,-0.032964,0.0349231,-0.190843,-0.212532,-0.836238,-0.200451,-0.750482,0.700094,0.68641,-0.273052,-0.155942,-0.139569,0.88966,-0.0544757,0.225557,-0.367076,0.062277,-0.871783,0.622897,-0.00830887,0.930498,0.181154,0.26754,0.0489039,-0.197525,0.222797,-0.0936279,-0.035741,0.455551,0.76267,1
1.09771,-0.473491,1.07366,0.356594,-0.233859,-0.0696715,0.453144,0.158014,-0.176176,-0.127679,-0.417518,0.489934,0.634283,0.242727,0.511648,-0.326405,-0.441852,0.0351674,-0.181189,1.00844,0.337973,0.139464,0.347002,0.0559144,-0.0330931,-0.395166,0.0610789,-0.599819,-0.654544,0.384378,0.279128,-0.888325,0.497456,0.911098,1
-0.236694,-0.236314,0.383052,-0.599948,0.0213903,-0.32055,0.625527,0.0408829,0.236048,-1.36372,-0.645191,0.892467,-0.318568,-0.0627137,-0.243053,0.875381,0.00778153,0.516631,0.138483,-0.547182,-0.843873,0.537565,-0.332199,-0.0973356,0.00468069,-0.582286,-0.430215,0.454624,-0.103644,0.299469,-0.922152,-0.110628,0.509413,0.83729,1
0.0920061,-0.00190413,0.13466,0.054636,0.564639,-0.755273,-0.219966,0.565098,-0.453832,0.00389487,0.667353,0.148852,-1.0354,-0.712323,0.0510685,0.0143432,-0.434294,-0.167458,-0.0872973,0.458361,-0.494244,0.226011,-0.85641,-0.0428579,0.592731,0.838067,-0.763941,0.31998,0.600854,0.496438,0.15903,-0.172295,0.545656,0.870383,1
-0.342566,0.137223,-0.101894,0.378434,-0.0692827,-0.325867,0.741686,-0.980421,-0.246665,0.977039,0.0502694,0.461276,-0.00228586,0.740746,-0.0352974,-0.388353,0.597208,0.538354,-0.167772,-0.10609,-0.00495488,-0.244785,-0.410832,-0.364377,-0.289849,0.612311,-0.466541,-0.233762,-0.186892,-0.164681,0.314682,-0.450212,0.573888,0.896177,1
0.461898,0.172451,0.404169,0.585648,-0.0764138,-0.0663383,0.173038,0.228463,0.334629,-0.199286,0.0203852,1.00069,0.0317735,0.0413193,-0.161134,0.602883,0.320863,-0.313699,1.09269,-0.998484,0.235898,1.02227,0.878585,-0.15017,0.349071,0.367935,-0.0144871,-0.148148,0.889248,-0.824453,-0.315954,-0.471026,0.463361,0.91557,1
-0.572441,-0.279879,0.0110498,-0.360169,0.216471,-0.933373,-0.140312,-1.35536,0.0449824,-0.76517,-0.536685,-0.318903,0.527586,0.410318,-0.378949,-0.295497,-0.188223,0.20929,-0.110091,0.135285,0.396976,-1.23771,0.288113,0.428057,-0.91043,0.628292,-1.19344,-0.0308828,-0.364606,-0.651173,-0.164651,0.100213,0.552627,0.798437,1
0.0684263,-0.971537,0.0526394,0.0167534,0.330486,-0.325735,1.04974,-0.912802,0.406452,-0.253854,0.110544,0.353728,0.245328,-0.0401059,0.0351173,-0.093257,-0.105502,0.141512,-0.594749,-0.166261,0.295354,-0.317799,-0.391622,-0.138797,0.732051,0.217856,0.208462,0.815161,-0.5762,-0.130593,-0.694657,0.0513273,0.461815,0.775133,1
-0.130526,-0.476548,0.0251546,0.131162,0.15549,-1.03102,-0.155463,-0.162557,0.484959,-0.550314,-0.8673,-0.712988,0.159638,-0.36184,0.0261182,0.0490207,0.136684,-0.693726,-0.472954,0.0427063,-0.174219,0.0479266,-0.0867675,-0.540072,-0.441949,0.33782,-0.191211,-0.146396,0.0153273,-0.266362,0.0565808,0.643898,0.492046,0.89022,1
0.373187,-0.30612,0.207799,0.526281,0.484643,-0.850401,0.414964,0.207279,-0.0255007,0.333271,-0.10703,-0.564626,-0.0366311,-0.0865199,-0.253979,1.348,-0.366795,-0.496638,-0.0629176,0.565524,-0.632742,0.372823,0.279385,0.0324582,-0.0328752,0.0424871,-0.0666941,0.0110092,0.0850369,-0.106278,-0.189109,-0.0673332,0.432851,0.87369,1
0.639236,-0.473998,0.125699,0.652257,-0.383944,0.38766,0.434042,-0.0760697,1.17435,0.0293686,0.5315,0.274069,-0.586009,-0.131891,0.510637,-0.438132,0.839509,0.7444,-0.828237,-0.345148,-0.174184,0.497005,-0.247938,-0.00828645,-0.175695,-0.79056,-0.538253,0.511147,-0.00866373,0.339115,0.136955,0.0171606,0.553343,0.921427,1
0.137293,-0.302995,0.32168,1.77762,1.11455,-0.626377,0.586548,0.458881,-0.230408,0.000833388,0.315222,0.284346,-0.134736,-0.587027,0.623212,-0.706663,0.461802,0.0276726,-0.00120191,0.167531,0.175624,-0.632322,0.224274,-0.602003,-0.354268,-0.131191,0.26054,0.424639,0.181813,-0.508052,-1.07515,-0.187503,0.553609,0.921323,1
0.491832,-0.223913,1.43001,0.466386,0.0324704,0.17813,0.441658,-0.848407,-0.0476092,-0.859642,0.32723,0.138916,-0.208433,-0.978888,-0.218041,0.107586,-0.682564,-0.114476,-0.549672,0.535634,0.324217,-0.581614,0.863239,-0.615418,-0.347201,-0.0758235,0.436922,-0.973073,0.71294,0.57268,-0.12428,0.34246,0.487539,0.866928,1
0.118435,-0.631291,-0.349791,-0.00449367,-0.686827,-0.147842,-0.48969,0.428914,-0.930521,0.083041,0.208672,-0.529179,-0.217378,-0.712004,0.534124,0.777077,0.0130179,0.132134,0.0153213,-0.48284,0.319644,-0.285335,0.453957,-0.45405,-0.291247,-0.189907,0.215295,0.602644,0.42337,-0.411325,-0.891683,-1.1012,0.501424,0.859691,1
-0.170925,-0.927211,-0.346228,-0.929806,-0.403076,-0.214016,0.0253317,1.03883,-0.249782,0.535787,-0.259567,0.573233,-0.461669,-0.612181,0.557306,0.315358,0.10722,-0.559138,-0.444892,0.0839466,1.06401,0.128691,-0.0460626,0.0284915,0.77691,-0.819874,-0.236309,1.05064,0.111277,0.00991956,-0.445035,1.29256,0.547016,0.814078,1
-0.312456,-0.519429,-0.619721,0.0372008,0.152686,0.719195,0.140708,-0.421957,-0.186203,-0.0583003,-0.683832,0.764721,0.476196,-0.18049,-0.470768,0.0239984,-0.312913,0.16045,-0.209558,-0.516243,0.192272,-0.281907,0.133227,0.841329,0.301305,0.788325,0.0124867,0.321803,-0.184188,-0.196757,-0.185546,0.313935,0.556759,0.938914,1
0.0421525,0.297699,-1.25686,-0.577526,-0.114595,0.0963969,-0.126691,1.1918,-0.235754,0.521724,-0.36314,-0.849151,-0.306605,-0.688808,-0.558299,1.10048,0.488356,-0.490552,0.551401,0.288519,0.262881,-0.25674,0.120087,-0.151424,-0.430148,-0.127264,-1.07672,0.135154,-0.482372,-0.94207,0.177925,0.201176,0.428184,0.777965,1
-1.11291,-0.559207,-0.187498,-0.434101,0.536231,-0.251972,-0.540044,0.598301,0.626318,-0.78424,-0.978469,0.785265,-0.170953,0.467696,-0.233165,0.435137,-0.0451714,-0.968193,0.212747,-0.0352925,-0.183709,-0.222609,0.155903,0.324507,-0.5462,-0.46318,0.480912,0.430622,0.0951508,-0.30191,0.306316,0.233328,0.436481,0.795848,1
0.446017,-0.03079,0.046489,0.325052,-0.739487,0.457688,1.01597,-0.51812,0.248457,0.354631,-0.0673232,0.193867,-0.00745823,0.518719,0.208379,-0.330986,0.228902,0.577767,0.574232,0.238912,0.239913,0.167804,-0.460226,0.393838,0.526572,-0.301889,0.588665,-0.565705,0.349335,-0.345349,-0.418369,0.265038,0.577413,0.849646,1
0.739561,0.552486,-0.112336,0.271083,-0.596787,0.683594,0.166251,1.16447,-0.959453,0.395042,-0.446046,-1.3904,0.26822,0.380305,1.09985,-0.249619,-0.15402,0.448345,0.368283,-0.215608,0.669375,-0.111374,-0.0845736,-0.954532,0.230048,0.0937579,0.420782,-0.0137023,-0.190734,0.952811,0.240146,-0.569715,0.540009,0.85119,1
-0.319327,-0.518061,0.287569,0.308174,0.692161,-0.14449,-0.142305,-0.467143,0.174847,-0.481393,0.335287,1.03869,-0.476353,0.0214551,-0.303721,-0.309476,0.85402,-0.355352,-0.310812,0.210917,-0.27438,0.466952,-0.369378,-0.165428,1.19304,0.0827609,0.960008,0.639602,-0.242652,0.377717,-0.24827,-0.633277,0.487079,0.804669,1
0.606088,-0.592226,0.634207,-0.0450299,0.260919,0.562683,-0.177402,-0.868248,-0.641012,0.481902,0.236759,0.151654,0.581712,-0.581034,0.202973,0.13243,-0.41388,-0.176738,-0.421518,0.19147,0.314298,-0.649989,-0.333136,0.123196,-0.176731,0.31777,-0.336664,-0.793674,0.622193,-0.570629,0.0574235,0.166477,0.453024,0.882533,1
0.0763505,0.663921,-0.392258,-0.229367,0.50574,0.838482,0.382457,-0.43763,0.117879,0.27723,-0.0467127,-0.186556,0.673238,0.355039,0.0357988,0.529633,0.926202,0.187969,0.309309,-0.148426,-0.779953,0.341082,1.01346,0.343472,-0.146001,-0.201989,-0.129651,-0.202691,0.781075,-1.13293,0.417327,-0.366771,0.478368,0.831807,1
-0.712069,-1.32871,0.139158,0.793405,0.400941,0.314132,0.402597,0.454094,0.515502,-0.0721365,0.495762,0.598123,-0.45523,0.926707,-0.465964,0.417415,0.741346,-0.600778,-0.483184,0.2683,0.184809,0.355877,-1.00864,0.0111805,0.775364,0.737508,0.171516,0.0134694,0.184872,0.969576,0.549736,0.04137,0.471964,0.816757,1
-0.456296,0.394869,0.551461,0.0428636,0.360199,0.115483,-0.037145,0.087982,-0.783538,-0.335352,-0.533883,-0.349853,0.683964,0.478409,-0.0135278,-0.0123032,-0.0500148,0.0760664,0.292823,0.0179583,0.00567594,-0.603718,0.0896102,1.0757,0.157351,-0.557795,-0.209421,0.402885,0.615519,0.303332,0.106211,-0.393353,0.478575,0.836039,1
-0.224182,-0.578996,-0.536739,-0.286273,-0.386387,0.0405247,0.536534,-0.325434,-0.174923,0.782215,0.488029,0.0365219,0.361576,-0.362508,-0.239946,0.0158187,-0.28471,0.0516509,0.309267,-0.782111,-0.522232,-0.854648,-0.463199,-0.553703,0.183464,-0.448626,0.108097,0.796129,-0.884632,-0.348128,1.10205,0.300367,0.512517,0.820712,1
-0.343397,0.178089,0.331537,-0.00704434,0.198812,-0.0542726,0.412473,0.851766,-0.147453,-0.207892,-0.64179,-0.137136,-0.364008,-0.391632,-0.673877,-0.377707,0.715469,-0.596786,-0.326623,0.215481,0.131139,-0.456334,0.309946,-0.363204,-0.126301,0.400942,0.21708,0.833295,-0.251757,-0.723825,-0.222369,0.151319,0.537078,0.880747,1
1.28589,-0.399201,-0.0996086,-0.0222666,-0.486537,-0.523144,-0.888587,0.883435,0.153213,-0.783887,-0.546283,0.27943,-0.136759,0.13727,0.118527,0.279925,0.198778,-0.159703,0.0853107,0.636138,0.0742405,-0.444643,0.684591,0.44409,0.141561,0.326023,-0.728227,-0.0369576,-0.546251,-0.432838,0.0518857,0.379429,0.502556,0.888779,1
-0.273575,0.0319712,0.139021,0.7604,-0.824536,-0.311659,-0.565137,0.631507,0.0262731,-0.299115,-0.183868,-0.350581,-0.332498,0.576208,0.26073,-0.311284,0.161219,0.21969,0.740336,-0.297284,0.281022,0.127758,0.753448,-0.726543,0.276996,0.176096,0.0174974,-0.434775,-0.000802183,0.412227,0.288687,1.25002,0.5343,0.802386,1
0.0373631,-0.35517,0.785693,-0.689204,-0.227349,-0.0316338,-0.392083,-0.632826,0.162259,0.108556,0.343782,0.222598,1.31316,0.384123,-0.255145,-0.254121,-0.470315,-0.580845,-0.558738,-0.830099,-0.111886,0.347597,0.318164,0.139519,0.115556,-0.708015,-0.469514,-0.376198,0.0155404,-0.304941,0.175527,0.729289,0.421067,0.781179,1
0.178248,-0.132263,-0.657059,0.233345,-0.231524,-0.269977,-0.322231,0.00388629,-0.890046,-0.242859,0.117584,0.218525,0.602737,0.36128,0.564898,-0.0341507,0.483579,-0.265562,-0.399014,-0.175241,-0.207976,-0.249319,-0.443902,-0.428092,0.0640111,-0.42864,0.187556,0.206238,0.29218,0.86697,0.251597,0.00846458,0.454321,0.923483,1
0.852414,0.139924,-0.19547,-0.388319,-0.180445,-0.119737,-0.0089797,0.0695989,-0.703833,-0.666664,0.164503,0.0142851,-0.865693,0.154823,-0.246498,-0.124907,0.13982,-0.484626,-0.332847,-0.0238586,-0.140972,0.306994,0.369273,0.392493,-0.121481,0.642783,0.508119,-0.63996,0.0561059,-0.016851,0.42279,-0.317976,0.432347,0.785392,1
-0.206523,-0.238445,0.328865,0.544102,-0.274899,-0.583522,-0.951232,0.368676,0.19141,0.896769,0.251739,-0.384245,-1.17765,0.828965,-0.162808,0.0288382,-1.1721,0.608891,0.848287,0.450941,-0.260494,0.512125,0.31183,1.12031,-0.230479,-0.206025,0.195218,-0.976693,-0.11109,-0.702446,0.426395,-0.033623,0.539039,0.837794,1
-0.646183,-0.584478,-0.0599676,-0.712584,0.101535,0.0182517,0.923847,-0.347389,0.153434,0.969482,0.558593,-0.408549,0.0325936,-0.412075,0.469921,-0.743771,-0.173688,0.134334,0.816248,0.309387,1.07575,-0.363308,-0.628324,1.1396,0.491216,0.200527,-0.321768,0.78501,-0.487974,-0.338893,-0.607035,-0.248989,0.423637,0.876121,1
0.916306,-0.387053,-0.203339,0.202055,-0.828933,0.283329,-0.162966,1.12156,-0.126784,-0.308994,-0.100867,0.53648,-1.18842,1.04665,-0.578774,-0.527868,0.350395,-0.422482,0.0468416,0.00327103,-0.0848475,-0.00766884,-0.646665,-0.48234,0.148361,-0.743177,-0.0328261,0.108006,-0.367567,0.42566,-0.575473,-0.0600614,0.507668,0.88487,1
-0.128262,-0.239145,-0.104477,-0.447018,-0.148932,-0.0209249,-0.436235,-0.540418,0.169903,-0.688726,0.888711,0.399994,0.33492,0.0599025,0.432951,-0.0704225,0.401609,0.0783816,0.286341,-0.496112,-0.331169,-0.134448,0.115949,-1.10206,-0.330656,-0.767989,-0.415945,0.762569,-0.90349,-0.101463,0.344257,0.373428,0.560049,0.914204,1
0.398351,0.767353,-0.114864,-0.169711,0.211269,0.346859,-0.56085,-0.461592,0.785231,0.616892,0.822098,-0.243823,-0.0460491,0.564081,0.119532,0.117421,-0.152365,-1.2119,-0.0620587,0.261678,0.335326,0.153034,0.486988,0.163648,0.51317,-1.18988,0.744959,0.723319,-0.797701,0.711199,0.125888,0.686165,0.497444,0.808315,1
0.575905,-0.787394,-0.570557,0.566936,0.330863,0.077972,-0.527166,-0.10197,0.312142,0.291526,0.125107,-0.0674244,-0.300373,1.63242,-0.153385,0.506769,0.0594603,-0.172443,-0.157118,-0.753895,0.809269,0.678408,-0.745604,0.225576,-0.336138,-1.19448,-0.0213996,-0.292476,-0.308164,0.147219,-0.0751226,0.334374,0.46592,0.866475,1
1.14984,-0.392466,-0.274868,0.656868,0.511576,0.90254,-0.0726949,-0.569018,-0.426391,-0.728183,-0.148092,0.587047,0.40154,0.24595,0.1473,-0.193325,-0.542909,0.785318,0.498228,0.219713,-0.668432,-0.496346,0.410631,0.41107,0.327451,-0.472533,0.871458,-0.0161049,-0.162346,0.741037,-0.482672,-0.0587378,0.524875,0.81997,1
-0.0683217,0.808107,-0.697985,0.06158,-0.0331251,0.407513,0.618462,0.047109,-0.957786,0.126375,0.650854,0.407824,0.140815,0.680364,-0.211215,-0.0287092,0.741126,1.68793,-0.658065,0.67455,1.16417,-0.541188,-0.97279,-0.0537951,0.353268,-0.717232,0.230028,0.241144,0.112541,0.423676,0.346663,-0.138591,0.532607,0.797534,1
-0.167429,1.6424,-0.1678,-0.630253,-0.467284,0.0253332,-0.124119,-0.872684,-0.151721,-0.147275,0.586911,0.199844,-0.409003,-0.413359,0.256391,0.373903,-1.15319,0.738723,-0.239608,0.295862,-0.260988,-0.125605,-0.019017,-0.486309,0.12042,0.865382,0.079214,-0.0102938,0.00655712,0.205511,0.314449,0.419342,0.421767,0.784075,1
0.0937505,0.26933,-0.371617,-0.419875,-1.08339,-0.316985,-0.309545,-0.712291,0.186739,0.188918,0.541371,0.0930221,0.598101,-0.452126,0.0365463,-0.262826,-0.731654,-0.1563,1.15674,0.0132931,-0.00521571,0.235756,0.0556262,-0.651132,0.208972,-0.110142,-0.726225,-0.224703,0.308052,0.173789,-0.287316,0.362146,0.437555,0.837813,1
0.561543,0.00127837,0.0769256,0.969328,-0.518507,-0.12363,0.157231,0.551858,0.501632,-0.913584,0.216973,-0.117654,-0.0128186,-0.359973,-0.430306,-0.348503,-0.609657,1.14033,0.463413,-0.244947,0.435929,0.243395,-0.225021,-0.518779,-0.518111,-0.106348,-0.239123,-0.818799,0.536494,0.152022,-0.27733,0.719165,0.486971,0.77473,1
-0.278866,0.892222,-0.0952332,0.786461,-0.194122,-0.0705937,-0.532445,-0.130589,-0.197377,0.448907,0.0363357,0.38968,0.511427,-0.256549,-0.329461,0.0288213,-0.225992,-0.991701,-0.3803,0.651393,-0.0971003,-0.425642,-0.238281,-0.214613,-0.0952696,0.0433568,-0.258196,0.0350951,-0.809448,0.58736,-0.49828,-0.739107,0.566171,0.892147,1
-1.65419,0.151245,0.68922,0.424502,0.180612,-0.247843,-0.209104,-0.232876,-0.0939044,-0.428933,-0.607284,0.273522,-0.30006,0.529859,-0.438506,0.548514,0.482184,-0.515925,-0.884627,-0.764362,-0.422325,0.740636,-0.353644,-0.0199799,1.22399,-0.322336,-0.623403,0.574958,0.210125,0.624028,0.521789,-0.427999,0.543942,0.818727,1
-0.265867,-0.620862,-0.397726,-0.111689,0.867456,-0.124337,0.596123,-0.318456,0.0903567,-0.273343,0.0408661,-0.186044,-0.217803,0.140553,1.78069,0.513341,0.273042,0.504947,-1.00704,-0.844624,1.00297,0.364244,-0.108579,0.391704,0.390521,0.892184,0.359913,0.841035,-1.08633,-0.0474999,-0.097705,0.210251,0.454363,0.85908,1
-0.326836,0.0420831,-0.471171,-0.24162,0.951743,0.0608774,1.50891,0.768204,0.00909357,-0.125369,-0.148484,1.04888,0.397278,-0.535529,0.339925,0.161144,0.042913,0.0923305,-0.162221,0.0916119,0.515338,-0.384342,-0.340767,-0.562764,-0.395874,0.0332898,-0.526502,-0.301317,0.574374,-0.107061,0.459117,0.91257,0.471538,0.821044,1
0.513329,-0.109825,0.271631,-0.267755,0.474717,-0.0400065,0.579276,0.938921,-0.340576,-0.543852,-0.269305,1.12709,0.0928014,0.405179,-0.344839,-0.277905,0.221753,0.416531,0.297611,-0.215482,-0.183304,0.502112,0.382764,-0.0135629,0.0362342,0.324955,0.865261,-0.40014,-0.1098,0.825594,-0.578553,-0.915165,0.488578,0.835221,1
0.471236,0.354406,-0.27534,-0.437104,-0.878483,-0.0178618,0.611761,-0.156427,0.48116,0.124373,0.243467,0.77598,-0.31585,-0.324203,-0.91544,-0.432108,0.432831,1.08609,-0.364031,0.240711,0.788823,0.797355,0.540934,0.276986,-0.715376,-0.198599,0.621826,0.339383,0.652587,0.512579,0.411475,0.449774,0.561438,0.863574,1
-0.519066,0.392971,0.618693,0.126231,0.0212475,0.0908423,0.551203,-0.533307,-1.28243,-0.115216,0.0202235,-0.185043,-0.38673,-0.402555,-0.130848,2.98667e-05,0.289134,0.708362,-0.0506656,-0.726336,0.604967,-0.126494,0.192844,0.598397,-0.304638,-0.29399,0.477086,-0.193536,-0.232035,0.332531,-0.382854,-0.448245,0.437136,0.910914,1
-0.568242,0.250973,0.180547,-0.550499,0.109509,-0.359569,0.23825,0.748079,0.373167,0.442957,0.405304,-0.214246,0.00363522,-0.217227,1.038,-0.640595,-0.00590596,-0.294818,0.51342,0.591472,-1.76257,-0.608287,0.382628,-0.220486,0.256175,-0.407525,0.810733,0.38853,-0.0164723,0.163349,-0.528849,-0.773034,0.493343,0.851035,1
-0.223769,-0.460592,-0.175211,-0.658619,0.134091,-0.182731,0.386455,0.167124,-0.137934,0.360906,-0.802137,-0.163992,-0.468676,-0.298182,-0.0381843,-0.546554,-0.865432,-0.0384498,-0.0305959,0.949719,0.717919,0.551383,0.840648,-0.135318,-0.316121,-0.258678,-0.686638,-0.0367524,-0.0932296,-0.503785,-0.000789062,-0.911783,0.576786,0.795721,1
0.274368,-0.348489,-0.539464,-0.0391887,0.710801,-0.20938,0.356985,0.750119,0.0653418,-0.396664,0.318252,0.428226,0.0696899,-0.448352,0.417952,0.21971,-0.546995,0.199215,-0.758823,-0.724824,-0.23365,0.44226,0.238261,-0.674023,-0.209565,0.78697,0.0801894,0.00273696,0.745981,0.465633,-0.155198,0.566877,0.507396,0.935134,1
0.123784,0.125105,-0.132499,0.443079,0.0616299,-0.233366,-0.119628,-0.428778,0.402333,-0.157121,-0.649558,-0.070742,-0.732861,-0.43564,-0.21787,-0.649983,-0.202466,-0.121547,0.0882936,0.0317725,-0.194985,0.106957,-0.490748,0.093391,-0.894982,0.00656346,-0.134429,0.358916,0.371549,-0.269194,0.401592,0.302379,0.437746,0.819377,1
-1.34055,-0.0179101,-0.217933,-0.179347,-0.369184,0.103447,0.723479,0.081169,0.201201,0.811602,-0.208504,-0.474884,0.830692,0.593533,0.113192,0.400334,0.670763,0.0207443,-0.0392153,0.0142522,1.13228,0.322812,0.371297,0.160336,-0.03907,-0.328438,0.187573,0.817552,-0.391144,0.589146,-0.144194,-0.225325,0.470399,0.777082,1
0.345937,0.137757,0.808809,0.623326,0.40883,0.433848,-0.356831,0.470172,-0.0354556,-0.519369,-0.0360321,-0.437878,0.375753,-0.254888,-0.828049,0.146989,0.238792,0.947768,0.271511,-0.239394,-0.255743,-0.272924,0.400843,0.116544,-0.149214,0.198606,0.0442241,0.748179,-1.03664,-0.747122,-0.101953,0.00872695,0.461933,0.91456,1
0.329918,-0.128496,-0.441669,0.414141,0.348437,0.922726,0.0851191,0.254979,-0.24168,0.891195,0.0524215,0.27498,-0.277706,0.37268,0.692237,-0.556653,0.191522,-0.182309,0.263518,-0.439291,-0.136826,0.508526,0.299421,-0.323877,0.334056,0.349974,0.690505,0.208487,-0.0632319,0.597413,1.37804,-0.416674,0.560829,0.875678,1
0.0343716,0.0193534,-0.39674,0.215965,-0.0402408,-0.179937,0.698384,-0.211939,0.183068,0.318539,-0.363953,0.556888,0.298323,1.18935,-0.103272,0.165327,0.698289,-1.13105,-0.0430931,0.303385,-0.771186,0.0497861,0.287038,-0.631316,-0.136677,0.949612,-0.037469,-0.120343,0.458819,-0.588751,0.558228,-0.0262901,0.48517,0.775714,1
0.170882,-0.313985,0.234853,0.409452,0.829521,-0.400179,-0.290586,-0.269697,-0.0809585,-0.00695906,-0.3106,-0.107329,-0.727123,0.133395,-0.497382,0.0581583,-0.861954,-0.0109884,-1.06186,-0.34832,-1.45064,0.193128,-0.193078,-0.0739364,-0.710337,0.614603,-0.0285383,-0.315369,-0.0301969,-0.0652739,0.381167,-0.03624,0.490792,0.869199,1
-0.0640621,-0.978073,-0.275162,-0.121596,0.0424008,-0.706933,0.636615,0.662419,-0.419312,-1.0776,-0.326692,-0.133561,-0.856206,0.389375,-0.190448,-0.604138,0.153315,-0.678551,-0.335033,-0.0146769,0.0509449,0.33337,-0.703725,-0.169738,0.122602,0.027234,-0.434853,-0.837836,-0.966258,-0.456572,0.585606,0.0782363,0.506191,0.761648,1
0.777977,-0.758093,0.0408892,-0.610233,-0.194827,0.677231,0.195187,-0.0876998,0.0125365,0.204411,-0.791137,-0.248531,0.407717,0.923783,0.00515183,0.0880825,0.0277666,0.258103,0.0848874,-0.0621087,0.435406,0.378824,0.358927,0.215581,-0.203163,0.105591,0.0589866,-0.33438,-0.1435,0.756758,-0.443347,-0.0746653,0.529161,0.894172,1
-0.033006,-0.647791,0.358783,-0.303729,0.0413822,-0.18178,0.438551,0.676546,0.476132,-1.07844,-0.0769487,0.721302,-0.324976,0.334321,0.0260601,-0.159873,-0.517812,-0.197777,0.158681,0.133673,-0.248231,-0.608313,0.0461094,0.0882367,-0.0707475,-0.318862,-0.263901,0.00920682,-0.955802,-0.324232,0.168592,-0.519062,0.490009,0.931537,1
-0.20124,0.353609,0.466007,-0.540316,-0.789521,-0.395151,-0.103778,-0.0636711,-0.590228,0.529038,-0.243121,0.175213,0.030853,-0.0563824,-1.22222,0.247541,-0.681061,-0.895111,-0.739331,0.423685,-0.389794,0.14979,-0.149716,-0.523653,-0.318046,0.594308,0.989517,0.362834,0.140514,-0.859378,-0.82622,-0.173951,0.43931,0.913988,1
-0.338909,-0.740528,0.12834,-0.232747,0.52906,-0.101228,-0.167309,-0.572379,-0.290082,0.0611236,0.302737,-0.291948,-0.56429,0.0586703,-0.872391,0.0445286,-0.380694,-0.325722,0.415059,-0.238964,0.28211,-0.691428,-0.336812,-0.466421,-0.530766,-0.530055,0.100914,-0.240408,-0.169541,0.161594,-0.499266,0.0765404,0.537217,0.795735,1
0.189344,1.15409,-0.0719249,-0.0331692,0.123138,0.313953,-0.0360528,0.0227709,0.24643,-0.284064,-0.295393,-0.137218,-0.376787,0.569478,-0.652877,-0.679101,-0.182095,-0.581899,-0.687838,0.579365,0.177735,-0.0746198,0.122224,-0.274623,-0.455715,0.104179,0.396558,0.47643,-1.44816,-0.471796,-0.407621,-0.230109,0.474404,0.761914,1
0.830112,-0.481411,0.125006,-0.0744627,0.374793,-0.134743,-0.525484,0.370054,0.568251,-0.451813,-0.575811,0.333145,0.697786,-0.519158,0.599814,-0.550773,-0.268185,-1.34188,-1.17855,-0.934936,0.357142,-0.689432,-0.370427,-0.338546,-1.20765,-0.298552,-1.12501,0.059676,0.171438,-0.445818,0.705355,-0.140652,0.423149,0.84343,1
-0.283988,-1.19132,0.698243,0.704807,-0.259006,-0.920832,-0.151986,-0.0098054,0.289176,0.357879,0.346356,-0.676925,0.629618,0.280623,-0.228275,0.722794,0.467236,0.00629677,0.322794,0.443157,0.397329,0.822315,0.550731,-0.192434,0.53174,-0.00857085,0.537674,0.0291478,0.291644,0.933474,-0.322564,0.0890341,0.569549,0.809182,1
-0.0300241,0.696953,0.722872,0.704607,-0.389255,0.376495,0.151057,0.197828,0.347194,-0.607694,-0.076269,0.343212,0.73527,0.431864,0.638121,1.02628,-0.238825,-0.383406,-0.152891,0.41764,-0.242654,-0.651975,0.114099,0.248913,0.218539,0.328959,-0.692783,-0.0803958,-0.0230627,0.240142,-0.0637437,-0.337913,0.541672,0.768195,1
0.390313,-0.73442,-0.857552,0.64806,0.328444,-0.013499,0.182104,0.224898,0.666198,0.629456,-0.233567,-0.316658,-0.688885,-0.407139,1.10387,-0.147455,0.404852,-0.014529,-0.285232,0.787441,-0.0605033,-0.105491,-0.38836,0.171845,-0.925568,-0.949054,0.351839,0.766318,0.131784,0.661648,0.322156,0.80269,0.54453,0.878029,1
-0.586968,0.0288669,0.23638,0.0959927,0.33278,-0.864308,0.913979,0.0568406,1.51003,0.260963,-0.100249,0.743115,-0.456021,-0.485967,-0.382066,-0.487452,0.826363,0.0587256,-0.0801589,0.536252,0.46737,0.657106,0.410325,0.391355,0.519864,1.00537,0.0936205,-0.901868,-0.784544,0.194469,-0.611837,-0.531072,0.517586,0.761213,1
-0.10539,0.509625,0.333794,0.307402,-0.0488481,0.387423,0.515715,-1.03371,0.0477599,0.0825341,-0.0216068,-0.47109,-0.202631,0.182924,-0.582679,0.857595,0.0158838,-0.132136,-0.0901813,-0.0665642,-0.148779,0.54637,-0.242846,0.0104817,0.67768,0.704896,-0.7244,0.457236,0.674483,0.986139,-0.59304,0.53541,0.564464,0.770178,1
-0.144919,0.0315692,0.52886,0.508451,-0.483202,-0.460745,-0.532597,-0.546877,0.682859,0.19699,-0.409974,-0.858885,0.524782,0.641466,-0.439622,-0.652217,0.590083,0.395805,-0.0110181,-0.861674,0.209626,0.639408,0.654077,-0.4863,0.05961,0.389317,-0.146685,0.167136,-1.04125,0.974803,0.316437,0.199811,0.490348,0.854683,1
0.00372149,-0.730964,0.286494,0.362781,-0.0610132,-1.04382,0.314964,-0.433139,0.028935,-0.293102,-0.256195,-0.385123,-0.45229,-0.142153,0.105532,0.376583,-0.390435,0.0970102,0.308885,-0.655573,0.339087,-0.0240674,-0.0355778,-0.144098,-0.866691,0.576056,0.217994,0.163983,0.441588,0.329618,-0.49492,-0.581779,0.4889,0.792027,1
1.09993,-0.392765,-0.782525,-0.555983,0.156197,-0.502848,0.528356,0.422806,-0.641411,0.127646,-0.545951,-0.0118522,-0.267867,0.0482717,0.0998576,-0.156272,0.313908,0.49624,0.49371,0.648336,-0.318886,-0.197253,-0.112036,0.744268,0.560689,0.0375736,0.177833,0.0908234,-0.418007,0.336533,-0.496359,-0.0665082,0.49856,0.927195,1
1.07259,-0.863561,-0.848312,-0.477523,-0.213582,-0.155224,-1.05499,-1.234,-0.297014,-0.387808,0.179522,0.193855,-0.823437,-0.270135,-0.86101,0.26052,-0.134474,-0.470826,-0.0338182,-0.730987,1.44791,0.764557,0.0778093,0.384315,-0.00941633,-0.498391,-0.620126,-0.936612,-0.132354,-0.380014,0.167347,0.0592092,0.427543,0.772928,1
0.279887,0.160438,0.136793,0.128968,0.364581,7.95,0.183295,0.217759,0.296188,0.352518,0.168093,0.281359,0.258958,0.313306,0.137698,0.364733,0.387082,0.274006,0.102369,0.118679,0.22065,0.331184,0.167507,0.124747,0.372174,0.162671,0.155698,0.344563,0.262391,0.34227,0.318044,0.141582,0.52,0.82,1
-1.60913,0.155186,-0.825912,-0.0270187,1.08946,0.310308,-0.140813,-0.215177,0.0552487,0.152574,0.145673,0.0471022,-0.401921,0.193107,-0.0677026,0.0522509,-0.393241,-0.514993,0.0103881,0.364927,-0.174819,-0.504982,-0.251849,-0.208975,-0.678634,-0.593137,1.07202,1.05326,0.23084,-0.259911,-0.819036,-0.389747,0.478629,0.898797,1
-0.0332613,0.702867,0.142767,0.126033,0.357422,-0.832954,-0.548913,0.564502,0.283356,-0.397023,0.24352,-0.718716,-0.540606,-0.183719,-0.57467,-0.0412314,0.508837,-0.0630295,0.572583,0.252652,-0.0126873,0.0768825,-0.22221,-0.737928,-0.865016,0.483365,0.787735,0.618177,-0.296059,1.08895,-0.430844,-0.257507,0.539276,0.934976,1
-0.313338,0.389825,-0.401642,1.34742,-0.1793,-0.550169,0.00157938,-0.121175,0.574313,-0.446143,0.0671683,0.431875,-0.164117,-0.010148,0.615004,0.0116763,-0.0360398,-0.43506,0.550403,1.15542,0.381055,-0.384591,0.416019,-0.218798,-0.237899,-0.423376,-0.242963,-0.125848,-0.0216866,0.919894,-0.253248,0.0641165,0.525735,0.863714,1
-0.298613,-0.0381207,-0.18311,-0.732254,0.121714,0.773837,-0.0611928,-0.0315213,0.0356136,0.631158,0.555792,0.64812,0.741596,0.762364,-0.40477,-0.0908147,-0.344893,0.746938,0.0994014,-1.35578,0.77307,-0.0263446,-0.757317,0.0990845,0.254376,0.418166,-0.478892,-0.0747989,0.331191,1.15813,0.339396,-0.225619,0.516466,0.812878,1
0.763625,-0.473247,0.257291,0.82448,0.541355,0.228686,-0.907718,-0.503802,-0.408774,-0.519236,-0.207725,-0.17176,0.6913,0.391116,-0.0450572,0.424782,-1.07764,0.0127647,-0.482578,-0.695332,0.41207,-0.788126,0.323089,-0.0771509,0.248874,-0.814854,-1.63426,-0.684172,0.334081,-0.26796,0.0104157,1.54797,0.540915,0.861193,1
0.780206,-0.201597,1.59841,1.33384,0.138519,-0.232817,0.0375305,0.266191,-0.756603,-0.234729,-0.406556,-0.0114421,-0.205768,0.234794,-0.935454,0.315371,0.780473,0.00225084,-0.128267,-0.490431,-0.264192,0.0420354,0.0775182,-0.287273,0.424537,0.261235,0.24288,0.649313,-0.275469,0.475571,-0.193865,0.0964921,0.554978,0.916694,1
-0.110752,-0.298028,-0.222449,0.433653,0.370394,0.768834,-0.0928024,-1.05313,0.347597,1.1609,-0.125045,-0.145078,0.39588,0.131607,0.471691,-0.490434,0.480603,-1.03972,-0.458873,0.295572,-0.144326,0.638595,0.326858,-0.479758,0.174605,-0.354479,0.217397,-0.639997,-0.212779,0.18549,0.51598,0.269814,0.451271,0.811262,1
-0.575318,-0.518289,0.255974,-0.0504834,-0.12939,-0.682322,-0.0995411,1.0394,0.318489,0.73987,-0.0347993,0.346352,0.0010137,0.381922,0.127231,0.40902,0.113432,0.40934,-0.203055,0.23134,0.182943,0.0459718,0.163503,-0.462411,0.094762,-0.673357,0.515113,0.282104,0.777354,-0.64577,0.246221,-0.690463,0.575708,0.858531,1
-0.165085,0.0698321,-0.65869,0.197275,0.444842,-0.558779,-1.12497,-0.377573,0.142602,0.110492,-0.126158,0.412184,-0.388326,-0.503029,0.0111943,0.266044,0.0411931,-0.513961,-0.523158,0.473128,-0.135836,-0.289272,-0.0113333,-0.0659752,-0.473704,-0.0785564,0.441482,-0.258917,-0.629139,-0.173851,-0.69873,0.331275,0.473218,0.788181,1
-0.418106,-0.199058,0.493313,0.273244,0.759505,-0.505595,0.437431,-0.445797,0.0856148,0.0435141,0.184071,0.606776,-0.976331,0.209954,-0.394773,0.378211,0.0939239,-0.0503853,0.0694719,0.19907,0.336923,0.229616,-0.418383,0.192265,-0.308177,0.622002,-0.266855,-0.00230013,0.273074,0.53084,0.644281,-0.929452,0.473655,0.85906,1
0.049807,-0.157422,-0.22971,0.867351,0.886977,0.0199699,-0.858337,0.0412689,0.0724037,0.268188,-0.0957625,-0.867837,0.420551,0.599153,0.165619,-0.219782,-0.697003,-0.55629,0.599151,-0.686538,0.0885025,0.973294,-0.711563,0.624449,-0.169793,0.172288,0.464865,0.589732,0.424245,-0.777883,0.0988264,0.139853,0.569647,0.77249,1
0.0159036,-0.145558,-0.836277,0.307848,0.234548,-0.331593,-0.334731,-0.779459,-0.056768,0.723216,0.40757,1.30334,-0.139806,-0.867092,0.121665,-0.361543,-0.309094,-0.963065,-0.844839,-0.11504,0.340018,0.721494,-0.385613,-0.706254,-0.059294,0.459351,-0.0130608,0.494706,-0.0637002,-0.676985,1.1522,-0.395807,0.535014,0.908424,1
0.320497,0.334151,0.508306,0.358845,0.197382,-0.267147,-0.145853,0.422066,0.75161,0.265851,-0.180392,0.565597,-0.129438,0.0192396,0.389044,0.291685,-0.278834,0.118531,0.749257,-1.03163,0.591169,0.128415,-0.132423,-0.34982,-1.82046,-0.661195,0.259179,0.205764,-0.362215,-0.110123,-0.265672,-0.386414,0.577512,0.906234,1
-0.0569942,-0.220136,0.409115,-0.0920671,0.110857,0.49654,-0.448109,0.415922,0.451448,0.844771,-0.920474,0.197838,-0.0154828,0.393971,-0.816777,0.771178,0.707087,-0.145577,-0.343899,-0.887695,-0.224415,0.667779,0.054519,0.0705243,0.428001,0.914273,0.644866,-0.0993664,-0.896988,-0.20578,0.0641729,-0.418916,0.49069,0.925077,1
-0.732816,-0.23235,-0.160243,-0.203864,0.980318,-0.0215316,-0.0614518,0.509047,0.0625455,0.142437,0.028879,0.440633,0.265387,0.838506,-0.253378,-0.145837,0.66113,-0.358088,0.303632,-0.229734,0.132774,-0.361246,0.297751,-1.03797,-0.891098,0.0498854,-0.61665,0.274563,0.741535,-0.649166,0.275747,0.283071,0.443372,0.907948,1
0.286353,-0.125806,-0.0241664,-0.733202,-0.53767,0.719948,0.206987,-0.25209,0.58629,-0.506696,-0.623229,-0.174625,0.801072,0.283398,0.755339,0.277487,0.161741,0.0339137,-0.151355,0.0602579,-0.307369,0.0993268,-0.348622,0.634276,-0.0706163,-0.26436,0.0728636,-0.226165,-0.0363414,0.545198,0.29902,-0.058016,0.541622,0.884298,1
-0.571131,-0.40593,-0.421019,-0.145392,-0.0630364,-0.680263,-0.0640184,-0.604292,0.121723,-0.0288454,-0.146662,0.273615,-0.930242,-0.123289,-0.649014,-0.416869,-0.169123,-0.0799792,-0.214167,0.502131,0.383027,0.414741,-0.211619,-0.606595,-0.696391,-0.272911,-0.176984,0.183465,-0.439075,-0.9427,0.848662,0.839597,0.525189,0.835295,1
-0.182293,0.204631,-0.192795,-0.180479,0.136759,0.164844,-0.0809605,-0.0960434,-0.234419,0.45429,-0.391871,-0.680356,-0.121089,0.871324,-1.42331,0.837901,-0.541726,0.461127,-0.258678,-0.442815,0.446097,-0.740599,0.150657,0.312983,-0.132593,-1.01318,-0.298374,-0.177594,-0.388798,0.141706,0.469562,-0.565052,0.574772,0.794023,1
-0.19014,0.144425,-0.541198,-0.289752,0.159843,-1.03346,-0.15085,0.45712,-0.0791189,-0.672908,0.147376,-0.0884129,0.396262,0.533349,-0.316729,0.465874,0.681479,0.142248,0.623352,0.0492189,0.0938657,-0.751568,-0.30749,0.116312,0.835718,-0.270151,-0.314348,0.709915,0.625461,0.60627,0.718989,-0.0194938,0.524564,0.784909,1
-0.802561,0.205884,-0.764366,-0.73917,0.149424,0.38512,-0.274694,0.369342,-0.173321,-0.156535,-1.10206,-0.243213,0.57607,-0.0104359,0.210362,-0.475234,-0.152651,0.344425,-0.705117,1.16169,0.566634,0.286533,-0.123634,0.448414,0.357718,0.0580536,-0.546877,-0.0600449,0.139998,0.935847,0.0603022,-0.178918,0.42257,0.872697,1
0.20583,0.202335,0.222371,0.371874,0.264698,7.95,0.245255,0.201493,0.159318,0.215973,0.3146,0.318074,0.348389,0.234303,0.281738,0.219489,0.279826,0.342587,0.390743,0.381102,0.262678,0.358596,0.290145,0.389348,0.284483,0.388894,0.146402,0.185361,0.318939,0.23013,0.340304,0.288515,0.52,0.82,1
0.353877,0.522183,-0.093474,0.573736,0.332759,0.263098,0.430863,0.110333,-0.0431421,0.800016,0.639897,0.205432,-0.25245,-0.406417,0.0151119,-0.402277,-0.520854,-0.951747,-0.571527,-0.354426,-0.0440466,0.578436,-0.021105,0.931786,-0.523144,0.050334,0.392541,0.479203,-0.0140525,-0.0994893,-0.263915,0.652615,0.448696,0.777653,1
0.268771,-0.768578,-0.591216,-0.230393,0.42039,-0.352157,-0.154452,-0.460301,1.1296,-0.477886,0.373787,0.219171,0.255346,-0.82158,0.05375,0.0707616,-0.134463,-0.868669,0.138681,-0.0436614,0.312983,-0.310794,0.0883081,-0.318738,0.213149,0.870217,0.696551,-0.24356,0.196641,0.545174,-0.396305,0.191435,0.509799,0.924446,1
0.0898748,0.237792,0.0856562,1.15362,-0.0721615,-0.448031,0.45934,0.401156,0.105232,0.626129,-0.049806,0.123068,-0.223942,0.203662,-0.710423,-0.140144,0.266745,0.305041,-0.133225,-0.818304,0.940865,-0.348884,-1.05678,0.29685,0.960873,-0.111152,-0.213856,-0.126184,-0.39146,0.258979,0.142039,-0.574081,0.518313,0.931526,1
0.281308,-0.20819,-0.405815,-0.232049,0.774728,0.390821,-0.647069,-0.110816,-0.662551,0.388215,-0.205566,0.222008,0.0493545,-0.424115,-0.0897495,-0.511487,-0.129263,0.036834,0.351243,-0.140247,0.0780621,-0.364923,-0.282816,-0.918001,1.08474,0.701539,-0.574623,-0.359769,1.24225,-0.673687,0.245034,-0.7486,0.51024,0.813077,1
0.686946,0.692999,0.0179412,-0.0282852,0.0843567,0.280257,-0.301691,-0.689276,0.348444,0.179462,0.106304,0.678689,0.591777,-0.542495,1.31278,-1.29583,0.37466,0.375159,0.2242,0.239656,-0.213073,0.225886,-0.628826,-0.695714,0.466989,-0.00646177,0.486222,0.408321,1.01601,0.918378,-0.259231,0.0300193,0.494234,0.852945,1
-1.08465,0.196549,0.550493,-0.164387,0.255729,0.459703,-0.336789,0.183014,-0.192669,0.287109,-0.545571,-0.456064,-0.242534,0.779289,0.492181,0.688905,-0.466051,-0.366684,0.212109,0.122591,0.199719,-0.101119,0.17418,-0.618515,-0.538252,-0.0569367,0.286587,-0.35768,-0.288612,-0.089576,0.18063,-0.374697,0.498287,0.841557,1
-0.120583,-0.55873,0.186345,0.657286,0.622736,-0.150189,0.583227,-0.513443,0.466264,0.411386,-0.651333,-0.372313,-0.053964,0.267041,-0.662919,1.27808,1.27456,0.321636,0.414759,0.467126,0.351936,0.452631,0.474312,0.295107,0.236369,0.291378,-0.120031,-0.359129,-0.040365,0.79441,-0.271951,-0.00204795,0.5624,0.928535,1
0.25335,0.276712,0.145114,0.371172,0.140908,7.95,0.32798,0.239807,0.213067,0.254227,0.163599,0.128477,0.233507,0.150442,0.160516,0.294348,0.283359,0.130439,0.139705,0.332217,0.357971,0.252655,0.344441,0.369456,0.119166,0.139353,0.399759,0.336648,0.127045,0.134872,0.376696,0.254068,0.52,0.82,1
0.232272,0.269665,0.270875,0.306374,0.253755,7.95,0.23535,0.122158,0.142589,0.374615,0.333693,0.313081,0.167208,0.157332,0.115901,0.397349,0.183795,0.308776,0.343831,0.314502,0.331047,0.349774,0.122342,0.198766,0.251735,0.296704,0.184829,0.14075,0.383562,0.165837,0.144525,0.359837,0.52,0.82,1
0.389885,-0.327499,-0.368523,-0.83163,-0.280211,-0.679695,0.507691,0.609236,-0.0943148,-0.653791,0.0504732,0.159782,0.362857,-0.00921056,0.146947,-0.39229,0.440926,-0.393974,-0.165448,-0.433058,-0.704947,0.749582,0.369359,-0.0799116,-1.21148,-0.678788,-0.43134,0.866392,-0.389447,-0.5348,-0.289139,0.680042,0.482876,0.83084,1
0.0843443,-0.843327,-0.143455,1.03406,-0.550789,0.358735,-0.291138,-0.0905681,0.260978,0.469226,-0.435731,-0.738558,-0.347692,-0.303671,-0.255985,-0.290043,1.21665,0.655326,-0.216051,-0.521049,0.77647,0.650318,-0.299264,-0.259394,-0.359778,-0.740647,0.479365,-0.1259,-0.273683,0.658921,-0.267049,-0.0440499,0.569595,0.871143,1
-0.916284,0.383665,-0.0305455,0.633239,-0.0402288,0.581077,-0.0442937,0.150514,0.0669646,0.332067,-0.845474,-0.46326,0.154355,-0.0577618,0.711436,-0.332406,-0.482826,-0.127798,0.485304,1.0282,-0.0860436,0.183668,0.579016,0.439393,-0.241592,0.180314,-0.220065,-0.299975,-0.364762,-0.989343,1.03828,0.0923575,0.548079,0.777432,1
0.154951,-0.611987,0.150446,0.121311,0.323561,-0.138073,0.0995124,-0.0913067,-0.379847,-0.519166,-0.0602056,0.294832,0.373615,0.378913,0.0396685,-0.212381,-0.625583,-0.211969,0.569889,-0.959038,0.0146406,-0.0561241,0.680793,-0.361338,-0.220814,-0.933705,-0.366331,0.0863675,0.125027,-0.691165,0.10969,1.22886,0.548626,0.861126,1
0.543795,-0.335824,0.100303,-0.614334,0.417332,-0.430732,-0.691296,-0.0839381,-0.350611,-0.874174,-0.337085,0.305704,1.69306,-0.307935,0.110686,-0.588382,-0.115734,0.362105,0.496111,-0.32747,-0.608708,0.386096,-0.34911,0.0196279,1.12787,0.0767502,0.144046,-0.518408,0.484202,-0.0707909,-0.278849,-0.355451,0.443292,0.919839,1
-0.71866,0.0238099,-0.29183,0.101671,0.0209505,-0.735449,0.822685,-0.280406,-0.870323,-0.544298,-0.370187,-0.612063,-0.366825,0.420098,-0.374407,0.0106829,0.00938452,-0.0340696,-1.18002,-0.121205,-0.0270212,0.237116,0.382257,-0.28175,-0.679752,-0.604333,-1.19671,0.217008,0.127363,-0.670517,0.131681,-1.04254,0.482748,0.827572,1
0.234491,0.278519,-0.193072,-0.302552,-1.06509,-0.264204,-0.183821,0.476096,-0.0443572,-0.260284,0.221383,0.65346,-1.21638,-0.176508,-1.33875,-1.71263,0.83362,-0.190784,-0.358502,0.281918,-0.269988,-0.453498,0.294088,-0.070189,0.168593,-0.270691,-0.670794,0.686848,-0.136594,0.668394,0.13221,0.397343,0.523983,0.907315,1
-0.289638,0.131766,0.0360253,0.267131,0.614512,0.242391,-0.921433,0.898352,-0.222881,-0.00614909,-0.161945,-0.364856,-0.282784,-0.506178,1.16274,0.0464473,-0.28803,0.782389,-0.939966,-0.290409,-0.151309,-0.768329,0.162213,0.169277,-0.769412,-0.423034,0.0559642,-0.268681,-0.0474846,0.466053,0.478016,0.028382,0.50981,0.787693,1
-0.861409,-0.0980838,0.495295,0.880391,0.78668,0.87844,-0.909177,0.0159143,0.449961,0.000920178,-0.305941,-0.388445,0.0507555,0.0177741,-0.286686,-0.478473,-0.252504,0.559474,-0.0508968,-0.265555,0.237444,0.516281,-0.572923,0.33206,-0.0471409,-0.238734,0.771612,-0.0331398,-0.0122447,0.555878,-0.263876,-0.285781,0.551085,0.94495,1
0.259142,0.744358,0.327514,-0.304506,0.300308,-0.0292535,-0.687409,0.28022,0.153886,0.0216691,0.330337,0.471024,0.978307,0.451837,-0.590145,-0.39931,0.0904229,0.520727,-0.455155,-0.0962854,-0.370379,0.619558,-0.597655,0.4959,-0.0946078,0.825754,-0.101242,0.506132,-0.00797533,-0.154825,0.074161,0.708317,0.46948,0.926278,1
0.0377916,0.217504,0.620881,0.00606701,0.34527,1.15761,-0.0756428,1.4644,-0.636319,0.263306,-0.356446,0.157136,-0.728667,-0.223581,-0.32352,-0.575305,0.548548,-0.0205515,0.377293,-0.670133,0.475897,-0.743404,-0.814351,-0.423713,-0.152485,0.194562,-0.26305,-0.625228,0.368439,-0.462198,1.16235,-0.263442,0.459314,0.839397,1
-0.518256,0.00622524,0.340349,-0.519486,-0.607657,1.01597,-0.690735,-0.599939,-0.126695,0.0756217,0.354154,-0.44836,0.230219,-0.821629,-0.01508,-0.853652,0.036111,0.323987,-0.00840022,1.14754,-0.265918,0.427637,0.36999,0.140163,0.803074,-0.0675224,0.147542,0.755779,0.874631,0.251678,0.247949,1.07518,0.444351,0.778013,1
0.105847,-0.309637,0.814679,-0.545339,-0.566655,0.0980615,-0.249051,-1.143,-0.32362,0.707651,-0.514921,0.422801,0.0936932,1.07658,-0.210591,1.11454,-0.683546,0.0569577,0.19017,-0.447851,0.931708,-0.0925071,0.671827,0.165188,1.15334,0.0893639,-0.181797,0.100029,0.746242,0.262028,-0.231391,0.255433,0.553709,0.781529,1
0.424996,-0.824541,0.165978,-0.237392,0.190458,-0.223358,-0.341991,0.914608,0.409051,0.465986,0.911266,0.42799,-0.578192,-0.121544,0.549565,-0.522867,-0.243433,0.62041,0.353988,0.342633,0.251681,-0.058273,0.579651,0.0727302,0.364772,-0.0358466,0.187783,-0.399067,-0.774939,-0.461785,-0.509845,0.560663,0.521551,0.924797,1
-0.133801,-0.276532,0.464345,0.0745941,-0.0159173,-1.5481,0.808842,0.0794893,0.922926,0.10261,0.174501,-0.394827,-0.369829,-0.118293,0.722711,-0.0416079,0.182921,1.1076,0.419458,-1.0036,0.395136,0.538718,-0.177171,-0.0510342,0.420558,-0.442736,-0.216177,-0.367407,0.500127,-1.11799,0.424208,0.192542,0.427098,0.761169,1
0.694768,0.0576542,-0.34174,-0.732609,-0.768393,-0.19044,-0.170254,0.319879,-0.573983,0.253484,-0.363829,-0.336815,0.0199723,-0.904195,-0.173032,0.725082,-0.71524,0.0642907,0.0199063,0.200082,-0.397561,-0.0684505,-0.248681,-0.399856,-0.0378023,0.733075,-0.601362,-0.303136,0.282736,0.882393,-0.0335824,-0.171346,0.537342,0.776933,1
0.0779876,0.159433,0.229997,0.347233,0.214385,0.519688,-0.139967,-0.284607,0.795429,0.392613,0.850375,-1.02583,-0.660242,0.518578,-0.51561,-0.821962,-0.307869,0.688547,0.281357,-0.165789,-0.0639084,0.369838,-0.107532,-0.739325,0.0710805,-0.553611,0.781494,-0.53557,-0.16167,1.28636,-0.297328,-0.00557471,0.569101,0.763087,1
0.451345,-0.770154,-0.974273,0.094179,0.215345,-0.640979,0.475715,-0.29339,-0.21902,-0.176674,0.00273417,0.672901,0.0804697,-0.793164,-0.396937,0.583281,0.388587,0.48299,-0.592126,0.863299,0.15747,0.243522,-0.126173,0.608443,0.241493,-0.23628,-0.668579,-0.595622,0.225863,-0.973796,0.893883,-0.255988,0.454987,0.80174,1
-0.0997306,-0.274707,0.166661,0.0789153,-0.40448,0.402079,-0.275503,0.242313,0.257572,-0.804975,-0.0317611,-0.26109,0.130316,0.389324,0.250206,0.531873,-0.211623,0.120959,-0.529395,-0.0600734,0.181006,-0.0386462,0.0661033,-0.590337,1.31853,0.133292,1.02312,-0.258555,0.0992882,0.213014,0.925519,-0.722417,0.449276,0.851288,1
0.95,0.88,-0.16935,0.160926,0.303237,0.0841261,0.311778,-0.071868,-0.254681,-0.139239,-0.47989,-0.194416,-0.205123,-0.474077,-0.466231,-0.0622226,-0.0855968,0.493239,-0.253375,0.381639,-0.112619,-0.190222,0.147471,0.1948,-0.0865997,0.417975,0.237426,-0.0130849,0.206822,-0.42425,-0.457027,0.190596,0.48,0.2,0
-0.377754,0.113275,0.110041,-0.955519,-0.182524,-0.669898,-0.328839,-0.0114136,-1.04961,0.213419,-0.143937,0.00225827,0.0829164,0.256782,-0.600412,0.201806,-0.169944,0.645313,0.512618,-0.263267,-0.377787,0.57146,0.198842,0.454691,0.672083,0.466712,-0.173033,-0.0363205,0.424196,0.186665,0.235603,0.3528,0.432063,0.945754,1
-0.628079,-0.0579101,-0.571224,0.251937,-1.28062,0.313998,0.0956815,-1.03388,0.187324,0.0243983,0.174988,0.967907,0.279126,-0.840863,0.0364597,-0.639149,0.720506,-0.187494,0.324241,0.302158,0.0451952,0.651316,-0.0290159,-0.902381,-0.94252,0.277419,-0.57248,-0.926739,-0.0888147,-0.538312,0.00820994,-0.225543,0.576411,0.819017,1
0.0533072,-1.02539,0.875226,-0.707228,-1.16605,-0.311958,0.383018,-0.422739,-0.891818,0.108598,-0.0732586,-0.350249,0.584948,-0.0858814,-0.129071,-0.740875,-0.511222,0.423636,0.703918,-0.363625,-0.231113,-0.0523195,0.18554,0.283484,0.000134986,-0.205774,0.888369,0.587496,0.0449712,-0.592832,-0.513789,0.0968066,0.446335,0.831874,1
0.165036,-0.0876671,-0.238914,-0.150581,0.311291,0.138567,-0.0163948,0.518439,-0.158884,0.0249617,-0.52112,-0.72221,-1.21912,0.130255,0.34158,-0.0309798,0.760731,-0.473468,0.276113,-0.727381,-0.0638268,0.875577,0.231932,0.806025,-0.59971,0.0250688,-0.253163,0.235366,0.456769,0.392133,-1.00584,0.25041,0.441838,0.90489,1
-0.60855,-0.0288678,-0.496087,-0.498782,0.385418,-0.0526405,0.306896,-0.0813389,0.648755,0.34851,-0.264386,0.426703,0.408531,0.396866,-0.399746,-0.253396,-0.143402,-0.279247,0.387078,1.33489,-1.27173,0.309633,-0.0843103,-0.462601,-0.195101,-0.32964,0.281979,-0.213948,0.186893,0.216697,-0.613565,-0.812242,0.574277,0.819963,1
0.273512,-0.829916,0.824572,0.0999727,0.573558,-0.156682,-0.514883,0.493249,-0.0122953,0.430433,0.714723,0.841116,-0.0928302,0.0192247,-0.227005,-0.0885483,-0.774751,-0.900549,0.0297895,0.0179434,-0.0352008,0.0703318,-0.150917,-0.310882,0.320929,0.295724,0.299383,-0.289829,0.856145,0.150473,-0.558949,0.0362894,0.445439,0.923663,1
-0.269408,-0.263555,0.8414,-0.00410665,0.0862323,-0.103385,-0.599523,-0.947854,0.160706,-0.532856,0.328483,-0.347428,-0.343655,-0.217813,-0.528897,0.89737,-0.649567,-0.0178011,0.00232066,0.161688,-0.191315,0.727703,-0.322507,0.712801,-0.619805,0.75132,-0.469405,0.256124,0.404526,0.165338,-0.294015,-0.270511,0.430063,0.776293,1
0.722916,0.620867,-0.723961,-0.475837,0.533509,-0.322276,0.0590443,0.864733,-0.416019,-0.22063,-0.426432,-0.21965,0.458771,0.226873,-0.410332,-0.215771,0.116304,0.41033,-0.187122,0.405941,-0.33124,0.327132,0.0874412,-0.165975,0.827529,-0.576512,0.195966,0.0980214,-0.410866,-0.0845023,0.271461,0.231446,0.504808,0.779098,1
0.138331,0.167467,0.394877,0.382867,0.241513,7.95,0.121612,0.173496,0.371987,0.333281,0.218701,0.213437,0.365919,0.368025,0.11147,0.128634,0.265738,0.20479,0.139331,0.295417,0.175709,0.134874,0.192083,0.250316,0.267717,0.280764,0.127404,0.22296,0.297787,0.295043,0.318306,0.144968,0.52,0.82,1
-0.058556,-0.235602,0.548068,-0.495356,-0.879566,0.00335519,0.192582,0.653035,0.0570482,-0.790558,1.10532,0.278485,0.0254217,-0.803505,0.739681,-0.653539,-0.35737,0.485229,0.13362,0.552605,-0.559367,-0.636324,0.00891779,0.601579,0.107235,0.637828,-0.258518,-1.39247,0.166038,0.162022,0.337259,0.536367,0.42606,0.883671,1
-0.876131,-0.585047,-0.244585,0.593105,0.702743,0.969284,0.701893,-0.769405,0.461381,-0.205751,0.12551,0.0938361,-0.60384,0.481071,-0.543824,1.03182,0.476403,-0.286649,-0.0562208,0.739412,-0.351898,0.18154,-0.691451,-0.203831,0.389182,0.32354,-0.734598,-0.171691,0.0688426,-0.0720392,-0.237285,0.0686036,0.474232,0.910459,1
0.397488,1.175,-0.524083,0.169637,-1.0747,0.754316,0.292842,1.00502,-0.248082,0.116048,0.237556,0.212382,-0.0750215,-0.258709,-0.232433,-0.178262,0.246468,-0.13545,0.453236,-0.610282,0.0899017,-0.372471,0.148696,0.289763,-0.322469,-0.216324,0.595559,0.460392,-0.293075,-0.160445,-0.330666,0.277624,0.504183,0.90799,1
-0.388283,-0.0708302,0.0243416,0.541172,0.00391905,-1.18815,0.801387,0.536727,-1.63166,0.451274,-0.0125245,0.00724307,-0.367698,-0.142909,-0.311443,-0.512873,-0.168688,-0.28245,-0.392125,1.0977,-0.316139,-0.13318,-0.284932,0.373409,0.0841043,-0.450489,0.315684,0.674465,-0.257472,1.17287,-0.10079,0.850462,0.488235,0.86548,1
0.82902,-0.653337,0.570922,-0.183325,0.0962473,-0.555313,-0.54826,-0.536804,-0.466931,-0.0517683,-0.149496,0.00613044,0.718771,-0.578216,-0.492358,-0.0109648,-0.175197,-0.125946,-0.163754,-0.470604,0.0752677,0.298433,-0.263304,0.459287,-0.662687,-0.392363,0.213039,0.314876,-0.192297,-0.288332,-0.327922,0.21089,0.510055,0.874992,1
0.346169,0.560573,0.709851,0.398132,1.07758,-0.805166,-1.03267,-0.0947045,-0.885405,0.168181,-0.641537,0.0625753,-0.385309,0.367763,0.226132,-0.795817,0.0355087,-0.253071,0.0234439,-0.27113,-0.487651,-0.355465,-0.404167,0.43131,-0.0917348,0.118943,0.746389,0.729448,-0.391566,-0.368883,-0.628826,0.309022,0.544428,0.853383,1
0.457221,-0.0737333,-0.00473585,0.573206,0.0643182,1.12754,0.983249,0.0594908,-0.64832,0.292036,-0.0302643,-0.270618,0.592678,1.36978,0.067656,-0.40373,-1.2234,-0.553838,-0.109189,0.666236,0.315895,-0.910771,0.477714,0.643187,0.300068,0.844131,0.365258,0.284224,0.188267,0.645417,-0.572591,-0.905976,0.550662,0.943295,1
0.516855,-0.0717661,-0.658114,-0.5488,0.761127,-0.794631,0.63894,-0.681297,0.69934,-0.380733,-0.544097,1.24906,0.702102,0.202931,0.934074,-0.139428,0.804749,0.44304,0.660643,-0.528323,-0.683732,-0.0766309,-0.309033,-0.245555,1.10413,0.39794,-0.0506545,-0.489663,0.353815,0.687428,0.448915,-0.634643,0.504004,0.782495,1
-0.421068,-0.162456,-0.0377205,0.538471,0.148357,-0.611874,-0.166586,-1.3164,0.435166,-0.337281,0.437861,-0.341281,-0.2245,0.0803399,-0.0490766,-0.0835916,0.86518,0.410747,-0.383613,0.327189,0.229392,0.0315402,0.287695,-0.395442,0.508715,-0.806466,-0.376485,0.786943,-0.436022,0.29967,-0.309829,0.791207,0.576582,0.817198,1
0.122672,-0.0303936,-0.709587,1.28369,0.0330366,-0.337933,0.0955025,-0.457447,-0.101437,-0.244239,-0.46666,-0.0442706,0.0184384,-0.421947,0.872638,0.133096,-0.455274,0.000805188,0.1747,0.401697,-0.119357,-0.168434,-0.519071,0.562656,0.705704,0.239609,-0.0504335,-0.0527003,0.600636,-0.134219,0.179502,-0.365766,0.51236,0.766833,1
0.228736,-0.127516,0.435183,0.424015,0.125442,-0.210952,-0.328164,-0.200351,-0.0675352,-0.196476,0.00135945,0.0692931,-0.199909,-0.473337,0.0266739,-0.328995,-0.703393,-0.0301029,-0.628818,0.0371148,-0.23433,-0.120817,-0.0377831,-0.250742,-1.13657,0.396606,-0.541175,-0.0276401,-0.0370786,-0.298777,0.140262,0.768816,0.530611,0.948872,1
-0.735688,-0.76498,-0.905864,-0.0486194,0.581555,0.723559,-0.258642,0.700144,-0.138481,-0.284959,-0.44892,-0.447426,-0.842554,-0.236569,0.0311044,0.398911,0.0237083,-0.940815,-0.372499,-0.33024,-0.445574,-0.706511,-0.250875,0.889581,0.279236,-0.324029,0.0657628,0.250748,0.754656,0.772434,0.907979,0.0549867,0.578638,0.837707,1
-0.648933,0.0777483,0.957684,-0.221753,0.354435,-0.0481502,-0.289463,0.32894,0.263129,-0.181703,0.143401,0.385306,0.155368,0.833121,0.333833,0.0467899,0.205338,0.187061,0.62152,0.0352069,0.00223733,0.150096,-0.790414,-0.178133,-0.269355,0.86179,-0.269025,0.010737,0.791699,-0.586217,0.372544,0.336475,0.508138,0.874227,1
-0.500758,0.0323354,0.521052,-0.955236,1.40793,0.261274,-0.224618,0.708791,-0.109919,0.625325,0.246134,-1.31079,-1.66661,-0.49996,0.104475,-0.629146,0.0716785,0.0355351,-0.343296,-0.270525,0.866526,0.152447,0.0144015,-0.339811,-0.123759,-0.402372,0.773645,-0.694124,0.51766,-0.38018,0.0645975,-0.0695752,0.511253,0.784792,1
0.536244,0.385541,-0.0462496,-0.23927,0.0859962,0.337541,-0.426118,-0.168833,0.873156,0.145867,1.16448,-0.268881,0.291015,0.273671,-0.435284,-0.446122,-0.0727438,1.13407,0.32806,-0.290497,0.21712,0.872908,-0.583864,-0.477954,-0.396424,-0.719534,-0.358066,0.649122,-0.109163,0.451298,0.745382,0.185379,0.490278,0.835044,1
-0.535703,-0.141889,-0.347344,-0.508641,-0.418117,-0.524137,-0.810777,0.834593,0.912272,0.748118,0.456988,-0.595059,0.551864,-0.372963,-1.53609,0.16191,0.13571,-0.743857,-0.817874,0.17988,-0.177109,-0.597732,-0.0818223,0.190843,-0.998986,-0.289447,-0.328994,-0.67873,-0.772642,-0.483401,0.484122,1.00764,0.474239,0.875421,1
-0.196609,0.188942,-1.20372,-0.25103,0.0260026,0.716003,0.538586,-0.455506,0.311594,0.0499053,-0.193137,0.481163,0.457972,-0.47905,0.734052,0.0890081,0.933589,-1.03612,-0.270895,0.0550514,0.329366,0.91428,-0.867991,-0.473977,0.764569,0.32076,-0.834777,0.447237,-0.118237,-0.0625547,-0.0398315,0.288978,0.435987,0.900355,1
-0.406029,0.554249,-0.21039,0.87455,0.127155,-0.206274,-0.0876276,0.188917,-0.0735879,-0.547223,0.274385,0.405295,-0.745585,-0.038857,-0.670256,-0.224472,0.220296,-0.0805368,-0.225404,0.366454,-0.334831,-0.965962,-0.488378,-0.0142435,0.0687438,-0.605726,-0.270028,-0.507266,-0.529349,-0.605247,0.149922,-0.144314,0.458791,0.911762,1
-0.917006,-0.403345,0.481829,0.0538242,-0.0728646,-0.922558,-0.79066,-0.0928912,0.447352,0.0338598,0.432449,0.15635,-0.234386,-0.429299,0.54855,0.312686,0.511488,1.04549,-0.724446,-0.113054,0.354757,0.74148,0.0352118,0.406217,-0.165152,0.01721,0.242103,-1.13732,-0.421974,0.250337,-0.153199,0.108313,0.489673,0.903547,1
0.428239,0.159382,0.793391,0.104266,0.51619,-1.01362,-1.04432,0.106434,-0.0580917,0.0680213,0.350711,0.383533,-0.63409,-0.00556032,0.410805,-0.891357,-0.410291,-0.317078,-0.737235,0.119472,-0.493471,-0.497137,0.129797,0.378511,-0.065661,0.234768,-0.163557,0.313485,-0.244762,-0.0137293,-0.630145,0.507556,0.579817,0.86745,1
0.292095,-0.346656,-0.149189,0.416395,-0.105129,-0.451606,-0.0182923,0.555312,-0.0144426,-1.18618,-0.101545,-0.73047,0.18871,0.317364,-0.643674,0.045528,-0.335546,0.442662,0.596907,0.246823,0.060776,-0.804901,-0.226385,-0.303045,0.510652,-0.100074,-0.64095,0.0224467,0.380485,-0.0278044,0.379925,-0.0608462,0.578605,0.777688,1
0.95,0.88,0.436826,0.460885,0.476509,0.411225,-0.49337,-0.48775,0.219689,-0.0407179,0.0804061,-0.0813343,0.231352,0.278001,-0.0079134,0.260498,-0.439025,-0.359197,-0.3351,0.259728,-0.241945,-0.28636,-0.426847,0.0707913,0.253484,-0.0805466,-0.256959,-0.0610768,-0.0274597,-0.298884,-0.140134,-0.210706,0.48,0.2,0
0.0438823,-0.259806,0.834226,0.380762,0.426755,-0.486044,0.680237,0.131745,0.124044,-0.476078,-0.185552,0.00563176,-0.37882,-0.454812,0.12561,0.446821,-0.530295,-0.00466828,0.625117,-0.0359766,0.155409,-0.00448301,0.329611,-0.581408,0.259385,-0.475165,-1.22472,0.859824,0.194505,-0.345526,0.164764,0.612367,0.434928,0.893182,1
0.382492,0.135545,0.080908,1.18803,0.433338,1.15074,0.115206,0.861838,-0.201902,-0.501495,0.639779,0.472248,-0.444711,0.873935,-0.354706,-0.152775,-0.0521994,-0.431944,1.0755,0.037237,-0.952253,-0.016381,-0.185078,-0.489052,-0.503583,-0.134108,-0.580544,0.09042,0.440517,0.231869,-0.371279,0.373423,0.502013,0.808676,1
-0.117239,0.262458,0.370814,0.344817,0.193182,0.0119051,0.0997075,0.275772,0.492646,0.250565,0.074596,0.0550733,0.485268,-0.477545,1.02991,-0.481612,0.322529,0.940605,0.406901,0.617454,0.332499,-0.0565312,-0.217632,-0.211567,0.260765,0.167849,0.142731,-1.06871,-0.312579,-0.196675,-0.137325,1.07498,0.475765,0.79759,1
0.428637,0.232306,-0.0390198,-0.724465,0.651795,0.310249,0.876697,-0.174633,-0.662723,0.844212,-0.441055,-0.111192,-0.617099,0.335823,0.0993585,0.242544,-0.334566,-0.0638757,0.958248,0.604019,-0.296006,0.225087,-0.170299,-0.123941,-0.0835289,-0.926583,-0.0318691,-0.359243,-0.178048,-0.550261,-0.293127,-0.202435,0.50318,0.924127,1
0.863381,0.379167,-0.446099,0.649931,0.994305,-0.612488,0.0173924,-0.88473,-1.21392,0.171657,-0.0626784,0.35064,0.327169,0.282097,-0.702384,0.461065,-0.733633,0.181726,-0.132632,0.357551,-0.199815,0.323302,-0.77177,0.00560654,-0.421977,0.386487,-0.443158,-0.210013,-0.159195,0.224229,-0.919069,-0.300333,0.508146,0.864869,1
0.505509,0.0377031,-0.352168,-0.131493,-0.338842,0.212804,0.428251,-0.0428783,-0.0409381,0.113794,0.589561,-0.957769,-0.435548,0.0797747,-0.189413,-0.896087,-0.475695,-0.745161,-0.0489207,-0.00745364,-0.192997,0.221118,-0.0843158,-0.367182,-0.95221,-0.916609,0.401292,-0.145748,-0.245669,-0.056028,-0.416307,-0.822798,0.529892,0.948448,1
-0.37618,-0.940271,-0.159941,-0.375362,0.519684,0.691965,0.290777,0.146651,-0.0190107,-0.166256,-0.030847,0.231824,0.469565,-0.0124161,-1.55675,-0.104425,-0.234332,0.417833,-0.851607,-0.0868972,0.684915,-0.488136,0.0219082,-0.719185,0.227852,-0.748512,-0.223966,0.900377,-0.377894,0.385614,-0.372715,-0.0905287,0.475907,0.816472,1
0.48692,-0.54388,-0.157536,-0.228395,-0.0299922,-0.0188155,-0.13676,-0.100284,-0.211174,0.218095,-0.186072,-0.291206,-0.318935,-0.160773,-0.136881,0.224743,0.613784,0.296718,-0.0250936,0.253848,-0.0618349,-0.128123,0.64562,0.0591536,-0.497265,-0.705965,-0.53534,-1.01565,0.418106,0.121978,-0.721931,0.350879,0.471036,0.921295,1
0.235552,-0.149698,0.657224,0.313688,0.233905,-0.119739,0.635592,0.38886,-0.686936,-0.381516,0.162898,0.241514,0.519358,-0.701342,0.265079,-0.378031,-0.00431069,-0.622044,0.0379401,-0.775749,0.408183,-0.0507268,-0.479671,0.969982,0.149,0.258183,-0.139143,0.176651,-0.0261919,0.600403,-0.293557,0.0658501,0.459423,0.849593,1
-0.580444,0.262196,-0.227217,-0.399574,-0.112017,-0.0177142,-0.177441,-0.293837,-0.21254,0.324254,0.589628,-0.0239201,0.561419,0.203582,-0.30459,0.947728,-0.0498157,0.29555,0.109566,-0.348024,-0.218777,0.490718,-0.171818,0.0597065,0.798934,-0.32487,0.0741248,0.408942,-0.569848,-0.53397,-0.475736,-0.523958,0.529739,0.931208,1
-0.600126,0.0774228,-0.252109,-0.344403,-0.271345,0.209711,-0.697127,-0.994577,-0.00341266,0.931427,0.692704,-0.329531,0.454944,-0.575202,0.469485,-0.380162,0.277879,0.781464,-1.02813,0.932108,-0.253793,0.660615,-0.700881,-0.611808,-0.105702,0.670576,-0.635142,0.121093,0.938539,0.231116,1.39205,0.725942,0.430604,0.792098,1
0.95,0.88,-0.402665,-0.117724,-0.225917,-0.32107,0.255782,0.138468,0.199873,-0.243734,-0.0714309,0.278072,-0.0485117,0.433328,0.465956,-0.427837,0.182742,-0.182308,0.150636,-0.390453,-0.00760055,0.213895,0.458405,-0.391572,-0.0226111,0.301904,-0.280212,0.29837,-0.0583712,-0.20795,-0.0231761,0.332936,0.48,0.2,0
0.300788,0.294697,0.122615,0.393074,0.372143,7.95,0.342777,0.398065,0.28034,0.391648,0.270513,0.320565,0.233798,0.297925,0.270955,0.22698,0.354453,0.164508,0.309484,0.127636,0.128351,0.321054,0.189238,0.269124,0.362593,0.352489,0.397211,0.163279,0.397855,0.294782,0.374456,0.310501,0.52,0.82,1
0.95,0.88,-0.0725557,0.48291,-0.0427955,0.0896758,-0.485001,0.499628,-0.432526,-0.211443,-0.220276,-0.113881,0.26095,0.265478,0.0129529,-0.290094,-0.152072,0.252303,-0.041481,0.347342,-0.210575,-0.0630989,0.380154,-0.409267,0.369404,-0.104602,0.359339,-0.353494,0.229944,0.126751,-0.13435,0.46049,0.48,0.2,0
-0.254956,0.304948,-0.0582952,-0.774872,0.552304,0.331941,0.0684569,-0.584762,0.429735,0.4828,-0.638623,-0.318051,0.394471,-0.346107,-0.423866,0.89192,0.0421718,0.230208,0.635354,-0.553298,-0.248072,-0.0731535,0.331726,0.0453168,0.401463,0.253814,-0.081277,-0.705963,-0.85583,0.362871,-0.315143,0.546433,0.539551,0.907477,1
0.0191321,-0.64726,0.874878,0.53295,0.130403,-0.0670778,0.0456164,-0.192138,0.0154179,-0.0676553,-0.321338,-0.312732,-0.0418436,-0.189157,0.117387,0.24806,0.223102,0.248523,0.195363,0.993463,0.487279,0.423476,-0.160764,0.799274,-0.848195,0.368588,0.399807,0.742933,-0.463274,0.373682,0.298092,-0.336715,0.55135,0.878658,1
-0.281227,0.878879,-0.68321,-0.188996,1.00782,-0.692807,-0.584057,-0.601912,-0.00180972,0.065081,0.407521,-0.16356,-0.477404,-0.118422,0.171409,0.358113,-1.29614,-0.632783,0.146729,-0.938979,-0.355994,-0.196548,-0.545454,0.109448,0.611762,0.149934,0.594677,-0.747661,-0.559322,-0.00263821,-0.342455,-0.467568,0.439716,0.794767,1
0.485587,0.225909,-0.90429,-0.628779,-0.756164,0.703825,0.121045,0.828874,0.172185,0.990849,-0.525849,0.180199,0.410482,-0.603913,-0.422303,-0.323116,0.00553926,-0.708175,-0.0133427,0.569313,0.283687,-0.788349,-0.00159449,-0.335501,-0.32145,0.882009,-0.0607046,-0.369913,0.894093,1.10039,0.0118282,-0.270248,0.565799,0.82753,1
0.39285,0.128687,0.428603,0.8285,0.370431,-0.903372,0.11437,0.230924,0.245361,-0.699256,-0.557389,-0.573618,0.181176,-0.333578,-0.0326039,0.180218,-0.258133,-0.0453769,-0.778965,0.7546,-0.490942,0.654073,-0.73406,1.00973,0.604093,0.849038,-0.617205,-0.555895,0.17501,-0.654397,-0.233533,-0.258131,0.462828,0.828096,1
0.781538,0.792095,0.457349,-0.0743284,-0.536699,0.0194593,0.720387,-1.24926,0.0169395,-0.184857,-1.2367,0.478133,0.360887,0.146814,0.289536,-0.203265,-0.436682,-0.0812256,-0.106492,-0.120199,0.281315,0.128766,-0.584511,0.418546,-0.0766208,0.366679,-0.0729673,-0.250118,-0.673718,0.98234,0.129007,0.275737,0.444868,0.8528,1
0.846616,0.223015,-0.22007,-0.156439,-0.578189,0.219646,0.386574,-0.606998,0.102881,0.0981394,0.563224,-0.117357,-0.0466228,0.0313847,-0.790355,-0.18579,0.760858,-0.564171,-0.417717,-0.740798,0.354326,0.26035,0.355869,-0.6616,0.362517,-0.534159,-0.703022,0.869045,-0.781353,0.234041,0.630079,0.652079,0.456681,0.869744,1
0.449216,0.484079,0.698788,0.186338,0.296107,0.384306,0.0849376,0.778021,-0.151806,-0.0248619,0.485258,0.0335698,0.327566,-0.539313,0.0251304,-0.196747,0.0847656,-0.0699731,-0.0219422,0.423937,0.151821,0.196261,-0.443773,-1.10745,0.573437,0.697795,-0.00114955,0.0953346,1.03944,0.180164,-0.324834,0.566562,0.447626,0.929796,1
0.0980103,0.42985,-0.790852,-0.608892,0.0209305,0.0391407,0.619983,-0.399505,-0.367297,-0.0428899,-0.58918,-0.0609002,0.224638,0.308514,0.114399,-0.34492,0.525993,-0.399797,-0.129663,0.438668,0.541891,-0.0210046,0.0401416,0.631586,0.0689546,-0.605614,-0.689053,-0.244825,-0.92597,-0.481973,-0.172893,-1.38428,0.579817,0.793786,1
0.551846,-0.183676,-1.02425,0.510357,0.195937,0.0281549,0.194949,0.0533923,-0.0687759,0.662025,0.513106,0.915291,0.636094,-0.280232,0.071007,-1.03456,-0.448121,0.127575,-0.0760769,0.806098,-0.164191,0.803239,0.243736,0.304079,0.452186,0.674383,-0.637846,-0.314204,0.744473,0.227867,0.494957,0.303218,0.490645,0.764038,1
-0.134793,0.565938,-0.651957,-0.365004,-0.57513,-1.3122,0.785891,0.0141205,-0.412627,-0.61483,-0.315764,-0.251806,0.441745,-0.753503,0.408205,-0.477708,0.613784,0.282066,0.215457,0.441007,-0.828459,0.394703,0.303334,1.24471,0.294656,0.40907,-0.405041,-0.226433,-0.0697613,-0.311362,-0.223459,0.542027,0.456793,0.946153,1
-0.309823,-0.727234,0.0505302,-0.722427,0.135512,-0.752893,-0.151111,0.0381269,0.550056,-0.18863,0.267761,0.8025,-1.08133,0.212107,-0.142762,0.173165,0.385526,0.211638,0.492682,-0.756431,0.0299219,-0.0381207,0.441294,-0.198417,0.163461,-0.228059,0.0120199,0.347145,-0.171112,-1.12476,-0.364042,-0.681332,0.479856,0.907868,1
0.107126,-0.517916,-0.158343,0.370147,0.0486773,0.0536355,-0.327667,-0.103028,-0.0447519,-0.197377,0.354133,0.0437398,0.444645,0.201531,0.497263,0.21471,0.927479,-0.403553,0.804485,-0.695274,0.749744,0.222545,-0.352192,0.0659206,-0.521584,0.145162,0.0330346,-0.00824,0.324307,-0.569564,-0.185401,-0.446568,0.551974,0.829393,1
0.666883,0.0773805,0.609093,-0.689021,-0.664909,-0.916662,-0.416046,0.809523,-0.956553,0.0607792,-1.06654,0.717718,-0.225555,0.643815,-0.442875,0.253505,-0.87092,-0.626889,0.090163,-0.799438,-0.28624,0.420012,0.426742,-0.330882,-0.426239,0.135715,0.164287,-0.399157,-0.291721,0.116761,0.000643214,0.290873,0.579598,0.927703,1
-0.129452,-0.106579,0.17396,0.0505741,-0.215794,0.750507,0.401973,0.854887,0.775527,-0.55278,0.420492,0.569169,-0.337027,0.0286381,-0.522286,-0.372196,1.10687,0.318335,-0.327587,0.132625,-0.537853,0.0760387,0.427641,0.439567,-0.521958,1.09172,-0.973787,0.288964,-0.184035,0.502221,-0.619218,-0.174061,0.452894,0.898585,1
-0.255107,-0.59708,0.0413205,-0.201241,0.714688,0.260718,-0.881343,0.195716,-0.334953,-0.0825675,0.629405,-0.0301894,-1.08815,0.293406,0.0550019,-0.405394,0.212135,0.0661893,-0.26204,-0.184539,0.128717,-0.82012,-0.0756312,-0.383282,0.0207946,0.308952,1.14829,0.406454,0.266377,0.110139,-0.561978,-0.15417,0.463503,0.800798,1
0.422006,-0.133396,1.21095,0.211845,0.0448069,-0.144748,0.445512,-0.378794,0.714729,-0.00567614,0.17097,-0.14439,0.342761,0.700303,0.313119,-0.590288,-0.0404912,-0.146073,0.172911,0.0559803,0.39338,-0.818283,0.023305,-0.340048,-0.0492059,-0.00515304,-0.207277,-0.136287,-0.538959,0.332001,0.160592,0.377317,0.473142,0.776904,1
-0.0469507,0.240009,-0.675907,0.0191702,0.394968,-0.296196,-0.413369,0.00250125,-0.116719,-1.10795,0.174123,-0.114511,-0.0716663,0.0632626,-0.32153,-0.788783,0.488627,0.536901,0.264156,0.838724,-0.731896,0.429888,0.187115,0.457306,0.168134,0.388985,0.173456,-0.286492,0.716206,-0.0783608,0.115986,-0.0973748,0.444241,0.903455,1
0.948507,-0.182194,-0.212135,0.0609174,-0.893861,0.00236944,-0.5954,0.269597,-0.533058,0.0777568,-0.34554,-0.49286,-1.73163,-0.216593,0.338447,0.42438,-0.182796,0.0391917,-0.183076,-0.0602209,-0.33951,-0.542044,0.0149355,-0.111966,0.603888,0.0981983,0.191697,-0.891342,-0.419986,-0.566397,-0.31726,-0.0818228,0.443141,0.825671,1
1.31857,0.361587,-0.17613,-0.221684,0.409823,-0.202607,-0.0369819,0.127742,-0.488316,0.276387,-0.0992132,0.100508,0.869358,-0.38212,-0.325555,0.415724,0.396967,-0.243039,0.369455,0.774244,-0.661091,0.33154,-0.501966,0.842792,0.276214,-0.123448,0.21433,-0.706509,0.0434537,-0.415058,-0.192646,-0.0237069,0.468138,0.851552,1
0.438256,-0.0969693,0.296181,-0.0644917,-0.178844,0.953393,-0.497302,-0.305739,-0.107473,-0.168468,0.435613,0.178075,-0.726799,0.641981,0.577741,-0.449684,-0.651176,0.630396,0.910205,-0.776753,0.162967,-0.286384,-0.17795,-0.0816097,0.316378,-0.207426,0.720705,-0.121872,-0.34359,-0.294593,-0.663843,0.23986,0.445037,0.834444,1
0.433922,-0.797128,-0.53222,0.0523252,0.288657,0.511323,-0.65734,-0.457579,0.886858,-0.535533,-0.220309,-0.900543,0.396103,-0.783347,-0.844804,-0.567003,-0.335221,-0.106281,-0.239117,0.376389,0.57043,-1.03571,-0.11834,0.299132,-0.0841304,0.122706,0.0454358,0.189001,-0.198284,-0.315395,-0.424891,0.0911783,0.502638,0.940233,1
-0.137237,0.123265,-0.0565484,-0.677567,-0.118605,-0.353559,-0.324754,-0.865562,-0.0482577,-0.152827,0.712406,-0.523469,-1.25355,-0.665137,-0.177449,0.765117,0.192023,0.271951,-0.238393,-0.421571,0.17839,-0.0465834,-0.58023,-0.852831,0.503208,-0.264085,-0.475143,-0.151167,-0.0790896,0.0821945,0.774372,-0.566371,0.444455,0.865924,1
-0.192353,-0.155532,0.37166,0.865439,-1.1715,0.696598,-0.305414,0.188511,0.759418,1.02374,-0.249189,-0.283,0.203763,0.329734,-0.06877,0.0757325,-0.262067,0.0524845,-0.352446,0.894054,0.0953964,0.0500746,-0.523583,-0.286493,0.582051,0.0462259,0.916217,-0.141598,-0.294159,-0.129522,0.894267,0.0324223,0.444157,0.77185,1
-0.678362,0.117553,-0.431102,0.646479,-0.372803,-0.2108,-0.0290513,0.541441,0.602997,0.212612,0.726839,-0.429298,-0.237536,0.448424,0.0485041,-0.313935,0.510835,0.0591188,0.263318,0.0189381,-0.133251,-0.670836,0.984478,-0.0572004,0.16826,0.0889179,0.452384,-0.0383745,-0.0988108,0.768842,-0.389332,0.835841,0.534392,0.822684,1
0.541816,0.286787,0.177011,-0.166169,0.286917,-0.246276,-0.169643,0.369786,0.553361,-1.41879,-0.493364,0.0676859,0.0757431,-0.190284,0.489,0.12371,-0.482966,-1.0287,0.130502,-0.376465,0.476146,0.29478,0.851355,-1.06823,-0.371052,-0.125545,-0.232114,-0.465673,-1.23112,-0.195911,0.124162,0.91126,0.464575,0.798871,1
0.467803,0.379979,-0.524698,0.515155,0.383506,0.57193,0.0577721,0.254219,0.207329,-0.603716,0.182105,-0.58244,0.0453117,-0.648715,0.529107,0.129157,-0.592821,-0.761988,-0.193141,-0.208506,0.0729,0.855304,0.305393,0.559931,-0.583111,0.406774,-0.259646,-1.76068,-0.783219,-0.878551,0.944026,0.621584,0.434233,0.806107,1
0.222311,-0.526378,0.476087,-0.866208,-0.445779,0.418345,-0.54728,-0.0986625,-0.7277,1.0467,-0.535037,-0.405882,-0.513152,-0.364188,1.02325,0.0952852,0.121593,0.058468,-0.703728,-0.250051,0.127732,-0.0966906,-0.458646,0.321268,0.227626,0.695635,0.218608,-0.0629246,-0.406527,0.289824,-0.408481,-0.357783,0.438572,0.864895,1
0.495101,0.761355,-0.259111,-0.76708,0.0450749,-0.313879,0.536971,-0.693655,-0.759949,0.430462,0.122523,0.286608,-1.25602,-0.0869365,-0.878153,0.438731,0.534727,-0.0197482,0.0462213,-0.105617,0.016277,0.0721246,-0.607741,-0.264139,0.119565,0.730723,0.751508,-0.0903807,-0.236513,0.675864,0.249901,-0.567293,0.423985,0.948751,1
-0.0918703,0.0481213,0.279092,-0.801749,-0.0804454,-0.867789,-0.440715,-0.278059,-0.350415,-0.27764,-0.123061,-0.783435,-0.773652,-1.08882,0.648843,0.0565043,0.0487,0.111184,-0.0418815,0.456721,0.469615,0.0641003,0.447255,-0.342162,-0.339981,0.562541,0.257571,0.534166,-0.327256,-0.824463,0.480917,0.149229,0.572652,0.91545,1
0.421315,-0.52623,-0.287764,-0.0646951,0.905062,-0.485165,-0.609619,-0.13526,-0.609398,-0.763452,0.261507,0.0482295,-0.0727892,-0.508224,0.611181,-1.24412,-0.320716,0.0819114,0.359942,0.948236,0.495579,0.276915,0.0274964,-0.247787,0.369889,-0.08472,0.071058,0.356093,-0.0650316,-0.282566,-0.0201074,-0.637923,0.469085,0.896456,1
-1.08521,0.253504,-0.514521,-0.0827984,-0.62989,-0.220454,-0.233054,0.720648,-0.306759,0.0196772,0.0836381,0.336579,-0.344481,-0.478888,0.584103,1.07483,0.58793,-0.807817,-0.333999,-0.149746,-0.103184,-0.105415,0.351347,0.381573,-0.228458,0.655436,0.057089,0.0843448,-0.12249,0.0922004,0.0489714,0.346529,0.507467,0.770141,1
0.95,0.88,0.233151,0.304311,-0.220679,-0.313096,0.356803,0.201166,-0.452736,-0.497258,-0.240552,0.42775,0.22764,-0.341961,0.217807,-0.271351,-0.116384,0.161245,0.068564,0.441445,-0.418944,0.102317,-0.213968,-0.182273,-0.324883,0.187244,-0.25698,-0.489382,-0.470256,0.363819,0.39627,-0.308411,0.48,0.2,0
-0.1481,-0.309976,-0.433441,-0.404426,-0.0202791,0.32155,-0.113038,0.131895,-0.0542362,0.199463,0.911836,-0.119078,0.0963236,0.0978649,-0.316238,0.0616475,0.142237,-0.450404,-0.410133,-0.222343,-0.339008,-0.150505,0.432316,-0.296759,-0.376376,-0.00377565,-0.270515,-0.0895663,-0.181123,-0.201234,-0.390745,0.148354,0.44317,0.86116,1
-0.554359,-0.180408,0.852394,-0.515404,-0.765653,0.635877,0.95934,1.00481,-0.658381,0.256051,-0.258732,0.113754,0.583341,-0.314627,-0.133706,-0.052707,-1.00507,0.11625,0.346727,0.0815644,-0.378615,0.586062,-0.422879,-0.104323,-0.948081,0.112074,0.110513,-0.595618,0.506052,-0.552245,-0.26097,0.157536,0.509835,0.885533,1
0.792571,0.655616,0.470995,1.04109,0.0524116,-0.214039,-0.3615,-0.169582,0.0192187,-0.571543,0.336677,0.287297,-0.977121,-0.199937,-0.79751,0.93515,0.244268,-0.0171248,-0.818895,0.503829,0.331213,0.384948,-0.140792,0.986427,0.283186,0.671678,0.597179,-0.52472,-1.20979,0.368285,0.475825,0.675829,0.518446,0.835025,1
0.515001,-0.444676,-0.0378539,0.202974,0.049399,-0.672558,0.101624,0.91677,0.262867,-0.10817,0.351724,0.596785,-0.482934,-0.486337,-0.127798,-0.312839,-0.0790104,0.344648,-0.0231185,-0.526004,-0.449917,-0.021074,-0.367067,-0.565789,0.466192,0.738778,-0.198663,-0.206197,-0.167855,-0.646099,0.932247,0.0966781,0.477328,0.794702,1
1.12483,0.525431,-0.161405,-0.279499,-0.14883,-0.489878,-0.333319,0.16827,0.503947,0.278216,1.15441,-0.152275,-0.136729,0.127305,-0.651138,-0.448174,-0.0489279,-0.0921623,-0.269195,0.3925,-0.223717,0.275688,0.0605797,-0.279961,0.433338,-0.60646,-0.0153031,-0.142196,0.358528,0.416346,-0.124209,-0.902128,0.522204,0.783323,1
-0.627542,0.503178,-0.841566,0.346026,0.117228,0.154446,-0.0847821,-1.05489,-0.101453,-0.577008,-0.117685,-0.231644,-0.706142,-0.468676,-0.453691,-0.843885,-0.304008,0.583576,-0.523785,-0.386223,0.584612,-0.382118,0.125398,-0.89013,0.0923295,0.25556,0.342032,-0.372976,-0.666267,0.868831,0.897315,-0.0227108,0.567445,0.89182,1
0.44968,0.907477,0.103377,0.0968768,0.144889,-0.460527,-0.313097,-0.531359,-0.0326698,0.190519,-0.703614,-0.527865,-1.01981,0.603873,-0.264714,0.0903584,0.290475,0.301406,-0.130498,-0.82493,0.205297,0.601144,0.0908672,0.248308,-1.13697,-0.123553,-0.120452,-0.700229,-0.391286,0.942661,0.061853,-0.637072,0.499768,0.944276,1
0.00155751,0.646691,0.316275,0.774917,-1.23294,0.366999,-0.53077,-1.02237,-0.194596,-0.847397,-0.17681,0.406783,-0.080933,-0.412778,-0.177102,-0.469359,-0.164545,0.455388,0.490228,0.151028,-0.12556,-0.0132104,-0.0884677,0.454513,-0.633637,-0.283657,0.449941,-0.388477,0.0409434,-0.689884,0.583923,0.448086,0.523487,0.887438,1
0.749884,0.197455,0.0566784,-0.355922,0.179627,-0.784275,-0.655994,0.0519118,0.391082,-0.750506,0.529883,1.22938,0.225889,0.0753449,-0.245112,0.253135,0.0621772,0.524023,0.0612479,0.301548,0.311327,-0.204424,-0.184981,0.254791,0.0637591,1.1985,-0.533621,-1.34734,-0.138651,-0.156931,0.767582,-1.1063,0.549046,0.762298,1
-0.150996,-0.24119,-0.0698914,0.925437,-0.472557,-0.338846,-0.595447,0.259767,-0.612452,0.530879,-0.83488,-0.0925027,0.874311,0.339825,0.55705,0.311187,0.538064,-0.390042,-0.0934023,0.293191,0.164161,-0.576068,-0.330964,0.902837,0.073776,-0.142115,-0.251242,-0.517341,0.357229,0.0453212,-0.306312,-0.56687,0.489628,0.943919,1
0.0330006,0.563166,-0.0636218,-1.35133,0.051174,-0.207923,-0.00778816,-0.439619,-0.384493,-0.0222357,-0.20715,0.53614,0.431965,0.066472,-0.331847,0.0777452,0.0808704,0.0972181,-0.333467,-0.316418,0.535472,0.376565,0.585797,1.11286,-0.512775,-0.586406,-0.0235787,-0.331857,-0.11927,-0.569359,-0.0122667,-0.00673593,0.477678,0.788947,1
-0.346814,0.0627178,0.0880651,-0.129964,-0.483696,0.248881,1.47403,0.224671,-0.564402,0.138944,-1.49182,0.899349,0.138746,0.1578,0.729715,0.120627,0.449483,0.545637,-0.338406,0.383133,-0.403982,-0.195401,-0.107807,0.111383,-0.579035,0.100843,0.515081,-0.283969,-0.718075,0.366672,-0.669308,-0.0711663,0.514443,0.865799,1
0.307561,-0.933316,0.673777,0.864195,0.171335,0.581926,-0.0370326,-0.0291133,0.56724,1.14636,0.169104,-0.472676,-0.075287,1.15075,-0.252855,0.189874,0.426415,-0.195678,0.218974,-0.401622,0.0688417,-0.159027,0.250692,1.29179,-0.105162,0.458352,0.291466,-0.425826,0.262263,0.073417,-0.24596,-0.00978291,0.440823,0.848885,1
-0.668343,0.377722,-0.157366,-0.169289,-0.196638,0.78711,0.525057,-0.0716425,0.762608,1.56975,-0.795732,0.0222407,-0.68608,-1.1384,0.134474,0.210039,-0.469903,0.276581,-0.0555803,0.243919,0.00861003,1.01424,0.710635,-0.230492,-0.476823,-0.666891,0.0423688,-0.482679,0.184363,0.0943731,-1.26487,0.540749,0.543148,0.899722,1
0.746813,0.126971,-1.11602,0.527501,-0.298193,0.554649,-0.418307,0.450401,0.196038,-0.100336,0.390589,0.481503,0.287201,-0.498203,0.0850906,0.383846,-0.428777,0.466138,0.272643,0.00184706,-0.662276,-0.19332,0.752715,-0.700438,0.543815,-0.0960393,-0.178848,0.0137809,-0.4157,-0.0059699,-0.499569,-0.0970558,0.514197,0.855087,1
-1.16255,0.126235,-0.143296,0.510952,-0.291399,-0.40049,-0.0551177,0.116363,-0.231581,0.0577607,-0.604949,-0.7183,0.629957,0.540944,0.267205,0.584771,-0.558797,-0.168642,0.0958556,-0.751463,0.0867947,-0.358366,0.231757,-0.428187,-0.630282,-0.617551,0.327185,-1.08848,-0.573543,-0.205851,0.636606,-0.373898,0.441039,0.847259,1
0.733199,0.982336,-0.555124,0.240322,0.118509,0.751985,-0.138462,0.27924,-0.925636,0.402934,0.360383,-0.837518,-0.418585,-0.408527,-0.161584,-0.055639,0.310373,-0.53224,0.0928176,0.555685,-0.302115,0.0475667,-0.0736233,-0.631183,-0.535111,0.700327,-0.937583,0.0439015,-0.671654,0.296596,-0.282393,-0.555792,0.420841,0.911462,1
0.291917,-1.18363,0.562079,-0.0546839,-0.366651,0.851257,-0.161755,-0.0274906,-0.469796,-0.137019,0.264042,-0.470211,0.20361,-0.0800318,-0.711391,0.111603,0.0950931,0.311037,-0.881696,-0.0628649,-0.215932,-0.0340474,0.367797,-0.548242,-0.0135908,0.378822,0.244294,-1.03394,0.468482,-0.234539,-0.239184,-0.184819,0.558494,0.770811,1
0.0487827,0.203374,-0.233288,-0.884197,0.169335,-0.191112,-0.316512,0.299133,0.273782,-0.356558,-0.718613,0.141317,0.753474,0.394019,0.492311,-0.218148,0.431221,-0.868426,-0.461973,0.713808,-0.328915,-0.225874,-0.454459,-0.661928,0.0661821,-0.364987,-0.256333,-0.39671,-0.42707,0.857408,-0.604838,0.244923,0.496777,0.906759,1
0.429905,-0.633547,0.0974303,-0.161867,-0.360368,-0.603856,0.518458,-0.00989583,0.591451,0.27741,0.15074,0.191693,0.0192409,0.573203,0.615466,0.316273,0.316433,0.817518,0.0676855,-0.642051,0.790335,-0.115844,0.733509,-0.10607,-0.516477,0.399268,-0.129373,-0.113794,0.250245,0.151075,0.618552,0.288969,0.446275,0.803327,1
0.886106,-0.154421,0.102719,0.351509,-0.105017,0.679116,0.0310637,0.803432,0.0501786,0.312057,-0.2286,0.128957,-0.573326,1.02302,0.401387,0.333985,-0.226625,0.296017,0.240519,-0.403151,-0.473536,0.108908,-0.542977,-0.0503641,-1.08224,-0.539311,-0.100048,0.288701,-0.24916,-0.391285,0.0937539,0.112896,0.558423,0.764481,1
0.322896,0.0270738,0.544351,-0.171152,0.503244,-0.464067,0.226377,0.448155,0.662084,0.690834,0.0520012,-0.91372,-0.277618,-0.343436,-0.0018621,-0.624234,-0.0305426,-0.197399,-0.563357,0.214057,0.614073,0.850475,-0.109242,-0.135994,0.176423,0.455061,0.714716,-0.539757,1.04204,-0.274894,-0.105128,-0.00681069,0.50411,0.773464,1
0.0416699,-0.405666,0.618814,0.641664,0.0843335,0.15003,-0.0782795,-0.125099,-0.715422,-0.0919582,0.266096,0.047162,-0.840139,0.591338,0.162544,0.446071,0.278457,0.377719,-0.0228338,-0.154306,-0.23013,0.812355,-0.742815,-0.745915,-0.0099055,0.303769,-1.36158,-0.854864,0.978549,0.326768,-0.891585,-0.0576242,0.434718,0.834494,1
0.241247,0.280085,0.143401,0.325214,0.317396,7.95,0.164394,0.225602,0.216764,0.156072,0.364168,0.385743,0.120728,0.386661,0.342105,0.258052,0.187552,0.184732,0.292788,0.372125,0.209625,0.383781,0.199114,0.281685,0.215347,0.110976,0.165988,0.337264,0.270177,0.313847,0.131246,0.384032,0.52,0.82,1
-0.218121,0.0900054,-0.640582,0.201975,0.0722319,-0.425964,0.0216695,-0.1081,0.313878,0.0825239,-0.0756166,-0.606386,0.482563,0.570913,0.511398,-0.480031,-0.3317,-0.33876,0.106658,0.344601,-0.189662,0.179992,0.329774,-0.148147,0.358282,0.675793,-0.401042,1.39471,-0.713403,0.999133,-0.687831,0.0277072,0.490982,0.78532,1
0.578448,-0.422565,-0.503752,0.232032,-0.64596,-0.998298,0.143956,0.377915,0.904966,-0.296444,1.28023,-0.335157,0.201301,-0.38027,-0.575985,-0.265892,-0.26144,-0.569349,0.375633,0.436582,0.290518,0.0334225,-0.213518,-0.0741806,-0.934118,-0.0814384,0.184169,-0.385801,-0.473229,-0.286063,-0.268285,0.180494,0.49939,0.843643,1
0.736782,-0.37164,-0.0622078,-1.10237,-0.109627,-0.463183,-0.16984,-0.129376,-0.24178,-1.03497,-0.0497956,-0.53833,-0.280948,-0.362161,0.595926,-0.400851,-0.307648,-0.0167133,0.353146,0.507516,-0.754908,-0.503232,0.366973,0.442575,7.41797e-05,0.233639,-0.343753,-0.225823,0.0321249,0.494887,0.782917,-1.33235,0.445767,0.78183,1
0.239273,-0.464346,-0.292786,0.180989,-0.728205,0.430272,-1.0527,-0.128414,-0.332846,0.255145,0.447038,-0.39541,1.06356,-0.240495,-1.12376,-0.129636,-0.000110066,0.378326,0.557127,-0.181273,-0.0767259,0.517938,-0.461949,0.0195525,0.941297,0.0813846,0.279953,-0.205081,0.707139,-0.759641,0.54318,0.0283863,0.438824,0.785241,1
-0.0423515,-0.641827,0.413165,0.500022,0.39417,0.23734,-0.63081,-0.0161256,0.252077,-0.637633,-0.205962,-0.25709,-0.504179,0.0398275,-0.333681,1.30026,0.364432,0.241979,0.100899,-0.271867,0.8934,0.755717,-0.0170205,0.975588,0.999564,-0.290739,0.0976245,-0.246359,-0.840835,-0.435468,-0.444092,-1.08644,0.553454,0.782387,1
-0.0813853,0.00675077,-0.141335,0.505906,0.599652,-0.588601,-0.423844,-0.657254,-0.803574,-0.115964,-0.116118,-0.939135,-0.0530894,-0.510262,-0.113511,-0.29103,-0.482191,-0.0498306,0.250659,0.125544,1.33907,-0.323957,-0.202852,0.276109,-1.16085,0.377306,0.177615,0.263458,-0.228107,-0.13978,0.797088,0.315491,0.469828,0.905056,1
-0.20619,-0.378156,-0.80865,0.538421,0.964553,-0.454507,-0.0013944,1.1583,0.65646,-0.412465,-0.273043,0.0444071,0.720587,-0.335788,-0.0583022,-0.134645,0.0509441,0.139464,-0.0112221,-0.771967,-0.188935,0.559317,0.68543,-0.331655,0.25066,0.331206,0.974788,0.207301,-0.0151976,0.683915,-0.984787,0.608441,0.44473,0.803834,1
0.748462,-0.0648344,-0.462866,-0.605316,-0.138162,-0.196687,0.972111,0.248031,-0.479529,0.178402,0.595675,-0.372648,-0.547352,-0.0225399,-0.363056,0.183938,-0.343714,-0.577459,0.389834,-0.706678,-0.996693,0.337388,0.582985,0.539766,0.724663,-0.0072475,0.622336,0.845899,0.255965,-0.196448,-0.945763,0.411869,0.457639,0.855399,1
-0.177299,0.0708377,-0.184264,0.261372,-0.369501,0.150234,-0.314115,-0.304824,-0.283734,-0.491244,-0.0551435,0.139481,0.326209,-0.276166,-0.794301,0.425864,-1.06039,0.354259,0.117098,0.00107319,-0.0123992,-0.743785,-0.168207,0.773284,-0.140645,-0.39418,-0.604344,0.545538,-0.128802,0.0746655,-0.266586,0.397908,0.503604,0.812577,1
-0.590955,0.0192178,-0.459815,0.129772,0.163129,0.751982,-0.143376,-0.116108,0.37476,0.151486,0.586935,-0.0386215,-0.326015,-0.0921024,-0.241525,0.775763,-0.277555,-0.381123,0.04398,0.524578,0.269777,-0.0794243,-0.511747,-0.0459372,-0.539371,-0.0835211,-0.0130458,-1.37225,0.388854,-0.684751,0.190639,0.771978,0.538299,0.948551,1
-0.482773,-0.140567,0.0120699,0.594838,0.0578167,0.123296,0.217753,-0.507069,0.33141,0.0177365,-0.36722,0.501119,0.656975,-0.159444,-0.26375,0.0228874,-0.475506,0.111943,-0.204464,-0.0931832,-0.665357,-0.293382,0.291,-0.05841,0.360823,-0.252092,-0.338764,0.0634569,0.414889,-0.0986413,-0.557696,0.0506144,0.546712,0.932332,1
0.170999,0.506408,-0.0621335,-0.351537,-0.198014,-0.00130711,-0.187881,0.437147,-0.430131,-0.0420551,-0.699888,-0.00894071,0.979898,0.580646,-0.924123,-0.0417674,0.2714,0.100436,0.274515,0.272281,-0.158321,0.0175663,-0.216721,0.381572,0.132668,-0.314277,0.441316,0.0290585,-0.655547,0.177556,-0.219514,-1.03825,0.557882,0.946533,1
0.354304,-0.56893,0.366514,0.534576,0.597686,-0.119451,-0.200136,-0.170444,0.214662,0.432736,0.477992,-0.129775,0.0228641,-0.701009,-0.0490589,-0.202171,-0.397176,-0.822932,-0.465427,0.248859,-0.110772,0.632765,0.255075,-0.212358,-0.13092,0.00303486,-0.237033,-1.2146,0.456173,-1.36424,-0.16712,0.0961756,0.527035,0.886161,1
-0.374991,-0.473899,-0.268892,-0.0103685,0.487937,0.692935,-0.262796,0.435349,-1.20227,-0.101165,-0.0780758,0.308698,0.151453,-0.426085,0.253693,0.300604,-0.125536,-0.108854,0.0299083,-0.427709,-0.198518,0.0156815,0.931042,0.632248,-0.43061,-0.0753537,-0.549459,-0.591217,0.593744,-0.412117,-0.147695,-0.714451,0.452331,0.893449,1
1.13877,0.509537,-0.107341,-0.643642,-0.381744,0.173583,-0.780121,0.142615,-0.166848,0.7244,-0.15613,-0.467216,0.40796,-0.226387,-0.991022,0.672334,0.74604,0.680695,0.164215,-1.1352,0.436639,-0.162884,0.122918,0.20933,-0.198626,0.442644,1.37395,0.517082,-0.212053,-0.175256,0.0820889,0.634622,0.480674,0.768065,1
0.136134,0.379887,0.378657,0.105242,0.247203,7.95,0.201633,0.341109,0.178329,0.101527,0.116427,0.274463,0.283145,0.276628,0.198216,0.175317,0.162755,0.143257,0.214623,0.209525,0.351221,0.308054,0.37589,0.160141,0.121177,0.212451,0.180751,0.16361,0.365478,0.238493,0.277491,0.356099,0.52,0.82,1
0.33139,-0.760957,-0.163549,-0.0840586,0.124235,0.237441,0.169146,-0.590652,0.651063,-1.20542,0.307478,0.230723,0.268154,0.214516,0.307754,-0.183752,-0.151984,0.094866,-0.0759669,0.739519,-0.483998,-0.163246,-0.137688,-0.899314,0.759872,-0.194352,0.54202,-0.334131,-0.185825,-1.23636,0.151539,-0.471182,0.501942,0.89666,1
-0.283718,0.584465,-0.706413,0.411027,-0.654903,0.0711692,-0.744054,1.00346,0.792292,0.0210056,1.12427,-0.371064,-0.232195,0.148372,-0.123317,0.247112,-0.0555371,-0.209121,-0.00151966,-0.438839,-0.0598299,0.824317,-1.00714,0.42797,-0.392765,0.327023,0.782781,0.517562,-0.0809308,-0.422804,-0.0976671,-0.782733,0.428879,0.771531,1
-0.382867,0.836257,-0.51845,0.488311,0.302721,0.0984626,-0.142396,0.388792,-0.606122,0.607537,0.440829,-0.188885,-0.65837,0.51997,0.0130815,-0.411375,0.380848,-0.287743,0.378869,-0.441043,0.322905,0.481371,-0.00597907,0.394632,-0.234808,-0.512212,-0.0137964,-0.873863,-0.0229786,0.0526454,-0.0747693,0.345912,0.454783,0.819071,1
-0.248299,-0.562996,-0.437238,-0.0536526,0.179551,0.658825,0.379232,0.669924,0.272854,-0.342209,0.015038,-0.234191,-0.821911,0.260688,0.423164,-0.257147,0.150995,0.358755,0.223928,0.203703,-0.227928,0.158854,-0.43221,0.582791,0.353539,-0.549181,0.563822,0.108718,-0.714163,0.375332,0.618339,-0.511327,0.513125,0.785193,1
0.164864,0.672381,-0.0599271,-0.547082,0.493467,-0.000441348,-0.193607,-0.469925,-0.0532672,0.0852546,-0.414569,0.67132,-0.625299,-0.0267728,0.00198959,-1.36951,-0.51749,0.56442,-0.419415,0.0162416,-0.169818,0.370806,-0.429879,0.353342,-0.117684,0.1144,0.873529,0.277856,0.833525,-0.655498,-1.2558,-0.25642,0.540631,0.848343,1
-0.299128,0.709207,-0.0117097,-0.940903,-0.205121,-0.206443,-0.254291,-0.32679,-0.0736982,1.41545,1.48593,0.00458642,0.112812,0.461738,0.0587392,-0.230444,0.176882,-0.39074,-0.218507,0.14252,-0.149152,1.12035,0.51782,-0.0787172,-0.37601,-0.262938,0.00873596,-0.954996,0.727077,-0.328538,-0.231236,0.17743,0.467397,0.888364,1
-0.260642,-0.00207101,-0.550273,0.718957,-0.545307,-0.0570319,-0.485472,-0.185877,0.0601014,0.427953,0.0479405,0.368548,0.399032,-0.201717,-0.537408,0.461993,-0.131714,0.760618,0.00621824,1.05319,-0.132136,0.895455,0.224067,-0.719594,0.151112,-1.15277,0.306178,0.369176,0.385547,-0.464057,-0.131438,-0.965659,0.560372,0.767603,1
-0.407594,0.243226,-0.0796894,-1.20514,-0.291501,0.21859,-0.697473,0.27298,-0.0365948,-0.817117,-0.840287,-0.106583,0.242415,-0.393259,-0.0710763,1.03519,0.386312,0.188674,-0.774963,-0.160744,-0.681251,0.0590297,0.219524,-0.551674,0.661002,0.685755,0.352825,1.1516,0.0351959,-0.0846841,0.126369,-1.37288,0.439203,0.895426,1
0.136748,1.03119,-0.00726031,-0.530647,0.0687184,-0.571247,-0.710391,0.0535897,0.255107,0.593363,-0.46655,-0.54311,-0.16888,0.19351,0.22176,0.386761,-0.184087,-0.732862,-0.491724,0.526948,-0.944741,-0.133933,-0.63802,0.122722,0.767717,0.24161,-0.294282,-0.36225,0.115875,-0.41171,-0.797707,0.226301,0.494095,0.808029,1
0.95,0.88,-0.319934,0.340699,-0.0133794,0.0233164,0.024934,-0.197852,-0.334209,0.404117,-0.318815,-0.216079,-0.454317,0.245442,0.400161,-0.0759363,0.40665,-0.488058,0.034496,0.12007,0.269398,0.0485498,0.404223,-0.0107026,-0.174868,0.267392,0.367038,0.418259,0.486306,0.0210052,0.414705,0.105106,0.48,0.2,0
0.37142,0.127774,0.273607,0.250538,0.137462,7.95,0.178488,0.253685,0.121946,0.342642,0.325085,0.381754,0.321684,0.265515,0.1617,0.156757,0.178935,0.287926,0.299861,0.36534,0.362993,0.115673,0.156355,0.102357,0.339707,0.298731,0.309165,0.139618,0.388102,0.324359,0.258223,0.311193,0.52,0.82,1
-1.08172,-0.1536,-0.355904,-0.23264,-0.667655,-0.0423932,-0.512682,-0.224794,-0.208697,0.216818,0.0700377,0.283802,-0.00672053,-0.127094,0.923247,0.37094,-0.320717,0.896131,-0.397165,-0.875454,-0.389126,-0.0876561,-0.534874,-0.595885,0.220408,0.0243887,-0.453024,0.406686,0.711394,0.585005,0.28099,-0.115733,0.562225,0.864522,1
0.524744,0.307235,-0.10965,-0.259807,1.40308,0.119678,-0.412332,0.283533,-0.131374,0.435445,0.537127,-0.912013,0.751007,0.591281,-0.122596,0.315985,0.0275135,0.523738,-0.777127,0.220075,0.45673,-0.184996,-0.382054,0.0448362,-0.339515,-0.305856,0.0294441,0.514734,-0.208582,-0.0168813,0.0745121,0.532241,0.481521,0.879248,1
-0.422709,0.0718165,-1.31652,-0.217678,0.206194,-0.757352,0.325104,-0.235204,0.138136,-0.0927533,0.089119,-0.915333,0.249838,0.301903,0.360068,-0.156239,0.537554,0.403729,0.284726,-0.669171,0.126459,0.451638,0.0850048,0.509799,-0.0817254,-0.648335,-0.85677,-1.29772,-0.0936619,0.268296,-0.451097,0.018463,0.468015,0.828011,1
-0.122158,0.7164,0.595461,0.158812,0.449815,0.1955,-0.175479,0.563765,0.293654,0.525857,0.932605,-0.58754,-0.20228,-0.312312,-0.147367,-0.0104547,0.20424,0.988514,0.251241,-0.179844,0.765213,-0.206638,-0.37161,-0.45345,-0.221592,-0.221687,0.374736,-0.691766,0.67766,0.19052,-0.282598,0.0349379,0.560078,0.77921,1
-0.525113,-0.497961,0.833998,0.94648,-0.269891,-0.657142,-0.00624615,0.469862,-0.368485,0.491441,-0.0622879,-0.162736,-0.664463,0.265654,0.369359,0.53827,0.87426,0.512213,0.589501,-0.19241,0.764661,0.761401,0.557079,0.239241,-0.268098,-0.336166,0.383251,-0.367669,-0.0924585,0.096294,0.949438,-0.071279,0.52919,0.9278,1
0.264044,0.565339,-0.0210756,0.495152,0.369707,0.676564,0.715763,0.894879,-1.07455,-1.12423,0.00169368,0.352901,0.711456,-1.04692,0.0450733,0.474309,-0.551783,0.186525,-0.730219,-0.0275967,-0.910326,-0.753808,-0.000378098,0.561897,-0.551316,0.112689,-0.0333947,-0.381537,0.180283,-0.0889186,-0.314704,-0.363064,0.53554,0.789868,1
-0.207994,0.525294,0.251447,0.481106,0.0320488,-0.350471,0.436227,-0.155812,0.298977,0.121574,0.088506,1.11735,-1.11179,-0.112111,-0.0547591,0.209162,-0.481046,0.113782,0.0832903,0.866799,0.818901,-0.144472,-0.422691,-0.0384318,0.270828,-0.483076,0.195879,-0.69564,-0.276499,-0.285427,0.220405,-0.553179,0.487094,0.819697,1
0.744921,-1.01914,0.386473,0.030827,0.400364,0.787682,-0.0871844,-0.375272,0.136663,0.199178,-0.13964,-1.16269,0.241122,0.123822,-0.934966,0.388837,0.12218,0.133829,0.104165,0.360987,0.493476,-1.03854,0.170802,-0.857092,-0.487833,-0.306161,-0.17814,0.609924,0.133266,-0.340488,-0.797513,0.244479,0.478674,0.914611,1
-0.0238508,0.0716909,0.710573,-0.43868,0.516181,0.500677,-0.650928,-0.411755,1.08473,-0.376534,-0.507972,-0.365976,-0.363261,0.242829,-0.0821939,-0.212037,0.568659,0.527575,-0.434826,-0.329355,-0.258467,-0.212754,-0.156155,-0.373938,-0.404001,-0.573723,0.0550144,-0.564324,0.649535,0.56021,-0.180728,-0.164467,0.482506,0.76384,1
0.95,0.88,0.0658961,-0.440392,0.25938,-0.446714,0.309226,-0.196288,0.245646,-0.0811247,0.30908,0.13877,-0.32435,0.284641,0.23201,-0.3654,0.0235067,0.467193,-0.188058,-0.0898176,0.109211,0.359678,-0.158119,-0.398373,-0.062987,0.363866,0.443224,0.149503,-0.413123,0.181591,-0.262738,-0.456609,0.48,0.2,0
-0.41725,0.138385,-0.117557,-0.325906,0.582705,1.26736,0.734444,-1.04971,-0.541223,-0.235817,0.0232292,0.902048,0.0380647,0.0275581,-0.0409081,-0.299764,0.373671,0.737029,-0.457662,0.32854,0.119969,0.558017,0.382761,-0.16557,-0.20926,-0.294357,0.374261,-0.568412,-0.29519,-0.100295,-0.195077,0.0388015,0.541548,0.833944,1
0.645332,0.25305,0.466117,0.366069,-0.526123,-0.323729,0.62477,-0.519638,0.61155,0.164737,0.195173,-0.428207,-0.218244,-0.0869551,-0.587102,-0.663071,0.0880311,-0.551992,-0.224974,0.17446,-0.112823,0.492849,-0.434903,-0.308001,-0.458784,0.139075,-0.202911,0.0633103,0.338513,-0.836568,-0.0412937,-0.100077,0.480772,0.795251,1
0.563913,-0.143258,1.15795,0.994656,-0.52113,0.0654997,-0.164062,0.754076,0.240517,-0.420059,-0.0471372,-0.365252,0.723083,-0.303616,-0.73568,-0.0700463,-0.00194189,0.6429,0.249463,-0.15967,1.41852,-0.646889,0.110627,-0.157748,-0.0249355,-0.142255,0.0964055,0.441651,0.0568923,-0.424521,-0.179948,-0.0848842,0.565021,0.860492,1
-0.236018,-0.0927999,-0.655885,-0.694847,-0.365787,1.22171,0.481649,0.0334413,-0.494554,-0.319577,0.995111,0.120302,-0.185868,0.238242,0.557106,-0.752695,0.468319,0.135158,0.258691,0.507306,0.950304,-0.51005,-0.587653,0.00198143,0.355425,0.533177,0.0447045,-0.611996,0.429874,0.369694,-0.271614,0.091306,0.548595,0.815163,1
-0.0451883,0.167741,-0.0833181,-0.274172,0.251314,-0.633665,0.305874,0.327881,0.85206,0.558315,0.272397,0.0530325,-0.281671,-0.159049,-0.399371,0.685451,0.240717,-0.174537,-0.9469,-0.186823,0.730605,-0.588344,-0.185262,-0.383228,0.135484,0.249243,0.172456,0.3902,0.0298715,-0.787844,0.876079,0.622923,0.489431,0.806747,1
-0.0632587,-0.500556,-0.112322,-0.709208,-0.122324,0.263651,0.319223,0.0975714,0.532631,0.489797,-0.81264,0.090663,-0.0458067,1.08637,-0.228682,0.0209004,-0.361528,-0.207375,-0.0773152,0.0463935,0.230031,-0.0220277,-1.22768,0.358903,-0.0391189,-0.204761,-0.256018,0.586326,-1.17336,-0.0565199,-0.341629,0.171792,0.481102,0.843363,1
0.234947,-0.674993,-0.3474,-0.016193,-0.0871252,0.75273,-0.152751,-0.128431,0.462986,0.466052,0.539653,0.387289,-0.250552,-0.113765,-0.249132,-0.745785,0.0564369,0.310826,0.289611,0.372335,-0.134303,0.136443,0.127643,-0.274472,-0.203568,0.598675,-0.146285,0.0985769,0.385424,0.662029,0.954554,1.06451,0.505204,0.827786,1
0.216099,0.0711136,-0.53452,0.25392,0.322228,0.913858,-0.0954593,-0.302296,-1.13635,0.309851,-0.720705,0.0490166,0.0549623,0.711806,-0.00544557,0.268923,0.699953,-0.173717,0.575179,0.05041,0.768195,-0.373357,-0.0286045,0.308052,1.41477,-0.329671,0.360478,0.107262,0.867056,-0.592963,-0.151202,-0.306454,0.484285,0.903233,1
-0.562819,0.821126,-1.21016,-0.259597,-0.803542,1.12581,0.833743,0.225541,0.319236,-0.75877,0.281896,0.638841,0.475809,-0.312584,0.413364,-0.0758317,-0.599739,-0.0932759,0.263774,-0.32534,0.238626,-0.882429,-0.279095,0.411408,-0.113101,-0.0467161,0.670053,0.456761,-0.610062,-0.166371,-0.151494,0.572649,0.509225,0.79519,1
-0.748612,-1.01897,0.398283,-0.19845,-0.0282594,-0.159431,-0.0918697,-0.379888,0.394664,-0.370723,-0.475235,-0.0722163,-0.269001,-0.551336,0.103253,0.550753,0.764956,0.511101,-0.0784161,-0.0729631,1.08336,0.645857,-0.0144156,-0.400798,0.0135272,-0.172356,0.151768,-0.593765,-0.359561,-0.795527,-0.403339,-0.446223,0.535512,0.854422,1
-0.809841,0.728776,-0.821556,-0.346935,-0.160948,-0.0915,-0.136638,-0.400413,0.369029,-0.618111,-0.102405,-0.210489,-0.081329,-0.18081,0.493275,0.356381,0.311815,-0.309994,-0.596787,0.217596,0.101605,-0.874982,-0.135895,-0.190201,0.10646,-0.128064,0.155421,-0.76569,0.46593,-0.182822,0.631583,0.769076,0.513398,0.765769,1
0.519142,0.645016,-0.196643,0.523662,-0.405379,0.190688,0.36164,-0.0617684,1.04972,0.1189,-0.121833,-0.0265492,-0.220274,0.73861,-0.51656,-0.490916,-0.721581,0.874394,-0.799161,-0.0171067,0.0963592,0.679368,0.367418,-0.588964,0.526134,0.557377,-0.0481375,0.625929,0.778236,0.463194,0.122555,0.279175,0.528826,0.866019,1
-0.542578,0.305289,-0.616149,0.0432457,0.638469,-0.177655,-0.127487,0.294088,0.46692,0.859166,0.352366,-0.268525,-0.516967,-0.574056,-0.404545,0.148314,-0.761283,-0.21141,0.245066,-0.0433116,0.254035,0.506885,0.325657,0.51716,-0.236668,-0.272341,0.208754,0.243487,0.882621,-0.584972,-0.148786,-0.241767,0.494299,0.881842,1
0.279529,0.27359,-0.0418501,0.902375,0.367467,0.0255762,0.240597,-0.115654,0.0152693,0.118766,0.203007,-0.0507254,-0.371355,-0.383601,-0.312266,-0.734915,-0.8442,-0.126202,-0.456274,0.0134716,-0.26937,-0.36058,-0.235953,-0.1126,0.287364,0.0931793,0.732708,-0.251346,0.194102,0.51102,0.870539,-0.149991,0.541843,0.840885,1
0.336424,0.696407,0.0912066,-0.433327,0.187778,-0.0285987,-0.704472,0.177639,0.550605,0.704877,-0.360903,0.600761,-0.041103,0.554453,0.561059,-0.00807356,-0.769451,-0.476061,-0.497911,-0.471953,0.0769234,0.832104,-1.30895,-0.206703,0.139921,-0.238323,0.630272,0.446976,-0.647076,-0.109631,0.362831,0.209944,0.548367,0.815492,1
0.0512321,0.679361,0.527852,-0.38366,-0.107974,-0.273284,0.464006,-0.842402,-0.442912,-0.666277,0.307418,0.258106,0.795393,0.0576166,0.385743,0.0514433,0.0559983,0.12626,0.560651,0.202117,-0.644806,-1.12211,-0.737889,0.339756,0.341244,-0.861132,0.752662,-0.605747,0.516206,-0.604706,0.260367,-0.304496,0.511577,0.909478,1
-0.174006,0.274763,0.621662,0.0421326,0.244958,-0.399209,0.412953,-0.363861,-0.0170227,0.0965005,0.409057,-0.12721,0.490873,-0.234703,0.0732847,0.212288,0.25984,0.582051,-0.478531,-0.706597,0.552189,1.14618,-0.248426,-0.254707,-0.112586,0.414352,0.17234,-0.0833799,0.809145,-0.844831,0.726234,0.109392,0.508342,0.949338,1
0.499658,0.117394,-0.27987,-0.511622,1.26727,0.182473,0.534226,-0.00315637,1.19833,-0.388935,0.85257,-0.597895,-0.466291,0.116743,0.465717,-0.322668,0.347424,0.0379531,0.487929,0.0053972,0.377673,-0.708477,0.960572,-0.893214,-1.02862,0.0899481,1.81137,-0.136378,-0.769805,0.550922,-0.646325,0.537355,0.567014,0.807102,1
-0.108736,0.0117586,-0.0890778,-0.0395857,0.608456,0.846327,0.0198755,-0.193064,-0.327805,-0.623427,-0.217821,0.543596,0.239617,0.317356,-0.85059,0.403956,-0.2357,0.838657,-0.386709,-0.294479,-0.695553,0.21627,-0.0624751,-0.493105,-0.511181,0.309758,-0.184573,0.544485,-0.537997,-0.229881,0.394686,-1.01207,0.495794,0.785504,1
-0.892064,-0.502309,0.932851,-0.127689,0.204286,0.0702325,0.244488,-0.294758,0.355259,-0.155512,-0.56605,0.68911,-0.21269,0.342518,0.220883,0.372122,0.0565947,0.622643,0.283954,-0.65891,0.29792,0.65102,-0.296119,0.175827,0.670556,-0.353752,0.112217,0.150291,0.15014,-0.0329324,-0.191987,0.0619834,0.537665,0.927781,1
0.253121,-0.0673091,-0.494305,-0.211254,-0.521951,-0.832016,-0.49466,-0.00513767,0.527067,-0.240712,0.210325,-0.4711,-0.301478,0.180489,-0.231972,0.154313,0.262611,-1.05088,0.181824,-0.14051,-0.417556,0.268145,-0.761277,0.520404,-0.202039,-0.0335757,-0.296785,-0.199571,-0.3112,0.306753,0.446783,0.00898088,0.508417,0.784998,1
-0.168192,-0.132339,-0.340685,-0.589156,-0.0795966,0.691957,0.00117441,0.00166789,0.682113,0.31519,-0.299215,-0.217757,-0.0476745,0.595361,-0.0749099,-0.748559,-0.74716,1.07894,1.39776,-0.25584,-0.123312,-0.444754,0.202677,0.0366713,-0.692132,-0.269932,-0.568487,0.184789,0.201768,0.20377,0.546434,-1.09786,0.483483,0.823065,1
-0.219655,-0.136696,-0.364871,-0.447207,1.2659,-0.553097,-0.347984,0.520539,-0.254894,-0.908436,-0.931139,-0.319652,-0.356591,-0.399458,-0.117483,0.0391533,0.175851,-0.00812192,0.291176,-0.00043668,-0.263528,0.273966,-0.801205,0.856175,0.094198,0.508972,-0.232794,-0.388148,0.858102,-0.375128,0.29717,0.0983602,0.422611,0.884091,1
-0.168721,-0.39288,-0.666801,0.42214,-0.208729,0.00219344,-0.630196,-0.56139,0.471475,-0.403586,0.556934,0.685768,-0.102156,0.00177302,-1.26311,0.198425,0.150532,0.383729,-0.251855,-0.392799,0.138452,-0.375124,0.747897,-0.107145,0.457208,-0.268921,-0.314597,0.213974,-0.462001,-0.810818,-0.299099,-0.510998,0.572436,0.93814,1
-0.298593,-0.222166,0.354761,0.162402,-0.299457,0.355243,-0.42564,0.0888682,0.92714,-0.0855422,-1.10833,-0.470542,0.390526,0.19433,-0.0972028,-0.848008,0.321492,0.152045,-0.291209,0.54359,-0.738601,-0.426293,0.133407,-0.588318,0.240162,-0.29236,-0.0214855,-0.127207,0.296897,-0.524993,0.677377,0.471105,0.518415,0.918688,1
0.148146,-0.219621,-0.615044,-0.310654,-0.278017,-0.192086,-0.487793,0.587281,0.812639,-0.359145,-0.271221,0.548284,0.620881,0.311578,-0.38272,0.482858,0.0282102,-0.297302,-0.330778,0.35863,-0.0820618,0.243269,-0.350708,-0.410748,-0.284006,0.680918,-0.637172,-0.201523,0.228411,0.361758,0.260809,0.0230734,0.495282,0.790976,1
-0.253651,0.128587,-0.168043,0.725899,-0.723288,-0.545899,-0.0710413,-0.544198,-0.0204234,-0.357719,-0.735798,0.166791,-0.189876,-0.160094,-0.162705,1.37662,-0.916782,0.594785,0.06599,-0.121804,0.60092,-0.487191,-0.083693,0.739241,0.640267,0.188562,0.224074,0.356665,0.471882,0.0244248,-0.0518259,0.571919,0.494394,0.863437,1
-0.624685,-0.162574,0.778484,-0.807824,0.801332,0.326597,0.306871,-0.185757,0.477014,-0.269754,0.0465219,-0.722824,0.357288,0.834544,0.167328,-1.00041,-0.260394,0.396031,0.0101502,0.078111,-0.301039,-1.76638,0.241703,0.446934,0.222493,0.922429,-0.630897,0.541378,-0.915732,-0.151236,0.132747,-0.161568,0.556896,0.773083,1
0.42039,0.235237,0.732759,-1.19375,-0.294577,0.438165,1.00736,-0.421448,-0.557636,-1.18129,-0.580541,0.461756,-0.147196,0.845503,0.537676,0.959345,-0.716745,-0.225351,0.147051,-0.112113,0.261706,-0.104774,-0.143784,0.689068,-0.0241403,-1.04021,0.879766,0.338561,0.451976,-0.269184,-0.386735,-0.782872,0.562899,0.858589,1
0.327187,1.05958,0.105822,-0.234003,0.557581,-0.310982,-0.112051,-0.134383,0.122385,0.729357,-0.888383,-0.312665,0.140207,0.746242,1.34802,0.224957,0.0101653,0.684593,0.152937,-0.0211183,-1.07098,0.348649,-0.828425,-0.359866,-0.127789,0.0971996,-0.381733,-0.0175209,-0.443311,-0.125423,0.130001,0.720505,0.546395,0.81232,1
0.579588,0.549766,-0.195447,-0.0779324,0.110122,0.0827294,0.84117,-0.390086,1.04749,0.393832,-0.772659,-0.238768,-0.34254,0.579668,0.33909,0.24862,-0.583382,-0.829404,-0.596355,0.378722,-0.128643,0.044613,-0.490909,-0.58501,-0.197016,0.306201,0.362944,0.0557997,-0.131333,0.271732,-1.24472,0.0056364,0.449333,0.905658,1
0.0114383,0.769416,-0.160777,0.677375,-0.43508,-0.187865,-0.472481,0.548722,-0.39985,-0.174022,0.646761,-0.327233,0.124285,0.766355,0.168986,0.906879,0.0074314,0.639255,0.158958,0.115883,-0.758485,-0.504831,-0.183711,-0.180557,1.11747,0.260882,0.301541,0.17193,-0.296871,0.575061,1.27112,0.416713,0.56259,0.885903,1
0.17121,0.114967,0.568893,0.334181,0.232496,0.629223,0.271801,-0.0244267,0.37124,-0.0646764,0.421713,-0.473524,0.233776,0.698632,0.676818,-0.357842,0.192045,0.33843,-0.011475,0.347808,0.617536,0.131524,0.305685,1.16023,-0.836868,-0.157063,0.294313,-0.00403524,-0.0105518,0.233838,-0.592044,0.188958,0.553712,0.850779,1
0.393013,-0.0853021,0.405439,-0.398618,0.37188,-0.163157,0.0460389,-0.00940803,0.505807,-0.235416,0.709495,-0.722624,-0.0608873,0.0243874,-0.285556,-0.578258,-1.13507,0.43371,-0.0973761,-0.809528,-0.298471,-0.0691156,-0.0119352,-1.00807,0.382916,0.184058,0.707411,0.258202,0.0374028,0.609546,0.0359716,-0.449816,0.429208,0.878263,1
0.398703,0.0251935,0.582128,0.0334982,0.170795,0.781448,0.457344,0.244235,-0.407693,0.850063,0.211038,0.0167541,-0.451778,0.0384181,-0.075712,0.541907,0.0245938,0.124781,-0.405935,-0.407702,-0.423419,0.361853,-0.0938714,-0.800808,0.240549,0.228449,0.0436611,0.180922,0.677765,-0.535275,-0.459514,-0.166551,0.481371,0.917363,1
0.066003,0.358549,-0.303622,-0.319146,-0.0992029,0.319241,-0.581076,0.193801,-0.60107,0.441732,-0.493251,-0.658876,0.115059,0.548344,-0.265642,-0.831465,-0.0537128,0.240414,1.26369,0.125725,0.449223,-0.221561,0.263708,0.0529445,0.286615,0.620427,0.487726,0.425035,-0.525237,-0.247876,0.559632,-0.424576,0.543273,0.791589,1
-0.125823,0.143058,0.23027,0.00518059,0.28941,-0.866359,-0.442127,-0.354838,0.595016,-0.229822,0.356072,0.521316,0.113829,0.254361,0.973222,-0.672049,-0.202491,0.258425,-0.168198,-0.863531,0.197544,0.38103,0.864417,0.0341353,2.09971,0.766521,-0.443544,0.0870336,-0.149792,-0.757486,-0.0980617,0.384318,0.499345,0.931227,1
-0.184945,0.240028,0.551831,0.296215,-0.141817,0.460934,0.837494,0.170671,0.472591,-0.199555,-0.227473,-0.792949,-0.890581,0.428589,0.0150058,-0.481051,-0.228776,0.790939,0.139309,-0.162284,0.432997,0.20887,-0.101039,-0.186824,-0.0866214,0.979068,-0.606511,0.577512,0.0527945,0.427954,-0.349463,0.149948,0.477335,0.878552,1
0.655851,-0.13558,0.595923,0.692487,0.333301,1.03542,0.602343,-0.664375,0.17747,-0.158952,0.0123394,-0.397772,-0.280076,-0.592019,-0.636982,-0.756737,-0.616146,0.211605,0.413396,0.196265,0.0258635,0.493409,0.215982,0.582847,-1.37961,0.278382,0.50208,1.26341,0.378215,-0.464512,0.237316,0.404071,0.53343,0.851852,1
-0.438,0.857923,-0.715426,-0.196223,-0.269601,-0.681258,0.253748,0.814317,0.176895,-0.406639,0.144577,-0.260118,0.191439,-0.237527,-0.351863,0.643156,0.550658,0.583279,0.215934,-0.00368156,-0.115337,-0.359053,0.0805703,-0.380382,-0.0854031,-0.350754,0.408069,-0.350142,0.286153,1.02183,-0.199859,0.174893,0.42367,0.818944,1
-0.754792,0.613258,0.405365,-0.631305,-0.148139,0.0920005,-0.326457,-0.845036,-0.592657,-0.221994,-0.133677,-0.228668,0.377467,0.736824,0.165443,0.46966,0.0619711,0.0220492,0.245406,-0.247681,0.292239,-0.830286,0.720255,0.0684295,-0.073806,0.177359,-0.41393,-0.0396527,0.956257,-0.28336,-0.0614191,0.443716,0.454164,0.94251,1
-0.0878165,-0.316924,-0.685567,-0.0489358,-0.235677,-0.160618,-0.576958,0.569259,0.0854946,1.00956,-0.382817,-0.0471855,0.73242,0.128893,-0.139299,-0.255723,0.547281,1.26022,-0.194187,0.313039,-1.09465,1.00405,0.291343,-0.127221,0.264014,-0.302969,-0.705586,-0.0710086,0.0782916,0.199892,-0.70891,0.407357,0.437952,0.889346,1
-0.177086,0.583724,-0.462497,0.283279,-0.184032,-0.547136,-0.386119,-0.345836,0.494642,-0.0351063,-0.331979,-0.568066,0.067507,-0.14652,0.148518,-0.426699,0.392929,0.421476,0.236893,-0.00458616,-0.458788,0.488598,0.201338,0.701279,0.618979,0.26114,-0.00747498,0.467868,-0.3519,-0.604978,-0.124108,-0.412937,0.548752,0.90141,1
-0.244439,-0.21371,-0.81,0.0804739,0.786636,0.0876339,-0.377713,-0.359902,-0.0368032,-0.0200236,-0.00226743,-1.35743,0.879783,0.763893,0.0500839,0.693665,-0.0797927,0.6448,0.28409,0.0446006,1.13442,0.208366,0.0116978,-0.325958,0.0416339,0.499823,0.185031,-0.183491,0.332777,-0.510934,0.389618,-0.129127,0.455776,0.937608,1
1.4778,0.219194,0.697553,1.05085,0.356613,-0.502703,-0.0109995,-0.795173,0.426184,-0.702641,-0.798355,0.232763,-0.47772,-0.113586,-0.496145,-0.0793899,-0.631624,-0.350686,0.345335,-0.164026,-1.13378,-0.000977351,0.447593,-0.212105,-0.584614,0.0638921,-0.0611489,0.265422,1.11209,0.0859779,-0.275709,-0.0325603,0.569179,0.762264,1
0.95,0.88,-0.303705,0.40549,-0.420981,0.469688,0.410532,-0.117222,-0.359493,-0.392788,-0.390201,0.46713,-0.263072,-0.189543,-0.34579,-0.309745,-0.0866339,-0.329382,-0.0692245,0.260173,0.0235716,0.499324,-0.368922,0.343017,0.454248,-0.343153,-0.0136444,-0.0826193,-0.116792,-0.0696185,0.0331249,-0.293851,0.48,0.2,0
-1.21402,-0.0854363,0.589883,-0.501617,-0.259928,0.559404,-0.0770824,-0.223729,-0.499205,-0.923649,0.0571048,0.823093,0.321575,-0.436772,0.00125212,0.00711369,0.129902,0.630947,0.105975,-0.493964,-0.453758,-0.54071,1.012,0.707846,-0.734084,-0.256508,-0.178832,-0.166919,-0.425506,0.172711,0.369135,-0.864212,0.446364,0.788429,1
-0.169939,-0.167623,0.268664,0.469408,0.458376,-0.499706,-1.06037,0.362386,-0.511605,-0.182746,0.239055,-0.310616,0.771278,-0.28876,-0.572114,-0.911504,-0.674408,-1.21709,-0.849423,-0.600654,-0.526634,-0.687974,-0.232849,0.128513,-0.0365417,0.119507,0.322004,-0.317827,-0.734653,-0.233949,-0.706461,0.498281,0.450054,0.806043,1
-0.342504,0.140148,0.112582,-0.645298,-0.166948,0.311866,0.297087,-0.228104,0.373412,0.449003,-0.258584,0.0399556,-0.0116721,0.56979,0.570633,-0.485007,-0.36093,-0.118888,-0.977163,0.159801,0.235542,0.550974,0.523826,0.635919,-0.401487,-0.119133,0.0108608,-0.610918,0.470657,0.36454,0.195548,-0.159289,0.550399,0.78883,1
0.613899,0.00352396,-0.943197,0.243061,0.0584387,-0.42347,-0.0431143,0.217824,0.0559536,0.134351,-0.434803,0.171034,0.434505,0.0132516,0.322817,0.279995,-0.116401,0.633587,-0.363385,0.653772,-0.463779,1.11145,-0.364676,0.701603,0.0370382,0.168838,-0.343039,0.0781418,-0.636494,0.150565,0.276622,-0.0236628,0.525229,0.899915,1
0.0738275,-0.38067,-0.118702,-0.943257,0.148193,1.04707,-0.256208,-0.0857857,0.554307,0.435749,0.254576,0.290351,0.454153,-0.108649,0.617591,0.0021674,-0.00280663,-0.534568,-0.362628,1.53169,-0.992298,0.368146,0.599407,-0.580724,0.95511,0.25603,-0.980278,0.383806,0.143119,-0.459677,0.289623,0.739147,0.513709,0.795011,1
0.292094,0.370435,-0.181413,-0.016913,-0.114952,-0.480198,0.365556,-0.551981,0.123489,0.321255,0.174038,-0.487882,-0.534705,0.313126,0.0247576,-0.007468,-0.175123,-0.836159,0.155906,-0.454498,0.324525,-0.198072,-0.181197,-0.105228,1.20835,-0.337625,0.144582,-0.368777,-0.68724,0.405282,0.107641,-0.564253,0.510237,0.775613,1
-1.02641,0.437567,0.741961,0.339899,-0.0410433,-0.216434,-0.185635,0.214656,-0.154514,0.382511,0.717328,-0.731878,0.281443,0.239832,0.0670038,0.177641,0.742401,0.600273,0.255245,1.20999,-0.0841807,-0.328615,0.622528,0.652972,-0.501832,0.3859,0.912612,-0.439457,1.23399,0.375824,-0.200281,-0.385006,0.452433,0.877736,1
0.548531,0.366366,0.39834,-0.16543,-0.254684,-0.255426,-0.360541,-0.418,-0.16666,-1.52444,-0.363664,0.00818187,-0.124247,0.89287,0.545791,0.897544,-0.204552,1.07837,-0.287173,0.00308828,0.546896,0.211498,-0.541084,0.378347,0.163857,0.0996281,0.0810179,0.238044,0.685336,0.336624,-0.177615,0.805281,0.452775,0.856575,1
0.0947135,0.229325,0.0735191,0.440045,0.889006,-0.323585,0.071094,-0.500068,-0.443214,-0.398062,-0.641901,-0.983698,-0.501139,-0.585701,-1.20312,-0.673771,0.576472,0.0884855,0.136667,-0.0931299,-0.242549,-0.271959,-0.3271,0.919002,-0.332167,0.640052,-0.132568,-0.615279,-0.713327,-0.593234,-0.163381,-0.283495,0.539353,0.809804,1
0.166472,-0.639742,-1.1619,0.574638,0.462948,0.333853,0.306953,-0.53305,0.0692136,0.967613,0.971018,0.171125,0.129623,-0.199186,0.505886,1.29154,-0.581963,0.657483,0.594024,0.722488,0.363232,-0.576251,-0.898752,0.702257,-1.00079,0.222316,-1.04571,-0.376131,0.612942,-0.243599,-0.32711,0.309165,0.508463,0.897983,1
-0.144876,-0.948686,0.327948,0.616383,-0.0956581,0.850252,-0.875988,0.0507925,-0.0355864,0.632504,0.842727,0.279857,0.0397626,0.252894,0.286394,-0.0757325,-0.579085,0.0187405,0.207691,-0.212742,1.06594,0.0686164,0.328694,-0.166469,0.417422,-0.303501,0.585281,0.609354,-0.455124,-0.903051,0.120988,0.381549,0.532492,0.878136,1
-0.120267,-1.04025,-0.217827,-0.485611,0.330425,-0.414134,0.374392,0.475856,-0.37716,-0.482758,-0.932601,0.652885,0.0819965,0.0430975,-0.620933,-0.736861,-0.0211422,-0.355691,-0.31408,0.871043,-0.636662,-0.0504837,0.611586,-0.744492,-0.828535,0.873857,0.0859724,-0.233701,0.0494229,-0.373119,0.0860004,0.136683,0.568323,0.811517,1
-0.0180478,-0.451979,0.0959411,-0.0265236,0.878154,-0.314166,0.423602,0.844957,-0.092343,0.598523,0.940123,0.393218,-0.121439,-0.223477,0.112542,-0.190573,0.57328,-0.386874,-0.350593,-0.0558518,-0.681252,-0.471405,0.431797,-0.377474,0.0591572,0.472571,0.379509,0.282831,0.315917,0.273526,-0.50697,0.907831,0.459608,0.798612,1
0.314865,0.170222,-0.399172,-0.0982535,0.460804,-0.597332,-0.320336,0.290477,0.161989,0.129134,0.166755,-0.233162,-0.514189,0.223892,-0.596819,0.231252,-0.144677,0.649036,-0.219232,-0.25582,0.223631,0.178672,0.537636,-0.310241,-0.311865,-0.566517,-0.957761,0.503618,0.585333,-0.408714,-0.0511192,0.0741185,0.422745,0.93462,1
-0.201391,-0.00787258,0.439994,0.241507,0.252052,-0.761099,-0.336886,0.452875,0.37631,0.126708,0.190149,-0.291952,-0.148156,0.9363,0.181124,-0.457009,0.291799,0.166532,-0.449188,1.28503,0.0615961,-0.334701,-0.253982,-0.323648,-0.309084,0.378176,0.00294084,0.341013,-0.304923,-0.365417,0.233963,0.316854,0.481138,0.88157,1
-0.271942,0.564806,-0.509496,0.598712,0.525807,-0.315536,-0.873369,0.608959,0.287716,0.571812,0.149337,0.262858,0.468809,-0.0603738,-1.21087,0.406565,-0.29909,-0.55553,0.00992254,-0.551651,0.0943238,-0.17895,0.192701,0.531363,-0.0850831,-0.157221,-0.377462,-0.906849,-0.70492,0.104383,-0.251069,-0.520799,0.562638,0.808912,1
0.469497,-1.30317,0.696283,0.646194,-0.192786,-0.565364,-0.156762,0.121654,-0.210779,0.964973,0.337094,0.305157,0.41455,0.763008,-0.303489,-0.415654,-0.0399214,-0.117199,0.00215822,0.696732,-0.253173,-0.24537,-0.954904,-0.1756,-0.570209,-0.475112,0.0447424,0.188238,0.693756,1.09355,-0.180747,0.541772,0.521409,0.822089,1
0.427307,0.0298068,0.0829748,0.628896,0.492119,-0.313478,0.708416,-0.0827732,-0.0642145,-0.743057,-0.441245,0.591211,-0.255446,-1.21239,-0.48765,0.213175,-0.474633,0.220078,1.00887,1.02176,-0.201857,-0.625503,0.516163,0.0620198,0.495499,-0.83774,-0.129618,-0.0984321,0.685481,0.341605,-0.7405,-0.00604491,0.522434,0.822003,1
0.6707,0.548523,-0.743183,-0.299424,-0.134469,0.331468,1.30393,0.0760405,-0.966851,-0.8002,0.449531,-0.448518,0.102037,0.367285,-0.110888,-0.251977,0.166887,-0.605842,-0.168921,-0.185486,-0.492265,-0.0414724,0.108479,0.068484,0.339788,-0.690448,0.207338,-0.231331,0.437148,1.41461,-0.421888,-0.823656,0.42712,0.835291,1
-0.553618,-0.647533,0.154273,0.165869,0.27612,-0.427439,-0.482705,0.310003,-0.0304637,-0.215327,0.722411,0.317973,0.531033,-0.334392,-0.121451,-0.129404,0.324266,-0.0566762,0.183539,-1.3453,0.0113039,0.233198,-0.0414963,-0.300329,0.316742,0.454413,-0.0142403,-0.239811,0.171387,0.0733793,-0.382643,-0.975689,0.56588,0.786408,1
0.602497,-0.114975,-0.0187875,-0.754987,-0.264687,0.476313,-0.121249,-0.196029,-0.2831,-0.646366,-0.314104,-0.0253826,-0.195855,-0.743649,0.85318,0.00733296,0.125575,0.861205,0.33918,0.573357,-1.65794,0.536126,-0.421,0.0875984,0.37784,0.36831,0.290251,-1.10226,0.628157,-0.548897,0.551087,0.650154,0.446548,0.774806,1
-0.659304,-0.456919,-0.422109,0.180569,0.284377,0.455993,0.634531,-0.311669,-0.636352,-0.0124041,0.426036,-0.644495,-0.0750889,0.473013,0.103754,-0.0590166,0.253235,-0.131462,0.325787,-0.841063,-0.0938527,0.602011,-0.889314,-0.390905,-0.179085,-0.287432,-0.276258,0.93579,0.32455,0.00338975,0.514859,-0.281128,0.431696,0.940065,1
0.569553,-0.834055,-0.473209,-0.0576607,-1.08735,-1.17107,-0.130672,-0.769525,0.227213,0.0125619,-0.130501,0.112579,0.019166,-0.305556,0.0260731,-0.270231,-0.313089,-1.09516,0.618233,-0.554393,-0.786458,0.469285,0.0926946,-0.21358,0.719243,0.158953,-0.369128,-0.0417982,0.0707183,-0.24212,-0.817548,0.0547708,0.478997,0.810298,1
-0.304385,0.186041,-0.311538,-0.417438,0.16475,0.117137,-0.0245369,0.19925,0.576103,0.503122,0.725476,0.524048,-0.121035,0.0918471,0.338531,-0.361466,-0.853818,-0.0810066,0.245817,0.494177,-0.603672,0.00848279,-0.755551,0.153007,0.730206,1.14905,0.185735,0.605672,0.589846,-0.461627,0.68767,0.105473,0.448334,0.911466,1
-0.136641,0.230106,-0.260456,1.4091,0.288456,0.0262842,0.108646,0.445605,0.0393722,-0.637676,-0.543918,-0.38462,-0.771083,0.0219124,0.0234929,-0.190698,-0.572359,-0.0227263,-0.0734205,0.47769,-0.0269866,-0.19749,-0.147632,0.243865,-0.00595762,-0.00461437,-0.872216,0.102509,0.34206,0.306966,0.754326,0.858493,0.49577,0.918994,1
0.941707,0.0730042,0.249703,0.249556,-0.375217,-0.576269,-0.467342,0.602073,0.581571,-0.499528,-0.900756,-0.221643,-0.41049,0.179079,0.297472,0.603435,0.0356639,-0.893481,-0.175994,0.490945,0.497996,0.0152514,-0.487307,0.211799,0.592393,0.326775,0.738384,0.613372,-0.768912,-0.719108,-1.21116,0.177586,0.538164,0.86013,1
0.95,0.88,-0.433294,0.469957,0.138846,-0.140984,0.039268,0.214144,-0.289185,-0.11014,0.317919,0.355288,0.0103551,-0.172664,0.410335,-0.0961291,-0.286611,-0.143058,-0.173243,0.192306,0.276553,-0.337641,0.270016,-0.214089,-0.132852,0.0738989,-0.108905,-0.0659927,-0.131706,0.359386,-0.203773,0.225922,0.48,0.2,0
-0.409845,0.026074,-0.306372,-0.60777,0.61598,-0.0210289,-0.165106,0.0452137,0.322579,-0.707851,-0.0595683,0.844777,-0.178266,0.540686,-0.432958,-0.201469,-0.0196179,-0.869141,0.206888,-0.108148,-0.428957,-0.232277,0.0965223,0.7644,-0.170628,0.869754,0.6351,0.699942,0.186508,-0.308572,-0.247838,0.585492,0.45843,0.905294,1
0.174298,0.45238,0.0858811,-0.407153,0.51898,0.390688,-0.22103,-0.256054,-0.0481315,-0.36651,-0.439724,-0.268883,0.38055,-0.291244,-0.0881737,-0.0382162,0.222836,-0.480223,-0.744809,0.830412,0.130468,0.75571,-0.693917,0.280855,0.684169,0.323082,-0.184817,0.696127,-0.395342,-0.0319273,-0.0347522,0.335552,0.500752,0.880419,1
1.01439,0.837181,-0.145897,-0.754284,-0.481901,-0.621601,1.05011,0.891381,-0.366266,0.724225,-0.841777,0.0169433,0.375031,-0.951067,0.535219,-0.296304,-0.550504,0.977702,0.333024,0.298669,1.00057,-0.900826,0.153641,0.051371,-0.0926506,-0.226827,0.169891,0.392943,-0.695612,0.473911,-0.067238,0.912788,0.468269,0.949742,1
-0.109443,-0.309022,-0.188509,-0.788648,0.290159,0.666155,-1.00184,0.0369369,0.256271,0.111279,-0.00903085,0.259993,-0.110612,-0.142215,-0.562463,-0.586778,-0.11844,0.35684,0.291013,-0.0811482,0.219748,0.594643,-0.808586,-0.488165,-0.222301,-0.29715,-0.20276,-0.0486293,-0.643313,0.608258,-0.0610068,0.126908,0.575043,0.922339,1
-0.404723,-0.758652,0.447377,-0.256704,-0.481383,0.0335329,0.615942,-0.568164,-0.332458,0.330691,0.126419,-0.0988836,0.322014,-0.455915,0.0343464,0.47212,-0.439717,-0.107215,0.408324,-0.532612,-0.275764,-0.836305,0.596592,-0.0674164,-0.412008,-0.63272,-0.159529,0.385414,0.37989,0.397836,-0.639255,-0.434937,0.47012,0.777704,1
0.387129,0.138731,-0.203901,0.355955,-0.0121424,0.238325,-0.364599,-0.0714664,-0.859346,0.706431,1.03255,-0.117131,0.0602224,-0.329047,0.648015,-0.0943684,0.298395,-1.15186,-0.398986,0.655236,0.211277,0.0802802,0.353568,0.266837,-0.167802,0.123649,0.765817,-0.230582,-0.555177,0.481901,-0.0120372,-0.266904,0.542095,0.844108,1
-0.50517,1.10852,-1.06224,0.123321,0.481962,-0.492184,-0.514611,0.467288,0.246576,-1.30593,0.0805003,-1.16741,0.397822,0.116726,0.216813,-0.119874,-0.470057,0.158181,0.622795,0.0117822,-0.0126404,0.159312,0.0845149,-0.267687,0.555829,-0.20161,0.0633561,0.609942,0.0592256,-0.356135,0.150066,0.710541,0.511594,0.875075,1
0.386011,0.357092,-0.791691,-0.717978,0.026825,0.354044,0.407953,-0.598611,0.54808,-0.430508,-0.252254,0.246259,0.00158839,-0.152578,0.352127,0.756118,0.849392,-0.0323842,0.497399,0.359874,-0.701477,0.516113,-0.522351,0.870753,-0.133741,-0.333957,-0.367227,1.60789,-0.694181,0.779695,-0.996669,0.241416,0.530219,0.819661,1
0.333297,0.00792204,0.212617,0.30122,1.00848,0.273202,-0.0597438,0.0891699,-0.387477,-0.0647346,-0.443473,0.978452,0.454225,0.846198,0.0146941,-0.819374,-0.640577,-0.298729,-0.354581,0.166611,0.667142,-0.0636391,-0.682296,0.26158,-0.230463,0.146064,-0.56504,0.308384,0.369465,-0.336767,-0.44164,0.636986,0.42425,0.886765,1
0.496351,-0.227062,0.0510595,0.122928,-0.0317278,-0.760551,0.496357,-0.639101,0.0709096,-0.469335,-1.07897,0.539282,0.12232,-0.794993,0.0667467,0.447266,0.662169,0.888223,0.126927,-0.682331,0.11853,0.38383,-0.119185,-0.015235,0.155663,0.445893,-0.322741,-0.896249,-0.25099,-0.241238,-0.501559,-0.243943,0.427202,0.949289,1
0.525143,-0.543927,-0.147611,0.619054,0.433637,-0.0911835,0.818424,0.179356,0.0140613,0.181412,-0.782394,0.614243,-0.24358,0.120602,0.301399,0.124047,-0.441123,-0.0708721,-0.240086,-0.0459496,0.2714,-0.730087,-0.549787,-0.0478293,-0.172329,-0.161624,-0.640881,0.286936,1.08189,0.172121,-0.109803,-0.0634126,0.563222,0.898813,1
-0.349553,0.234403,0.916792,0.0839189,-0.947174,0.447046,-0.210067,-0.386163,0.263156,1.59229,-0.100374,0.0394864,-0.0914919,0.376849,0.364447,-0.0545224,-0.318521,0.257967,-0.406185,0.0565207,0.865724,-0.325006,-0.73237,-0.909704,0.174597,-0.0344016,-0.274469,0.0655654,0.667767,1.46532,-0.0741089,0.500971,0.547282,0.773031,1
-0.63682,0.176255,-0.533249,-0.285163,1.02456,-0.534763,0.263028,-0.328365,0.403253,0.105307,0.5333,1.18837,-0.848732,-0.27333,0.0386982,-0.145111,0.283442,0.169003,-0.299208,0.424256,0.424611,1.01139,-0.922473,-0.372798,-0.270304,-0.33714,0.0593156,0.179729,0.0677387,0.366855,-0.559917,0.02104,0.457416,0.811959,1
-0.131515,0.629292,0.209586,-0.0422652,-0.124082,0.219636,0.179999,0.93845,-0.00800285,-0.159524,-0.0566112,0.135504,-0.706045,-0.0809861,-0.194297,0.0947845,0.886507,-0.44523,0.744783,-0.169209,-0.112524,-1.24391,-0.716184,0.134019,1.05516,0.0887223,0.459117,-0.664591,0.205365,-0.752569,0.305131,0.405497,0.557139,0.867067,1
-0.332457,-0.218284,0.683589,0.400115,0.86476,-0.311106,0.180271,0.161791,0.224088,0.215495,-0.998776,-0.276179,0.85803,-0.137401,-0.350475,-1.02301,0.767845,0.273918,-0.126144,-0.939802,-0.305695,-0.577702,0.184665,0.0391307,1.24918,0.228908,-0.496623,-0.125091,0.360265,0.543355,-0.000361403,-0.0466775,0.551338,0.784172,1
-0.283182,-0.881594,0.34956,-0.425726,0.234273,0.534589,0.0842265,0.374359,0.502815,1.1053,-1.093,0.232701,-0.445213,-0.0754419,0.146458,0.897805,-0.0398053,0.194694,0.515318,-1.117,-0.297967,0.795335,-0.264836,0.504022,0.0835619,0.120497,-0.100074,0.0816875,0.0999739,-0.0521544,0.399722,0.680245,0.517161,0.763697,1
-0.234937,0.0430083,1.15549,-0.0523003,-0.0527554,0.510163,0.526008,-0.229697,-0.416487,-0.925195,-0.127305,0.303804,-0.550691,-0.617286,0.659793,0.00542099,-0.487782,-0.217643,-0.39396,-0.0701562,-0.208723,-0.422139,-0.276186,0.648072,-0.0877833,0.164839,-0.0538688,0.514602,0.687849,0.229923,0.508873,-0.0154278,0.433696,0.766243,1
-0.004523,0.313465,0.1528,-0.590439,0.52004,-0.285975,-0.666375,-0.591582,1.29537,0.845939,0.771191,0.172417,0.593739,-0.51603,-0.433993,0.166162,-0.670628,0.365593,0.292895,0.505133,-0.319803,-0.524786,0.0269022,0.200998,0.0941853,0.0492673,-0.238342,-0.704148,0.623821,-0.348592,-0.167537,-0.0276443,0.516753,0.789267,1
0.341799,0.281875,0.273223,0.105113,0.203229,7.95,0.189974,0.213231,0.242303,0.287479,0.224652,0.158026,0.205846,0.37759,0.211629,0.193884,0.263371,0.307229,0.121333,0.295217,0.291227,0.201612,0.273496,0.122708,0.30363,0.105142,0.382943,0.315062,0.195854,0.291817,0.160248,0.151284,0.52,0.82,1
0.757779,-0.689206,-1.08667,-0.0379927,0.0772227,0.693218,-0.539808,0.142262,0.521501,0.414991,0.637869,-0.0836947,-0.216017,-0.939961,-0.272768,0.357124,-1.07868,-0.412005,-0.754883,0.604452,0.241923,-0.154328,-0.615671,0.704886,0.28134,-0.00924567,-0.411869,0.68223,-0.737606,0.0971046,0.105694,-0.396883,0.526049,0.915229,1
-0.187869,-0.778405,0.249213,-0.213422,0.634402,-0.590963,0.0012183,0.528504,-0.0552253,0.741009,0.641902,-0.20377,0.467141,0.829557,-0.316497,-0.599744,-0.30247,0.0670426,-0.88219,-0.354308,-0.0997627,-0.0325824,0.302419,-0.360058,0.0198892,0.17188,-0.265903,0.128057,-0.547114,-0.278174,-0.480873,-0.509683,0.522339,0.946822,1
-0.243646,0.823591,-0.853506,-0.012831,0.289801,-0.20066,0.539487,-0.329514,1.00458,0.716857,-0.228045,0.813232,0.682271,0.682824,0.297608,-0.877165,0.774471,0.269017,-0.535032,-0.318213,0.229469,-0.140202,0.303714,1.19915,0.811341,-0.316498,-0.0448337,0.218957,0.153375,-0.743154,-0.67793,0.53371,0.574875,0.823526,1
0.307538,0.156691,0.0329349,0.203782,0.217771,0.26343,0.094451,0.34634,0.841142,-0.734171,-0.686999,-0.385502,-0.0288506,-1.17192,0.787244,0.0416347,0.579809,0.416271,0.106287,-0.699643,0.32086,-0.1922,-1.01278,0.444168,-0.219484,-0.535472,0.288793,-0.0935138,0.00215971,0.480737,0.0301448,0.0551854,0.455748,0.886622,1
0.282607,1.0861,-0.0786972,0.0498507,-0.355642,0.706822,-0.722773,-0.45236,-0.106752,-0.0560531,-0.0104138,0.28324,-0.523797,0.271681,-0.229823,0.41516,-0.373142,0.219524,-0.662427,0.281528,1.22777,-0.00606137,-0.683035,0.363952,-0.775684,-1.00054,-0.225335,0.226785,-0.258816,0.135334,0.239226,-0.027604,0.482477,0.781043,1
-0.546338,0.147859,0.708084,0.799608,0.125415,0.155789,0.0919527,0.0131195,0.319721,0.0324985,-0.133307,-0.627496,0.163383,-0.852177,0.332519,0.108338,-0.218785,0.287579,0.769195,0.0908405,0.244766,-0.378726,-0.332947,-0.34596,-0.160035,-0.546369,0.926487,0.0220003,-0.0742428,0.386606,-0.486465,0.0813893,0.543292,0.923373,1
0.619845,0.382085,-0.87533,-0.282625,-0.288033,-0.0344787,-0.0901073,0.154826,0.211948,-0.685291,0.5611,0.741566,-0.611733,-1.01909,0.10684,0.33154,0.0447881,0.865961,0.356367,-0.037686,0.693438,0.388373,0.00332041,-0.349121,0.366658,0.301892,0.599118,0.386096,1.28547,-0.947123,-0.659845,-0.570155,0.560793,0.88512,1
0.277411,-0.411511,0.727332,0.717845,0.0112503,-0.312944,-0.195007,-0.00205514,0.834685,0.136659,0.347163,0.181004,0.981761,-1.16638,-0.247886,0.262585,-0.309801,-0.243712,-0.968992,0.18292,0.601246,0.614728,-0.487771,-0.474925,0.00831966,0.208274,0.555976,0.511626,0.00485908,-0.26332,0.0820755,-0.181654,0.541593,0.912306,1
0.549045,-0.711716,0.348214,0.928731,-0.589388,0.262504,-0.391446,-0.327985,-0.443585,-0.115488,-0.401306,-0.730969,0.240917,-0.50358,0.373755,-0.0154779,-0.318892,0.214282,0.455581,0.000178833,-0.315554,0.343608,-0.345641,0.115843,0.84052,-0.0429525,0.236793,-0.0794255,-1.00331,-1.22313,-0.216002,0.358524,0.510039,0.763984,1
-0.138366,-0.637811,-0.315586,0.096566,0.0307815,-1.28484,0.313177,0.489469,0.0103386,0.342612,-0.721326,0.895983,-0.196354,-0.121846,0.623623,0.573563,-0.232024,0.223323,-1.00192,-0.288772,0.245521,0.642322,-0.280835,0.221783,-0.230354,-0.185107,-1.05922,0.480267,0.754409,-0.369805,0.320617,-0.0889042,0.509299,0.76611,1
-0.402094,0.764728,0.0343919,-0.50662,-0.676268,-0.157467,-0.233621,0.406217,0.433664,0.172925,-1.37003,-0.307136,0.107618,-0.689155,0.318445,-0.264897,0.192967,0.0730669,-0.810701,1.16342,-0.687752,0.863096,-0.350599,-0.393484,0.567884,0.354858,0.993778,-0.222365,0.130788,0.192704,0.159709,0.135442,0.530229,0.83686,1
-0.468873,0.398082,-0.834583,0.303645,-0.0994927,0.287025,0.761482,0.679081,-0.44128,0.617232,0.317233,0.494715,0.649922,0.0375827,0.125865,-0.556832,0.133851,0.496835,0.441289,-1.03098,0.361971,0.229874,-0.202752,0.0807105,1.24311,0.116989,-0.786415,0.473615,-0.00959648,-0.6117,0.233662,0.726813,0.514762,0.82294,1
0.256888,1.18226,-0.302541,0.987202,0.61165,-0.860213,-0.231579,-0.562541,-0.0484623,-0.425086,-0.117171,0.331866,1.24428,0.104612,-0.494854,-0.461247,-0.640883,0.451836,-0.423191,-0.761072,-0.161813,-0.778898,0.680874,0.872583,0.623961,-0.857562,0.461029,-0.0536985,-0.488876,0.133949,0.235245,1.07564,0.442908,0.824478,1
0.764207,0.153867,-0.124041,0.469556,0.118382,1.01535,-0.484624,0.0390152,-0.301298,-0.365811,0.607472,0.41893,-0.825665,0.104465,-0.7181,0.255205,0.164917,-1.2886,0.322831,0.716014,-0.451646,-0.025983,-0.387069,-0.204196,0.174226,0.424644,-0.271424,0.408749,0.268242,-0.136109,0.366715,-0.478767,0.558545,0.858509,1
0.146631,-0.362854,-0.543097,0.531982,0.240588,0.572702,0.730422,-0.0991132,-0.221913,1.07004,0.475757,-0.903125,0.243199,-0.248413,-0.118538,0.627868,-0.404318,0.500641,0.185244,-0.173114,0.550534,0.318733,0.728703,-0.132583,-0.0412747,-0.0925617,0.471221,-0.184309,0.182132,-0.447987,0.387092,-0.33068,0.517583,0.76369,1
-0.182491,0.205103,-0.103557,0.0825419,0.680194,0.28341,-0.0940446,0.525337,-0.245264,-0.642492,-0.262668,0.0477273,0.242954,-0.184073,-0.330628,-0.490818,0.848363,-0.0285167,0.248823,0.0721488,-0.634703,0.378607,0.705829,0.605868,-0.190878,0.146177,-0.140665,-0.180384,-0.317661,-1.00772,0.636162,-0.340068,0.456945,0.840458,1
-0.25856,-0.126745,0.665075,-0.386923,0.11941,0.573688,0.0321444,-0.287051,0.603602,-0.158993,-0.305257,-0.690168,0.304143,0.436367,-0.23907,0.0832686,0.395471,0.191346,-0.322568,0.0623771,0.0334566,-0.933619,0.800396,-0.0874522,0.572107,-0.161454,0.70371,0.373401,-0.843801,0.405311,0.438929,0.491374,0.571428,0.850784,1
0.95,0.88,-0.0559159,0.445819,-0.0046611,-0.287941,-0.118715,-0.248596,0.310941,-0.464888,-0.395623,0.429058,-0.42622,0.0551998,-0.384918,0.487869,0.282136,0.251177,-0.435136,-0.36957,0.456929,-0.158308,0.189279,-0.397921,-0.326429,0.460544,0.308459,-0.484146,-0.347528,-0.481105,0.485443,0.48435,0.48,0.2,0
0.107412,-0.0276817,0.502348,0.20437,0.0786383,-0.140956,0.237608,-0.703147,-0.112906,-0.187929,0.16881,-0.349064,0.426374,-0.156967,-0.210991,0.358019,-0.289367,0.328887,-0.92895,-0.143304,0.279437,-1.2599,0.462785,0.286583,0.0484733,0.0614088,0.70025,0.613111,0.109476,-0.111833,-0.420439,-0.0897789,0.55974,0.797959,1
0.304646,-0.795866,0.953239,-0.171421,0.159712,0.322206,-0.613046,-0.607226,-0.387346,0.441426,-0.0136761,-0.563788,0.747143,0.502774,0.371444,-0.188059,0.0560086,0.501274,-0.221091,0.719684,-0.0754405,-0.330187,-0.593343,-0.729277,0.21977,0.751177,0.0782929,-0.806754,0.487209,-0.953198,-0.13942,-0.382623,0.532657,0.88896,1
-0.897723,0.459322,-0.877104,0.15622,-0.410027,-0.317481,-0.293991,0.425435,-0.724772,-0.371126,0.0234881,-0.80825,-0.2851,-0.196191,0.63854,0.58148,-0.185421,0.728746,-0.302046,0.657846,1.29823,-0.369837,0.329532,0.406964,0.0467759,0.622884,0.206613,0.516569,0.0989248,0.712458,0.250042,0.620141,0.455367,0.917615,1
0.427897,0.622459,-0.212371,-0.585909,0.0160013,-0.453944,-0.245454,0.0255334,-0.62429,-0.177202,0.0730863,-0.615355,0.923101,-0.115709,-0.126843,-0.259574,0.604311,-0.093167,0.926683,0.432361,-0.201601,0.45283,0.0869558,-1.28512,-0.225194,0.270263,-0.22139,0.0873647,0.376342,0.43621,-0.53765,0.112873,0.430625,0.830626,1
0.314663,-0.488156,-0.926526,0.560389,-0.704248,-1.00128,0.115365,-0.473253,-0.628476,-0.141253,0.128505,0.071147,-0.99269,0.667051,0.0140385,0.0308733,-0.252007,-0.452375,0.867342,-0.0790084,-0.117049,0.603928,-0.471139,0.310779,0.279425,0.435578,0.380075,-0.110691,-0.680954,-0.457033,-0.514028,0.851169,0.478801,0.801256,1
-0.224159,0.487591,0.304487,-0.0838323,-0.606874,-0.0581802,0.727882,0.406331,0.3027,-0.380319,0.499137,0.224025,-1.35979,-0.635053,0.510075,0.455098,-0.268151,-0.172926,-0.648624,-1.35824,0.164955,-0.292392,-1.01512,0.673137,0.322517,-0.346167,0.318641,1.17126,0.0310161,0.411135,-0.148563,0.616463,0.548929,0.906048,1
-0.350233,0.136349,-0.00769449,0.399276,0.0568669,-0.178924,0.321019,0.302355,0.0646306,0.251315,-0.619173,0.175269,-0.0569136,0.0126834,0.211959,0.0172462,0.312718,0.302607,0.415164,0.532572,0.470429,1.1056,-0.55514,-0.366579,0.389073,0.572509,-0.690399,0.713051,-0.0273097,0.0838379,-0.619266,-0.473275,0.552097,0.937334,1
-0.509025,0.344902,-0.0176192,0.296427,-0.989829,-0.149687,0.501794,0.817183,0.190324,-0.222983,-0.329286,-0.664825,-0.344453,0.469269,-0.190633,0.112305,0.529527,0.103671,-0.190966,-0.659736,-0.813172,0.0449436,-0.389337,0.120648,-0.267083,-0.669337,0.693192,-0.862091,0.0966568,-0.206805,-0.488669,-0.297347,0.434533,0.93185,1
0.271884,0.193796,-0.197678,-0.689983,0.833765,-0.571155,-0.318868,-0.210487,0.0196095,-0.0390435,-0.639012,0.644894,0.214363,-0.266196,0.514034,-0.00679539,-0.263963,0.263087,0.240934,-0.0657083,-0.368772,0.066003,-0.538613,-0.766349,-0.167831,0.0985373,0.141794,0.301526,0.40107,0.444055,-0.398071,0.361639,0.436049,0.794315,1
-0.572522,-0.0463576,0.740007,0.217462,-0.460585,0.0465355,0.160249,0.202958,0.220216,0.233952,1.49684,0.511492,-0.185093,-1.03255,0.688149,0.51259,0.745534,0.31423,-0.180002,0.393942,0.065684,-0.156124,0.573433,0.544341,-0.649191,0.0697138,-0.0403933,-0.304349,-0.607768,0.791673,0.669721,-0.0448639,0.480508,0.812235,1
0.83823,0.514337,-0.316856,-0.153792,0.118007,-0.173402,0.105541,-0.589815,0.0761717,0.472176,0.15235,0.909313,-1.43507,-0.0237236,-0.134458,-0.194476,0.475038,-0.018297,0.40998,0.341362,0.54647,0.0930981,0.661587,-0.645299,-1.27431,0.786711,0.0916776,-0.249306,0.408841,0.634008,0.0850001,1.56435,0.512652,0.904314,1
1.00133,-0.214855,-0.757232,1.15685,0.505409,0.185801,-0.83299,0.365492,-0.584781,0.402603,-0.369586,0.21707,-0.524557,0.0237753,0.855148,-0.240535,0.167399,0.18225,0.281084,-0.486534,0.10634,-0.0103198,-0.0913614,0.0450905,-0.135908,0.494483,-0.364073,0.852429,0.282589,0.58653,-0.506952,0.440835,0.538042,0.940864,1
-0.0180761,0.379258,0.195742,-0.135539,-0.821838,0.354139,0.173741,0.81461,-0.564948,0.228696,-0.309101,0.469356,0.327047,-0.210997,-0.0149947,0.188068,-0.807686,0.623417,0.0971413,-0.602521,-0.0635644,-0.0254888,0.469726,0.39822,0.27181,0.521898,-0.169338,0.590789,0.250387,-0.235381,-0.311328,-0.75614,0.5771,0.937562,1
-0.352699,-0.77545,-0.30354,0.363688,1.00327,0.800851,0.0487494,-0.351023,0.595045,-0.620568,-0.495767,-0.132066,0.0841686,-0.352216,-0.232248,-0.16708,0.495613,-0.205267,-0.692449,0.131538,-0.219503,0.242587,-0.238854,1.35103,-0.0989486,0.145715,0.523774,0.643422,0.538323,-0.121731,0.80642,0.985047,0.535632,0.798329,1
0.154238,-0.365945,-0.930068,0.720583,-0.569259,0.332088,-0.572086,0.0791201,0.523019,-0.0320578,0.739167,-0.150685,0.0579518,0.0337471,1.16741,-0.131453,0.0515343,-0.329233,-0.18017,0.997772,1.17695,-0.815701,0.202215,-0.452092,-0.0886425,-0.772372,0.85983,0.817864,0.483783,-0.00894152,-0.25711,0.110867,0.4316,0.943175,1
0.350768,-0.759833,-0.48315,-0.457079,-0.421732,0.0645717,-0.247045,-0.284357,0.23112,0.447146,-0.129657,-0.300684,-0.397876,0.112671,-0.732772,0.424093,-0.166759,0.728798,-1.00946,-0.38707,-1.29626,-0.268349,0.159889,-0.0932327,-0.463472,0.823765,0.45917,-0.846844,-0.194235,-0.32591,-0.307503,0.590121,0.550493,0.918456,1
-0.638308,0.448015,0.064803,-0.819231,0.343783,-0.457811,0.141805,0.0413177,-0.0906266,-0.11704,-0.577425,0.0627641,-0.534196,-0.868311,-0.689906,0.181714,-0.427698,0.613836,0.432931,-0.0364419,0.0484192,-0.312747,0.478831,0.36934,-0.729478,0.225074,0.328498,0.164178,-0.904122,0.148211,-0.560085,0.0798222,0.440955,0.872986,1
-0.40052,-0.462526,0.563425,0.62029,-0.203563,0.433178,-0.162427,-0.200021,0.789048,-0.337634,-0.77874,0.17058,0.182902,0.275513,0.0302137,-0.368311,-0.0723426,-0.202954,0.462046,1.14992,-0.327587,-0.72546,0.292517,0.861358,-0.354787,0.169312,0.086102,0.69839,0.0715669,0.891984,0.0716864,0.538654,0.454023,0.891812,1
0.333899,0.589219,-0.680684,0.245502,-0.701876,0.758609,-0.629129,0.938209,1.1652,0.674512,0.544677,0.0207207,-0.922836,0.00510073,0.53931,-0.432763,0.0157559,0.139481,-1.25825,-0.624522,0.339831,0.375813,-0.500103,-0.589509,-0.766451,0.97941,0.176761,0.0402649,0.0197547,-1.0115,-0.571625,0.527121,0.4737,0.788077,1
-0.0803018,-0.12721,-0.0830291,0.684762,-0.34463,-0.280461,-0.138544,-0.309652,0.890923,-0.373309,0.395783,-0.231026,-0.106493,-0.152953,0.666499,-0.467914,0.273742,0.644351,0.398815,0.0317361,0.700032,-0.261454,0.0324571,-0.25338,0.366543,-0.588179,-0.0513956,-0.201199,0.580099,0.554039,0.599989,-0.542181,0.464916,0.83113,1
0.270972,-0.90504,0.210247,0.294298,-0.147749,0.432569,0.451629,0.682256,0.702621,0.785957,-0.620761,-0.508796,-1.10139,-0.540952,0.0739623,-0.209691,0.241575,0.833877,-0.457266,-0.483472,0.728725,-0.277604,0.324852,0.234367,-0.691204,0.0759654,-1.01899,0.445809,0.242739,0.110287,0.584481,-0.00114341,0.501159,0.762297,1
-0.263879,-0.720842,0.758878,-0.318199,-0.81531,0.507056,0.316753,-0.243011,0.561729,0.750125,-0.498902,-0.438553,0.736894,0.350225,0.355259,-0.0231815,0.393342,-0.112889,0.176299,-0.146935,0.121219,1.03145,-0.753687,-0.420892,-0.149792,-0.00995705,-0.72039,0.304612,-0.0205489,-1.15051,-0.373659,0.109839,0.440393,0.945444,1
0.422361,-0.711131,-0.73298,0.318933,-0.513161,0.0843954,-0.227138,-0.0498015,0.114181,-0.570434,0.520592,0.0770733,-0.367165,-0.337384,-0.497331,0.582778,-0.19587,-0.259081,0.0483761,0.0495019,0.261582,0.587189,-0.272168,-0.255644,-0.642331,-0.812184,-0.0934958,0.37161,-0.143401,0.24831,0.323377,0.185617,0.545287,0.867197,1
1.18081,0.243391,-1.12079,-0.440131,-0.37975,0.35719,0.0367768,0.298629,0.0772956,-1.45718,-0.171822,-0.142027,-0.386803,0.038463,-0.374333,0.130172,-0.15014,-0.216932,-0.493364,-0.179429,0.335247,-0.588941,-0.472134,0.257982,-0.707568,0.405737,0.368144,-0.226675,0.640367,-0.12419,0.659265,-0.325958,0.540341,0.794821,1
0.435944,0.213842,-0.146407,-0.62694,-0.206067,0.940184,-0.532435,-0.217549,0.0218964,-0.212436,0.944099,-0.136268,0.141057,0.268749,0.61906,0.50348,0.0495915,0.382359,-0.522187,-1.31743,-0.511696,0.0920529,-0.197009,-0.0329447,0.182354,0.454961,0.500454,0.580195,0.0350516,-0.0897785,0.210967,0.269198,0.532226,0.941799,1
-0.204594,1.08943,-0.217869,0.509394,0.131815,0.134579,-0.179934,-0.275297,-1.21394,0.107423,0.163727,-0.147913,-0.212449,-0.271947,0.456793,-0.577509,1.46208,0.391898,-0.179432,-0.29047,-0.151423,-0.671591,-0.528675,0.295489,0.0281759,0.581322,-0.212152,-0.598617,-0.864043,0.191781,0.0959234,1.24518,0.498103,0.765272,1
-0.646694,0.214925,-0.418481,-0.167932,0.494224,-0.179764,-1.26171,-0.0971726,0.185527,-0.333967,-0.547862,-0.213355,-0.328695,-0.339196,-0.6518,0.0548961,-0.897851,0.32331,-0.237177,0.223821,-0.635059,0.556794,0.0409177,-0.6004,0.654578,-0.167977,-0.103987,-0.115556,0.557429,-0.72453,0.00605474,0.415747,0.420374,0.903202,1
0.303072,-0.0192886,0.271412,0.230317,0.105257,-0.321,0.385309,-0.0791862,0.547001,0.228392,0.18835,-0.138515,-0.749812,-0.569144,0.036768,-0.662693,1.26792,-0.17204,0.200006,-0.213947,0.41254,-0.351779,-0.492445,1.16151,0.383149,0.0223692,-0.919341,0.41851,-0.00275953,0.0268257,-0.636227,0.0024034,0.507761,0.947278,1
-0.584075,0.0183243,-0.603737,0.204457,0.132813,-0.0336233,0.308172,-0.139724,-0.287063,-0.219855,-0.0682614,0.837988,0.461985,-0.398574,0.0977911,0.366457,-0.215429,-0.312263,1.09829,0.11852,0.236003,-0.405371,0.594775,-0.516403,-0.204306,1.3962,-0.649815,0.542388,0.106002,-0.0182933,0.406646,-0.155746,0.500525,0.87712,1
-0.32073,-1.14742,-0.132635,-0.836283,-0.468076,-0.0158666,-0.110085,0.23286,0.466231,0.315416,0.343691,0.132432,-0.389227,-0.351749,0.429817,-0.363477,0.179118,0.252251,-0.639399,0.303602,0.149649,0.434125,-0.83669,0.0692904,-0.119985,-0.266137,0.150742,0.124241,-0.199544,0.108833,-0.492055,-0.496379,0.518478,0.863845,1
0.506294,0.99424,0.518187,0.0631236,0.169417,0.0461234,0.0960098,-0.0454151,-0.0872169,0.429624,0.714546,-0.104928,0.634286,0.521129,-0.216884,0.239518,0.111465,-0.390108,0.162187,0.38004,-0.0562427,0.201888,-0.612801,-0.169494,-0.161614,-0.162225,0.324529,-0.711837,-0.0784697,-0.462627,1.26848,0.297164,0.429554,0.779006,1
0.287238,-0.765078,-0.12315,-0.348833,-0.508218,-5.34556e-05,-0.568163,0.466869,-0.0457163,0.104775,-0.572348,0.63978,0.0145783,0.262475,-0.506307,0.147317,-0.186795,-0.175863,-0.43193,0.0133572,0.460818,-0.326729,-0.515998,0.349367,-0.516546,0.0083686,0.785552,0.0281676,-0.200876,-0.731117,0.0991069,0.0581066,0.550617,0.901533,1
-0.341256,0.17113,-0.445098,0.464002,0.165977,0.604987,0.289178,0.0748084,0.203435,-0.390829,-0.313588,0.0207524,0.476211,1.22251,0.0546848,-1.26391,-0.459901,-0.195759,-0.482628,0.684272,-0.606408,0.354408,0.0486152,0.66095,0.10958,-0.24173,-0.145218,-0.596405,0.210779,-0.573729,0.167386,-0.114221,0.497851,0.802804,1
1.02469,0.31862,-0.226343,0.358819,-0.763163,0.349236,0.453269,0.599232,-0.676122,-0.547988,0.836612,0.571385,-0.398915,-0.285946,0.589362,-0.0615384,0.00149927,0.116861,0.416436,-0.0951904,-0.686759,-0.185716,-0.209246,0.15726,0.00657145,-0.0913471,-0.361619,-0.617747,-0.832396,0.324682,-0.975521,-0.537732,0.578445,0.929472,1
0.350459,-0.257375,0.317712,-0.597247,-0.241877,-0.655735,-0.676725,0.322324,-0.00778965,0.305519,-0.569299,-0.871705,0.104082,-1.08935,-0.0922943,-0.895152,-0.00146811,-0.172056,0.639868,0.731186,-0.669859,-0.107672,-1.09691,0.649963,-0.202281,0.116289,0.662261,-0.201878,0.0757432,-0.0307678,-0.319033,0.309395,0.463106,0.949679,1
0.334895,0.0382122,0.43712,-0.392906,0.675822,-0.579076,-0.526934,-0.00585624,0.273473,-0.988827,0.662497,0.213504,-0.582338,-0.2801,0.52938,-0.0228929,-0.23486,0.419479,-0.0310507,-0.0993565,-0.28614,0.460072,-0.543092,-0.369331,-0.331185,-0.933011,0.684708,-0.116115,0.801082,0.882386,-0.196075,-0.363359,0.427302,0.778802,1
-1.1098,-0.415547,0.803106,0.24376,0.615259,-1.15826,-0.172312,-0.416564,0.0283344,-0.740978,-0.15658,0.54631,0.212004,0.12822,-0.149908,-0.292087,0.0489419,0.451656,0.29477,-0.0279587,-1.03312,-0.948368,0.989005,0.55627,0.709274,0.611085,-0.146035,0.317578,0.683384,-0.756752,0.279445,-1.33854,0.558969,0.895217,1
1.01139,0.735817,-0.0721472,-0.0298484,-0.736211,0.705716,-0.122948,-0.510693,1.195,0.560257,-0.861055,0.169472,0.691021,0.448873,0.559619,0.489876,0.702992,-0.102788,-0.805031,0.730137,0.953022,-0.333357,-0.0309065,0.220872,-0.463952,-0.699528,0.171484,-0.106159,-0.507756,0.241037,1.26761,-0.333052,0.507948,0.845806,1
0.386527,0.382642,0.195494,0.124938,0.234894,7.95,0.130566,0.124155,0.365905,0.262004,0.313075,0.204821,0.131703,0.254098,0.350108,0.29775,0.120598,0.288421,0.271323,0.372874,0.259483,0.346223,0.182286,0.129558,0.104594,0.215914,0.350234,0.114827,0.365785,0.277852,0.362008,0.268717,0.52,0.82,1
0.326388,0.617576,-0.174692,0.269648,0.088048,-0.16175,-0.922564,-0.324544,-0.486966,-0.167145,0.217936,-0.0898002,-1.73083,-0.293355,0.10493,0.172339,-0.0430256,-0.0767469,-0.0844572,-0.117079,-0.132744,-0.401419,-0.167999,-0.920479,-0.471195,0.490664,0.00643319,-0.086435,0.906258,0.417355,-0.375252,-0.802266,0.473126,0.887107,1
-0.481652,0.333856,-0.704306,-0.0497187,-0.431519,0.113981,0.283747,0.191794,-1.02289,-0.74669,0.0805404,1.00079,-0.294151,0.580617,-0.29218,-0.699692,-0.376162,-0.136353,-0.401429,-0.305693,-0.688037,-0.215237,0.182522,-0.169381,0.556235,0.752314,0.693621,0.227075,-0.0144173,-0.146682,-0.409024,0.564648,0.494927,0.84145,1
-0.283818,0.298335,-0.204704,0.470924,0.86039,0.760689,-1.18918,-0.130618,-0.59165,-0.381,0.144472,0.445886,0.529922,-1.71864,-0.142477,1.8355,-0.0106779,0.278476,-0.797534,-0.0257448,-0.483248,0.44694,-0.0645902,0.0331502,1.24555,-0.506615,-0.158435,-0.656873,0.826374,-0.344785,0.511254,-0.288996,0.477483,0.908204,1
-0.134849,0.0822666,-0.361922,-1.3292,-0.73834,0.0391437,0.305677,0.285272,-0.223047,0.070225,0.241348,0.536815,-0.0868618,-0.153252,0.044573,-0.27545,0.213906,0.0793886,-0.200598,-1.05379,-0.698824,-0.108813,0.248153,0.316628,-0.596008,0.0856285,-0.50125,0.570511,0.440681,0.606028,-0.00405194,-0.460159,0.545898,0.830286,1
0.00981165,-0.00368957,-0.125694,-0.063109,0.386766,0.140241,-0.507985,0.100632,-0.428813,1.12906,1.09615,-0.121944,0.0387696,-0.822095,-0.414916,0.453512,-0.000519428,-0.0567391,-0.279619,0.375013,0.506864,-1.13054,-0.499186,-0.910577,-0.378953,-0.583948,-0.0185278,0.393772,-0.00715214,0.0653602,1.39825,0.00184978,0.497756,0.81298,1
0.174582,0.223708,0.227591,0.206108,0.186087,7.95,0.349773,0.170222,0.111165,0.390253,0.194794,0.377405,0.344322,0.269886,0.360173,0.313858,0.270264,0.288211,0.372943,0.363762,0.254693,0.182295,0.297911,0.201426,0.199599,0.103145,0.300114,0.186474,0.36678,0.327605,0.176384,0.125088,0.52,0.82,1
-0.350002,-0.790368,0.122814,0.938361,-1.12879,-0.157636,0.858554,-0.258217,-0.978151,-0.100362,-0.818269,1.08482,-0.0758221,-0.139425,0.67114,-0.368408,-0.309043,-0.206754,-0.364259,0.570571,-0.231807,-0.232998,-0.549135,-0.452445,0.837464,-0.132474,-0.66379,0.519393,-1.41347,-0.712333,0.139444,-0.179421,0.576964,0.833294,1
0.0125959,0.0677328,0.49908,0.0390528,-0.8203,0.0821692,-0.083173,0.148081,-0.45005,1.06412,0.503913,0.425008,-0.287067,0.538881,-0.771982,-0.412028,0.556382,-0.257754,-0.085973,-0.142808,0.381463,-0.504024,0.00307488,0.851912,-0.00639596,0.22519,-0.0543298,0.0419307,0.280954,1.1125,0.0773122,0.103173,0.495398,0.88422,1
0.489192,0.245174,0.461551,-0.669874,0.518929,-0.15212,0.143726,0.147165,-0.266865,0.720421,0.0238594,0.309711,-0.888341,-0.533163,0.0119977,-0.925516,-0.555268,-0.000135386,0.184388,-0.988528,-0.736015,-0.723645,-0.434191,-0.716291,-0.152537,-0.487439,-0.00148008,-0.715223,0.371659,-0.412679,-0.167043,-0.600341,0.449371,0.936324,1
-0.684779,0.409397,-0.0917889,-0.118778,0.0374414,-0.491226,-0.234779,-0.559762,0.257107,0.494023,0.141523,0.285489,0.194114,-0.359898,-0.204079,0.0875771,-0.280509,-0.777889,-0.504259,-0.208599,-0.489397,0.694021,0.771436,-0.071483,0.683569,0.332566,-0.709033,-0.330679,0.38449,-0.187463,0.662359,-0.926434,0.468621,0.813341,1
0.99077,-0.380681,0.175412,-0.0859586,0.648152,-0.363412,-0.314065,0.0677488,-0.664725,-0.256866,0.354293,-0.528083,0.13881,0.270251,-0.507279,-0.391457,-0.242257,0.545569,-0.466391,-0.114074,0.340615,-0.440447,-0.279334,0.244492,-0.566036,0.199462,0.688216,1.22402,-0.313994,0.275541,-0.265917,0.761157,0.512507,0.851038,1
0.0569992,-0.26074,-0.0362926,0.462934,0.179324,-0.551581,-0.368437,0.762308,0.322067,-0.0635215,-0.99356,-0.756001,0.0479537,-0.162608,-1.29872,-1.19728,-0.464365,-0.19127,-0.116786,0.529307,-0.581397,0.543632,0.182494,-1.21715,-0.918473,-0.365628,0.991394,0.35877,-0.254886,0.660603,0.458685,-0.0068428,0.482628,0.832874,1
0.160397,0.327204,0.172923,0.12574,0.167141,7.95,0.276967,0.254891,0.383061,0.355754,0.27465,0.361378,0.34967,0.298541,0.373563,0.24301,0.144144,0.157863,0.104791,0.115268,0.392565,0.308482,0.242275,0.299628,0.324897,0.275474,0.334323,0.327149,0.143918,0.31458,0.131108,0.336844,0.52,0.82,1
-0.0313007,-0.895152,-0.248251,0.712745,-0.11795,0.319104,-0.546607,0.108942,0.602693,0.059564,0.160457,-0.826662,0.732003,-0.0360023,0.114207,-0.667541,0.436004,-0.934249,0.240648,-0.366767,0.265972,0.769116,-0.512807,-0.395594,-0.324244,-0.931487,-0.125,-0.807243,0.30126,-0.114803,-0.409927,0.391483,0.562172,0.877918,1
-0.403119,-0.502766,-0.0639262,1.02657,-0.0981852,-0.802402,0.0135942,-0.0767094,0.0965106,0.313509,0.22707,0.126987,-0.220728,0.14472,-0.307277,0.386586,0.584136,-0.270094,0.0285719,-0.241586,-0.164438,-0.0482346,-0.158515,-0.14808,0.324786,0.902803,-0.100013,-0.839674,-0.397856,1.02161,0.82384,-0.286415,0.513872,0.948835,1
-0.247987,0.59624,-0.400251,0.077948,-0.427886,-0.957188,-0.347252,-0.457432,-0.385115,-0.175329,-0.118783,-0.0924514,0.0577473,0.707947,1.01348,0.418656,-0.370163,0.740007,-1.01798,-0.772178,0.479967,0.449937,-0.93679,0.097029,-0.0397029,0.696465,0.497336,-0.625768,0.306714,-1.01143,0.168723,1.09995,0.52472,0.87013,1
0.483012,0.0611178,0.033666,0.300774,-0.212261,-0.843665,0.00719377,-0.109754,0.731716,-0.337283,-0.563367,1.18109,0.492116,-0.310672,-1.25647,0.627992,0.528291,0.358058,-0.142499,1.04016,0.686776,-0.122268,-0.524043,-0.373162,-0.827602,-0.216982,0.202554,-0.33857,-0.6564,-0.29597,0.875251,-0.20187,0.439711,0.829636,1
-0.771796,0.176798,-0.439872,-0.436905,-0.912537,0.504281,-0.181963,0.675405,-0.188453,-0.449145,0.298893,-0.284813,0.34974,-0.798202,0.135633,-0.300419,0.178025,0.27249,-0.310716,0.964426,-0.421237,0.412867,-0.566963,-0.01197,-0.537172,0.389359,-0.539569,0.134703,1.04677,-0.738109,-0.16007,0.255492,0.548997,0.761591,1
-0.91537,0.0309766,-0.1307,0.747049,0.281207,0.0263173,-0.880554,0.405846,-0.156418,0.308093,0.208364,0.233495,0.959329,-0.476369,-0.0462385,0.325479,-1.03685,0.156017,-0.0869482,-0.109277,-0.298238,-0.526828,0.381717,-0.109488,0.110346,0.664843,0.274257,0.204596,-0.819832,0.368625,-0.710008,0.271129,0.573151,0.826559,1
-0.778824,0.615873,0.858347,0.00165131,-0.118077,-0.658451,0.0326772,0.76917,0.398631,0.0350085,0.401362,-0.338545,0.459211,0.986137,0.816661,-0.0557712,-0.959685,-0.0238246,0.242098,-1.32413,0.0316946,0.164674,-0.203254,-0.555124,-0.108981,-0.845812,-0.482352,0.0246866,0.096437,-0.10659,0.312161,0.362457,0.516127,0.85772,1
0.200371,0.182557,0.310931,0.295997,0.265662,7.95,0.363642,0.242183,0.205403,0.141164,0.37895,0.142702,0.362504,0.14138,0.172718,0.251017,0.389623,0.287234,0.141499,0.158887,0.182882,0.226221,0.127849,0.117702,0.249775,0.189899,0.205646,0.335305,0.313046,0.357865,0.306256,0.298514,0.52,0.82,1
0.107222,-0.0217641,-1.35203,-0.224602,-0.0932007,-0.501255,0.0602888,-0.173024,-0.246849,-0.298055,-0.189663,0.20377,0.0140143,0.583242,-0.115952,-0.365601,0.19938,0.253341,-0.381037,-0.204827,-0.563762,0.401767,0.436742,0.356454,0.472081,0.376285,0.0741104,-0.548421,0.319115,0.261727,0.419657,-0.380873,0.46362,0.803113,1
-0.0619223,0.0911371,-0.637798,-0.736095,-0.166183,-0.221842,-0.699304,-0.370238,0.479581,0.142852,0.319876,-0.0775149,-0.70369,-0.223963,-0.591808,-0.33005,-0.124471,0.512519,0.802948,0.159404,0.190166,-0.165746,0.247734,-1.54366,0.176325,0.775245,-0.23041,0.199778,0.449989,-0.126332,0.0262529,-0.336108,0.466891,0.844898,1
-0.175677,-1.55678,-0.273777,-0.835467,-0.046782,0.0429077,0.2041,0.337457,0.350595,-0.386525,1.06798,-0.00904733,1.06695,0.190365,0.393772,-0.0853334,0.517191,-0.377329,-0.0924975,0.105678,0.0240665,0.128392,-0.507776,-0.198673,0.942202,0.556345,-0.226871,0.37396,-0.532309,-1.33802,0.208879,-0.955122,0.526463,0.78051,1
-0.598829,0.610857,-1.1463,0.755112,0.032094,-0.0891804,0.273572,0.455067,0.52169,0.422235,-0.450937,0.193589,0.0174054,0.361707,-0.418052,0.399952,0.23563,-0.198633,-0.523841,-0.216036,0.112413,-0.389134,-0.259378,0.841851,0.522113,-0.573545,-0.671617,-0.0424716,-0.628234,0.452886,0.2554,0.31499,0.494355,0.837532,1
-0.0244217,-1.13727,-0.525694,0.911853,0.0821822,-0.0727854,-0.32765,-0.0447749,-0.211877,-0.0196011,-0.564116,0.230425,-0.762039,-0.039233,-0.124918,0.0948186,-0.631994,0.554528,-0.689253,0.297388,0.019593,-0.633505,0.386637,-0.368403,0.348857,0.0210208,-0.215322,-0.611863,0.221105,0.14906,0.501805,0.878302,0.479929,0.901634,1
0.425786,-0.294504,0.791935,0.680717,0.289787,0.00885073,-0.801158,0.16786,-0.279423,0.600085,-0.327602,0.257801,-0.270619,-0.980453,0.19472,0.135236,-0.0261403,0.351628,-0.295168,-0.56409,0.616292,0.0635283,-0.662265,0.349767,-0.117518,-0.447531,-0.026936,0.311721,0.411331,-0.0206038,0.355694,-0.574256,0.500599,0.937241,1
-0.958743,-0.323278,0.21286,-0.0370191,-1.11146,-0.174729,-1.78355,-0.454701,-0.084108,-0.211527,-0.682215,0.401668,0.0639995,0.41876,-0.706493,-0.128531,0.276485,0.537016,-0.106762,-0.701193,0.281911,0.144717,-0.571858,-0.150837,-0.78113,0.972207,-0.185808,0.112245,0.289202,-0.942661,-0.00634777,-0.482999,0.535646,0.807732,1
0.95,0.88,-0.233779,0.202977,0.476713,-0.176714,-0.156212,-0.12433,-0.0293411,-0.0779458,-0.143928,0.154569,-0.340669,-0.323366,-0.0989077,-0.325068,-0.179826,0.249837,-0.122855,-0.167921,-0.461987,-0.185986,0.407883,0.340424,-0.259715,-0.165089,-0.173819,-0.377864,0.121402,0.0568098,-0.152762,0.239251,0.48,0.2,0
0.68721,-0.450813,-0.629305,-0.72072,-0.476094,0.649086,-0.111058,-0.114721,-0.379437,-0.516001,0.692089,-0.0765256,-0.386977,0.0648797,0.58458,0.326834,-1.17361,-0.0449994,-0.316132,0.52557,-0.0110679,0.00419337,0.0504421,-0.116852,0.164187,-0.922398,0.531771,0.205609,0.833753,0.269386,-0.219208,-0.427093,0.47141,0.8461,1
-0.140423,0.557231,-0.524597,-0.102369,-0.0450736,0.212837,0.110527,-0.336582,-0.539651,-0.895808,0.659467,-0.784311,-0.312688,-0.044519,0.161545,-0.490142,0.23401,0.222121,0.28816,-0.497193,0.296734,0.119486,-0.920644,0.680404,0.316222,-0.931114,0.423486,0.308551,-1.02836,-0.283536,-0.269727,0.0234076,0.486235,0.910197,1
-0.162117,0.438608,0.205925,-0.0944583,0.322282,0.253785,-0.472749,0.394709,-0.571461,-0.374206,0.337846,-0.0218845,-0.15175,0.320406,-0.107154,0.290922,-0.158459,-0.75065,-0.681069,-0.117249,-0.745768,-0.46876,0.105751,0.714693,0.69342,-0.203757,-0.209822,-0.718238,-0.774022,-0.184266,-0.119727,-0.211796,0.542884,0.798396,1
0.931801,0.628561,0.246728,0.0177276,0.330197,0.805982,0.291361,-0.340339,-0.312208,1.30099,-0.276083,0.203543,-0.0850367,-0.227507,-0.144418,0.046057,0.147458,-0.619404,-0.154467,-0.413779,0.758608,0.374019,-0.34764,0.0562492,0.924329,-0.00707705,-0.237374,0.280662,-0.300594,-0.419974,0.426495,-0.358505,0.449711,0.932508,1
0.370244,-0.132659,-0.331728,0.532903,-0.24343,-0.06329,-0.570193,-0.390691,0.867122,0.100045,-0.234727,0.531873,-0.413613,0.416073,0.0606269,0.582426,0.340602,-0.0184553,0.0572137,0.191279,0.1476,-0.352829,-0.35289,-0.426826,-0.122608,0.206472,0.353061,-0.0120878,-0.185896,-0.0626772,0.474357,0.0976899,0.504242,0.878011,1
0.0905519,-0.216655,0.24822,0.163195,-0.0317538,-0.166344,-0.381819,-0.119839,0.541122,0.700521,0.325395,-0.96906,0.11655,0.142118,-0.855905,-0.315583,0.777333,-0.755454,-0.74049,0.385601,-1.16483,0.393936,-0.0858804,0.294999,0.0838575,0.0259398,-0.585286,0.381026,-1.04013,0.495505,0.502594,-0.653294,0.434177,0.762462,1
-0.303385,0.682326,0.306415,0.498578,0.124628,-0.435366,0.81002,-0.533762,0.0980224,0.640981,-0.505795,-0.194268,-0.154684,0.176448,-0.444292,-0.3915,0.134547,0.747384,0.81517,-0.241196,-0.39355,-0.452587,0.235268,0.180849,0.136108,0.517078,0.440334,0.0740628,-0.907679,-0.950314,-1.10883,-0.102254,0.507842,0.768746,1
-0.497916,-0.232133,-0.403631,-0.190491,0.519337,-0.615669,-0.773373,0.851568,1.36336,-0.080095,0.107001,0.177981,-0.473158,0.200772,0.56677,-0.0901095,-0.997768,-1.48371,0.0996143,-0.478195,-0.617164,0.100993,0.290682,-0.149628,-0.0131259,-0.870373,0.392774,-0.32175,0.996078,0.659714,0.886476,-0.24946,0.553808,0.949646,1
-0.488242,0.182893,-0.518349,0.455359,-1.00727,0.232705,0.00272982,-0.314248,-0.308144,-0.137988,-0.372776,-0.250054,-0.11086,0.978956,0.480649,0.296288,-0.375789,0.275936,-0.0589453,-0.471265,-0.198727,0.413056,-0.353584,0.374404,0.165138,-0.431029,-0.470872,-0.330543,-0.295934,0.128486,-0.767493,0.0131795,0.555131,0.79498,1
0.715095,-0.675011,0.320649,0.243672,0.0572198,-0.311669,0.458353,0.412345,-0.464498,-0.564627,0.359552,0.666688,0.159579,0.357385,-0.0714185,0.464463,0.131241,0.230175,0.122645,-0.174841,-0.763627,-0.167104,0.121063,0.620022,-0.436544,1.36415,-0.0503669,0.7719,-0.342848,0.246129,-0.183082,0.471306,0.440809,0.884826,1
0.0684467,0.494042,0.200643,-0.629446,-0.232108,-0.240745,-0.321718,0.164843,0.765213,0.252259,-0.551462,0.581494,-0.500919,-0.311458,0.507177,-0.617436,-0.106704,0.630393,1.04651,-0.0225845,-0.104827,0.178495,1.03827,-0.597683,-0.947424,-0.378373,0.810953,-0.174161,-0.165631,-0.0773514,-0.0476718,0.327213,0.543996,0.938389,1
-0.525332,-0.196523,-0.194391,-0.520369,-0.416554,0.268099,0.208493,-0.0644152,-0.315933,-0.552502,-0.727465,0.29098,0.107471,-0.406559,-0.303244,0.723027,-0.562358,0.00584687,-0.548598,-0.551533,0.350971,-0.770247,0.252431,-0.183217,-0.0431483,0.178431,-0.171781,0.323281,-0.160048,-0.703585,-0.345431,-0.220492,0.5059,0.945566,1
0.575881,-0.356893,0.140259,0.321531,0.881302,0.521494,0.415333,-0.0335616,0.155329,-1.17387,-0.219761,0.0543304,-0.269135,0.396882,0.0731734,-1.46883,-0.876697,-0.580025,0.187095,-0.0966698,1.3933,-0.814714,-0.637192,-0.254813,0.427832,-0.0759159,0.0825206,-0.409389,-0.2302,0.52628,-0.23383,0.383612,0.508354,0.898332,1
-0.257393,-0.0275993,-0.242635,-0.352937,0.8497,0.0256027,-0.378575,0.0294992,0.158277,0.809869,-0.0722951,-0.634396,0.889617,0.736099,0.0675617,0.778801,-0.962748,-0.247761,0.209567,-0.0903084,-0.644314,0.810355,0.471003,0.912698,0.17302,0.418,-0.21163,0.328643,0.910736,-0.420199,0.46578,0.93217,0.5412,0.843967,1
0.410345,0.263904,-0.149528,0.366713,-0.0772179,0.674474,-0.203582,-0.441604,0.168466,-0.177646,-0.976916,-0.436866,-0.341786,-0.427739,0.852731,0.659123,0.325511,0.358933,-0.885909,0.279215,0.668748,0.228741,-0.531394,0.145145,0.338245,0.241426,0.110053,0.189416,-1.04696,-0.0779276,0.759286,-0.162947,0.568657,0.915855,1
0.176789,-0.22642,0.188819,0.856514,-0.0014621,0.555031,0.463698,0.647225,-0.603803,-0.0954611,-0.55929,-0.0732986,-0.414091,0.664628,0.175332,0.116183,0.244982,0.404145,0.392998,-0.728503,-0.525783,-0.910261,-0.216098,0.660296,0.0383591,-0.406907,-0.136271,0.521351,0.287944,-0.217759,-0.579959,0.525672,0.478237,0.809167,1
-0.465292,0.532554,0.68686,-0.714251,-0.592543,0.0191412,-0.153454,0.386672,-0.27481,-0.00481524,0.456148,-0.240878,0.427147,0.0878463,-0.140153,-0.0651805,-0.342438,0.382653,0.129094,-0.224036,-0.360565,0.547525,-1.25522,-0.593348,0.131186,0.190851,-0.466973,0.555208,0.616333,0.0804473,0.401744,1.08051,0.451804,0.871358,1
-0.748272,-1.14952,-0.744564,0.12437,-0.301881,-0.888204,0.193592,0.611976,0.445098,-0.84341,-0.517532,0.464389,0.0921779,0.894871,1.00721,-0.0453239,-0.0870242,-1.02174,1.04151,0.498758,0.260168,-0.119667,-0.0336426,-0.644643,0.0373293,-0.223247,-0.102297,-0.0221492,0.170665,-0.194813,0.580348,0.142035,0.515028,0.767678,1
0.488382,-0.204405,-0.569876,0.290563,-0.125606,-0.710131,0.446371,-0.226071,0.767465,0.502224,0.634258,-0.400027,0.759656,-0.120876,0.368587,0.0665205,0.890075,0.606591,-0.294373,-0.29541,0.251285,-0.219945,0.197839,0.114026,-0.316367,0.0570993,1.2137,0.278509,0.368418,-0.209224,0.583298,-0.911754,0.509397,0.785762,1
-0.179178,-0.358641,-0.392684,-0.724564,0.842935,-0.0144873,-0.0642947,-1.0482,0.184469,-0.232634,-0.158688,-0.361109,-0.187044,0.508751,0.536919,0.105434,-0.21746,-0.240363,-0.480295,0.56291,0.537954,-0.133257,0.763568,0.263757,0.336791,-0.38485,0.14456,0.00398219,0.671923,0.391979,-0.00225054,0.627864,0.534271,0.88102,1
0.0217608,-0.205823,-0.0186282,0.605246,0.630503,0.373444,-0.35004,0.397799,0.781268,-0.256567,0.771845,-0.289368,-0.250292,0.550773,-1.05434,-0.0876358,-0.122248,-0.299069,-0.708741,-0.3613,0.30185,-0.481363,0.638749,-0.120755,-0.25547,0.528588,0.708379,0.0529146,-0.30729,-0.000946387,-0.65128,0.307388,0.490277,0.861528,1
-0.309709,0.297622,-0.396423,0.183588,-0.964154,0.162148,0.204607,0.630127,0.194128,0.341325,0.563375,-0.538467,0.720293,0.158991,0.16554,0.184193,-0.0783799,-0.676734,0.690049,-0.948434,0.0890719,0.420397,0.219507,-0.128524,0.0107887,-0.516931,0.650886,0.495449,-0.334918,0.225938,-0.506341,-0.286675,0.515474,0.927536,1
-0.541542,0.0350256,0.424307,0.359865,-0.142972,0.434405,0.0540978,-0.436887,0.251959,-0.231608,-0.00314559,0.562298,-0.0269728,0.66339,0.519921,0.904713,-0.412615,0.128883,-0.183413,-0.509481,-0.0159078,-0.388526,-0.808791,0.695291,-0.0508827,-0.406427,0.128128,0.528693,-0.306133,-0.0814231,-0.224885,-0.554472,0.468439,0.809014,1
-0.512293,-0.506969,-0.295311,0.625444,0.607646,-0.00569986,-0.436859,0.215381,0.00973401,-0.381339,0.60545,-0.019717,-0.197898,-0.406586,-0.934627,0.49933,0.136716,0.320917,1.35946,0.167829,-0.241376,-0.475804,-0.228004,-0.483301,0.531259,0.833764,0.488268,-0.77696,0.307891,1.04352,0.548004,0.0508269,0.455431,0.805002,1
1.39701,-0.265075,0.730707,0.109491,0.630625,1.36224,1.1869,-0.191218,-0.197396,-0.255997,1.25905,0.109268,-0.262007,0.544544,-0.768014,0.533522,0.475278,0.24272,0.387314,0.4198,0.153049,0.086042,-0.50346,-1.15796,0.179687,-0.605016,-0.0451338,0.198313,-0.296007,0.613965,-0.378244,-0.119854,0.576187,0.910515,1
-0.253261,-0.206024,0.0137172,0.855599,-0.152693,-0.057402,0.17773,-0.390646,-0.00507314,0.431505,-0.125891,0.121769,0.160017,0.424967,0.590452,-0.0927042,0.804827,0.0475034,0.619138,-0.75,0.534021,0.429566,-0.267715,0.264767,0.500693,0.584309,0.00812927,-0.109675,0.660756,0.152825,-0.918175,-0.537884,0.497461,0.860521,1
0.287679,0.502891,-0.0511669,-0.644803,0.0785752,-0.207132,0.672812,-0.811209,0.0992703,-0.10334,-0.157708,-0.60084,0.403987,-0.107843,-0.392391,0.714671,0.14133,0.257715,0.530548,-0.251367,0.513037,0.0227356,0.238364,-0.439714,-0.578866,0.0901933,1.05838,-0.798904,0.985374,0.562001,-0.153441,-0.223488,0.561086,0.812868,1
0.809272,0.423915,-0.0593283,0.448702,0.278629,-0.498518,0.632181,-0.116737,-0.195325,-0.746477,-0.393566,-0.0121628,0.126444,-0.21698,-0.00845384,-0.023337,-0.679445,-0.390002,-0.282617,-0.404819,0.204165,-0.036798,0.0912938,-0.145353,-0.26598,-0.198684,0.0288035,0.0273986,-0.00653365,0.318002,-0.0920096,-0.745072,0.52877,0.879125,1
-0.42737,-0.542737,0.0498931,-0.167096,-0.667151,-0.119369,-0.117101,0.266357,0.0822448,-0.225717,-0.0819388,-0.0486523,-0.35834,-0.0276301,0.2882,-0.170771,0.403116,0.134105,0.526484,-0.0562368,0.224342,0.321755,0.040436,-0.402142,0.150081,0.504513,-0.0144022,-0.272725,-0.410527,0.52333,0.130121,0.41804,0.511157,0.847363,1
0.228603,-0.246125,0.56966,-0.0569245,-0.55892,-0.472501,-0.792147,0.33069,0.216047,0.168528,0.90421,-0.0960649,-0.397767,-0.87031,0.221706,0.632467,0.517299,-0.665653,-0.515976,-0.0666697,0.357067,-0.210484,0.172318,-0.000259206,-0.433382,1.11827,0.286901,0.0296868,0.00486559,-0.0167098,0.72212,-0.799049,0.492155,0.945667,1
0.211282,0.250516,0.297342,0.369953,0.183886,7.95,0.311159,0.332108,0.285679,0.271613,0.33926,0.311392,0.292651,0.237982,0.149241,0.330538,0.357184,0.320048,0.230586,0.278218,0.357948,0.271016,0.393953,0.198023,0.249811,0.193951,0.385664,0.34845,0.254201,0.382293,0.168963,0.183786,0.52,0.82,1
-0.1344,0.147647,-0.114787,-0.790694,-0.532483,0.656168,-0.0400849,-0.162083,0.558976,0.483827,-0.157323,0.0913682,-0.117222,0.707095,0.292107,-1.04684,0.102744,-0.332284,-0.241886,0.260844,-0.280051,-0.640502,0.0295263,-0.16321,0.417255,-0.213046,-0.125255,-0.347888,-0.939308,0.480636,-0.0121573,0.0666333,0.533515,0.885742,1
-0.0981743,-0.149719,-0.950194,-0.40887,-0.198214,0.143534,-0.488126,0.567688,0.494999,-0.197914,-0.621187,0.555378,0.48078,-0.0115873,-0.107292,-0.654564,0.577508,-0.0728819,-0.0654873,-0.0124468,0.178306,-0.224254,0.240788,0.841738,-0.232394,-0.428814,-0.733499,-0.487185,-0.481552,0.283183,1.39851,1.17198,0.429105,0.925407,1
0.0360471,0.126587,1.13337,0.283553,0.26441,0.75142,0.133261,0.15988,0.297213,-0.406576,-0.0593836,0.402895,0.305718,-0.396118,-0.00954748,-0.429414,-0.482766,0.0115424,0.476104,-0.177962,-0.652407,-0.123261,-0.738794,0.424379,-0.717648,-0.390322,-0.822999,0.257276,-0.314796,0.574165,0.415553,-0.606309,0.456454,0.766154,1
0.389748,-1.54094,-0.0381223,0.0933658,-0.112558,-1.18562,0.354174,0.00371941,-0.274898,-0.904472,-0.88019,-0.486393,0.384301,-0.388485,0.0196249,0.0477518,0.0342908,-0.332691,-0.150962,0.821672,-0.545965,0.314587,-1.24334,0.315231,0.214013,0.201678,-0.558231,-0.0816401,-0.366113,0.563976,-0.694907,0.272275,0.500734,0.923444,1
-0.509684,0.331057,0.0439754,-0.681467,0.82616,-0.260682,0.266617,0.0534932,0.437547,-0.0746046,-0.101189,-0.125862,-0.644078,0.111547,-0.902784,-0.647516,0.210774,1.0974,-0.185242,-0.157661,-0.465037,-0.134172,-0.414358,0.25236,0.147896,0.735917,-0.615912,0.14231,0.903693,-0.334095,0.0804113,0.213611,0.5319,0.82167,1
0.0601321,-0.166832,-0.542846,-0.275198,-0.0502208,-0.869678,-0.511145,-0.00432527,-0.66752,-0.384204,-0.0415039,-0.00727497,-0.500451,0.688982,1.13449,-0.505893,0.553809,0.487284,-0.285016,0.0558104,0.343497,0.130616,-0.552353,-0.708444,-0.636205,0.37588,-0.436849,-0.79519,-0.131594,-0.824116,-0.287185,-0.442601,0.554069,0.946347,1
0.149193,0.717606,-0.515991,0.384462,0.138437,0.719303,0.491183,-0.110916,1.01121,0.194875,-0.223038,0.617642,0.784175,0.531334,0.383382,-0.361008,0.105719,0.192113,1.08785,0.0129346,-2.20657e-05,-0.106061,-0.777421,0.0934878,-0.679039,-0.178155,-0.339059,-0.649693,0.410739,1.06612,-0.30599,1.13789,0.517066,0.786248,1
-0.0716756,0.436463,-0.0462312,0.0715195,0.274912,0.401194,-0.05385,0.274944,0.545941,-0.234295,-1.02567,-0.130751,-0.126772,-1.06545,-0.278294,-0.360341,0.0739464,0.195327,0.0330593,-0.684566,0.757518,-0.787092,-0.232468,-0.630787,0.130953,-0.531902,0.386112,-0.129982,0.310915,-0.357538,-0.0533574,-0.286584,0.438479,0.905727,1
-0.322529,-0.478295,-0.324372,-0.467773,-0.204073,-0.29536,-0.535637,0.0111347,0.0354307,-0.11669,-0.773265,-0.303116,0.486534,0.715532,-0.119776,-0.2286,0.151159,0.105079,0.766454,0.58262,0.526141,0.279711,0.0526112,-0.646069,0.31236,0.614687,0.404869,-0.0798372,-0.179455,0.454496,0.578589,-0.338594,0.556396,0.934702,1
0.520111,-0.775096,-0.550123,-0.493719,-0.159604,-0.569431,-0.690269,0.941714,0.267883,-0.629491,-0.220885,0.524246,0.463166,-0.520623,-0.129649,-0.578271,-0.26029,-0.591469,-0.186383,0.315954,-0.159264,0.768952,-0.167571,-0.266927,0.330679,0.252089,-0.265838,0.0816707,-0.18584,-0.057171,-0.720783,-0.658494,0.569101,0.822531,1
0.116848,0.495498,-1.03481,-0.0949457,-0.412134,0.0915295,-0.402708,0.628093,0.348801,0.118836,0.428385,0.513798,-0.0782624,0.137398,-0.210249,-0.232503,0.000331513,0.574315,0.116541,0.975449,0.169232,0.307847,0.117525,-0.514189,-0.333075,-0.281024,-0.311189,-0.3522,0.264869,0.239274,0.0277241,-0.388677,0.530708,0.921883,1
-0.416042,0.0633007,-0.233357,0.922832,0.263294,0.54868,0.381365,0.0303914,0.306106,-0.336041,0.456995,-0.0651022,0.18342,-0.000999611,0.0732364,0.916691,0.133273,-0.446177,-0.372204,0.122606,0.258114,-0.454093,0.0584017,-0.297316,-0.264156,0.176208,-0.477074,0.179937,0.949829,0.112858,-0.11315,0.313432,0.558323,0.814101,1
-0.664222,-0.343673,-0.341401,-0.0620498,0.143531,-0.972998,0.825113,0.0835869,-0.461867,-0.709723,0.0209996,0.547785,-0.641312,-0.225905,0.750419,0.490194,0.386257,0.637315,0.0610615,0.723683,0.26827,0.198832,0.237339,-0.63233,0.0582684,-0.311233,-0.141253,-0.749522,0.650616,-0.121992,-0.242817,-0.0584068,0.562355,0.763847,1
-0.326232,-0.613617,-0.165804,-0.316767,0.207481,0.93632,0.432506,0.150307,0.220602,0.113004,0.715397,-0.302693,-0.502187,0.535678,-0.346616,0.750255,-0.481887,-0.222042,0.346501,0.550931,-0.0266941,-0.159716,0.416137,0.547702,0.47464,-0.698245,0.33365,-0.513191,-0.0805303,0.856309,0.0198492,0.482824,0.555188,0.913118,1
-0.14576,0.425962,0.0824241,0.568848,-0.316677,-0.833078,-0.0894111,0.197797,-0.671172,0.744178,-0.525191,0.977481,-0.548109,-0.312119,0.197938,-0.117815,0.0358906,-0.336895,0.240986,-0.557378,-0.387557,-0.812679,0.18406,-0.165467,-0.365326,0.00403758,-0.355848,0.116909,-0.152093,-0.544635,-0.359924,1.29227,0.545926,0.859133,1
0.362128,0.450372,0.335065,0.409695,-0.565304,-0.304367,0.450076,0.194081,-0.33572,-0.662467,0.590531,0.0225997,-0.967333,0.323599,0.438771,0.749207,1.04622,-0.107307,-0.315078,-0.502338,0.0763861,0.784132,0.492276,1.1475,-0.609721,-0.538001,-0.133042,0.561908,0.0135482,0.339029,-0.55608,0.360858,0.447252,0.785973,1
-0.179283,-0.912758,0.131362,0.173764,0.134578,-0.322568,0.184793,1.03786,0.153292,0.13946,-0.283222,0.0471874,0.2945,-0.188128,0.501943,0.133393,-0.625691,-0.49697,-0.247783,0.200913,1.22042,-0.00689297,0.293966,0.172381,0.0981929,0.150282,0.0389002,0.2247,0.250366,0.0655865,0.642656,0.949896,0.465899,0.858167,1
-0.0110678,0.435598,-0.39849,-0.347653,-0.161674,0.0234738,-0.217928,-0.173854,0.0678234,-0.520406,-0.2757,-0.0291317,-0.246742,0.245802,0.959559,0.567593,-0.315151,1.61798,0.276001,0.706578,0.0375061,0.426128,-0.75914,-0.450586,-0.331218,0.312631,0.493802,0.791794,0.230199,-0.443163,-0.396953,0.192112,0.441967,0.945949,1
0.394187,0.221204,0.287015,0.198645,0.249128,7.95,0.207296,0.326553,0.290599,0.168884,0.388071,0.124028,0.246487,0.340378,0.175081,0.15207,0.124635,0.205894,0.119467,0.134066,0.233451,0.117448,0.346302,0.351404,0.200971,0.226972,0.108729,0.182925,0.198692,0.254815,0.174206,0.154355,0.52,0.82,1
0.95,0.88,-0.428946,-0.355378,0.249579,0.312108,0.271806,0.398123,-0.0739674,0.441046,0.430987,-0.477049,0.143807,0.0611478,-0.493519,0.211397,-0.45246,0.282279,-0.491137,0.0207909,0.334495,0.4265,-0.179008,-0.0114107,0.289617,0.0155477,0.299684,-0.201323,0.0587095,0.092009,-0.0149171,-0.438049,0.48,0.2,0
-0.207301,0.0948396,-0.511861,-0.284052,-0.108342,0.777631,-0.438819,-0.00511412,-0.32514,-0.79993,-0.450563,0.153978,-0.241096,-0.46079,-0.0851064,-0.161815,-0.39712,0.360635,0.305622,-0.424664,0.031666,0.595288,-0.580586,-0.363967,0.125007,-0.438963,0.167139,-0.148112,0.309163,-0.357007,-0.0505634,0.621132,0.520642,0.943006,1
0.496808,0.464985,-0.0837093,0.749065,-0.545908,-0.35032,0.667561,0.385252,-0.0938294,-0.41111,0.218939,0.17639,0.573499,-0.560409,-0.0870443,-0.0135862,-0.119029,-0.255804,0.784288,0.387392,-0.713973,0.654174,0.284923,0.223799,-0.183322,-0.263991,0.360885,0.861611,-0.315344,0.27373,0.674777,0.307288,0.444361,0.912881,1
-0.305956,0.452756,0.548672,-0.127154,0.0210795,-0.1611,0.774706,-0.00801649,0.395259,-0.744921,-0.146334,0.134729,0.654366,0.0324722,0.428913,0.502328,0.242096,0.199484,-0.288073,-0.966128,-0.538285,0.304715,-0.288575,0.0159899,-0.443563,-0.0916368,-0.205269,-1.15909,0.239522,-0.179978,0.624094,-0.409362,0.430574,0.887243,1
0.182659,1.29209,-1.53347,-0.865241,-0.793092,-0.81033,-0.79762,0.948523,-0.134686,0.365149,-0.0207138,-0.405138,-0.547739,0.306374,0.083509,-0.394596,0.657348,0.316366,-0.633262,0.331935,0.212577,-0.14068,-0.140972,0.38936,0.165182,-0.426498,-0.272906,1.02339,0.0944879,0.0037118,0.202852,-0.329273,0.533265,0.890304,1
-1.21693,-0.426996,-0.0231011,-0.220782,-1.00872,0.316901,-0.552971,0.71507,0.688777,0.00257359,0.398066,0.549552,-0.023899,-0.156673,-0.464259,0.023179,0.624295,0.121223,-0.853291,-0.116133,-0.204816,-0.56867,-0.304181,-0.111026,-0.00917075,-0.271927,0.292249,-0.598045,-0.0516489,0.0864901,-0.246378,-0.367785,0.518302,0.830459,1
0.0591324,0.58237,-0.308157,-0.165018,0.0446847,-0.839928,0.457118,0.923686,-0.340795,-0.532259,-0.613368,0.299695,-0.609138,0.251737,0.474359,-0.2493,-0.0789075,-0.0527015,-0.71544,-0.756222,-0.03424,0.47418,-0.126533,-0.0949131,0.0156868,-0.205919,0.374582,0.590529,-0.333135,-0.112251,-0.116361,-1.10397,0.553529,0.80951,1
0.410989,0.600246,0.319703,-0.335892,-0.178429,0.436487,-0.454719,0.085086,-0.187434,-0.272277,-0.383639,-0.255628,-0.34651,0.0667796,0.314919,0.131372,1.12292,0.474915,-0.615927,0.790691,-0.850039,-0.414934,0.244459,0.00623565,0.819425,-0.125423,0.7472,-0.417746,0.408823,0.927563,0.251032,0.501035,0.423087,0.766759,1
-1.03364,0.152463,0.27625,-0.0763252,0.175392,-0.0724463,0.223532,0.306807,-0.49421,0.754636,0.319725,0.239768,-0.648213,0.997053,0.728846,0.470072,-0.398609,-0.166931,0.306124,-0.362113,-0.600535,0.603289,0.39835,1.38982,0.515182,0.527472,0.043684,-0.155457,-0.769391,-1.10779,0.376041,-0.0545657,0.521549,0.825384,1
-0.414411,0.24533,0.470716,-0.184111,0.912879,-0.293794,0.290759,0.290086,0.0322155,0.0769816,0.265222,-0.584852,-0.181408,-1.23718,-0.0477507,0.397402,-0.325472,-0.566439,0.156692,-0.109295,0.244334,-0.448975,0.271565,0.815198,0.0459641,-0.277059,-0.105461,-0.443725,0.0185032,-0.096203,-0.0914267,0.275458,0.558769,0.811984,1
0.687813,0.0504519,0.811773,-0.764676,-0.251295,-0.519188,0.228662,0.376551,-0.406032,-0.418414,0.765479,0.135435,0.517923,-0.116093,-0.0999937,0.191782,0.197078,-0.146481,-0.561297,1.10312,-0.348761,0.108028,0.867899,-0.170178,0.642334,0.114847,-0.0391676,-0.232971,-0.825994,0.200326,0.481136,-0.350085,0.555767,0.834016,1
-0.0312718,-0.127092,0.239937,0.188958,-0.473262,-0.945416,-0.466844,-0.191858,-0.486104,-0.620849,0.108278,1.03065,0.0844996,0.265119,-0.836456,0.339848,-0.118811,-0.921712,1.06236,-0.130278,0.985199,0.59046,-0.262558,0.121394,-0.0740602,0.13643,-0.220731,0.267317,0.712475,0.0062302,-0.809178,0.106667,0.52474,0.942901,1
-0.672748,-0.646754,0.444948,0.626318,0.483139,-0.621404,-0.228957,-0.914521,0.0107544,-0.749122,0.708382,0.75476,-0.0740618,0.189571,0.362224,-0.11503,0.00299588,-0.343996,0.133517,-0.0305453,-0.0351718,-0.341854,0.357683,0.364992,0.433254,0.486236,0.699803,-0.700415,0.0386292,0.834756,0.799072,0.0248037,0.571852,0.838767,1
0.279175,-0.0544968,0.215357,0.637585,0.822917,-0.0965626,-0.0696142,-0.261255,-0.328689,-0.18427,-0.112229,-0.275722,-1.04077,-1.08065,-0.733355,-0.253368,0.430579,-0.241477,-0.276064,-0.190728,0.238155,-0.120154,0.92961,0.317645,0.471631,-0.0109135,-0.329006,0.879779,0.0581208,-0.644071,-0.848185,-0.148042,0.53256,0.871018,1
0.168732,0.420484,0.071509,-0.208166,0.286973,-0.166949,0.0745893,-0.227888,0.202217,0.024389,0.569467,0.199927,-0.0471806,0.131554,0.248189,-0.812528,-0.0909895,-0.0189661,-0.346054,0.205343,1.42196,-0.802062,0.240454,0.0157871,0.354076,-0.237453,-0.32453,0.680406,0.0482158,0.108883,0.317888,-0.0290063,0.439301,0.879835,1
0.70484,-0.0445837,0.491481,0.475507,0.755738,-0.0260693,0.388895,0.435291,0.15758,-0.119402,0.226371,-0.0787796,-0.930328,0.418555,0.0497736,-0.219784,-0.119725,0.874985,0.469407,-0.347875,-0.376162,-0.0204889,-0.197023,0.32064,-0.544183,-0.413713,0.117783,1.19699,-0.118714,0.0690691,0.0106085,-0.530624,0.541235,0.943343,1
-0.0483922,0.451664,-0.184412,-0.40315,0.244805,-0.272881,-0.379121,-0.362576,-0.348538,0.158777,0.34276,-0.93674,0.460911,0.429486,0.387075,-0.236091,0.180614,-0.423493,0.289191,0.622594,0.459293,-0.620608,1.55895,0.219102,-0.900442,-0.112269,-0.230049,-0.4002,-0.463965,0.218065,-1.47534,-0.521076,0.574334,0.812473,1
-0.100609,0.263882,0.338201,-0.469802,-0.678136,0.952963,0.57455,-1.18863,-0.413796,-0.0213386,-0.00317324,0.629273,0.736676,0.735455,-0.653698,-0.212248,0.640142,0.361926,-0.52847,0.118585,-0.596292,-0.343454,-0.00771058,-0.405414,0.157924,-0.0422395,-0.090779,-0.409648,0.404468,0.467698,0.384787,-0.244756,0.537254,0.867173,1
-0.932879,0.191305,-0.211256,-1.2412,-1.05045,-0.835515,0.343056,-0.377391,0.363515,-0.175733,0.140989,0.489738,-0.751164,-0.22102,-0.0710562,0.18537,0.573491,0.559903,0.590657,-0.0514761,-0.206592,-0.475952,0.184145,0.153388,0.5599,0.0143592,-0.161566,0.621749,0.600058,0.924469,1.10304,-0.963182,0.42185,0.890371,1
0.211028,0.164983,0.398521,0.255839,0.118637,7.95,0.370251,0.283576,0.143551,0.390754,0.140625,0.120141,0.109563,0.321974,0.299703,0.229441,0.33847,0.289229,0.156448,0.155356,0.119048,0.377585,0.269059,0.172352,0.337513,0.376089,0.193488,0.277941,0.294298,0.300267,0.31586,0.210343,0.52,0.82,1
0.106327,-0.768567,-0.339725,0.245498,0.0365967,0.799863,0.278128,-0.718455,0.463048,0.473444,0.0552957,0.260834,-0.302388,-0.254618,-0.0407158,-0.99575,0.112255,-0.278636,-0.5725,0.0718557,-0.372326,-0.233324,-0.00943039,-0.395634,0.607494,1.228,0.550503,-0.197498,-0.512045,-0.190059,0.407443,1.3365,0.441955,0.779093,1
-0.0802324,-0.257661,0.634286,0.300824,-0.0147733,-0.29049,-0.158139,0.7362,0.315059,-0.15071,-0.862287,0.396113,-0.296288,-0.146581,0.633374,0.219166,0.268067,-0.243589,0.287913,-0.0775296,-0.0568029,0.0611052,0.955574,0.143507,-0.0100319,0.149479,0.516547,0.0572655,0.191442,-0.143955,0.15774,0.824562,0.458594,0.810181,1
-0.390126,-0.411264,-0.662299,0.27301,0.07228,-0.0956522,0.529932,-0.0822402,-0.646496,-0.0109641,-0.21308,0.144092,-0.63747,-0.48873,-0.184437,-0.756614,0.502594,-0.6663,-0.54913,-0.0703194,-0.814218,-0.202217,-0.0991606,-0.418581,-0.48032,0.0542685,0.90518,0.560779,0.201191,0.525857,-0.161164,-0.18559,0.525714,0.802749,1
-0.768413,0.261076,0.712064,-0.182895,-0.188048,0.739434,-0.200789,-0.101158,-0.206407,-0.429031,-0.811135,-0.224373,1.11056,0.0608856,0.20717,0.426915,-0.358591,-0.142607,0.332968,-0.296353,-0.232734,0.732147,0.462959,-0.227556,-0.751329,-0.077437,-0.513571,0.288504,-0.76075,0.0374032,-0.00381027,0.338689,0.572624,0.93787,1
0.304263,-0.218063,0.0376006,-0.331836,0.0607282,0.496428,-0.80036,-0.573535,0.121929,0.680324,-0.189088,0.960949,0.399403,0.631732,0.0108933,-0.519111,-0.214346,-0.891698,0.954388,-0.0191988,-0.305143,0.0757494,-0.170574,0.656682,0.425197,-0.29828,-0.245225,0.0417047,0.354179,-0.102552,-0.129894,-0.133583,0.528476,0.922163,1
0.0365546,-0.119207,0.00711037,-1.16316,-0.0775703,0.0748615,0.207471,-0.334337,-0.379116,0.150626,0.780047,0.529308,-0.310959,0.327304,-0.87924,0.472,0.145063,0.955844,-0.936958,-0.539101,1.06557,-0.250232,0.273556,-0.00441719,0.426198,0.557036,-0.332966,-0.989234,-1.13997,0.0670827,-0.346733,0.738014,0.534824,0.887635,1
0.39753,-0.69143,0.411885,0.443625,-0.212827,-0.994403,-0.16895,0.0776125,0.22677,-0.166818,-0.562085,0.134041,-0.0531479,-0.450224,0.119219,-0.826742,-0.278,-0.362769,-0.854755,-0.180041,0.880175,-0.0248321,0.108637,0.396443,9.79048e-05,0.0751001,0.0115972,-0.169236,0.55056,-0.147779,-1.13459,-1.27723,0.436667,0.919464,1
0.279601,0.302182,0.104119,0.328571,0.24871,7.95,0.371486,0.365256,0.206539,0.257113,0.392223,0.208819,0.387129,0.148065,0.236801,0.340558,0.186656,0.239677,0.333932,0.202944,0.267593,0.327253,0.194909,0.144969,0.125035,0.362878,0.328612,0.130675,0.302752,0.171737,0.330417,0.255259,0.52,0.82,1
-0.692059,-0.0116197,0.0159265,0.165122,0.624481,-0.49194,0.661048,0.207447,0.0159446,0.135161,0.41031,-0.0583579,0.011101,0.307355,0.689882,0.818179,0.618792,-0.231372,1.05334,-1.28185,-0.0263794,-1.16714,0.327109,0.00736524,-0.63411,0.160329,0.20654,0.329084,-0.480893,0.0409462,-0.250522,-0.0275312,0.578636,0.850046,1
0.434993,0.38301,-0.520116,-0.182365,-0.732176,-0.418478,-0.569393,-0.343791,0.470346,-0.138952,0.594427,-0.221034,0.56951,-0.0132643,0.405536,0.204191,-0.126599,-1.15394,-0.289717,0.288038,-0.260855,-0.603588,0.11358,-0.158511,-1.19223,0.414562,0.502754,-0.629137,0.0972283,-0.197549,-0.185594,0.654126,0.568396,0.933219,1
-0.164924,-0.656752,-0.482743,-0.321345,0.597665,1.89092,0.423513,-0.483254,0.373767,-0.216171,0.24824,-0.188907,0.326717,-0.602203,-0.285261,0.537031,-0.209338,-0.199411,-0.00745102,0.222051,0.197471,0.223721,-0.415769,-0.217762,0.274766,-0.435737,-0.206924,-0.864639,0.116159,0.885125,-0.00333727,-0.657272,0.536851,0.826387,1
0.216403,-0.864279,0.628867,1.20189,-0.569216,0.0133774,-0.169558,-0.290875,-0.259129,0.114995,0.182683,-0.368638,-0.0610024,-0.158102,0.336947,-0.153823,-0.792976,-0.0770237,-0.589088,-0.185984,-0.0911503,-0.0927353,0.730334,0.323787,-0.194441,0.508129,-0.356053,0.0566444,-0.419525,0.152864,0.458181,0.08518,0.563763,0.896818,1
0.418774,0.9264,0.000414011,0.266887,-0.605636,0.178493,-0.0121709,0.25375,0.370313,0.284414,-0.698917,0.180048,0.379099,-0.2864,0.866347,0.287041,-0.441396,-0.0773076,-0.868881,0.0303826,0.459449,-0.541236,-0.450824,0.0401474,0.729191,-0.271668,0.359444,-0.468246,-0.238339,-0.47721,-0.471021,0.500423,0.553354,0.917332,1
0.158838,-1.13867,1.03586,0.385784,-0.243136,0.0782071,0.838641,-0.316445,-0.654248,0.0726326,0.0811016,0.492584,-0.805784,-0.658699,0.440986,-0.137946,0.388463,-0.055469,-0.738657,-0.488478,-0.0536695,-0.313984,0.240611,-0.332929,0.265254,-0.138075,0.642846,-0.236377,-0.312756,-0.859104,0.0910234,-0.12137,0.536101,0.903704,1
0.163912,-0.434431,0.0140299,-0.0456996,0.515672,-0.617992,-0.202484,0.129601,-0.184227,-0.311702,-0.108894,0.112756,-0.0745735,-0.465506,-0.243563,0.405387,-0.314906,-0.879003,-0.304128,-0.831045,-0.0217851,-0.257835,0.0549245,0.174403,0.228128,-1.09946,0.89548,0.902362,0.165388,0.462745,-0.49465,0.384203,0.423243,0.768226,1
0.239828,-0.161569,0.0265843,0.193328,0.462871,0.108585,0.196463,-0.276557,0.079502,0.736323,0.0913881,-0.311506,0.655684,0.493285,0.465919,-0.218538,-0.0894083,0.515807,0.718453,0.0697473,0.458086,0.271527,0.626581,-0.212733,-0.156032,-0.363237,-0.0586103,0.513009,0.205967,-0.216151,0.127239,-0.366002,0.476864,0.887646,1
-0.124241,0.378954,-0.966418,-0.0193086,-0.278764,-0.146415,0.313516,0.639846,0.370062,0.370758,0.114056,0.432427,-0.0951013,-0.842522,0.185585,0.423395,0.0595217,-0.444751,0.577451,-0.0406914,0.0944629,-0.292976,-0.305938,-0.261562,0.535667,0.342969,0.491556,-0.00715232,-0.0159063,-0.489514,0.0251794,-1.02153,0.545093,0.787444,1
-0.720258,0.767343,-0.638757,-0.645632,0.447726,0.336437,0.461937,-0.362761,0.507147,0.0563069,-0.095506,0.405142,0.464911,-0.30679,-0.160871,-0.76246,0.338373,0.321737,0.561644,0.509387,0.613164,0.0705612,0.302932,0.140473,0.292333,1.01456,0.146481,0.492453,-0.403288,0.661133,0.524753,0.679388,0.45723,0.944844,1
-0.258383,0.170631,0.52039,-0.583733,-0.289487,-0.147677,0.693244,-0.548594,-0.115003,-0.157157,-0.198097,-0.602771,-0.25389,0.00893542,-0.42877,-0.183695,0.0736275,-0.303246,-0.435978,-0.548467,0.609514,0.224241,-0.912198,-0.123119,0.144685,0.0839071,0.400588,-0.65335,-0.421441,0.0579514,0.439303,0.25876,0.577536,0.833957,1
0.258708,0.260781,0.224171,0.270058,0.3515,7.95,0.243836,0.221313,0.104045,0.238497,0.382752,0.246792,0.343423,0.36169,0.313438,0.129068,0.292762,0.213457,0.362814,0.288249,0.297872,0.119265,0.167912,0.204577,0.154737,0.122847,0.337858,0.355178,0.347294,0.319799,0.361023,0.282082,0.52,0.82,1
0.95,0.88,-0.122821,-0.350326,-0.110514,0.343441,0.186427,0.484396,0.125071,0.489283,0.0748169,-0.394967,0.471479,-0.127241,0.467176,0.0596666,-0.281759,0.296674,-0.083011,0.450433,-0.0135802,0.18696,-0.15086,-0.412744,-0.222365,0.374626,0.446688,-0.485762,0.147991,-0.391215,-0.253763,0.427211,0.48,0.2,0
1.03764,-0.628556,0.118943,0.82003,-0.254781,0.0240899,-0.342022,-0.707452,0.468087,-1.08863,-0.333302,0.0472669,0.0443334,-0.0532411,0.153578,0.0434334,0.732011,0.115982,-0.160394,-0.0623135,-0.268816,0.687682,0.256501,0.27926,-0.0658233,0.33615,-0.30415,0.831681,0.529956,-1.34734,0.0567707,-0.517804,0.56428,0.827896,1
-0.104146,-0.589359,-0.0995282,0.690223,1.34671,0.346773,-0.762928,0.111253,0.0754276,-0.138787,1.40865,0.144648,-0.371392,-0.521588,0.197153,0.0952427,0.367576,-0.502792,-0.331583,-0.213118,-0.143236,0.175439,0.138189,0.261017,-0.475145,0.291629,-0.0916276,0.301139,-0.213081,-0.0247183,-0.114034,0.587582,0.567576,0.902502,1
-0.0314654,-0.434193,-0.226297,0.585778,0.076151,-0.266226,0.017191,-0.497347,0.568689,0.115677,-0.252902,0.608048,-0.626932,-1.17138,0.496882,0.444964,0.354933,0.150609,-0.693896,-0.0239041,-0.120497,0.443873,0.430036,-0.395519,-0.0980472,-0.0726729,-0.997991,-0.066077,0.425648,0.666984,-0.303256,-0.191132,0.459247,0.940471,1
0.39148,0.678321,0.562345,-0.147642,-0.546885,0.476035,-0.165727,0.186143,0.8451,0.684373,1.10233,0.775105,-0.417191,-0.740252,-0.130283,-0.1571,-0.450317,-0.16886,-0.0123204,0.599076,-1.28438,0.35904,0.20283,0.82128,-0.348453,-0.0750349,0.0758861,-0.670855,0.315709,-0.116771,0.470117,0.153527,0.426224,0.94924,1
-0.039962,-0.306047,1.15507,0.404832,-0.570647,0.957146,0.724065,-0.0612633,0.42029,0.49991,-0.187146,1.12735,0.100109,0.556024,-0.173472,-0.304629,0.242263,-0.336896,-1.53276,0.173927,0.856911,-0.477059,-0.256322,0.589367,0.804583,0.590964,-0.0138453,-0.708438,-0.35652,0.0193559,-0.0459448,-0.235115,0.549294,0.86453,1
0.105122,-0.0840389,0.367758,0.123793,-0.914153,-0.0759246,0.583694,0.617366,-0.60188,-0.360307,0.585157,0.428858,0.00804945,0.136998,-0.0251608,0.231958,0.404135,-0.109442,0.00212878,0.916597,0.157705,0.270872,-0.432293,0.686966,-0.253654,-0.180682,-1.17119,-0.0499551,-0.376927,-0.137311,0.819302,0.400827,0.53845,0.85822,1
-0.317911,0.936377,0.857869,0.259245,0.164969,-0.152489,0.301137,-1.03241,-0.0437244,0.0780059,-0.509579,-0.437472,0.881636,-0.783834,-0.285858,-0.317259,-0.778953,-0.229163,-0.584553,-0.353222,1.26123,0.0227301,-0.660737,-0.927028,0.540825,-0.362321,-0.366148,-0.993573,0.688907,-0.340951,0.975842,0.496714,0.551486,0.835751,1
0.44676,0.267424,-0.271539,-0.367059,0.47877,-0.418647,0.751745,-0.0634723,0.031058,0.138113,0.106907,-0.476104,1.08221,-0.828526,0.760957,1.0459,0.306426,-0.185465,-0.548031,1.01141,-0.37439,-0.289682,-0.0191385,0.734143,-0.246719,-0.373406,-0.4436,0.388885,0.453646,-0.515925,-0.384018,0.121741,0.529595,0.783731,1
-0.378609,-0.469245,0.204334,0.227718,0.69968,0.371292,-0.120077,0.529813,0.309946,0.0882521,-0.449754,0.220908,0.0593201,-0.720967,-0.675048,0.255425,-0.312824,-0.387608,0.602739,-0.595264,0.532451,0.0152231,0.0356537,0.530361,-0.790999,0.121754,0.421898,0.30754,-0.1849,0.336028,0.60022,0.384129,0.449411,0.852381,1
0.228763,-0.140835,-0.405755,0.630429,0.934179,0.398464,0.0362326,-0.28539,0.622102,-0.417048,0.120614,0.135115,0.58986,-0.359731,-0.26828,-0.25043,0.802118,0.0331629,-0.224391,0.673076,1.31649,-0.461288,0.186119,-0.626515,0.287101,0.293674,0.271657,-0.278679,0.636491,-0.303215,-0.431279,-0.562349,0.473358,0.918102,1
-0.0353581,0.955013,0.161359,-0.158755,-1.02676,0.294434,0.311431,0.301021,-0.596893,-0.230604,-0.13246,0.332028,-0.311243,1.11657,-0.467126,-0.000390246,-0.131712,-0.645594,-0.0140499,-0.126488,0.713447,-0.365106,-0.557053,-0.122604,0.322233,-0.652437,-0.363248,-0.524994,-0.356544,0.258673,0.278248,0.202951,0.535135,0.854356,1
0.0970361,-0.299517,0.161036,-0.448087,-0.500952,0.252533,0.669343,0.838727,-0.630732,0.722926,0.192671,-0.257525,0.267225,0.426243,0.752119,-0.289876,0.427787,-0.735104,0.157968,0.208089,0.184012,-0.187352,0.288589,-0.815936,-0.105315,0.821572,0.414241,0.344038,-0.244918,0.400116,0.30333,-0.128934,0.424287,0.915145,1
-0.735046,-0.557653,-0.345013,0.192801,-0.364055,0.351837,-0.688956,0.334437,-0.0315295,-0.617829,0.625631,-1.08598,0.255675,0.533324,-0.0222097,-0.312785,-0.260809,0.283703,-0.22969,-0.347563,-0.11193,-0.427538,-0.0380593,-0.0915332,0.539662,-0.617486,0.215369,0.35046,-1.11231,0.4515,-1.0252,-0.0611328,0.506329,0.78862,1
-1.57984,-0.191161,-0.0394216,0.564842,0.766292,0.139428,0.55733,0.0569803,-0.415372,-0.6662,-0.067406,-0.0451278,-0.103862,0.0650656,-0.370322,0.11753,0.320637,-0.347705,-0.670717,-0.94824,-0.504109,-0.255487,-0.100547,-0.600926,0.663938,0.600922,-0.0290838,-0.673715,0.229591,0.304476,0.29479,0.173148,0.515214,0.868964,1
0.278249,0.547396,-0.372681,-0.306795,0.73537,-0.113172,0.173747,-0.318675,-0.139158,0.857394,-0.294898,0.422282,0.632041,-0.0318938,0.521337,0.313305,0.0289426,-0.113077,0.255484,0.575815,0.194775,0.398693,0.012403,-0.279135,0.0621365,0.288118,-0.588599,-0.0304639,-0.0191315,0.138208,0.139667,0.298401,0.539448,0.869974,1
-0.115372,-0.25983,-0.209136,0.398928,-0.163639,0.487219,0.952083,0.176716,-0.186994,0.861748,-0.207999,0.0475086,0.443782,0.299189,1.02739,-0.505229,0.04898,0.280104,-0.590324,-0.17755,0.471107,-0.484827,-0.183837,-0.298336,-0.764838,-0.939745,0.235331,0.0862568,0.402639,0.35478,0.568514,0.0324993,0.437031,0.886305,1
0.323658,-1.2774,-0.2167,-0.213576,-1.03192,-0.225381,0.35954,-0.535487,-0.0921033,-0.246564,0.0140061,0.387472,0.616202,0.792875,0.0557522,0.750523,-0.439754,-0.634315,0.0616785,-0.831128,-0.253478,-0.234559,0.0069804,0.494609,0.206935,-0.320805,0.294408,-0.650991,0.26985,0.208138,0.230097,-0.70548,0.494894,0.871015,1
-0.761261,-0.221024,1.04777,0.432564,0.760166,1.10312,0.186786,0.0755837,0.206471,-0.884805,-0.46477,-0.256893,0.223083,0.195713,0.194484,-0.111129,0.491534,-1.31703,0.165397,-0.359008,-0.0565341,0.458072,-0.428657,-0.571146,0.180266,-0.441479,-0.759787,-0.257654,-0.0942198,0.628813,0.611298,0.260236,0.500626,0.833962,1
0.224492,0.398139,0.532245,0.135022,1.31261,-0.915764,0.520937,-0.265354,-0.242423,0.273723,0.0579519,-0.146006,0.0525408,-0.0105921,-0.222411,-0.338308,0.0341058,-0.285922,0.245541,-0.0619427,0.21892,0.385195,0.451886,0.154459,0.0727975,0.544279,0.346283,-0.267613,0.904608,-0.148421,-0.525821,0.396847,0.453736,0.826647,1
-0.0416592,0.0599755,-0.310817,0.52197,0.893711,0.210096,0.352353,0.119141,0.11719,0.0143206,0.0156374,-1.19707,0.0760564,0.636984,0.226313,-0.0297366,-0.59732,-0.34526,-0.369251,0.159901,0.846417,0.348854,-0.0250723,0.34386,-0.359687,0.380563,-0.843134,-0.784263,-0.2958,-0.165107,-0.313964,0.421327,0.528411,0.945709,1
0.218807,0.284031,0.250161,0.132674,0.159164,7.95,0.334725,0.187864,0.225264,0.123318,0.332574,0.290877,0.150248,0.151468,0.37176,0.203502,0.118391,0.173818,0.363349,0.178247,0.365627,0.304992,0.139111,0.39873,0.214001,0.147703,0.139977,0.232986,0.220286,0.104905,0.295827,0.195687,0.52,0.82,1
0.316214,0.0666524,0.425369,-0.856602,0.297,0.0515498,0.327241,-0.282528,-0.352125,0.315202,-0.778736,-0.486319,-0.0744851,-0.24047,-0.00890085,0.462996,0.0277789,0.329224,-0.113057,-0.0388345,-0.480368,0.252299,-0.199894,0.507129,-0.738484,1.15029,0.422349,0.435392,-0.231039,-0.0578392,0.0254161,-0.266008,0.554696,0.761322,1
-0.342383,0.300432,-1.10265,-0.950458,0.464585,0.324426,0.0431528,0.303648,-0.179293,-0.0639155,0.0404967,-0.298839,0.84573,0.153776,0.200173,-0.141043,0.406221,-0.604553,0.445291,0.145601,-0.321584,-0.285096,0.254809,-0.498238,0.177333,-0.822089,0.0468023,-0.862385,-0.493163,0.538942,1.08138,0.226105,0.551766,0.931735,1
-0.391711,-0.290995,0.682738,0.661737,0.428242,-0.353001,0.0980935,-0.485004,-0.407753,0.376935,1.11484,-0.199753,-0.986929,0.123927,-1.08913,-0.472859,0.45102,-0.23123,0.577464,1.138,-0.137837,-0.024489,0.708852,-0.32801,0.17476,-0.587205,-0.559789,0.357976,-1.19135,-0.0715755,-0.501581,1.50298,0.579471,0.847487,1
-0.305258,-0.0129754,-0.32654,-0.80035,-0.688165,0.495667,-0.126284,0.0905406,-0.159404,0.713172,-0.710565,0.296889,-0.449902,0.0407032,0.0245875,0.188636,0.573393,-0.345646,-0.174563,-0.665938,0.21722,1.06716,0.765651,-0.504252,0.0162981,-0.347779,-0.420491,0.00922168,0.235867,0.056838,0.169721,-0.359957,0.424511,0.827945,1
-0.0494725,-0.332209,0.217355,-0.829058,0.095254,-0.219948,0.635413,1.01217,0.0557141,0.700327,0.369062,1.02677,-0.413735,0.0846978,-0.683921,0.0227206,0.544295,0.814102,-0.187713,0.683015,0.123017,-0.672283,0.529075,0.404415,-0.526954,-0.191872,0.195062,0.494777,0.364288,-0.706874,-0.0308205,-0.348832,0.452675,0.795066,1
0.0969436,-0.0408453,0.34203,0.137479,0.49221,0.264543,0.177612,0.386691,-0.634397,0.851175,-0.182406,-0.0687236,-0.0726803,-0.634688,0.117622,0.355499,-0.0987227,0.103555,-0.387523,-0.124033,1.53416,-0.016973,-0.57908,-0.0905093,0.604236,-0.820078,-0.0388877,0.485421,-0.407386,-0.466756,-0.950068,-0.631469,0.488389,0.86555,1
0.34007,0.951689,-0.0894007,0.818335,0.698478,0.299894,1.34743,-0.637343,0.65905,0.457124,-0.482406,0.787629,-0.689278,0.0889506,-0.642288,-0.342212,0.648764,0.352954,-0.0357501,0.226853,0.648104,-0.391011,0.639392,-0.514275,0.825459,0.534626,0.185137,-0.0958608,-0.508815,-0.070404,1.19677,0.24136,0.542347,0.909783,1
-0.196065,0.468048,-0.015724,-1.13259,-0.659713,-0.3535,-0.031641,-0.0665515,0.0893267,0.191813,-1.02744,0.299626,0.733377,-0.623045,0.38118,0.00450108,0.0285139,-0.547716,-0.311867,-0.872557,0.426418,0.311247,0.136698,0.334091,-0.841031,0.640074,0.366603,-0.550658,-0.58288,-0.109008,-0.0659646,-0.292314,0.461314,0.881773,1
0.0977328,-0.121956,0.0498124,0.0869438,0.541578,0.446474,-0.28483,-0.544107,-0.810011,-0.813695,0.471322,0.357436,0.348076,0.1962,-0.422185,-0.119542,0.364084,0.0494249,0.008882,0.401062,0.498785,0.00336735,-0.109878,0.195326,-0.474079,-0.429784,-0.371203,-0.808143,0.456237,-0.474202,-0.487318,0.640642,0.437981,0.89736,1
1.06143,0.296212,-0.425076,0.159036,-0.815481,-0.233142,-0.361229,-0.509001,0.0414719,0.276709,-0.0279441,0.231801,0.0579449,0.309327,-0.775562,-0.581994,-0.15817,-0.216682,-0.308242,0.144775,0.323354,-0.601095,-0.394834,0.0519446,1.91247,0.664856,-0.0787311,-0.274333,-0.0803789,0.673515,0.890569,-0.223856,0.485507,0.917845,1
0.330774,0.399566,0.228906,0.339038,0.277297,7.95,0.200226,0.107551,0.117413,0.285295,0.312951,0.137393,0.339374,0.202899,0.274508,0.3593,0.19283,0.115242,0.341077,0.157579,0.133275,0.114085,0.384716,0.108313,0.333546,0.254857,0.216384,0.313628,0.393556,0.205031,0.111638,0.355839,0.52,0.82,1
0.281073,0.142199,0.236439,0.2719,0.115618,7.95,0.143354,0.333743,0.380122,0.140026,0.21802,0.202417,0.306057,0.230638,0.276113,0.272952,0.27247,0.168243,0.287521,0.200916,0.39448,0.194075,0.170765,0.17089,0.352009,0.202784,0.338819,0.264492,0.260643,0.137322,0.108974,0.343689,0.52,0.82,1
0.0835696,-0.278658,-0.104925,-0.632778,-0.295911,0.261213,-1.33917,0.131673,1.19118,0.517082,0.239823,-0.704172,-0.444573,0.0608186,0.0739315,0.0116096,-0.144601,-0.457617,-0.336202,0.0486812,-0.797709,-0.0463094,-0.154036,0.144833,0.0234214,-0.0496892,0.0429692,0.698546,-0.795953,0.0856941,0.373305,-0.779855,0.425534,0.782741,1
0.621591,0.366525,-0.549295,-0.630238,-0.0387003,-0.389593,-0.260812,-0.870475,0.147209,-0.172484,0.537187,0.749907,-0.0382534,-0.22071,0.169345,0.379031,-0.21576,-0.39006,-0.563993,0.680217,0.331786,-0.246344,0.594554,-0.0259287,-0.291225,-0.145208,0.469803,-1.24034,0.602656,0.350525,-0.505356,-0.145896,0.482838,0.799738,1
0.0996922,-0.0545638,0.418643,0.659041,0.314248,-0.0221794,0.212579,-0.507639,-0.0516494,-0.823952,0.771779,-0.331437,0.545779,-0.604818,-0.270166,-0.036474,-1.31452,-0.300188,-0.0282525,0.254321,0.307863,-0.175778,0.23895,-0.742716,0.15233,0.417959,-0.438738,0.18976,-0.0245409,0.601762,-0.105028,-0.330864,0.478019,0.945486,1
0.55411,0.424611,0.410684,1.08341,-0.01759,0.381654,0.112668,0.450762,-0.916097,0.927038,-0.166365,-0.208974,0.731185,0.3182,-0.27526,0.678432,0.27879,0.400995,0.577871,0.33117,0.643841,-0.096281,0.751641,-0.281039,-0.499158,0.644999,-0.309609,0.236992,-0.586316,-0.366822,-0.167651,-0.33598,0.454971,0.896418,1
0.224002,0.711607,0.356491,0.184003,0.0632639,0.505934,0.721983,0.145535,0.686842,-0.178391,-0.235682,-0.262801,0.670185,0.308142,-0.0126939,-0.323845,1.02172,-0.762839,0.397184,0.561586,-0.521585,-0.205707,-0.271728,-0.501259,0.127932,0.474229,0.383203,0.313722,0.0660714,-0.18738,0.704404,0.342078,0.51602,0.906616,1
1.16735,-0.13853,-0.45709,0.190369,0.0321433,-0.156331,-0.15987,0.73931,0.243972,-0.372667,-0.649728,0.258293,-0.81633,0.488182,-0.328281,0.266789,-0.0454186,0.285081,0.499663,0.0682039,0.624108,-0.231047,0.054782,0.569678,-0.369032,-0.409158,-0.471096,-0.679071,0.522877,0.277664,-0.247852,-0.734058,0.492416,0.819522,1
-0.847073,-0.138685,0.0710202,0.478383,0.156285,0.48193,-0.289942,-0.0943265,-0.252989,0.0319585,0.399103,-0.374659,-0.787195,0.648376,0.707409,-0.690542,-0.371705,-1.01225,-0.431349,-0.626219,0.381641,-0.959203,-0.679999,0.465814,0.0641631,0.290977,-0.483702,-0.176797,-0.0989751,0.950833,-0.733533,-0.804225,0.453549,0.903002,1
-0.554221,-0.738168,0.250589,0.35665,-0.353794,0.134993,0.00970064,-0.284706,-0.114324,0.0550482,-1.0712,0.0783018,0.0741509,0.216802,0.208802,-1.02114,0.217168,-0.443705,-0.022291,0.970046,-0.472859,0.649744,-0.771372,-0.354483,0.381834,0.819465,0.877859,0.47105,0.455277,-0.0802064,-0.186063,0.720482,0.49471,0.857229,1
0.0877369,-0.149771,-0.0178266,0.423538,0.0399891,0.0406246,-0.512405,-0.681463,0.908041,-0.259502,0.0201326,1.15429,0.304074,-0.0435921,-0.661495,-0.832287,-0.36379,-0.607264,0.395244,-0.378203,0.838327,0.306676,-0.530911,0.661539,-0.565713,0.597696,1.42708,-0.831925,0.405856,0.835995,0.140501,0.65043,0.518139,0.896525,1
0.636697,1.07086,-0.207458,0.486539,0.376837,0.451111,-0.605639,0.0286952,-0.219807,0.181497,0.150498,0.15027,-0.492551,0.458162,-0.972742,0.896756,0.211738,-0.151945,-0.238144,-1.00507,-0.228789,-0.45811,0.430048,0.174811,0.888878,-0.734457,0.428428,0.195341,0.147221,-0.073172,-0.259927,0.623873,0.51775,0.905371,1
0.684495,-0.454685,-0.0411253,0.802442,0.0758604,0.05314,0.217366,0.20344,0.312505,-0.488133,0.876892,-0.219016,-0.162314,0.232892,0.144812,-0.131256,0.368305,0.85186,0.37395,0.793272,0.136205,0.0765705,0.141804,0.473918,0.341093,0.177141,-0.321335,-0.708699,-0.773522,-0.897481,0.387422,0.498792,0.470508,0.934683,1
-0.14799,0.0192542,0.14433,-0.788997,-0.0527348,0.702443,-0.532851,0.0975483,-0.53773,0.235106,-0.164048,0.0828554,-0.0115925,-0.798216,-0.282091,0.188863,0.493792,-0.209481,0.330922,0.273578,-0.338547,0.334297,-0.1644,0.221421,0.335532,-1.93736,-0.106584,-1.46024,0.297201,0.2892,0.021242,0.689562,0.464844,0.808658,1
-0.953163,-0.0159481,-0.483685,-0.126976,-0.346063,-0.180657,-0.768756,-0.243589,0.152999,-0.139598,0.654591,0.869473,-0.767765,-0.0280241,0.0369095,-0.237558,0.356079,0.667807,0.142216,-0.242441,0.529796,-0.222433,-0.245238,-0.371551,-0.63464,0.535225,-0.218125,-0.799284,-0.284472,-0.907023,0.0915343,-0.0665607,0.490146,0.838114,1
-0.439519,-0.53658,-0.0990629,0.25396,0.431008,-0.293914,-0.725444,0.134532,-0.931021,-0.216699,0.680769,0.256587,-0.534552,0.150918,-0.0673683,0.347158,-0.271961,0.776183,-0.830626,-0.587039,0.381945,-0.113241,0.709882,0.307102,-0.459574,0.00790019,-0.555997,0.516422,-0.422611,0.619965,0.19022,0.889843,0.429285,0.914694,1
-0.447893,0.612511,-0.381062,0.100755,-0.0370834,-0.394613,-1.19741,0.0138396,-0.953014,0.505631,0.0716202,-0.314114,0.615201,-0.801828,-0.144614,0.543466,0.1838,0.331144,-0.411788,0.177872,-0.742075,0.458057,0.523265,-0.599635,-0.538446,-0.141725,0.17509,0.86627,0.183824,0.666371,-0.0693008,0.916676,0.547137,0.91394,1
0.159737,0.0403197,0.413895,0.430892,-0.18326,1.17308,0.0241728,0.0974239,0.216976,-0.478128,0.035214,-0.59773,0.757196,-0.0179261,-0.196847,-1.33951,0.35739,-0.737941,-0.106667,-0.32414,0.0817847,-0.590735,0.420384,-0.227193,-0.192273,-0.183013,0.528021,0.29807,0.000927496,0.269962,-0.231556,0.166056,0.420596,0.88032,1
-1.11274,-0.00810995,0.717497,0.515024,-0.129798,-0.275169,-0.0713756,0.617375,-0.215685,-0.0733896,0.966525,0.0198608,0.568232,0.639668,-0.22329,0.5435,-0.41721,0.529321,0.231668,-0.246178,0.322574,-0.675941,-0.271257,-0.221638,-0.259224,0.168427,-0.433667,0.609609,-0.351777,-0.693596,0.424294,0.591878,0.501262,0.837514,1
0.421461,-0.705285,0.227092,0.0131204,0.172654,0.364648,0.697576,0.385014,-0.811,-0.377452,-0.0758214,-0.812736,0.240437,-0.739923,-0.469995,0.309424,0.615561,-0.211625,-0.612082,-0.694577,0.415217,-0.114485,-0.753467,-0.22119,0.52598,0.307386,-0.149476,0.706208,-0.0590349,0.949934,0.380882,0.632001,0.531553,0.936525,1
-0.196054,-0.751109,0.0466801,-0.696583,-0.146382,-0.798876,-0.283423,-0.0953636,0.163653,0.789645,0.196791,0.431637,-0.644037,0.149355,0.207729,-0.259528,-0.789872,-0.224147,0.504129,-0.0869723,-0.363795,0.483247,-0.184771,-0.517447,-0.375844,-0.00496112,-0.254061,0.0110428,-0.649285,0.68322,0.317725,0.353589,0.438675,0.793107,1
-0.449058,0.1505,0.448632,1.07896,0.264064,-0.307268,0.151565,0.804166,0.246327,0.20149,-0.820203,-0.0837833,-0.0491325,-1.01415,0.385825,-0.301698,-0.585457,-0.210984,0.206157,-0.445976,0.067511,0.538103,-0.00263351,0.629472,0.140839,-0.401428,-0.0326977,0.186573,0.523741,-0.49605,-0.219554,0.736609,0.544905,0.782923,1
-0.468181,-0.0694917,-0.152507,-0.100515,-0.50954,0.570273,-0.266095,0.186774,-0.935405,0.430601,-0.604278,-0.130809,-0.445932,-0.704809,0.195452,-0.668661,0.44975,0.782176,-0.622524,0.598404,-0.197579,-0.813022,0.17537,-0.335331,-0.379339,-0.371653,-0.231817,0.850506,0.362586,0.467854,0.0717535,0.79881,0.50202,0.848785,1
-0.323132,-0.0967113,0.374759,-0.714217,-1.12046,-1.01785,-0.993546,0.753032,0.0744663,-0.0192999,0.594327,0.28378,-0.066773,0.327072,-0.0801649,0.726817,-0.710915,0.586888,-0.259137,-0.592745,-0.812198,0.258678,-0.711575,-0.608739,-0.145442,-0.4575,0.588518,0.373322,0.517062,-0.591343,-0.330138,0.223627,0.545217,0.813371,1
-1.2578,-0.387848,0.112382,0.623819,-0.00681169,0.190413,-0.422897,0.207401,0.644799,-0.545858,-0.341247,0.49972,0.757453,0.178027,0.248015,0.189832,-0.0924896,0.146452,0.145054,-0.014883,0.00845269,-0.245638,0.171872,-0.018952,0.0195297,0.983909,0.107128,-0.119433,0.110147,-0.569417,0.303724,-0.760979,0.439399,0.839094,1
0.604351,-0.0235501,-0.512389,-0.30523,-0.317353,0.0755924,0.250821,-0.704605,0.0941122,-0.408314,1.2382,-0.0999613,0.502785,-0.0467426,-0.704,0.740848,-0.00763393,0.905391,-0.478502,0.517264,-0.508889,-0.118986,0.545382,-0.0116979,0.205443,0.597999,0.652546,0.483067,-0.23662,-0.0874584,0.222012,0.556292,0.570512,0.805256,1
0.171064,-0.0210596,-1.10336,-0.354175,-0.477485,1.16398,-0.080849,-0.215986,-0.0708182,0.219172,0.86014,0.59439,-0.752907,0.224816,-0.112958,0.613874,0.114343,0.0961595,-0.294377,-0.129849,0.103168,-0.481811,-1.30937,-0.149117,0.0264272,0.186929,-0.0203034,0.713954,-0.273689,-0.0765008,-0.00639665,-0.125197,0.553324,0.800691,1
0.0370808,0.441799,0.00714975,0.930674,-0.0273716,-0.61233,0.296396,-0.387204,-0.256048,-0.211433,-0.272436,0.578832,0.469637,-0.00163099,0.845004,-0.516333,1.05747,-0.658588,0.148817,0.978072,-0.36567,0.219895,-0.246587,0.674394,-1.00851,-0.282132,0.512096,-0.45458,1.26283,0.35409,-0.201412,-0.14221,0.461424,0.785564,1
-0.220339,-0.407546,-0.0489603,-1.13185,0.814526,0.962077,-0.511319,1.1136,0.275369,0.20396,-0.0660998,0.658298,-0.438461,0.30197,-0.365737,0.2681,-0.15059,-0.0478142,0.816364,-1.03803,1.41056,0.528061,-0.30718,-0.420465,0.787403,-0.119111,0.160964,-0.0498014,0.212713,-0.479035,0.591539,0.622371,0.450159,0.836728,1
0.57743,-0.332136,-0.595059,-1.03846,-0.739243,0.520384,-0.385697,-0.465587,-0.462646,-0.253924,-0.126677,-0.591319,0.680574,-0.639507,0.307438,-0.749431,-0.730354,0.0722494,-0.475789,0.512135,-0.087657,-1.21909,-0.623212,-0.399193,-0.202806,0.608588,-0.162135,0.150716,0.757654,0.161362,0.23582,0.531076,0.439893,0.882645,1
-0.51806,0.208663,-0.0383905,0.313787,0.304339,-0.174047,-0.085348,0.188848,1.22856,0.353067,-0.564967,-0.467169,-0.673506,-0.636865,0.0199196,0.114864,-0.588661,-0.0478864,0.196779,-0.608615,-0.145462,-0.109038,-0.290802,-0.472711,1.06211,-0.570045,-0.436664,-0.79852,-0.0973736,0.520838,-0.691058,-0.137416,0.490959,0.826651,1
-0.472845,0.18187,0.181305,-0.131198,0.116894,0.29342,0.179363,0.615798,0.451525,-0.654759,0.122139,0.770544,-0.932172,-0.479015,0.179128,-0.0720887,-0.0478143,-0.597207,-0.119805,-0.780588,-0.40701,0.512339,-0.10086,0.267848,-0.0838903,-0.0522037,-0.587163,0.130565,-0.660113,0.147227,-0.164691,0.0270196,0.483054,0.851877,1
-0.484039,0.557593,-0.350861,0.0788598,0.45961,0.158047,0.137128,1.05135,-0.208139,-0.615165,0.75052,-0.179233,0.355271,-0.77522,0.466608,-0.474874,-0.234353,0.369767,-0.207674,-0.906195,-0.252635,-0.106297,0.564346,-0.0435502,0.67521,-0.432753,-0.332064,0.0147836,0.684551,0.445534,0.159757,-0.768688,0.572956,0.816559,1
0.723034,0.341344,-0.40771,0.505859,-0.314837,-0.109489,-0.347333,0.0837395,0.302343,-0.0680228,-0.451175,0.293579,-0.102039,-0.473633,0.832499,0.50025,0.358258,-0.729018,-0.971906,0.406386,-0.246205,0.173924,-0.55669,-0.222718,-0.162872,-0.640847,-0.33908,-0.370223,0.074725,0.409595,-0.00766792,-0.0993702,0.421356,0.871596,1
-0.2247,-0.203661,0.404011,0.216707,-0.171375,-0.116854,0.271038,0.105177,0.850909,0.43748,0.142027,-0.0156907,-0.197702,-0.0512241,-0.0759593,0.806871,0.174805,-0.400048,-0.579188,0.00889133,0.609475,-0.00453034,0.724961,0.131101,-1.21537,0.384093,0.0473462,0.14975,0.55458,-0.397228,-0.072022,0.396086,0.573426,0.816369,1
-1.00848,-0.254422,0.07328,-0.225787,-0.0438269,0.336631,0.149138,0.129244,-0.55074,0.426242,0.0346013,-0.60352,-0.243855,0.967847,0.144504,-0.0473737,-0.584418,-0.379534,-0.312155,-0.064392,-1.16708,1.06113,-0.044027,-0.0346412,-0.00588499,0.0927713,-0.253301,-0.0971318,0.277578,-0.136501,0.119607,0.244002,0.423921,0.810184,1
0.165897,-0.934891,1.14108,-0.20699,-0.229118,0.0388879,0.168803,0.054535,0.318366,0.69025,-0.179034,0.396474,0.509046,0.335103,-0.00884895,0.267893,-1.05052,-1.28936,-0.488359,0.0213211,-0.632336,-0.117641,0.427146,-0.785066,-0.332917,-0.576838,0.367647,0.462209,0.362336,0.354518,0.313705,-0.37359,0.432422,0.826156,1
-0.640351,0.277923,-0.3197,-0.533029,0.913173,-0.18825,-0.589717,-0.265151,-0.193508,-0.264563,-0.00588292,-0.280489,0.0366846,-0.63809,-0.705157,-0.172433,0.457173,0.43282,-0.806418,0.217741,0.557295,0.292371,-0.112478,-0.162106,-0.426564,-0.615928,0.362762,0.0214979,-0.52839,-0.541874,-0.35079,0.576466,0.438179,0.888304,1
-0.244325,-0.25631,-0.216217,0.0891948,0.638301,0.155471,-0.211104,-0.415908,0.0239641,0.10943,-0.658848,-0.442086,0.179703,-0.100331,-0.225598,0.0900951,0.695158,0.0625569,-0.230329,-0.281548,0.378691,-0.401343,0.0210584,0.187045,-0.828,0.177834,-0.231928,0.581507,0.492363,-0.51032,0.898543,0.729663,0.495257,0.782073,1
0.0874066,-0.318156,0.397328,-0.0544038,-0.903649,-0.00144891,-0.649906,-0.630421,0.171128,0.439976,-0.504814,0.371923,1.19803,-1.01849,0.0149809,0.516549,0.190927,-0.644873,-0.739373,-0.0978844,0.51742,-0.266095,0.0978459,-0.172704,0.0484246,0.261781,0.108197,-0.138032,0.611067,-0.021135,-0.458453,0.577031,0.429208,0.808015,1
-0.137088,-0.0485649,-0.342339,0.564213,0.403061,0.543855,-0.296379,0.225498,-0.9511,0.226505,-0.315768,-0.0424964,0.253552,0.857618,-0.200296,0.813435,-0.671139,-0.692217,0.703342,-0.852215,-0.206189,-0.117291,-0.718623,0.197846,-0.308413,0.25007,-0.492283,-0.640851,-0.165356,0.340116,-0.147622,-0.235551,0.553908,0.761284,1
-0.148602,0.471488,-0.199666,-0.284672,0.280976,0.827913,0.12416,-0.559631,-0.0258678,0.0607441,-0.226492,0.932814,0.473956,-0.569257,0.241603,0.594102,1.30736,-0.275657,0.763756,0.0605308,0.566946,0.522873,-0.0557603,0.378611,-0.0383505,-0.496751,-0.031626,0.727454,-0.221861,-0.671232,-0.0168311,-0.371078,0.452593,0.810281,1
-0.0874967,-0.41124,-0.0193175,0.125974,0.993356,-0.15909,0.384039,-0.359648,-0.556308,-0.304784,0.103855,0.224801,-0.533608,-0.26211,-0.624605,-0.190775,0.227803,-0.170007,-0.158812,-0.205709,-0.615533,-0.479779,-0.15368,0.536372,-0.472804,-0.616578,0.644002,0.304986,-0.44888,0.254513,0.194053,-0.487511,0.56708,0.844525,1
-0.224744,-0.522738,0.314794,0.492583,-0.224928,-0.430273,0.607139,0.320788,0.0229269,-0.68221,-0.920982,0.0394438,-0.649113,-0.170583,-0.0834672,0.125496,-0.152038,-0.0053821,0.631365,-0.558563,-0.338807,-0.00207067,-0.978118,0.629045,-0.515225,-0.108668,-0.297769,-0.06401,-0.293128,-0.10978,0.00220696,-0.18215,0.518121,0.859364,1
0.577866,0.481449,0.716238,-0.446358,0.101561,0.523317,-0.137758,0.381341,-0.0827004,-1.09804,-0.107616,0.124417,0.275338,0.134106,-0.882174,1.05055,-0.465668,-0.122172,-0.0707095,0.106063,-0.749129,-0.356518,0.167767,0.0899993,-0.615734,-0.390622,-0.390115,0.257477,0.508855,-0.644048,0.332686,0.535214,0.484506,0.847048,1
-0.502366,1.09353,0.0766357,-0.275577,-0.242893,0.603296,0.0184733,-0.436984,0.53809,0.0579151,0.941897,-0.460258,0.194335,0.943665,0.720763,-0.031573,1.19783,1.07676,0.238257,0.254963,-0.551966,0.657821,-0.651421,-0.478359,-0.695422,0.755278,0.0646318,-0.143459,-0.182837,-0.0672497,-0.715357,-0.431434,0.461689,0.840532,1
0.167275,-0.889286,0.155964,-0.538235,0.382359,0.454247,0.312418,-0.0144595,0.18273,0.0638234,0.439605,-0.22455,-0.0807105,-0.944242,0.691693,-0.488892,0.993361,0.100497,0.595816,-0.305319,0.445858,0.171239,-0.383896,0.349297,0.353637,-1.00902,-0.497378,0.248621,-0.275037,-0.787748,0.475024,-0.47428,0.549254,0.805798,1
0.428127,-0.26161,-0.711418,-0.163867,-0.418462,0.604335,-0.0175577,-0.493562,-0.137309,0.187934,0.0298886,0.0385651,-0.297188,0.377035,-0.588759,-0.332513,0.203637,0.471073,0.472756,0.128441,-0.0420722,-0.634752,0.758013,0.116391,0.427184,-0.085358,0.513822,-0.0946948,-0.745771,0.759828,-1.15077,-0.332567,0.528341,0.842692,1
0.270772,-0.205577,-0.530967,0.788593,0.150615,-0.990088,-0.413491,0.144998,-0.46022,0.984261,-0.612331,-0.583344,-0.303063,0.259072,-0.216424,0.111455,0.755111,-0.1591,-0.561394,-0.278372,0.969173,-0.67927,0.361912,-0.176229,0.332973,-0.387433,1.06916,-0.251186,1.01635,-0.363647,-0.334611,0.483614,0.509228,0.899571,1
0.303836,0.538547,-0.485237,-0.202036,-0.354254,-0.205973,0.439783,0.18546,-0.300175,-0.185027,0.0600048,0.0147502,-0.514784,-0.729955,-0.852897,1.20893,0.268731,-0.542902,-0.369693,0.205551,0.140615,-0.428128,0.93099,-0.294864,0.179794,-0.426208,0.275383,-0.389934,1.14325,0.306833,0.534829,-0.253909,0.443317,0.921098,1
0.300316,-0.162646,-0.534525,0.0828511,0.645751,0.133564,-0.0380023,0.0109889,0.0428015,1.30341,0.0217351,-0.629925,0.15569,0.617258,0.0274099,-0.317094,-0.171883,0.447063,0.0780403,0.333562,-0.0417605,-0.00838292,0.636307,-0.0415649,0.385343,0.345863,0.245765,0.945007,-0.556029,-0.269137,0.881099,0.0457835,0.489828,0.940047,1
0.050278,-0.375417,0.225883,0.792591,-0.152522,-0.617401,-0.0507683,-0.438067,-0.106304,0.555774,0.488251,0.35487,-0.330608,-0.111168,0.325768,-1.15722,-0.131991,-0.321201,1.04015,-0.137221,0.223185,-0.123177,0.575712,0.446925,0.00401513,-0.384476,-0.041765,-0.579927,-0.926301,-0.713622,-0.522206,0.0296252,0.483868,0.864846,1
0.563936,-0.106133,0.509017,0.299024,-0.12413,-0.594883,0.163708,0.528744,-0.303546,0.159557,0.910225,-0.381567,0.747261,0.274641,0.273556,-0.597767,-0.592814,-0.704476,-0.0245517,-0.240666,0.939273,0.357354,0.313737,0.0541966,0.0390452,1.65243,0.872573,-0.528542,0.0818347,-0.251797,-0.117012,-0.608331,0.467748,0.882024,1
0.29234,-0.0548919,-0.077226,0.452093,0.133962,0.831271,-0.554708,-0.0115322,0.460536,1.25008,-0.108719,0.391401,-0.0106092,-0.415853,-0.0933719,0.0964737,-0.381738,0.412584,0.557034,-0.320982,0.539775,0.590172,-0.334079,-0.984756,-0.32558,1.06233,0.228123,-0.0728957,-0.105861,0.320937,-0.0362709,-0.0533266,0.502264,0.916149,1
-0.198551,1.41186,-0.0610331,-0.587306,-0.403925,0.12471,0.186395,0.0121852,0.11224,0.590837,-0.303879,0.00909869,-0.304812,-0.682772,0.116604,0.0625711,-0.166214,0.152291,-0.290805,0.27407,0.167447,-0.0715374,-0.58288,-0.156936,0.960215,0.0781789,-0.743982,-0.224035,0.797413,0.317389,0.375243,0.051113,0.492199,0.799657,1
0.602042,0.475272,1.15183,-0.220502,-0.163067,0.159729,-0.519867,-0.0879876,-0.296057,0.103028,-0.586136,0.311374,0.59524,-0.438945,0.228061,0.138515,0.207966,-0.446515,0.69723,0.0462563,0.495783,0.392433,-1.11921,1.30929,0.670973,-0.050669,0.566483,-0.579021,-0.436565,-0.406197,0.542526,0.299711,0.459927,0.766038,1
-0.522752,0.0858055,0.121308,0.0937325,-0.371064,0.105693,-0.131677,-0.47366,0.400397,-0.680742,0.222109,-0.901399,-0.689386,-0.805793,-0.178959,0.46664,0.0208656,-0.652222,0.151494,0.296582,-0.151963,0.244209,-0.39671,0.344328,0.401812,-0.219131,-0.476879,0.528939,-0.0518551,-0.239137,0.0560633,0.347918,0.565849,0.775735,1
0.425973,-0.784875,0.439209,-0.0382709,-0.221204,-0.156239,-0.0566414,-0.126748,0.132525,0.0407384,0.25276,0.11536,-0.31694,-0.355031,0.233371,1.03966,-0.326667,-0.730233,0.220139,-0.104393,0.257311,-0.781387,-0.359122,-0.52771,0.406739,-0.420712,0.348988,0.46639,0.746915,0.185209,-0.100347,0.078674,0.455593,0.868692,1
-0.203143,-0.308714,-0.164112,-0.265863,0.706251,0.354488,0.383963,0.457013,-0.661656,-0.368275,-0.894758,-0.173655,0.384231,0.643233,-1.1317,-0.303507,0.480822,0.681643,-0.495361,-0.402064,0.0792949,0.157373,-0.361906,-0.334193,0.249344,0.323156,-0.210186,-0.358518,-0.240592,-0.991112,-0.190452,0.0619363,0.552733,0.844912,1
-0.381745,0.230146,-0.438284,-0.00337282,0.487647,-0.381258,-0.887534,-0.728305,0.929453,-0.488768,0.269805,-0.448431,-0.0720353,-0.465396,-0.339648,1.07105,0.143217,-0.30159,0.099897,0.531464,0.252829,0.521268,0.0810442,-0.384956,0.833896,-0.458745,0.536165,-0.526585,-0.587369,-0.134215,-0.409277,0.00894623,0.578304,0.897002,1
0.393007,-0.0112215,-0.229865,0.652713,0.110247,0.134166,0.275794,-0.626766,0.259129,-0.646018,1.13729,-0.52358,-0.506045,-0.696885,-0.143242,0.735307,-0.353753,-0.191428,0.160981,-0.203338,0.242285,-0.105791,-0.641797,0.336355,-1.06057,-0.0539333,-0.0290673,0.236937,-0.44687,-0.411844,-0.141753,-0.770893,0.462543,0.876342,1
-0.321969,0.774732,-0.0203052,-0.180612,-0.553429,-0.0578111,-0.00464707,0.824093,-0.105514,0.353621,0.298177,-0.203365,0.386131,0.187752,-1.36694,-0.203093,-0.7576,0.188051,-1.16371,0.333,-0.545025,-0.253863,-0.224517,-0.551538,-0.180055,-0.331224,-0.0326162,0.439018,-0.235505,-0.494957,0.0721271,-0.374263,0.564349,0.775123,1
-0.460522,-0.367824,-0.21633,0.118221,0.0828725,0.374311,0.21004,-0.360608,0.638407,0.668055,-0.146024,1.10718,-0.34667,-0.705835,-0.0972399,0.035509,-0.0340438,-0.657406,0.215264,0.31701,-0.846706,-1.07572,0.376655,-0.781515,-0.192124,-0.00758525,0.728509,0.603316,0.0239985,-0.403312,-0.78795,-1.06861,0.464745,0.786787,1
-0.528798,0.00876999,0.44694,-0.414923,0.109128,-0.680928,0.858626,0.0700993,0.536647,-0.302647,-0.0170645,-0.142348,-0.397714,0.32527,0.620621,0.222963,-0.394095,0.477238,-0.0351421,0.717371,0.226341,0.604918,-0.501104,-0.0514319,0.0176476,0.0866119,-0.351099,-0.606942,-0.320049,0.253688,0.231689,-0.384001,0.534276,0.839044,1
-0.791744,0.362807,0.160985,0.781511,-0.174469,-0.0524385,0.420702,0.303367,-0.211239,-0.716545,-0.713696,-0.614948,-0.0226744,-0.988443,0.91774,0.138155,-0.684451,-0.145739,-0.870006,0.195381,-0.00597785,0.486675,0.220545,-0.291185,1.17745,-0.374835,0.618087,-0.410864,0.140371,-0.180013,-0.518751,-0.615027,0.442657,0.894764,1
-0.0382835,-0.606923,-0.603795,0.371425,-0.131502,0.155179,-0.279742,0.133155,0.955134,1.05004,0.150847,-0.475088,-0.584693,0.587003,-0.00143492,0.718666,-0.104253,-0.242072,-0.0308781,-0.578842,-0.269363,0.0740087,0.114708,0.353807,-1.27392,-0.484625,-0.264897,-0.277087,-0.0827192,-0.509517,-0.764603,-0.0998093,0.42256,0.774702,1
-0.240248,0.674808,0.54262,0.136341,-0.113212,-0.193079,0.267278,-0.420103,-0.136603,0.520302,-0.0622732,0.69348,0.238953,1.45471,0.808757,-0.228848,-0.161874,0.0645419,-0.155473,-0.144331,0.934645,-0.196475,0.437512,0.101956,-0.676876,-0.0310143,0.024971,0.690722,-0.165197,-0.237056,0.236651,-0.924876,0.46442,0.779028,1
0.175754,-0.161036,0.439501,0.40386,-0.762534,0.0670011,-0.592488,0.335695,-0.0519967,0.15582,-0.265204,-0.015275,0.0489973,-0.0297291,-0.453833,-0.419907,-0.0788915,0.631428,0.042722,0.0942239,0.0385029,0.0636268,0.0175654,0.237097,0.50075,0.0691348,-0.738422,0.0662692,0.447868,0.0033518,0.323203,0.228137,0.463102,0.823769,1
-0.61968,0.212174,0.207799,0.654119,0.147746,-0.253575,0.033793,-0.679842,0.395047,-0.420967,0.423374,-0.212449,0.0896575,-0.258766,0.643167,0.237922,0.165097,0.816569,0.395854,-0.366851,-0.294218,-0.406811,-0.127421,-0.314999,-0.61432,-0.707848,-0.353975,-0.0983434,-0.189423,-0.375557,0.190867,-0.84397,0.578673,0.826341,1
-0.136884,-0.969168,0.3201,-0.621539,0.137902,1.34126,-0.605371,0.628363,0.370044,-0.0110202,-0.00614602,-0.763626,-0.635283,-1.01639,0.393192,-1.11012,0.485202,-0.442997,0.142973,-0.285294,-0.34957,-0.282114,0.242982,0.596896,0.290295,-0.901171,-0.0406523,0.351743,0.536327,0.127341,0.43801,0.483722,0.493214,0.900249,1
0.0573734,-0.36849,-0.228412,-0.619549,-0.148446,-0.734101,0.514602,-0.26408,0.437746,-0.639508,-0.408377,0.697271,0.464645,-0.132992,0.150109,0.399196,-0.261057,0.450364,0.343666,0.243737,0.99985,0.143972,0.662726,0.67782,0.493808,-1.25991,0.465742,0.112194,0.83425,0.0648992,0.552355,-0.144551,0.497033,0.921511,1
1.10184,-0.816411,-0.280962,0.135496,-0.104726,0.251857,-0.265818,-0.240061,-0.400884,1.13858,-0.233284,1.0304,0.0842258,-0.522203,0.0627407,-0.22688,-0.159191,0.298901,0.339639,0.00829323,-0.573962,-0.715192,0.016246,-0.05479,0.315424,0.260403,-0.384842,0.533229,-0.581594,-0.0553413,-0.0308255,0.799365,0.481541,0.793456,1
-0.329905,0.426227,0.0746816,-0.485404,0.76148,-0.345236,0.271438,-0.644085,0.444266,1.38144,0.129021,0.739747,-0.441934,-0.290634,0.65329,-0.694368,0.477519,-0.592262,-0.291269,0.287102,-0.116945,0.26721,0.368467,0.213355,0.14728,0.332258,0.680649,0.480098,-0.600286,-1.25243,0.25988,0.596737,0.445293,0.772583,1
0.267261,-0.571784,0.0680819,0.942822,-0.0593301,-0.432405,-1.05626,-0.0907535,0.167192,0.680243,0.273317,0.0598627,0.152994,-1.49134,0.774805,-0.740377,-0.514437,0.688389,0.124479,0.539552,-0.140909,0.170662,-0.323851,-0.327215,-0.395352,0.679857,0.12029,0.839802,0.767047,0.91585,0.344917,0.0164247,0.579382,0.921144,1
-0.519549,0.470114,-0.137366,-0.00306791,-0.201404,-0.147194,0.410467,0.261365,0.202298,-0.113336,0.962783,-0.218686,0.279425,0.0508934,0.233588,0.956656,-0.17683,-0.15671,0.0871764,-0.0766558,0.209132,-0.739905,0.464158,-0.0629947,0.032398,-0.850486,-0.78507,0.422479,-0.342833,0.402877,-1.03676,0.533847,0.549896,0.803788,1
0.234033,0.334234,-0.510845,-0.881893,0.0139187,-0.49264,0.40122,-0.0301888,0.325397,-0.413494,-0.875839,0.630415,0.282065,-0.362278,-0.207193,-0.200997,-0.563826,0.0998209,-0.0231562,-0.257063,-0.149096,0.096332,0.726328,0.287898,0.0267703,0.148681,-0.00365211,-0.191764,-1.6737,0.0697412,0.0772304,-0.00399674,0.488973,0.9114,1
-0.682684,0.0914522,-0.349792,-0.150902,0.208571,-0.37403,-0.146891,-0.144531,0.172621,0.376403,1.55478,-0.0666264,0.37019,-0.114433,0.424676,-0.24026,-0.252207,0.81617,1.21132,0.834767,-0.0624709,-0.485009,0.466716,-0.821522,0.0552446,0.705006,1.47299,0.594821,-0.272665,-0.829861,-0.570817,-0.532483,0.468091,0.909509,1
0.170558,1.16222,-0.686459,-0.130344,-0.434701,-0.228096,0.221393,-0.245461,0.974655,0.412042,0.0950523,0.355656,-0.329642,-0.695113,-0.0866122,-0.545785,0.261732,-0.590263,0.503236,0.709739,-1.21332,0.0531303,0.478836,-0.33174,-0.219031,0.804286,-0.404486,-0.371267,0.30424,-1.43119,0.707195,-0.932295,0.553958,0.914372,1
0.523158,0.399567,0.17045,-0.0291682,0.408412,0.767815,0.235219,0.44171,0.274969,-0.361037,-0.0281257,0.685802,-0.450448,0.459971,-0.254578,-1.03709,0.41456,0.750182,0.77761,0.876683,-0.15914,-0.364424,-0.502324,0.122025,0.307667,0.295203,-1.04253,0.21891,-0.979989,0.947627,0.545404,-0.611908,0.470509,0.893193,1
0.624642,-0.752591,-0.541581,0.297049,-0.216274,0.0982227,0.502748,-0.721919,-0.6119,0.353678,-0.657155,-0.506117,0.323145,-0.347612,0.605395,0.0942808,0.339678,0.0927681,-0.0234888,0.498688,0.125106,-0.452106,-0.902268,-0.734573,-0.122852,-0.227519,0.609388,0.5187,-1.00554,-0.130852,-0.0461636,-0.298031,0.495676,0.764186,1
-0.0750825,0.474608,0.318777,-0.589313,0.00265342,0.000407575,-0.00897036,0.538764,-0.608759,0.546082,-0.433289,-0.266132,-0.259089,0.200197,0.231874,0.0700242,-0.375148,0.827637,-0.528554,-0.959751,-0.0969324,-0.628359,-0.148689,-0.267073,-0.450349,0.389049,0.475383,-0.131156,-0.405021,0.121434,-0.497166,-0.196056,0.481999,0.941468,1
-0.652029,0.0812561,0.782827,-0.491919,0.509399,0.648244,-0.666973,-0.106191,0.00405455,0.193705,-0.469945,-0.477856,-0.386259,-0.341038,0.556477,0.17561,-0.751159,-0.86031,0.207839,-1.24798,-0.153186,-0.34023,-0.0223713,-0.179755,-0.409118,-0.431225,0.896332,-0.0196554,-0.322935,0.231035,0.0228704,-0.410007,0.561874,0.881274,1
0.421654,-0.179905,0.191154,-0.574452,-0.398864,1.04434,0.571188,0.154972,0.302979,0.209255,0.128467,0.354226,-0.726053,-0.320516,0.423811,-0.670383,-0.120482,-0.130209,-0.37142,-0.520006,-0.138535,-0.227294,1.05296,0.251918,-0.231172,0.318708,-0.671536,0.668105,-0.0775068,-0.743711,-0.152731,-0.057024,0.55318,0.93577,1
-0.236334,-0.000996279,-0.528295,0.848402,0.325888,0.268055,-0.126639,-0.610046,0.594496,0.506591,-1.12571,0.453646,-0.170254,-0.164652,0.204147,-0.240512,0.377022,0.237453,-0.850738,0.198529,0.135536,0.0384517,-0.982697,0.0128688,0.337695,-0.724485,-0.116607,0.000317952,-0.324369,0.0542624,0.307766,-0.0691454,0.479807,0.852749,1
0.133296,0.186963,0.124279,0.141013,0.131872,7.95,0.29299,0.354664,0.208914,0.371593,0.147934,0.133979,0.173263,0.392719,0.347344,0.380968,0.224982,0.128503,0.347329,0.269998,0.19682,0.185189,0.336588,0.102562,0.262027,0.363166,0.270479,0.346784,0.115847,0.201024,0.204527,0.333146,0.52,0.82,1
0.507921,-0.185842,-0.669161,-0.197374,0.681215,-0.733031,0.420292,0.222792,-0.576009,0.305599,-0.306252,0.70165,-0.96068,0.263048,-0.159937,-0.521054,-0.233674,-0.493977,-0.291961,0.52883,0.189073,0.842045,0.899529,0.460904,-0.0536369,0.842949,0.136758,0.294368,0.637461,0.44043,-0.539072,0.283028,0.495852,0.86968,1
-0.00142578,-0.0930406,-0.225984,1.00497,-0.041178,0.491507,0.851339,-0.477613,-0.0157977,0.455328,0.389541,0.0335725,-1.07969,-0.966935,0.6824,0.389432,-1.38248,0.102663,0.427433,-0.831869,-0.508508,0.231574,-0.352207,0.163586,0.652676,0.754124,0.826776,-0.330105,-0.626198,0.0492144,-1.04638,-0.981705,0.535844,0.815595,1
-0.0696839,0.674224,0.0216381,0.479812,0.916361,-0.0835308,0.353087,-1.17766,0.23499,0.00488978,-0.18386,0.570091,-0.4518,-0.208465,0.0464775,0.170588,0.336867,-0.0470315,-0.573069,0.147266,-0.25967,0.783429,0.131088,0.0421777,0.00945358,0.634422,-0.928598,-0.0913251,-0.747793,0.230404,0.203122,-0.52661,0.440095,0.925991,1
-0.164386,0.155921,0.34431,-0.114109,0.237863,0.0560649,-0.10305,0.588993,-0.0290896,-0.250844,-1.24968,0.138609,-0.41008,-0.166241,-0.113186,0.17035,0.525544,0.035743,-0.113763,0.602174,0.375384,-0.0743975,-0.0241597,-0.0750601,0.0390124,0.181654,-0.651453,1.27092,-0.474163,-0.252531,0.157297,-0.193118,0.546205,0.786079,1
0.014378,-0.252436,-0.341489,-0.0114113,0.194358,-0.355305,-0.986061,-0.246518,0.457017,0.213969,0.736001,0.0240638,1.26891,-1.27096,-0.37839,-0.299788,0.133038,0.586074,0.767566,0.786448,-0.842336,0.280432,-0.471742,-0.743191,0.0749939,0.379521,-0.260928,0.382336,-0.666123,-0.50223,0.708117,-0.471559,0.4767,0.764721,1
-0.0103271,-0.684028,0.349774,0.421857,0.25042,-0.320504,0.147338,-0.387482,-0.435638,-0.553616,-0.017223,-0.0714807,0.697845,0.0246335,0.0304814,-0.451926,-0.564487,0.94213,0.362793,-0.208902,-0.400696,0.520297,0.474225,-0.0496133,-0.69982,-0.347957,0.10505,0.0948515,-0.655148,-0.471076,-0.207927,0.868866,0.447958,0.84355,1
-0.139094,0.894255,1.38965,0.182035,-0.0429776,-0.304328,-0.614426,0.120454,-0.10592,-0.083352,0.379871,-0.0653742,0.498369,0.0259159,-0.0864103,-0.750661,-0.365684,-0.258356,-0.44329,-0.931056,-0.577514,-0.177915,-0.552238,-0.0289317,-0.254995,0.522998,-0.122143,0.405191,0.486028,0.764063,-1.07281,-0.471906,0.459753,0.815497,1
0.13264,-0.383164,-0.316437,-0.423912,-0.453761,-0.787615,-0.906448,-0.110641,0.491789,0.30779,0.67905,-0.565074,-0.107559,0.744017,-0.233883,-0.376807,0.349706,0.73089,0.539533,-0.397484,0.316633,0.683793,-0.360837,0.0381655,-0.801696,-0.257853,-0.178265,0.347547,0.238829,-0.700149,0.206101,0.0502148,0.525743,0.768061,1
0.817632,-0.0897234,0.455152,-0.0453707,1.28398,-0.0735875,-0.020338,-0.0303076,0.764627,0.84761,0.243854,0.0101332,0.161117,-0.254401,-0.112093,-0.680609,0.433196,1.06618,-0.249087,0.520629,0.00576298,0.00658318,1.18058,-0.0557989,-1.15679,0.702191,-0.0446853,0.334961,-0.0262723,0.349074,0.449856,0.960779,0.466249,0.921881,1
0.0229907,0.511221,0.985807,0.00122171,0.0485504,0.552703,-1.08683,0.353098,0.294149,-0.0782472,-0.393292,-0.219366,1.06481,0.531039,-0.0331696,-0.0754524,0.5476,-0.359042,-0.0946138,0.55412,1.19199,-0.123601,-0.641071,-0.0810737,0.146206,0.395841,-0.479098,-0.455103,0.0146955,0.319261,-0.210873,-0.568116,0.484603,0.823567,1
-0.23982,0.360534,-0.360181,0.719088,0.0353543,-0.0487138,-0.782762,-0.577803,-0.545721,0.599213,0.379377,0.342579,0.705818,-0.626953,-0.0653224,0.293719,-0.207972,0.254456,0.235877,0.0998765,0.54567,-0.54242,0.42114,0.0285272,-1.01515,0.331925,-0.755973,-0.00372572,-0.426844,0.570317,0.0517521,0.876706,0.427999,0.815837,1
-0.0681627,0.461169,-0.318858,0.256544,0.566532,0.31299,-0.0372498,-0.038447,-0.29629,0.528563,-0.361197,0.07083,0.232937,-0.247046,0.33423,-0.467056,-1.1591,0.148754,0.212911,-0.376392,-0.152777,0.0512387,-0.207642,-0.554187,-0.443209,-0.0255079,0.0572143,1.17621,-0.26746,-0.245825,-0.918797,0.464874,0.482489,0.917139,1
0.126948,-1.47888,0.680937,0.387665,0.610617,0.147718,0.799896,0.112703,-0.302359,0.0263199,0.0592576,0.20698,-0.0439947,-0.47747,0.171508,0.40089,1.10076,-0.248093,-0.398365,-0.0602439,-0.287671,-0.485979,0.604825,0.922433,-0.288507,-0.519656,0.0834781,0.780827,-0.685937,0.472475,-0.90361,0.488851,0.458959,0.859042,1
-0.392016,-0.408973,-0.268268,0.341861,-0.393208,0.389487,0.148458,-0.393701,0.168988,0.322958,0.353784,-0.510449,0.380394,0.0647434,0.564095,0.15788,0.974843,-0.561104,0.409268,0.356325,-0.149826,-0.616677,0.181926,-0.31401,0.674042,-0.0396616,-0.355992,-0.553035,-0.0448543,-1.00621,0.614246,0.452511,0.543041,0.901442,1
-0.187796,0.83558,0.713071,0.479176,-0.191372,0.110248,0.125312,-0.145204,0.394466,0.257439,0.546199,-0.306712,-0.789629,0.111249,0.1195,-0.570403,-0.0381561,-0.818736,0.214714,-0.598294,-0.482959,-1.09634,-0.200304,-0.455178,-0.479735,-0.0800023,0.223403,0.788674,0.527829,0.178313,-0.304634,-0.444749,0.576729,0.879134,1
0.0410164,0.688532,0.669456,0.684377,-0.050876,0.701013,0.215264,-0.402137,-0.218791,-0.110929,0.102626,-0.876878,0.267738,0.023074,-1.23427,0.127533,0.643973,-0.207055,0.366926,-0.307929,-0.18996,-0.775934,0.301141,0.307099,-0.0986984,0.762331,0.0897905,1.36709,0.455792,-0.00406665,-0.930988,0.596032,0.465119,0.760849,1
0.496991,-0.133878,-0.0278748,0.699102,-0.362131,-0.670253,-0.686883,-0.0950008,-0.0350697,-0.480963,-0.803463,0.234889,0.730637,-0.0189263,0.00641733,-0.212775,-0.127985,-0.298529,1.20813,-0.824695,-0.105195,-0.751041,-0.110566,-0.153433,-0.878007,0.382212,-1.02002,-0.145577,-1.05922,-0.384956,0.0318943,-0.548861,0.484292,0.843018,1
-0.710398,-0.0596356,-0.017122,0.71224,-0.344753,0.948803,-0.0542508,0.320469,0.165935,-0.222311,-0.0087083,-0.320054,-0.421389,0.709134,0.0610047,0.758133,0.0554138,-1.09846,-0.388036,-0.236473,-0.650968,-0.603112,-0.328221,0.302896,0.642736,-0.158793,-0.340682,0.942722,-0.544943,-0.423942,0.248123,0.734903,0.45332,0.943837,1
-0.47458,-0.253147,-1.08522,0.277808,0.462055,0.198463,-0.756299,0.41994,0.213253,0.133804,0.317091,-0.687496,0.368308,0.260481,0.439698,0.913271,0.0284792,0.542202,0.295084,-0.748928,0.232987,0.194794,0.42051,0.158198,-0.249185,-0.197281,-0.308911,0.63736,1.1156,0.155032,-0.308702,0.101756,0.481681,0.887835,1
0.102892,0.0404986,0.394608,0.84592,-0.65011,-0.248497,0.626581,0.149273,-0.49273,-0.141053,1.04147,-0.292516,-0.430803,-0.0532839,0.040277,-0.531317,0.773518,0.361174,0.567493,-0.683424,0.0912451,0.707077,-0.231356,0.138521,0.378506,0.00401212,-0.380428,-0.0361016,-0.0581003,0.544001,-0.315497,-0.543725,0.475989,0.829751,1
-1.04824,0.517846,-0.00234141,-0.519203,-0.457784,-0.56456,-0.0429935,0.525585,0.418157,1.01911,0.234498,-0.905471,-0.512276,-0.891699,0.243072,-0.15139,-0.914649,-0.110391,0.186001,-0.315671,0.149616,-0.304514,0.112197,0.0571888,0.291601,0.167538,0.375763,-0.330943,0.108944,0.70594,0.147013,-0.0981706,0.442613,0.787904,1
0.450329,0.332076,-0.277116,0.620069,0.00467882,0.620049,0.624919,-0.51,-0.55631,0.544201,0.714439,-0.0115394,0.805377,-0.616847,-0.46398,0.602468,0.69153,-0.194323,-0.0342741,-0.31357,0.323073,-0.667481,0.914251,-0.826498,1.213,-0.244706,-0.0551516,-0.14232,-0.659042,-1.18796,-0.431121,0.224411,0.462704,0.83617,1
-0.204813,-1.01305,0.297631,-0.0482045,-0.133517,-0.185892,0.0713567,-0.439721,0.264059,1.01797,-0.946289,0.0439314,-0.337347,0.301467,-0.471144,0.715266,0.504612,0.508396,0.0118775,0.423123,-0.336964,-0.831907,0.529097,0.403197,0.424438,-0.960198,-0.168207,0.323549,0.421525,-1.1404,0.232268,-0.821583,0.491342,0.807767,1
-0.555304,0.355357,0.523143,-0.740186,0.00603343,0.532045,-0.582603,-0.113319,-0.103066,-0.0783249,-0.533912,-0.0725361,-0.0538008,0.513491,-1.29951,0.161744,0.618333,-0.794107,0.196118,0.275081,0.675595,-0.679172,0.113891,0.571925,-0.430649,0.0948853,-0.222462,-0.156383,1.02424,0.913206,0.397751,-0.880506,0.453611,0.813479,1
0.0808334,-0.663822,0.317134,-0.828525,0.236041,0.870407,-0.190758,0.0723286,0.0637055,-0.139108,-0.168341,0.28823,0.699142,-0.159625,-0.657305,-0.0953831,0.13236,0.0411811,0.210099,-0.138667,-0.609759,0.509529,0.480149,-0.170895,0.748194,0.524781,-0.141845,0.113152,-0.0584087,-0.42233,-0.226185,0.293455,0.529711,0.906367,1
0.95,0.88,0.306377,0.125668,-0.0757492,0.288737,0.0251623,0.481887,0.352502,0.471054,0.432866,-0.396194,0.27936,-0.244147,-0.495048,-0.329976,-0.0705163,-0.0426341,-0.35624,0.293691,-0.446384,0.425509,0.314852,-0.0665459,-0.170754,0.0543735,-0.132022,0.130196,0.409495,-0.348837,0.352655,0.315856,0.48,0.2,0
-0.91337,-0.179552,-0.0203959,-0.778631,1.05658,-0.32876,-0.0642107,0.350708,-0.732141,-0.306379,-0.0968385,0.0727813,0.444548,1.20542,-0.167041,-0.243648,0.5373,0.0442823,-1.28001,0.193036,0.272238,0.813891,-0.253003,0.245912,0.126313,0.478943,0.494994,0.00501268,0.191626,-0.826721,-0.29191,-0.330647,0.528625,0.87727,1
-0.175066,-0.231945,-0.102935,-0.747594,-1.03246,-0.0248237,0.228701,0.833892,-0.058015,0.468288,0.212203,0.166448,-0.453776,0.0139271,0.46255,0.722449,0.125344,-0.233487,-0.0430619,0.643437,0.38661,0.430073,-0.540768,-0.135842,0.367563,0.550915,-0.186008,-0.141312,-0.390536,-0.203118,-0.460887,-0.825739,0.421551,0.846666,1
-0.193449,-0.207225,-0.2488,1.08392,-0.748258,-0.401414,0.532851,0.162602,-0.383238,-0.533365,-0.232443,-0.047312,-0.0841676,-0.699438,0.836056,-0.102759,-0.563299,0.0462124,-0.715549,-0.22295,-0.498829,-0.511319,0.216719,-0.0201165,-0.697275,-0.0509577,0.448958,-0.268819,-0.689815,-0.397587,0.638764,0.269155,0.482663,0.900872,1
0.121707,0.0420332,0.267017,-0.503113,0.126991,0.56254,0.383649,-0.00929359,-0.281359,0.0234582,0.714224,-0.448657,1.02613,0.457709,0.109368,-0.0850483,0.931072,0.0731061,0.21519,-0.453276,0.506808,-0.275539,-1.12138,0.0574458,-0.141973,-0.685855,-1.08099,0.31306,0.00241037,0.350661,0.808692,0.585231,0.500979,0.821406,1
0.139017,-0.141633,0.761254,0.085744,-0.586043,-0.267468,0.0341888,-0.871582,0.0967803,-0.23425,0.183266,0.560471,0.331664,-0.334057,-0.394713,0.800321,-0.258775,0.416066,0.0803675,-0.555597,0.0230436,0.38863,-0.0776329,-0.33984,0.305339,0.155467,-0.0392328,0.126498,0.269502,0.446592,-0.307914,0.12603,0.477018,0.814753,1
0.87886,0.427428,-0.963338,-0.0459406,-0.434458,-0.591792,-0.281226,0.470621,-0.394585,-0.213189,-0.234913,-0.130032,0.301278,0.0304611,0.365695,-0.348064,0.043076,0.213218,0.0248955,0.1324,-0.42325,-0.940382,0.725072,0.407616,-0.191751,0.626686,0.0529434,0.0783687,0.308219,-0.405185,0.541184,0.608825,0.551535,0.905254,1
0.00940113,0.431361,0.135014,0.435566,0.432567,0.815432,0.419288,0.900875,0.823315,-1.18888,0.219465,-0.650143,0.479951,-1.41216,-0.461829,-0.300773,0.33217,-0.324087,-0.520281,-0.341012,0.0263633,0.843951,-0.484597,1.00309,0.623283,0.0685879,0.216985,-0.0990118,0.139956,0.0519887,0.10876,-0.831839,0.46021,0.910921,1
-0.809654,0.0830221,-0.579039,-1.04361,0.92549,0.0357706,-0.250916,-0.0345816,-0.494974,-0.431165,0.664819,0.686124,0.373797,-0.155996,-0.200527,-0.408293,0.231281,-0.0904301,-1.2587,-0.968447,-0.130397,-0.442723,0.302033,0.108925,-0.409642,-0.34594,0.170575,0.310416,0.111043,0.268116,-0.651436,-0.565219,0.50631,0.777758,1
-0.197448,0.148501,-1.11715,-0.145317,0.247091,0.723825,-0.500021,-1.03146,0.576487,0.21971,0.427982,0.141128,0.112003,-0.182141,-0.739644,0.685466,0.825439,-0.286575,-0.0363444,0.561473,0.748404,0.287632,0.05861,1.05339,-0.83765,0.124496,-0.354965,-0.742633,0.033423,-0.750589,-0.210234,-0.559748,0.513962,0.871008,1
-0.280316,-0.134242,0.539512,0.123687,0.0608059,-0.702736,0.605287,-0.156375,0.342053,-0.229124,0.174332,0.641999,-0.174855,0.199565,0.498368,0.371172,0.118959,-0.776981,0.0493585,0.0869075,0.620838,0.0899015,0.361347,0.236884,0.68584,-0.0438102,-0.265438,-0.656892,0.531935,-0.832838,0.683808,-0.282573,0.472548,0.778252,1
1.14053,-0.181024,0.0813357,0.0915171,0.7712,0.0349579,0.244563,-0.58313,0.273886,0.227613,-0.323053,0.300743,0.015267,0.273606,-0.646548,0.0153174,0.329691,-0.052455,1.30063,0.587811,-0.19921,-0.444544,0.726901,-0.861295,1.36452,0.942133,0.247799,0.746997,-0.0767876,0.470511,-0.126884,0.44532,0.500495,0.848191,1
0.307407,0.352892,0.39316,0.372639,0.247566,7.95,0.14687,0.169987,0.222594,0.375208,0.128225,0.387127,0.284557,0.183069,0.316131,0.367428,0.320604,0.399605,0.146498,0.299329,0.165211,0.149266,0.352408,0.231236,0.22037,0.386133,0.313017,0.364854,0.162468,0.250136,0.283528,0.124566,0.52,0.82,1
-0.0861324,-0.0409721,-0.102042,0.260216,0.436649,-0.551907,0.0511056,-0.241101,-0.289336,0.698322,0.00483282,0.342142,-0.114111,0.292808,-0.162347,0.555132,-0.363032,-0.627955,0.78204,-0.893479,-0.670462,0.173915,-0.905481,0.0583752,0.0640439,-0.132076,-0.394215,0.462231,0.502117,0.358045,-0.348635,0.291222,0.502548,0.806692,1
-0.644374,0.0805991,-0.462993,-0.0618981,0.765599,0.832436,-0.266338,-0.563392,-0.93987,0.934372,0.0952075,0.574904,-0.504144,0.314041,-0.596445,0.270819,-0.524386,0.373183,-0.400422,0.420345,0.0582471,0.584621,-0.279511,0.233839,0.758734,-0.13853,1.46295,0.63749,-0.0339509,0.419657,0.343319,-0.0329793,0.425904,0.849672,1
-0.183148,-0.384503,0.362768,0.00259174,0.550261,-0.309499,-0.123456,-0.440661,1.00526,0.238681,0.20534,-0.419926,0.431555,-0.074005,0.127355,-0.575617,0.313937,0.564773,0.130814,-0.0787375,-0.508469,-0.074885,-0.047431,-0.782546,0.166425,0.18851,0.443009,0.416922,-0.312788,0.789129,-0.277646,-0.611222,0.52155,0.909201,1
-0.442209,0.471659,0.494056,-0.476277,0.32557,-0.733493,-0.431463,1.04173,0.157739,-0.535831,-0.568071,0.0629433,-1.07707,-0.0455537,-0.182607,-0.024546,0.14575,0.532017,-0.540633,-0.109659,0.366073,-0.165935,-1.22507,0.673834,0.212078,0.197096,0.461542,0.233621,-0.369078,-0.0489756,-0.398567,0.0370476,0.459494,0.916951,1
-0.628353,-0.91302,-0.97403,0.13268,-0.450163,-0.0385993,-0.0319506,-0.443117,0.13926,0.480875,-0.524044,0.45274,-0.172572,0.759489,0.0122763,0.723451,-0.218642,-0.127888,0.944723,0.111841,0.339331,-0.246827,-0.231808,0.768245,-0.680125,0.906564,0.184944,0.694304,0.367206,0.541924,0.77743,-0.260828,0.480809,0.773526,1
0.587707,0.394416,-0.204111,-0.370982,0.516794,-0.669432,-0.316548,-0.674914,0.855144,-0.646507,-0.496066,-0.654482,1.19792,-0.501166,-0.805338,0.606289,0.120583,0.0991728,-0.149889,1.06431,0.228623,0.297146,0.166879,-0.144301,0.0963413,0.485879,0.992268,-1.37821,1.09031,0.435588,0.0397108,-0.00660067,0.559519,0.948773,1
-0.212624,-0.166297,-0.0840415,0.824965,-0.148384,0.469232,-0.0523722,-0.641325,-0.00543171,-0.66545,0.585237,-0.0156348,-0.313694,0.314804,-0.312315,-0.998753,0.79921,-0.207799,0.479747,-0.408681,-0.611421,-0.855427,0.581459,-0.0279303,-0.368235,0.616755,0.289281,0.285089,0.0718797,-0.140607,-0.920203,0.640524,0.54386,0.920909,1
-0.400378,-0.338744,-0.264251,-0.681372,0.585794,-0.489147,-0.214957,0.388703,-0.326391,0.43093,-0.178646,-0.591045,-0.795925,0.339905,0.236815,-0.0269455,-0.363992,0.484896,0.0887759,0.681633,0.680034,-0.06829,0.639939,-0.282413,-0.0841016,0.691992,0.435133,-0.235629,0.806951,-1.1112,0.258547,0.706729,0.544792,0.806458,1
0.0941813,0.448646,-0.175226,-0.413207,1.21497,-0.383443,-0.460834,0.545392,-1.32705,0.00799978,-0.814655,0.127986,0.23709,0.1927,0.296938,-0.00306929,-0.711642,-0.132226,0.0925864,-0.385457,-0.564286,0.0940318,0.952658,-1.00573,-0.558533,0.313517,0.162605,0.0564392,0.279204,-0.265401,0.0942909,0.838182,0.487685,0.899817,1
0.384936,0.0669401,-0.721604,-0.240796,0.563362,-0.582772,0.299611,-0.56067,-0.451518,0.0524011,0.450489,0.223267,-0.0638475,0.0536774,0.888935,0.649868,0.175488,0.40127,0.249239,-0.0671438,-0.338264,0.395024,-0.425649,-0.357539,-0.294607,-0.733839,-0.458465,0.0823972,-0.25377,-0.400372,-0.400426,-0.3843,0.448412,0.811393,1
-0.0191175,-0.172204,0.596321,-0.697286,0.0704597,-0.156286,-0.722804,0.135419,-0.515209,0.0410707,-0.256713,0.110935,0.0758341,0.153349,0.379977,-0.609327,-0.229097,0.915629,-0.50508,0.0776815,0.119292,0.188068,-0.913038,0.9669,-0.0805208,0.160214,-0.314878,0.113086,-0.901838,-0.142261,-0.402032,0.0382556,0.528694,0.913186,1
-0.0689516,0.775784,-0.0815249,0.503904,-0.370691,0.197981,-0.25848,-0.858184,0.352854,-0.276076,-0.539399,-0.562569,-0.468081,0.0534707,0.515331,-0.176892,-0.423009,0.784174,0.0105847,-0.034207,0.296363,0.365119,0.223238,0.103417,0.150369,0.104065,0.119872,0.0651966,-0.797024,0.568135,0.228762,-0.773547,0.429943,0.880414,1
0.379368,-0.442122,-0.285089,0.108913,0.633027,-0.53794,-0.170056,0.63216,-0.602627,-0.0271748,0.673521,-0.149022,0.35298,-0.181353,-0.0413757,0.93499,-0.0133718,-0.158563,-0.122023,-0.742444,-0.133049,0.207328,-0.612972,-0.731203,-0.659127,-0.00542814,-0.293823,-0.2339,0.0810647,-0.0970098,0.551484,0.339916,0.421978,0.860957,1
0.0395494,0.547525,0.358394,-0.0467727,-0.582795,1.40218,-0.269945,0.26888,0.0381897,0.379777,-0.38509,0.287507,-0.0939306,-0.0356908,-0.00175158,-0.0203093,-0.0555703,-0.527241,0.0742552,0.403322,-0.21443,-0.436096,0.0328728,-0.324043,-0.0151613,-0.0992544,-0.710211,-0.511413,-0.667989,0.473806,0.391131,-0.900909,0.514878,0.840939,1
0.271286,-0.505068,-0.369505,-0.0597952,0.665596,0.350454,0.494872,-0.144608,0.582461,-0.232373,-0.304131,-0.345152,0.0689589,-0.938022,1.41769,-0.00489714,0.282042,-0.0431643,0.276125,0.135498,-0.292784,-0.315518,-0.0882886,-0.191305,0.146519,0.180786,0.237402,-0.40464,-0.0840899,-0.0638706,0.661578,0.455146,0.567884,0.813377,1
0.0973776,-0.578371,0.233457,-1.19998,0.604155,0.553245,0.00212599,0.218647,0.0201638,0.166718,-0.466942,0.273606,-0.793737,0.345426,0.188374,0.257075,0.0516074,0.0122434,-0.0768958,-0.201297,0.0796396,-0.915186,-0.136605,-0.46857,0.153915,-0.241939,0.249394,1.2356,0.340807,-0.917464,-0.726509,0.184937,0.553363,0.804298,1
0.00348497,0.441901,-0.0180723,0.095997,-0.0912529,0.0674059,0.718891,0.0453666,-0.194535,-0.580244,0.0203176,0.290848,-0.603227,-0.121203,0.378944,0.861735,-0.204438,-0.252782,0.246134,0.444367,0.0779938,0.417639,0.895912,1.025,0.3052,0.294025,-0.245467,-0.129129,0.17393,1.05073,0.221806,0.145483,0.505366,0.849139,1
0.0333838,-0.0483207,0.00381808,-0.0637038,-0.178517,-0.690519,-0.426228,-0.685218,0.073329,-0.0465517,0.0764216,0.982637,-0.997261,0.921466,-0.273802,0.836572,0.24597,0.136164,-0.544345,0.951416,1.2876,0.781648,-0.372459,0.0112041,-0.528896,0.905685,-0.485814,0.69014,-0.633767,0.517975,-0.364243,-0.303226,0.521737,0.873394,1
0.375749,-1.38084,0.388377,-1.00788,-0.0450807,-0.00449207,0.391189,-0.248106,-0.0129723,0.276241,0.306859,0.325374,-0.911768,0.193184,-0.448923,0.236184,-0.155369,-0.313822,-0.178434,-0.480964,0.379969,0.121808,-0.0781333,-0.0481211,-0.181026,-0.422712,-0.0534352,-0.0237628,0.187303,-0.0756008,0.63519,-0.0510586,0.452302,0.939241,1
-0.196275,0.108845,-0.146171,0.970579,-0.542578,-0.818736,0.957738,0.446421,-0.466243,-0.892912,0.732593,0.365155,0.859174,-0.342814,-0.608848,-0.41626,0.17912,0.545647,0.888072,0.729143,0.390884,0.0312618,0.144525,-0.229589,0.673066,-0.0116129,-0.701052,-0.250553,-0.636848,0.3615,0.0381223,0.0855951,0.441585,0.917663,1
-0.462994,0.321288,0.0327364,-0.294033,0.52209,-0.0373132,0.81465,0.620174,0.197053,-0.189571,-0.400996,-0.287591,-0.706397,0.085324,-0.116775,0.23454,-0.701503,0.14474,0.222076,0.935204,0.223997,0.0940563,0.649813,0.225858,-0.115951,0.612681,1.26204,0.493047,-0.227497,-0.289704,-0.16052,0.548473,0.527729,0.946889,1
0.760358,0.532953,-0.633013,-0.71924,0.354758,-0.424622,0.242519,0.433268,0.458383,-0.322974,-1.0766,0.0814505,0.128901,0.612798,0.0572141,-0.0398143,-0.402892,0.563443,-0.241466,0.111958,-0.0603903,-0.565002,0.479505,-0.0807172,-0.485664,-0.483564,0.562197,-0.602437,0.140774,0.889036,-0.624827,-0.216621,0.456063,0.901463,1
-0.443928,0.322905,0.0785403,0.0870419,-0.0363583,0.117907,0.256603,0.221495,-0.294327,1.39883,-0.0568228,-0.158997,0.497143,-0.0416979,0.298775,-0.0314541,0.0506282,-0.288069,0.641206,-0.561424,0.0813656,0.118916,0.0290746,0.00718298,-0.382219,0.115033,0.25987,0.54098,0.637071,-0.524324,0.304492,1.10987,0.533542,0.864404,1
0.798603,0.263262,-0.132714,-0.326809,-0.609031,-0.493811,0.0484931,0.747272,-0.06588,-0.547025,0.559594,0.478225,0.481421,0.798635,-0.180691,0.48776,-0.267464,-0.738394,0.297976,-0.330819,-1.09335,0.55694,0.821766,0.560758,-0.0490748,0.0989348,-0.423363,0.170649,0.383286,-0.0926992,-0.200358,-0.843758,0.467746,0.823081,1
0.8086,0.073451,-0.0944244,-0.0898915,-0.298164,0.727354,0.218923,-0.0670925,-0.0511235,-0.477257,0.264725,0.318076,0.29166,0.0145528,0.065756,-0.377499,0.521766,-0.0188916,0.101033,0.229931,-0.0857081,-0.845531,-1.07404,-0.368875,-0.629499,0.420047,-0.240601,-0.397189,-0.0482278,-0.409498,0.0651729,1.49401,0.558723,0.770033,1
0.137283,0.806257,0.318946,-0.876883,0.0772804,-0.0358004,0.0333317,0.769642,-1.19593,0.286693,-0.139296,-0.111834,-0.244154,0.758064,0.265368,0.867005,-0.431112,-0.553389,-0.361796,0.437889,-0.61475,0.849293,-0.576478,-0.847146,0.698724,0.153489,-0.499055,-1.20063,-0.419431,-0.0327413,-0.195734,0.220811,0.578731,0.778648,1
0.261379,-0.124233,0.0401356,-0.339624,0.489502,0.810793,0.355542,-0.0602543,-0.937738,0.347364,0.468978,0.198047,-0.0368749,0.537157,0.00941093,-0.0855015,-0.577573,0.101406,0.276626,-0.0402216,-0.2585,-0.0250393,1.01282,0.112024,0.381875,0.15534,-0.184471,-0.17043,-0.145041,-0.743432,-0.657746,-0.170847,0.461,0.796909,1
-0.372271,0.310097,-0.0420281,-0.534777,0.0628635,0.376315,-0.671574,-0.82528,-0.0749975,0.0610095,0.00603566,-0.0126328,-0.532721,-0.495401,-0.830198,-0.887135,0.276343,1.2814,-0.361195,0.199653,-0.114442,0.193194,0.0679871,-0.262753,0.0045086,1.03659,0.0376002,-0.437541,-0.122312,0.131804,-0.113113,0.360039,0.513464,0.767224,1
-0.756058,-0.78707,-0.641154,-0.742762,0.344366,0.947033,0.0873981,-0.667013,0.397678,-0.525008,-0.106895,-0.656416,0.30845,-0.0145622,0.538498,-0.0699844,-0.167824,0.318799,-0.603285,-0.49535,-0.547305,0.0650737,0.0671303,-0.134862,-0.485139,-0.44865,-0.652602,-0.0756954,0.375463,-0.263651,-0.0932607,0.248127,0.530896,0.947239,1
-0.152394,0.21482,0.280288,0.446016,0.229535,-0.249929,-0.0851687,-0.416128,-0.146304,-0.507522,0.574121,-0.684038,-0.187497,-0.673245,0.341488,0.141753,0.253747,-0.0832184,-0.0312852,0.870616,-1.25072,0.22853,0.185766,-0.198485,-0.793976,1.08004,0.183864,-0.179631,0.0881017,0.363781,-0.25741,-0.0458566,0.549136,0.824003,1
0.303081,0.338527,0.140911,0.225928,0.29051,7.95,0.150177,0.111759,0.273553,0.386977,0.203184,0.157071,0.265083,0.155301,0.129062,0.184019,0.107501,0.298379,0.182224,0.275284,0.320324,0.12682,0.241572,0.207526,0.384295,0.305133,0.26955,0.133815,0.104426,0.309303,0.125189,0.166081,0.52,0.82,1
-0.516989,-0.205096,0.750782,0.105876,0.501971,0.28739,0.134046,-0.0902735,0.201885,-0.441354,0.392706,0.0919003,-0.969643,-0.274735,-1.02792,-0.102832,0.0267604,-0.118632,0.595294,0.261934,0.240949,-0.254911,0.5412,-0.548113,-0.00721478,0.402476,-1.12568,0.658005,0.752404,-0.638635,0.499342,0.420798,0.57639,0.92079,1
-0.692448,-0.0028766,-0.261358,0.724873,-1.39787,-0.687266,-0.249285,0.457773,-0.18156,-0.112138,-0.760142,-0.661188,-0.111423,-0.0604589,-0.515604,0.931968,0.332157,-0.407198,-1.24979,0.218224,0.124337,-0.44729,0.431681,0.290966,-0.714885,-0.295869,0.0500942,-0.172515,0.978648,-0.158051,-0.0671294,-0.312195,0.526277,0.76493,1
-0.36274,0.0806751,-0.0726601,-0.38527,0.664288,-0.20433,-0.805552,-0.158952,0.701371,0.0799696,-0.182907,0.103862,0.156497,-0.355909,0.685407,-0.756948,0.187354,-0.268639,-0.53884,-0.696237,-0.51107,0.125846,1.17343,0.177645,0.290783,0.142144,-0.437247,0.659248,-0.036909,-0.932112,0.288375,-0.52311,0.448215,0.783772,1
0.620383,-0.134036,0.367206,0.101738,0.14788,-0.391338,-0.0810719,-0.0975065,-1.48164,0.655366,0.23266,0.49183,-0.235152,-0.279323,0.767881,0.369894,0.615425,0.20191,0.619895,-0.144346,0.709633,0.590073,-0.0584736,0.137248,1.01851,-0.884281,0.13129,-0.53572,0.265712,-0.107579,0.573203,0.101999,0.508038,0.868789,1
-0.274388,-0.67866,-1.13395,-0.493397,-0.608135,-1.01813,-0.128006,0.313282,0.0243007,-0.65389,0.499594,-1.12256,-0.0776731,1.10759,-0.19128,0.421389,-0.273318,-0.069171,-0.804525,0.37284,-0.642654,0.0662867,0.37916,-0.284899,0.176952,-0.263524,0.721102,-0.0336525,0.833906,0.119049,1.22331,0.418948,0.556597,0.765857,1
-0.953663,0.0624791,-0.267516,-0.191056,-1.25195,-0.349606,-0.90074,0.255092,0.478921,0.867306,-0.17358,-0.195862,-0.127419,1.39196,-0.686157,-0.39538,-0.567569,-0.473827,-0.606863,0.662638,-0.800079,0.246459,-1.29569,-0.454683,-0.228884,0.497863,-0.0421167,-1.00766,0.342143,-0.942779,-0.397302,0.187793,0.546477,0.888191,1
0.0232343,0.535283,-0.19992,0.195248,0.206965,-0.336059,1.34488,0.551679,0.435093,-0.0726357,-0.487818,0.491363,-0.825066,-0.351221,-0.935349,-0.455223,-0.749894,-0.205668,0.0393663,-0.309863,-0.868456,0.414538,0.428225,-0.153471,0.467989,-0.269157,-0.140938,-0.0775482,0.211419,0.585524,-0.419524,-0.390391,0.468378,0.806526,1
-0.267445,-0.125361,0.207423,0.236619,0.343111,-0.420149,0.030284,-0.097895,0.202347,-0.194752,-0.606617,0.690146,-0.462732,0.14205,0.162717,-0.216011,-0.676215,0.527076,-0.465967,-0.149426,0.996899,0.872888,0.385061,-1.0557,-0.200653,0.81859,0.264398,-0.0799892,-0.382428,-0.079347,-0.0158543,0.0425017,0.576962,0.796328,1
-0.506219,-0.728872,0.0641192,-0.819042,0.250069,-0.298983,0.291398,-0.0067653,-0.299528,-0.0682083,-0.222101,-0.182057,-0.608389,-0.148979,0.073721,0.427441,1.02116,0.141653,0.372437,0.923504,0.121236,0.192923,0.181123,0.176608,-0.430848,0.605821,0.16194,-0.361946,-0.0524494,-0.386398,0.511894,-0.61006,0.550893,0.821576,1
-0.301939,-1.17289,-0.194412,-0.0569558,0.388069,-0.808736,-0.0371116,-0.45825,0.404781,0.0689418,-0.0356533,-0.0867737,-0.316478,0.232572,0.344894,0.987586,0.200356,-0.573198,-0.627393,0.24842,-1.09481,0.576663,0.0556398,0.060765,0.509993,0.233157,1.6629,-0.388478,-1.08469,0.0690784,0.165542,-0.00192016,0.535151,0.880232,1
0.0461558,0.0177651,-0.58078,0.321476,-0.214302,0.00757305,0.552382,0.0367037,0.459837,-0.626195,0.306947,-0.266216,0.12091,0.1167,0.88673,-1.11906,-0.669482,0.240746,0.00344303,0.00889315,-0.662453,0.18512,-0.318416,-0.0931881,0.635541,0.280648,-0.189151,-0.0256877,0.0889967,0.721015,-0.45197,-0.2355,0.52618,0.89232,1
-0.480524,-0.0300277,-0.559638,-0.298162,0.578927,0.282059,-0.248748,0.409838,-0.400157,-0.75695,-0.460644,-0.928332,-0.404028,-0.616087,-0.184385,0.619399,0.644109,-0.597218,-0.089018,0.0709488,-0.193863,0.186938,0.44255,1.09125,0.803474,0.225845,-0.395024,1.09053,-0.645043,0.225641,0.436089,0.253975,0.567024,0.937108,1
0.0473952,-0.209302,-0.588558,0.471875,0.934834,1.13497,-0.154305,-0.333932,-0.572467,-0.239112,-0.0226978,2.11847,0.545234,-1.13167,0.25048,-0.13256,0.958343,-0.434368,-0.00288034,-0.252498,-0.313133,0.835244,-0.0131304,-0.377952,-0.498225,-1.35658,0.0316787,-0.0825663,-0.0924607,-0.139102,0.429121,-0.354529,0.575946,0.78747,1
0.0827305,-0.833161,-0.15537,-0.341997,-0.337344,0.204593,0.945201,-0.719393,-0.348707,0.539707,0.499197,0.0496867,-0.244757,-0.807425,-0.0430586,-0.271339,-0.379512,-0.0479946,0.787728,-0.567021,0.156871,-0.263463,-0.672627,0.119807,-0.368729,0.214044,0.20611,0.764316,0.603756,0.568759,0.667075,-0.156322,0.575469,0.79697,1
-0.342287,-0.103754,-0.151958,-0.588742,-0.641231,0.468677,-0.632848,-0.176008,-0.749,0.322779,-0.579324,-0.469908,0.593378,-0.894699,-0.430484,-0.171248,0.328871,-0.653181,-0.265286,0.00104049,0.980147,-0.33029,-0.107789,-0.221326,-0.0388521,-0.547186,-0.391611,0.840072,-0.594387,-0.193621,-0.361828,-0.877747,0.527478,0.766217,1
-0.587543,0.120122,-0.0118417,-0.58653,0.353727,0.148594,0.769696,0.292363,0.517339,0.20535,0.954745,-0.301335,0.520255,0.757896,0.0122324,0.455542,-0.0015223,-0.775204,0.50547,0.659905,0.445899,0.113818,0.434374,-0.745772,-0.29741,-0.505201,-0.0811354,-0.138679,0.0337822,0.834146,-0.5905,-0.102612,0.56052,0.922825,1
-0.180548,0.508475,-0.619662,-0.290602,0.0703642,0.0993808,0.896297,-0.101808,-0.699896,-0.259388,-0.278368,0.113012,0.0559577,0.292061,0.210292,-1.01195,0.417314,0.180665,-0.198718,-0.0510784,-0.181081,-0.307517,-0.640422,0.264961,0.119805,-0.553193,-0.166434,-0.712113,0.580209,0.625347,0.203171,-0.414281,0.499766,0.819819,1
0.508568,-0.178239,0.530047,-0.177381,0.436349,-0.226677,-0.818199,0.126937,-0.386075,0.776561,-0.306298,0.881555,-0.115382,0.00968913,0.302724,0.26997,0.328653,0.844194,-0.388728,-0.0989573,-0.0801426,0.0481925,0.201897,0.00264487,-0.488075,-0.110619,-0.860693,0.830877,-0.48098,-0.387667,-0.969589,0.521361,0.437155,0.88421,1
-0.183413,-0.139617,0.247083,-0.14436,-0.352258,0.44076,0.565493,-0.221673,-0.612288,-0.266688,0.233739,-0.231171,-0.616311,-0.18011,1.21114,-0.204053,-0.354735,-0.955831,0.0731619,1.47267,-0.111216,0.56041,0.382621,0.26988,-0.232115,0.290074,0.667518,-0.439147,-0.327581,-0.81813,0.888756,0.157697,0.447575,0.849859,1
0.368811,-0.333871,-0.70179,1.10564,-0.297878,-0.0596922,0.0297101,0.193794,0.49894,0.478381,-0.277317,-0.747386,-0.138358,0.95153,-0.236435,-0.395236,-0.914605,0.0291017,-0.250784,0.424239,0.39324,0.157765,0.433005,-0.257139,-0.447997,-0.287746,0.572979,-0.857811,0.948566,0.878859,-0.135776,0.537541,0.42903,0.876867,1
-0.0759417,-0.484633,-0.281859,-0.829791,-0.354642,-0.806669,-1.26334,0.0341159,0.299884,-0.0852465,1.26424,0.351527,0.292968,0.0823538,-0.362582,0.179914,0.2769,-0.0294201,0.12636,0.463057,-0.544126,-1.39924,-0.296256,0.461568,-0.190389,0.386592,-0.159677,-0.032656,0.507917,-0.403853,-0.35301,0.127327,0.522099,0.793746,1
0.211323,0.582521,-0.848208,-0.467412,0.0396172,-0.0470372,-0.313688,-0.179943,-0.069659,0.794779,0.0530574,0.320234,1.25072,-0.763761,-0.360549,-0.0153235,0.117383,0.0540564,0.199688,0.154281,0.11957,0.113569,0.179338,0.063786,0.464388,-0.855085,-0.0103419,-0.102315,-0.489517,-0.997287,0.202039,0.202624,0.466311,0.931631,1
-0.162491,-0.70042,-0.264644,-0.0854744,-0.72218,-0.333399,0.190448,0.0937287,0.332577,0.208266,-0.099295,0.780608,0.543143,0.649604,0.130166,0.669008,0.0409558,0.356366,-0.108592,0.237767,0.560344,-0.313904,0.365222,-0.111508,0.153786,0.381854,0.553187,0.102238,0.127819,-0.253846,0.47173,0.680783,0.488182,0.820321,1
0.301104,-0.336687,-0.18046,-0.0579343,0.160398,0.308033,-0.574691,0.140865,0.2953,-0.834427,-0.471586,0.119115,0.802411,0.254908,-0.901482,0.349316,-0.792131,0.360025,0.727565,0.133089,0.368025,-0.356808,0.167642,0.640148,-0.927571,0.206198,-0.258562,-0.872753,0.457871,1.45226,-0.617385,-0.916052,0.477687,0.782488,1
0.228047,0.348754,0.272681,0.307867,0.267439,7.95,0.312029,0.208504,0.257597,0.277435,0.315372,0.393695,0.20429,0.269554,0.296748,0.190981,0.151623,0.379572,0.369417,0.238049,0.257897,0.19964,0.105571,0.278322,0.245037,0.287107,0.249959,0.371176,0.389101,0.318926,0.165073,0.260284,0.52,0.82,1
-0.226921,0.616748,0.306008,0.567453,0.374157,-0.0456504,-0.346578,0.171281,0.424496,0.679489,0.083528,1.11461,0.636076,-0.205911,0.109397,0.147211,0.380717,-0.584881,0.380301,0.352723,-0.435274,0.613176,-0.868315,0.838238,-0.0881613,0.0632928,0.508242,-0.814875,-0.121061,0.634172,0.41875,-0.437389,0.542743,0.9435,1
-0.759419,-0.954189,0.639081,0.078002,0.191829,-0.240241,-0.0695579,0.940306,0.899028,-1.04119,0.563754,0.540951,-0.232856,-0.268633,1.06395,-0.0348417,0.578438,-0.205512,-0.0158487,0.555991,-0.102646,0.0589217,0.916725,-0.534018,-0.478648,0.16727,-1.37286,0.543583,-0.7894,-1.17134,0.341507,-1.08965,0.569573,0.87788,1
0.782058,0.293706,-0.706435,0.133503,0.664583,0.323455,1.1292,-0.146311,0.0940191,-0.604541,-0.554762,0.119427,-0.30551,0.145552,0.137436,0.169074,0.0185705,-0.713104,-0.639876,0.951231,-1.56665,-0.384376,0.418092,0.320392,0.359576,-0.0555759,-0.352244,-0.627436,0.530726,0.029862,0.158907,-1.14087,0.423978,0.80587,1
-0.51297,-0.972187,-0.163228,-0.522378,-0.089665,0.0513141,-0.18228,-0.0493649,-0.0096725,-0.541681,0.363955,0.794931,-0.568125,0.147466,0.242603,0.142025,0.418208,0.337306,0.531226,-0.0704065,-0.450273,-0.0419606,-0.407862,-0.175089,-0.627687,-0.461537,-0.85269,0.435346,-0.027087,-0.112364,-0.483188,-0.20661,0.460792,0.818177,1
-0.136875,0.162383,-0.194893,0.0522295,0.260533,0.155212,0.317234,-0.285336,0.450365,-0.32862,0.809446,-0.410773,0.812558,-0.0453514,-0.15026,0.0866551,-0.727502,0.715076,-0.157967,-0.153143,0.63518,-1.57845,-0.41522,-0.504214,-0.228017,0.669197,0.390227,0.153914,-0.73748,-0.103374,-0.620319,-0.0136034,0.576892,0.774155,1
-0.143368,0.127258,-0.111892,-0.186997,-0.885725,0.873463,0.8472,-0.150881,-0.456998,-0.316074,-0.308217,-0.180062,0.155451,0.476072,0.254059,-0.313953,0.679964,0.0254585,0.381786,-0.0597411,0.327435,-0.236442,-0.31032,-0.996116,0.234642,-0.19861,0.434229,1.10611,0.243506,0.191787,0.128103,-0.373511,0.52676,0.813773,1
-0.398944,0.0978443,-0.0498402,-0.224144,-0.0299812,0.496016,0.260747,-0.561438,0.214311,0.203121,-0.649364,0.250397,-0.100909,0.105209,-0.388967,-0.787454,0.0671507,0.71228,-0.153773,0.484588,-0.181503,0.0463367,0.137036,-0.266089,-0.464119,0.267497,0.5407,0.278565,-0.372708,0.630178,0.81382,-0.520937,0.482196,0.906185,1
0.266866,0.0870751,0.277537,-0.0423427,-0.273937,0.197577,-0.278721,0.27729,-0.224218,-0.932021,0.198122,-0.296903,-1.29843,-0.476025,0.373517,-0.00410462,0.210532,-0.750256,1.02839,0.639587,-0.630724,0.532587,0.244937,0.608706,0.0639056,0.339703,-0.321511,-0.0407107,-0.107309,0.540482,-0.606548,-0.317056,0.465085,0.923852,1
-0.00897178,-0.790694,-0.540805,0.336836,-0.340532,0.017949,-0.257568,0.908721,0.207018,-0.46791,-0.392679,0.519308,-0.00832439,-0.730002,0.132972,-0.336628,-0.405665,0.480711,-0.330575,0.651806,-0.68577,-0.370934,0.432962,-0.686485,-0.951781,0.638126,0.00250866,0.382031,0.0916058,-0.107999,0.134255,-0.568531,0.455989,0.87482,1
0.229665,-0.654007,0.672921,-0.529833,-0.493929,-0.486379,-0.00713859,0.035704,-0.22245,0.00525385,0.314852,-0.43696,-0.633784,-0.0786139,0.911582,-0.564919,-0.715996,-0.0870801,0.605927,-0.75751,1.30218,-0.267808,0.12312,-0.180924,0.105505,0.0189711,-0.872528,0.229567,-0.411086,0.0197354,-0.357059,0.210557,0.509231,0.811383,1
-0.51208,0.24621,0.552911,0.302518,0.343383,-0.0686079,-0.49087,-0.169014,-0.325128,0.00021478,0.0378729,-0.751318,0.266867,-0.819277,0.252867,-0.379606,-0.479856,-0.203941,0.52175,0.845648,0.612492,-0.42372,-0.846499,-0.600614,-0.219447,0.304328,-0.169753,0.294502,-0.0264423,0.371303,-0.70275,-0.0727014,0.512248,0.852433,1
-0.489969,-0.51515,-0.306818,0.305301,-0.102922,0.192851,0.392428,-0.125662,0.0446275,0.0907547,0.308166,0.82691,-0.666664,0.175512,-0.129223,-0.889951,-0.259228,0.0103007,-0.318304,-0.157797,0.269688,0.343444,0.671828,0.0370751,-0.460743,0.055519,0.295333,0.311394,0.546436,-0.188335,-0.503346,-1.11692,0.563358,0.90891,1
-0.00943271,0.223118,-0.438044,0.284816,0.787906,0.67618,-0.0487466,-0.465831,0.465214,-1.36998,-0.490094,-0.649069,0.256601,-0.481673,-0.256777,0.531912,1.12744,0.186456,0.50806,0.495656,1.40564,0.688777,0.243358,0.653729,1.33326,0.469589,0.223953,0.487615,0.429626,0.660838,0.486342,0.958153,0.499555,0.812826,1
-0.196162,-0.152602,-0.172381,-0.773398,0.28938,-1.48522,-0.930775,-0.40485,-0.419369,0.149855,-0.55939,-0.443838,0.555352,-0.429756,-0.532474,-0.492719,-0.365716,0.325536,0.148248,-0.829141,-0.737386,0.00663807,0.165949,0.124363,-0.779185,-0.631415,-0.104474,-0.304452,-0.0393235,0.619449,1.25453,0.795909,0.474341,0.792791,1
-0.43209,-0.360623,-0.0404154,-0.0312514,0.188268,0.675806,0.12238,-0.0571477,0.622468,0.252772,0.129231,0.627901,0.632985,0.234001,-0.875809,0.278746,0.644903,0.0650116,-0.119841,-0.814117,-0.642413,-0.326681,0.448547,0.196177,-0.162198,0.302862,-0.829683,0.151923,-0.211584,-0.242452,0.636167,-0.93782,0.539422,0.790687,1
-0.354604,-0.620314,-0.28361,0.186599,0.366032,0.0135155,0.80831,0.261774,-0.756951,-0.401869,0.615971,-0.371382,-0.420955,0.597751,-0.0235963,-0.00614094,-0.539301,0.443925,0.265436,-0.149252,0.297309,0.26473,-0.480688,0.305148,0.523108,-0.154817,0.14745,-0.0668667,-0.727749,0.952639,-0.827874,-1.05587,0.476818,0.931627,1
-0.0544316,0.194189,-0.479384,1.03088,-0.109469,-0.967235,-0.374587,-1.38758,-0.287918,0.31806,-0.256461,-0.515673,-0.123484,-0.437252,0.00422069,0.236268,-0.541544,-0.132454,0.47719,-0.283333,-0.468513,-1.43704,-0.87127,-0.780556,-0.386784,-0.759537,0.197072,0.656541,0.220457,-0.194597,0.753843,-0.137446,0.572398,0.804963,1
-0.355805,0.476727,0.361622,-0.201477,-0.337728,0.262217,0.980554,0.0421505,0.92236,-0.426544,-0.0042149,-0.397812,0.678878,-0.101252,-0.727591,-0.106373,-0.196805,0.208055,-0.814811,0.206426,-0.0440023,-0.774444,-0.195566,-0.123244,0.274731,-0.944926,0.708415,-0.395989,0.426016,0.0750443,0.0833568,-0.444494,0.570762,0.865129,1
0.303881,-0.535856,0.203316,0.42273,0.21536,-0.173386,1.07945,0.338939,-0.187933,-0.301518,-0.439525,-1.06372,-0.418158,-0.0343065,-0.0788268,0.149823,1.05958,0.664385,-0.0312545,0.201335,0.315106,-0.377492,0.781461,-0.334289,0.353609,-0.0463742,-0.0275286,-0.737934,-0.127334,-0.619463,-0.0451719,0.157054,0.500273,0.915411,1
0.967287,-0.0597096,0.303135,-0.263155,0.588699,-0.119362,-0.876311,-0.770715,-0.119094,-0.122257,-0.0799762,0.5907,-0.343145,0.133343,0.0894099,-0.074801,0.423647,-0.480225,-0.254726,-0.907543,0.135387,-0.386705,0.095609,0.228872,-0.0103219,-0.581769,-0.669909,0.756344,0.578247,-0.558283,-0.389824,-0.260162,0.556959,0.775185,1
1.11084,0.107064,-0.109608,-0.172929,0.498,-0.26537,-0.177013,0.11122,0.43564,0.194755,0.118879,-0.761303,0.353124,-0.874712,0.553357,0.0996653,-0.444553,0.211874,0.42647,-0.319326,-0.00346003,-0.483868,0.157962,0.260352,0.395058,0.110065,-0.0528937,0.0245291,1.13388,-0.201676,0.294126,0.277223,0.557078,0.766102,1
-0.302583,-0.277566,-0.981466,0.731118,-0.202221,-0.135411,-1.2445,0.0406001,-0.0581417,0.551326,-0.728128,-0.669396,0.198804,0.227213,0.424186,-0.439859,0.714899,-0.0588207,-0.27239,-1.22455,-0.0515709,-0.53797,0.0906226,0.177351,-0.0524551,-0.218594,-0.0275294,-0.809752,0.370056,1.04083,0.629222,-0.392298,0.435237,0.827495,1
0.579841,-0.177834,-0.028364,-0.335077,0.863193,-1.09906,-0.889011,-0.0272666,0.151454,-0.526368,0.109915,0.746878,0.09127,-0.81588,0.0830218,-0.181524,-0.191185,-0.01631,0.341587,-0.452024,-0.689898,0.495763,-1.06833,-0.460015,0.101283,-1.12166,-0.485656,0.328404,0.562306,-0.766301,0.194291,0.18536,0.467027,0.842235,1
0.516854,0.384239,-0.331949,-0.157937,0.850373,-0.531903,0.189693,-0.445487,-0.0575936,-0.124056,-1.13652,0.296451,0.141207,0.883633,0.0872583,1.05077,-0.451241,-0.271118,0.338342,0.164983,0.152076,-0.490951,-0.236801,0.16301,-0.560346,-0.362503,0.402226,0.685194,1.43869,0.199111,-0.205406,0.750241,0.421862,0.869592,1
-0.487213,0.396322,0.795829,-0.905836,0.18225,-0.192359,1.56222,0.0143883,0.116534,0.221077,0.0130289,-0.450847,0.198938,-0.272068,-0.057693,-0.332201,-1.24335,-0.225509,-1.00376,-0.0862459,-0.383988,-0.647244,0.625299,0.076537,-0.771754,-0.126194,0.439376,-0.118441,0.673724,0.172246,-0.219238,-0.852271,0.494446,0.844235,1
0.854526,-0.294893,-0.742279,-0.813117,-0.094901,-0.549236,-0.34146,-0.632395,-0.392801,0.497637,-0.557061,0.50513,0.214406,-0.855665,0.229211,0.296492,0.655407,0.142012,-0.648519,-0.223748,-1.07432,-0.220175,0.0287694,0.250118,0.223269,0.25213,0.693295,0.0872015,0.185597,-0.322085,0.255445,0.839371,0.517082,0.776248,1
0.194347,0.520982,0.158631,0.21317,0.879536,-0.521329,0.312476,-0.143418,-0.282779,-0.111687,0.185548,0.157399,1.09847,0.463538,0.0214119,0.337922,0.421053,-0.0923126,-0.342979,-0.451882,0.0347443,0.416385,0.0783227,0.625694,-0.0132378,-0.612401,0.416547,0.49353,-0.0495598,-1.34654,0.258423,-0.262734,0.535609,0.80233,1
-0.213318,0.083914,-0.619677,-0.235941,-0.262245,-0.93405,-0.360168,-0.0218528,-0.245093,-0.204514,-0.514333,0.361661,0.217532,0.754855,-1.03381,-0.560974,-0.247449,0.274907,-0.453673,-0.593969,-0.253686,-0.352853,-0.322156,0.6956,-1.10678,-0.605837,-0.0753856,0.305916,0.369639,0.110998,-0.292193,0.0831863,0.43332,0.787438,1
-0.927412,1.07641,0.180331,-0.666799,0.0567908,-1.37381,0.428266,-0.132706,0.504067,0.754631,-0.600648,0.63578,-0.984923,-0.0410557,0.517448,0.242362,-0.0445433,0.00489828,-0.0620499,0.129503,0.110071,-0.938731,-0.566546,-1.19648,0.0193474,-0.134113,0.31207,0.117633,0.310517,0.123698,0.797892,0.265628,0.421275,0.89825,1
0.207927,-0.241128,-0.0482711,0.763672,-0.269283,0.236113,-0.706997,0.29652,-0.944078,0.680364,-0.653333,-0.252841,-0.575391,-0.168027,0.224323,0.353591,0.695948,0.115145,-0.0197747,-0.730176,-0.140322,-0.0188035,0.312657,0.590398,0.344941,-0.0300717,0.219763,0.0372948,0.132964,-0.128054,-0.301548,-0.252504,0.442429,0.799811,1
0.435194,-0.364894,0.469126,-0.116553,0.395349,0.434966,1.41887,0.315709,-0.326936,-0.53258,-0.0327628,1.11528,-0.292423,1.0546,0.698512,-0.378959,-0.330152,-0.276344,-0.56462,-0.934088,0.323027,-0.327457,0.294835,0.0238524,-0.132893,-0.40804,0.158476,-0.231794,-0.204119,0.222894,-0.267796,-0.553642,0.465328,0.876554,1
-0.290075,0.133024,0.495773,-0.324733,0.138293,-0.819635,0.436682,-0.0779308,-0.165674,0.544154,0.0106332,0.0743874,-0.444982,0.733355,0.298997,0.809018,-0.168579,-0.494217,0.536911,0.0318798,0.103892,-0.857976,0.426007,-0.738308,0.0115624,-0.0635227,-0.385929,0.0411836,0.0456993,-0.273044,-0.420412,0.202317,0.567795,0.860719,1
-0.00306404,-0.314517,0.0692523,-0.805554,-0.386568,-0.631404,-0.11287,-0.37187,0.216324,-0.0872443,0.444269,0.0221802,0.503115,0.951823,0.164084,-0.316864,-0.332105,0.107398,0.598072,-0.320877,-0.410155,-0.54657,0.617198,0.0290858,-0.163417,0.528694,0.701731,-0.415099,-0.716695,0.493542,-0.765591,-0.613176,0.517523,0.864495,1
0.0154179,-0.0693059,-0.332669,-0.486928,-0.0432383,0.280425,-0.596021,0.538313,0.75957,-0.990123,-0.884878,0.0522954,0.226881,0.657206,-0.167734,0.126081,-0.1152,0.722934,-0.161278,-0.725248,0.0584507,-0.181072,-0.059485,0.105852,-0.213495,0.340507,-0.14534,-1.32268,-0.66291,0.527704,-0.287632,0.215357,0.476819,0.806095,1
0.110811,0.217491,0.825566,-0.0343722,0.68101,1.20337,-0.115126,0.490005,-0.401683,-0.042718,-0.00163651,0.6862,-0.339554,0.352812,-0.842589,0.0704052,-0.328273,0.271312,0.151738,0.058783,0.368431,0.427129,0.109959,0.186473,0.167948,-0.672464,-0.508989,0.0296964,0.480395,-0.179224,-0.430924,0.0781351,0.530208,0.869849,1
-0.651324,-0.0062231,-0.0140681,-0.0693499,-0.0784778,0.0613443,1.41628,0.581671,0.116418,0.270713,0.28532,0.561285,-0.298972,-0.269635,0.713999,-0.170104,0.0354461,-0.0858815,0.157112,0.405142,-0.795223,-0.167878,-0.657322,-0.175402,-0.94453,0.992428,-0.0836821,-0.327261,0.345414,-0.891472,0.162879,0.269135,0.518796,0.921035,1
0.838661,0.504291,-0.495718,-0.358996,-0.165435,-0.0804207,0.216676,-1.10798,0.795539,0.0455452,0.131544,1.11457,0.585405,0.418542,-0.113882,0.0363171,0.674886,-0.943435,-0.515648,0.0295299,-0.635935,0.173225,-0.152332,0.287181,0.512066,0.149559,0.142856,-0.0750054,0.0450533,0.603652,0.0394499,0.0634111,0.522496,0.83652,1
-0.672804,0.90235,0.791258,-0.410085,-0.417855,-0.323654,0.124433,0.50373,-0.604901,-0.634217,-0.716095,0.585618,0.270893,0.267198,0.308353,-0.860346,0.0976009,-0.957861,-0.394986,-0.574733,0.145137,0.145712,-0.178496,0.777632,0.712786,-1.28453,0.690676,0.148343,-0.036332,0.337467,0.506568,0.0794887,0.560167,0.861642,1
0.0727412,-0.170959,-0.196142,-0.305898,-0.198688,-0.0886556,0.654059,-0.00211343,-0.381926,0.655318,0.529431,0.429404,-0.198625,-0.778036,0.0912317,-0.763176,0.908274,-0.918221,-0.156087,-0.163634,1.11497,0.203405,-0.0157593,0.0729474,0.334042,0.566962,-0.17373,-0.0460181,-0.646269,0.379333,-0.274486,-0.399523,0.44828,0.904477,1
0.37584,0.151079,0.263842,0.199117,0.290172,7.95,0.166533,0.367276,0.126707,0.183996,0.196327,0.351022,0.337579,0.191925,0.220755,0.271591,0.220774,0.112312,0.181395,0.356249,0.245201,0.195111,0.3425,0.399081,0.199407,0.378463,0.100249,0.271812,0.277349,0.381758,0.273223,0.33547,0.52,0.82,1
-0.00187993,-1.33114,-0.230087,0.427793,-0.532466,0.0045082,-0.208304,-0.398401,-0.38702,0.575072,0.426206,0.0815849,-0.436895,0.193786,0.214821,0.482018,0.0411281,1.03329,0.27604,0.385491,0.175278,-0.209767,-0.205235,0.287349,-0.275248,0.39965,0.419991,-0.3812,0.396645,0.524417,-0.381702,-0.0105725,0.502774,0.889675,1
0.373,0.312638,0.0411902,-0.571434,0.132991,0.523912,-0.498367,-0.470045,-0.72103,-1.16426,-0.459594,-0.310734,-0.143757,0.455799,0.239983,-0.633475,0.116123,-0.0671062,0.281236,-0.43813,-0.197359,-0.319021,0.617308,0.0956541,0.0160777,-0.468048,0.022819,-0.641591,0.135202,-0.222327,0.282034,-0.338639,0.491369,0.85395,1
-1.10255,-0.311125,1.14515,-0.0734241,0.527819,-0.492392,0.751691,-0.28972,0.211948,-0.0349619,0.821351,0.433271,0.418362,-0.0923742,0.353257,-0.271146,0.595159,0.503406,-0.321376,-0.163196,-0.428838,-0.0185841,-0.370161,-0.0800375,-0.4762,-0.457133,0.229575,-0.0928547,-0.218005,-0.585844,-0.248755,0.3139,0.462521,0.796588,1
-0.108051,0.237618,-0.0670414,-0.873293,0.00472303,-0.825737,-0.0726457,-0.902696,-0.896429,-0.457308,-0.781741,-0.494639,0.345515,-0.138101,-0.842219,0.979458,0.176068,0.18897,-0.022116,0.803352,0.0243466,-0.195945,0.00490643,0.544827,0.318823,0.264683,-0.286573,-0.169414,0.275724,-0.482782,0.881054,0.352293,0.534171,0.817807,1
0.991469,-0.184023,0.389431,-1.03206,0.506475,0.0108859,-0.0120406,-0.123848,0.230069,0.967379,0.104258,-0.621472,0.441572,-0.773867,0.0367956,-0.294349,0.414047,0.876328,-0.227306,0.188227,0.423583,0.384068,-0.752428,0.306843,-0.551739,-0.177572,0.171568,-0.0690065,-0.0907217,0.128719,0.427811,0.693079,0.463637,0.788571,1
-0.451817,-0.873573,0.275329,0.026808,-0.553595,0.0735276,0.418549,-0.265051,-1.14424,-0.0682371,0.800595,0.122215,0.522951,-0.981894,-1.29695,0.237392,-0.410226,-0.795414,0.202384,-0.0449527,0.360461,0.310531,-0.153393,-0.377581,-0.474133,0.846487,0.523804,-0.84537,0.439235,0.805772,0.375971,-0.450982,0.552711,0.931742,1
0.426606,0.493597,0.307522,0.640862,-0.0866047,-0.42353,0.234019,0.110515,-0.615259,-0.553425,-0.600844,0.565013,0.616487,0.469879,0.812844,-0.796998,-0.847474,0.342218,-0.0965535,0.477419,-0.230517,1.10863,0.321648,0.112968,-0.279299,-0.85932,0.123321,-0.46996,0.737121,0.285122,0.160584,0.127137,0.488019,0.877021,1
-0.409249,-0.259619,0.438772,-0.60552,0.350831,-0.00591121,-0.915197,-0.0152194,0.986901,-0.471383,-0.575664,-0.499297,-0.421215,0.215822,0.488975,-0.485012,-0.473585,-0.249178,0.205456,-0.11798,0.669337,-0.563346,0.0633014,0.5998,0.0331528,-0.30988,0.905402,-0.471821,-0.142766,-0.561239,-0.140216,-0.292123,0.532893,0.901903,1
0.661746,0.367206,-0.0430954,0.554695,0.169397,-0.637548,0.127752,0.0148209,-0.000616856,-0.592923,-0.20926,0.819888,-0.0915993,0.352301,0.370544,-0.808014,0.473446,-0.247306,0.153302,0.456352,-0.00908627,0.136238,-0.60085,0.126614,0.42343,0.999875,0.511129,0.298372,-0.0601505,0.33982,0.661247,-0.35219,0.537825,0.884037,1
-0.928686,0.0324761,1.04192,-0.212851,0.995729,-0.755062,0.0793084,-0.0172494,0.652303,0.0190288,-0.0120389,-0.00244784,-0.206744,-0.329505,-0.160511,0.904289,0.191401,0.254446,0.129802,0.462008,-0.551346,-0.0527488,0.514165,-0.761702,-0.227004,0.282371,0.162341,1.05388,0.106434,-0.768083,0.560308,-0.293492,0.532375,0.799581,1
-0.407828,0.461568,0.0493688,-0.127235,-0.450234,-0.390341,0.42166,-0.293532,1.28547,-0.827505,1.10963,0.0897983,-0.134205,0.812959,0.523454,-0.0046127,-0.510877,0.0166444,0.542827,0.0783735,-0.372918,0.20227,0.795415,-0.725531,-0.222086,-0.702501,-0.340274,-0.784038,-0.434448,0.343766,-0.81316,-0.657048,0.464734,0.870795,1
-0.109356,-0.216507,-0.249519,-0.196816,0.280938,0.187407,0.227004,-0.100515,0.930989,-0.478502,0.349549,0.193363,0.815878,0.242907,-0.286271,0.120249,0.486779,0.82508,-0.402637,0.369822,0.920419,-1.0917,0.244802,-0.359614,-0.782716,0.213951,0.94551,-0.709652,-1.09254,0.524807,-1.05924,0.812689,0.554602,0.850484,1
0.908529,-0.481923,-0.673213,-0.534957,0.114807,0.993326,0.407701,-0.135167,-0.64724,0.253621,-0.00925412,-0.581773,-0.804156,0.0365616,-0.179411,-0.435517,-0.988478,-0.0168894,0.295793,-0.431528,-0.149796,0.170369,0.178023,-0.272936,0.126159,-0.407563,-0.0438715,-0.711121,0.214826,-0.31736,0.344686,0.403351,0.456064,0.929079,1
0.592308,-1.2395,0.191762,-0.142672,-0.89475,-0.0623822,-0.450145,0.157514,-0.141553,0.024395,0.564793,0.197658,0.380657,0.580581,-0.600151,-0.245352,-0.0249521,0.223123,-0.0458447,-0.930291,0.328748,0.148163,0.112782,-0.946132,-0.11528,-0.405108,0.641177,0.151049,-0.391257,-0.232387,-0.902903,-0.197532,0.431013,0.83855,1
-0.666165,0.504594,0.532786,0.123982,0.712598,-0.238569,0.307564,-0.9698,-0.392744,-0.605332,0.716201,-0.459925,0.987693,-0.934076,0.251275,-0.133483,0.118807,0.507181,-0.64256,-0.105845,-0.348973,-0.153315,0.519984,1.12464,0.588051,0.390127,-0.808798,0.0905161,-0.218197,-0.375991,0.289609,0.301729,0.505054,0.94541,1
0.124472,-0.922249,0.306456,-0.583302,0.911125,-0.236941,0.555257,-0.096513,-0.302928,-0.161495,-0.20777,-0.318497,0.678537,0.00606529,0.954406,0.653109,-1.01574,0.0525732,-0.103942,0.0729709,0.660938,0.592564,0.442357,-1.47634,-0.515699,0.346275,0.226558,0.0794074,-0.612925,-0.467734,-0.33054,0.269772,0.476455,0.903286,1
0.673857,-0.526291,0.184772,-0.81225,-0.0628749,-0.267795,-0.696863,0.703463,-0.658176,0.228088,-0.226328,-0.190008,0.278643,0.729423,-0.485107,0.162993,-0.146636,-0.493857,0.157218,0.480883,0.808867,0.0112688,-0.7966,-0.0634147,0.200486,-0.059531,-0.107542,1.08047,-0.268636,-0.959301,-0.25084,0.0254391,0.52855,0.790697,1
-0.590883,-0.268203,-0.259483,-0.106006,-0.248254,0.165041,-0.242923,0.380438,0.328452,-0.376899,0.123994,-0.216621,-0.674923,0.99541,-0.213111,0.838527,-0.264272,-0.333668,0.187037,0.591938,0.337639,-0.80692,0.119756,-0.624341,0.454121,0.353831,0.101595,0.741313,0.268717,0.172573,-0.0490422,0.0209438,0.555373,0.923912,1
-0.106066,-0.959363,-0.224728,-0.678483,0.182636,-0.501544,0.304642,0.0922217,-0.0385428,-0.413174,0.286989,-0.00619899,-0.333752,0.0654402,-0.100898,0.0577452,-0.357382,-0.554546,-0.932339,0.0332073,0.183836,-0.484644,0.0657167,0.479443,-0.325087,-0.285599,0.11857,-0.416976,-0.124162,-0.0164558,-0.0536008,-0.615008,0.459449,0.946458,1
0.304524,0.851069,0.349311,0.10855,-0.995125,0.257393,-0.688849,0.10071,0.288678,-0.193774,0.18782,0.821023,-0.430062,0.308418,0.0286814,-0.509146,-0.10993,-0.0708165,0.0936669,-0.224787,-0.5323,-0.482363,-0.179344,0.643184,0.0451345,-0.378353,1.01973,0.0425212,0.0460938,-0.248274,-0.202644,0.236013,0.458829,0.766777,1
-0.530898,0.0760616,-0.480488,-1.03598,-0.123987,0.512245,-0.213032,0.00636439,0.875864,-0.112306,0.215884,0.206679,-0.434681,-0.690111,-0.00709611,-0.171827,-0.062345,-0.272135,0.926076,0.10002,-0.417276,-0.310304,0.783592,-0.60558,0.148383,0.0576965,-1.27912,-0.555025,0.262727,-0.0338946,-0.539004,-0.505706,0.460379,0.769095,1
0.622537,0.0227027,0.217564,0.0357531,-1.31247,-0.714244,-0.400778,-0.374606,0.293138,-1.08533,-0.435814,0.215554,-0.340852,0.121451,-0.287043,0.14773,-0.334469,0.660603,-0.289412,-0.273841,0.917861,-0.105567,-0.135958,-0.118474,-0.561612,0.196108,0.120511,0.668618,-0.157296,-0.456218,-0.463755,-0.0627232,0.555514,0.928743,1
0.0794352,-0.0378446,0.164635,-0.014077,0.62802,-0.233941,-0.423274,0.219986,-0.34854,0.528157,-0.325143,0.380551,0.165301,-0.00235569,0.64841,-0.370527,-0.623457,0.0810743,0.750979,0.0569967,-0.459388,-0.640902,0.710133,0.138514,-0.810497,0.152373,0.183276,1.20684,-0.436928,0.205544,0.840723,-0.434405,0.523212,0.795217,1
0.141863,-0.27116,0.0286036,0.525936,0.803842,0.228681,-0.070379,0.325134,0.670031,0.674553,0.857237,-1.18308,-0.45678,0.893119,-0.198341,-0.420989,0.422057,-0.965571,-0.0133854,-0.119778,0.49879,0.198435,-0.647105,-0.946409,0.305698,0.429307,-0.135507,-0.644061,0.166879,-0.317041,0.113771,-0.462799,0.547461,0.805795,1
-0.167744,0.335629,-0.659296,-0.338382,-0.153669,0.134735,0.724447,-0.0953294,-0.581293,-0.0340615,-0.109307,1.09924,0.257012,-0.0810246,-0.528699,1.07448,-0.467856,0.0852537,0.0994887,-0.352423,0.108919,-0.613564,0.966672,-0.334663,-0.672951,-0.303266,-0.151823,0.36358,-0.560748,-0.0255664,-0.0756356,-0.589707,0.476662,0.76626,1
0.618473,-0.02975,-0.418148,0.335912,-0.243645,-0.0716944,0.0594082,0.34466,0.450909,0.715579,-0.185762,0.587872,0.225829,0.246528,0.782861,0.804641,0.703814,-0.473952,-0.357704,0.838072,0.38107,0.221581,-0.0631756,-0.348561,0.183724,0.406262,-0.407302,-0.362486,-1.0014,0.0689971,0.93773,1.21612,0.566098,0.858003,1
0.629725,1.17367,-0.243881,-0.288684,-0.270299,0.532312,1.3743,-0.403318,0.235427,1.60822,-0.0563365,-0.190088,0.45497,0.262027,-0.756611,0.339087,-0.436915,1.10374,0.176061,-0.923105,-0.644811,0.635133,0.411274,-1.00234,-0.467536,0.400085,-0.55892,-0.559328,0.300506,-0.33683,0.118642,-0.391934,0.428663,0.785681,1
0.577258,0.214411,-0.181768,0.00155011,0.0792887,0.0701447,-0.770099,-0.69611,-0.0435433,-0.0140635,-0.212162,0.443798,0.0679009,0.100558,1.20837,-0.518042,-0.0543655,-0.889924,0.40366,-0.455153,-0.117536,-0.093828,0.637669,-0.311185,-0.0788367,0.331251,0.636654,-0.372493,1.02661,-0.887414,0.857514,0.512153,0.457235,0.808243,1
0.713054,0.144699,-0.099471,-0.814978,0.548758,0.108155,-0.162999,0.333458,-0.0888713,0.700818,0.545103,-0.103555,0.0103311,0.0334987,0.169765,-0.662659,1.00244,-0.802112,-0.411477,0.298161,-0.0945754,-0.282332,-0.194074,-0.440062,0.652719,0.0563972,0.328689,-0.552535,0.279183,-0.107316,0.070521,0.0966772,0.51037,0.841438,1
-0.400818,-0.816735,1.10009,-0.029983,0.330551,-0.198511,-0.143641,-0.0532489,-0.0590527,1.18435,0.555522,-0.4343,0.325469,-0.158938,-0.421606,-0.175281,0.231319,0.781583,-0.561676,0.351079,0.00662902,0.384751,-1.07322,0.0172272,-0.231336,-0.696792,0.0795248,0.547124,-0.786957,0.419754,-0.885566,-0.308635,0.440216,0.78311,1
0.327445,-0.773764,0.761194,-0.561715,0.244878,-1.14245,0.00551682,0.298822,-0.746607,-0.0344514,0.0189698,-0.505417,-0.104995,0.295757,-0.157402,0.0630823,-1.06235,0.137975,-0.0606933,0.561759,-0.0600426,-0.0984478,0.419881,0.540595,0.0552032,-0.516345,0.984138,-0.605586,0.627582,0.815196,-0.216195,0.634677,0.467963,0.919888,1
-0.141649,0.0527986,-0.177834,-0.294568,-0.509289,0.0870713,-0.483064,-0.472918,-0.0837369,-0.110046,0.127628,-0.270919,0.213213,0.207397,-0.614376,0.0129824,0.199613,0.0641811,-0.76391,-0.399933,0.740918,-0.374871,-0.449291,-0.296339,-0.0594487,0.252975,-0.529905,-0.448706,0.637587,-0.129866,0.213681,0.145323,0.458185,0.868732,1
-0.202078,-0.201648,0.260229,0.163148,0.101324,0.213799,0.959852,0.0322556,-0.0305414,-0.29637,0.309548,0.594978,-0.396666,-0.333294,0.362093,-0.101077,-0.585121,-0.0340699,0.129944,-0.823054,-0.267194,-0.138163,0.0422204,0.596036,-0.388042,0.359683,0.544847,-0.247153,0.481389,0.0360426,-0.168555,-0.0751419,0.525078,0.775588,1
-0.16077,-0.122401,0.377113,-0.226043,0.716106,0.320918,0.208214,-0.464575,0.122371,-0.318487,0.0853082,-0.949401,-0.125816,0.396686,0.00262994,-0.648956,-0.7291,-0.146225,0.0620488,0.0622723,-1.22454,0.0467821,-0.12727,1.18387,0.415278,-0.406231,-0.687994,-0.0536771,-0.202178,-1.04281,0.147818,0.15697,0.571792,0.8172,1
-0.170993,0.722486,0.382256,0.414389,0.661418,-0.76507,-0.263511,-0.198062,0.596152,1.1303,0.415426,0.563679,-0.582302,-0.441041,0.343906,0.546797,0.00277101,-0.377218,-0.660635,-0.0291078,-0.507216,-0.362056,-0.768805,0.123607,-0.112876,-0.417499,0.693621,-0.163587,0.404939,0.0310387,-1.06635,0.413813,0.486007,0.837882,1
-1.00619,-0.558933,-0.559485,0.784213,-0.317195,0.567082,0.0665041,-0.381215,-0.00523348,-0.436104,0.487059,-0.146303,-0.0201058,0.213492,-0.0514505,-0.285924,-0.579652,0.261474,0.100531,-0.593475,-0.1381,0.615397,-0.0489495,-0.0700795,-0.202865,0.125542,-0.574153,-0.323916,-0.153693,0.307979,0.230843,0.6917,0.53689,0.827123,1
0.144759,-0.237562,-0.469917,-0.119463,0.468352,-1.06387,-0.348925,0.00811794,-0.0262247,-1.05098,0.6877,0.696025,-0.511011,-0.840261,-0.133896,-0.133859,-0.0119793,0.108803,-0.507359,-0.458187,-1.09608,0.287517,0.831436,-0.2114,0.822299,0.0599842,-0.362319,0.179653,0.0461595,0.287493,0.696629,-0.806466,0.55598,0.833846,1
-0.174039,-0.69894,0.150385,-0.265828,0.100391,0.70785,-0.132578,1.07764,0.212732,-0.815721,-0.165867,-0.00917895,0.948087,-0.462964,-0.257191,-0.365497,-0.30516,0.124324,0.606802,-0.653213,0.0535103,1.16851,-0.880117,0.074986,-0.186673,-0.094039,-0.282305,0.198658,-0.0535947,0.16954,-0.017782,0.547346,0.476236,0.823892,1
-0.631081,-0.0983888,0.234597,0.245944,0.0720814,-0.619288,-0.142123,-0.506788,-0.559075,-0.229657,-0.292468,-1.02966,0.493779,0.847226,-0.587369,0.11596,-0.339894,0.608447,-0.262016,-0.725831,-0.144135,0.0323329,0.00447319,0.370481,-0.12422,-0.154391,0.322393,-0.339719,0.166354,-0.00020513,0.237174,-0.399746,0.449322,0.931077,1
-0.0221454,-0.376623,-0.896086,-0.214983,-0.539394,-0.818265,0.272973,0.379928,0.400284,0.177154,-0.0723987,0.110346,-0.219959,-0.131742,0.432075,0.150452,-0.285267,0.617,0.788552,-0.347683,0.54882,-0.733685,0.539627,-0.504228,0.0934019,0.0224972,0.0216493,0.443299,-0.0585183,-0.206889,0.514667,-0.420163,0.464779,0.912383,1
-0.233297,0.383647,-0.48074,-0.870243,-0.0746787,-0.859024,0.0458988,0.429462,-0.527193,0.674459,-1.12149,-0.571541,0.0634225,-0.113138,-0.0836646,-0.0548463,-0.843288,0.496864,-0.382251,0.427946,0.123514,0.433795,0.426864,-0.661646,0.700469,-0.609076,0.700806,0.00545705,0.149879,0.2577,-0.455439,-0.0827124,0.436122,0.874856,1
-0.815586,0.0391355,0.0757538,1.24908,-0.870192,0.767993,0.746432,0.143279,0.378599,0.939046,0.015325,0.18941,-0.349813,0.341263,0.842695,0.202682,-0.44369,0.453568,-0.512486,-0.318611,0.421491,-0.712752,-0.837449,-0.303329,0.463892,0.488861,1.09906,-0.26593,0.939478,-0.0525794,-0.209364,-0.520042,0.486001,0.8647,1
0.139903,-0.615314,-0.858248,-0.409439,0.209409,-0.496393,-0.31028,0.721842,-0.203557,0.802254,0.0744068,0.226048,0.33799,0.530987,-0.736573,0.814413,-0.182628,-0.484299,0.128412,0.0260743,-0.879693,0.464424,0.839235,0.163975,1.35874,0.133731,-0.256357,0.360434,-0.0267655,-0.338764,0.560976,0.337798,0.473489,0.889093,1
-0.404885,-0.468044,-0.618906,0.686263,0.29028,-0.585629,-1.42745,-0.335824,0.63506,0.528379,0.00934015,0.310313,0.0557786,0.0224839,0.548406,0.336201,-0.607385,0.183932,-0.856832,-0.114936,0.689672,-1.0025,-0.727239,0.450871,-0.523727,-0.0423324,-0.078371,-0.345629,0.0754509,-0.327188,0.461628,0.426882,0.524496,0.945075,1
0.381723,-0.515556,0.133299,-0.0680563,0.508637,-0.321219,0.174745,-0.488626,-0.0345771,-0.270075,-0.615192,0.393144,0.43607,0.465431,0.581313,1.14653,-0.637352,-0.352978,0.377139,0.0420406,0.34842,-0.0220945,0.343705,-0.520352,0.492706,0.47088,0.546516,-0.668237,-0.623927,-0.101931,0.0819054,-0.079974,0.440863,0.92057,1
0.361063,0.244259,-0.119872,-1.17571,-0.457803,-0.738239,-1.13978,0.0874897,-0.0226933,-0.0889637,0.670856,0.68733,0.174015,-0.115731,-0.367348,0.198651,0.41594,0.613403,0.172353,-0.243771,0.691796,0.565628,-0.136758,0.633876,0.15314,-0.327764,0.208903,-0.652462,0.168019,-0.0129176,1.30579,-0.819665,0.537445,0.811874,1
-0.11836,0.0509367,0.0203649,-0.83868,-0.485052,0.620603,-1.16031,0.270586,-0.677358,-0.539297,-0.452061,-0.492154,-0.110048,0.297278,-0.692268,0.478697,-0.520887,-0.175423,0.691181,-0.0992771,0.17944,0.664287,0.546865,-0.147012,-0.0853423,1.14388,-0.19778,-0.141875,-0.317001,-0.145943,0.184319,0.0250751,0.52589,0.942825,1
-0.387215,0.00918263,0.683551,0.811787,-0.447043,0.0629121,-0.354273,-0.15273,0.411906,-0.371175,0.203949,-0.679271,-0.244138,0.896024,-0.0409074,-0.269763,-0.156464,0.971092,-0.0683361,0.183399,0.908825,0.818163,-0.312177,-0.325981,1.42323,-0.223344,0.117073,0.700492,0.065649,-0.649756,0.216536,0.0958193,0.458402,0.76057,1
0.0285813,-0.406778,-0.314855,0.059617,0.358311,0.060139,-0.614673,0.25306,-0.997569,0.0734084,-0.296444,-0.467688,-0.620606,0.108131,-0.37429,-0.730932,0.0319719,0.403522,-0.944531,0.261752,0.169523,0.750218,-0.874864,-0.266614,0.732262,-0.0346465,-0.703897,-0.426481,0.767176,0.741097,-0.153159,0.291841,0.52713,0.880874,1
-0.426603,0.285988,0.38601,0.18518,0.229594,-0.469408,0.197558,0.53189,-0.826892,0.369231,1.27516,0.663001,0.290177,-0.182687,0.732772,-0.678174,-0.540216,-0.0419815,0.26169,-0.341338,-0.865827,-0.579113,-0.820224,0.148138,-0.23186,0.520978,-0.214275,-0.962128,1.15337,-0.348888,-0.358644,0.777567,0.48722,0.769608,1
-0.101361,-1.11525,0.544273,0.0315795,-0.722926,-0.242639,1.11665,0.137218,0.518411,-0.293622,-0.141208,-0.512299,0.447447,-0.398805,-0.979894,0.479401,0.805322,-0.518383,0.194777,0.699344,1.23329,0.489725,0.127301,0.325277,0.544762,0.775594,0.691834,0.527588,-0.377771,0.369121,-0.884304,0.16309,0.455347,0.802166,1
-0.202132,-0.109905,0.588413,0.347935,0.656814,-0.205033,-0.160911,-0.19394,-0.107216,0.256717,0.374364,0.427277,-0.549341,-0.254997,-0.818965,-1.01313,-0.249678,0.120934,0.302541,-0.482316,-0.0906264,-0.434462,0.790061,0.445508,0.846121,0.497798,0.797496,0.203827,0.368212,0.0199752,-0.000773604,0.0411318,0.562752,0.813767,1
-0.553419,0.284769,-0.595859,0.264755,-0.426571,-0.373138,0.131516,0.36409,-0.166718,0.163321,0.449267,-0.257037,-0.521973,-0.644854,-0.0555452,-0.396224,0.316088,1.15192,-0.44383,-0.659301,-0.51119,-0.81709,-0.26221,0.515989,-0.301156,-0.45985,-0.419766,0.409934,-0.436024,-0.864001,0.774916,-0.222159,0.460627,0.770962,1
0.772576,-0.0528642,-0.657482,-0.224513,-0.661627,-0.768142,0.0176278,0.627613,-0.721965,-0.328715,-0.304048,-0.791852,0.176719,0.170646,0.627965,-0.113018,-0.364189,-0.411672,1.04773,0.195697,-0.18155,0.0756989,1.01235,-0.176203,-0.356403,-0.22683,0.62295,0.46467,0.12677,0.020035,-0.620894,0.0505789,0.42849,0.911442,1
0.230697,-0.136833,0.67495,-0.432637,-0.0286761,-0.199534,0.875266,0.414019,0.144091,0.672209,0.519116,-1.45824,0.0452003,-0.244398,-0.224072,0.661337,-0.611316,-0.00845715,0.433609,0.132475,0.0204321,0.771875,0.225449,0.361182,0.291338,1.29972,0.611895,0.219631,0.127054,-0.630649,0.220504,-0.333817,0.425106,0.789341,1
-0.235011,-0.906428,0.892443,0.742432,0.0807123,0.420465,0.348007,0.482196,0.293917,0.30485,0.980868,0.2929,-0.243187,0.0687804,-0.673928,0.262136,-0.552164,0.33904,0.238828,0.48162,-0.481285,0.126014,0.131629,-0.898065,-0.623048,-0.369582,-0.523006,-0.0371608,0.398461,-0.784893,0.111373,0.0998814,0.437359,0.818302,1
-0.83799,-0.653488,-0.569448,0.462166,-1.06383,0.201566,0.558996,0.14423,0.0429016,-0.194759,0.119423,-0.509432,-0.794422,-0.126065,-0.590694,-0.364197,-0.542074,-0.134475,-0.327746,-0.280769,-0.55341,-0.133832,0.0844002,0.778781,-0.0364656,-0.181073,0.214651,0.160337,-0.734567,-0.254781,-0.341159,-0.115964,0.527133,0.807618,1
-1.04838,0.932712,0.198051,0.352866,0.480896,-0.132445,0.247229,0.099065,0.14271,0.800029,0.147388,-0.0519761,0.420602,-0.469482,0.566403,0.570923,0.0612857,1.31348,0.66459,-0.567491,0.3683,0.344028,-0.40638,-0.109094,-0.120503,-0.130773,-0.8173,0.690693,-0.497409,0.575361,-0.341766,0.0193591,0.437384,0.913376,1
0.378851,-0.0338008,-0.205502,-0.843639,-0.705564,-0.083653,-0.103581,0.465489,0.193144,0.0826882,-0.123459,0.0552221,-1.24084,-0.221237,0.00358,-0.424252,-0.00204783,-0.118037,0.773346,-0.673555,-0.477316,0.69543,0.25236,0.161257,-0.349376,-0.67104,0.109339,-0.185236,0.295658,0.0772407,0.161026,0.26043,0.579197,0.866212,1
0.281333,-0.354011,0.117366,0.347057,0.358816,-0.434523,-0.453371,0.603609,-0.978136,0.414243,0.925866,-0.850272,-0.224436,0.367546,0.861894,0.741646,0.418233,0.0730579,-0.0569341,-0.559664,0.362751,0.397592,0.615107,0.649794,0.377332,0.457271,-0.162706,-0.320958,-0.193744,-0.90996,-0.287484,-0.462075,0.561652,0.935205,1
-0.0906313,0.420059,0.277575,0.490331,0.0736603,-0.0712093,0.178793,-0.354813,0.146252,0.387308,0.152625,0.727086,-0.333471,0.8029,-0.676442,-0.616403,-0.246285,0.8781,0.816365,0.220662,0.473318,-0.444359,-0.226222,0.253945,-0.359442,0.457219,-0.416393,-0.313572,-1.13604,0.329633,-0.557116,0.657409,0.523416,0.766339,1
1.09307,0.757461,0.295741,0.258389,0.107368,0.56497,-0.942201,-0.633862,-0.0577223,0.00894033,-0.167201,-0.452074,-0.721065,-0.0396803,-0.500508,-0.232872,-0.518378,-0.322808,0.114022,-0.37893,-0.274024,-0.469916,-0.221203,-0.516757,0.170647,0.394094,-0.265267,1.60822,0.207239,-0.545919,0.682288,-0.32166,0.479345,0.83346,1
-0.601236,-0.861648,0.440301,0.0589223,0.0556286,-0.262912,-1.06568,-0.642028,0.0028524,-0.816465,-0.324089,0.32411,0.0986884,0.288316,0.233951,-0.528337,-0.0977872,0.358142,0.563262,0.472446,-0.121887,-0.561352,0.588804,-0.107276,0.78358,0.714253,0.597434,-1.0962,0.135983,-0.118495,1.15238,-0.283519,0.519011,0.789742,1
0.039254,-0.256096,-0.261243,-0.666653,1.19336,0.346096,0.291733,-0.634795,-0.507514,-0.549391,0.209533,-0.409229,-0.421009,0.0564862,-0.360403,0.104295,-0.508027,-0.283098,-0.464517,-0.449532,-0.318318,-0.344767,1.02775,-0.204699,-0.622309,0.175245,0.561586,-0.331908,0.223445,-0.319334,-0.445624,-0.31888,0.512344,0.796269,1
0.823986,0.482615,0.0643474,-1.21395,0.5939,-0.0925516,-0.548933,0.369559,0.5489,-0.579537,0.313263,-1.32658,0.322696,-0.911987,-0.876761,-0.684875,-0.321645,0.226941,-0.311786,-0.402759,-0.368539,0.106678,-1.03973,0.00893494,0.025621,0.067993,-0.624891,-0.122259,-0.113174,-0.393847,0.0324804,0.963118,0.552156,0.859622,1
-0.253811,-0.124951,-0.451663,0.375036,0.429144,-0.820182,0.208398,0.219585,0.243487,-0.537181,0.0392844,0.232675,-0.0744897,-0.0810671,0.202621,0.996983,-0.465259,0.119343,-1.10455,0.419723,-0.159945,0.321952,0.219087,0.330687,0.70229,-0.0585003,-0.198795,-0.936878,0.437187,-0.117567,-0.0484149,-0.705297,0.571239,0.819818,1
0.287423,-0.51414,0.777615,-0.0362757,0.458369,0.213676,0.413202,-0.295933,0.577415,0.738681,0.947511,-0.958437,-0.455271,1.31834,0.188421,-0.306652,-0.171035,-0.183385,0.329862,0.411227,-0.138492,0.0788979,-0.0531197,-0.132456,0.863108,-0.347177,0.308782,-0.277784,0.21083,0.186513,-0.308658,0.2274,0.432201,0.848095,1
-0.404561,-0.6038,-0.0952185,0.159094,-0.351083,-0.829406,-0.0457051,0.125841,-0.213294,0.0277888,0.261464,0.213627,-1.274,0.483604,-0.232366,-0.432514,0.480006,-0.343905,0.66826,-0.376586,0.224442,-0.0496209,0.34555,0.374705,-0.0448058,0.175054,-0.203438,0.105773,0.652653,-1.4824,0.67045,0.61745,0.558421,0.762006,1
0.113298,-0.230771,0.156724,-0.559886,0.26571,0.591505,-0.112261,-0.485453,0.669374,0.7032,0.269882,0.247784,0.0147539,-0.13975,0.0539794,0.705805,0.439798,-0.483399,-0.261245,-0.576634,-0.468562,-0.34701,0.0109964,0.0178264,-1.19848,-1.7136,0.275301,-0.167368,-0.112142,-0.281587,0.700363,0.302477,0.513348,0.888272,1
-0.210655,-0.0194235,1.0782,0.219345,0.328879,-1.06187,-0.696047,0.437533,0.067063,0.584585,-1.05837,0.10516,-0.546266,-0.146452,0.0868767,-1.33534,-0.66023,0.108628,-0.782733,0.495969,-0.866544,-0.483314,0.381248,0.15234,-0.851311,0.0891925,-0.932128,0.0314608,-1.07004,1.13753,0.890548,-0.232394,0.475842,0.94785,1
0.0458084,-0.211815,0.0949863,0.492057,-0.543721,0.267073,0.560587,-1.09168,0.164477,0.14965,-0.189832,0.538992,-0.531199,-0.332438,0.362537,-0.29839,0.327118,0.270507,-0.397472,-0.358094,0.101964,-0.786918,0.210438,-0.710917,0.134052,0.263567,-0.0032401,0.546457,-0.00778467,-0.0721454,-0.395808,0.568194,0.558121,0.880009,1
-0.121853,0.14215,-0.337747,0.0718521,0.173834,-0.536736,-0.345871,0.582094,-0.38206,-0.168428,-0.0246539,0.462619,0.510513,0.491282,0.314325,-0.0629845,0.438442,1.11077,1.4711,-0.431282,0.045242,-0.0041555,-0.837347,0.201541,0.355264,0.657493,0.863861,0.110255,-0.309955,0.0364978,-0.501198,0.350438,0.457155,0.881077,1
-0.701096,0.0686152,-0.0184266,0.297343,0.49167,-0.0305191,-0.0162513,0.0609846,0.897784,0.469783,-0.131499,-0.347016,-0.361044,-0.158807,0.414422,0.0867579,-0.0675359,0.300787,-0.565512,-0.292335,-0.330793,-0.0869886,-0.590004,0.590347,-0.269633,0.721751,0.27194,-0.280382,-0.384947,-0.733538,0.0484298,-0.0227937,0.472702,0.927589,1
0.100274,0.410133,-1.11027,0.106655,-0.130333,0.0576525,-0.245372,-0.00887015,0.499087,-0.381127,-0.0899451,0.980856,0.0228181,-0.0789928,0.719185,0.401959,-0.611039,-0.607234,0.659477,0.207944,0.46282,-0.422053,0.446979,-0.0835526,-0.278404,1.3699,0.0972142,1.16426,0.378309,0.796076,0.637757,-0.398637,0.50248,0.857513,1
0.616189,-0.171285,-0.699448,-0.478829,0.783571,1.20274,0.607029,0.201421,-0.401269,0.493256,-0.31921,-0.0864276,-0.116054,-0.103027,0.480501,0.225207,0.00822572,0.190958,0.125318,0.464368,-0.124254,0.200942,-1.10529,0.550143,-0.138757,0.562064,0.0557104,0.212459,-0.108327,0.0766541,-0.163476,0.0958119,0.48829,0.867537,1
0.135204,-0.704295,-0.0930749,0.00304168,-0.03231,-0.0557708,0.134395,0.0409592,-0.134677,0.000104238,0.620768,1.04006,-0.651884,-0.66057,-0.0455366,0.42603,0.308541,-0.0655598,-0.473554,-0.168826,0.72693,0.663282,-0.471461,-0.0900339,-0.0823373,0.593267,0.125528,0.490752,0.279893,-0.743045,0.559061,0.731317,0.50507,0.869663,1
0.658675,-0.420363,0.536912,0.49896,0.193828,1.30606,-0.258434,-0.0594951,0.241281,-0.295927,-0.346453,0.723688,-0.449955,0.684641,0.168577,-0.134267,0.348511,-0.689287,0.350202,0.735846,0.29392,-0.318028,-0.323695,0.661685,-0.0121459,-0.307638,0.383612,-0.626095,-0.568681,-0.0969096,-0.750036,0.128664,0.535643,0.811158,1
0.381251,0.237562,0.16927,0.144554,0.182323,7.95,0.136267,0.20709,0.385835,0.216598,0.178033,0.380808,0.199087,0.300923,0.182581,0.137124,0.254361,0.144881,0.14136,0.204798,0.308485,0.395517,0.242967,0.264351,0.190613,0.167539,0.255038,0.164512,0.196887,0.315093,0.134959,0.297082,0.52,0.82,1
0.564879,-0.343319,0.5466,0.25335,0.015653,-0.0383475,-0.299598,0.581413,0.0111365,-0.12133,-0.661023,-0.370972,0.852828,-0.0754871,0.101543,0.578152,0.034164,0.765847,0.153965,-0.0122378,-0.378105,-0.392704,-0.637117,-0.0693841,0.339711,-1.13306,-1.01912,0.0298431,0.289095,0.56844,-0.612332,-0.325066,0.463713,0.894669,1
-0.0622419,-0.53889,0.791819,-1.01333,0.151589,0.248902,0.0432729,-0.925937,0.275053,0.217485,-0.103558,-0.293451,-0.325524,-0.28639,-0.0807481,0.851483,-0.101084,-0.651583,0.672133,-0.0806162,-0.409855,0.702332,0.286433,-0.4961,-0.590945,-1.04541,0.63931,0.0497799,1.25268,-0.26608,0.206089,0.452198,0.564974,0.812538,1
-0.274535,-0.711013,0.0510225,-0.924842,-0.134339,-0.285277,0.244124,-0.0254397,0.165977,-0.753639,-0.422058,0.530783,0.375072,-0.953124,0.296704,0.128289,0.177723,-0.180892,0.268305,0.330932,0.390879,-0.316034,-0.490795,0.150893,1.00549,-0.330838,-0.0469349,0.213037,-0.403019,0.216267,0.882776,-0.469965,0.448629,0.838502,1
-0.271705,-0.770484,0.415643,0.230682,0.215703,0.0130817,0.0766405,0.922746,-0.196835,0.0592258,-0.190628,0.182607,0.107651,0.413583,0.0518062,0.107589,-0.0408163,-0.984963,0.415583,-0.473805,0.50032,-0.486624,1.20059,0.309395,0.447191,0.0280404,0.410389,0.201141,0.557285,-0.34458,-0.391926,0.032029,0.464838,0.764212,1
-0.781768,0.206127,0.481424,0.311783,-1.03161,-0.53784,-0.661424,-0.248169,0.532665,-0.848705,-0.833968,-0.255486,-0.64704,-0.272418,0.387087,-0.520754,0.0345018,-0.166291,0.827403,0.526129,0.578567,0.730563,-0.0120115,-0.160186,-0.312966,0.382967,-0.415749,0.195156,-0.0103303,0.185037,0.677917,0.892218,0.431436,0.844338,1
-0.130455,0.161127,0.312944,0.424383,-0.989012,1.14671,-0.415292,0.180128,-0.575486,-0.43854,-0.677585,-0.163595,0.141284,-0.214339,0.110662,-0.224315,-0.0669591,0.396856,-0.815744,0.268315,-0.233088,0.0371394,0.0689332,-0.310564,-0.236874,-1.52079,-0.3766,-0.441014,0.334614,0.110836,0.158002,0.525501,0.532015,0.923115,1
0.784614,-0.02589,-0.00898143,-0.114147,-0.338809,-0.62398,-0.135366,-0.222229,-0.466101,-0.100234,-1.32605,0.332094,0.331668,0.201847,-0.845778,-0.41767,-0.14114,-0.743772,0.696036,-0.340732,0.93237,-0.212712,-0.170305,0.157405,0.42594,-0.232124,1.19317,0.426189,0.27943,0.282086,-0.822133,-0.135482,0.462329,0.851226,1
0.551759,0.632068,0.520372,-0.20598,-0.537226,0.468065,-0.341022,0.282306,-0.242325,0.650585,-0.499098,0.102436,-0.751578,-0.547817,0.155224,-0.0419681,0.0360109,0.569295,0.346914,0.490023,0.126733,-1.41485,0.651638,-0.38443,0.700468,-0.795307,0.2688,-0.0346808,-0.136031,0.286326,-0.236013,0.821267,0.503473,0.836851,1
-0.0163215,0.775508,0.357828,-0.371891,-0.384196,0.290773,-0.759197,0.494797,-0.295936,-0.336786,-0.2854,0.306892,-0.377875,-0.371111,-0.00397251,-0.0562067,0.659299,0.0236824,0.141996,-0.37185,-0.426944,0.569401,-0.0962574,0.519029,0.167172,-0.100601,0.0399072,-0.042906,-0.424668,-0.677878,-0.191004,-0.376374,0.539563,0.783667,1
0.439322,0.652281,-0.00853396,0.631633,-0.363353,0.966471,-0.138793,0.040846,0.0601649,-0.201848,-0.249749,-0.562947,-0.473747,0.108278,0.289753,0.750876,-0.43531,-0.728089,0.59205,0.268104,-0.21055,0.20632,0.586537,-0.0741877,-0.036743,-0.20268,0.192772,0.0031183,1.19031,-0.358071,0.697052,0.190706,0.486546,0.834016,1
-0.0680031,-0.514763,0.13964,0.178437,-1.81868,-0.53937,0.0753899,0.0397674,0.882738,0.331991,0.21396,-0.263373,-0.859652,0.190223,0.23826,-0.476048,0.117855,0.905733,-0.327988,0.212609,-0.441691,0.550413,0.515096,0.073845,0.095808,0.207852,0.0565602,-0.0856638,-0.64141,0.123109,-0.0402634,0.542339,0.502321,0.774352,1
0.288083,0.109904,0.299631,0.165553,0.1908,7.95,0.349046,0.23277,0.360411,0.38251,0.161136,0.20291,0.32163,0.374767,0.396928,0.126135,0.387612,0.327941,0.207158,0.238156,0.398804,0.270597,0.21525,0.189435,0.328838,0.147784,0.28118,0.383324,0.222761,0.156128,0.101029,0.312927,0.52,0.82,1
0.870621,-0.985475,-0.103598,0.269938,0.140986,-0.218607,-0.178785,0.103108,0.216511,-0.394044,-0.681404,0.728762,0.26716,-0.486089,0.754293,-0.387949,-0.118913,-0.488434,0.195836,-0.1477,-0.268531,0.00653585,-0.0843418,-0.0744404,-1.27678,0.456275,-0.536752,0.724479,0.331911,-0.187748,0.0797574,-0.35705,0.564431,0.901386,1
-0.606565,0.116337,-0.501409,-0.0650611,1.5327,-1.19937,0.278036,-0.376693,-0.392148,-0.542641,-0.506402,0.213254,-0.40603,0.24076,-0.565608,0.0159583,0.549431,-0.00605925,-0.49924,1.12532,-0.0359184,0.250643,0.814763,-0.291172,-0.336546,0.0571708,-0.796979,0.211773,0.196366,-0.527967,0.637832,-0.12411,0.462778,0.792506,1
0.0876563,0.330888,0.189813,0.433108,-1.37386,-0.46225,0.564032,-0.187961,0.753709,0.621818,0.365601,0.783972,0.0252401,-0.122289,0.586887,0.169448,0.712791,-0.484975,-0.635889,0.401492,0.462697,0.704534,0.241254,-0.423249,0.253987,-0.310982,-0.438821,0.478083,0.235334,-0.324238,-0.373429,0.0564843,0.520859,0.93132,1
-0.659578,0.287448,0.869321,-0.584671,-0.39084,-0.335843,0.0765006,-0.105945,-0.015582,-0.00369746,-0.484035,-1.07798,0.280775,-0.805961,-0.235319,0.34283,0.304822,0.083117,-0.905495,0.17829,-1.21879,-0.703151,0.8789,0.633058,1.02126,0.401324,-0.261584,0.230309,0.264354,-0.0603376,-0.384039,0.409088,0.470168,0.911097,1
-0.0520785,0.472007,-0.0145134,-0.950006,0.208851,-0.342339,-0.209396,-0.219628,-0.587184,0.584717,0.16367,0.609785,-0.103552,1.05796,0.0691957,-0.233378,0.765154,0.192149,-0.417658,0.196413,-0.602181,-0.149235,0.348524,0.771429,-0.443538,-0.544369,-0.11799,-1.40525,0.668467,-1.05761,0.688301,0.874808,0.54509,0.886058,1
-0.521936,-0.232233,0.0635667,0.0213018,0.19386,-0.289527,-0.393491,0.278537,-0.419877,-0.354017,-0.0266547,0.369422,-0.106287,-0.533708,0.0783025,0.459723,-0.705102,-0.173003,1.07952,0.314202,-0.254056,-0.238405,-0.588788,0.556966,-0.00996855,0.501075,0.630886,0.453468,-0.216037,0.683809,0.319611,0.382914,0.453253,0.816024,1
-0.295447,0.270596,0.457421,0.386009,0.00900064,-0.318244,-0.168434,-0.869947,0.349905,0.0604179,-0.240875,-0.671157,0.488108,-0.59291,-0.382153,0.986316,-0.411107,0.94165,-0.585303,-0.129465,0.599945,-0.105358,-0.163597,-0.133134,0.07295,0.934298,0.296591,-0.5434,0.098061,0.364879,-0.292096,-1.0109,0.572855,0.89526,1
-0.238516,0.984743,-0.159007,-0.515123,-0.209279,-0.971737,-0.831396,0.520876,0.0782669,0.134129,-0.412808,-0.123647,0.184163,0.167056,0.986614,0.333835,0.723041,-0.249117,-0.621715,-0.239839,-0.0520889,0.723785,0.418313,0.209412,-0.956829,-0.167524,0.63333,-0.000655394,-0.353421,0.176066,1.12251,0.288655,0.495291,0.773212,1
-0.3821,-0.972502,-0.235425,-0.0919036,0.17086,-0.269712,-0.491003,-0.642516,-0.326742,-0.250565,-0.265453,-0.0198743,-0.437306,-0.207457,0.311706,-0.301736,-0.0349365,-0.767972,-0.532534,0.138945,-0.62251,0.446091,-0.312239,-0.237466,-0.38441,0.0299879,0.544456,0.613461,-0.977771,-0.509771,0.35764,-0.422035,0.459847,0.896049,1
-0.381777,-0.882161,-0.162059,0.429156,0.224793,0.45525,0.116944,0.285545,-0.0125568,-0.745068,-0.837735,0.321432,-0.0483192,-0.267218,-0.71047,0.765259,0.359296,0.343186,0.579112,0.447242,-0.0807686,-0.0589584,0.747688,0.390136,0.36817,0.0437377,-0.109256,0.0652979,0.0161088,-0.518709,-0.437842,0.7222,0.491446,0.802775,1
-0.11848,0.317721,-0.451359,0.644175,-0.197853,0.358876,-0.429075,0.146781,1.25978,-0.474515,0.2807,0.216171,-0.729808,0.00804992,0.503505,0.604857,0.181396,0.157609,-0.41467,-0.692748,0.254888,-0.224282,-0.00970398,0.592929,-0.968324,-0.415199,-0.0918722,-0.325241,-0.1405,1.02095,-0.531449,0.260109,0.477317,0.771114,1
-0.18429,-0.267591,-0.199599,-0.140149,0.343022,-0.580136,-0.281267,0.281695,-1.2597,-0.191193,0.837086,-0.203434,-0.0589965,0.834694,0.704939,0.398387,-0.312294,-0.0935558,0.0747466,0.997935,0.442708,0.139373,0.10575,0.124119,0.339867,0.511245,0.659979,0.888175,-0.139466,-0.00819215,1.29571,-0.650251,0.489442,0.826695,1
0.0894747,-0.365846,-0.200993,-1.09861,-0.347597,-0.220223,-0.114069,0.890297,-0.315322,-0.0318891,0.25936,0.138407,-0.4558,-0.151807,0.955547,-0.318064,-0.103176,0.231362,-0.218278,-0.595725,0.357515,-0.749838,0.182816,-0.236408,-0.443503,0.369245,0.0198671,-0.079709,-0.564274,0.144814,-0.31089,0.373895,0.492353,0.916005,1
1.1523,0.248897,0.743269,-0.257837,-0.110133,0.774229,0.331417,-0.0482705,-0.56474,0.308837,0.332132,0.568705,0.0339799,-0.205245,-0.710111,-0.293758,0.546807,-0.122634,-0.402307,0.134083,-0.800558,0.736225,-0.501672,-0.0530198,0.52,-0.208799,-0.256649,-1.05116,0.00294858,-0.630083,0.438548,1.06972,0.505599,0.926239,1
0.156288,-0.197815,0.20765,-0.399513,-0.779375,1.00105,0.674297,-0.508159,-0.398535,0.140344,-0.44088,-0.574455,0.11426,0.245484,-0.173282,0.773762,0.485746,0.345784,0.774002,1.00005,0.290774,0.00864418,-0.225456,0.774166,0.289664,-0.379246,-0.5309,0.0713596,-0.916569,0.32837,0.0913024,0.467502,0.4254,0.819864,1
0.378345,0.122142,0.166419,0.127341,0.108875,7.95,0.194506,0.1426,0.387674,0.295438,0.242831,0.339511,0.131672,0.344585,0.165262,0.279003,0.215286,0.310541,0.113533,0.104258,0.196537,0.124833,0.166297,0.111105,0.374057,0.176301,0.121748,0.155333,0.176043,0.375676,0.355928,0.314525,0.52,0.82,1
0.221077,0.503917,-0.688652,-0.368773,-0.51056,0.985712,0.815758,-0.250397,-0.159524,0.0732616,0.220308,-0.017192,0.599611,-0.48661,-0.304141,1.19737,0.475732,-0.366121,0.446748,0.130158,-0.335914,0.183398,-0.561014,-0.18255,-0.264094,-0.0842481,-0.205866,0.359847,-0.00751353,-0.753849,0.0621708,-0.216405,0.438599,0.772531,1
0.357623,-0.288561,0.773175,-0.533112,-0.378783,-0.604274,-0.127414,-0.269503,-0.0354503,-0.674515,-0.508603,1.02568,0.651144,0.884486,0.513108,0.362213,0.133503,0.25545,-0.0678363,-0.242063,-0.0402748,-0.690779,0.56196,-0.0546029,-0.109819,-0.175014,0.0347859,0.144342,0.122451,0.0993017,-0.651179,-0.198061,0.541595,0.864593,1
-0.747695,-0.756563,-0.20354,-0.546996,-0.521414,0.207558,0.790318,0.171039,-0.762232,0.379146,-0.598407,0.406067,-0.248488,-0.477826,-0.399624,-0.482719,-0.813925,-0.909715,0.373507,0.165769,-0.368817,0.0860225,-0.479026,-0.350397,-1.06387,-0.567837,-0.268826,-0.0502499,-0.00110366,0.204873,0.0785964,0.27779,0.555343,0.820444,1
-0.235837,-0.0701303,0.597008,-0.342388,0.132816,-1.19607,0.360229,1.25559,-0.259345,-0.267904,-0.676303,0.203517,-0.54849,-0.562697,0.268548,-0.443992,-0.192404,0.75081,0.110814,-0.445132,-0.777067,0.847115,-0.0645042,-0.286358,0.81448,0.0203288,0.265072,0.295493,-0.843953,0.41851,1.21566,-0.205821,0.503136,0.827587,1
-0.118925,-0.627682,0.327495,0.14832,0.20003,0.441453,0.25949,-0.0941262,0.220515,0.210411,-0.214171,0.911262,0.00972091,0.430004,0.631322,0.14618,0.0432937,-0.275011,-0.076872,-0.172629,0.135777,0.011688,-0.0559869,0.214153,0.39196,0.499989,-0.0620511,0.298638,-0.706254,1.58277,-0.654533,-0.163175,0.490104,0.926193,1
0.666077,0.0530151,-0.388888,0.304051,-0.733754,-0.207319,0.541949,-0.590847,0.804571,0.00697554,0.499468,0.424533,0.665476,0.381514,-0.0333867,-0.515897,0.265995,0.0287036,0.0667636,-0.681421,0.771347,0.0867278,-0.805388,0.703907,-0.736954,0.0207396,-0.172399,-0.343054,0.133093,0.546497,-0.613744,0.0177253,0.450685,0.923303,1
0.169693,-0.793461,-0.980253,0.743482,0.525925,-0.46236,-0.481211,-0.631073,-0.276226,0.581024,0.308924,0.767531,-0.237643,0.824118,-0.474647,-0.854268,-0.134223,-0.132236,-0.673429,-0.973173,-0.537858,-0.206464,0.255562,0.0135095,-0.674792,-0.00315807,0.39907,0.3432,0.0121824,0.419514,0.568409,0.195177,0.494404,0.905516,1
-1.30329,-0.109706,-0.201545,-1.36465,-0.34717,0.49659,-0.0309107,-0.240214,0.135147,0.460832,0.0691656,-0.700746,-0.265754,0.202853,0.595726,-0.519909,-0.0672724,0.417664,0.0553084,0.203423,0.566286,-0.61081,-0.383467,-0.490282,-0.726369,0.0796404,-0.331805,0.298059,-0.887406,0.0663225,0.665011,-0.160569,0.472663,0.787703,1
-0.262656,-0.508689,-0.785714,0.440606,0.315448,0.356752,-0.370167,0.866232,0.216385,0.810379,0.201599,0.254654,-0.213568,0.00930406,-0.401882,0.277997,-0.188504,-1.11305,0.0176568,0.106594,-0.0772839,0.920084,-0.0325536,-0.0707484,-0.359275,-0.667223,0.564342,0.383814,-0.0852371,0.420855,-0.146148,0.316561,0.460151,0.87672,1
0.171745,0.669658,0.31253,0.166853,-0.0284589,0.317711,0.880838,0.976493,-0.0208292,0.58124,0.0893626,-0.221021,-0.768187,0.0284507,-0.0144829,0.272112,0.450797,0.673225,-0.526,-0.328237,0.278429,-0.207504,0.421978,0.729705,-0.785754,0.595609,0.206913,-0.0850568,0.686357,0.217737,0.488613,0.631196,0.514694,0.786504,1
-0.172341,0.00331269,0.918754,0.441581,-0.596805,0.3104,-0.288426,-0.0876763,-0.410458,-0.732008,-0.222334,-0.0613127,0.167082,0.719833,-0.15464,0.249132,-0.0306486,-0.633631,-0.117669,-0.744262,0.153394,-0.613099,0.0180148,0.34391,0.173491,-0.111906,-0.0838238,-1.01637,-0.742813,0.207125,-0.335572,-0.280214,0.448961,0.810797,1
-0.113864,0.699437,1.25406,0.64891,-0.0510161,-0.166609,-0.590585,0.0193746,0.534933,0.870124,0.261503,-0.684676,0.660476,0.064038,-0.287397,-0.255911,-0.272714,0.820669,-0.623743,-0.198368,0.406568,-0.469795,0.413944,0.141384,-0.229682,-0.0496347,-0.387083,0.339602,-0.664297,-0.374819,-0.0844031,0.324686,0.471002,0.761052,1
0.267553,-0.402823,0.471263,-0.146082,0.763339,0.496047,-0.510946,0.435726,1.20419,0.197588,-0.560038,-0.236216,0.353133,-0.0696568,0.812103,1.15867,0.018569,-0.369028,-0.100616,-0.0521092,0.548045,-0.44432,0.207878,-0.280951,-0.814294,-0.76654,-0.208611,0.953245,-0.808799,0.0349023,0.0631245,1.00526,0.532052,0.789434,1
-0.68078,-0.174333,-0.104702,0.459302,0.0115454,-0.119678,0.291523,-0.00561144,0.310315,0.0178299,-0.843627,-0.0633791,-0.0937324,0.358135,-0.574375,-0.524509,0.624727,0.222364,-0.751797,-0.29727,-0.121673,-0.106412,0.290627,0.302445,-0.75901,-0.243503,-0.115068,0.191286,-0.440476,-0.972947,0.0907694,0.0915013,0.45855,0.778978,1
-0.242138,-0.940546,0.543858,-0.608937,0.562111,0.253871,-0.314525,-0.448075,0.508919,-0.226521,-0.596501,0.976311,0.21596,-0.641957,0.3244,-0.852135,1.07617,0.3688,0.337409,-0.0602818,-0.77413,0.292484,-0.224993,-0.0782385,0.279779,-0.427165,0.810953,-0.950232,-0.117267,-0.726955,-0.487138,-1.14115,0.505418,0.876134,1
0.52029,-0.389327,0.112903,-0.527872,-0.0298637,0.314953,0.0605939,-0.80722,-1.17542,1.02033,-0.787768,-0.145737,0.861073,0.344651,-0.0336002,1.09645,0.824596,0.108962,-0.139152,-0.709275,-0.407802,-0.129366,-0.317864,0.642781,0.312386,-0.333594,0.00467447,1.14352,1.11858,-0.896134,0.00739417,-0.201011,0.468209,0.821479,1
-0.105344,0.189852,0.219756,-0.52746,-0.278164,-0.3398,-0.729926,0.662327,0.562851,0.409989,0.158221,-0.150937,0.678552,-0.431671,0.294101,0.00118373,-0.943216,0.68399,-0.365153,-0.0575349,0.0267437,0.898548,0.240498,-0.827668,-0.363888,0.0884168,-0.506041,-0.794816,-0.51609,-0.518189,-0.1849,0.371439,0.548566,0.831863,1
0.790992,-0.0580783,0.141326,-0.710412,-0.115829,0.202584,0.638796,-0.922843,-0.477932,-0.0816566,-0.126656,-0.291258,-0.0509306,-0.241074,0.00340689,-0.462772,-0.448993,0.150227,-0.0711143,0.429945,0.612316,0.157376,0.893259,-0.762451,0.687845,0.362561,0.0824153,0.691659,-0.18948,1.1718,-0.316405,0.0316034,0.537634,0.928255,1
0.164425,0.133899,0.172506,0.150893,0.18022,7.95,0.244919,0.108607,0.169011,0.247751,0.118412,0.308708,0.179736,0.10794,0.159619,0.269557,0.219179,0.388003,0.182477,0.141501,0.108661,0.307055,0.3774,0.398962,0.243029,0.236235,0.224709,0.180952,0.186999,0.156657,0.123812,0.205113,0.52,0.82,1
-0.370145,0.197742,-0.952731,0.0802391,0.460016,0.330399,0.909063,0.0437498,-0.116235,0.420638,0.283651,0.982992,-0.102052,0.377677,-0.424379,0.823548,-0.404033,-0.212218,0.431615,0.398089,0.559964,0.294372,0.0772012,0.326615,0.0647982,0.121169,0.196077,-0.300917,0.701773,-0.468852,-0.7729,0.590949,0.453231,0.760676,1
-1.30874,-0.687139,0.574904,-0.598246,0.161914,0.222107,0.338517,-0.246764,-0.720215,-0.558263,0.499282,0.27026,-0.186854,0.391122,0.423916,-0.494508,0.0942154,-0.318449,0.145984,0.885274,-0.426594,-0.513249,-0.284854,0.621253,0.572802,0.264115,-0.0941765,0.289711,0.168719,-0.184003,-0.416177,0.0802891,0.445728,0.899562,1
0.822778,-0.527377,0.00717511,-0.595329,0.3113,0.200074,0.0587967,0.0592804,0.118913,-0.474701,0.312106,0.0193939,0.483854,0.455082,-0.677441,0.583289,0.143262,-0.570529,-0.0471633,-0.451021,-0.446194,-0.170686,-0.308913,-0.35079,0.813151,-0.73432,0.12214,-0.0453906,0.740236,0.267126,0.473885,0.566067,0.458014,0.873475,1
-0.173891,-0.158715,-0.472418,-0.867003,-0.305512,-0.106268,-0.318638,-0.497292,-0.344079,-0.445438,-0.0252628,-0.0911139,0.235906,-0.193661,-0.00436928,0.345403,-0.508316,0.0975492,0.613127,-0.656738,-0.178848,0.456276,-0.904993,0.121315,0.477928,0.0131835,0.143195,0.112206,0.265625,-0.138769,0.124771,1.04081,0.53763,0.889692,1
-0.42264,-0.765697,0.795477,0.109597,-0.221642,-0.444282,0.291015,0.0154105,-1.35741,-0.669241,-0.0884628,0.521727,0.914787,-0.220468,0.0734492,-0.297884,-0.238863,-0.589166,0.220397,-0.280285,0.00910401,0.220176,-0.336768,0.898838,-0.790452,1.53179,-0.332519,0.875671,-0.258781,-0.35734,0.932637,-0.137249,0.477995,0.916694,1
0.389652,-0.537171,-0.477501,-0.368255,-0.296197,-0.0561231,0.17921,-0.309565,-0.161934,-0.959003,-0.561469,-0.380882,0.390473,-0.809529,-0.159782,-0.863947,0.160828,-0.659879,0.042277,0.146386,-0.266153,0.267981,0.215868,0.684932,0.266089,0.918544,-0.681209,-0.361378,-0.05441,-0.299013,0.582533,-0.329326,0.452858,0.879404,1
-0.194562,-1.16957,0.793905,0.771981,0.0811123,0.265187,0.536025,0.704425,-0.346468,0.0823997,0.050336,-0.1231,-0.329367,0.278204,0.18733,-0.846572,0.0139979,0.268121,0.0523112,0.775435,0.0384462,0.373785,-0.630102,-0.575808,-0.623997,-0.353891,0.00387567,-0.21606,-0.472911,-1.29837,-0.540464,0.00245159,0.422951,0.88015,1
0.214121,0.30803,-0.110137,0.0920398,-0.240657,-0.0268508,0.483484,0.389743,0.215478,-0.262238,0.00114955,-0.323947,-0.0913666,0.0316752,0.261033,-0.196728,-0.513129,0.118531,0.135952,-0.348965,-0.168519,-0.172862,0.0727327,-0.397943,0.681541,-0.339765,0.837442,-0.839003,-0.870011,-0.261854,0.336393,-0.427424,0.534821,0.823595,1
0.341033,0.36486,0.998034,0.694615,0.653292,0.94844,-0.54658,0.794688,-0.421529,-0.764776,0.173232,-0.837882,0.256575,-0.11933,0.310301,0.365153,0.449658,0.46803,0.375215,0.031785,-0.757069,-0.69908,-0.817567,-0.340661,-1.55277,-0.706003,0.0862661,-0.402518,-0.305576,0.143012,-0.39367,0.366471,0.449581,0.840766,1
0.358142,-0.080067,0.0968436,0.0214008,1.13322,-0.825097,0.314949,0.567226,-0.104249,0.266243,0.044479,-0.939728,-0.203914,-0.339467,0.322383,0.188762,-0.164251,0.363488,0.451258,1.48084,0.250846,-0.280364,-0.00766376,0.15798,-0.143247,-0.547372,-0.285431,0.108121,-0.43018,0.539149,0.540682,0.857198,0.56661,0.916219,1
-0.4208,0.618751,-0.253388,0.324535,0.489199,-0.156609,-0.40961,0.236345,0.217971,-0.495845,-0.258662,-0.496237,-0.179231,0.630071,0.262459,1.14708,-0.625582,0.610125,1.17084,0.185234,0.314036,-0.648025,-0.00201072,0.317061,0.374787,-0.139009,-0.829086,0.435886,0.126269,0.625644,0.098105,0.584293,0.492772,0.799515,1
0.212994,-0.104504,0.296491,0.283767,-0.0329726,-0.781506,0.147213,-0.583215,-0.437188,-0.596581,0.525152,-0.192586,-0.463593,-0.905923,0.659323,0.386508,-0.066522,0.351526,-0.00374348,0.880292,0.497282,0.098683,-1.02467,0.0466072,0.522528,0.0500953,0.85241,0.0484507,-0.316893,0.103336,0.497167,0.443076,0.480001,0.813567,1
-0.575049,-0.0497399,0.697653,0.843198,-0.111969,0.158607,-0.480304,0.24227,0.00653879,1.02916,-0.130909,-0.315182,-0.274464,0.619225,0.214895,-0.930589,-0.0918975,-0.257232,-0.602682,-0.319089,0.475439,-1.17608,-0.135688,-0.29673,0.152674,0.83459,0.298312,0.957504,-0.574841,-0.393351,0.575142,-0.278806,0.543461,0.774878,1
-1.01119,-0.390397,-0.122339,1.12966,0.0923808,0.266235,-0.596586,-0.253904,0.129669,0.198482,0.247998,0.0858025,0.248399,0.353987,0.461176,0.836427,-0.215132,0.177898,0.72954,0.171552,0.527243,0.166658,-0.941945,-0.355459,-0.138932,0.178419,-0.272089,-0.918957,-0.734679,-0.898291,0.107972,-0.367898,0.541547,0.930161,1
0.398019,0.517527,0.366565,0.253273,0.00820842,-0.643568,0.109398,1.15561,-0.164143,-0.372553,-0.435617,-0.879929,-0.461958,-0.546424,-0.758354,0.600047,-0.0920648,0.542655,-0.454778,-0.328862,-0.0630535,0.932134,-0.665464,0.187671,-0.869907,-0.393017,0.803334,0.0191405,0.524735,-0.0801038,-0.680585,-0.638829,0.428071,0.792045,1
-0.794424,0.273771,-0.041996,0.267177,-0.0468931,-0.242226,0.203251,-0.228374,-0.221392,-0.28602,0.297684,0.778218,-0.619872,-0.474766,0.184575,-0.475532,0.477464,-0.129697,-0.351038,0.574173,-0.167406,0.564964,0.536597,0.00448344,0.901881,0.634315,-0.211726,0.334929,1.03326,0.435784,0.0729551,0.315223,0.54059,0.870411,1
-0.17516,-0.235353,-0.134327,1.17747,-0.467031,-0.052685,0.594221,0.655005,-0.534077,0.292233,-1.19823,-0.391473,-0.280369,-0.664964,-0.229018,-0.153928,0.1615,-0.369992,0.597893,-0.412321,0.373457,0.283328,-0.35576,-0.36489,-0.148254,-0.207081,-0.0645729,-0.177443,-0.0154739,-0.596575,-0.351497,-0.531561,0.555803,0.77316,1
0.95428,-0.0803932,-0.390646,0.84483,-0.855859,0.528291,-0.652415,-0.909123,0.00730202,-0.0907875,-0.380701,-0.430126,-0.485225,0.0705886,-0.517837,0.763587,-0.0192555,-0.304193,1.09619,0.163931,-0.75774,0.810957,-0.0808676,0.645331,-0.112616,-0.114473,-0.370203,-0.259902,0.129699,-0.0897991,-0.0603071,0.889462,0.543618,0.82814,1
-0.226129,0.583179,-0.501003,-0.0781765,-0.415673,0.0994754,-0.278572,-0.354442,0.331684,0.164341,-0.0302672,0.0706715,-0.500513,0.273403,0.0156135,1.20659,0.645205,1.22735,0.047447,-0.0731909,0.482823,0.595754,0.202328,0.00978818,0.306463,0.396929,0.151131,-0.566557,0.422209,-0.758876,-1.44564,0.170198,0.555817,0.882194,1
0.118089,0.0112973,-0.0672495,0.240389,0.514759,-0.204586,-0.365493,0.1054,0.631264,-0.157655,0.474903,0.266818,-0.503136,-0.378437,0.482924,-0.636415,0.280316,0.270287,0.767859,0.434552,-0.00784659,-0.539074,-0.0298671,-0.0604098,-0.842856,-0.723655,-0.201278,-0.0749831,0.268336,0.802321,0.438974,0.758998,0.422108,0.909966,1
0.785873,-0.29374,-0.50061,-0.390012,-0.640115,0.484582,-0.578281,0.55515,0.0898518,0.89774,0.197168,-0.0393508,0.937977,0.685331,0.228226,-0.217683,-0.305253,-0.0815684,1.08539,-0.640049,0.543211,-0.843602,-0.234975,-0.506491,-0.134932,-0.214721,-0.189584,-0.892585,-0.195657,0.344527,0.140693,-0.177244,0.466129,0.834495,1
0.0678846,0.160137,-0.841771,0.743445,-0.166629,-0.0186524,0.2915,-0.118518,-0.511605,-0.161852,0.595376,0.32378,0.806859,-0.708488,-0.357448,-0.500963,-0.624953,-0.500034,-0.014054,-0.193316,-0.0879998,0.120901,0.386762,-0.349958,1.23111,0.253083,-0.56537,0.0815963,-0.0496609,0.197329,-0.202471,0.634353,0.431588,0.913588,1
0.398055,0.331395,0.272851,0.340636,0.161561,7.95,0.121006,0.212736,0.367219,0.298798,0.200354,0.395811,0.112906,0.252868,0.34121,0.211822,0.343917,0.391003,0.148803,0.299209,0.33071,0.367473,0.163253,0.151474,0.255829,0.308807,0.275536,0.312254,0.164105,0.139414,0.103527,0.345294,0.52,0.82,1
0.95,0.88,0.378249,-0.333947,-0.424956,0.202479,-0.147226,0.432488,-0.441388,-0.340118,0.239187,0.0413183,0.331732,-0.150557,-0.12976,-0.149071,-0.424034,-0.232698,0.184469,0.0757882,-0.0189382,-0.35952,-0.307485,-0.0161258,-0.0590636,0.36202,0.275446,-0.208358,0.238233,0.41283,0.35117,0.414374,0.48,0.2,0
0.271269,0.189631,0.242867,0.385699,0.212619,7.95,0.110353,0.212607,0.145469,0.160247,0.30851,0.185798,0.225783,0.21834,0.336258,0.36601,0.339575,0.118149,0.360834,0.177939,0.30798,0.179254,0.324697,0.297977,0.317255,0.363194,0.215408,0.105757,0.223563,0.151743,0.254258,0.250621,0.52,0.82,1
0.205192,0.144014,0.541808,-1.23967,0.0917449,0.189352,-0.0647089,-1.33095,-0.723935,0.313226,0.587879,-0.0207824,-0.943825,0.359426,-1.39361,0.0911376,-1.28618,-0.0295026,-0.181501,0.0489802,0.115443,-0.1748,-0.402106,0.710828,0.886836,-0.068968,0.356001,0.366979,0.434896,0.488154,0.13755,0.828369,0.422148,0.775447,1
0.271581,0.402388,1.13698,0.306299,-0.519686,-0.112152,0.485679,-0.051951,0.1877,0.622099,0.131878,-0.0260712,0.388528,-0.444142,0.724471,-0.295651,0.284758,-0.220249,-0.800337,0.858487,0.550253,0.71839,-0.518071,0.0272149,-0.67646,0.296815,-0.564965,-0.371824,-0.0842855,0.106501,0.187426,0.859009,0.479073,0.93686,1
0.966813,-0.910438,0.141441,0.0885756,0.262482,-0.0669126,0.0527952,-0.512396,-0.387307,-0.817841,-0.0865805,-1.08821,0.23624,0.0396998,-0.0144608,-0.0344742,0.376327,0.00424391,0.459261,0.0399467,0.0818027,-1.10366,0.0324951,0.246848,-0.162496,-0.232052,-0.570163,0.280019,-0.19761,-0.49446,-0.500432,0.584725,0.509274,0.776822,1
-0.225067,0.623011,0.320452,-0.379273,-0.0475466,0.485446,-0.0565052,-0.582143,-0.746284,-0.300956,0.100417,0.894961,-0.167,-0.487166,-0.0595077,0.316212,-0.16869,-0.79488,-0.464545,-0.197853,-0.403247,0.268497,0.261179,1.7623,0.168994,0.400013,-0.753401,-0.764791,-0.454427,0.0820008,-0.000293011,-0.252145,0.437239,0.803893,1
-0.159578,0.325897,0.0162467,0.41558,0.168655,0.400811,0.24418,0.545678,-0.426874,-0.351028,0.219965,-0.00898487,0.509716,0.499358,-0.165897,0.0397316,0.139966,-1.01703,0.561824,-0.478692,-0.258298,0.123224,-0.411649,0.34787,-0.79952,-0.919149,0.355919,0.546898,0.13575,0.0999941,0.420892,0.165231,0.490859,0.82855,1
0.307954,-0.784432,-0.444398,0.0604576,-0.574069,0.798771,-0.10882,0.559427,0.292211,0.581688,0.0109796,-0.428084,0.0709337,-0.29923,-0.813669,0.351264,0.19736,-0.688106,0.0817665,0.595712,0.494361,1.01131,0.0753673,-0.800786,0.663903,0.793453,-0.411822,-0.871155,0.151868,0.420005,0.158768,-0.102451,0.487433,0.788004,1
-0.182062,0.0206383,0.232074,0.74667,0.84821,0.237368,-0.719442,-0.160284,0.164826,-0.290922,-0.899547,-0.0718918,-0.365909,-0.0559113,0.840678,0.162466,-0.171143,-0.918779,0.466902,-0.0419908,-0.241374,0.349861,-0.136839,-0.268374,0.426262,0.38943,0.109048,-0.42163,-0.538403,-0.349469,-0.199173,0.596154,0.448441,0.786195,1
-0.813571,-0.312441,-0.454468,0.588764,0.130787,-0.106142,0.770011,1.33886,-0.673166,-0.357631,-0.161237,1.27649,0.16654,0.156496,-0.152304,-0.144656,-1.09189,-0.0845331,-0.575868,0.740612,0.0565114,1.23237,-0.178098,-0.195061,0.0122261,-1.17235,0.786454,0.486208,0.150678,-0.69172,0.130003,-0.632085,0.552119,0.855228,1
-0.0977466,0.86203,-0.0219319,0.306136,0.161575,-0.108744,0.553202,-0.751862,-0.414201,-0.133986,0.43909,0.407443,-0.0804219,0.128833,0.047724,0.475503,-0.2723,0.24827,-0.423239,-0.380295,0.117159,0.163452,0.61022,0.274607,-0.345615,0.168972,0.156312,0.0523228,-0.0329176,-0.24212,0.995261,-0.0482185,0.537831,0.801787,1
-0.332837,-0.228093,-0.0101857,-0.0964025,0.116531,-0.819341,-0.630218,-0.644576,0.50875,0.87642,-0.279713,1.27799,0.121545,0.138276,0.201307,-0.598366,0.401535,0.699695,-0.541643,-0.281036,-0.291619,-0.532614,-0.225663,0.900199,-0.321874,-0.0248412,-0.792298,0.288534,0.397355,0.50831,-0.0783803,0.697953,0.509833,0.788713,1
-0.356183,0.355234,0.713277,-0.14825,0.31297,-0.577902,0.462776,0.783113,0.517212,0.468871,-0.308265,-0.0866943,0.0584338,0.941129,0.567955,-0.188881,-0.147952,0.293075,-1.02098,-0.268364,0.530571,-0.67189,-0.734558,0.10182,0.0501673,-0.219024,0.307381,-0.37466,-0.936365,0.44978,-1.02149,0.37794,0.576035,0.793323,1
0.799742,-0.56561,0.672685,-0.42184,0.495794,0.289006,-0.7303,0.42254,0.549473,-0.151174,0.153871,-0.131054,0.803746,0.715124,0.487101,0.996054,0.0977765,-0.673897,0.626369,0.507436,-0.362322,-0.125006,0.0686511,-0.458916,0.460965,0.499948,0.103978,-0.150238,-0.0760767,-0.28329,0.235939,-0.839404,0.499292,0.813449,1
0.161907,-0.541357,-0.207796,0.0710963,0.143441,0.0743639,0.0500751,0.676885,-0.543555,0.369865,-0.893988,0.0732057,0.0551703,-0.274773,0.564847,-0.114637,-0.331152,-0.205773,0.199237,-0.410247,-0.253754,0.00343756,-0.0247084,0.144327,-0.66585,0.111343,-0.334124,-0.0576136,-0.393383,-0.548935,0.194841,-1.02922,0.543425,0.935984,1
0.310206,0.0846179,-0.361706,0.204249,0.655236,-0.0675853,0.354775,-0.386744,-0.33217,1.17897,-0.670486,-0.181723,-0.682573,0.474721,0.743951,0.596234,0.77074,-0.253059,0.890965,0.139559,0.623885,-0.463872,-0.232016,0.534835,-0.409665,-0.123113,-0.11521,-0.515625,0.0147518,-0.429028,-0.269672,-0.0604952,0.572485,0.83769,1
0.0940424,0.0222016,0.714326,0.275721,-0.687175,-0.184312,-0.792707,-0.0803893,0.332635,0.254371,-0.0066795,0.425168,-0.129123,-1.02395,-0.319376,-0.973339,-0.501843,-1.08275,0.771543,0.011346,0.313059,-0.388069,0.210935,0.436273,-0.116568,0.82858,0.168644,-0.467586,-0.148378,-0.580644,-0.479898,-0.732375,0.494483,0.932331,1
-0.388526,-0.237397,-0.0117001,-0.685073,-0.430153,0.0720994,0.0658404,0.253619,0.380578,-0.713976,-0.26877,-0.348789,-0.462974,-0.0337527,0.25367,-0.351402,-0.0804729,-0.353643,-0.373583,-1.07329,-0.288961,-0.56697,-0.526228,0.0331338,-0.316248,-0.145606,-0.0223833,-1.00907,0.430714,1.43853,-0.460255,-0.247182,0.521688,0.860669,1
-0.294561,-0.431772,0.0432011,0.643647,0.361007,0.707645,0.873107,0.774132,-0.302399,0.525836,-0.489215,-0.285214,0.00303791,-0.249891,-0.23385,-1.39528,0.438115,0.190043,0.613607,0.0931432,-0.508876,-0.966184,0.118735,-0.37656,-0.141445,-0.155575,0.195014,-0.380004,0.432038,0.477591,0.972581,-0.0509,0.47381,0.824161,1
0.530181,-0.912275,0.611255,-0.986758,-0.0566175,-0.595826,-0.159967,-0.126617,0.671534,-0.633901,-0.00372465,0.341487,0.485361,0.477671,-0.23882,-0.134427,-0.10757,0.12589,-0.268046,-0.386403,0.0421261,0.878752,-0.302268,0.62031,-0.673774,0.444897,-0.58719,-0.644146,0.0817203,0.750334,-1.19618,-0.422443,0.563491,0.812526,1
-0.557747,0.279445,-0.409223,-0.567999,-0.758195,0.0214779,-0.364233,0.760328,-0.706012,0.560145,0.231041,-0.0149209,-0.523921,-0.279458,0.235194,-0.38757,-0.365622,0.983519,0.789242,1.1957,-0.193662,-0.56482,-0.304436,0.348282,0.0124276,0.344386,-0.221182,-1.16661,0.0457386,-0.143577,-0.110988,0.890124,0.47141,0.937858,1
0.589565,0.630779,-0.499887,-0.396568,-0.687263,-0.0658877,0.490713,-0.625904,-0.435976,-0.132797,0.82946,-0.00779408,-0.670508,-0.0358399,0.00803787,-0.035189,-0.617708,0.595222,-0.287292,-0.62188,-0.168331,0.935107,0.190442,0.22006,0.662284,-1.02896,-0.210934,-0.0148137,0.457683,0.113218,0.580178,-0.107588,0.466734,0.826099,1
-0.378437,-0.213551,1.25809,0.274553,0.306505,0.819701,-0.671362,-0.411677,0.572852,0.110975,-0.62948,0.169712,0.382584,-0.551808,0.252117,0.0825624,1.41908,0.501247,0.337874,-0.259052,-0.288731,-0.25747,0.0872007,0.17412,-0.0280069,0.00385719,0.1822,0.204115,0.830049,-0.113025,-0.23377,-0.203558,0.569961,0.89207,1
0.251302,-0.469962,-0.979014,0.184589,0.153136,-0.666131,-0.583031,0.712942,1.18259,0.15216,-0.66586,1.15874,-0.0210707,-0.476981,-0.210175,1.21534,0.0471849,0.0982422,-0.761133,0.244527,-0.5995,0.486069,0.203832,-0.26371,0.130615,0.191007,0.70394,0.222891,0.592022,0.217363,0.274959,-0.317863,0.518482,0.930451,1
0.0452479,-1.22203,-0.867371,-0.104841,0.159041,0.54814,0.315401,-0.230619,0.344094,-0.832021,-0.0995748,0.0956093,0.202335,0.534865,-0.412102,0.0530569,-0.018197,-0.389081,-0.264952,0.115473,-1.03281,-0.237599,-0.111659,-0.0366562,-0.659583,0.835632,-0.893856,0.106953,0.917423,-0.1295,-0.0953894,-0.0923436,0.568332,0.858805,1
-0.464272,0.360696,-0.128647,0.456234,0.273438,-0.963753,0.125516,0.736371,-0.256336,-0.369096,-0.355877,0.288007,-0.587319,0.161875,0.44868,-0.327204,-0.530782,0.765084,0.942501,0.800278,0.273437,-0.717439,1.21141,-1.11632,-0.592857,0.762223,-0.557192,-0.242888,0.688857,-0.847161,0.569927,-0.336779,0.514165,0.900199,1
0.5262,0.623803,0.0809197,0.132052,-0.733922,-0.530238,0.39976,0.98719,0.420651,-0.689353,0.100433,-0.13542,0.243512,-0.145007,-1.12234,0.155702,-0.201826,0.068026,0.253254,0.39156,0.192351,0.0999494,0.398401,0.468348,-0.340532,-0.422544,0.480082,-1.02903,0.194244,0.00077487,-0.842089,1.08443,0.567995,0.761894,1
-0.322865,0.177144,-0.18009,0.543704,-0.0128695,-0.421069,0.242594,-0.0643223,-0.567424,-0.116162,-1.04104,0.156516,-0.482992,0.446497,-0.345387,0.026622,-0.390143,0.495388,0.106813,0.260356,-0.660964,0.767745,-0.168692,-0.0501114,-0.507892,-0.570944,-0.0440962,0.337898,-0.468548,0.266066,0.407554,-0.497645,0.457755,0.844513,1
-0.242648,-0.0749138,0.105518,0.72138,-0.102605,-1.07345,-0.420275,-0.665045,-0.117573,-0.637586,-0.377446,0.728232,-0.0857549,0.602593,-0.198874,0.136694,0.226123,0.32625,0.355744,0.52406,0.0683503,0.630369,-0.154766,0.0873559,-0.639001,0.260974,0.68061,0.596295,0.228149,0.260543,0.344873,-0.551532,0.561007,0.792244,1
-0.0379154,-0.606898,-0.387448,-0.519223,0.238525,-0.389204,0.451402,-0.0756669,0.104492,0.271842,-0.96451,0.542359,0.365313,1.18463,0.0534722,-0.427831,0.0566764,0.121053,1.16318,0.347431,-0.0665387,0.199593,-1.03112,-0.287187,0.670437,-0.00458626,-0.142007,-0.135387,-0.336887,0.0571794,0.269849,-0.56057,0.54328,0.866948,1
0.309522,0.285891,0.379936,0.346622,0.394595,7.95,0.354974,0.196552,0.285251,0.353518,0.214559,0.147727,0.317564,0.232739,0.256998,0.304004,0.201843,0.163295,0.222458,0.145314,0.328514,0.239453,0.39572,0.202723,0.194071,0.384515,0.179992,0.113112,0.350754,0.329682,0.25037,0.192531,0.52,0.82,1
-0.613482,0.54394,-0.517444,-0.126661,-0.541,-0.879942,0.870159,0.472937,-0.563148,0.524146,0.319456,-0.481776,-0.0754404,0.0641104,0.183804,0.268442,-0.0736328,-0.777861,-0.0167125,0.617417,-0.127893,-0.154643,-0.189769,-0.310261,-0.549707,0.187137,0.199778,0.0598575,-1.17316,0.781191,-0.0131509,1.22437,0.523885,0.906256,1
0.796551,0.633468,-0.671582,0.629031,0.823844,-0.33757,1.04219,0.519334,-0.185438,0.947342,0.584623,-0.338335,0.0948618,-0.346955,0.0850499,0.253487,-1.10078,0.00476977,-0.539911,0.375618,0.165659,-1.15204,-0.132183,0.356449,0.932322,-0.205286,0.0892249,-0.815755,0.112972,-0.38638,-0.174349,-0.225901,0.425845,0.942917,1
0.3232,-0.366542,-0.214462,-0.21907,-0.589117,0.323706,0.174386,0.230406,0.553731,0.640633,-0.0664147,-0.39465,0.262411,0.50472,0.212422,-0.531665,-0.514268,-0.341615,-0.208202,0.385084,0.398552,0.154234,-0.176003,-0.371515,0.977969,0.772189,0.0596152,-0.565125,0.0965553,-0.197432,-0.138555,0.66629,0.577724,0.94256,1
0.192862,-0.169035,0.32136,-0.178332,0.648119,-0.168279,-0.0570477,0.641551,0.441965,-0.0452189,-0.843289,-0.0331486,-0.403422,0.209935,0.0316415,0.040429,-0.167608,-0.260891,0.0484313,0.557641,0.0496752,0.131963,-0.0294312,0.710455,-0.17708,-0.393618,0.580285,-0.440188,0.409776,-0.239608,0.496453,-0.100053,0.426098,0.883512,1
-0.04991,-0.310318,0.0604249,-0.132958,-0.639517,0.138925,-0.197418,1.31197,-0.120202,-0.0425919,-0.636254,-0.479029,0.911752,-0.636541,0.508827,-0.198049,-0.129541,-0.393042,-0.137278,0.277473,-0.0487922,-0.360447,0.141834,-0.835829,-0.265945,0.0126643,0.0977092,0.536105,-0.0953971,-0.0575429,-0.0024002,-0.0170639,0.564255,0.828867,1
-0.123815,-0.00165379,0.569115,1.02248,-0.379398,0.862903,-0.494071,0.414321,-0.507901,-0.263627,-0.0666183,0.168269,-0.517685,0.406634,0.13536,0.368859,0.296124,-0.581455,-0.0551929,0.369126,0.809059,-0.579867,0.0521583,-0.201036,-0.792367,0.126621,-0.247296,0.203325,0.165702,0.203134,-0.179658,-0.0741987,0.457173,0.90611,1
0.719952,0.399724,0.00198589,0.308028,-0.296583,0.187407,0.0437352,0.587685,-0.01301,0.455821,-0.986719,-0.307429,-0.227528,-0.754475,0.686012,-0.164996,-0.36587,-0.698637,-0.39219,0.802225,-0.448668,-1.02053,1.20904,-0.125283,0.394852,-0.454628,0.627844,0.219962,-0.0271915,0.654277,-0.164122,0.473346,0.442615,0.926127,1
0.336421,-0.468756,-0.682789,0.773279,-0.800697,0.101786,0.0793124,0.166219,-1.23378,0.47671,-0.69097,-0.395055,-0.279477,-0.642987,-0.339197,-0.53491,0.831447,-0.498632,-0.33073,-0.428135,-0.537841,0.235502,0.379684,0.35855,-0.214425,0.053506,0.205598,0.139596,0.178427,-0.0207341,0.409004,-0.314186,0.512726,0.761741,1
-0.0368133,0.968526,-0.116407,0.470398,0.385032,-0.0201952,0.0965443,0.112858,0.3002,-0.361781,-0.607555,-0.804605,0.441785,-0.106596,0.130627,-0.135891,-0.280603,-0.317749,0.0961286,-0.635802,1.39338,-0.963785,0.413492,0.149931,0.364975,0.0857045,0.447574,1.01002,-0.169265,-0.564432,1.09472,0.0887975,0.54314,0.893187,1
0.0723581,-0.17941,0.430031,0.361107,-0.787505,0.302662,0.679573,0.26477,0.369717,-0.0538843,0.0561349,-0.0753767,-0.471387,-0.231746,0.119885,0.12426,-0.0378281,0.184347,-0.670007,-0.223827,0.346298,0.0274686,-0.518423,-0.631786,0.380121,0.0585503,-0.0988621,0.186634,0.438783,-0.443928,-0.166513,0.717468,0.51633,0.824112,1
-0.195549,0.00577114,-0.290414,0.0872124,0.119546,-0.234483,-0.62121,0.112042,0.396582,-0.0115057,-0.182211,0.249277,-0.297834,-0.127671,-0.863398,-0.241685,-0.203462,-0.390585,-0.313399,-0.292972,0.172661,-0.694852,-0.319233,1.02191,0.265682,0.425481,-0.467158,-0.0609711,-0.0223971,-0.459775,0.461292,0.127655,0.500936,0.927501,1
-0.14721,0.734706,-0.436212,-0.605069,0.0235404,-1.07997,-0.475583,-0.338109,-0.521844,0.190668,-0.151773,0.998333,0.121117,-1.21106,0.811403,-0.217965,0.359627,0.110097,1.28016,-0.652832,-1.09916,-0.493726,0.401327,-0.350929,0.825902,-0.175878,-0.811913,0.196714,0.648684,-0.0695724,1.24751,-0.392255,0.456973,0.934869,1
-0.825622,-1.54189,0.228151,0.165286,0.309777,-0.197813,-0.463402,0.306587,0.0647809,-0.00412147,-0.228327,0.295639,-0.0588983,-0.103631,-0.48838,-0.036827,-0.09395,-0.245203,-0.547251,-0.101518,0.0477032,-0.108293,-1.2983,-0.582941,1.04287,-0.128414,-0.413094,0.647464,-0.213362,-0.199364,0.0403917,0.411583,0.441803,0.835939,1
-0.538092,1.22577,-0.365481,0.278887,1.08219,0.86318,0.424612,0.803284,0.410829,0.287876,-0.389078,-1.16813,0.232772,0.317391,0.0558104,0.502862,0.383824,-0.842445,-0.130517,0.467328,-0.0224435,-0.155151,0.0222066,0.114077,0.271776,0.533674,0.224373,-0.601684,0.583753,1.07372,-0.281679,0.241336,0.491926,0.926253,1
0.188374,0.330787,0.506304,-0.517778,-0.342423,-0.11709,0.27869,0.557898,0.738836,-0.382061,0.224872,-0.781121,0.10334,0.449765,0.293194,0.416872,-0.702965,0.287051,-0.490295,-0.568491,0.59545,0.658281,-0.114832,-1.20104,-0.241559,0.474334,-0.199845,0.0191729,-0.319599,-0.412576,-0.605556,-0.677818,0.450751,0.825254,1
0.138239,0.113648,-0.00402045,-0.390718,-0.46294,0.551822,0.623527,-0.100486,-0.829669,0.311136,0.702445,0.372622,-0.732368,-0.834778,-0.00394341,-0.27327,0.516979,-0.343578,0.0262473,-0.468727,0.151146,0.664047,-0.160329,-0.134944,-0.573733,-0.156049,-1.38422,-0.552884,0.246685,0.056768,-0.39166,0.0935258,0.547455,0.936508,1
0.396271,0.791465,0.259969,-0.092733,0.707101,0.391533,0.202674,0.107088,-0.468485,-0.752506,-0.232156,-0.319348,-0.677051,0.630646,-0.871065,-0.815408,-0.377165,-0.311347,-0.941051,0.187924,0.394922,0.622339,-0.758883,-0.110619,-0.0468833,-0.109507,0.37597,-0.129024,-1.04022,0.11854,0.350283,-0.467464,0.430876,0.935023,1
0.307944,0.240082,0.539327,-0.0124473,0.856919,1.27191,-0.544419,-0.874725,-0.221661,0.0762317,-0.0171939,0.522785,0.674874,-0.366947,-0.275801,0.44834,0.678257,-0.213901,-0.624366,0.213302,-0.320703,0.204057,-0.755505,-0.0902665,-0.607587,-0.325091,-0.401811,-0.0414646,-0.0340923,0.0121854,-0.0585913,-0.835454,0.530941,0.933451,1
0.788765,0.17956,-0.034593,0.821324,0.153895,-0.500197,-0.619588,-0.101208,0.314844,-0.293836,0.0494459,-0.770969,0.323968,0.957154,-0.467787,-0.368482,0.120795,-0.268038,0.0420911,0.261698,0.222998,-0.476594,0.163426,0.206161,-0.174334,-0.168548,-0.262168,-0.187469,-0.148981,0.631051,0.926649,0.782959,0.571455,0.803548,1
-0.30605,-0.016107,0.353112,-0.548994,0.437268,0.127466,0.375884,-0.710852,0.412357,0.462445,-0.333727,-0.30024,0.0431238,0.419081,0.599205,-0.15548,-0.297786,0.954473,0.0831756,-0.437463,0.556978,0.00079876,0.705644,0.718143,-0.54023,-0.235467,-0.256101,-0.036118,-0.824773,-0.526998,-0.0901302,-0.139224,0.489018,0.779125,1
-0.0219289,0.275581,0.250075,1.34934,0.284061,-0.766626,0.346312,-0.593694,0.414766,-0.0409819,-0.541857,-0.2435,0.359504,1.65613,-0.325775,-0.339668,0.931797,0.214118,-0.00650753,-0.0500123,0.0685826,-0.541389,-0.865623,0.0693254,-0.433174,-0.420189,0.386375,0.1331,-0.291089,0.614224,0.0222682,0.495693,0.467078,0.854562,1
-0.0687672,-0.116722,-0.311331,0.355065,-0.373171,-0.076562,0.663714,-0.24766,-0.259037,0.468157,-0.489202,-0.409265,-0.110612,-0.216924,0.37427,-0.309389,-0.359043,-0.913797,-0.445906,-0.619746,0.353429,0.688329,0.0620336,0.46624,0.234796,0.693954,0.266237,-0.726525,-0.572661,0.0185752,-0.369947,0.106305,0.421154,0.849194,1
0.646241,0.353026,-0.0657347,-0.0758284,-0.51754,0.543456,0.400768,-0.0388143,0.166783,0.647239,0.269998,0.122003,-0.538729,0.693104,0.18815,0.126086,-0.0485394,-0.240241,0.0901208,-0.938444,0.122555,-1.02976,-0.377789,-1.09915,-0.831513,-0.0182729,0.358833,0.135229,-0.101084,-0.120529,1.2575,0.887259,0.508929,0.800645,1
0.170781,0.148217,0.605245,0.169682,0.361094,-0.245167,0.416708,-0.44228,-0.124131,0.430805,-1.05805,-0.477574,-0.328226,0.338666,0.298176,-1.0132,0.293919,0.833981,0.950332,-0.0725732,0.611425,-0.103521,-0.00943535,0.159308,-0.533774,0.344021,-0.841716,-0.14066,0.0105223,-1.26488,0.00919717,-0.595535,0.534737,0.905487,1
-0.723701,0.723402,0.349627,0.661124,0.379212,0.423331,-0.316178,0.318132,0.363073,-0.0716287,-0.170423,-0.322437,0.549815,0.250369,-0.289957,0.603895,-0.152179,0.109563,-0.434918,-1.23983,-0.834764,0.06135,0.197155,-0.164298,0.153686,0.242715,-0.537725,-0.384418,0.381966,0.31884,-0.66386,0.612361,0.528345,0.886176,1
0.229893,0.453849,0.0556795,-1.08785,-0.800821,0.19776,0.468921,-0.830183,0.0821211,-0.377155,-0.845509,-0.866547,-0.248573,-0.263052,0.451956,0.426205,0.571393,-0.738002,0.568129,0.659244,0.185826,-0.00829678,0.609905,-1.94244,0.0610326,-0.6601,-0.434222,0.559849,0.264427,0.268022,0.7913,0.348769,0.437373,0.762853,1
0.0747402,1.06398,-0.267842,-0.948498,-0.283725,0.0219424,0.334337,-0.14559,-1.48251,0.155837,-0.238263,-0.231852,0.444474,0.104464,-0.0511585,0.877354,0.295775,0.282096,-0.506464,-1.05112,-0.606285,-0.364857,0.508033,0.195929,-0.815825,0.186608,-0.287486,-0.497235,0.764209,-0.0270715,0.733117,-0.960801,0.567466,0.847474,1
-0.191143,1.0476,-0.351054,-0.039183,-0.48753,-0.39337,-0.37708,0.319033,0.332589,0.251754,-0.609927,0.838197,0.727159,-0.170661,0.24904,-0.203641,0.423198,0.283525,-0.244303,0.737189,-0.560616,-0.0950794,-0.3498,0.0516503,-0.440905,-0.43661,-0.291313,-0.561246,0.563899,-0.621587,-0.191138,0.28163,0.531534,0.809383,1
0.00705702,-0.349793,0.221105,-0.821782,0.176289,-0.235824,0.826096,-0.0678466,-0.0353557,-0.05526,0.508217,-0.037989,-0.230098,0.0138841,-0.239706,0.586379,-0.0158222,0.129494,-0.388756,-0.380706,-0.416917,0.12967,0.413471,0.272624,-0.436467,-0.594634,0.352557,-0.502116,0.350849,-0.519619,0.490179,0.122965,0.496051,0.916027,1
0.231175,-0.771891,-0.256383,0.0807197,-0.630623,-0.017297,0.904469,-0.719532,-0.204939,0.257374,-0.68594,0.585043,-0.177343,-0.554475,-1.23119,0.0505435,0.49447,-0.528021,0.415911,0.16176,0.138244,-0.702321,0.0542705,-0.540323,-0.148204,-0.588895,-0.495125,0.879836,0.671501,-0.0690874,-0.381524,0.208806,0.526012,0.76952,1
-0.265548,0.386151,-0.337553,0.0826832,-0.136181,0.91734,0.459913,-0.398571,0.397812,-0.237706,0.709798,-0.0152253,0.680978,0.490211,-0.727686,-0.144368,0.000195784,0.141566,-0.272504,-0.218522,0.37979,-0.579596,0.0752115,-0.351321,0.423178,-0.394291,-0.493721,-0.14535,-0.754667,0.131194,-0.703504,-0.162016,0.569583,0.76082,1
0.539505,0.261661,0.511407,0.421194,-0.114653,0.0761162,0.62965,0.0234893,0.270446,-0.716567,-0.177897,0.439538,0.104736,-0.0775788,-0.688053,-0.0347645,1.67174,0.49993,0.00226988,-0.130061,-0.969336,0.347221,0.377194,0.0799737,0.000612241,-0.331245,0.55704,-0.807702,-0.350592,-0.627494,0.273818,-0.0990521,0.500317,0.94628,1
0.00843588,-0.180302,0.192554,-0.398588,-0.119021,0.060843,-0.0383476,-0.459432,-0.313709,0.360304,-0.137464,0.582342,0.0054968,-0.135871,-0.235621,1.1798,-0.233912,0.311376,-0.0887119,-0.177938,-0.00711377,0.654828,-1.35757,-0.0426075,0.1214,-0.228562,-0.224923,0.231704,-0.697291,0.103301,0.260375,0.113394,0.517329,0.833785,1
0.314868,-0.426007,0.0474204,-0.41922,-0.585096,-0.662903,0.0773709,-0.0491292,0.707732,0.274681,-0.410808,0.409481,-0.744254,0.370239,0.555872,0.355898,0.35188,-0.33457,0.420023,-0.412235,0.860648,-0.664102,-0.290397,0.0675379,0.529607,0.432015,0.316717,0.598632,-0.115883,0.255842,0.82882,0.893502,0.527937,0.910798,1
-0.320332,0.214393,0.0339047,-0.730171,0.550495,0.472749,-0.224322,1.06312,0.164129,-0.29943,-0.413826,0.0468091,0.368217,-0.568073,0.831648,0.24571,-0.317381,0.0331513,0.0500492,-0.574963,0.400405,-1.23558,0.0934141,0.903823,0.316548,-0.413353,0.0516652,-0.123772,-0.41828,1.47671,-0.237579,-0.0760189,0.450901,0.765908,1
-0.558665,0.273603,0.79641,0.342321,-0.378239,-0.249288,0.1332,-0.55263,0.40582,0.451073,-0.505958,-0.338487,0.205464,-0.681238,-0.731409,-0.714929,0.248963,-0.257569,-0.304057,-0.929779,1.00302,0.0317825,0.404377,-0.730048,-0.253803,-0.115366,0.138954,0.580694,-0.583467,-0.787293,0.0898533,0.321755,0.484064,0.909928,1
0.502026,-0.274656,-0.270372,0.062184,-0.21023,-0.255871,-0.297036,0.115584,-0.00117797,-0.976018,-0.077691,-0.407553,0.865555,0.455731,-0.721553,0.61234,-0.481985,-0.439572,-0.00463661,-0.409931,-0.725756,0.314566,0.0146434,0.38814,-0.0654913,-0.421623,0.460523,0.200039,-0.133109,-1.39907,-0.123084,-0.476172,0.505641,0.876203,1
-1.24291,-0.107244,0.0504556,-0.00523195,-0.198562,0.11041,0.0472588,0.108328,1.08633,0.163899,0.453307,0.330176,0.449564,-0.0249228,-0.371448,-0.685378,0.233535,-0.0321142,0.1342,-0.636403,0.615132,-0.568439,-0.508918,-0.418464,0.0979739,0.103007,0.0906932,0.146591,0.572927,0.391936,0.605488,-0.111786,0.4583,0.902968,1
0.302603,0.0425184,-0.0708279,0.47486,-0.107016,-0.167832,-0.637176,-0.0231092,0.0875157,-0.429861,0.173731,-0.608534,-0.511831,-0.29429,-0.61529,0.646888,-0.129122,0.609832,0.0840072,-0.62308,0.422797,0.290049,-0.230599,0.996242,-0.0778081,0.576102,-0.486012,-0.151935,0.113105,-0.396215,-0.334035,-0.549842,0.501005,0.873169,1
-0.161927,-0.0222436,0.515754,-0.181614,-0.361303,-0.571121,0.680345,-0.348845,-0.13404,0.439839,0.435117,-1.46815,-0.0306996,-0.678627,1.15637,-0.211149,0.019704,0.311656,-0.333909,0.146957,0.509897,-0.550643,0.264859,0.699579,-0.207653,0.428724,-0.0767902,-0.2084,-0.339058,0.363533,-0.567898,0.169102,0.540018,0.873712,1
-0.165764,0.506933,0.234161,0.0970393,-0.622147,-0.16418,-0.237541,0.766573,-0.0814909,0.344469,-0.290226,-0.795041,-0.00428525,-0.435053,0.536751,-1.07172,-0.109393,-0.482475,0.202674,0.407998,0.186595,0.230082,-0.401348,0.175525,-0.840217,0.127774,-0.161109,0.519638,-0.156242,0.407972,-0.185635,0.122669,0.487192,0.895673,1
-0.0140854,-0.597166,0.12957,0.613688,0.0263643,0.586339,0.411261,-0.1284,-0.00408088,0.430479,0.130044,-0.917341,-0.129629,0.0639837,-0.28293,0.030009,0.444298,0.0956066,0.0854975,-0.203627,-0.135443,0.828826,0.148741,0.230458,-0.165841,0.117634,-0.422849,-0.120451,1.06889,0.332622,-0.0987055,-0.277667,0.483793,0.881509,1
0.0348929,0.216251,-0.676292,-0.0258351,-0.00867443,0.99792,0.0625103,0.199757,0.886109,0.181257,-0.0158761,0.117605,0.0145682,0.394601,-0.0303892,-0.198265,-0.0280341,0.324652,-0.126523,0.775225,0.243445,0.78781,0.384627,0.0905377,0.272023,0.603141,-0.509232,-0.187516,-1.08154,-0.528826,-0.436341,0.156813,0.470748,0.854475,1
0.864422,0.294395,-0.405363,0.0590225,-0.393907,0.35079,0.341094,-0.508988,0.434722,-0.17054,-0.429624,0.776505,0.164269,0.200874,-0.0212344,0.633692,-0.0191788,-0.113559,0.174148,-0.780721,-0.120492,0.530308,0.0784673,-0.615438,0.00735552,-0.569389,0.457714,0.249742,-0.631671,-0.979855,0.380881,-0.089305,0.519631,0.830866,1
-0.172721,0.150675,0.638571,0.250195,-0.121794,-0.81556,-0.412652,-0.57935,-0.365779,0.012653,-0.79067,0.184241,-0.0638969,-0.16375,-0.0465493,0.104647,-0.25833,0.0716674,0.735129,-0.182071,-0.0192126,-0.298471,0.189511,-0.0173123,-0.500551,-0.329259,-0.146955,-0.473025,0.393537,-0.081963,0.752422,0.553675,0.454088,0.913709,1
0.104432,0.552231,-0.749422,-0.346065,-0.371538,0.00989372,-0.179356,0.0647676,0.38661,0.0188757,-0.0194779,0.0427096,0.0541573,-0.417542,0.174586,-0.675852,0.19026,-0.296348,-0.354878,-0.353866,0.0865161,0.0235203,-0.308772,0.253686,0.276739,-0.0185811,0.380081,-0.50374,0.369404,-0.437636,-0.294163,-0.092784,0.575089,0.91237,1
0.601432,0.0932136,-0.272005,0.0361124,-0.256056,0.379716,-0.726799,0.398345,0.0798269,0.160452,0.0326608,0.228805,-0.414545,0.725484,-0.286633,1.12337,0.452372,-0.25043,0.0221458,0.220029,0.421246,0.252493,-0.143728,-0.771665,0.296853,-0.110526,0.377694,-0.569767,-0.103918,-0.0359484,-0.213927,0.926428,0.569278,0.914658,1
0.0185719,-0.608274,0.693615,-0.195391,0.191108,0.472046,-0.0422983,-0.511869,-0.271719,0.277681,0.286284,0.144577,0.305281,-0.304012,-0.319811,-0.220116,0.509909,0.666675,-0.489047,-1.57244,-0.0147736,-0.0219652,-0.328378,0.305603,-1.50628,-0.140887,0.935625,0.000638051,0.0912941,0.751281,-0.702102,-0.203303,0.44127,0.863157,1
0.677489,-0.567765,0.466001,-0.0728783,0.501553,-0.342474,-0.552995,0.745403,0.364186,0.2312,-0.451674,-0.170975,0.396255,0.15189,-0.615321,0.569677,0.160394,-1.19432,0.58658,-0.0846743,-0.400114,0.643716,-0.00579951,-0.262715,-0.147656,0.0144426,-0.0156737,-0.161925,0.19148,-0.326363,-0.182806,-0.101057,0.430825,0.836449,1
0.521281,-0.898376,-1.09125,0.294964,1.00106,0.215909,0.276331,-1.13507,-0.451125,0.0740714,-0.0139603,-0.381901,-0.18319,0.205454,-0.157002,0.047538,0.477484,-0.190152,-0.103053,0.385192,0.724849,0.0705174,-0.0645039,-0.426294,0.356471,-0.0862223,-0.494151,0.72455,-0.486675,0.324646,0.920827,0.608393,0.444794,0.789938,1
0.341844,0.305426,1.3656,-0.0789168,0.0846662,0.17962,0.106676,-0.0782034,-0.0800504,0.108099,-0.555632,-0.475912,-0.220915,0.0989694,-0.744149,0.219413,1.38945,0.482647,-0.268312,-0.892543,-0.273821,-0.424198,0.173761,-0.629839,0.19099,0.0743238,-0.456355,0.25549,0.270308,-0.0680717,-0.0349653,-0.165564,0.542326,0.862148,1
-0.317035,-0.0567198,0.316478,-0.738724,-0.129041,0.372294,-0.121364,0.706621,0.110128,0.424474,0.219152,1.05462,-0.314641,0.132677,0.184845,-0.190559,-0.257215,-0.417691,-0.262167,-0.394595,-0.265553,-0.230875,-0.0599942,0.36345,-0.138622,0.662969,-0.0110187,0.381362,0.302455,-0.649708,-0.68219,-0.0417695,0.543574,0.930141,1
-0.341551,-0.177958,-0.766026,0.766771,0.161197,-0.396282,-0.351657,0.519915,-0.245861,1.04174,-0.473724,-0.161733,-0.106728,0.17693,-0.797609,0.438605,-0.302315,0.235076,-0.209629,0.442913,0.369046,0.611565,-0.266949,-0.201362,-0.554696,0.138905,-0.643376,0.947418,0.244863,0.245385,0.146757,0.212236,0.423166,0.936968,1
0.767051,-0.252566,-0.442109,-0.165949,0.206575,0.0452786,-0.0811604,0.0788404,0.036437,-0.757726,-0.610482,-0.361676,-0.352767,0.0604723,0.798366,-0.376378,-0.276056,0.889073,-0.743935,1.00802,-0.469174,0.188353,-0.40157,0.110272,0.146321,-0.716785,-0.315537,0.471288,-0.0996569,0.0993256,0.0862368,-1.06581,0.565568,0.934725,1
-0.430218,-0.175159,0.232645,-0.862215,0.427194,-0.308904,-0.301769,-0.589305,0.430616,0.623567,-0.258347,-0.195088,0.0562334,0.79318,-0.265632,-0.286715,-0.183395,-0.627781,-0.134056,-0.496508,0.114309,0.0304497,0.781816,0.512591,-0.222579,0.344703,0.00105752,0.586656,-0.0419477,0.492233,0.874427,-0.275564,0.49587,0.765591,1
0.171119,0.477348,1.20922,0.163361,0.410408,0.925994,-0.139766,0.103818,-0.206458,-0.17741,0.250915,0.352988,0.605711,0.0492944,-0.229958,-0.152583,-0.0964262,-0.0984923,-0.343479,1.10473,0.129053,0.449198,-0.986858,-0.525051,-0.32418,0.146588,0.415959,-0.671335,0.220207,1.15983,-0.203077,-0.269898,0.562582,0.932141,1
-0.555509,-0.234421,0.712919,0.0915349,0.0659138,0.412718,0.781372,-0.0118161,-0.120239,-0.558607,0.538181,0.139611,0.403941,0.507944,-0.0542013,-0.0525055,-0.308054,-0.372243,1.18042,-0.357267,-0.103427,-0.766442,-0.2153,0.511835,-1.04604,-0.56225,0.873489,0.365273,0.41504,-0.719417,-0.0667855,-0.0721681,0.572212,0.810986,1
0.292823,-0.573565,-0.525094,-1.02287,0.373984,-0.0919276,0.193053,0.267578,0.167774,-0.125789,0.0423085,-0.303442,0.539926,0.00996997,-0.439955,-0.510457,0.907488,0.0564254,1.28525,-0.0704889,-0.591442,0.364621,-0.473416,0.0460583,-0.247593,0.353271,-0.0291248,-1.34652,0.0771327,0.245827,-0.0548473,-1.3058,0.487144,0.87142,1
-0.914633,0.170442,-0.603064,-0.0133347,0.233877,-0.516387,-0.77633,-0.754709,-0.495003,-0.389865,0.135262,0.108211,-0.442496,0.114697,0.506157,-0.00354448,0.226077,0.232643,0.22335,0.212894,0.265269,0.182235,-0.0181593,0.22524,-1.07893,0.292249,0.109197,0.15456,0.101437,-0.597594,-0.339715,0.364585,0.530066,0.922392,1
0.528002,-1.13048,0.208703,-0.461793,0.8226,-0.0267858,0.163676,0.0693677,-0.0101227,0.360081,-0.123876,0.632531,-0.0714093,0.087517,0.0215194,0.827771,0.436537,-0.402537,0.117638,0.90255,-0.542352,0.419401,0.225262,0.40214,0.864967,-0.211222,-0.358618,0.154839,-0.428164,0.15516,0.103684,-0.107921,0.505462,0.829466,1
-1.14214,-0.515066,-0.63671,-0.885046,0.508065,0.202895,0.640846,0.177221,-0.826628,-0.119664,-0.197831,-0.69996,-0.3983,-0.74945,-0.191287,0.0774748,-0.376173,-0.168363,-0.0197113,-0.181343,0.175247,-0.217891,0.0132856,-0.358839,0.152908,-0.372147,0.206779,-0.53328,-0.0981984,-0.0252256,-0.433811,-0.581701,0.532564,0.949426,1
0.233316,-0.449463,0.244679,0.474926,-0.419045,0.635927,1.33741,0.410834,0.156466,0.157183,0.353152,0.00544186,-0.258372,-0.886283,-0.755265,1.18651,0.703454,0.155596,-0.570166,0.311473,-0.325156,0.106973,0.0310113,0.240816,-0.196092,0.571601,0.0307717,-0.23968,0.309478,-0.111845,-0.368436,0.715342,0.488612,0.831159,1
-0.574411,-0.845392,0.227929,-0.0857825,0.126714,-0.763105,0.742127,0.358637,0.15562,0.0138196,-0.408587,-0.68593,-0.859254,-0.972104,1.16637,-0.0532346,-0.0266838,0.871445,0.915101,0.362324,0.372061,-0.740204,-0.569648,0.162797,-0.278783,0.053561,-0.377244,-0.858878,0.785942,0.456226,-0.570341,-0.202043,0.535356,0.836872,1
-0.594615,0.175765,-0.562815,-0.44833,-0.268591,0.269083,0.531387,0.923244,-0.511622,-0.340968,-0.260204,-0.0542554,0.0812596,-0.456636,-0.212493,-0.687806,-0.653096,0.11213,-0.715545,0.193971,0.41358,0.193439,-0.247673,-0.0552083,-0.541943,-0.619304,-0.325112,0.662042,-0.702276,0.325393,-0.820273,0.209938,0.458134,0.886044,1
1.03238,-0.140442,0.0827634,0.242709,0.637125,-0.469425,-0.183674,0.404148,-0.890441,-0.596191,-0.172579,0.63682,0.794638,0.468045,-0.395161,0.345509,-1.53986,0.441158,-0.0329505,0.581403,-0.197844,0.299122,-0.607379,0.956137,-0.13821,-0.687075,-0.17528,-0.178984,-0.0774608,0.13218,0.449974,0.567427,0.445403,0.860538,1
0.366934,0.225809,0.498405,-0.347469,0.105507,-0.625408,-0.5282,0.281641,0.12496,-0.398587,0.00535286,0.0608829,-0.051295,0.368098,0.696968,0.365211,0.231085,0.0241033,0.738399,-0.0666885,-0.383979,-0.135699,-0.517122,-0.263983,-0.122825,-0.0272056,-0.764381,0.145202,0.611717,0.353975,0.193421,-0.362926,0.498239,0.947084,1
-0.709116,-0.728778,0.468661,-0.0610074,0.179157,-0.449293,0.677252,-0.212758,-0.435883,0.181068,0.415083,-0.0109906,0.807436,-0.269216,0.0792591,0.867088,0.465623,-0.730059,-0.134615,-0.610646,0.33479,-0.00639755,0.318603,0.492566,0.0141732,-0.473406,0.349805,0.339297,-0.602692,-0.0581303,0.11282,-0.517692,0.476952,0.777291,1
0.693014,-0.526909,0.972692,0.097225,-0.514246,0.0340164,-0.379663,-0.721139,0.318459,-0.583512,-0.70375,0.24591,0.193983,0.437215,-0.852691,-0.00634949,-0.551428,-0.237231,0.276298,0.0443457,0.149324,0.472324,-0.124749,-0.439637,-0.0394467,0.333424,0.336975,0.692943,0.470422,0.271842,0.283947,0.251837,0.522993,0.918039,1
0.132263,0.189257,0.0399439,0.252718,0.507406,0.200964,0.393926,0.505178,0.190109,0.0414879,0.268639,-0.157919,0.697289,-0.595707,0.51315,0.507116,-0.827753,-0.430208,-0.259447,0.304908,-0.638221,0.442852,-1.17729,-0.186496,-0.161102,-0.47925,0.0445998,-0.566977,-0.682106,0.670583,1.13094,0.906908,0.534233,0.82819,1
-0.263487,-0.101146,-0.0627807,-0.133773,0.913802,0.746321,-0.0909038,-0.491856,0.192278,-0.537426,-0.616433,-0.379897,0.556502,-0.596747,0.327628,-0.166846,-0.0677159,-0.699601,-0.0684896,-0.411363,0.00168067,-0.0803732,0.540806,-0.296461,0.722048,0.259337,-0.507364,-0.534691,-0.086506,0.572788,-0.0456952,0.375611,0.489266,0.807476,1
-0.0281615,0.565988,0.190126,-0.0916549,0.29316,-0.155356,0.522523,-1.13869,0.460176,0.311532,0.684974,-0.0731204,0.144744,0.287916,-0.800525,0.524147,0.0154056,1.30843,-0.265349,-0.183925,0.53868,0.757423,0.154824,-0.271586,-0.0353516,-0.0627248,0.315457,0.504988,-0.934107,1.24703,-0.632829,-0.16978,0.481834,0.795261,1
-0.0595148,-0.293394,-0.380217,0.474948,-0.0297373,0.363264,0.186198,-0.473756,0.302636,-0.6128,-0.360022,-0.101785,0.688478,0.682171,0.524513,-0.41877,-0.29796,-0.222177,-0.229986,-0.861361,0.566962,-0.136457,0.739316,-0.0814051,0.303774,0.152363,-0.171034,0.93942,0.738881,0.292863,0.521518,-0.193799,0.428491,0.846765,1
0.404933,-0.0460157,0.88612,0.0694543,-0.0959085,-0.602056,0.656723,0.180355,-0.573741,0.021891,-0.421706,0.691645,0.395323,0.26555,-0.0364753,-0.000191245,-0.738643,0.657631,0.132073,-0.208108,-0.817662,-0.171585,-0.378472,0.337829,-0.155579,0.680029,0.620158,-0.677147,-0.149216,0.628804,-0.0105941,0.504575,0.538395,0.773648,1
0.936061,-0.920535,0.543471,0.419985,-0.403551,0.0955753,0.309381,-0.158662,-0.125034,0.291716,-0.321843,-0.221243,0.488834,-0.0149006,0.558583,-0.0853582,-0.200795,0.530101,-0.0210691,-0.111619,-0.106755,-0.086668,-0.861752,0.20465,-0.463701,-0.0248863,-0.123512,0.264811,-0.393002,0.00680643,0.495332,0.043575,0.472032,0.782643,1
0.196897,0.291737,0.342405,0.208176,0.322503,7.95,0.258758,0.30798,0.111968,0.130697,0.385963,0.374805,0.287943,0.106792,0.315295,0.101849,0.23676,0.293961,0.218417,0.201967,0.376577,0.210852,0.259081,0.295361,0.147883,0.207129,0.155756,0.145629,0.298722,0.130346,0.245411,0.22426,0.52,0.82,1
0.0834445,-0.0674854,-0.07972,1.35466,-1.01086,0.460883,-0.432037,-0.26142,-0.184914,0.455356,0.351449,-0.37471,-0.47821,-0.162613,0.196561,-0.355429,-0.375627,-0.272701,-0.371177,-0.507807,-1.32764,0.0767846,-0.401843,-0.3695,0.111447,0.486209,0.454675,-0.117634,-0.286303,-0.360358,0.170693,-0.00738279,0.558148,0.879774,1
-0.291371,-0.742033,-0.111328,0.00324948,0.808074,-0.386813,0.099653,-0.294207,-0.134691,-0.196624,0.989926,0.330509,-0.0988726,-0.68416,-0.224928,1.13916,0.354999,0.453434,0.280505,-0.314101,-0.378863,0.327762,-0.311226,0.0375774,-1.00359,0.568465,-0.440104,-0.655555,-0.0592872,0.465957,0.243357,0.274128,0.541966,0.7864,1
-0.516925,-0.235655,-0.240925,-0.214524,0.632567,-0.596136,-0.695656,-0.460878,0.159247,0.535331,0.581803,-0.555008,0.303244,-0.373803,-0.142463,-0.138297,-0.0339985,0.533824,0.481515,0.481569,-0.478192,-0.0283505,0.767828,0.9936,0.596594,-0.32833,-0.459798,-0.259783,-0.0546892,-0.0158023,0.0286293,0.237782,0.569858,0.840844,1
0.562359,-0.490444,-0.103258,-0.623879,-0.0685768,0.668882,-0.734921,0.551502,0.481906,0.0504212,-0.483706,-0.470667,0.0378495,0.400732,0.292678,-0.399976,0.451999,-0.484924,-0.666612,0.309529,-0.516322,0.521615,-0.270487,-1.02243,-0.559559,-0.374168,0.596482,-0.0985009,-1.11074,-1.32363,-0.689944,-0.809653,0.444861,0.892637,1
0.552214,0.223832,-0.623653,0.360531,0.362219,0.317872,-0.154142,0.285224,0.595973,0.232576,0.38974,-0.0287165,-0.623046,-0.141258,0.737837,0.119948,0.355254,-0.0616427,-0.00930278,0.292255,0.427,0.357424,-0.233007,-1.01261,-0.138736,0.243111,0.0719759,-0.314643,-0.655211,0.480765,0.799531,-0.674359,0.568937,0.776794,1
-0.848211,-0.263455,0.991774,0.0791289,-0.474355,0.0298644,0.415346,0.239148,0.3756,0.423204,0.0370818,0.849376,-0.0778967,0.695817,0.762275,-0.55802,0.586934,-0.577462,-0.21406,0.190796,-0.183311,0.0100607,-0.617984,0.722177,-0.370138,-0.691004,0.341343,-0.887342,-0.258071,-0.287517,-0.5811,0.568772,0.446316,0.931267,1
-0.493547,-0.53433,0.276549,-0.0553347,-0.177094,0.273992,0.259329,0.40149,-0.404601,-0.344872,0.170445,0.636104,0.999568,-0.683422,0.323799,-0.311615,-0.730284,0.390252,0.293872,-0.150443,0.235452,-0.620591,0.130006,0.701205,-0.803735,0.146056,-0.463957,-0.390004,-0.289809,0.319204,-0.0558995,-0.199456,0.420706,0.861166,1
-0.100339,0.869397,-0.423361,-0.0203028,0.0299416,0.193958,-0.106218,0.492285,0.0153254,-0.324282,0.155698,-0.427892,-0.537556,0.597021,0.571259,0.597659,0.125275,0.906451,0.387574,-0.547185,-0.386955,0.393797,0.466206,0.253956,0.138854,-0.339178,-0.814956,-0.297728,0.0729906,-0.0578865,0.594665,0.710906,0.480412,0.896786,1
0.278932,0.13073,0.368095,0.372806,0.178942,7.95,0.212927,0.330644,0.367876,0.333191,0.374812,0.131607,0.126408,0.193012,0.288134,0.126419,0.29765,0.233825,0.327912,0.199301,0.228869,0.168682,0.356109,0.104232,0.236435,0.240398,0.14834,0.242109,0.335557,0.279288,0.234918,0.249894,0.52,0.82,1
-0.408581,0.860248,-0.744984,-0.0671376,0.79619,-0.449579,-0.0643473,0.587615,-0.493772,-0.386324,0.421198,0.262474,0.320111,-0.256285,0.998152,0.387422,0.129651,0.680397,0.0199772,-0.348566,-0.314502,0.271413,0.316163,-0.420305,0.077304,-0.120252,-0.174667,-0.01556,0.000327301,-0.69324,-0.634408,-1.03214,0.535863,0.797467,1
0.0835566,0.372218,0.126447,0.0507979,0.523696,0.230513,-0.364434,-0.0581085,-0.373745,-0.962562,0.691237,0.77042,-0.179836,-0.747518,-0.0878986,0.319258,0.345137,0.114296,-0.286211,1.1001,0.111598,-0.546693,-0.336459,0.589841,-0.363993,0.167661,-0.702048,-0.0076321,-0.0730794,0.513844,-0.782201,-0.414295,0.457221,0.863828,1
0.513337,-0.0126389,-0.825856,-0.474181,0.549067,0.598693,0.576037,-0.447578,-0.407883,0.481771,0.553295,-0.149423,-0.256062,0.314229,0.712574,0.165087,-0.919665,0.0270203,-0.0686697,-0.382279,0.686383,0.481745,-0.110597,0.0158075,-0.837399,0.0292681,-0.680315,0.367864,0.357436,0.548364,0.87433,-0.673371,0.43646,0.83616,1
0.236164,0.390969,0.45951,-1.32362,-0.0638167,-0.327789,-0.466686,0.0209994,0.173881,0.346697,0.271903,-0.016962,0.350318,-0.72325,0.321213,-0.135959,0.214587,0.266805,0.42352,-0.78776,-0.0644601,-0.271615,0.107169,0.793658,-0.719738,0.385013,-0.434049,-1.16089,1.05073,0.274407,-0.082112,0.0688422,0.538758,0.807169,1
0.11646,0.154558,-0.345931,-0.22915,0.628298,-0.360571,0.0235113,0.49466,-0.0309011,0.143908,0.185783,-0.565685,-0.562792,-0.68361,-0.112116,0.170413,-0.0304014,0.404779,0.154688,0.300433,-0.231202,-0.0254185,-0.547871,0.184096,0.276002,-0.666272,-0.155372,-0.485977,0.0749334,0.0838257,0.326358,-0.495722,0.537901,0.771991,1
-0.310777,0.965769,0.138133,0.353778,-0.414721,0.432502,-0.021621,-0.412667,0.296019,-0.713895,0.237372,-0.853984,0.366772,0.0296387,0.389518,0.00141704,-0.78624,-0.561032,0.0511902,-0.239534,-0.265358,-0.536601,-0.545073,-0.239569,0.0526021,-0.417899,0.548903,0.534755,-0.0659232,-0.482843,-1.09131,-0.725044,0.567635,0.815347,1
0.654393,-0.430622,0.305563,0.293001,-0.563923,0.783114,-0.13993,0.568483,-0.362379,0.122718,0.322082,-0.671059,0.231806,0.072847,-0.131171,0.373287,-0.070351,-0.188537,0.593826,-0.0988265,0.0239691,0.278976,0.108586,-0.509846,-0.262945,0.216469,-1.5042,-0.710158,-0.663415,-0.429962,-0.265644,-0.229563,0.526942,0.931593,1
-0.512196,0.344842,0.906422,-0.148415,0.0277027,0.62682,-1.04347,0.420157,0.604229,-0.966213,0.0609429,-0.180276,0.318475,0.256583,0.0984833,0.00519057,-0.0811713,0.116941,0.747975,-0.0055305,0.167287,-0.000188515,-0.147176,-0.39986,-0.263739,0.788011,-0.407399,0.416878,0.0641527,-0.365522,-0.0790885,-0.309001,0.476338,0.818986,1
0.695653,-0.0919684,0.227608,-0.127821,-0.340088,-0.439963,-0.190575,-0.103995,0.730141,-0.444293,0.299858,0.346956,-0.436689,0.423307,1.05358,-0.011527,-0.745176,0.62061,0.445852,-0.399374,0.541053,-0.415793,0.199789,0.126143,0.0550301,0.545979,-0.268738,-0.487652,-0.561985,-0.177896,0.694848,-0.156561,0.426397,0.846821,1
-0.0454644,0.639714,-0.314467,-0.66597,0.531978,0.719893,0.460934,0.31489,-0.642778,0.374486,-0.313241,-0.219946,0.549294,-0.112788,0.0367378,0.200335,-0.366917,0.0115704,-0.192216,0.0572704,-0.212613,0.252441,-0.145443,0.0653321,0.347276,-0.806038,0.0136223,-0.736,0.760465,-0.235643,0.659037,-0.0511923,0.514583,0.930926,1
-0.72823,0.342634,-0.653249,0.596029,-0.265742,-0.00110045,-1.03462,-0.561457,-0.0888892,-0.245369,0.294915,0.0522707,-0.0200725,0.321216,-0.407823,0.94163,0.0511271,-0.0653715,-0.242333,1.1558,0.295927,0.182773,-0.104902,0.344217,1.45426,-0.200944,-0.670708,-0.0904725,-0.711072,0.731568,0.448701,-0.26198,0.501895,0.872684,1
-0.338871,0.478716,0.397695,0.45055,-0.00450899,0.554365,0.349732,-1.16715,-0.897355,0.34936,0.227447,-0.126729,-0.273734,0.538619,0.18831,-0.0657457,0.125386,1.03961,0.388999,-0.443891,-0.0652208,-0.417889,-0.595328,-0.282357,0.24045,-1.04023,-0.33211,0.711247,-0.342481,-0.644685,-1.13867,0.77531,0.425452,0.941861,1
-0.344047,1.046,-0.101628,-0.854651,1.21922,-0.962385,-0.207214,0.133439,-0.217059,-0.736685,0.299739,0.0507744,-0.285417,0.58653,-0.352908,-0.118696,-0.176788,0.97041,0.253968,-0.0526023,0.153967,-0.713672,-0.178955,-0.293163,-0.427486,-0.353039,0.122995,0.116211,-0.373896,0.821817,0.179243,0.197782,0.465149,0.857222,1
-0.470606,0.425515,-0.197043,0.156558,1.35876,-0.345651,-0.377622,-1.41378,0.952771,0.429911,0.709739,-0.417286,0.00881064,-0.176489,1.12063,0.262938,0.280387,-0.424197,-0.690821,-0.998521,0.643764,0.117825,0.616107,0.740347,-0.442931,-1.39993,0.145734,0.549845,1.23834,1.10878,0.133126,0.56122,0.450355,0.867681,1
0.47168,0.17847,-0.13003,1.08518,-0.257013,0.117306,-0.149353,0.931275,0.14657,0.495629,0.442972,0.391384,0.317444,0.6876,0.115119,0.756801,-0.422817,-0.562236,-0.451878,0.0100523,0.299317,-0.474209,1.61092,-0.0453209,0.217508,0.228226,-0.00724868,-0.29359,0.767872,-0.750555,-0.0571435,-0.454517,0.577343,0.818829,1
0.049934,0.32804,-0.254092,0.222868,-0.634928,-0.325464,0.239786,0.305756,0.126768,-0.244383,-0.0361748,0.553155,-0.346432,-0.688419,0.238137,0.616735,0.631757,0.519572,0.485665,0.177378,0.498312,-0.423358,-0.0410257,-0.353543,-0.941606,0.526363,-0.0323236,0.64243,-0.0233833,0.136557,-0.901571,0.296591,0.541756,0.843327,1
-0.407491,-0.387796,0.453945,-0.754651,0.351973,0.114339,0.202981,-0.0519955,-0.0868651,-0.204959,0.535539,0.117704,0.857211,-0.465401,-0.43243,-0.577512,0.316213,-0.274666,-0.511368,-0.701209,-0.571861,-0.517309,-0.333492,0.361271,-0.0954711,-0.674011,-0.199415,0.111308,-0.172837,-1.06682,-0.235215,-0.886215,0.517464,0.850886,1
-0.0870248,-0.163411,-0.501659,0.634626,-0.07173,-0.185455,0.861203,-0.368664,-0.0530389,0.361519,-0.174926,-0.927108,-0.0576742,0.682499,-0.213447,-0.604831,0.286496,-0.900118,-0.148732,-0.0360351,-0.619171,-0.732296,-0.461914,0.161878,-0.151388,0.245014,-0.609117,0.535878,0.516947,-0.354445,-0.308468,-0.200124,0.45662,0.899652,1
1.05984,0.00350535,0.870732,-0.253442,-1.04233,0.60924,-0.189984,-0.023183,0.444383,0.225288,-0.573174,0.490503,-0.129837,0.733071,0.428852,0.257236,-0.0883269,0.0286752,-0.279131,0.684013,-0.540481,0.483277,0.146609,0.285163,-0.291361,-1.0797,-0.821278,-0.763569,0.616171,-0.190964,0.0786542,-0.24269,0.508673,0.909723,1
0.228897,0.362699,0.274596,0.205726,0.394239,7.95,0.103468,0.197888,0.332008,0.32656,0.337604,0.333142,0.315579,0.255552,0.361677,0.264305,0.374204,0.213998,0.231095,0.170296,0.209501,0.234985,0.349161,0.137039,0.139095,0.234233,0.220046,0.367202,0.103558,0.377161,0.202578,0.257662,0.52,0.82,1
0.95,0.88,0.0909744,-0.489936,-0.442093,-0.35452,0.481758,-0.145725,0.395706,0.31628,-0.186431,-0.0313463,0.258583,0.43529,0.075207,0.140174,0.462112,0.482309,-0.357994,0.170725,0.0572733,0.23476,0.0631193,-0.496886,0.233006,0.445292,-0.463448,-0.362863,-0.237477,0.35914,0.108867,-0.206321,0.48,0.2,0
0.377188,-0.499216,0.568902,-0.998307,0.056542,0.362407,-0.456442,0.256097,-0.452004,0.248387,0.278032,-0.620767,0.0816495,0.383121,-0.330074,0.228723,1.0821,0.0422992,0.753924,-0.215527,-0.222293,-0.475975,-0.601203,0.301405,-0.0766588,0.415006,0.0851194,0.449978,-0.305885,0.382546,0.0572384,0.463551,0.442038,0.831345,1
0.170494,-0.556925,-0.0374042,0.222362,-0.243669,0.175169,0.149889,-0.121968,0.396499,0.0991713,-0.879417,0.9146,-0.242315,-0.205933,0.176111,-0.387014,-0.647955,-0.693441,-0.0593695,-1.60032,0.62754,-0.642618,-0.615323,-0.262594,0.5367,-0.0723089,-0.418913,-0.488785,0.192749,0.383443,0.0482226,0.100405,0.42806,0.771062,1
0.0831124,0.555147,-0.499268,0.115053,0.47622,-0.376796,-0.023884,0.708154,-0.524717,-0.399666,0.732059,0.162734,-0.248223,-0.758009,-0.0824754,-0.240655,-0.696384,0.441717,0.00731252,0.756225,-1.01084,-0.01759,-0.136967,-0.268063,0.0729542,0.258127,-0.0809053,0.507883,0.0582974,-0.457698,-0.0829313,0.556858,0.501562,0.878501,1
-1.43164,0.465096,1.06103,0.132312,-0.668949,0.345666,0.89665,0.331717,0.0401486,-0.260796,-0.055519,1.01712,0.27111,-0.0591362,-0.266698,-0.156673,1.19486,-0.311858,0.165621,0.382867,0.405169,-0.0179703,-0.745653,0.614722,0.0835796,-0.815923,-0.0860303,-0.37717,-0.196013,0.177089,-0.396142,-0.0490343,0.424714,0.904157,1
-0.062723,1.15884,-0.626073,0.215179,1.35675,-0.471501,-0.390217,0.338066,1.21629,0.365651,-0.888354,-0.142447,0.78628,0.123919,0.172039,-0.281212,-0.542727,-0.585773,-0.0695076,-0.686764,0.591148,-0.478263,0.432041,0.27154,0.00266494,-0.0984867,0.0401853,-0.717802,0.643275,-0.908614,0.175568,-0.0865417,0.435405,0.908062,1
-0.365823,0.631293,0.34549,-1.28797,0.124161,0.229411,0.135079,-0.943421,-0.572358,-0.674636,0.27612,0.16747,-0.229774,0.740586,0.745114,0.706606,-0.293592,-0.385931,-1.16201,-0.378718,0.342489,0.295527,0.0567539,-0.266042,-0.315203,-0.233637,-0.51739,-1.027,0.133135,-0.416849,0.151106,-0.172364,0.57804,0.773945,1
-0.142739,-0.181456,-0.759043,-0.166721,-0.87161,-0.510374,-0.687135,-0.0393637,-0.170258,0.308177,0.172196,0.50501,0.784576,-0.907626,0.62666,0.36115,0.332264,0.429162,0.0414681,-0.110833,-0.15561,-0.687461,-0.859666,-0.843244,-0.349059,-0.10634,-0.647869,-1.10214,-0.176805,0.514984,-0.405812,-0.443534,0.423813,0.818367,1
0.0343089,0.660304,-0.718909,-0.392814,-0.109416,-1.05084,0.538113,-0.528693,0.327437,-0.16786,1.03912,-0.587709,0.525553,-0.229732,-0.508431,0.420943,-0.642283,0.582921,-0.962423,0.0031179,-0.0919514,-0.31118,0.104469,-0.0639734,0.549124,-0.854918,0.299388,-0.622204,0.203798,0.00621346,0.392753,0.15863,0.485387,0.844783,1
-0.0153832,-0.007269,-0.475177,0.471795,-0.398168,0.274877,0.0650894,1.29869,-0.606206,-0.603716,0.705475,0.982588,-1.29132,-0.0216564,-0.340004,0.265207,0.931221,-1.0424,-0.11331,-0.507874,-0.515305,0.538402,-0.107493,0.409117,0.46991,0.834805,-0.426133,0.147691,-0.458773,-0.778029,0.295205,-0.251167,0.570512,0.930159,1
0.976745,0.398859,0.493864,0.24373,0.0980149,-0.117465,-0.123134,-0.0836233,0.306083,-0.0462083,-0.605461,-1.2684,-0.118843,0.242729,-0.246981,-0.361668,-0.693127,0.331225,0.787366,-0.0696872,0.553807,-0.0305698,-0.185854,-0.107708,0.06326,0.085266,0.943114,0.234992,0.839143,0.213049,0.494918,-0.408088,0.435093,0.917629,1
0.544889,-0.219428,-0.110572,0.670665,0.0100683,-0.202964,0.253661,0.0299595,-1.32773,-0.412887,-0.293828,0.26596,-0.16968,0.059863,0.164317,0.453095,0.511537,0.484176,0.11974,-0.0300624,0.466987,-0.528292,-0.655445,-0.176571,-0.470618,0.488187,-0.089325,-0.0658538,-0.0521892,0.160078,0.105097,-0.862507,0.423967,0.775332,1
-0.452148,-0.197475,0.496803,0.120209,-0.0431314,0.655224,0.379731,0.436845,0.391326,0.0562643,0.880462,0.171143,0.742748,0.318228,-0.591721,-0.0122278,0.17197,-0.119772,-0.155111,-1.09291,0.501124,-0.745577,1.23137,0.941206,0.410685,0.0493046,0.566837,0.144539,-0.433143,0.103499,-0.694911,-0.0839121,0.468883,0.78541,1
-0.72445,0.683331,-0.888233,-0.632486,-0.172197,-0.780534,0.445679,-0.52477,-0.480799,-0.703033,0.202306,-0.415894,-0.087389,-0.818338,-0.147822,0.52573,1.35159,-0.517348,-1.14568,0.0725167,-0.538602,-0.473854,-0.0928999,-0.23006,-0.552134,0.535472,-0.128676,-0.451131,0.614847,0.793671,-0.24977,0.70959,0.553127,0.847684,1
0.13473,0.380453,0.220642,-0.0589484,0.0209139,0.525464,-0.691917,0.596198,0.487302,0.0886648,-0.0304491,0.112309,0.00157794,-0.250576,-0.44312,-0.287968,-0.447107,-0.22162,0.823274,0.777146,-0.558432,0.0633117,0.648693,-0.308708,0.876197,-0.657044,0.0251606,0.662401,0.0164198,-0.71869,-0.708877,0.272131,0.465201,0.872578,1
0.155461,0.277166,0.334013,0.525589,-0.968296,0.102709,0.776551,0.0671565,0.0843387,0.0853148,0.179938,-0.232582,-0.315365,-0.389427,0.117444,0.0348339,-0.0522655,-0.391851,-0.262479,0.43616,0.101014,0.347674,0.710211,-0.0990894,-0.112476,-0.274347,-0.303518,0.555297,0.435565,0.396621,-0.533154,-0.440298,0.446072,0.802741,1
0.0716864,-0.649441,-0.31565,1.09476,-0.401063,0.922906,0.268278,-0.0203419,-0.623702,-0.670301,0.296719,0.15512,0.348185,0.623103,0.0276393,0.104598,0.821174,0.875477,0.213302,0.176855,0.397755,0.457286,-0.124917,0.153202,0.691171,-0.139728,-0.0817453,0.609625,0.617761,-0.0710238,0.155027,-0.312046,0.438456,0.863563,1
0.428465,0.374028,0.0919005,0.291677,0.0801916,-0.0878094,-0.660672,1.56351,0.276359,0.116359,0.702986,-0.109525,0.238111,0.0404694,-0.179654,0.474027,0.0180383,0.251964,0.625506,-0.0533208,0.328789,0.00145915,-0.219051,0.045291,-0.103198,-0.25083,-0.544195,-0.185378,0.147203,-0.173215,1.15261,0.550273,0.5372,0.89918,1
-0.344683,-0.602872,0.657044,0.479214,-0.450395,0.0262515,0.511765,-0.0473411,0.57707,0.511332,0.743553,-0.407186,-0.444566,0.00799664,-1.20452,0.474457,-0.716547,0.280178,0.709074,-0.598004,-0.55318,0.172889,0.547522,-0.313861,0.880514,-0.162223,0.305685,-0.429942,0.417073,0.19748,-0.345869,-0.501838,0.455971,0.800533,1
-0.258896,0.00265934,-0.571934,0.314074,-0.291941,-0.443401,-0.446699,-0.384075,-0.528321,-1.1402,0.106227,0.465779,0.203224,0.068471,0.328919,0.230752,0.192496,0.271628,-0.103595,0.100489,0.595112,-0.0434324,-0.304695,0.00383001,0.436535,0.00162927,-0.373449,0.315633,-0.411615,0.172805,0.622765,0.107877,0.573166,0.935627,1
-0.325124,0.866896,0.629591,0.616918,0.482911,-0.276275,-1.05106,0.316099,0.0583248,0.139418,0.0727066,0.619954,-0.690946,-0.0425955,-0.0170523,0.139523,-0.693617,-0.418716,-0.236963,0.11933,-0.372875,1.28387,-0.398597,-0.953113,-0.106492,-1.41103,1.04251,-0.401573,0.0233664,0.334441,0.355831,-0.0530882,0.437624,0.793748,1
0.780798,-0.289776,-0.486928,-0.168337,0.592027,-0.124227,0.4794,0.151564,0.610915,-0.872213,0.493503,-0.534,-0.307304,0.0662213,0.166247,-0.0237224,-0.187355,-1.06583,0.357204,0.871349,-0.0930729,-1.46754,0.599138,0.548275,0.146147,1.07412,1.23329,0.0645839,0.122486,0.315021,0.350891,-0.380004,0.466309,0.902698,1
1.22121,0.323234,-0.169046,0.408962,0.321108,-0.603586,0.161985,0.620934,-0.0775092,0.104973,-0.321512,-0.395056,0.149697,0.980196,0.615952,-0.813485,0.329853,-0.622626,0.170078,0.393709,-0.334747,-0.644533,-0.359831,0.496059,-0.563922,0.196771,0.418167,0.267546,0.431676,-0.00507862,-0.0505682,-0.365234,0.467673,0.775405,1
0.00392304,-0.24515,-0.1749,-0.0593728,0.646313,0.257502,1.15539,0.649101,-0.683292,-0.428318,-0.120664,0.535275,0.448306,0.613992,-0.499453,0.647714,0.415222,0.0979404,0.868491,0.212818,0.0115,-0.475931,-0.877745,-0.119569,-0.673467,-0.138812,-0.110058,0.412923,0.194616,0.125142,-0.233579,-0.0336328,0.571868,0.813181,1
0.95,0.88,0.0966235,0.00396448,0.136444,0.147547,-0.477577,-0.335379,0.389015,0.341387,0.207205,-0.204687,-0.169798,-0.157779,0.34634,-0.0768071,0.367672,0.210268,0.0139344,-0.424942,0.357984,0.484271,0.00582631,-0.043662,-0.427466,0.169713,-0.367598,0.32139,-0.0683838,0.419642,0.442455,-0.231371,0.48,0.2,0
-0.478414,0.790164,-0.0737146,-0.593584,0.219702,0.852814,0.314803,0.181055,-0.806506,0.754366,-0.346461,-0.605857,-0.453809,0.626721,0.261343,-0.154941,0.659177,0.89718,0.194549,0.326112,0.620241,-0.117945,-0.0170449,0.757428,0.0317715,0.520626,-0.206865,0.372938,-0.624824,-0.325878,-0.248541,0.787827,0.483331,0.785688,1
-0.918766,0.687528,0.270516,0.404511,0.298098,0.498098,0.570593,-0.258973,-0.896297,0.375087,0.0826268,0.351067,0.0650675,0.557213,-0.23363,0.399841,0.602114,-0.0208795,0.241781,0.563697,0.125378,-0.718318,-0.138243,0.149151,0.751191,0.292909,-0.0146162,0.259456,-0.455109,0.217471,-0.23675,0.997409,0.545861,0.913676,1
-0.0578378,-0.104095,0.493629,-0.356475,0.119004,-0.280193,-0.8438,-0.302624,0.680258,0.157079,0.0693744,-0.0964409,0.178339,0.708463,-0.0244509,-0.625964,-0.113935,-0.469348,0.512884,-0.424236,-0.0716889,-0.327612,-0.582749,0.17066,-0.511802,0.10875,-0.31808,-0.276027,0.433,0.522767,0.348589,-0.153169,0.44729,0.780509,1
0.275976,-0.271053,1.26325,0.103136,-0.80789,0.0164315,0.16789,-0.287791,0.0488499,-0.312828,-0.665131,0.169104,0.644509,-0.389238,-0.165819,-0.489117,-0.19972,-0.136361,0.222456,0.0828679,0.0806584,0.224478,-0.669046,0.773784,0.489267,-0.348158,0.452885,0.892057,0.57786,-0.209028,0.025128,0.74926,0.439954,0.77746,1
0.478651,-0.186712,0.440725,0.558141,0.282188,0.424525,-0.318223,-0.207357,-0.392716,0.167419,-0.73438,0.640099,-0.947717,-0.440751,0.207758,0.0633838,-0.905176,-0.277415,-0.779292,0.019588,-0.265447,-0.232599,-0.395759,0.103265,0.251799,-0.0140401,0.203483,0.285331,0.231926,-0.375999,0.193392,0.0386796,0.532164,0.846118,1
0.412768,0.207681,-0.99656,0.842294,-0.179419,-0.762647,-0.457366,-0.101342,0.595345,0.514447,-0.108057,-0.354138,0.0987936,-0.158378,0.115721,-0.00039649,0.0255394,-0.667703,-0.36663,0.235466,-0.546695,0.0438584,0.0660764,-0.749511,0.291754,-1.19726,0.360039,0.085298,-0.111383,0.633596,0.326392,-0.995345,0.571966,0.862939,1
1.06825,-0.116716,0.65246,0.815138,-0.252506,-0.324476,-0.353289,0.0800387,0.228268,-0.227387,0.846244,-0.0123138,-0.20463,0.88356,-0.111816,-0.56797,0.048435,-0.14277,-0.225628,-1.17876,-0.26614,0.636885,0.294162,-0.0430992,0.917279,-0.251504,0.921007,-0.0931003,0.0389402,0.879491,0.555386,0.375457,0.573473,0.801806,1
-0.0218995,-0.342909,0.620517,0.274789,-0.429822,-0.911313,-0.0281313,-0.401715,0.262297,-0.385671,0.316122,0.935541,0.176841,-0.729864,0.102426,-1.32036,-0.655394,-0.451524,0.614921,0.634142,-0.283538,0.688204,0.267233,-1.09812,0.134992,0.253756,0.3818,-0.908238,0.147115,-0.557996,0.377476,-0.566093,0.514695,0.770805,1
-0.101404,-0.433028,-0.0896643,-0.00276731,-1.10079,-0.504047,-0.70367,1.19386,0.495758,-0.166096,-0.180258,-0.336705,0.0773512,0.270463,-0.359282,0.180229,0.335132,-0.274799,0.392373,0.564517,-0.415793,-0.290407,-0.496885,0.10153,0.586928,0.63181,-0.841507,0.159184,0.536863,0.224239,0.761506,-1.03676,0.441926,0.831339,1
0.10545,0.285923,-0.104962,0.440934,0.682655,0.856677,-0.508721,0.135305,-0.601354,-0.522528,0.820736,-0.0137869,0.327773,0.388919,0.599244,-0.566708,-0.720547,-0.0791024,0.0435349,0.109231,0.294991,0.467987,0.23218,0.32932,0.117554,-0.148222,0.247468,-0.197765,-0.201699,-0.0669003,-0.522014,-0.424923,0.464849,0.918923,1
0.248429,-0.299429,1.1325,-0.4149,-0.350071,-0.533887,0.46565,0.438547,-0.266697,0.26301,0.21109,0.0507715,0.12374,-0.709816,-0.212457,0.357881,0.614104,0.795316,-0.0356047,0.270346,-0.500853,-1.13435,-0.109908,-0.149366,0.959246,-0.418461,-0.308217,0.175787,0.496461,0.368641,-0.58406,-0.80919,0.469703,0.925537,1
-0.57536,0.166632,-0.836545,-0.28154,-0.5201,-0.654815,0.210217,-0.604606,0.109314,-0.392383,-0.192242,0.453268,0.245156,-0.737427,-0.565342,0.544645,-0.443303,0.706633,0.392692,0.502738,0.0473403,0.531297,-0.258278,-0.385023,0.266299,-0.341248,-0.951839,0.602425,0.284457,-0.241764,0.429037,0.241961,0.433449,0.820755,1
0.155227,0.228042,-0.647557,-0.613333,0.492257,0.499327,-0.119924,0.0609611,0.289438,0.608486,-0.46784,0.197167,0.5263,-0.164449,-0.953225,0.00429453,-0.156109,-0.656179,0.287256,-0.746854,-0.554407,0.199189,1.61584,0.252795,-0.0330404,-0.579033,-0.417169,0.290151,0.154295,-0.351196,0.147843,0.271225,0.497449,0.826338,1
0.330576,-0.925836,0.991527,-0.246171,0.30936,-0.343648,-0.114738,-0.171841,-0.625842,-0.483593,0.833201,-0.0725867,-1.07751,0.18625,-0.347231,0.0108937,0.027584,0.340015,-0.421565,-0.651316,0.279589,-0.862713,-0.299107,-0.93758,-0.032049,-0.696513,-0.0388859,0.0857017,0.310855,-0.110855,-0.38105,-0.00205784,0.546841,0.929009,1
0.445115,0.399768,-0.0873556,0.322815,-0.397941,-0.627341,-0.901687,0.288331,-0.817839,0.224064,0.309014,0.499749,-0.70793,0.511436,0.768707,-0.483121,-0.690691,0.424903,-0.197598,-0.313621,-0.0339061,-0.274497,0.290522,0.157441,-0.122181,-0.577748,-0.294163,-0.38397,0.768725,0.127811,-0.476075,-0.177814,0.503468,0.935969,1
0.200917,0.416213,0.0604921,-0.684065,0.466402,-0.167748,0.469471,0.0465883,0.099606,-0.225964,-0.612518,-0.438797,-0.38983,-0.0171044,-0.124622,-0.445929,0.0691407,1.0033,-0.179209,-0.00830036,0.281689,-0.19979,0.0448725,-0.352426,0.199004,0.355025,0.530816,0.159067,-0.234859,0.178211,-0.339325,0.86723,0.528642,0.886252,1
-0.401202,-0.800492,0.215518,1.55096,-0.491114,0.118843,-1.11928,0.510215,0.0301934,-0.204883,-0.435726,-0.142273,0.672117,-0.113932,-0.914875,0.612604,-0.267756,-0.205407,1.13839,-0.200079,-0.622504,0.402619,-0.252734,-0.611667,0.136356,-0.479742,0.435594,0.633361,-0.0607103,-0.384802,-0.389188,-0.437072,0.554893,0.940775,1
0.104844,-0.441618,1.26024,-0.356753,-0.467009,0.374375,0.349044,-0.284596,0.269282,-0.0734968,0.221764,0.00863265,-0.524375,0.603394,0.751736,-0.812767,-0.305498,-0.0414872,0.179229,1.20721,-0.232918,0.171058,-0.201498,0.396836,-0.479566,0.427956,-0.527396,-0.438847,0.57005,0.0626355,0.511265,0.181651,0.43519,0.837159,1
-0.238488,0.142034,0.22991,0.667602,-0.0959123,-0.0349741,-0.0129196,-0.283065,0.261079,0.0920021,-0.182251,0.0792107,-0.685813,-0.377372,-0.579559,0.306558,0.820327,-0.46266,-0.0230552,-0.232788,0.209301,-0.837193,0.249669,-0.174221,-0.903692,-0.0641776,-0.33762,-0.385778,0.232352,-0.0818163,0.447522,0.74531,0.45444,0.830138,1
0.148077,0.671406,-0.312163,-0.302312,-0.546553,1.16515,0.145095,0.0282665,0.0447617,0.467921,-0.0418112,-0.0641358,-0.475375,0.220402,-0.783178,-0.505754,0.643448,0.133815,0.746085,-0.0477158,-0.50884,-0.216366,0.449455,-0.042625,-0.665819,-1.3222,0.970888,0.560206,-1.11636,-0.16559,0.54858,-0.254318,0.554541,0.826434,1
0.0783681,-0.751503,0.115671,-0.835013,-0.945446,0.540573,0.580524,-0.579584,0.605134,-0.767759,-0.438828,0.478604,1.02264,-0.283225,0.431333,-0.720646,-0.124054,0.489354,-0.556466,0.125956,0.0676754,0.703222,-0.361396,-0.298016,0.0922143,-0.17154,0.813716,0.524736,0.7527,-0.162163,0.225809,0.428673,0.505587,0.822972,1
0.672972,0.0330055,0.503477,0.114427,-0.206423,-1.09394,0.475317,-0.0815416,1.08125,0.498253,-0.716627,1.13837,-0.376732,0.235138,-0.0861559,-0.581692,-0.755514,-0.222764,-0.0387632,-0.245407,0.473927,0.665633,0.758037,-0.0161502,-0.408953,0.711467,0.476065,-0.0224941,0.489072,0.305136,0.0799827,-0.345529,0.445379,0.809515,1
0.110768,0.270672,0.114962,0.172606,0.320524,7.95,0.119547,0.129429,0.334708,0.161972,0.10596,0.104052,0.364247,0.145923,0.253735,0.304327,0.35913,0.354115,0.255034,0.352009,0.34562,0.185998,0.190701,0.271672,0.165957,0.216312,0.245355,0.103657,0.154432,0.102829,0.188529,0.352189,0.52,0.82,1
0.439503,-0.780106,-0.174722,0.521131,-0.649175,0.540208,-0.141437,0.375418,0.389283,-0.566288,0.417183,0.410367,0.430401,0.493117,-0.0832413,-0.0439904,0.183159,0.0503734,-1.38481,0.464598,-0.383073,-0.83767,-1.08826,0.492573,-0.707481,0.376725,-0.0897271,-0.703345,0.357396,0.168023,-0.833235,0.626646,0.53423,0.764255,1
-0.668563,0.61653,-0.715949,0.419848,0.0577525,-0.034704,0.325594,-0.379736,0.518463,-0.296,-0.20891,-0.366179,0.351858,0.731056,-0.545488,0.598399,-0.0256746,0.246266,-0.851621,-0.789563,0.159966,-0.0902332,-0.656227,-0.959685,0.463019,0.908859,0.56624,0.750531,-0.280222,-0.190767,0.457629,0.815243,0.514765,0.782283,1
0.521651,0.347617,-0.110089,-0.421436,-0.383546,-0.167777,0.220743,0.325388,0.932416,-0.256962,-0.814397,-0.0246965,0.0377504,0.101941,0.262739,0.0835026,0.0814478,0.101042,-0.256707,0.403031,-0.474621,0.350663,-0.443425,0.6734,0.606372,0.0996574,-1.34867,-0.787619,0.558361,-0.288467,-0.25272,-0.477685,0.459529,0.769255,1
-0.423381,0.149743,0.374178,1.05971,-0.334601,0.0228074,0.806917,0.788687,0.240245,-0.295626,-0.0459353,-0.293811,-0.169429,-0.27141,0.630992,-0.633315,1.19748,-1.15439,0.437533,-0.171803,-0.399661,-0.607057,-0.0172554,-0.0301472,-0.420296,-0.478601,0.122722,-0.755839,0.140245,-0.200443,-0.492303,-0.0733435,0.474599,0.906733,1
-0.101175,0.343881,-0.0419339,-0.465695,0.067976,0.328096,0.0537022,-1.30914,-0.280271,0.356554,0.0411313,-0.150135,0.482804,0.578983,0.298927,0.111789,0.547013,-0.224044,-0.739889,-0.103132,-0.493547,-0.512381,0.159182,0.166602,0.597733,0.0954228,-0.270852,0.0266877,0.415064,0.68383,-0.049543,-0.871318,0.520638,0.890373,1
-0.481441,0.523308,-0.0705013,0.536792,-0.117429,0.397297,0.0943871,-0.0240253,0.0764925,0.294361,0.381151,0.251958,0.537852,1.0671,0.198857,-0.0409449,0.153741,0.0529766,-0.155082,0.0735578,0.57305,-0.121156,-0.648282,0.280098,0.428023,-0.0259506,-0.33134,-0.402895,0.686339,0.563398,0.407838,0.0349117,0.461603,0.866614,1
0.88251,-0.0642683,0.284306,-0.345369,-0.894649,-0.158332,0.360964,-0.0192841,0.284783,-1.09595,0.113154,0.0145713,0.243809,0.0433215,-0.168343,0.554932,-0.00217072,-0.562744,-1.07876,0.321644,0.103291,-0.876428,-0.476758,-0.570939,-0.657956,0.199463,-0.876037,-0.175211,0.113189,-0.892122,0.310259,0.0500703,0.536865,0.873573,1
0.0187808,-0.0695092,0.261109,0.335016,0.448376,-0.221555,-1.59166,-0.3424,-0.197064,0.308648,-0.197449,-0.662597,0.688062,-0.374866,0.0437783,0.573558,0.0389073,-0.096244,-0.230991,-0.195505,0.159885,0.422128,0.523596,-0.697338,-0.309842,-0.929776,-0.524382,-0.216708,0.180347,0.0945845,-0.371302,0.900027,0.453903,0.887865,1
-0.125808,-0.789371,-0.408755,-0.38036,-0.34134,1.52589,-0.369961,-0.694572,-0.303676,0.422371,-0.063166,-1.24698,0.895594,0.107808,0.11127,0.117193,0.412356,-0.16716,-0.764827,-0.52349,0.0600879,0.139022,-0.00998005,0.236331,0.271498,0.50207,0.754946,-0.223506,-0.05099,0.482852,-0.0546682,-0.373587,0.493425,0.921428,1
-0.510242,0.78778,-0.437075,-0.566419,-0.292437,-0.348845,0.185133,-0.0011045,0.0519578,-0.436083,-0.623791,0.566904,-0.755647,0.0710657,-0.482172,0.0321642,0.975543,0.0567899,-1.29915,0.989262,0.507689,-0.101734,0.292829,0.340288,0.131166,-0.0018968,0.32333,0.512063,0.225504,-0.465573,0.805939,-0.685616,0.578882,0.877761,1
-0.15008,-0.727034,-0.503245,-0.219032,-0.740553,-0.0347144,0.369592,0.837565,0.291106,0.0420646,0.188143,0.319439,-0.349472,0.248432,0.0389835,-0.333092,0.0111454,0.783981,-1.17417,-0.347186,0.195815,-0.883663,0.126209,-0.312623,-0.113263,0.0411005,-0.423555,-0.236225,0.509608,-0.0866076,-1.35833,0.0109659,0.481009,0.916229,1
-0.72491,0.61551,0.265454,-0.152782,-0.30989,1.03122,-0.665476,1.17324,-0.241877,0.0888784,-0.303113,0.645318,0.198946,0.621567,-0.0533482,-0.108115,0.449762,-0.0151981,-0.189275,-0.150571,-0.79297,0.278704,-0.147018,0.577695,0.714066,1.3841,-0.193598,0.69876,-0.295544,0.0320352,-0.19885,-0.0868312,0.555652,0.930055,1
0.317068,0.528806,-0.450443,0.403365,-0.439305,-0.213082,0.229224,0.0652582,1.275,0.171876,-0.0928497,-0.0770127,0.0896648,-0.0146348,0.216856,-0.0458409,0.286585,-1.1696,-0.00265791,-1.24646,-0.339624,-0.131945,0.156262,0.347024,0.375894,-0.118053,-0.369779,0.0582999,0.0535312,0.850697,0.491195,0.146166,0.505434,0.93084,1
0.724241,0.366857,0.199613,0.25172,0.474252,0.298519,0.321947,-0.0791815,0.29347,-0.423799,-1.23145,0.338415,-0.531962,-0.252038,0.115365,-0.468103,-0.56056,-0.102793,1.40343,-0.440864,-0.0717483,0.200732,-0.147603,0.642007,0.389555,0.375653,0.29013,0.310376,0.171124,0.0726292,-0.239515,0.136231,0.435675,0.928976,1
0.0427137,0.275375,0.0795077,0.516043,-0.799402,-0.0721016,0.327123,-0.479791,0.156743,-0.331593,0.0213428,-1.33238,0.292221,0.205454,0.801744,0.236966,-0.0842187,0.381665,0.327374,0.405326,0.624053,-0.0782028,0.298795,-0.451011,-0.11425,0.18213,-0.704433,-0.438558,1.12327,-0.158158,0.281487,0.348862,0.424363,0.80303,1
0.117211,0.345499,0.295564,0.108776,0.26866,7.95,0.352004,0.298226,0.323118,0.146788,0.127261,0.385331,0.345585,0.269402,0.100582,0.22048,0.35779,0.239015,0.393073,0.248123,0.342074,0.254547,0.326553,0.345228,0.226213,0.315648,0.10292,0.394452,0.297528,0.331344,0.314725,0.323119,0.52,0.82,1
0.330764,0.18631,0.189687,0.321487,0.130583,7.95,0.254584,0.394877,0.332239,0.117886,0.194652,0.239374,0.274804,0.141206,0.318636,0.372687,0.276102,0.320454,0.166796,0.33967,0.108813,0.290633,0.296468,0.272079,0.202201,0.380902,0.239331,0.19574,0.128024,0.177247,0.221001,0.25768,0.52,0.82,1
0.435325,0.416974,-0.495438,0.0822387,0.185914,0.373547,1.41402,-0.749429,0.121004,0.0344033,-0.626357,-0.373394,0.519801,0.230888,-0.030003,-0.135524,0.117046,-0.404128,0.0674552,0.234145,0.309056,0.262807,0.638293,0.15734,-0.876108,-0.000146303,-0.734895,-1.20524,1.29116,1.15215,0.413093,-0.0100581,0.52979,0.817236,1
-0.310108,0.614136,-0.449866,-0.282802,0.653055,-0.779687,-0.283331,0.208288,0.0464212,-0.564123,0.087852,-0.221306,-0.810929,0.376443,0.974163,-0.0861472,0.165592,-0.724432,-0.0782898,-0.213975,0.102362,1.01669,0.0932762,-0.911698,0.731056,-0.551137,0.0749313,-0.331341,0.312107,-0.215923,-0.334123,-1.00598,0.446681,0.883868,1
-0.417387,0.00217581,-0.356513,0.664917,-0.19835,0.913215,0.0665355,-0.910686,-0.138671,-0.49496,-0.268544,-1.11929,-0.896449,-0.561337,0.284718,0.902478,0.189932,0.10645,-0.485141,0.390232,0.427266,0.435182,0.856687,-0.177163,0.0143325,0.328099,0.592682,-0.0140465,0.236968,-0.14248,0.377267,0.143786,0.57218,0.907982,1
0.383835,-0.106373,-0.693647,0.358951,-0.283133,-0.617596,-0.432123,0.805498,0.215469,-0.079653,0.304999,-0.0741537,0.037651,-0.172024,-1.22403,0.0287018,0.743967,-0.0768451,-0.924147,-0.148803,0.304417,0.50103,-0.549549,0.060192,-0.37322,-0.55521,0.337129,-0.655209,0.366181,-0.589253,-0.0933531,0.0438186,0.423477,0.829047,1
1.14457,-0.667798,-0.075841,0.433303,-0.282705,0.496253,0.756421,0.758793,0.827517,0.972485,0.582036,0.198793,0.486508,-0.0386369,-0.596551,0.0763559,-0.0158572,-0.772982,-0.0498128,-0.178327,0.216483,-0.501273,0.0156583,-0.271051,0.247202,-0.695206,0.584833,-0.322864,0.287764,-0.885181,-0.350184,-0.653141,0.578415,0.879988,1
-0.379906,0.603445,0.100781,0.149495,-0.218119,-0.309359,-0.472531,-0.687945,0.483994,0.139338,-0.195205,1.01785,1.35372,-0.5266,-0.704091,-0.882097,0.785145,-0.363986,-0.472229,-1.18586,0.0837673,-1.14287,0.0805018,-0.253064,-0.496074,-0.0854943,-0.120588,0.34105,0.03147,0.551231,-0.40561,0.01623,0.462644,0.785968,1
0.270515,-0.650449,0.0449778,-0.640247,0.702809,0.813058,0.663091,0.169856,-0.374166,1.76907,0.374389,0.335628,-0.436706,0.116761,-0.141789,0.777387,0.203747,-0.688053,0.307722,-0.264369,0.791998,0.719095,0.483171,0.664738,0.0126374,0.657637,-0.535414,-0.945196,0.351701,1.02896,-0.866307,-0.0853951,0.487945,0.807623,1
0.000328499,-0.084232,0.0918175,0.0124581,0.695783,0.349705,0.556379,-0.826486,0.305923,-0.546397,-0.345967,-0.191613,0.0139069,-0.543112,0.313961,0.123968,-0.302254,0.351838,-0.205368,-0.556891,-0.232683,-0.180454,0.27037,0.0317839,0.868843,0.322043,0.0611587,-0.159995,0.984553,0.505463,1.1147,0.303339,0.554215,0.929921,1
0.39853,0.924024,0.385631,-0.745994,-0.721831,-0.662862,0.391375,-0.837008,0.134845,0.443099,1.33958,0.00300693,0.272294,0.311545,0.784317,0.0578333,-0.317538,0.78352,0.409861,0.034214,-0.0962503,-0.252214,0.255328,-0.182548,0.341829,0.742371,0.16483,0.594347,0.0474965,0.423976,-0.00257554,0.355983,0.533622,0.93758,1
0.560702,-0.259863,0.150386,0.600358,-0.907908,-0.178315,0.62344,-0.228482,-0.370456,0.502462,0.775578,0.281868,0.447226,-0.172107,-0.159591,0.32682,-0.658054,-0.163527,-0.0646496,0.385587,0.713452,-0.61102,-0.91006,-0.262888,-0.177484,-0.10769,0.261598,-0.429265,0.109371,-0.484742,-1.41865,0.46207,0.537756,0.918407,1
-0.396114,-0.303479,-0.0553707,0.45326,0.0091138,0.275252,0.00549163,-0.07869,-0.173744,-0.190313,-0.125091,-0.493575,0.392937,-0.41261,-0.105608,0.107352,0.251206,-0.829285,0.0105485,-0.244552,-0.382471,-0.374452,0.241027,-0.188694,0.170715,0.098566,0.574489,-0.72425,0.844122,-1.24315,0.381795,-0.442836,0.536901,0.840853,1
0.322504,-0.585439,-0.390534,0.324323,0.529094,0.588949,0.271681,-0.0147154,-0.169672,0.55591,0.504173,0.0378439,-0.27643,0.661891,-0.812662,0.164694,0.80519,0.29163,-0.0245248,0.465219,-0.270223,-0.734763,0.0960495,0.074201,1.04503,0.562824,0.138992,-0.80494,0.0970489,-0.379178,0.384119,-0.0861807,0.46927,0.809593,1
-0.41416,-1.17902,-0.0702301,0.620951,0.63337,0.299717,-0.431538,-0.411996,0.702914,-0.277013,0.316448,0.366016,0.284677,-0.596707,0.296329,-0.1898,0.0275794,-0.110056,-0.0594534,0.752945,0.236616,0.559541,-0.880647,0.112613,0.085457,-0.314927,-0.0483104,-0.965327,-0.295513,-0.140104,0.902685,0.35155,0.448557,0.793275,1
-0.713252,-0.583089,0.564599,0.289578,-0.0296203,-0.366895,-0.159444,-0.0347225,-0.671927,-0.388529,-0.452518,0.0565411,0.340257,-0.126147,0.889232,-0.163765,0.809151,-0.749811,-0.361785,0.323088,0.180367,-0.723441,0.223313,0.245729,-0.309258,0.527839,-0.236884,-0.19641,0.129534,-0.682157,0.95152,-0.326849,0.476596,0.944714,1
-0.452628,-0.200297,0.790027,0.387783,0.17774,-0.134315,-0.190434,0.353891,-0.0655415,0.200518,0.699415,0.626633,-0.323319,0.443372,0.25036,-0.402572,-0.265671,0.207158,0.303521,-0.0402659,-0.257396,0.444988,0.115893,-1.34104,0.094786,-0.378643,-0.964241,-0.750461,-0.483155,-0.660088,0.568146,-0.22743,0.447463,0.842946,1
-0.131982,-0.111223,0.384537,-0.148376,-0.390178,-0.258134,0.691259,0.239831,-0.31374,0.6384,-0.620977,-0.0703726,-0.0154273,-0.345436,-0.490537,-0.0700925,0.245469,-0.924521,-0.195236,-0.270662,-0.24364,0.0533996,-1.02076,-0.455632,0.738215,0.0840804,0.256704,0.311034,-0.104488,1.12224,0.126511,-0.018516,0.501425,0.928947,1
0.71449,-0.166713,-0.1131,0.320573,-0.278673,-0.119442,-0.0651897,0.111959,0.00848952,-0.0137326,-0.443418,0.0582275,-0.646833,-0.0617734,0.718979,-0.283567,-0.545822,0.910241,-0.293312,-0.422911,-0.0359221,-0.954017,0.179148,-0.431273,0.440312,-0.637574,0.336992,-0.0994447,0.220946,0.127537,-1.09549,-0.411091,0.471139,0.795469,1
-0.504373,0.155388,-0.387009,-0.00557668,0.156711,-0.643554,0.521724,-0.182819,-0.430245,-0.308682,-0.111488,-0.249406,0.0812777,0.444465,0.143407,-0.121894,-0.171787,-0.614595,1.12055,-0.0357732,-0.336029,-0.299319,-0.617062,-0.203727,-0.305698,-0.547022,-0.646491,-0.203326,0.34876,1.10834,0.0213622,-0.131589,0.538007,0.812854,1
0.219449,-0.308804,-0.485619,0.63766,0.186737,-0.44188,0.927588,-0.487101,0.634437,-0.0272278,0.0076852,-0.109813,0.339235,0.53191,-0.598865,-0.107425,0.307899,0.319366,-0.782931,0.479054,-0.997328,-0.416318,-0.421015,-0.443259,0.373029,-0.170849,0.195594,-0.70256,0.429653,1.40045,0.452866,0.0484225,0.573321,0.783009,1
-0.0994121,0.169675,0.108381,-0.00570612,0.631666,0.265024,-0.291064,-0.432868,-0.117615,0.0911643,0.288338,0.0406378,-0.565968,0.0676448,0.302353,0.380019,0.462421,0.274292,-1.07856,0.166967,-0.415034,-0.361725,-0.226624,0.00270813,-0.0700422,-0.758989,0.617858,-0.411089,-0.613664,-0.711853,0.0170805,-0.779663,0.470995,0.836746,1
-0.663904,-0.178707,-0.339448,0.486216,0.00364815,-0.150021,-0.205039,-0.202148,0.839956,0.0107975,1.07281,-0.489401,-0.62967,0.422332,1.69053,-0.332574,-0.0310391,0.900641,-0.498123,-0.172766,-0.523039,-0.199415,-0.278267,0.0257236,-0.816869,-0.361787,0.267099,-0.718297,0.566219,0.165197,-0.230235,0.218395,0.460405,0.880593,1
0.161368,0.182351,-0.73529,-0.364787,-0.881469,0.21227,-0.103236,-0.64999,0.172423,0.632187,-0.162145,-0.79386,-1.25689,-0.541265,0.426671,-0.105307,-0.202205,0.691893,-0.202265,0.0835316,0.00895702,-0.360992,0.0207471,0.155886,-1.08122,-0.153684,0.165253,0.361015,-0.193071,0.167861,-0.361786,-0.145542,0.512935,0.88458,1
0.677709,-0.74356,0.332997,-0.438354,0.0364901,0.142642,-0.731293,-0.366488,0.0934241,-0.126771,0.0907994,-0.215367,0.642816,0.406876,-0.0536733,-0.272925,0.148684,-0.195599,-0.69808,-0.117004,0.214728,-0.515845,-0.408605,0.23361,0.27327,0.121656,0.0820681,0.381953,-0.216327,-0.105178,-0.645804,-1.1553,0.489666,0.936523,1
-0.0122025,-0.45503,0.965146,-0.179817,0.0466146,-0.329943,0.309693,-0.313015,0.446161,0.0550756,-0.56436,-0.152533,0.157764,-0.300882,-0.382158,0.227229,0.34272,-0.995766,0.0701567,0.0505466,0.13446,-0.258124,0.0321607,-0.66072,0.290021,0.064176,-0.40387,0.157825,-0.230161,-0.240735,0.866323,-0.509092,0.576213,0.780571,1
-0.70566,0.793394,0.887676,-0.00206054,0.319248,-0.0534769,1.10667,0.0884996,-1.02938,-0.610629,0.00721899,-0.177628,-0.333034,-0.117749,-0.254408,0.591686,0.0812655,-0.324359,0.0241026,-0.531747,-0.311683,0.00311997,-0.0058679,0.52157,-0.221964,0.367908,0.29431,0.519907,-0.529357,-0.00287151,-0.293156,-0.324037,0.431271,0.865189,1
0.31145,-0.303506,-0.804526,-1.20224,0.62878,0.0578225,-0.367837,-0.498673,0.644253,-0.596138,0.663454,0.733195,1.05783,0.574082,-0.960446,0.449074,-0.532699,0.346164,-0.27962,-0.834991,-1.04427,0.283739,-0.101658,0.0037546,-0.992127,0.0705813,0.272258,0.147428,0.0788768,0.435284,-0.26988,0.105241,0.496023,0.769008,1
-0.501875,0.0752854,0.394078,0.354557,-0.16031,1.25968,0.743735,-0.0161176,-0.322081,0.0464265,0.301352,1.02376,-0.732833,0.284572,0.377954,-0.385493,0.563508,-0.15607,0.166936,0.521781,-0.177985,-0.257046,0.255076,0.344706,-0.609561,1.07317,0.274594,-0.375392,-0.271452,-0.132629,-0.220838,0.279458,0.469852,0.946088,1
-0.182417,-0.735022,-0.00383114,0.441022,-0.333871,0.170127,0.806593,-0.480381,-0.00389736,-1.211,-0.0250922,0.278256,-0.992905,-0.0516162,-0.263901,-0.25429,-0.0933757,0.815266,0.287216,0.503504,-0.944025,0.301373,0.175949,0.134024,0.547315,0.297367,0.734049,-0.425377,0.6566,0.153605,0.285145,0.0517395,0.471184,0.874973,1
0.0256142,-0.518752,0.890345,0.0579836,0.477059,-0.0611005,0.136948,0.216936,0.640282,0.0325337,0.798508,1.27671,-0.870845,0.261817,0.0249708,-0.0229954,1.14037,0.476281,0.571607,0.00465744,-0.364034,-0.405732,-0.615497,0.401437,0.146208,0.777881,0.692543,-0.566553,0.212061,0.321474,-0.0158803,0.373728,0.508801,0.879935,1
-0.864899,-0.0681805,-0.214581,0.695262,-0.94245,-0.645714,-0.140509,0.266693,0.0871749,-0.815375,0.0134358,-0.453034,-0.289919,0.624843,-0.091747,0.201321,-0.281599,-0.690295,0.489435,-0.0460302,-0.287315,-0.286334,-0.0447294,-0.110963,0.545059,0.855322,-0.107267,0.176098,-0.359178,-0.271703,-0.538972,0.296226,0.472541,0.837933,1
-0.30813,-0.10733,-0.447162,-0.0534322,0.0316349,-0.161791,0.192237,0.00308223,0.565227,0.0062642,0.217254,-0.523521,0.943765,0.156938,-0.0672935,0.468643,-0.269525,0.0348591,0.483068,0.530123,-0.126083,-0.118727,-0.900138,0.0604588,0.743556,-0.36113,0.187261,-0.053828,0.25832,-0.0895292,-0.121984,0.304349,0.476163,0.815156,1
-0.720954,0.31208,-0.443936,0.252963,-0.139403,0.189889,0.841619,0.45549,-1.15766,-0.590765,-0.546884,-0.840938,1.23876,-0.387756,-0.413866,0.00107755,0.271872,-0.00646609,1.22845,0.0959734,-0.204722,0.110404,-0.851411,-0.825355,0.461037,0.477145,-0.0010354,0.350851,-0.121976,0.399328,-0.181098,-1.49532,0.577975,0.931783,1
1.35489,0.644106,-1.05255,-0.806034,1.63789,-0.28237,0.501462,0.000709348,0.275625,0.0282904,-0.619998,-0.745799,-0.514268,-1.68412,1.0863,0.652826,0.0515545,-0.398601,0.459615,0.676441,0.777504,-0.262089,-0.582215,0.656836,-0.787935,-0.336363,-0.103606,-0.265589,-0.577182,0.139169,0.565918,-0.795918,0.449313,0.948685,1
-0.327429,-0.329909,0.677525,-0.702826,0.203837,-0.456636,-0.0957178,0.626273,0.408036,0.794217,-0.215626,0.19555,-0.153068,-0.345293,0.17725,-0.673684,-0.0122811,-0.895887,-0.858817,-0.101699,0.231832,-0.460425,-0.265287,0.255225,-0.680813,-0.573909,0.843675,0.241669,-0.189033,0.363593,-0.837249,0.0993303,0.568695,0.913444,1
-0.0485291,0.261158,-0.034613,-0.388953,-1.09705,0.346242,-0.144047,0.073885,0.649461,0.701883,0.83349,0.232322,-0.109658,0.462214,0.442095,-0.207743,-0.432727,0.549108,0.154367,-0.188808,0.17624,-0.614969,-0.145233,-0.13938,-0.203912,-0.370058,-0.0555337,-0.925105,-0.139178,0.798365,-0.226912,0.422874,0.460672,0.817355,1
0.808422,0.672563,-0.524621,-0.244336,1.25489,-0.668462,0.14951,-0.369786,-0.20875,0.249924,0.461317,0.32786,0.349549,-0.328072,0.11703,-0.730376,-0.515067,0.968916,0.136088,0.291751,-0.637524,0.651006,0.107716,-0.483611,-0.45266,-0.765022,-0.470023,0.119142,-0.0915197,0.154497,0.184145,0.288225,0.548509,0.871975,1
-0.0626684,-0.47707,0.732725,-0.646337,1.13682,0.659862,0.920384,-0.0489632,-0.464829,0.250019,0.0604046,0.172461,-0.435213,-0.102841,0.0224298,-1.46888,-0.124801,-0.391783,-0.741477,-0.320948,-0.69516,0.735721,0.565912,-0.429118,0.181981,0.192168,0.0293142,0.849116,0.671191,0.116818,-0.348961,-0.765778,0.499308,0.800499,1
0.651863,0.0508816,0.112874,0.382906,0.855878,0.216116,0.566272,0.329618,0.606741,-0.0592883,-0.408702,0.515052,1.0434,0.0419358,0.766653,-0.251336,-0.0737647,-0.0213406,-0.29665,0.146593,0.180076,0.345475,0.506606,0.977417,0.838333,0.564376,-0.922289,-0.323733,-0.39351,-0.393475,0.200973,-0.15508,0.559794,0.886994,1
0.0824377,0.565521,-0.41887,1.01015,-0.658285,0.541383,0.126848,-0.0773782,0.21278,0.581788,0.926449,-0.397002,0.503728,0.147485,0.286963,1.14758,0.19328,0.11806,-0.909035,-0.0293072,0.141682,-0.361702,-0.14543,-0.103513,-0.439563,-0.807871,0.180698,-0.478724,0.0426086,0.126383,0.755655,-0.145554,0.508259,0.766273,1
-1.04036,0.676131,-0.24822,-0.252773,0.0473929,-0.741733,-0.00219488,0.851325,-0.691216,-0.515881,-0.0745073,-0.12664,-0.530212,-0.447621,0.492269,0.339236,-0.136027,-0.906079,0.233603,0.209859,-0.662649,0.129982,-0.278582,0.316487,-0.977082,-0.757171,-0.0650131,0.73946,-0.342082,-0.0961067,0.322888,-0.170323,0.545884,0.921124,1
0.73042,-0.457817,0.641836,-0.821496,1.13213,-1.53392,0.0282287,-0.0395442,0.025111,0.546089,0.80354,-0.0972004,-0.416799,0.188699,-0.898552,0.333322,-0.306117,0.183788,0.728922,0.0682365,0.466842,-0.214024,-1.13247,0.727649,-0.645402,-0.31072,-0.302844,-0.183847,-0.504866,-0.244777,-1.49972,0.176633,0.46803,0.816608,1
0.111189,-0.228547,0.244656,0.738728,0.582579,-0.115865,0.571915,0.202138,0.67851,0.159335,0.284879,0.940241,-0.113996,-0.851776,0.503074,-0.161109,-0.177509,1.00717,0.197429,0.351605,-0.884353,0.551416,0.920123,-0.00895981,-0.454922,-0.465991,0.0143121,0.242484,0.0600712,0.288387,-0.0385137,-0.233816,0.483703,0.852671,1
-0.461935,0.0508297,-0.0272933,-0.900021,0.891788,0.175054,-0.337921,0.921822,-0.589716,0.392435,-0.697962,0.186509,-0.0469534,0.202647,0.538224,0.459168,-1.09141,0.345097,-0.26983,-0.283129,-1.15225,0.0851833,-0.642245,-0.637301,-0.731003,0.17089,0.239269,0.565399,0.0144048,-0.424163,-0.18866,-0.0870709,0.516589,0.919965,1
0.556067,-0.318737,0.341154,0.0576694,-0.389599,0.352351,-0.670951,-0.361572,-0.466797,-0.00106673,-0.342873,0.457451,-0.142631,0.78789,0.806972,-0.469973,-0.304278,0.160542,-0.370921,0.360683,0.976325,0.658585,0.128322,0.0537883,0.0687179,0.36464,0.345152,-0.177017,-0.66967,-0.326564,0.720989,-0.468615,0.48901,0.866244,1
0.169483,0.0983771,-0.0148486,-0.19136,0.771742,0.180929,-0.0898936,-0.341238,0.0974506,-0.098213,-0.683249,0.0401125,0.734959,-0.219644,-0.0472855,-0.148838,-0.719042,0.131898,-0.226255,0.270086,-0.637647,0.582351,0.890468,0.596208,0.875592,-0.381619,0.138107,0.290235,0.117951,-0.0599267,0.593809,-0.035237,0.571431,0.935986,1
-0.25998,-0.479483,0.244935,-0.212887,-0.414979,-0.195539,0.933687,0.678627,-0.0375515,-0.570567,-0.751473,0.402421,-0.148436,0.381385,-0.0638858,0.777092,0.862152,0.122995,0.54556,-0.110728,0.550142,-0.589091,-0.237817,-0.132125,0.770472,1.07721,0.182214,0.626279,-0.172919,0.00365642,-0.30834,-0.445814,0.43062,0.862875,1
0.317643,-0.0710555,0.598051,1.20496,-0.761439,0.0958022,1.05043,-0.688098,0.229668,0.58001,-0.0925618,0.0862606,1.07199,0.137182,-0.781226,-0.361344,-0.15186,0.261721,-0.122874,0.255561,0.14447,-0.0666419,0.596535,0.996108,0.96721,0.284701,-0.110243,-0.0661855,-0.43004,0.40049,-0.264301,-0.241874,0.455334,0.840786,1
0.034956,-0.274079,-0.257796,0.181026,0.618452,0.479454,-0.616384,-0.110095,0.584558,-0.43648,-0.275138,-0.168101,0.757475,0.0721036,-0.494887,0.0119335,0.0220294,0.115419,0.104288,0.00458602,0.589864,-0.22092,0.230539,-0.0540667,-0.294501,-0.522345,0.375354,-0.353053,0.338062,0.391194,0.184283,0.672485,0.428235,0.936625,1
-0.384261,-0.060335,-0.372559,-0.864748,0.453655,-0.134379,-0.0424743,0.111865,0.943652,0.578435,0.902814,0.404357,-0.522962,-0.547294,-0.428591,0.412675,0.0498311,-0.0843377,0.0725848,0.99676,0.219726,0.383107,-0.355211,0.110152,0.222853,0.264391,-0.192416,-0.269846,-0.0915294,0.262855,-0.191925,-0.0964741,0.502266,0.80082,1
-0.187806,0.179674,0.00210609,0.984691,-0.0859306,0.367598,0.945163,0.02064,0.390372,-0.123725,0.205689,0.215293,0.28856,0.0508033,0.314841,-0.089516,-0.0442858,-0.025648,-0.04819,0.633854,0.171242,0.658519,0.0278301,-0.110982,-0.358038,0.142768,-0.726141,0.159738,-0.59485,-0.176876,-0.974105,0.114097,0.462928,0.785674,1
0.762869,-0.509928,-0.236003,0.888647,-0.290576,0.276659,-0.338859,0.536735,-0.694862,0.783913,-0.038647,-0.413312,-0.0193925,-0.0991016,-0.077773,-0.730337,0.196194,-0.0776001,-0.442344,1.01638,-0.0214463,0.888696,0.941774,-0.290348,-0.211729,-0.313328,-0.443665,-0.0771313,0.0379174,-0.124841,-0.0978418,-0.79255,0.503422,0.8822,1
0.156713,-0.108588,0.237726,-0.668616,-0.210156,-0.942525,-0.0180342,0.425347,0.0622432,-0.105624,0.390231,0.602378,-0.188133,0.288533,0.00626341,0.0249062,-0.846142,0.0528072,0.51243,0.242396,0.371566,1.26303,-0.487327,0.159501,-0.179725,0.0182785,-0.517406,0.531573,-0.135303,-0.249683,-0.0290729,0.239179,0.474145,0.84781,1
1.07369,-0.574634,-0.511678,0.191518,-0.00981674,0.111916,0.60974,0.0159366,-0.00187054,-0.19709,-0.798399,-0.464312,-0.148631,1.54763,-0.00421588,0.069496,0.141165,-0.734819,1.13374,0.31538,0.174044,1.1059,0.113625,0.358514,-0.513485,-0.717565,-0.443886,0.113638,0.415946,0.289073,1.04993,0.437264,0.494577,0.787421,1
-0.103949,-0.51423,0.398239,0.934797,-0.645829,0.585939,0.226121,-0.0725446,0.791224,0.0411798,0.259561,1.05339,0.119572,-0.221903,-0.190714,-0.245012,-0.0709811,-0.270909,-0.485967,-0.707176,-0.333366,0.143707,0.498627,-0.386634,-0.14925,0.156919,0.886011,-0.494903,0.786139,0.495279,-0.544257,-0.428368,0.495253,0.792242,1
0.420093,0.728074,0.268252,0.348586,-0.115772,-0.112166,0.692903,-0.35728,-0.492513,0.868023,0.538569,-0.835078,0.856559,0.119701,1.02588,0.207421,0.419694,-0.325867,0.303369,-0.601149,-0.018303,0.283705,0.173763,0.530331,-0.597267,-0.0639639,-0.0106434,-0.0782498,0.586563,-0.822358,-0.504403,-0.355414,0.487559,0.808431,1
0.527253,-1.04609,0.516827,-0.482586,-0.53004,0.0146467,0.159188,0.158698,1.43844,0.0519626,0.493055,0.858551,0.597191,0.165381,0.115224,0.242276,0.263491,-0.280593,0.202635,0.570914,-0.19126,0.0140679,-0.0198511,-0.544111,0.218466,-0.264903,0.0464195,0.488904,-0.329741,-0.536184,0.0835871,0.127947,0.498844,0.870677,1
0.635871,-0.371815,-0.506872,-0.884521,0.0900447,-0.154714,-0.7173,-1.25637,0.973586,-0.351042,0.499675,-0.049626,0.28515,-0.0801366,-0.565536,0.736674,0.510915,-0.271652,0.305622,0.283398,0.0341161,1.02509,-1.13041,-0.370965,-0.752732,-0.093631,-0.63476,0.103132,-1.01003,0.23855,-0.554272,0.55222,0.445005,0.855357,1
-0.172205,-0.295789,0.649413,1.26649,0.232752,-1.03012,0.133531,-0.596059,-0.12591,0.248411,-1.54528,-0.413435,-0.187137,0.351516,0.411453,0.7133,0.0100642,-0.370434,0.0928139,0.224467,-0.191287,-0.405921,-0.32833,0.0797752,0.6335,0.167013,0.333978,-0.2311,-0.0492468,0.556519,0.708378,0.842452,0.434852,0.926933,1
0.87262,-0.01864,-0.123541,-0.778049,-1.06603,0.574024,0.0489198,-0.21693,0.696132,0.253116,0.624662,-0.353573,-0.601281,0.102743,-0.0534809,-0.163144,-0.570098,-1.31357,0.506256,0.540896,-0.284891,-0.067665,-1.19024,-0.106209,0.451292,0.551146,0.731197,-0.0620515,-0.470556,1.25635,0.702033,0.0950999,0.549147,0.843873,1
0.188669,-0.841454,-0.876238,0.541258,-0.863972,0.313874,-0.11521,0.59439,0.400249,-0.0524953,0.70017,0.623059,-0.544284,-0.626515,-0.540357,0.150645,-0.220374,0.152152,-0.525196,0.443153,0.0314965,0.410346,0.524886,0.0700962,-0.480809,0.510625,0.503238,-0.06005,-0.213097,0.1151,0.00317993,-0.419757,0.458885,0.766113,1
-0.371101,0.74238,-0.478893,-1.1376,-0.707807,-0.0185709,-0.424363,-0.0824675,-0.287627,-0.629367,0.376487,-0.244373,-0.199784,-0.0481463,-0.112509,0.751794,-0.751363,-0.935682,-0.373773,-0.710088,0.318531,0.00135287,-0.702995,0.978214,0.0409964,-0.320055,0.12364,-0.991688,0.410393,-0.402986,0.49046,-0.644646,0.467195,0.92081,1
0.162068,0.50674,-0.637719,-0.611041,0.15959,-0.161897,-0.0461883,0.220809,0.225983,0.775743,-0.0731928,-0.0893268,-0.29454,0.550435,-0.310855,0.275527,-0.265464,0.449198,-0.270086,0.0519141,-0.550055,0.206033,-0.015116,-0.103182,-0.283951,-0.135088,-1.24839,0.395819,-0.738952,0.919653,0.222902,-0.577558,0.520303,0.890685,1
-0.169594,-0.786677,-0.290628,0.303612,0.00165932,-0.18779,-1.32079,0.554272,-0.381215,-0.464744,-0.371942,-0.473855,-1.19842,0.263325,0.753537,-0.667075,-0.830404,1.22753,1.15268,-0.210504,-0.0663838,0.0513581,0.769403,-0.384035,0.356059,-0.300596,0.423744,0.186659,-0.250987,-0.640827,-0.546146,-1.01942,0.423834,0.788083,1
0.233679,0.0609258,0.0174338,-0.0120832,0.44953,-0.174879,-0.310015,-0.174525,0.179357,0.560528,-0.263634,-0.563566,0.549755,0.0791483,-0.649948,0.0394327,0.579282,0.459442,0.452955,-0.0395273,-0.482981,0.575686,0.348327,0.157535,0.095322,-1.30199,0.0325163,-0.0846149,-0.622198,-0.0714334,-0.047101,0.323542,0.574527,0.933592,1
0.357351,0.596009,0.347112,-0.0660734,0.944016,-0.455353,-0.146657,-0.344943,0.398999,0.302606,-0.199383,-0.444752,0.502566,1.00151,0.221734,-0.0813187,0.437071,0.994114,-0.0478983,-0.335414,0.482301,0.270433,0.201617,0.831558,-0.244437,-0.709376,0.459535,-0.513451,-0.530819,-0.00659918,0.537594,0.681272,0.516657,0.918741,1
0.353024,-0.267038,-0.185548,0.878268,-0.0626884,-0.844926,0.167683,0.0782412,0.320991,-0.100664,0.0103645,-0.406744,0.900534,0.296317,-0.656353,-0.392161,0.41943,-0.0411006,0.676885,0.523165,-0.231864,0.195955,-0.643101,-0.810236,-0.451081,-0.689022,-0.871935,0.255022,0.392321,-0.80217,-0.709122,0.27796,0.452525,0.816017,1
0.172908,0.254975,-0.459648,-0.651983,-0.304294,0.286342,0.184212,-0.224074,0.219944,-0.161081,0.157739,0.570458,0.0884761,-0.276546,-0.400138,0.0143577,-0.576641,-0.0679489,-0.28314,-0.362742,0.0692556,-0.293192,0.194071,1.04021,-0.770089,1.00655,-0.745355,0.42591,-0.326395,0.318796,0.04098,-0.528574,0.430306,0.766817,1
-0.277216,0.0729002,0.500283,-0.94465,-0.124251,-0.835375,-0.61237,0.798189,-0.682954,0.216862,-0.361684,-0.420425,0.493333,-0.556255,-0.633106,0.510972,0.022947,0.778733,-0.378732,0.378323,0.432602,0.0364387,-0.387531,-0.356582,-0.21595,0.0527967,0.331721,0.296842,-0.446667,0.0793984,-0.135051,-0.92772,0.48732,0.836408,1
0.636164,-0.700577,-0.167376,0.134773,0.0482578,0.921698,0.199604,-0.437539,-0.0897623,-0.963069,0.697532,0.268264,-0.327579,-0.281208,-0.305493,-0.221189,0.721062,0.138485,-0.854205,0.297632,0.0939602,0.849076,0.449398,0.435943,-0.12195,0.157394,0.26367,-0.121974,-1.08491,-0.432331,0.424855,0.35772,0.458218,0.888467,1
-0.855604,0.524009,0.314615,0.745664,0.117051,-0.152474,-0.432959,0.167642,0.275469,-0.187802,-0.0233573,-0.915198,0.693893,-1.03474,-0.341541,0.228198,0.869044,-0.0287343,0.313595,0.23894,-0.0339356,-0.547196,0.857683,0.9615,0.0696829,0.51063,-0.713947,-0.235073,-0.328407,-1.07207,0.0535977,0.616839,0.444075,0.811507,1
0.263025,-0.796986,0.915973,0.613167,-0.690246,-0.209848,-0.286184,0.343512,-0.199576,0.438368,0.199929,0.46296,-0.0790308,0.00681298,-0.205159,1.09723,-0.298467,-1.1935,0.297324,0.874187,0.199856,0.188804,-0.708547,-0.685981,0.128666,-0.240724,0.937969,0.766114,-0.195983,1.26417,-0.954387,0.620342,0.568895,0.945539,1
-0.117139,0.39583,0.141841,-0.0502984,0.33584,0.0986327,0.534904,-0.898908,0.149729,0.510586,0.458411,0.389526,0.429682,-0.551977,0.518838,-0.351565,-0.216252,-0.163302,0.653881,0.835662,0.525111,0.0395636,0.629713,0.40049,-0.926224,0.38218,-0.0954281,0.0335949,-0.665477,0.789838,0.639913,-0.0181662,0.464169,0.838092,1
0.607525,0.169961,-0.732485,-0.50963,-0.41091,0.782244,0.501947,0.412538,-0.794101,0.434868,0.00809391,0.401906,-0.270559,-0.719807,-0.581903,0.196414,-0.292268,0.220603,-0.44638,1.28312,-0.0145125,-0.420867,-0.129426,-0.28561,-1.25994,-0.995862,-0.792169,-0.773053,-0.140799,0.361016,1.22562,-1.18452,0.454277,0.943695,1
0.95,0.88,0.0521197,0.335388,0.103849,-0.397944,-0.323044,0.0569586,0.302271,-0.00845393,-0.239416,0.313894,0.388915,0.359874,0.0923914,-0.0179551,-0.34896,0.475713,0.0187427,0.343665,-0.00496351,-0.0273015,-0.234407,0.498107,0.0415897,0.495448,-0.437752,0.361896,0.491469,0.0342482,0.288929,0.279707,0.48,0.2,0
-0.0893835,-0.0255984,-0.14187,-0.274283,0.0674687,0.397547,-0.649405,-0.285334,-0.199392,0.00998051,-0.34914,0.173157,0.00234488,0.754277,0.221969,0.336104,-0.306797,-0.270488,0.679707,-1.10022,0.148578,0.702617,0.33285,-0.418916,-0.231086,0.559017,-0.258038,0.33962,0.0925333,-0.900201,0.0932772,-0.264129,0.428968,0.863546,1
-0.201373,-0.350263,1.14544,-0.20308,0.613956,-0.299292,0.704979,0.818861,-0.222849,0.764602,-0.0323489,-0.225831,0.448725,0.652095,0.6258,0.471214,-0.661352,-0.582709,0.828676,0.577438,-0.289634,-0.141418,-0.0598971,0.518564,-0.738698,-0.81094,0.1621,-0.548738,-0.442645,1.05402,-0.112534,0.208364,0.445386,0.808156,1
0.82029,-0.4178,0.752329,-0.309124,-0.486796,-0.1419,-0.0348274,0.215566,-0.598706,1.01706,0.0200802,0.43931,-0.512807,0.353163,-0.0719668,-0.324379,-0.469565,-0.0668207,0.11032,-0.23306,-0.330231,-0.572557,0.168213,-0.414213,-0.236825,0.80518,-0.162773,-0.598759,0.0512219,0.18107,0.624855,-0.00190942,0.503826,0.875149,1
-0.00325766,-0.369013,0.340713,-0.228864,-0.613017,-0.393386,-0.0365242,-0.475928,-0.69356,0.197659,0.447116,-0.644837,-0.197094,-0.387803,-0.433232,0.146315,0.284925,0.444083,-0.0961585,0.0853853,-0.135942,0.740283,0.804109,0.154754,0.0256507,0.0336682,-0.213633,0.0279777,0.168164,0.206125,0.339916,0.140244,0.549075,0.789485,1
-0.0798778,1.29899,-0.311894,-0.629879,-1.38386,0.37523,-0.151359,-0.634096,0.984031,0.0336245,0.205029,0.277305,0.476732,0.235347,-0.117857,-0.446826,0.115113,0.221218,0.610597,0.0279295,-0.372991,0.435919,0.649057,0.00837873,-0.338684,-0.527934,0.956321,0.875051,-0.155149,-0.421101,0.0924055,-0.575964,0.55549,0.81811,1
-0.240612,-0.0456445,-0.131143,-0.318189,-1.00942,0.264344,0.164105,0.201576,0.129714,0.415283,-0.292809,-0.219128,0.0731619,0.606761,0.229791,0.106563,0.525437,-0.226954,-0.732747,-0.6017,-0.372391,0.643629,-0.290266,-0.82589,0.207145,0.0406995,0.603478,-0.180621,-0.488857,-0.325193,-0.585369,1.24982,0.476746,0.79396,1
-0.0472642,-0.283074,-0.0478025,0.259817,-1.12591,-0.575447,-0.208211,-0.173197,-1.29391,0.307434,-1.04533,-0.578098,0.116825,0.11453,1.07964,-0.742239,0.440078,0.324199,0.650897,0.8248,0.390442,-0.284585,-0.576864,-0.967138,0.0773749,0.275357,-0.935008,0.320401,0.887581,0.732639,0.573224,0.249253,0.442405,0.892881,1
0.522185,-1.09577,-0.518505,-0.0167997,-0.314731,0.617066,0.0336163,0.101495,-0.485326,-0.0335981,0.1477,-0.37129,-0.322355,-0.81134,0.0075614,-0.894987,-0.480258,0.405471,0.16821,-0.10324,-0.724964,-0.438518,0.00499699,-0.108817,1.13768,0.814571,0.305085,-0.00925616,-0.154469,0.414472,-0.598565,-0.370251,0.521668,0.936565,1
0.318132,-0.232526,0.198926,-0.776629,0.656727,0.419594,0.535121,-0.653522,-0.538208,0.478344,0.714163,0.889265,0.122421,-1.35061,0.413368,0.154529,0.638198,-0.224099,-0.391333,0.925843,0.0696863,0.458241,-0.91758,-1.13977,-0.337162,0.414492,-0.365316,0.118233,1.02218,-0.071389,0.0667794,0.48303,0.576683,0.873997,1
-0.199801,-0.459839,-0.354578,0.664345,-0.182886,0.585721,-0.716885,-0.652002,-0.257683,0.274717,-1.08444,0.19862,0.18696,0.485887,0.23363,0.0738583,0.0582762,-1.16392,0.32825,-0.67123,-1.03243,-0.345405,-0.237694,0.0363936,-0.428425,0.134966,0.186329,-0.141946,0.211605,0.46774,-0.442069,0.352111,0.445741,0.796849,1
0.0305607,0.152842,0.471832,0.759345,0.976972,-0.0938789,0.384719,-0.879355,0.437315,0.119573,0.6928,-0.811449,-0.705466,1.27649,0.00574119,-1.03507,-0.5311,-0.0129777,-1.13545,0.17188,-0.512576,0.715417,0.298607,-0.0702035,-0.298607,-0.71177,0.0775921,-0.346194,0.427025,0.304845,-0.312411,0.144404,0.466642,0.80869,1
0.400348,-0.182213,-0.830695,1.46282,0.0399188,-0.145483,0.0487423,0.568089,-0.536509,0.467383,-0.771642,-0.215221,0.17269,-1.23906,-0.202283,0.695659,0.747395,-0.25628,0.782314,-0.0686746,0.17508,0.376669,0.299163,-0.686289,0.262047,-0.120166,-0.390477,-0.307805,0.523006,-0.635149,0.798966,-0.139344,0.516409,0.932152,1
0.350839,0.311727,0.286667,0.353768,0.251557,7.95,0.179775,0.34779,0.320114,0.281429,0.238298,0.129833,0.380911,0.103452,0.13369,0.236446,0.353808,0.393778,0.363719,0.20294,0.233396,0.334204,0.179776,0.221668,0.301248,0.110949,0.263801,0.116515,0.283113,0.1587,0.193011,0.315051,0.52,0.82,1
0.188998,0.15901,0.112239,0.302711,0.323446,7.95,0.226718,0.354606,0.24251,0.394968,0.144694,0.195341,0.108775,0.276418,0.252649,0.374453,0.270117,0.329962,0.294632,0.387986,0.146712,0.263104,0.389373,0.310025,0.353328,0.301386,0.121943,0.15211,0.306304,0.252867,0.11401,0.10724,0.52,0.82,1
-0.189717,1.61276,0.0739477,0.363064,-0.203031,-0.0633665,-0.679453,-0.529236,0.0602993,0.475411,0.657908,-0.550168,-0.284225,0.0628485,0.223954,0.248261,0.133286,-0.528872,0.236517,-0.218239,-0.28561,0.566129,-0.288675,-0.4291,-0.318077,-0.119324,0.102001,-0.29282,0.600801,-0.510795,0.751958,-0.00117704,0.515637,0.783028,1
0.472129,-0.802489,0.546599,-0.51495,-0.845001,0.308287,0.891859,-0.157845,0.524198,-0.259479,-0.388366,1.00574,-0.200377,1.37548,0.508075,0.192711,0.699672,-0.105878,0.844691,-0.345136,-0.273043,-1.4182,0.264152,0.156295,-0.844518,-0.342748,-0.585414,-0.310895,-0.824523,0.548845,0.480709,0.102631,0.503203,0.938707,1
-0.274355,0.323046,-0.457728,-0.198778,-1.30215,0.240321,0.597411,-0.088434,-0.733024,-0.456958,-0.463062,-0.06119,0.528976,0.059753,0.470768,-0.0953872,-0.246334,0.157119,0.606171,-0.0553623,0.269736,-0.410322,0.555547,0.143774,-0.232041,-0.286173,-1.01273,0.719891,-1.02694,-0.0116636,0.647948,-0.385613,0.511692,0.839726,1
0.431922,0.139039,-0.0639506,-0.451228,0.185745,-0.310095,0.0687497,-0.559385,-0.260933,0.155158,-0.467324,-0.0451663,-0.79807,-0.305325,-0.369408,-0.378557,-0.630938,0.0834528,0.579478,-0.112287,-0.862894,0.560439,-0.0659471,-0.505706,0.106904,0.105902,-0.337804,-0.28614,0.00860041,0.0475192,0.372877,-0.0474236,0.515258,0.933972,1
-0.265054,-0.178965,-0.0633155,0.883583,0.24968,1.13698,-0.438233,0.190385,0.171449,-0.531066,-0.0882103,1.12587,-1.33369,0.405816,-1.03265,0.41058,-0.03287,0.666018,0.243394,-0.521826,-1.05486,0.0485586,-0.604568,-0.338634,0.257932,-0.854531,0.00919958,0.540761,0.939942,0.236095,-0.221297,0.146389,0.452865,0.767626,1
0.200836,0.653008,0.42628,0.516682,-0.415582,-0.807051,0.864406,0.767785,0.524574,-0.098993,-0.174902,0.2209,0.220986,-0.290367,0.838534,-0.158778,0.0524226,0.181252,-0.159949,-0.0211967,0.251334,0.372717,0.0402675,-0.0686899,0.491321,-0.120627,0.330503,0.601313,0.179831,-0.0453041,0.190385,-0.52491,0.569024,0.827683,1
0.209089,0.0463277,-0.311602,-0.23203,-0.885001,-0.128424,-0.577984,0.297926,0.232764,0.0719735,0.0626076,0.0528658,-0.181248,0.666162,-0.266393,-0.0241325,-1.14014,-0.137663,-0.474972,0.0309806,-0.200544,-0.324328,-0.0977938,0.428696,0.528531,-0.163239,-0.114794,-0.758013,-0.183109,0.182853,0.0845749,0.0952853,0.422967,0.856043,1
-0.450132,0.272907,-0.256733,-0.571482,-0.455917,0.589936,0.331498,-0.244957,-1.44141,-0.606494,0.390119,-0.396537,0.0540757,0.0768065,1.34202,0.706425,0.50806,-0.884077,0.319112,1.15852,0.826926,-0.411968,-1.49985,-0.208769,-0.101632,0.566194,-0.1083,-0.0900062,-0.449177,0.678761,-0.238711,0.104909,0.428372,0.907345,1
0.31115,0.245324,0.101511,0.156618,0.326726,7.95,0.383951,0.170244,0.140421,0.236499,0.267371,0.309986,0.165223,0.323558,0.219788,0.375323,0.13545,0.165372,0.161384,0.304955,0.388702,0.103708,0.13697,0.309989,0.169071,0.150751,0.208719,0.203875,0.129676,0.323657,0.133965,0.203698,0.52,0.82,1
-0.117217,-0.144827,0.27068,0.955677,-0.518201,0.299436,0.12422,0.437807,0.420028,0.511641,0.467156,1.00952,-0.407414,0.306815,0.137302,0.335238,0.714601,0.548442,0.101305,0.479903,-0.567358,0.58428,-0.540382,0.209167,-0.800118,-0.354812,-0.262716,0.266506,0.527205,0.345569,-0.220006,0.356076,0.482734,0.857038,1
-1.00049,-0.576033,-0.183882,0.564868,-0.982975,0.68945,-0.307055,1.02161,-0.249695,-0.566085,-0.335021,0.562439,-0.263217,-0.328456,0.303737,0.30125,0.0819632,-0.160733,-0.137074,-0.98518,-0.275558,0.156652,-0.284453,0.24722,0.529375,-0.45407,-0.123784,0.455308,-0.151673,0.167925,-0.828396,0.351641,0.554098,0.848393,1
0.460344,-1.02822,0.879186,0.0833641,0.184789,0.686431,-0.830689,-0.241174,-0.882057,0.257132,-0.372993,0.770791,-0.385364,-0.743268,-0.625442,-0.0709485,0.504286,-0.360034,0.0377394,-0.786911,-0.644038,-0.358637,0.0831963,0.29208,-0.0836912,0.206148,-0.712524,-0.1349,0.38346,0.872445,-0.508823,-0.0637852,0.548119,0.838864,1
-0.516946,0.69416,0.375547,-0.236309,-0.286905,0.0069286,-0.0172958,-0.110525,-0.00281095,0.132267,-0.0478512,-0.970991,0.148057,0.115401,0.0611214,-0.212556,-0.0943627,-0.9675,-0.722157,0.0643013,-0.312665,0.052464,-0.394234,0.178525,0.823387,-0.426467,0.630483,0.217599,0.172246,-0.882846,-0.199632,-0.157998,0.512454,0.910905,1
0.711793,0.253107,0.148027,0.617699,0.24357,-0.470391,0.818237,-1.00483,-0.0148653,-0.157897,0.421259,-0.80663,0.230839,-0.202322,0.320306,0.668362,0.588074,-1.25708,0.121142,0.599078,0.0829057,0.0604879,0.889787,-0.453751,-0.872262,-0.198315,0.392159,0.322281,0.399056,-0.334583,-0.0347523,-0.477788,0.459603,0.904383,1
-0.507759,-0.439656,0.498206,0.442201,-0.0800357,-0.0498176,-0.0937233,0.643106,-0.742713,0.573182,-0.206213,-0.886705,-0.864735,-0.64933,-0.0122872,0.567127,-0.186675,0.535212,-0.443411,-0.270554,0.261018,0.712204,-0.740218,-0.43246,0.297768,0.0562751,-0.229342,-0.713269,-0.425684,-0.89161,0.408662,-0.778583,0.49189,0.773566,1
0.0292738,1.03728,-0.202569,0.0882279,0.337586,-1.07273,-0.573533,-0.395108,0.563964,0.209394,-0.147195,0.0503067,0.37287,0.820464,0.714052,0.364675,-0.0575949,-0.0841323,0.635938,-0.712097,0.778952,-0.498646,-0.544841,0.434214,1.27018,0.660095,0.0873491,0.114819,0.747872,0.21399,0.665529,-0.465281,0.468492,0.903443,1
-0.435964,-0.310656,-0.146229,0.0408198,-0.612837,0.0193225,0.518046,0.294187,-0.344606,0.928215,-0.123318,0.929951,0.885113,0.84723,0.677176,0.545689,0.123459,0.368098,0.325719,0.481326,-0.00073303,0.83435,0.741243,-0.528865,0.0234589,0.525595,0.961338,0.641085,0.2413,-0.199247,-0.510271,-0.495547,0.557985,0.948307,1
0.29525,0.127987,0.34643,0.301734,0.283989,7.95,0.253693,0.3505,0.185018,0.318182,0.294372,0.125173,0.385741,0.300156,0.255728,0.239685,0.390615,0.244679,0.236284,0.39194,0.311323,0.26798,0.181662,0.108792,0.151797,0.160999,0.262105,0.184468,0.101055,0.38377,0.239092,0.327147,0.52,0.82,1
0.423405,0.137109,0.290476,0.819655,-0.320941,-0.858734,-0.0110421,-0.26395,0.399408,-0.710652,0.199259,-0.341872,-0.117325,-0.568799,-0.862539,-0.1287,-1.40321,0.307285,0.721146,-0.281968,-0.417935,0.773359,-0.0529467,0.299179,0.495664,-0.17109,0.496426,-0.359027,0.325075,0.604446,0.0394085,0.691702,0.542912,0.937005,1
-0.0643696,-0.447865,0.301801,0.148688,0.0135549,0.0279828,0.195985,-0.71894,-0.433117,1.03029,-0.147925,0.717687,-0.255317,0.932895,0.177486,-0.232922,0.671279,0.64018,0.615175,-0.319137,0.121188,-0.26769,-0.203004,0.758201,0.294261,0.17776,-1.40672,0.328671,0.544408,0.474191,0.385309,-0.172571,0.422111,0.812845,1
-0.610234,-0.180683,0.0119454,-0.418798,0.51894,-0.210228,-0.334747,0.0259208,-0.647813,-0.47554,0.707391,-1.09245,-0.60413,0.113133,-0.537744,0.103712,-0.0635688,0.483898,-0.274568,0.083007,-0.468877,-0.169039,-0.813265,1.07922,-0.175789,-0.188302,-0.13464,0.456436,0.957259,-0.641368,0.0105681,0.0673572,0.540621,0.93771,1
0.701391,0.447081,-0.228486,-0.632869,-0.0888468,-0.906498,0.31836,0.0104686,0.445822,-0.269347,0.0294237,-0.155211,1.05503,-0.734007,-0.748859,-0.00223904,0.56928,0.618029,0.216717,-0.632539,-0.0409828,0.550405,0.268059,-0.234576,0.38856,-0.833768,-0.362011,0.540286,0.595861,-0.466691,0.126479,-0.489967,0.503923,0.914701,1
-0.940043,-0.305527,-0.116049,0.380057,-0.328671,0.498172,-0.673354,0.146019,-0.1619,-0.00646415,-0.0546274,1.23358,0.1211,0.157184,0.535695,-1.31169,0.583012,0.528916,-0.169758,0.0748151,0.110884,-0.441794,0.835776,0.406168,0.622468,0.115387,0.195512,-0.444636,-0.327826,0.0937902,-0.36431,-0.778566,0.56734,0.783276,1
0.442827,0.567291,-0.385539,-0.343552,0.360787,-0.192733,-0.0477109,0.0459121,0.12243,-0.107,0.324799,-0.720369,-0.26747,0.403474,-0.112818,-0.603322,-0.265088,0.316326,0.268864,0.229162,0.659034,0.205203,-0.669585,-0.151151,-0.129345,0.130824,-0.148625,-0.227355,-0.3935,-0.739558,-0.3017,0.113408,0.473488,0.779114,1
-0.230901,0.550391,0.597367,0.293168,0.662299,-0.760229,0.286212,0.466561,0.092003,-0.0280955,-0.466713,-1.33338,0.375148,0.507856,-0.000787113,-0.575812,-0.517718,0.397277,0.048251,-0.00601441,0.436277,-0.351018,0.477557,-0.149383,0.361006,0.533701,-0.665,-0.21229,0.108541,-0.523071,0.571428,0.266654,0.429112,0.918888,1
-0.0369187,0.485858,0.14047,-0.407146,-0.233494,-0.333895,0.769421,-0.263769,0.62476,0.13117,0.331237,0.479806,0.0741908,0.52253,-0.140964,0.128202,-0.205822,0.393261,0.282399,-0.116879,0.11939,0.309924,0.0603256,0.416663,-1.01192,-0.574518,-0.229058,0.439796,-0.287243,-0.321443,0.120271,0.208276,0.577208,0.883538,1
-0.331687,1.18116,0.50869,0.12309,0.168254,-0.759709,1.58142,0.179166,-0.228386,-0.266245,0.169171,-0.885301,-0.981546,-1.19704,-0.35806,0.00223453,-0.0557751,0.188323,0.748469,-0.154363,0.45184,0.299751,0.113905,0.0367317,0.700463,-0.203834,0.77258,-1.08383,-0.266272,0.720652,0.544599,0.123192,0.459962,0.780942,1
0.780341,0.0830728,0.458995,-0.14293,-0.192651,-0.511997,0.425793,-0.439443,0.422726,-0.484566,-0.112924,0.155641,0.0152263,-0.214899,-0.694962,0.729069,-0.598277,0.117815,0.243367,-0.0631007,0.351131,0.14853,-0.589063,-0.0328625,0.519459,-0.111824,-0.816995,1.08196,0.501276,0.326201,0.279935,0.513769,0.522316,0.912934,1
0.140369,-0.343622,0.37036,0.711764,0.425574,-0.845702,0.307115,0.152222,-0.0253024,-0.760213,-0.458344,0.115312,-0.293727,0.251006,0.388398,-0.796231,0.748664,-0.171045,-0.323246,0.480697,-0.590443,-0.375902,1.15186,-0.16919,1.37675,-0.924145,-0.0420544,0.343538,-0.147252,-0.526324,-0.696831,-0.0128482,0.46814,0.806048,1
0.212521,0.299292,0.115981,0.316728,0.356186,7.95,0.105532,0.311912,0.116098,0.12825,0.102693,0.127434,0.138242,0.276044,0.295492,0.242821,0.372307,0.174767,0.127299,0.16877,0.373131,0.399013,0.198646,0.327964,0.287952,0.305332,0.234899,0.104509,0.11319,0.111833,0.330706,0.208173,0.52,0.82,1
-0.122317,-0.589791,-0.0251517,0.322175,-0.898108,0.786094,-0.034144,0.367863,0.264127,-0.190635,-0.0114389,0.603222,-0.160701,0.731084,-0.172927,-0.507154,-0.525439,-0.337791,1.22882,-0.138718,-0.140196,-0.320162,0.0985562,0.0820941,-0.343258,0.475183,0.676456,0.614582,0.580402,0.442098,0.66648,0.133195,0.57975,0.805792,1
0.618241,-1.11,0.461713,-1.05922,0.916213,-0.295161,0.236217,-0.633274,0.730524,-0.0972046,1.12935,0.384502,0.117771,0.519759,-0.13809,-0.301045,0.732558,-0.656361,0.648804,-0.107852,0.361034,-0.70783,-0.112452,0.85107,-0.0911505,-0.242315,-0.845408,0.74094,0.836425,0.702984,-0.4127,-0.411056,0.521787,0.923543,1
1.15323,0.110231,0.516845,0.349031,0.103125,0.274935,0.349333,0.221719,-0.494973,0.319881,0.387176,-0.238681,0.0702572,-0.913956,0.12198,0.923627,-0.149492,-0.139956,0.403233,-0.525455,-0.424368,-0.135808,-0.138718,-0.375709,0.259329,-0.161099,0.043503,-0.139706,-0.0260964,-0.232699,-0.563024,0.643924,0.538621,0.767736,1
0.605654,-0.226363,0.0719632,-0.282981,-0.563208,-0.176487,-1.08588,-0.100509,0.129937,-0.44942,-1.05649,0.695482,-0.602432,0.0449028,-0.544924,0.35328,0.304317,0.315073,0.210787,0.184267,0.0179615,-0.0866768,-0.311199,-0.504614,0.0336288,0.0717781,-0.0967169,-0.746853,-0.367863,0.0978002,-0.26028,-0.000292661,0.482752,0.93594,1
-0.327429,-0.110053,0.282391,0.2594,-0.489288,-0.0407287,0.350682,-0.613443,0.686081,0.181589,0.936349,0.186662,0.132063,-0.523138,0.0181443,0.21295,-1.10492,-0.366112,-0.389656,0.137964,-0.143292,0.0717773,0.175427,0.105639,0.198796,-0.258535,-0.466268,-0.153568,0.667928,0.953229,-0.121171,-1.01564,0.537488,0.780816,1
0.142292,-0.325573,0.428655,-0.543203,0.474152,-0.398261,0.0311105,0.658308,-0.276424,0.597681,0.296104,-0.570164,-0.440014,-0.0902686,-0.189618,0.860055,-0.715655,1.23305,0.0853485,0.693384,1.07656,-0.0515604,-0.147547,-0.58926,-0.354029,0.550416,-0.0269712,0.0719839,0.457743,0.861741,-0.765657,-0.709045,0.509846,0.852528,1
-0.45152,-0.0575752,-1.06969,-0.0692881,-0.350104,0.138127,-0.333512,0.384565,0.698291,0.389603,-1.18078,0.642118,0.238482,-0.0718421,-0.30531,-0.278969,-0.0737429,0.0394912,0.274679,-0.0537465,-0.356729,-0.708692,0.193724,-0.774078,0.150559,-0.0872224,0.463613,0.0042647,-0.0459952,-0.203645,0.679783,-0.913982,0.537115,0.884145,1
0.200886,0.611401,-0.457962,-0.654436,-0.250006,-0.278473,0.274095,0.483945,-0.0512258,0.108905,0.0603353,0.0364406,0.505466,0.517563,0.377162,-0.252116,0.427116,-0.432989,-0.0844951,-1.05972,-0.12402,-0.144102,0.108602,0.243007,0.209462,0.316212,-0.0866015,0.393907,-0.751182,-0.217934,-0.21331,-0.440988,0.442616,0.795376,1
0.299691,-0.385526,-0.144212,-0.555571,-0.731825,0.199038,-0.693903,-0.531528,-0.67246,0.333878,-0.137111,-1.04796,0.62666,0.397156,0.199431,0.139573,-0.284698,-0.192708,-0.206021,0.00927396,-0.276371,0.327165,0.847102,-0.436101,-0.096012,0.748111,0.234716,-0.345972,-0.504585,1.17639,0.0982889,-0.333008,0.500637,0.88334,1
0.269841,0.91834,-0.123065,-0.113466,-0.287855,0.173119,0.734971,-0.680926,0.419426,0.445253,0.294011,-0.224625,-0.387093,-0.156503,0.167672,-0.200268,0.424895,-0.704145,0.401402,0.174679,-0.382358,-1.07413,0.355337,0.726136,0.442742,-0.23567,-0.286477,-0.0690084,0.0609511,0.41503,0.345639,-0.19493,0.554794,0.774627,1
0.743421,-0.313664,-0.30797,0.122954,0.667721,-0.256805,-0.69887,0.397494,0.243017,-0.240884,0.57473,-0.249139,-0.54236,-0.140439,-0.394244,0.322125,-0.0321139,0.299693,-0.32925,-0.0422665,-0.0298828,0.0184518,-0.918862,0.0146848,-0.306297,0.0211823,-0.352584,-0.0985077,-0.0569368,-0.347458,0.0787082,-0.28667,0.474737,0.931468,1
0.281753,-0.0301856,0.2351,0.808743,1.24602,-0.585265,0.486227,0.115392,-0.265314,0.555517,0.544762,0.334907,0.39148,-0.129189,-0.963454,0.680997,-0.523814,-0.827423,-0.518366,0.24477,-0.678682,0.632993,0.738879,-0.31151,-0.106586,-0.019925,-0.393822,0.527302,0.0657296,-0.344697,0.648091,-0.215274,0.443891,0.8815,1
0.549276,-0.0181482,1.27357,-0.0125061,0.166024,-0.0018915,-0.439402,0.0934237,0.0322642,0.214609,0.604233,0.155309,0.077927,0.122447,0.377617,0.00732837,-0.408549,0.624315,-0.379695,-0.0168655,-0.757213,0.352607,-0.161682,0.289163,-0.0101691,0.485691,0.0395297,0.567328,-0.195453,-0.0472375,-0.184009,0.481974,0.561309,0.920674,1
0.154693,0.694296,0.189805,0.392995,-0.447532,0.740913,0.803699,0.931187,0.727411,0.35333,-0.267383,-0.504828,-0.0657182,-0.2691,0.226303,0.161064,0.570965,0.0371303,-0.487944,-0.119963,-0.020297,0.369654,0.0621738,-0.569223,-0.379589,0.46231,0.134222,0.0174842,0.190842,-0.39599,0.508296,0.498993,0.524277,0.805215,1
0.572431,0.414608,0.512613,0.80662,0.249298,0.154865,0.102739,-0.142593,-0.484261,0.800119,-0.154068,0.736522,-0.578636,-0.0129021,0.00238055,-0.535367,0.466957,-0.491925,0.473485,0.551254,-0.581431,-0.280709,-0.586312,0.449219,-0.419382,0.0914736,0.202994,0.0708149,0.317861,0.413837,-0.0754036,-0.619445,0.476744,0.904498,1
0.413072,0.467179,-0.0153369,-0.110836,0.553477,0.854417,-0.162749,0.363714,0.0125923,-0.0276655,-0.137848,-0.212827,-0.39304,-0.0792777,-0.0795969,-0.456459,0.0390584,-0.0106748,0.323818,1.22431,-0.960103,-0.458127,1.05069,0.0669111,-0.163775,0.693861,0.0482434,0.361265,-0.414811,-0.546651,-0.656622,0.770355,0.509983,0.841411,1
-0.494751,0.0560345,0.0558976,0.248435,0.861427,-0.764907,0.511616,-0.0162467,-0.282644,0.842724,-0.156887,-0.0129544,-0.376415,-0.395082,0.0775278,-0.179608,-0.547489,-0.74343,0.729231,-0.0389891,0.195589,-0.354183,-0.500655,-0.412933,0.789384,-0.589479,-1.43388,0.364065,0.307008,0.0487832,-0.121642,0.145578,0.519731,0.790854,1
0.0463244,0.215372,-0.241614,-0.194287,-0.474178,-0.424821,-0.619574,-0.0527764,-0.227879,-0.0691951,-0.444523,0.184827,0.0117745,0.00267952,1.2123,-0.197885,0.0849254,-0.0852829,0.442537,0.454839,0.118759,0.227382,0.244077,0.299875,0.0392437,0.520444,-0.965339,0.307915,-0.582978,0.163674,-0.449024,0.181557,0.462056,0.788458,1
-0.964049,-0.141526,0.62371,0.728863,0.369532,1.082,0.571321,0.141086,0.152534,-0.408841,0.187636,-0.129339,0.195897,-0.274443,0.282538,-0.27503,-0.0288254,0.0234714,0.531197,-0.279271,-0.570906,-0.107331,0.656706,0.107036,0.834107,-1.28658,-0.0281594,-0.271621,0.0924123,0.703797,0.661036,0.593599,0.57345,0.797155,1
-0.96587,0.376431,0.24208,1.31216,-0.479232,0.00749519,-0.4995,-0.565253,0.344687,0.32237,0.655936,-0.129796,-0.511694,-0.297054,-0.496341,0.0693392,0.778163,-0.158485,-0.499014,0.242998,-0.15907,-0.344712,-0.0237213,-0.253434,-0.77006,-0.141645,-0.0772012,0.968204,-0.00806362,-0.521994,-0.0497533,-0.307671,0.442012,0.878035,1
-0.0850975,0.279403,0.798165,-0.319159,-0.628135,-0.337761,0.308434,-0.443689,0.167037,-0.217444,-0.288964,-0.242418,-0.628509,0.0129782,-0.70832,0.149691,0.270247,0.210368,-0.443975,-0.252649,-0.360859,-0.0557666,-0.464451,0.0555755,-0.626323,0.227076,0.772553,-0.268488,0.217219,-0.33321,0.014043,0.10697,0.538409,0.926549,1
-0.624692,-0.204567,-0.0551864,0.956235,-0.2028,-0.499557,0.0759434,1.28605,-0.104686,0.409676,-0.52789,0.433875,0.749534,-0.465398,0.33742,-0.312139,0.390305,0.840686,-0.740127,0.162943,0.359087,-0.174531,0.385015,-0.638775,0.102704,0.289012,0.460484,0.568171,0.225218,-0.0748387,-0.15841,0.205307,0.525131,0.906352,1
-0.49205,-0.42759,-0.04662,-1.12318,0.517032,0.141538,0.624851,-0.341043,0.496402,-0.412982,-0.248332,0.330439,0.10118,-0.638176,-0.66207,0.197077,-0.170978,-0.0557075,0.496334,0.780249,-0.683149,-0.530824,-0.85956,0.70883,0.603316,0.502029,0.787212,0.484491,0.673552,-0.071916,-0.00596436,0.0696032,0.561931,0.921493,1
-0.0853144,0.224714,-0.264212,-0.0701305,-0.181015,0.720452,1.28361,-0.00492659,-0.962852,-0.212031,-0.469855,-0.791954,0.608847,0.203613,-0.0488553,0.528417,-0.359064,0.68051,-0.834716,-0.0221198,-0.435146,0.591478,-0.34668,-0.228504,-0.537461,-0.0613259,1.1491,-0.35336,0.155164,0.586619,0.130773,-0.750204,0.424045,0.849111,1
-0.370908,-0.914938,-0.39176,0.11059,0.25227,-0.281234,0.159386,0.398659,0.150531,-0.880301,0.542939,0.0554181,-0.665481,-0.119356,-0.0285621,-0.985897,0.44723,0.562932,-0.0569983,-0.434228,-0.307867,-0.514997,-0.404727,-0.0985765,0.526051,0.301243,-0.663245,0.0173513,1.16217,-0.837496,0.204205,-1.04805,0.546652,0.80188,1
-0.348316,0.914656,-0.767849,0.182893,-0.0339817,0.903355,0.23212,1.41135,0.594476,-0.305281,-0.538045,0.116448,0.0534465,0.274692,-0.262308,0.477982,-1.05668,0.74829,0.935625,-0.414323,-0.0186803,0.0704591,0.695083,-0.262312,-0.511607,-0.243519,-0.0170218,0.331319,-0.271125,0.00893112,-0.240926,0.475507,0.561007,0.848212,1
-0.127614,-0.0259494,0.28302,-0.375035,-0.525399,-0.914898,0.570282,-0.311113,-0.486704,-0.108955,0.162627,0.476593,-0.335568,-0.471856,0.508886,0.130593,0.314222,0.443626,-0.720771,0.181275,-0.180956,-0.22945,0.453222,-0.296534,0.0146334,0.0106971,-0.0787402,0.324997,-0.09287,-0.25881,0.510323,0.282257,0.558819,0.903037,1
-0.893631,0.143025,-0.418552,-0.630077,-0.0315833,0.179616,-0.542435,0.00955759,0.0253554,1.01829,0.405691,0.649261,-0.17801,-0.288096,0.244669,0.368318,0.327727,0.0504816,0.163383,1.0165,-0.0742887,-0.475622,0.0359191,0.439026,-0.296362,-0.247037,-0.214867,-0.205613,-0.736689,0.486314,0.117939,-0.720726,0.4952,0.863672,1
0.248418,0.206945,0.189734,0.102349,0.143524,7.95,0.344877,0.167453,0.272371,0.374966,0.203425,0.359576,0.151531,0.380209,0.312093,0.304697,0.209573,0.288672,0.284864,0.134088,0.380381,0.132273,0.377301,0.102841,0.274728,0.25355,0.138497,0.308093,0.281854,0.139909,0.122564,0.249794,0.52,0.82,1
0.178434,-0.2416,-0.151086,-0.0487153,0.483041,0.481032,0.0584462,0.0920104,0.169798,0.169199,-0.267517,-0.277304,-0.532015,0.103016,0.184428,-0.885556,-0.183402,0.300794,-0.0960336,0.468718,0.148085,0.288429,-0.482837,1.04776,-0.191976,0.471039,-0.872285,0.397834,-0.676838,-0.853993,-0.0664218,-0.952139,0.52244,0.906869,1
-0.348978,0.183451,-0.124864,-0.201166,-1.19641,0.659587,0.709439,-0.162037,-0.646633,-0.441339,0.240632,1.27586,-0.205619,0.247452,-0.606182,0.0299462,-0.254401,0.579324,-0.419226,-0.622457,0.155462,-0.136859,1.37534,0.231581,-0.0245482,0.364483,0.338583,0.452023,-0.928412,0.355838,1.08075,0.127844,0.428243,0.915764,1
0.0456376,-0.750226,-0.238321,0.944472,0.587962,0.232768,0.184282,-0.334403,0.41233,0.113651,1.37033,0.262094,0.308602,-0.178236,-0.589346,0.368593,-0.0155187,0.900798,-0.856623,0.301365,-1.20687,0.732814,0.14595,0.246782,0.888574,0.670853,0.661646,-0.356128,0.663505,0.236422,-0.336823,0.924612,0.5444,0.795168,1
0.0505006,-0.964598,-0.118569,-0.380278,0.122477,-0.0509553,-0.269877,0.0162553,0.608273,-0.121776,-0.694334,0.0748701,-0.675105,-0.0521071,-0.233216,-0.294644,0.514864,0.47085,-0.115543,0.64017,0.108195,0.236498,-0.475857,0.566646,-0.0275057,-0.0134689,0.129745,0.0742047,-0.29201,0.23775,0.293725,0.794304,0.522372,0.868468,1
0.475329,-0.428647,-0.0570099,0.533181,-0.0143934,1.30438,0.035983,-0.756003,0.348952,-0.360565,0.543303,-0.507875,0.474424,-0.572238,-0.697862,-0.522442,-0.0074263,-0.235021,1.03302,-0.0243394,-0.112543,0.398013,0.767378,-0.972813,0.0927477,0.0875014,-0.303689,0.37197,-0.603067,0.234705,-0.230581,0.290553,0.458655,0.935263,1
-0.368393,-0.199695,0.190079,0.09615,-0.439691,-0.433794,-0.44045,0.0720477,-0.20441,-0.214287,1.18791,0.11609,-0.250171,0.37162,-0.438991,-0.114162,-0.488774,-0.506301,-0.916762,-0.418741,-0.0722193,-0.0803792,-0.0996878,-0.163923,-0.235666,-0.00461071,0.181352,-1.34714,0.429557,0.419519,-0.92601,-0.592388,0.508091,0.775846,1
0.0791656,-0.62787,0.961005,-0.395257,-0.461766,0.560528,-0.297224,-0.29436,0.712516,-0.016527,-0.436859,-0.957029,-0.558152,-0.495667,-0.656484,0.553399,0.407448,0.39235,0.0377991,-0.086015,0.435561,0.262234,-0.0468128,-0.326983,0.118021,0.160917,-0.0622249,-0.61811,0.914282,0.710307,-0.797137,0.636758,0.538633,0.814308,1
-0.189125,-0.158477,-0.0829587,-0.446829,-0.0359509,0.0998388,0.219805,0.151603,-0.196356,1.11236,-0.511645,-0.651029,-0.58246,0.0809395,-0.258323,-0.450937,-0.72249,0.754885,0.607701,-0.333964,-0.10124,0.188812,0.226975,-0.432649,0.265155,-0.064028,0.231379,0.0939531,-0.0386077,-0.491896,0.196435,-0.275793,0.448959,0.775763,1
0.420987,-0.375883,0.697524,-0.490341,-0.0957943,0.440734,0.233495,-0.509923,-0.150876,0.932647,-0.270752,0.555531,0.765743,0.162163,0.780252,0.0115572,-0.384182,-0.387851,-0.0302728,0.921043,-0.693671,-0.122737,-0.16869,-0.0255804,0.561592,-0.680187,-0.382244,0.834893,-0.173693,-0.494075,-1.18642,0.404618,0.449531,0.821523,1
0.340892,-0.273251,0.633197,0.276331,0.525147,0.478416,-0.530706,0.504186,-0.490231,-0.22775,0.311034,-0.309256,0.613643,0.34183,0.00825462,-0.3523,0.0978409,-0.185899,1.07035,-0.00954061,0.609902,-0.796037,0.288701,0.12703,0.233641,0.186563,-0.275472,0.0686195,0.705787,0.446389,-0.779738,0.796143,0.448318,0.92369,1
-0.418793,-0.556783,-0.519834,0.100068,-0.27085,0.332928,-0.728321,-0.0649019,-0.0518641,-0.336668,-0.664932,0.0121037,0.0325392,0.032127,-0.105946,0.247043,-0.273711,-0.0252486,0.167335,-0.0786268,0.962617,0.0929157,-0.234568,0.284533,1.15907,0.282033,-0.232865,-0.93139,0.0377654,0.0100984,0.452713,-0.299731,0.506785,0.896227,1
0.728907,-0.0925151,-0.903012,0.531037,-0.0343436,-0.55249,-0.501857,-0.408544,-0.257456,-0.650725,1.14954,-0.253356,0.143531,-0.236325,0.460742,-0.230219,0.0761443,-0.0675402,-0.780807,0.840609,-0.153642,0.900573,-0.568178,-0.531027,0.0313333,-0.405791,0.135915,0.626702,0.98695,1.00243,0.512397,0.174562,0.535315,0.810457,1
0.898716,-1.09523,-0.554218,0.37885,-0.141406,-0.229854,-0.686112,-0.380438,-0.0623826,0.198494,0.914225,-0.17764,-0.315148,0.0743739,0.328838,-0.623015,0.00273486,-0.129197,-0.213712,-0.00853212,-0.652506,-0.143306,0.441524,-0.290119,0.476924,-0.239764,-0.0721045,0.488888,1.03099,0.343153,-0.594406,0.0776701,0.570019,0.900865,1
-0.419281,-0.470359,0.246015,-0.512486,0.105142,-0.314819,1.27385,0.167387,-0.20072,-0.65331,0.558524,0.605965,-0.0599819,0.211265,-0.694038,-0.463613,0.0365282,-0.258452,0.424883,0.326157,-0.492865,-1.19172,0.00281062,0.660977,0.918432,0.106741,0.51312,-0.451487,-0.245603,-0.147099,-0.740187,0.619351,0.487696,0.784984,1
0.0528744,0.367649,0.902419,-0.0245257,0.268593,0.431202,0.337817,-0.407683,0.30112,-0.286622,-0.499207,0.245,-0.795892,0.506045,0.0615448,-0.347609,0.144795,-0.510756,-0.529396,-0.26397,0.178529,-0.370763,-0.623701,0.39803,-0.342675,0.809777,0.292078,-0.0378185,0.190518,0.32662,0.389556,0.0648512,0.453705,0.941442,1
-0.164194,-0.183432,-0.202638,0.144352,0.211175,0.574887,-0.447334,0.366822,-0.3065,-0.368395,0.00694344,0.915264,-0.25146,-0.0341549,-0.902241,-0.464688,-0.349643,0.507585,0.609736,0.211055,-0.205754,0.175619,0.611447,-0.104814,-0.287073,-0.509967,0.883698,-0.400972,0.410169,-0.282432,-0.283447,0.628019,0.436024,0.841673,1
0.30698,1.7058,0.696073,0.473519,-0.265977,0.652701,0.0867996,-0.39506,-0.534537,0.234911,-0.0367802,-0.958051,-0.244944,0.691365,0.116915,0.382615,0.766209,0.750554,-0.307872,1.03048,-0.284009,-0.493082,0.577666,-0.266593,-0.0994629,-0.011261,-0.00201149,0.075144,0.639141,-0.539803,-0.538527,-0.211284,0.51679,0.883985,1
-0.557221,-0.207564,0.667813,0.751779,-0.507555,-1.02266,0.337372,0.598512,0.465916,-0.0776137,0.679185,0.602029,0.611738,0.00110376,-0.744943,-0.985273,-0.0688603,-0.060832,-0.919012,-0.150072,1.38425,-0.16924,0.379333,0.125404,0.330412,-0.471784,0.0277508,-1.01521,0.714863,-0.0229356,-0.237126,0.218107,0.573333,0.82607,1
0.159415,-0.180464,-0.64485,-0.205014,-0.237094,0.130504,-0.0521067,-0.400513,0.61928,0.256997,-0.195139,0.00442384,-0.517078,-0.289872,0.260397,-0.327251,-0.481746,-0.721858,-0.307862,-0.478093,-0.406999,0.169755,-0.405642,0.204293,0.241914,-0.208252,-0.260869,-0.22196,-0.140786,0.654288,0.860916,0.471376,0.523798,0.872974,1
-0.131438,-1.74501,-0.223852,-0.0132561,0.861183,-0.272925,0.257031,0.887106,-0.299274,-0.0712639,0.207002,0.550495,-0.591817,-0.438472,0.365612,0.13353,0.466233,-0.00373957,0.841557,0.350442,-0.618822,-0.16098,0.6781,0.273562,-0.23118,-0.0137007,0.127733,-0.433273,0.330868,-0.660291,-0.145432,-0.512213,0.452151,0.930749,1
0.807595,0.188013,0.83643,-0.407185,-0.915764,0.565848,-0.729273,0.353799,-0.259643,0.297754,-0.0973874,0.431098,0.312625,-0.355388,-0.52856,-0.0254371,0.066195,-0.740498,-0.666388,-1.10191,-0.21374,0.503787,-0.222483,-0.711971,-0.495184,0.231435,0.639548,-0.746339,0.575221,0.280896,-0.365341,0.808614,0.578094,0.835711,1
0.384222,0.118394,-0.167265,-1.17377,1.56367,0.138986,0.63286,0.134049,0.187558,-1.03593,-0.0498139,-0.998954,0.749648,0.306195,-0.212888,-0.956392,-1.12218,0.403205,-0.965072,0.131951,-0.49535,-0.978861,0.485017,-0.533259,0.690122,0.409646,-0.702793,-0.555227,0.205055,-0.303917,0.675367,0.567093,0.552434,0.905837,1
-0.377367,-0.040302,0.227582,0.111969,-0.628917,0.465796,0.135554,-0.848338,0.879223,0.294857,0.487166,0.486953,-0.320898,0.878812,-0.366913,-0.0419401,0.604171,-0.106573,-0.23284,-0.129985,0.0211685,-0.500546,0.363854,0.82779,-0.308047,0.240179,-0.325508,-0.178984,0.0776911,0.364871,-0.426268,-1.07997,0.553685,0.936755,1
-0.228821,-0.121923,-0.201605,0.335711,0.0913828,-1.38303,0.0633389,-0.644232,0.566649,-0.115414,-0.986423,-0.674,0.359113,-0.239632,0.356142,-0.122135,-0.498627,0.0755049,-0.378387,-0.179322,0.125612,-0.256801,-0.556199,0.148534,0.153247,0.283292,0.231578,0.528189,0.351158,-0.642801,-0.00466513,0.0692113,0.573449,0.814113,1
-0.0684004,-0.865853,-0.126388,-0.0973406,0.841765,1.0615,-0.231931,-0.0106517,0.0192434,-0.273422,-1.22527,-0.587101,0.477537,0.243399,-0.46678,-0.00207671,0.365735,0.152524,-0.32672,-0.100812,-0.0560332,-0.42275,-0.743597,0.24097,0.334957,-0.332508,0.660509,0.602367,0.449667,0.77623,0.667483,-0.25946,0.552665,0.937822,1
-0.47581,-0.0545589,0.358983,-1.17479,-0.00780867,-0.165801,-0.185256,-0.574706,0.347188,-0.350638,0.48392,-0.134023,0.509189,0.460575,-0.043023,-0.0554759,0.27824,0.567946,-0.206379,0.304526,0.000731986,-0.0976793,0.0447928,0.0820734,-0.560502,-0.489419,-0.18588,-0.322869,0.329674,0.420782,0.542934,-0.262941,0.490939,0.76787,1
0.688727,-0.088733,-0.21721,-0.148243,0.241318,0.162082,0.299001,0.530141,-0.266865,0.52145,-0.228334,0.0365805,0.702021,-0.813975,0.0535827,-0.237261,0.553706,0.382863,-0.319615,0.999925,0.657504,-0.313626,-0.365601,0.0863667,-0.0119514,0.387408,-0.403245,0.396445,0.462658,-0.371423,-0.191949,0.446042,0.455512,0.85149,1
0.499008,-0.0778486,0.312732,0.282595,0.811646,-0.488768,0.133152,0.601523,-0.264822,-0.270188,-0.0814968,-0.266034,-0.328086,-0.767285,-0.72362,0.671452,-0.450086,0.374788,-0.0547963,1.0288,0.0467368,-0.414491,-0.0492398,-0.522993,-0.441951,0.313005,-0.117356,0.605254,0.34349,0.666728,-0.118957,-0.439677,0.523148,0.884653,1
-0.482371,-0.834005,-0.390647,-0.479239,-0.441033,0.585784,-0.369159,-0.148983,-0.711985,0.96336,-0.637801,0.285002,-0.565229,-0.911389,-1.02554,-0.182242,1.75145,-0.583594,-0.928363,0.298667,0.137944,0.0125649,-0.817048,-0.0266512,-0.291027,0.145225,0.226547,-0.623985,-0.290484,-0.0808224,0.579073,0.626821,0.43766,0.781736,1
0.714255,0.0823124,-0.563324,0.817168,0.99507,0.275885,0.679251,-0.0720492,-0.10988,-0.577222,-0.0626502,-0.114386,0.314718,-0.626511,0.176789,0.185334,0.0779614,-0.462936,-0.425275,0.0602517,-0.0968242,0.660631,-0.679446,0.667483,0.351381,-0.224313,0.370346,0.345048,0.381354,-0.244044,-0.108301,-0.11722,0.431727,0.923785,1
0.312953,0.278013,-0.147512,-0.238155,0.0444792,-0.345532,0.451013,0.221971,-0.681229,-0.120596,0.0322869,0.161005,-0.0336605,0.107383,0.60013,0.933371,0.811802,-0.897084,-0.101381,-0.260129,0.0405972,0.850525,-0.580159,0.38897,-0.328555,0.159734,0.399971,1.0268,-0.164136,-0.195457,0.0429929,-0.469967,0.433981,0.768125,1
-0.80973,-0.214501,0.520039,-0.721434,0.118031,1.11243,-0.336621,-0.272676,-0.125184,0.647371,-0.105296,0.262132,-0.197612,-0.606436,-0.168085,-1.04856,0.0953254,-0.693815,-0.578421,0.14878,1.73284,-0.46257,0.287727,-0.0354184,0.124733,-0.102063,0.094122,0.578021,1.12193,-0.0962356,0.611311,0.176463,0.526896,0.912415,1
0.965031,0.298628,0.213797,-1.18102,-0.199919,0.915995,0.42934,0.975483,0.794111,-0.657553,0.69062,0.0233977,-0.539732,0.171126,0.510505,0.0721244,-0.766256,-0.68328,0.316117,-0.625404,-0.36422,0.187465,-0.35961,0.365003,0.492647,-0.301757,-0.365273,0.106876,0.213694,0.0848951,0.335739,0.221301,0.48876,0.80578,1
0.750328,0.830722,-0.722848,-0.571558,-0.27151,0.155117,-0.55322,-0.0533633,0.177907,0.34296,-0.227108,-0.0782766,0.0843022,-0.242094,-0.281802,-0.643368,-0.303481,-0.366097,0.86196,-0.126558,-0.0238715,-0.243091,0.164806,-0.267247,0.157117,0.425638,-0.243592,-0.373129,0.390686,-0.457473,0.831996,-0.524363,0.546433,0.820735,1
0.122413,1.19733,-0.0868412,0.716971,-0.979859,0.170617,-0.263767,-0.364668,0.118917,0.185304,0.487051,0.896946,-0.00815726,0.951757,-0.248095,0.107707,-0.331103,-0.210646,0.0846967,-0.312976,-0.539412,0.0295106,-1.0013,-0.195994,-1.17104,0.190002,0.657149,-0.26796,-0.177625,-0.154184,0.465907,0.06485,0.425531,0.842052,1
0.21857,0.140324,0.103097,-0.17622,0.491989,0.676867,-0.14702,0.331283,-0.879271,0.0970526,0.393333,0.287978,-0.498018,0.370662,-0.0335889,1.20119,0.267698,-0.729434,0.757073,-0.141961,-0.678288,-0.794329,-0.742977,0.49877,0.0074365,-0.256672,-0.710668,0.409331,-0.525253,0.0803561,0.151113,-0.621923,0.570881,0.845619,1
0.0345743,-0.0326536,0.00847937,-1.04931,0.244575,0.0586746,0.118664,0.364311,-0.387981,0.130867,-0.0239643,-0.390198,-0.171465,0.220187,0.0252534,-0.514901,-0.235189,-1.19359,0.473783,-0.228855,-0.663742,-0.00536185,-0.0907818,0.257752,0.255134,-0.437644,0.292416,0.150233,-0.343953,-0.255432,-1.17763,0.762007,0.570234,0.899381,1
-0.450622,-0.734544,-0.415041,-0.0855267,-0.0583712,-0.519862,-0.259142,-0.320656,0.180417,-1.05529,0.248299,-0.686377,0.261044,0.740559,0.593002,-0.287977,0.406652,-0.561311,0.91912,-0.281561,-0.398631,0.66438,0.284541,-0.613249,-0.0505082,-0.536316,-1.22615,-0.188956,-0.647943,-0.388156,0.389483,0.249914,0.5217,0.939506,1
-0.0929875,0.410225,-0.782234,-0.0837684,-0.0191634,-0.447214,-0.374315,0.521056,0.537623,-1.0368,-0.137753,-0.0434803,-0.707563,-0.131908,0.339846,-0.341021,-0.100746,0.282917,0.170125,-0.608566,-0.33967,0.621247,0.810827,0.28213,-0.482781,0.00514753,0.139589,-1.05917,-0.333733,-0.679092,0.697696,0.15661,0.546976,0.778911,1
-1.0964,0.194913,0.501476,-1.36919,-0.317497,1.01299,0.168533,0.124743,-0.164197,0.987437,-0.132824,0.800418,0.485158,-0.143346,-0.113416,0.500342,-0.649937,-0.365007,0.26664,0.0997868,0.708949,0.448184,-0.21034,-0.223183,0.349543,0.544085,-1.39225,0.146146,-0.40551,-0.348569,-0.852203,0.185213,0.500198,0.801777,1
-0.249479,0.207523,0.411314,-0.0124363,-0.295915,0.819215,-0.344296,-0.753383,-0.112273,-0.551462,0.00295329,-0.603299,0.435959,-0.511396,1.1136,-0.0348214,-0.131216,-0.0551225,-0.405433,-0.00120082,0.383737,0.326885,-0.261103,-0.0476837,0.133028,-0.447572,0.368087,0.266508,0.0756782,0.504362,1.25238,-0.00267452,0.573511,0.917107,1
1.03124,-0.584967,-0.337382,-0.120687,-0.680987,0.581667,0.882223,0.0447325,0.306699,0.707144,-0.0120514,-1.10621,0.0710954,-0.0653329,0.816726,-0.190903,0.952596,-0.120296,0.434177,0.0835621,0.512425,-0.285954,0.71295,0.0550105,0.639512,0.0233628,-0.143255,-0.241737,-0.594893,-0.688276,0.00115844,0.459863,0.432979,0.948899,1
-0.525675,0.487775,-0.0764978,-0.161291,-0.0172021,0.698786,0.652319,0.621168,0.771805,0.689828,-0.54397,0.417627,0.0248713,-0.361501,0.289942,0.858768,-0.360146,0.0437198,0.401965,-0.0916416,-0.201807,0.156492,0.155556,0.654645,0.000703403,-0.00725452,0.481637,-0.370268,0.172813,-0.501413,-0.243731,-0.63009,0.531341,0.844944,1
0.804299,0.311746,-0.623216,-0.570291,0.0519678,-0.789939,0.0775124,0.159188,0.146537,-0.763546,0.587955,0.385186,0.387262,1.24648,-0.19521,0.555335,0.790718,0.0397802,-0.132901,0.439693,-0.296949,0.823506,-1.32873,-0.0472801,-0.0359576,0.187057,0.95507,1.16229,-0.749753,0.243694,-0.193456,-0.113966,0.500578,0.935932,1
0.695631,-0.259738,0.240273,-0.470077,0.0926579,0.362463,0.527927,-0.513115,0.0608308,0.391118,0.454577,0.0585474,-0.343759,0.296273,-0.128739,0.885322,-0.393262,0.670791,-0.591659,-0.276617,-0.102804,-0.411316,1.01516,-0.299009,0.185938,0.142524,0.166834,-0.0911989,0.370612,0.906753,0.96475,0.0445472,0.534245,0.889225,1
0.417212,0.06539,-0.502906,0.966168,-0.452756,-0.600645,0.719926,0.198037,0.645178,0.594019,0.336179,0.448117,-0.587767,-0.303737,-0.033603,0.0796098,0.316306,0.254381,-0.00552974,0.498101,0.909535,0.482635,0.510827,-0.616328,-0.143407,-0.237878,0.525042,0.0939913,0.271663,-0.408653,-0.984927,0.372035,0.569738,0.949098,1
-0.446451,0.0300044,0.212749,-0.444199,0.468842,-0.775154,0.59664,0.386115,-0.432643,-0.0114419,-0.265046,-0.583786,-0.0949628,-0.141067,-0.550247,0.409112,0.769297,0.110663,-0.225712,0.10408,-0.41467,0.173023,0.666562,-0.26914,0.376733,0.111576,-0.595208,0.048328,0.282102,0.429993,-0.225238,0.360738,0.468282,0.764786,1
0.730786,0.59395,0.447106,-0.69857,0.0258823,0.727189,-0.781342,1.01984,-0.4541,-0.522583,0.369078,0.281402,0.248614,-0.632156,0.274613,0.129524,-0.922188,0.290004,0.522494,-0.325718,-0.259922,-0.615822,-0.177059,0.293444,-0.036645,0.0370905,-1.22012,0.104957,0.736121,0.806018,-0.139451,0.113766,0.489022,0.927658,1
0.686713,-0.335914,0.685408,-0.180571,0.719884,-0.531262,0.14055,0.213583,-0.664368,0.243054,0.491319,0.593448,0.288853,-0.374854,-0.139747,0.10562,0.438947,-1.01325,0.295656,-0.80121,0.486042,-0.331335,-0.477,0.119306,-0.355025,0.0491927,0.00149159,-0.595247,-0.795141,0.0330165,-0.12562,0.195569,0.52428,0.928441,1
0.938602,1.52763,-0.113728,-0.782591,-0.0608291,-0.239882,-0.800756,0.0479151,-0.369415,0.232967,-0.0523766,-0.759101,0.563542,-0.315236,-0.0941129,0.229315,0.545939,-0.234866,0.656443,-0.368488,-0.325841,-0.376007,-0.0754172,-0.522692,-0.54928,0.365299,0.785405,0.0578155,-0.548167,-0.894626,-0.219781,0.478361,0.567607,0.899626,1
0.95,0.88,-0.32818,-0.034556,-0.364947,0.336132,0.113382,-0.453413,-0.204437,0.421011,-0.353083,0.259522,-0.367754,-0.469483,-0.436535,0.157738,0.341553,-0.31896,-0.177195,-0.0454576,0.0557996,0.403946,-0.0856073,0.409073,0.436396,-0.416808,0.204346,-0.00116109,-0.0339129,-0.055071,-0.276298,-0.105914,0.48,0.2,0
0.145284,0.260166,0.370487,0.292413,0.340281,7.95,0.190538,0.2913,0.239758,0.328177,0.127252,0.123607,0.378958,0.139359,0.200727,0.396314,0.123167,0.104995,0.313632,0.18489,0.13141,0.223562,0.268563,0.221756,0.10303,0.117211,0.239165,0.361797,0.388258,0.2803,0.324448,0.194074,0.52,0.82,1
-0.343479,0.363889,0.0733991,0.025601,0.118783,1.05052,-0.00366955,0.126271,0.241639,-0.668626,0.236926,-0.516346,-0.638776,0.467126,-0.621082,-0.244272,-0.00268024,-0.298479,0.729303,-0.402315,0.123309,0.59746,0.587949,0.216038,-0.333951,0.391843,-0.441861,0.432597,-0.404299,-0.153901,-0.246343,0.217492,0.573963,0.802402,1
0.180809,0.00542821,0.537162,-0.266149,0.540352,0.343381,0.225086,0.117787,0.108243,0.949168,0.45614,0.659407,-0.566502,0.289714,-0.269118,0.50484,0.325158,0.323178,-0.328243,0.0175683,0.260049,0.820193,-0.579787,-0.341921,0.158716,0.280414,-0.674614,0.0973033,-0.22033,0.143411,0.501732,0.523608,0.559807,0.828751,1
0.32315,0.223383,-0.0594111,-0.428552,0.714224,-0.399439,0.0258148,-0.141956,-0.150658,-0.251308,-0.571881,-0.28243,0.439669,-0.042137,-0.0455019,-0.366272,-0.732762,-0.255906,0.0161854,-0.850416,0.700603,-0.181654,-0.549527,-0.721551,-0.0968993,-0.166188,0.647135,-0.588635,-1.05541,-0.289054,-0.665455,0.533074,0.572732,0.907521,1
0.541683,-0.0439564,0.275066,-0.324449,0.584651,0.5682,0.210143,-0.986484,0.849851,0.092313,0.126459,0.295674,-0.753466,-0.752168,0.920065,-0.402594,-0.0947493,0.135122,1.08822,-0.606653,-0.144258,0.524326,-0.474634,-0.405819,0.594752,0.292007,0.173913,1.31224,-0.430251,0.649461,-0.420696,0.405985,0.552682,0.775563,1
-0.132633,-0.0205942,-0.392211,-0.297577,0.894673,-0.388544,0.589533,0.119786,1.11615,0.654048,-0.234549,0.101877,0.412583,-0.048543,-0.356295,0.158495,0.0995571,-1.01699,0.0129758,-0.165376,0.0800719,-1.10723,0.14649,-0.844686,0.716866,0.220683,-0.27626,-0.715948,0.00394813,-0.34147,-0.196928,-0.534724,0.574773,0.935043,1
0.409013,0.205391,0.315673,0.826235,0.163414,-0.0658558,0.177425,0.252348,-0.922502,-0.337362,1.03995,-0.182451,-0.351701,-0.836241,-0.110295,-1.16635,-1.14641,-0.0614465,0.00270486,-0.651743,0.0853686,-0.207212,-0.250626,0.713725,-0.502435,0.75696,-0.175995,-0.0244908,0.0206011,-0.262358,-0.165806,0.472792,0.473963,0.787727,1
-0.640312,-0.340452,0.392606,-0.170858,-0.0417377,-0.0861057,0.425987,-0.854154,0.524692,0.0793325,0.270264,0.188465,-0.0959455,-0.492501,-0.241518,-0.551374,-0.11462,-0.113744,-1.29458,-0.892143,-0.504928,-0.110269,0.592772,0.188143,-0.259189,-0.0538525,-0.203017,0.181707,0.345798,0.0336986,-0.232123,-0.269913,0.475106,0.762183,1
-0.484597,-0.333705,0.0903035,-0.0620803,0.295107,0.270093,-0.459461,0.610255,-0.594191,-0.382418,0.199199,-0.76394,0.31053,-0.307346,-1.25923,0.0738164,-0.265382,-0.220655,-0.575043,-0.436711,-0.0680333,-0.42143,0.103162,0.265168,0.0511909,-0.371521,0.201286,-1.28417,-0.0662752,0.0540668,-0.241313,0.850183,0.513165,0.781599,1
-0.200605,-0.193451,0.527548,1.50871,0.213915,0.308837,0.694707,-0.0472552,0.157087,0.299242,0.107904,-0.586969,-0.0715676,-0.171311,-1.12007,-0.435671,-0.133617,0.15135,0.0124892,-0.0664279,0.364544,-0.291939,-0.110182,-0.297826,-0.257069,-0.305985,0.139627,-0.824868,-0.145845,0.0613415,0.697,-0.826028,0.472714,0.860264,1
0.549022,-0.122997,0.262774,0.0372713,-0.82094,-1.33161,0.832536,0.382556,-0.483414,-0.397286,-0.0243604,-0.0887922,-0.551269,-0.540146,-0.397413,0.625321,1.08399,-0.359232,0.013325,-0.548745,-0.151416,0.731918,-0.0292863,0.221747,0.524212,-0.0232978,-0.24386,0.499789,0.576015,0.00118098,0.937151,0.432305,0.540298,0.908038,1
0.0275688,-0.274624,0.220476,0.811493,-0.309216,-0.286612,1.05989,0.253326,0.255013,-0.134693,-0.546061,0.0211143,0.378196,-0.0782518,-0.336256,-0.306668,-0.247101,0.697448,0.1558,-0.195226,-0.294322,-0.41492,-0.178968,-0.57724,-0.0258184,-0.531441,-0.784428,0.82339,0.600704,-0.273625,1.06133,0.0308829,0.503186,0.916696,1
0.160338,0.135613,0.378437,0.144809,0.251935,7.95,0.281577,0.306146,0.138281,0.32588,0.290988,0.317316,0.121122,0.389483,0.21266,0.309497,0.180445,0.177028,0.10577,0.166086,0.171802,0.202636,0.115883,0.296476,0.243153,0.215805,0.327747,0.214866,0.141033,0.159913,0.362779,0.133233,0.52,0.82,1
0.0692035,0.660965,0.423977,-1.17899,-0.127588,-0.458057,-0.301075,0.760424,-0.593671,-0.131135,-1.00325,0.0571597,-0.399358,-0.332943,-0.0870486,0.689391,-0.407744,0.631327,0.0944396,0.9123,0.344538,-0.24994,-0.202315,0.0453836,0.399434,0.0148871,-0.443818,0.125921,-0.812523,-0.741673,-0.262673,0.0589436,0.533874,0.877877,1
0.573344,0.460967,-0.177923,0.360339,-0.00362908,-0.247787,-0.531758,0.088657,-0.252423,0.425348,0.971549,0.0452535,0.34939,-1.04337,-0.153674,0.201975,-0.238686,0.627048,-0.597266,0.312205,0.229925,0.377732,-0.238232,-0.1768,-0.582284,-0.262682,-0.423838,-1.33088,-0.0613483,0.242627,-0.404403,-0.742681,0.574264,0.905947,1
0.367638,-0.579635,-0.384789,0.4089,0.617311,-0.497412,-0.151406,-0.575604,-0.434642,0.0605637,0.616079,0.400644,0.361239,0.142485,-1.58479,0.0124582,0.626591,0.709945,-0.368403,0.0187474,0.0506066,-0.244875,-0.230717,0.309853,-0.32015,1.04745,-0.212824,-0.332836,0.908302,0.894599,0.0520551,0.154201,0.51484,0.942673,1
-0.26093,-0.256471,-0.411801,-0.298998,-0.116274,-0.0501439,-0.308215,0.112583,0.796491,-0.606151,-0.0896992,-0.250922,0.712317,0.219056,0.700521,0.212013,-0.122535,0.72121,0.556492,0.210438,0.193482,-0.11615,0.530668,-0.248199,-0.315724,0.354049,-0.307025,0.142886,0.11801,-0.920184,-1.05479,-0.102432,0.430839,0.825853,1
0.521372,-0.0442271,-0.675732,0.860404,-1.01082,0.583188,-0.0278024,0.111256,0.601242,-0.245745,-0.0718068,0.495907,-0.302216,0.112482,0.249244,-0.38524,0.0492194,0.12054,0.410084,0.539653,0.566903,-0.902267,0.410949,0.284408,0.690129,0.276302,-0.0125823,0.730407,-0.661725,0.381902,0.290945,-0.607074,0.578393,0.762379,1
-0.25439,-0.0745269,-0.124208,0.196317,-0.384088,-0.178324,-0.958536,-0.415723,-0.180474,-0.477421,0.682619,0.254853,-0.758923,-0.0990104,-0.0914988,-0.569173,0.0338467,-0.196321,0.0308315,-0.26761,0.206805,-0.508573,-0.21527,0.77687,-0.546993,-0.279153,-0.494441,-0.0500571,0.356548,0.278106,0.448829,0.117655,0.501985,0.90203,1
-0.402624,-0.626937,0.780379,-0.954982,0.662296,0.438735,0.145642,0.528194,-0.0334548,0.127309,-0.161983,-0.244086,-0.325075,0.678685,-1.02378,-0.422652,-0.308786,0.395645,0.408082,-0.422674,-0.0399593,-0.694559,-0.214968,-0.517002,0.434403,-0.770889,-0.0352522,-0.64249,-0.229981,0.254064,0.0913923,0.112138,0.435233,0.936191,1
-0.448669,-0.467757,1.12945,-0.392529,-0.315222,0.217034,0.154663,-0.0913051,-0.515087,-0.682321,0.568062,0.0400625,0.173676,0.00627603,-0.570776,-0.142087,-0.813839,-0.444194,-1.18935,0.110564,0.507904,-0.67603,-0.0966533,-1.00505,0.0917619,-0.504183,-0.547404,-0.0570122,-0.952559,-0.0790657,-0.362243,0.11018,0.455856,0.811178,1
-0.0760409,0.872103,0.0641803,1.0162,-0.311454,-0.588539,0.0853863,-0.0813593,-0.559425,-0.487246,-0.216174,-0.370637,0.339967,-0.841131,0.268381,0.551574,-0.277949,-0.563331,-0.290404,-0.127727,-0.0386537,-0.912005,-0.330495,-0.0856438,-0.906054,-0.227858,-0.299546,0.537608,0.130568,0.00987525,0.718287,0.242453,0.557619,0.838378,1
0.159124,0.534623,1.08975,0.494342,0.605003,-0.384701,0.634382,0.409642,0.692538,0.628503,0.761454,-0.045425,0.414339,-0.287886,-0.116055,0.192653,-0.701185,-0.221621,-0.206892,-0.830357,-0.364452,0.436393,0.658887,-0.0909766,-0.102421,-0.616353,0.277829,-0.352649,-0.426644,0.438065,0.930346,0.619913,0.571166,0.911876,1
0.0395285,-0.0670139,0.48975,-0.206064,-0.114267,-0.524143,-0.606788,-1.05422,0.379984,-0.540552,0.00744096,-0.0273773,0.447042,0.655127,-0.119324,-0.833267,0.148961,1.26541,1.41167,-0.261731,-0.8479,0.115531,0.595699,-0.445742,-0.802268,-0.178817,0.334962,0.0891491,-0.526999,0.573176,0.0859126,-0.380993,0.445164,0.88227,1
-0.429009,-0.0950618,-0.721275,0.2395,1.2221,-0.932553,0.662957,-0.094689,0.47841,0.287143,0.648127,-0.189583,-0.248156,-0.155905,-0.325745,0.445441,0.637498,0.117752,-0.443465,-0.50457,0.722876,-0.664787,-0.590068,-0.972629,0.231165,0.227963,0.0642643,0.513631,-0.21456,-0.645271,-0.585186,-0.424942,0.488992,0.790695,1
-0.12516,-0.116987,0.196483,-0.100849,-0.231201,0.0241725,0.614406,0.746235,0.267733,-0.490965,-0.48075,0.131108,-0.426931,-0.285572,-0.35977,-0.262687,0.57817,-0.733193,-0.655799,0.823157,-0.0741678,0.616991,-0.374702,-0.106068,0.0909739,-0.00178364,-0.127143,-0.552827,-0.48445,0.280092,-1.11979,-0.490749,0.421869,0.928889,1
0.431965,-0.0578795,-0.0478843,0.30984,0.76125,0.896456,0.0679567,0.0656922,-0.100798,-1.0218,-0.44261,-0.287722,-0.00779129,0.228046,-0.249923,0.0320636,-0.714089,0.043784,0.326334,-0.506593,-0.330824,-0.487611,0.486572,0.0139847,-0.407158,0.386029,0.276859,-0.831199,-0.0308211,-0.239246,-0.154246,-0.705058,0.539954,0.875495,1
-0.286572,-0.264085,-0.698158,-0.888971,-0.0056263,-0.613558,-0.576127,0.243951,-0.539349,-0.161689,-0.482551,0.423508,0.0243275,-0.624126,0.663182,0.936064,-0.147195,-0.0442442,-0.0439564,-0.861805,0.317284,-0.343693,0.518716,-0.845451,0.6828,0.251272,-0.0407196,0.165523,-0.528078,-0.670994,-0.389533,-0.248056,0.46004,0.881456,1
1.0126,-0.0131171,-0.214623,0.212537,-0.222397,-0.869871,0.673041,0.00540047,0.559564,-1.13017,0.162113,0.00454775,-0.162502,0.351632,-0.204185,-1.24675,0.154005,0.511809,-0.124667,-0.436384,0.602572,0.311667,-0.869032,-0.855027,0.127134,0.0628243,-0.0858977,0.394584,-0.847415,0.359768,0.380696,0.0609951,0.430248,0.892543,1
-0.650121,-0.0951853,-0.234696,-0.156773,0.561038,0.475201,0.491023,1.2641,-0.288239,0.648452,-0.842076,-0.377719,0.581703,-0.005839,-0.0224065,0.0522281,-0.60539,0.356197,0.486809,0.166588,-0.365348,-1.1305,-0.108704,-0.577441,1.14482,0.039173,-0.470106,-0.459272,0.350222,-0.499506,0.69597,0.0870652,0.531207,0.909417,1
-0.481545,0.572132,-0.6461,-0.0204581,-0.535943,-0.286252,0.0283473,-0.726289,0.995,0.271675,0.332344,0.481321,-0.430665,0.215862,-0.50825,-0.045106,-0.162524,-0.0186704,-0.39152,0.145602,-0.805094,0.112725,-0.0226609,-0.566816,0.377546,0.327497,-0.650092,0.464905,0.0336647,0.400459,-0.240288,-0.251127,0.534753,0.8179,1
-0.0656928,-0.395243,0.112248,0.261024,-0.532051,-0.581699,0.0581783,0.0473711,-0.111187,-0.127916,0.578741,0.440777,-0.0424005,-0.269377,-0.866769,-0.868824,-0.0155751,-0.0315396,0.349372,0.00928388,-0.417434,1.00963,0.395953,0.0960638,0.160375,0.498592,1.527,1.06769,-0.136174,1.05077,0.199256,0.776817,0.4799,0.945346,1
0.469149,0.133988,0.57999,0.426625,0.443727,-0.24,0.604531,0.803943,0.226506,-0.0210233,0.0222661,-0.181419,-0.353998,-0.0406134,-0.327954,-0.0505932,-0.212907,0.432657,-0.465915,0.0496724,-0.320978,0.194004,-0.356986,0.141861,0.205202,0.799389,-0.0475065,0.137902,0.336419,0.638542,-0.413339,0.500764,0.435242,0.942033,1
0.95,0.88,-0.24831,0.408645,-0.380195,-0.411487,0.255282,-0.0413929,-0.0666313,0.0184704,0.406139,-0.407651,0.221911,-0.0936581,-0.315307,0.117203,-0.102439,0.0877337,-0.421331,0.4408,0.224317,0.475834,-0.237445,-0.420288,-0.463299,0.0796467,0.279431,0.196043,0.485565,-0.198327,-0.0198033,0.0237747,0.48,0.2,0
-0.118907,0.727319,0.10042,0.0307215,-0.209542,-0.634809,-0.923743,0.165341,-0.218424,-0.430809,0.249964,-0.160739,0.149912,0.414104,0.103229,0.438357,0.0790022,0.079214,-0.249997,-0.567338,0.106537,-0.868735,0.776757,0.122289,0.842261,-0.316697,-0.210415,0.126967,0.640634,-0.462658,0.0927749,-0.827556,0.455009,0.874243,1
0.631711,-1.073,-0.0440753,0.329742,0.474541,1.0357,-0.535102,0.0217732,-0.428471,0.156766,0.164375,0.340199,-0.230554,0.129035,-0.156148,-0.205478,-1.01204,0.421629,1.16596,0.131192,1.12695,-0.370354,0.146112,1.24488,0.649351,-0.105018,-0.443555,-0.236169,-0.529941,0.783926,-0.0192781,0.549686,0.503442,0.811392,1
-0.327314,1.0463,0.147908,0.545006,-0.596557,0.315598,0.277174,0.757563,0.471099,-0.452148,-0.284245,-0.211159,-0.680106,0.593135,-0.218966,-1.09263,-0.0550138,0.0722823,0.101441,0.819909,-0.191422,-0.552822,-0.367665,-0.684051,0.755856,-0.526687,-0.00430881,-0.0775502,-0.396328,-0.377606,0.683161,-0.458717,0.540974,0.783259,1
0.588101,-0.0680329,0.349129,0.505353,-0.386996,0.0297257,0.296149,0.636546,0.86415,-0.283402,-0.000519747,0.830331,0.132725,-0.576441,-0.0908767,0.131566,-0.678499,0.140136,-0.595998,-0.360625,-0.530883,0.715465,-0.542705,0.144204,-1.0714,-0.417457,-0.892101,-0.537985,0.793307,-0.025657,0.139847,-0.159719,0.55835,0.853748,1
-0.2463,-0.503444,-0.227914,-1.0568,0.89911,-0.0827662,-0.00929792,-0.0669676,-0.487473,-0.231248,-0.451566,0.357129,-0.432436,-0.159299,-0.332129,0.466712,-0.0161432,0.913939,-0.953514,0.704334,0.507026,0.558191,-0.440417,-0.184415,-0.215064,0.327084,-0.517078,0.0130185,0.780859,-0.0550001,-0.280957,0.501906,0.474479,0.938342,1
-0.475088,-0.327465,-0.118777,-1.37964,-0.576032,-0.130247,-0.342572,-0.0323003,0.464143,-0.318619,-0.825696,0.144395,-0.29937,-0.0986116,0.344976,-0.365752,0.208164,-0.730745,0.0058928,-0.911771,-0.433697,-0.345636,0.0544337,0.63564,-0.104816,0.214252,-0.413189,-0.772166,-0.132415,0.706073,0.346685,0.160785,0.531511,0.881879,1
-0.864368,0.652925,-0.556156,-0.193561,1.03587,-0.148457,0.252727,0.347057,-0.161909,0.055092,0.0574168,-0.328893,0.769486,0.385733,-0.0331531,-0.279769,0.701822,0.304061,-0.34275,0.429565,-0.262169,0.565335,1.10643,0.0150443,0.137874,0.64073,0.289378,0.604192,0.557562,-0.138837,-0.405821,-0.00291435,0.434119,0.885157,1
0.728353,-0.401021,0.369703,0.339786,-0.145781,0.349954,-0.250919,0.47182,0.458172,0.15773,0.216716,-0.742556,0.125106,0.311005,-1.02812,0.630956,-0.369115,0.541726,0.504042,0.00366382,-0.729022,-0.74747,-0.449325,-0.708025,-0.337228,-0.614811,0.743648,0.178984,0.313282,-0.909827,0.126692,0.749838,0.500044,0.873402,1
0.0280754,-0.86974,0.0842329,1.05116,-0.0434243,0.228733,0.883999,0.813154,-0.157562,0.0716519,0.418242,-0.100745,0.243593,-0.827492,-0.123505,-0.157357,0.355076,0.236416,0.261695,-0.113603,-0.44727,0.537832,-0.758425,0.0175052,0.244141,0.20159,0.152609,-0.0201847,-0.220349,-0.288705,-0.222299,0.0708047,0.534507,0.882029,1
0.41911,0.603146,0.398996,0.0732821,-0.248012,-0.643163,-0.133913,-0.433846,0.000593798,0.537138,-0.781827,-0.173287,0.694807,0.508315,-0.698278,0.683943,-0.604336,-0.274698,0.139439,-0.949835,0.223343,-0.712427,-0.128258,-0.380773,-0.820586,-0.549919,-0.117196,0.405252,0.847184,-0.328222,-0.31903,0.340995,0.503256,0.902147,1
0.206586,0.13259,0.174636,0.228286,0.214663,7.95,0.368497,0.372543,0.117606,0.241269,0.340956,0.258332,0.237438,0.223637,0.370209,0.326656,0.206053,0.254921,0.310467,0.191711,0.384889,0.117618,0.39554,0.175884,0.32579,0.170673,0.186193,0.226842,0.309325,0.369581,0.213285,0.144568,0.52,0.82,1
0.578628,0.250771,0.263702,-0.96948,-0.453469,-0.940381,0.380808,0.306578,0.574544,0.369221,-0.00342243,0.916815,0.218658,0.493945,0.123042,-0.282281,-0.338631,-0.37635,0.432384,-0.118198,-0.412025,0.562735,0.608746,-0.541204,-0.423164,0.401498,-0.521989,-0.22591,0.0213951,0.0413662,-0.848137,0.0290208,0.512662,0.830105,1
0.200729,0.0327547,-0.758707,-0.0107075,0.1179,0.439193,0.207954,-0.419093,0.103809,-0.12843,-0.778788,-0.231478,-0.338826,0.250919,0.465383,-0.270426,0.14836,-0.555399,0.308029,-0.0337965,0.269329,0.345449,-0.613192,-0.619412,-0.0294333,0.0138221,-1.25193,-0.353861,0.41187,-0.0442714,0.641052,-0.423185,0.457444,0.94485,1
-0.132978,-0.284749,-0.761595,-0.29642,-0.225918,-0.497498,0.884939,0.794193,0.520449,-0.423735,0.0718159,-0.450473,-0.751117,-0.393702,-0.553947,0.10951,-0.0144091,0.010503,-0.780062,-0.356538,0.438514,0.684824,0.443765,-0.681427,0.194045,0.277116,0.364558,-0.732305,0.484635,-0.917151,-0.0513679,0.299705,0.56117,0.830512,1
0.349764,-0.169285,1.16409,-0.487258,0.505209,0.735649,0.469284,-0.704396,0.0717455,0.48652,-0.405598,-0.124684,-0.166386,0.5666,-0.289419,-0.0812174,0.680632,0.750073,-0.047328,0.666647,-0.0826404,-0.721563,0.851978,0.0150197,0.35497,-0.344831,0.445459,0.0798521,0.213749,-0.300764,0.670278,-0.118063,0.427551,0.780456,1
-0.538197,-0.897213,-0.217251,-0.0873578,-1.2789,-0.107755,-0.491326,0.164202,-1.21977,-0.273329,0.243442,-0.709537,0.264166,-0.50808,-0.152161,-0.799127,0.444096,-1.3425,-0.11546,0.232543,0.359476,-0.569584,0.558392,0.31962,-0.81198,0.118365,0.62386,0.28162,0.847796,-0.323031,-0.721132,0.99668,0.480219,0.803263,1
-0.203618,-0.355976,-0.346084,0.43354,-0.223307,0.527548,-0.349498,-0.465187,-0.168944,0.369848,0.0775802,-0.112207,0.122589,-0.691578,-0.144606,0.385014,-0.502877,-0.0788403,-1.2047,0.871082,0.756521,-0.0471071,-0.198321,0.807408,0.76873,-0.228668,-0.370233,0.256344,-0.194256,0.158593,0.573425,-0.45111,0.548512,0.796612,1
-0.566641,-0.525557,0.258601,0.106663,-0.324537,-0.181071,-0.848497,-0.632389,0.44618,0.17987,0.186849,-0.221659,0.557929,1.45351,0.567303,-0.924459,0.282064,-0.0599462,0.326144,-0.183879,0.280171,0.19621,-0.438995,0.272099,0.499565,0.0860963,0.549038,0.16365,0.332066,0.334835,-1.06136,-0.520848,0.437475,0.918811,1
0.491443,-0.0243444,-0.175087,0.202536,-0.242924,0.184326,-0.719706,0.517486,-0.110222,-0.184275,0.619241,0.0229017,-0.14926,-0.0605516,0.226715,0.0121896,-0.313055,-0.545513,-0.2178,0.907156,0.0575844,-0.433319,-0.574361,0.487022,0.199454,-0.29294,-0.235305,-0.397209,-0.145113,-0.0287287,0.265457,0.102223,0.528008,0.773039,1
1.27124,0.613111,-0.204937,0.809217,-0.149458,0.332557,0.458381,-0.178693,0.533939,-0.0271961,-0.166608,0.79189,-0.610371,-0.855793,0.432527,0.183485,-0.6602,-0.603097,-0.321193,0.0371623,-0.24957,0.176215,-0.373505,0.290898,0.687872,0.668572,0.50987,0.294722,0.651241,0.535485,-0.0935133,0.401694,0.513091,0.803923,1
-0.457284,-0.902134,0.425825,-0.149067,-1.1329,0.151972,0.150414,0.195729,0.227414,0.421596,-0.107445,-1.47534,-0.333824,0.543434,0.762307,-0.35854,0.46434,0.532401,-0.0875054,-0.581598,-0.442807,-0.0363999,-0.100638,-0.450085,-0.0229333,-0.484178,0.333587,0.382772,-0.282626,-0.321236,0.77454,0.718286,0.46261,0.864296,1
0.106325,-0.0143078,0.0487744,0.475677,0.224952,0.295017,-0.269234,0.0770393,0.084818,-0.0209221,-0.114399,0.401701,0.0115132,-0.802487,-0.239049,-0.16294,0.625228,0.0480458,0.038403,0.189092,-0.42846,-0.307398,-0.112568,0.743107,0.466125,0.24729,0.562096,-0.105351,-0.435113,0.399833,-0.561246,-0.561481,0.456711,0.913515,1
0.192449,-0.319505,-0.382098,0.0687653,0.205611,-0.504685,0.664257,-0.0613455,-0.354509,-0.329769,0.38775,-0.73261,0.578388,-0.731445,0.895843,0.392104,0.0277343,-0.257768,-0.0070299,-0.21868,0.428473,-0.125106,-0.629641,0.958481,-0.607966,0.127252,-0.190997,0.702105,0.0185156,-0.37913,0.76091,0.60207,0.494976,0.910854,1
-0.40431,-0.548464,-0.227893,0.170153,0.245327,0.0788063,1.27678,-0.0584503,-0.969821,-0.230771,-1.15684,-0.793539,0.268691,-0.637969,0.694091,-0.252704,-0.579834,-0.573852,0.158121,-0.0169712,0.640373,0.380945,0.195477,-0.737176,-0.856375,0.316174,0.718496,0.031862,1.33839,-0.26062,-0.293224,-0.995078,0.475726,0.898118,1
-0.129044,0.668898,-0.638003,0.165698,0.593697,-0.250128,-0.183602,0.236687,-0.215105,0.396901,0.0456454,0.102972,-0.167452,-0.392507,-0.0925507,-0.159892,-0.504189,-0.157876,-0.195175,0.417335,-0.378613,0.344328,0.211184,0.20907,-0.265133,-0.0246107,0.00576047,0.562452,0.201155,-0.178257,0.407296,-0.181948,0.519676,0.906652,1
-0.452993,-0.150332,-0.318266,0.150177,-0.500959,0.258178,-0.462764,-0.78275,0.216328,0.250006,0.018821,0.573728,-1.30191,0.576964,0.747899,-0.113936,0.446492,-0.00926663,0.569411,0.0495817,0.761984,-0.325488,0.547532,-0.254472,0.137719,0.147305,-0.0730218,0.166871,-0.0908289,0.225485,-0.747243,-0.0547159,0.505306,0.869174,1
-0.192911,0.683152,0.315331,0.286681,0.0968075,0.56417,-0.409533,-0.22002,0.0940146,0.591332,-0.256552,0.560905,-0.376905,-0.122444,0.7849,-0.436872,-0.649375,0.217101,-0.0998983,0.00461329,0.643714,0.147464,-0.359184,0.208361,0.0494051,-0.894073,-0.159741,-0.160984,-0.769577,0.845593,0.789837,0.472653,0.537137,0.90186,1
0.0796975,0.12109,-0.538523,0.0411355,0.0340886,0.242418,-0.444431,0.517205,-0.300996,-0.602537,-0.609792,0.078207,-0.135035,-0.23832,0.0419472,-0.547575,0.284808,-0.082568,0.807837,0.563725,-0.0638565,-0.243673,-0.0753066,0.160458,0.0456204,0.620054,0.0149749,-0.974598,-0.0723844,0.116806,0.372604,0.579452,0.431178,0.94147,1
-0.545802,0.441146,0.340932,-0.433362,-0.973283,-0.245352,0.302064,-1.31405,0.505377,-0.448685,0.199796,-0.155485,0.536559,0.239722,-0.0885274,-0.346654,-0.0701586,-0.480958,-1.00192,-0.474136,-0.958791,0.432491,0.220962,-0.528191,0.305177,0.108896,0.482835,-0.812736,-0.105354,0.182854,0.699729,-0.226142,0.503974,0.883174,1
-0.161669,-0.00622428,-0.19239,0.0529135,0.448226,-0.128385,0.173385,0.802083,0.673511,0.276297,-0.576339,-0.666452,0.254298,0.0592555,0.455007,0.715092,0.250462,0.303233,-0.758096,-0.951647,-0.358754,0.626055,0.704675,-0.130741,0.265355,-0.0835538,-0.0214338,0.0121825,0.446497,0.0253677,-1.05228,0.293213,0.436286,0.86108,1
0.114541,-0.0597913,0.458923,0.0841986,0.373743,-0.337946,-0.474319,-0.125727,0.370991,0.233365,0.0956061,0.334449,0.266192,-1.58245,-0.323906,0.27081,-0.697789,-0.852066,-0.323615,-0.317289,-0.611051,0.720995,0.38279,0.130028,0.0739482,0.662619,-0.548178,-0.529317,-0.404255,-0.763912,0.423525,0.323991,0.557859,0.793381,1
0.95,0.88,-0.0553467,0.300265,-0.474869,0.261754,-0.485506,0.302927,0.178779,-0.395615,-0.211819,-0.40706,0.0616397,0.0845076,-0.477214,0.135497,-0.485601,-0.176798,0.302853,-0.317547,-0.20809,0.0248639,0.376308,0.412955,0.419293,0.194104,-0.456459,-0.0543607,-0.365625,-0.0308216,-0.33662,0.291276,0.48,0.2,0
0.157811,0.347752,0.350006,0.20269,0.363551,7.95,0.248742,0.263558,0.379308,0.381666,0.32396,0.210612,0.227155,0.17972,0.372461,0.156538,0.164778,0.399007,0.30604,0.31221,0.113714,0.352381,0.104473,0.280348,0.299208,0.193034,0.371185,0.20539,0.148195,0.299693,0.171041,0.386499,0.52,0.82,1
-0.534996,0.00181442,0.502236,0.71102,-0.25688,-0.299475,0.700003,0.416886,-0.355623,-0.434713,-0.389828,0.254529,-0.110133,-0.853753,0.646972,0.50378,-0.444081,-0.459761,-0.118632,0.392523,0.456039,0.543768,0.009467,0.874366,-0.05534,0.2141,-0.277031,-1.11431,-0.0383048,0.51449,0.322715,0.405089,0.42473,0.842307,1
0.677047,-0.427488,0.393255,0.201116,0.202646,-0.0419551,-0.0362206,-0.0770179,-0.172784,0.40903,0.709413,-0.190951,-0.681025,0.0769512,0.100606,-0.403731,0.596316,0.574199,1.02137,-1.15695,-1.26807,0.30823,-0.49629,-0.897317,0.573257,0.718311,-0.705628,0.177086,-0.510903,0.182765,0.310516,-0.30034,0.45432,0.886806,1
0.805238,-0.14161,0.103518,-0.0832419,0.520561,0.40883,-0.0710384,0.0384557,0.500331,-0.211505,-0.703076,-0.390544,0.580972,-1.34147,-0.0168607,0.127094,-0.210711,-0.197062,-0.586943,0.176826,0.201317,-0.0929902,-0.178804,-0.0262991,-0.0914485,-0.440664,-0.0179369,-0.0426869,-0.255759,-0.349405,-0.299165,-0.408281,0.470518,0.768814,1
-0.118335,-0.115781,0.800892,0.187264,-0.647309,1.2229,0.902254,-0.204025,-0.473224,0.346977,0.391606,-0.424005,0.374802,-0.904748,-0.377739,0.0438315,-0.597424,-0.229523,-1.08162,-0.382344,-0.793193,0.641908,-0.597789,0.336578,0.221985,-0.11257,0.135485,0.583734,0.596982,-1.09317,-0.0623662,-0.163783,0.494647,0.847419,1
0.13933,-0.365781,0.0550756,-0.708557,-0.168854,-0.525063,-0.767609,0.418602,0.103278,0.158134,-0.0637107,0.121132,0.016336,-1.48317,0.120429,0.243385,0.115353,0.621111,-0.103969,-0.808302,0.515293,0.129908,1.55146,-0.212533,-0.492315,0.675497,-0.460587,-0.316476,-0.420508,0.226197,-0.376546,0.765324,0.427383,0.83712,1
0.729198,-0.701339,-0.807567,-0.557408,0.482787,-0.709523,0.111073,-0.151002,-0.673198,0.0434969,0.0137226,-0.446844,0.134327,-0.259407,0.271435,0.56431,0.376847,-0.311433,-0.157378,-0.308095,-0.220373,0.27525,-0.731129,-0.82707,-1.034,-0.170321,-0.366636,0.374789,-0.595392,-0.294881,-0.499272,0.622811,0.440662,0.831315,1
0.123684,-0.108008,-0.125602,-0.0860654,0.119811,0.0407975,0.221206,-0.612641,0.265634,0.133538,1.1248,0.460291,-0.130729,0.117327,0.355674,-0.759338,-0.730903,-1.20003,-1.73697,0.0919413,0.975339,1.04692,-0.267382,-0.354953,0.414974,-0.473551,-0.00731917,-0.660942,0.532872,-0.409913,-0.434459,0.15079,0.487053,0.934689,1
-0.774788,-0.52822,1.02935,-0.849565,0.180811,1.22206,0.192611,-0.658323,-0.465781,-0.829161,-0.688216,0.907369,0.558426,0.368256,-0.60429,0.116657,0.790881,0.18642,-0.55981,0.263303,0.446197,0.0335919,0.380056,0.734261,0.137071,-0.628832,-0.392313,0.350526,0.139276,0.67881,-0.00438785,-0.215344,0.507664,0.828534,1
-0.512229,-0.652,-0.780182,-0.558373,-0.904619,-0.747986,-0.136229,0.0632783,0.217536,-0.716037,0.155676,0.0618117,0.0955742,-0.565466,-0.56947,0.242084,0.202294,-1.02186,0.413936,0.364689,0.336814,0.423172,0.00372465,0.396446,-0.409107,-0.380095,0.120903,-0.653788,0.276506,0.318971,-1.42557,0.0766323,0.464823,0.771866,1
0.130566,-0.848631,-0.69067,0.252708,0.514316,0.000338576,-0.579859,0.587526,-0.530214,0.992297,-0.725881,-0.137516,0.412088,0.330084,-0.228936,0.635192,-0.42358,0.0885444,-0.985108,-0.0440894,0.180402,-0.231286,0.196978,0.216788,0.386866,-0.113078,0.158663,-0.389126,-0.136362,-0.650409,-0.223637,0.171649,0.48165,0.839288,1
-0.430863,0.344453,-0.0327791,0.853182,-0.791941,-0.65654,-0.148075,0.102287,1.1094,0.209775,-0.515236,-0.898854,0.810563,0.159571,0.00798642,-0.351702,-0.191798,-1.30177,-0.889774,-0.900555,0.707101,0.0570161,-0.420271,0.304078,0.876192,0.011465,0.161984,-0.600129,-0.258154,0.0649114,0.430407,-0.603216,0.457814,0.921767,1
0.164183,0.503898,0.597786,-0.176623,-0.18476,-0.39997,0.437828,1.24198,0.500057,0.526705,0.318743,-0.036566,0.522438,-0.097216,-0.960366,0.144572,-1.14089,-0.253731,-0.852798,-0.172107,0.237992,0.382301,0.513273,0.411616,-0.524914,0.691598,-0.603046,0.256151,0.325247,-0.812912,-0.323466,0.468165,0.440176,0.894932,1
0.153933,-0.452623,1.06096,0.148253,-0.417628,-0.365075,0.356199,0.580599,-0.680154,0.224407,0.074508,-0.144002,0.212938,-0.115235,0.164737,0.369484,0.457263,0.252533,0.193421,-0.430963,1.22102,0.302838,0.289567,0.681997,-0.628172,-0.643978,0.0292279,0.0762608,0.444367,0.606109,-0.00746048,-0.345766,0.484187,0.945066,1
0.489398,0.825008,-0.172007,-0.0276458,0.0128349,0.282334,0.197124,0.387442,-0.230216,0.256671,-0.538241,0.0144058,0.121623,-0.140547,0.255759,0.139127,1.1686,0.317182,-0.309122,0.193705,-0.154082,-0.723459,-0.108434,0.0341248,-0.119535,-0.39019,0.759764,-0.232515,-0.0600552,0.691744,-0.38725,0.548249,0.525002,0.859825,1
0.474203,0.482015,0.590299,-0.428436,-0.517985,0.573425,-0.261234,0.0256205,0.838371,0.601111,-0.048275,0.668342,-0.707781,0.61688,-0.325846,-0.303891,0.00365882,-0.259087,0.533967,-0.436355,-0.264812,1.20507,0.0476008,-0.733759,0.985268,-0.146652,-0.396561,-0.617896,0.460601,-0.37463,0.459831,0.365107,0.5423,0.90391,1
-0.304765,0.41323,0.0322186,0.773049,-0.520751,-0.12973,-0.473046,0.412779,-0.591676,-0.104623,0.235547,0.224243,0.59733,-0.548715,0.888676,-0.417276,-0.390274,-0.245548,0.714505,0.304959,-0.182337,-0.51789,-0.130517,0.240747,-0.154492,-0.241108,-0.376588,-0.489901,-0.081728,0.654319,0.60265,-0.55397,0.535109,0.917012,1
-0.0573869,-0.366936,0.102327,-0.738652,0.0631879,0.601865,0.642262,0.763448,-0.690428,-0.443344,-0.666347,-0.452419,0.780047,0.120778,0.34417,0.438749,0.821745,0.314126,0.162922,-0.14452,0.27211,-0.264105,1.25772,0.23254,-0.172304,-0.831259,-0.173289,-0.336212,0.567924,-0.173941,0.101701,-0.219218,0.531963,0.825751,1
-0.182896,-0.935732,-0.0666234,-0.179061,-0.0949865,-0.790495,-0.538246,0.853952,0.179458,0.96844,-0.216237,-0.000246584,0.562055,-0.641181,-0.879717,-0.76748,-0.108858,-0.0717798,0.12329,-0.387915,-0.767729,-0.986927,0.0738123,-0.139095,0.109493,-0.491754,-0.107886,0.120884,0.332,0.14519,-0.534855,-0.468542,0.517749,0.892436,1
0.980203,0.524064,-0.176069,-0.576456,0.282321,-0.195492,0.00497562,0.15743,0.783173,-0.379095,0.294129,0.406966,0.0149115,0.744839,-0.0783872,-0.0510989,0.568071,0.110991,-0.146565,-0.428195,0.165481,0.636731,-0.132767,0.0323337,0.646145,0.123093,1.18017,-0.235207,-0.545913,0.165873,0.0300013,0.292766,0.534228,0.770341,1
0.434809,0.0119942,-0.845064,0.426038,-0.190255,-0.273,-0.53035,-0.687985,0.175546,-0.065525,0.752918,-0.427875,0.51888,-0.705392,-0.537038,0.907054,0.904603,0.299451,0.2468,0.47033,-0.155548,-0.558623,0.516372,-0.295417,-0.879896,-0.706125,-0.00901326,-0.434058,-0.0596126,-1.06627,-0.0146986,0.191279,0.469308,0.821379,1
-0.0224189,-0.0782958,0.122294,-0.128729,-0.277068,0.569065,0.652085,0.248531,0.492226,0.271396,0.926493,-1.05607,-0.936393,0.692974,0.227683,0.140934,0.701602,-0.438583,0.865316,0.287675,-0.680584,0.48758,0.0947843,-0.462284,-0.913425,-1.16256,0.150264,-0.773504,0.972605,0.661667,-0.741912,-0.147778,0.447629,0.947762,1
0.518946,-0.329522,0.230612,0.0141615,-0.547504,0.140357,0.121179,-0.804398,0.521768,0.0887301,0.103458,0.510603,-0.341551,0.772444,0.240167,-0.574332,-0.0480764,0.264797,0.587286,-0.403577,0.327229,-0.130822,-0.713332,0.280241,0.273957,0.0638035,0.477449,-1.18107,0.826865,0.571819,0.278212,0.553726,0.474044,0.825484,1
0.741447,-0.216074,0.0726753,-0.305567,-0.145742,0.874436,-0.648484,0.196342,0.489359,-0.215072,-0.637033,0.318949,0.243692,0.0439761,-0.3787,-0.016837,0.603128,0.477821,-0.41477,-0.458651,-0.906799,-0.48514,-0.205813,-0.207701,0.6651,-0.158797,0.804615,-0.51682,-0.47836,-0.328058,-1.00668,-0.449648,0.511932,0.943616,1
0.259532,1.42079,-0.106808,0.387449,0.350254,0.065425,0.268973,-0.279598,-0.0371091,1.22661,-0.338094,-0.567701,-0.349472,-0.531748,0.458363,-0.436876,0.79671,0.630927,0.426534,-0.737285,-0.171567,0.27455,-0.622932,-0.653181,-0.37137,0.269024,0.252274,-0.204731,-0.494759,0.259943,-0.113811,0.312569,0.574487,0.853024,1
-0.187955,0.311406,0.423576,0.455393,-0.366957,-0.0335197,-0.0107709,0.799064,0.326118,0.323537,-0.669276,-0.960044,-0.0951022,-0.908541,0.106562,0.39425,1.0516,0.0667997,-0.294639,0.0294554,0.304536,-0.51999,-0.409606,0.757676,0.45032,-0.498108,0.1079,0.166967,0.191073,0.278043,1.06473,0.154101,0.503356,0.89176,1
0.355476,0.0802137,-0.212666,0.693427,0.0546075,-0.368095,-0.106948,-0.276919,-0.0996577,-0.0789231,-0.588288,-0.689457,0.83048,-0.566015,0.651078,-0.190821,-0.522566,-0.0308807,-0.0488658,-0.319671,-0.304737,0.725512,-0.428444,-0.618148,-0.398915,-0.656293,-0.502431,0.735156,-0.604379,0.537618,0.405012,0.527671,0.537867,0.887329,1
-0.547723,-0.486711,-0.178023,0.387713,0.134863,-0.119022,-0.246706,-0.425191,-0.0921337,0.239557,-0.994096,0.141887,0.0912201,0.299083,-0.397084,-0.0748125,-0.215637,-0.989392,0.406172,-0.165109,-0.114699,0.298064,-0.352648,-0.18963,-0.697249,0.156199,0.417379,0.510192,-0.436813,-0.0923149,0.107965,0.53192,0.484315,0.862221,1
0.120959,-0.283766,0.869709,0.344041,0.145087,0.527199,-0.153539,0.456112,0.150782,-0.0594201,0.888434,0.307762,-0.517561,-0.370636,0.371229,0.140137,-0.255836,-0.852321,0.11502,-0.36794,0.771117,-0.945538,-0.240146,0.877316,0.758465,-0.12158,-0.107153,-0.26883,0.370846,0.151217,-0.855618,-0.204587,0.525733,0.931573,1
0.408991,-0.63011,0.110855,-0.0471017,1.08681,-0.525522,1.11088,-0.171202,0.256433,0.117168,0.174669,0.211928,0.0399688,0.725666,-0.035022,0.279481,0.726968,0.601155,-0.270543,-0.212959,0.0811562,-0.188651,0.384811,0.180868,0.680486,0.132943,-0.308833,0.456084,-0.505125,0.326202,0.0400508,0.26844,0.529541,0.926245,1
0.0529382,-0.287032,-0.174605,0.0833391,-0.0152847,-0.0998424,-0.0144776,0.297175,0.0404371,-0.904027,0.712965,-0.309444,-0.569441,-0.0288911,0.55253,1.2791,0.800606,0.452561,-0.113831,0.876863,0.138571,-0.114377,-1.33803,-0.516069,0.468317,0.475227,-0.655851,1.0257,-0.0735305,0.176133,-0.379452,-0.600611,0.497682,0.780782,1
0.0740766,0.238445,0.135429,0.157195,0.682589,-0.0756884,-0.484828,0.301235,-0.138697,0.726417,0.351916,-0.249636,0.933999,-0.182789,-0.111653,0.254691,-1.04464,-0.320479,0.0377108,0.12038,0.364368,0.279245,0.585057,-0.240824,0.0045916,0.337118,-0.388613,-0.924271,-0.0103437,0.459149,-0.327526,-0.368152,0.421276,0.900449,1
-0.414209,-0.109763,-0.349065,-0.0878661,-0.849938,-0.00470737,0.83413,-0.49561,1.02171,0.406361,-0.272696,0.659439,-0.646347,0.458652,-0.682109,0.118746,0.163516,0.99527,-0.55506,0.0391278,-0.454754,0.0108963,-0.260395,0.233675,-0.71448,0.631601,0.202446,-0.124583,-0.0679381,0.427457,0.842118,-0.146381,0.543267,0.936324,1
-0.679577,-0.322818,-0.104246,-0.34695,-0.191369,0.0328058,-0.24931,-0.396398,0.320139,0.348614,-0.180445,0.681103,-0.813984,-0.297897,0.923093,0.045628,0.0613034,0.213676,0.0700041,-0.249164,0.243615,0.902122,-0.284881,-0.0654949,-0.176643,0.262931,-0.32416,0.0707525,-0.0867538,-0.0972205,-0.0639857,-0.18811,0.502213,0.904348,1
0.223293,0.271865,0.71794,0.758124,-0.811083,0.566483,-0.654797,0.560099,0.729794,0.0426002,-0.180741,-0.290957,-0.547193,-0.215381,-0.218118,-0.0579552,0.0748484,0.408751,0.35925,0.262392,-0.134185,-0.356205,-0.123242,-0.0760088,0.169243,-0.205642,-0.900467,0.448493,-0.987534,-0.721042,-1.26841,0.912775,0.555539,0.869729,1
-0.409862,0.833523,-0.539585,0.133269,-1.21619,-0.186184,0.692405,0.253786,0.556538,-0.119327,-0.582721,0.00576751,0.845493,-0.462487,-0.781686,-0.774414,-0.183456,-0.610232,0.310857,-0.0980939,-0.18698,-0.00523045,0.254001,-0.303946,0.156447,-0.117332,0.182181,-0.616776,-1.29356,0.932335,-0.225033,-0.35682,0.470626,0.901659,1
0.316653,-0.661418,0.369809,-0.189349,-1.39964,0.823015,0.28314,-0.0657172,0.421625,0.664897,0.205307,0.159902,0.127119,-0.0451416,0.983472,-0.407609,-0.486486,0.214292,0.184777,-0.220049,0.0115602,0.172318,0.387284,-0.162873,-1.04608,0.0676933,-0.0779892,0.600397,0.561567,0.686017,-0.450407,1.00976,0.46925,0.823956,1
-0.0895133,-0.221385,0.665587,0.0601406,0.118817,-0.151144,0.47712,-0.390451,-0.458488,-0.265151,0.616909,-0.150223,-0.402835,-0.0703245,-0.257956,0.201718,0.123278,-0.565244,-0.306885,0.126998,-0.853837,0.2117,0.905279,-0.0564597,-0.333723,1.05755,0.217046,-0.370791,-0.928951,-0.636227,-0.00252964,-0.800137,0.506399,0.80733,1
0.432439,-0.132134,0.294738,-1.45779,0.704602,0.0401033,0.535529,-0.497259,0.461891,1.11933,-0.330269,1.33261,-0.768323,-0.112623,0.282989,0.0501916,-0.0535587,-0.0669692,0.751273,0.246298,-0.175831,-0.283712,0.04546,-0.247208,-0.204284,-0.0193127,-0.485063,0.608178,-0.0305576,-0.776391,0.212427,0.327563,0.463585,0.788457,1
0.267362,-0.13279,0.210264,-0.211019,-0.558624,0.378211,0.718368,0.146884,0.568867,1.07859,-0.723378,-0.127259,-1.03684,-0.412699,0.219423,0.567421,0.410046,-0.319224,-0.534876,0.631647,0.855447,-0.648137,-1.12034,0.651253,0.316884,-0.496645,-0.506797,0.207711,-0.021229,0.211544,0.349156,-0.605828,0.43151,0.894969,1
-0.740021,-0.0584557,-0.216023,0.439272,-0.939969,-0.038504,0.732698,0.597133,-0.28074,0.526856,-0.593784,0.804222,0.30735,0.366081,0.112455,-0.370778,-0.200813,-0.0696739,-0.170143,-0.519631,0.077086,0.0228392,-0.572819,-0.983623,-0.894807,-0.173533,-0.424417,0.189284,-0.158279,-0.232729,-0.829505,-0.284753,0.515903,0.894936,1
0.0815214,-0.0343711,-1.03082,-0.151629,-0.679853,-0.211952,-0.106843,-0.610919,0.0689613,-0.224206,1.39435,0.778551,-0.240164,0.548106,0.410344,0.0253356,-0.351446,-0.53058,0.31358,0.11171,-0.0623473,0.450504,-0.62461,0.468785,-0.510036,-0.352868,0.355323,-0.254242,0.341386,-0.0107113,-1.24174,-0.00416751,0.534146,0.947672,1
0.783066,-1.29472,-0.156977,-0.0757417,0.530352,-0.371578,1.40217,0.490678,-0.146422,-0.130811,0.0425445,0.1889,-0.158761,0.142898,-0.260663,0.35041,-0.4469,-0.524282,0.148446,-0.438348,0.481653,-0.0814852,-0.626693,0.448242,-0.434514,-0.0442045,-1.22932,-0.0912609,-0.747907,0.588662,0.556517,-0.0340509,0.523732,0.849736,1
-0.534596,-0.283918,-0.980183,-0.957031,0.653491,-0.37682,1.09255,-0.275521,-0.884271,0.0278686,-0.152517,-0.428673,-0.320066,-0.694006,0.0767621,-0.372189,-0.336752,-0.0472705,-0.43126,-0.302703,-0.389078,-0.17695,-0.791564,-0.196739,0.298645,-1.11241,0.572429,0.423223,-0.452478,-0.110008,0.627493,-0.224645,0.536036,0.912888,1
0.358354,0.0300992,-0.399323,-1.02839,0.0811866,0.381605,-0.37345,-0.698447,0.453938,0.212235,0.905477,0.282947,0.174045,0.996758,0.390244,-0.926687,-0.0347114,-0.308222,0.320834,0.569024,-0.0861381,0.83271,-0.35148,-0.558138,0.468752,-0.232868,-0.154365,0.0722706,0.672371,0.673236,0.241511,0.859471,0.484822,0.795212,1
-0.951538,-0.135865,-0.119715,-0.229392,0.393911,0.097176,-0.982378,-0.568664,0.980318,-0.0231756,0.624554,-0.634075,0.576657,0.864544,-0.113402,-0.594908,0.276745,0.709105,1.16857,0.255832,0.526646,-0.860285,-0.438178,-0.0989916,0.487818,0.00268286,0.261005,-0.81134,0.373985,-0.382748,0.131754,0.346146,0.448484,0.822135,1
-0.649969,-1.08199,-0.0937638,-0.503259,0.318523,-0.676433,-0.0433829,-0.75132,-0.381082,-0.0671174,0.399793,-0.640696,0.255775,-0.32347,0.697086,-0.845025,0.30331,0.751184,-0.511349,-0.2211,0.158083,0.213089,0.965523,-0.187854,-0.0448583,-0.173105,-0.757176,0.268477,-0.234752,-0.200121,-0.329851,0.19696,0.556564,0.859005,1
-0.179268,0.135382,0.728387,1.0507,0.274364,-0.41676,-0.587523,-0.0689789,0.775943,-0.104873,-0.534527,0.923149,0.615901,0.0591156,-0.475247,-0.645298,-0.0436248,-0.543559,0.0152841,-0.0165013,-0.446147,-0.379263,0.423075,0.607843,-0.239184,-0.590104,-0.00384808,-0.63617,-0.607211,0.518822,0.39853,1.39445,0.520727,0.933845,1
-0.607809,0.763653,0.457198,0.234957,0.0744851,-0.0611536,0.132228,0.0216082,-0.331755,-0.277151,-0.357576,-0.20391,-0.116167,-0.0254582,-0.463518,-0.0101967,0.678887,0.141378,-0.250667,-0.36999,-0.0333311,0.12395,0.00865904,-0.872444,-0.677859,-0.516971,-0.0605972,-1.25626,-0.188498,0.466685,-0.596574,-0.619241,0.560017,0.853242,1
-0.578504,0.107813,-0.255345,-0.357358,0.00247845,-0.492413,0.825506,0.111556,-0.100772,0.276462,0.569491,-0.149616,1.09952,0.640023,-0.501671,-0.335753,0.351795,-1.00774,0.0201521,0.321766,1.08442,0.378438,0.00202234,-0.445051,0.164527,-0.433112,-1.10911,-0.483869,1.12196,-0.152783,-0.0239411,-0.361756,0.448341,0.868992,1
0.40375,-0.453937,0.676397,-0.261131,-0.441238,-0.396459,-0.20465,0.0587492,0.0751368,-0.797291,0.780793,-0.740835,-0.148617,-0.17111,-0.690021,0.628809,-0.823063,0.0313243,-0.540998,-0.16292,-0.0466933,0.219088,0.344552,0.404739,-0.896247,-0.707447,-0.0579304,-0.187571,0.52465,0.716003,-0.195974,0.154982,0.520342,0.790134,1
-0.549978,-0.493227,-0.20192,0.191963,-0.884264,-0.0833404,-0.470118,0.34901,-0.356067,0.353689,-0.619208,-0.879973,0.246181,-0.23532,-0.163922,-0.740194,-0.316024,0.180718,-0.0642373,0.277218,-0.118405,-0.217104,0.400532,0.379507,0.35729,0.876029,0.524424,-0.474978,-0.18968,0.870113,-0.964677,-0.350391,0.55357,0.940192,1
0.374426,-0.152036,-0.646595,0.0915544,-0.712076,0.674339,0.366127,-0.431006,-0.47408,-0.48809,0.411264,0.490414,-0.0239897,-0.381377,0.441652,-0.216641,1.09392,0.00532325,0.0816195,-0.246584,0.271262,0.235514,-0.821345,1.23293,0.0331709,0.0222989,0.299401,0.327783,0.182124,-0.399949,0.56844,0.214754,0.534528,0.872879,1
0.39311,-0.0251422,-0.372142,-1.14494,1.57092,-0.213555,-0.124863,-0.670466,-0.64574,-0.0890121,-0.239002,-0.147888,-0.721839,-0.494557,0.845507,-0.853162,0.647161,0.512265,0.109163,-0.799507,-0.156795,0.224625,0.186304,-0.00627482,0.705623,-0.174059,0.366496,0.647688,0.0107894,-0.545229,0.370398,0.232005,0.422049,0.848426,1
-0.826217,-0.503196,0.0311247,-0.133071,0.310195,0.289254,-0.306278,-0.27251,0.13811,-0.793959,0.178513,0.521948,0.00950792,-0.0261898,0.979703,-0.703626,0.565791,-0.246679,-0.416638,0.367373,-0.231863,0.812303,-0.407285,-0.523763,0.625577,0.304087,0.269503,0.494195,-0.14672,0.612878,0.296127,0.224896,0.478762,0.910713,1
-0.0903542,0.424942,0.135622,-0.460984,0.0920278,-0.446397,-0.48039,0.7452,0.0754736,0.944287,0.0322063,0.428208,0.0192333,-0.167566,0.244275,-0.034781,1.04261,0.0560922,-0.417427,0.0749092,0.301297,0.326211,0.57824,0.695753,0.0805276,-0.511382,-0.677641,0.210018,-0.495382,0.065394,-0.0419845,0.0386092,0.549424,0.92933,1
0.590525,-0.19269,0.126694,-0.371142,-0.71847,0.719152,0.0182058,-0.0584903,-0.392653,0.0529611,-0.451581,0.381293,-0.00296637,-0.213326,-0.0925461,0.0794343,-0.317628,0.148243,-0.344128,-0.556956,0.126982,-0.158126,0.44474,-0.759855,0.272864,0.201307,-1.00306,-0.125144,0.452156,0.00584318,0.735038,-0.682357,0.461379,0.824888,1
0.304284,-0.157661,-0.139805,0.325758,0.389725,-0.519525,-0.404415,0.0719592,-0.193214,-0.0005665,-0.439557,-0.559649,-0.169078,-0.525943,-0.0837035,-0.234706,-0.188703,0.286767,-0.0583016,0.172909,-0.333952,-0.150914,0.27549,0.697527,-0.348862,0.183792,-0.0990684,-0.240066,0.483212,0.676347,0.883242,-0.139938,0.517099,0.873265,1
0.520187,-0.490086,0.459069,0.747129,-0.0963836,0.261532,-1.33281,-0.0923959,0.342765,-0.513944,-0.209679,0.113773,0.844705,0.189994,0.731339,0.822459,-0.181087,0.0871408,-0.862637,0.939599,0.0190695,-0.968453,-0.658583,0.242808,-0.178884,-0.0928839,0.0487564,0.165916,0.565486,0.0104662,-0.54081,-0.0987983,0.439497,0.779936,1
-0.0249319,0.279217,0.265412,0.0490794,0.412875,0.559889,0.155314,0.371739,0.0926833,-0.614761,-0.493222,-0.40662,0.44913,0.879521,0.537509,0.413177,0.60722,0.294053,-0.0770467,-0.606176,-0.863005,-0.354018,-0.044248,0.182856,0.0982386,0.339181,0.59905,0.183484,-0.0728506,-0.309492,-0.705515,-0.294558,0.475231,0.779457,1
-0.83126,-0.272252,-0.166488,0.0169124,0.304364,0.486071,-0.0742088,0.111941,0.0572677,-0.0502843,-0.780572,0.537866,-0.0295313,-1.01025,0.260831,0.0334233,0.17221,-0.29831,-0.686702,-0.0735239,0.120298,-0.418306,-0.592685,0.00608592,0.0939188,0.0836489,0.65337,0.493852,-0.0390223,0.535254,0.624056,0.604488,0.522231,0.940127,1
-0.469001,-0.747249,-0.944024,1.06554,0.310784,0.61069,0.750113,0.553216,0.0735191,-0.544837,0.823681,-0.160432,0.354857,-0.0577265,-0.0164583,0.592215,0.640519,0.50011,-0.250697,0.423796,0.828757,0.181433,0.0837161,0.383309,-0.261468,-1.4577,-0.853307,-0.230171,-0.459223,0.234415,-0.207258,0.169407,0.536354,0.778637,1
-0.470562,0.525245,-0.176956,0.808826,-0.322597,0.838492,0.183167,0.335305,0.0166221,-0.458396,0.659055,-0.114402,0.138459,-0.786024,-0.213607,0.234414,0.238481,-1.01565,0.0154118,0.724625,-0.936454,-0.219973,0.566574,-0.324716,0.708054,1.09956,0.0301254,0.0417634,-0.310994,-0.318724,-0.185649,0.266471,0.539481,0.915182,1
-0.202062,0.54265,1.64691,-0.230653,-0.586133,-0.343336,0.543713,0.834296,-0.17914,0.749326,0.706718,-0.394339,1.36561,0.477086,-0.757175,0.00708516,-0.0819157,0.322807,0.18931,0.654798,-0.484348,-0.16787,-0.171139,0.89695,-0.563122,0.142036,-0.015617,0.308848,-0.0935772,0.312079,-0.0661515,0.43927,0.478586,0.786734,1
-0.500555,-0.202797,0.547386,0.128602,-0.0616875,-0.00599226,-0.102679,-0.268997,0.187329,-0.119165,-0.552212,-0.215808,-0.0627299,0.201976,-0.238636,-0.189905,0.245438,0.0134944,0.472285,0.640742,0.225137,-0.263381,0.186158,0.661532,0.140349,0.204076,-0.447625,-0.233853,0.0130536,0.160953,-0.282236,0.283848,0.463776,0.794386,1
-0.69255,-0.249479,-0.41856,-0.311553,-0.329502,0.041653,0.482431,-0.60187,-0.461503,-1.26342,-0.0124489,-0.772251,-0.0764907,-0.711565,0.00884342,-0.231989,-0.382099,-0.300525,-0.18184,-0.520327,-0.00519441,1.28006,-0.0612364,-0.771708,-0.477443,-0.237488,-0.423111,-0.442844,-0.0696206,0.301113,0.220181,-0.0406327,0.528005,0.899838,1
0.214117,-0.0342837,0.17827,-0.718325,-0.0122708,-0.0838884,-1.13423,0.0984516,-0.512764,0.171974,-0.0367408,-0.773319,-0.0649628,-0.261103,-0.633329,0.419783,0.179192,0.236117,-0.0192898,0.0505344,0.387659,0.0984133,-0.0790906,-0.516465,0.542767,0.238966,0.99275,-0.19081,0.129128,-0.206794,-0.301465,-0.923973,0.522575,0.774351,1
-0.723151,0.122793,0.446917,0.707805,0.156911,0.419263,-0.20578,0.132727,-0.28833,-0.0857867,-0.0197723,0.23596,0.461059,-0.722703,-0.168654,0.48335,-0.30561,-0.859128,-0.482553,0.466387,-0.041496,-0.814002,-0.130854,-0.4776,0.752541,0.0621826,-0.242792,-0.161196,-0.769928,-0.141689,-0.276574,0.101434,0.558611,0.828395,1
-0.233241,0.0497676,0.255271,-0.35839,-0.192714,-0.648442,0.168261,0.172984,-0.183495,-0.317876,0.217836,-0.0294584,-1.02298,0.0669485,0.175567,0.275832,0.719839,-0.172152,-0.146588,-0.0774675,-0.702013,-0.539192,0.563028,0.45826,-0.300043,0.904825,-0.264366,0.382578,-0.423557,0.261267,1.00698,-0.37121,0.5708,0.874528,1
0.235935,-0.174871,-0.968823,-0.392723,-0.924213,-0.0997491,-0.274164,0.276474,-0.0222669,-1.30588,0.185789,0.550745,-0.690021,0.77413,0.536118,0.347137,-0.319367,0.58694,0.0961962,0.379119,-0.276944,0.0204852,0.0836727,0.608592,0.331908,0.432663,-0.302487,-0.252508,-1.17641,-0.0185109,-0.591214,0.102301,0.457032,0.949179,1
-0.0439043,-0.652446,0.547509,-0.875374,0.423799,0.571216,0.240954,-0.209996,0.749846,0.142069,-0.13498,-0.333459,0.0164064,0.557631,0.354302,-0.0711498,-0.43848,0.511718,0.0976966,0.769289,-0.608277,-0.194147,0.0406389,-0.0125602,-1.4122,0.150253,-0.42238,0.0495587,-0.271514,0.972101,-0.00584827,0.640708,0.471885,0.864881,1
0.457393,-0.655814,-0.107003,-0.303862,0.0165073,0.406617,0.82041,-0.312064,-0.144423,0.215672,0.318007,-0.875378,0.236149,-0.569966,-0.48676,0.047238,-0.902764,0.0753004,0.122886,-0.651635,-0.0170029,-1.0704,-0.593385,-0.17889,0.129166,0.777575,0.644207,-0.00423362,-0.161375,-0.179265,0.669884,-0.703103,0.51381,0.794863,1
0.772591,-0.25896,0.439506,0.478932,-0.377531,-0.420904,-0.660515,0.0462501,0.767757,-0.127663,-0.249609,0.648917,0.0981378,-0.117334,0.283,0.220281,-0.199102,-0.226376,0.631046,-1.00232,0.793106,0.612417,0.319813,-0.477722,1.04029,-0.541825,-0.0897396,0.209305,-0.266991,1.09501,-0.767876,-0.358147,0.553865,0.798033,1
-0.252563,0.197471,-0.687482,-0.213718,-0.785648,0.402847,0.544854,0.352196,-0.712671,0.595631,-0.0445636,0.273395,-0.420077,-0.546099,0.200301,0.200106,0.355601,0.133576,0.416958,0.0387292,-0.0563337,-0.57443,-0.611166,-0.765516,0.262882,-0.221176,0.256787,0.812902,-0.241702,0.265119,0.0381281,-0.0128096,0.509313,0.819022,1
0.222542,0.289824,0.35328,-0.343908,-0.180102,0.362583,-0.111882,-0.154844,-0.164259,0.136357,0.310323,-0.306436,0.920012,0.0736866,-1.193,0.194003,-0.0400255,-0.31686,0.25837,0.599356,-0.0377271,-0.0324098,0.597513,-0.0677607,0.382343,-0.338685,-0.548818,1.27298,0.266333,0.730252,0.338455,0.761151,0.523922,0.906295,1
-0.174848,-0.885185,-0.126094,0.280178,0.250946,0.118477,0.521899,0.181355,0.590324,-0.0134155,-0.243034,0.388502,0.315536,0.339728,0.488359,-0.445987,-0.232481,-1.02828,-0.767632,-0.27001,0.327491,-0.0281512,-0.885272,-0.22686,0.698813,-0.183013,0.722976,-0.266599,-0.596969,0.318159,0.118598,0.367871,0.476169,0.836608,1
0.579103,-0.552874,-0.340134,0.363678,-0.37714,0.324233,-0.284604,0.463535,-0.222383,-0.434915,0.141024,0.183709,0.376386,0.348228,-0.277613,-0.10681,0.0455773,0.615983,-0.919347,1.00305,-0.305414,0.060825,-0.542304,-0.0160172,-1.44939,-0.70377,-0.19835,0.0728905,0.0320188,0.94419,-0.0406206,0.228614,0.458275,0.888646,1
0.589427,-0.418963,0.270493,-0.582388,-1.19647,-0.106355,0.314286,0.193082,-0.559681,0.197412,0.504974,-0.565979,0.245266,-0.306138,-0.3781,-0.179032,0.854087,0.113111,-0.585876,0.705128,-0.85686,1.36445,-0.612341,0.66539,0.314313,-0.710068,0.375562,-0.71136,-0.435005,-0.704519,-0.0214335,0.897545,0.425154,0.803635,1
-0.126932,0.536714,-0.0137181,-0.954122,0.0647321,-0.291238,-0.0169962,0.480033,0.313262,0.285962,0.248273,0.394048,-0.220573,0.727187,0.237647,0.844027,-0.412678,-0.161979,-0.264836,-0.25525,0.096534,0.356846,-0.415,0.532494,1.03603,-0.859265,1.4205,-0.106533,-0.667375,0.376882,-0.489858,-0.32873,0.544978,0.787454,1
0.00618781,-0.592655,0.00509302,0.176184,0.113156,0.785737,-0.286797,-0.04774,-0.199095,0.405848,-0.625801,0.573409,-0.480994,0.0128995,-0.666202,1.17446,-0.45077,0.146985,-0.0210923,0.00107478,-0.715738,0.517411,0.811407,-0.0739386,-0.893384,0.629506,0.180722,-0.0354984,-0.613041,-0.242832,1.09684,0.0275566,0.42393,0.764929,1
0.344669,-0.0413845,1.09916,-0.316816,-0.194784,-0.397798,-0.122465,0.0644474,-0.244003,-0.268705,0.356688,-0.129278,-0.512613,0.135076,0.22508,-0.0777913,-0.239995,0.657834,-0.0522835,-0.339949,-0.101191,0.0986787,-0.178511,0.757527,0.0156796,0.0674136,0.287652,-0.65788,0.490458,-0.399902,0.746595,-1.33939,0.560142,0.835295,1
0.92368,-0.177013,0.166438,-0.316993,0.332804,-0.980866,-0.327108,-0.736218,0.51661,-0.0707982,0.811893,1.04827,-0.679827,0.0799525,0.259675,-1.58469,-0.0960527,-0.756385,0.208721,0.359215,-0.212976,0.920961,0.425952,-0.0653621,-0.0661052,0.160419,-0.429328,0.311481,0.293617,0.0322888,0.417983,-0.251479,0.483609,0.852443,1
0.314173,0.216991,1.60211,-0.790802,0.194564,-0.395694,0.744122,-0.414333,-0.267703,-0.142427,0.614759,-0.637076,0.900951,0.183325,-0.130978,0.918666,-0.349113,-0.416247,1.22411,0.134436,-0.120198,-0.134965,-0.493128,-0.0518331,0.0648556,0.742285,0.642286,-0.589486,0.180592,-0.205251,-0.295452,-0.509072,0.433404,0.786126,1
0.529189,0.247296,-0.485684,0.0880148,-0.122457,0.675727,-0.0671396,0.0344784,-1.32023,-0.379008,0.234819,-0.60581,0.605227,0.0460373,-0.195599,-0.0259466,-0.509564,-0.087331,0.218875,-0.533756,-0.270288,0.327061,0.142042,0.137387,0.0760667,0.168222,0.214818,0.803964,-0.316483,0.114172,0.469661,-0.213679,0.435589,0.834187,1
-0.428395,-0.122696,0.84418,-0.35524,-0.03849,-0.314377,0.414321,0.393039,0.338729,0.039096,-0.416238,-0.883984,0.675299,-0.469679,-0.430345,0.124897,0.789088,0.246114,-0.0659795,-0.354362,0.440068,0.231699,-0.220796,-0.548305,0.276644,-0.00973866,0.503054,-0.173075,-0.461127,-0.382049,1.09924,0.454135,0.423181,0.852651,1
0.708867,-0.0777618,0.0917592,-0.030292,-0.355406,-0.22006,-0.0145114,-0.0679527,0.11366,0.324022,-0.103121,0.0851064,-0.791964,0.782171,0.190507,-0.250882,0.93694,1.2351,-0.0431895,0.0418532,0.125829,-0.335394,-0.24286,-0.454639,0.959039,0.306871,-0.599064,-0.494687,0.681296,-0.196958,0.557856,-0.0163095,0.569826,0.795313,1
0.381586,0.351137,0.362133,0.314345,0.27788,7.95,0.139469,0.387492,0.337871,0.184259,0.199961,0.329166,0.221813,0.280335,0.230695,0.152649,0.315361,0.379683,0.253436,0.19923,0.303475,0.166755,0.357392,0.372878,0.269768,0.377795,0.289498,0.123803,0.139879,0.173147,0.288021,0.274909,0.52,0.82,1
0.95,0.88,-0.271881,-0.00138183,0.386779,-0.304627,0.477447,0.0301096,-0.429248,-0.458385,-0.260277,0.0256445,0.487809,0.113109,-0.335333,0.438219,-0.173619,0.476099,0.246339,-0.00830644,-0.0126619,0.29739,-0.0703512,0.485737,0.294224,-0.245365,0.183158,-0.412627,-0.0573545,-0.0192317,0.101276,-0.309135,0.48,0.2,0
-1.15214,-0.690722,-0.53203,0.321179,-0.688094,-0.172856,0.382388,0.831921,-0.520383,0.062774,0.319708,-0.266743,0.344895,0.354402,0.539688,0.375682,0.0245811,-0.261372,0.0204068,-0.381033,0.219012,0.00985621,0.516431,-0.493494,-0.331404,0.616665,0.328757,0.973882,-0.703249,0.961595,-0.09752,0.133939,0.533961,0.914115,1
-0.504709,0.0769543,0.0676823,0.177014,-0.307462,-0.602744,-1.16316,0.0859357,-0.29699,0.741116,-0.0951808,-0.108836,-0.831683,-0.795902,-0.0376055,-0.673952,-0.207317,0.122306,0.170758,0.114146,0.0516714,-0.530641,-0.506198,1.04752,0.298755,0.0424892,0.25876,-1.33035,0.687202,0.195003,0.295528,-0.13781,0.548716,0.82577,1
0.906972,-1.28807,0.454332,0.593114,0.328896,0.194609,-0.0931361,0.344107,-0.398035,0.0397795,-0.470298,1.45732,0.123801,0.143776,-0.563986,-0.231359,-0.0246167,0.061038,-0.084238,-0.543936,0.332967,0.958855,-0.590196,0.0452395,0.193322,-0.45761,-0.514869,0.59903,0.157304,0.465906,-1.2476,-0.134909,0.528146,0.945585,1
0.235351,-0.0890135,-0.417015,0.678527,-0.317679,0.127644,-0.339428,-0.293186,-0.000787666,-0.247553,-0.702158,0.0230278,-0.0719118,0.691702,0.71447,0.15024,-0.378967,0.443152,-1.26911,0.427009,0.702715,0.359323,-0.177743,0.101831,0.016904,-0.490216,-0.452536,-0.703536,-0.0522996,-0.37555,0.104785,-0.810654,0.483303,0.792252,1
-0.217502,0.216262,0.049008,0.223522,-0.324819,-0.0382883,0.12578,-0.0136715,0.0704459,0.596037,-0.0426908,0.176958,-0.275081,-0.332857,0.321013,0.408115,-0.198636,0.603499,-0.595659,-0.214598,0.157362,-0.0687582,0.152819,0.271305,0.753876,0.710538,-0.602395,-0.419013,-0.0511759,-0.0889416,-0.923018,0.341694,0.499938,0.807902,1
0.232603,-0.385336,0.0383383,-0.150599,-0.422024,-0.139662,-0.607834,-0.457403,0.735252,-0.351209,-0.925524,-0.207761,0.220197,0.0609353,0.108838,0.395887,0.501401,0.320152,0.00852063,-0.186139,-0.247603,0.0394932,0.846928,-0.264487,0.807719,-0.010379,0.424754,-0.395963,0.455441,-0.0436426,0.223968,-0.0902633,0.421987,0.766889,1
0.563893,-0.830679,0.0440699,0.330027,-0.706971,0.0448155,-0.7044,0.00518651,-0.636626,0.977786,-0.361903,-0.141685,-0.168896,0.126706,-0.154854,-1.09798,0.802421,0.409301,0.100863,-0.509964,0.0623654,-0.275244,0.231045,0.131109,-0.134239,0.526268,0.0138119,-0.0488935,0.0724171,0.226049,-0.0572516,0.765161,0.545789,0.900718,1
0.757828,0.388642,-0.372308,-0.277764,-0.510957,-0.0641498,0.300009,-0.360025,0.657584,0.0932057,-0.000738759,-0.721791,-0.135575,-0.460122,-0.353497,-0.28767,-0.248462,0.053792,-0.0634528,-0.0410212,0.531954,0.449447,0.310246,-0.900246,-0.262846,0.210339,0.0143111,-0.420336,-0.236482,-0.0477345,1.26572,-0.454187,0.536422,0.918009,1
-0.648265,0.0915215,0.0876068,-1.00037,0.19012,0.371747,0.304062,-0.385524,0.00208539,0.114956,1.05621,0.0870321,0.323396,0.0310673,0.101538,0.239842,0.283459,-0.135562,-0.320619,-0.165374,-0.227468,-0.313408,0.597364,-0.49499,0.321809,-0.170008,0.446778,-0.482206,0.069909,0.120955,-0.169659,0.299414,0.495889,0.798861,1
0.500883,0.191809,0.328328,0.134088,-0.0635403,-0.194794,0.760114,0.00131024,-0.454583,-1.02545,-0.965119,0.119238,-0.610317,-0.352023,0.718897,-0.657453,0.293715,-0.106198,0.608204,0.560185,-0.202057,0.0260087,-0.382492,-0.377251,-0.0133717,-0.237267,0.499458,-0.0940222,0.170755,-0.0620612,0.483378,-0.372471,0.498737,0.881596,1
0.47913,1.05862,0.146657,-0.101475,0.520514,-0.311598,0.769809,-0.752803,0.691089,0.282956,0.321036,-0.463505,0.0367591,-0.440898,0.0911922,0.582526,-0.612549,0.609638,0.58932,-0.628626,0.147526,-0.113318,-0.760181,0.17353,-0.638856,0.887128,0.141172,-0.0105528,0.595606,0.739073,0.531469,-0.0326886,0.489225,0.895016,1
-1.26424,-0.232223,0.131564,-0.922702,0.372183,0.766001,0.481888,0.328813,0.144703,1.29663,0.439574,0.514784,0.488918,-0.506914,-0.358776,-0.232356,0.108089,-0.484681,-0.155553,0.141059,-0.524458,1.34629,0.330663,0.837161,-0.392822,0.46604,0.479937,-0.906505,0.0568004,-0.394336,-0.740754,-0.427869,0.550245,0.869822,1
0.279252,0.232251,0.202843,0.330507,0.162912,7.95,0.352201,0.270558,0.39931,0.127961,0.113849,0.187837,0.239095,0.374355,0.268787,0.210314,0.200253,0.18495,0.317698,0.391738,0.279203,0.296528,0.147967,0.238412,0.238817,0.240982,0.317888,0.293252,0.163024,0.26068,0.239285,0.272775,0.52,0.82,1
-0.517567,0.129111,0.441436,-1.14381,-0.72378,0.145898,0.502835,-0.0205458,-0.316559,-0.1647,-0.107986,0.466688,-0.263245,0.0530949,0.0834895,0.0362768,0.2463,0.639852,0.205112,0.366419,-1.04824,0.257745,0.475266,0.226139,-0.294195,0.542177,0.451265,0.0893481,0.234559,-0.0631051,0.320643,-0.775303,0.507403,0.880959,1
-0.0695338,0.0220552,-0.0868471,-0.0926448,-0.291816,-1.11953,0.167249,-0.182443,-0.507701,-0.00367787,-0.607916,0.529059,0.731395,0.644237,0.360929,-0.473827,0.18887,-0.210964,0.922975,-0.663455,-0.226294,0.380621,0.0324365,-0.151414,-0.628597,0.26282,0.325463,-0.344073,0.929749,-0.635924,-0.285048,-0.445012,0.524407,0.761753,1
-0.370831,-0.469034,0.803424,-0.0682775,-0.321237,0.553133,0.0192285,-0.298279,0.517054,0.1673,0.0965334,0.406514,-0.190958,0.0596016,-0.41661,-0.589823,0.61261,-0.281105,1.02606,-0.372319,0.324977,0.205143,0.122229,-0.401851,-1.14001,-0.11601,0.662302,-0.326162,0.766079,0.182467,0.279501,-0.0925396,0.513486,0.92685,1
0.130961,-0.370363,0.00875375,0.956322,0.308703,0.243617,0.159816,0.42672,-0.297043,0.0151554,0.20747,-0.3303,0.123085,0.47878,-0.0444686,-0.589762,-0.667813,-0.277704,-0.544619,0.25678,-0.763431,-0.176002,1.17608,0.388817,0.46027,0.0106731,0.814627,0.308475,-0.589962,-0.765714,0.56448,0.279066,0.518304,0.922835,1
0.859692,-0.607657,-0.437598,-0.101645,-0.626773,-0.607973,-0.24568,-0.486389,-0.113268,0.354587,0.219948,0.0952996,0.276232,0.00948861,-0.223864,-0.0897796,0.0619399,-0.78088,0.295615,-0.124031,0.277172,0.180744,-0.224803,0.132771,0.173148,0.48417,0.129409,0.955063,-0.249912,-0.593984,0.109837,-0.379307,0.421832,0.83619,1
-0.0620599,-0.417952,0.891833,-0.132665,-0.535886,0.744963,0.412218,-1.22595,-0.750003,0.282064,-0.0305356,0.664997,0.15705,-0.465438,-0.619101,0.223956,0.0164771,0.213986,-0.818148,0.651564,0.395257,-0.237352,-0.771199,0.299077,-0.0237103,0.28764,0.622153,0.831759,-0.402479,-0.0248729,0.894724,-0.0419236,0.443764,0.870646,1
-0.0464259,0.150565,-0.206467,0.775951,0.0979696,0.184672,0.414028,0.071748,0.664555,-0.0233601,-0.807123,-0.382623,-0.16224,0.298153,-0.344193,0.947197,0.842554,0.469179,0.154655,0.031205,0.1486,-0.278854,0.430399,0.642521,-0.344562,-0.335057,0.485182,-0.0853042,-0.898893,0.57786,0.141322,-0.072293,0.5255,0.897797,1
-0.497925,0.708341,0.306509,0.134374,-0.646196,-0.298195,-0.300782,-0.515575,-0.605311,-0.628777,-0.0049616,-0.169007,-0.412783,-0.261906,0.534579,0.00156253,-0.140938,0.3454,-0.613323,0.0209379,0.130564,-0.485343,0.565565,0.21427,0.527824,0.134901,-0.241151,0.0409779,0.848948,-0.146937,-1.23958,-0.276366,0.539233,0.775638,1
0.00120771,-0.444778,-0.673344,0.572515,0.207679,-0.733821,0.48866,0.0911648,-0.0114709,0.317337,1.06521,-0.207562,-0.00417758,-0.637995,0.16878,-0.7272,-0.00563887,-0.436094,-0.139605,0.306383,-0.0675232,-0.449043,-0.325283,-0.0684821,0.0232315,-0.0288303,0.364438,0.342399,0.209065,-0.0704448,-0.53222,0.567125,0.426101,0.856956,1
0.0008724,-0.0839939,0.432492,0.400947,-0.779544,0.56124,-0.474081,0.349666,-0.400077,-0.246509,0.207423,-0.0874028,-0.309997,-0.224421,-0.621781,-0.619042,-0.349257,0.384194,-0.61412,-0.157355,0.5381,-0.512851,-0.613928,-0.704366,-0.0699971,-0.811861,0.00279648,-0.0626875,-0.465497,0.0175454,0.209816,0.635013,0.499371,0.815395,1
-0.435633,0.115923,-0.465528,-0.657638,0.14228,-0.27658,0.277512,0.179415,1.1368,0.928117,-0.179714,0.525264,-0.252704,0.597951,-0.197162,-0.316917,0.11266,-0.809953,-0.861157,0.138345,-0.218079,0.15165,0.119953,-0.391488,0.445452,0.201254,-0.421331,-0.519814,-0.00954736,-0.403069,-0.23607,-0.477323,0.482777,0.889033,1
-0.387382,0.285468,-0.0120244,0.60727,-0.990503,-0.851921,0.178348,0.479593,0.216303,0.134926,-1.08893,-0.15369,0.00904005,-0.0907643,0.684216,0.636571,0.240573,0.0872596,-1.00182,-0.126425,-0.072293,0.0671583,-0.708958,0.102336,-0.168098,-0.534732,-0.137039,-0.134961,-0.120205,-0.201001,-0.560483,-0.574171,0.575038,0.816895,1
-0.0735376,0.590964,-0.117637,-0.241353,-0.436024,-0.470248,-0.157575,-0.209832,-1.08346,0.879319,-0.0573445,-0.0871051,0.426379,0.0167118,-0.217265,0.0402603,0.415439,1.1123,-0.636082,-1.01846,0.679409,0.461564,0.510598,0.246171,-0.18959,0.259514,0.157978,0.0601516,-0.423164,0.248336,-0.345239,-0.168597,0.508292,0.862435,1
0.358764,0.330909,0.208683,0.142933,0.379333,7.95,0.105908,0.215666,0.308383,0.231735,0.399247,0.240199,0.310075,0.255491,0.123512,0.261902,0.201823,0.368784,0.295628,0.250898,0.328853,0.379518,0.367669,0.230093,0.245843,0.326296,0.116024,0.310655,0.19379,0.392848,0.291984,0.156967,0.52,0.82,1
-0.532784,0.780224,0.642144,0.221529,0.526359,0.738749,0.0249387,-0.116577,0.192687,0.814512,0.111863,-0.687995,0.118554,1.09081,-0.182726,0.830784,0.33622,0.598681,0.155062,0.644992,0.236345,0.184382,0.513953,-0.397707,0.309691,0.197644,-0.00454578,-0.0766179,0.330866,-0.252689,0.620253,-0.486121,0.436276,0.761283,1
-0.0332126,0.37457,-0.376989,-0.295184,-0.30285,-0.342729,-1.40917,0.295931,0.837483,0.422983,0.569439,0.388973,-0.0483866,0.190915,0.0368775,-0.0643991,0.219881,-0.031028,-0.121512,0.389154,-0.276773,0.118282,0.195337,0.62538,1.18165,0.615308,0.518566,0.785015,0.10437,-0.0816231,0.206725,0.269489,0.424517,0.764247,1
0.788573,-0.384017,-0.22104,-0.843482,-0.393016,0.689035,-0.399598,-0.0526291,-0.337339,0.00835721,-0.1512,0.191463,0.0167374,0.0465806,-0.724049,0.0595554,-0.913916,0.243172,-0.147232,-0.153338,0.018601,-0.589586,0.106766,-0.507091,-0.229927,-0.319944,-0.676235,0.0173559,-0.0895303,-0.53122,-0.439224,-0.34919,0.51084,0.89108,1
-0.16562,-0.665955,0.603521,-0.487378,-0.125106,-0.140931,-0.628088,0.097752,-0.374013,-0.397507,1.13202,0.626434,0.353879,0.156469,0.0682974,0.42724,-0.0400944,-0.310859,0.17814,-0.0951984,-0.510374,0.285206,0.363645,-0.149966,0.318932,-0.857904,-0.332054,0.260667,-0.724786,-0.140233,-0.293259,0.0878963,0.422347,0.767141,1
-0.449586,-0.205951,0.289184,0.0225289,-0.245628,0.602586,0.791138,-0.545939,0.275449,-0.741615,0.0614938,-0.600981,-0.4222,-0.836999,0.743958,0.169012,-1.00878,-0.669082,-0.182416,0.245054,0.151704,-0.558596,0.0867723,-1.0499,-0.142473,-0.448029,-0.463414,0.463727,0.474322,0.136378,-0.0433971,0.691092,0.508012,0.93775,1
0.244268,-0.157024,0.122185,-0.244316,0.10431,0.0877115,0.535871,-0.0808631,0.111537,-1.10758,-0.693848,-0.591003,0.0940139,0.602777,0.781406,0.333329,0.543461,-0.200383,0.251911,0.379168,-0.112041,0.543396,-0.0277893,-0.74389,0.297329,-0.350979,-0.512184,-0.0497463,-0.0741928,0.0389569,-0.037317,0.75871,0.515574,0.762913,1
-0.0534758,-0.290265,0.31812,0.375913,-0.942829,-0.399175,-0.753411,-0.205498,-0.907488,0.211976,0.259906,0.64038,-0.937782,-0.851101,0.0306209,-0.619414,0.982016,0.483606,0.200762,0.265542,0.671556,0.302878,0.0113497,-1.30572,-0.57024,0.54708,-0.643437,-0.614136,-1.23326,0.549481,-0.00129723,-0.0263221,0.474176,0.772976,1
0.95,0.88,0.209201,0.207112,-0.428162,-0.12403,0.400419,0.251438,0.0921555,0.0179966,-0.28135,-0.365499,0.430722,-0.446707,-0.294129,0.413775,0.130717,-0.447731,-0.132325,-0.100189,0.259756,-0.278704,0.457169,0.150492,0.15998,-0.000744817,0.0677287,-0.0258092,-0.311258,0.288239,0.1069,-0.0630489,0.48,0.2,0
-0.0242663,-1.03863,0.478486,0.562817,-0.703021,0.381048,0.206543,0.378646,0.284064,-0.130393,0.145666,-0.711242,0.802423,0.534422,-0.362313,-0.459185,1.02969,-0.104683,0.865497,0.183122,0.232175,0.149889,0.112624,0.175371,-0.0106628,0.145309,1.10518,0.11467,0.0728661,0.379527,0.439434,-0.149911,0.532437,0.86278,1
-0.497807,0.549928,1.36734,-0.578145,-0.0203067,-0.637715,-0.177999,0.311381,-0.618611,-0.888274,-0.125286,-0.182654,0.466734,0.376717,0.373357,0.0839251,-0.0321776,-0.0284699,-0.135208,0.256578,-0.168991,-0.954791,0.396807,-0.272186,0.164805,-0.592473,-0.122987,0.119967,0.0372853,-0.535205,-0.0141957,0.24216,0.428846,0.861506,1
-0.0295247,-1.445,0.161343,-0.0859314,0.0866315,-0.7227,0.524912,-0.133308,-0.166493,-0.150995,1.06129,-0.369245,-0.254374,-0.809399,0.213127,0.693578,-0.299909,-0.135899,-0.527545,0.921411,-0.286412,-0.438184,0.274099,0.232132,-0.890095,0.755607,-0.0107213,-1.44492,0.742744,-0.190885,-0.116475,-0.441707,0.487446,0.895142,1
0.323932,-0.168809,-0.209019,-0.411047,0.397793,0.260252,-0.663679,1.07589,0.0705113,0.836241,-0.36194,0.646358,0.0310294,-0.899269,0.478457,0.430593,-0.276868,-0.339128,-0.512708,0.198491,0.327928,-1.21735,-0.181846,0.493468,0.392692,0.558195,-0.0861455,0.175696,-0.141618,0.679362,0.946851,0.158403,0.499364,0.938461,1
0.891735,0.269843,0.892334,0.0324571,-0.229422,0.726663,-0.199003,0.256085,-0.272621,0.620991,0.464234,0.386385,0.0854703,-0.601623,-1.50158,0.552542,-0.594406,-1.26192,-0.291516,-0.399727,0.236064,0.0971445,0.110337,0.160625,0.31867,-0.229744,-0.275742,-0.494012,-0.313338,-0.0758111,-0.471316,-0.448325,0.544883,0.871415,1
-0.339594,-0.216069,0.0698358,0.386858,-0.568359,-0.554734,0.63886,-0.387483,-0.0651704,0.709007,-0.739766,0.852868,-0.141381,-0.618523,0.255497,0.247043,0.580292,0.218197,0.478467,0.563605,-0.594562,0.305083,0.171315,-1.18998,-0.304796,-1.37088,0.278754,-0.45347,0.44975,-0.236418,-0.696724,-0.585728,0.562223,0.837399,1
0.505395,0.12971,0.609138,0.135653,0.794552,-1.02822,0.566007,0.633664,0.187239,0.311508,-0.392027,0.140153,-0.544978,-0.145659,-1.00314,-0.137137,-1.28059,0.750614,0.22091,-0.277559,-0.0513554,0.241104,0.530723,0.180153,-0.423327,0.640283,-0.126225,-0.15914,0.221142,-0.330128,-0.147813,0.250686,0.501452,0.867773,1
0.347624,0.0540942,0.582781,0.0265033,-0.373176,0.73042,0.409074,-0.86033,0.595565,-0.697743,-0.389054,-0.711899,0.905949,-0.22265,0.471265,0.0742912,0.394559,-0.102382,-0.211877,0.0391266,0.511202,0.188116,0.293661,-0.816757,-0.374075,-0.664717,-0.713768,-0.546798,0.887243,0.341566,-0.832515,-0.171938,0.481279,0.921825,1
0.261501,0.148869,0.309398,0.318189,0.277583,7.95,0.258694,0.105755,0.278964,0.213731,0.196462,0.24557,0.249797,0.224511,0.193395,0.366809,0.214281,0.366608,0.143086,0.255657,0.198215,0.37539,0.114256,0.294269,0.162897,0.1785,0.292839,0.109703,0.254701,0.105827,0.293258,0.274518,0.52,0.82,1
-0.490803,-0.0291536,-0.528932,0.609831,0.404851,0.437439,0.0283788,0.340616,-0.98671,0.0822434,-0.0566981,0.608198,0.116664,0.183146,0.0435577,0.0703669,0.497006,0.127797,0.566482,0.132566,-0.0675859,-0.213831,-0.0204215,-0.73309,-0.597384,-0.100257,1.28408,-0.149074,-0.610858,-1.0105,0.336672,0.377847,0.544747,0.901106,1
0.823531,-0.762227,-0.578285,0.60678,0.0157697,0.204806,-1.20075,0.0407983,0.50447,0.589392,0.399627,-0.339896,0.464289,0.0559371,-0.258133,-0.741318,0.163363,0.171185,-0.307392,0.0890172,0.186137,0.251871,0.684061,-0.0675987,0.784727,0.587105,-0.246854,-0.035658,0.00500854,0.717344,-0.420747,-0.590376,0.509281,0.773121,1
-0.54957,-0.183652,-0.484069,-0.358978,0.0261018,0.0990764,-0.0552481,-0.000354068,0.134892,-0.594133,-0.405986,0.432887,0.141404,0.300897,0.323436,0.559722,-0.462926,-0.60807,-0.189085,0.813867,-1.20043,-0.208877,0.0088646,-0.690191,-0.457596,-0.104599,-0.148763,0.668414,-0.153534,0.608262,-0.118974,-0.319311,0.553741,0.865633,1
-0.367894,-0.398025,0.118481,-0.0974383,0.281558,-0.795809,-0.574077,0.307955,0.138382,-0.759959,1.02927,-0.249156,0.23457,-0.0178265,-0.455557,-1.10343,-0.260624,0.311165,-0.426952,-0.219991,-0.352542,0.170936,0.133929,-0.142626,-0.421385,1.10472,-0.500804,-0.605292,0.394596,0.598884,0.595467,-0.221026,0.487797,0.92159,1
-0.288233,0.0319203,0.643675,0.347522,-0.173966,1.13627,-0.194399,-0.0470677,0.615152,-0.385795,-0.0111737,-0.433728,0.0955085,0.612191,0.594451,0.144644,-0.21616,0.906648,-0.0016848,-0.393272,0.196684,-0.415282,-0.424678,0.0252721,0.114875,-0.187846,-0.31851,-0.253436,-0.149857,-0.0428489,0.0573578,0.106535,0.502833,0.922276,1
-0.582627,0.000523789,0.321106,0.450288,0.565472,0.448372,0.586633,-0.359344,-0.336937,-0.443947,0.257434,0.477286,-0.803945,-0.482945,-0.240936,-0.669599,0.101369,-0.715707,-0.344853,-0.192033,-0.0733454,0.447962,0.447104,-0.483438,0.134583,0.0236734,-0.35151,0.506587,-0.0675045,0.194063,-0.424464,0.184723,0.56471,0.852627,1
1.53854,0.931497,1.13598,-0.241599,0.753445,-0.236246,-0.660757,-0.172705,-0.118072,-0.157212,0.054189,0.239827,-0.544515,-0.693554,-0.132146,0.691006,-0.168904,-0.660822,0.0945975,-0.283782,-0.525195,0.48172,0.674899,0.0372165,-0.279156,-0.0400744,0.151673,-0.232282,1.19532,-0.755493,1.05718,-0.0297039,0.537065,0.769339,1
-0.254434,0.759454,0.520125,0.589596,0.0167574,0.735711,-0.030695,-0.725692,0.24092,0.590409,0.197194,0.116805,0.229495,-0.319847,-0.950801,-0.343189,-0.330326,0.537161,0.784773,0.407033,-0.201079,0.489025,0.0495485,0.404114,0.508879,-0.299293,0.246598,0.883915,0.820328,0.345716,-1.01156,0.377506,0.458162,0.812104,1
-0.441716,0.205995,-0.224274,0.541666,0.0794467,-0.598189,0.4849,0.480142,-1.05251,0.176066,0.0542212,0.129013,0.101548,0.147933,0.097289,0.450593,0.069914,-0.406466,-0.212113,-0.592708,0.0374409,-0.872305,-0.302478,0.0779337,-0.335832,0.640342,-0.251868,-0.0310509,-0.534935,-0.154276,-0.254021,-0.113067,0.455533,0.820351,1
0.152271,0.645886,1.0346,-0.375814,0.149966,-0.725613,-0.786221,0.770092,1.38955,0.589285,-0.274594,0.476422,-0.722013,0.295313,-0.781357,0.258264,0.0514607,0.387907,-0.376622,0.370447,0.6131,-0.339836,-0.58277,-1.11563,-0.604422,0.0623256,-0.13781,-0.530348,-0.439071,0.852135,0.273462,-0.15894,0.463988,0.838342,1
0.663034,0.398585,-0.320669,0.516022,-0.491397,-0.0540353,-0.242563,1.56445,0.0236647,0.44056,0.291867,0.0282493,0.148559,-0.88021,-0.249499,-0.547059,-0.81132,0.307353,-0.54694,0.789286,-0.271298,0.927324,0.183141,0.581416,-0.536039,0.0748458,-1.15419,-0.0888493,-0.962597,-0.132618,-0.0634453,0.148053,0.522101,0.923271,1
0.324541,-0.119804,-1.22972,-0.0839795,-1.45732,0.356302,0.352481,0.745305,-0.456073,0.00170045,-0.290507,0.608823,-0.515994,-0.318034,0.445695,-0.0236382,0.588963,-0.0661343,0.173143,-0.123614,0.0729023,-1.15566,0.450103,-0.586399,1.14202,0.215611,0.740722,0.13575,-0.0372376,0.684389,-0.735466,0.431075,0.430168,0.824148,1
-0.266164,0.238817,-0.0790374,0.687751,-0.469987,-0.25535,-1.39013,0.727624,-0.3255,0.451971,0.246814,-0.00529907,0.622301,-0.762478,0.390687,-0.458181,0.259294,0.31357,0.0477817,-0.782398,0.184792,0.281993,0.559372,0.480688,0.159312,0.481005,0.178603,0.0569744,0.0369473,0.0931858,0.516767,-0.899925,0.555501,0.90457,1
-0.804828,0.393119,-0.166759,0.592317,-0.292437,-0.313295,0.00722805,0.437592,0.274735,0.512352,0.413128,0.415936,0.775029,0.34815,0.240766,0.715147,0.180456,0.682786,0.00554803,-0.596149,-0.496447,0.273579,-0.171175,0.107069,-0.533469,0.0749873,-0.0735566,0.00987539,0.212426,0.356109,0.647015,-0.754056,0.507341,0.777852,1
0.202435,0.0410323,0.28303,-0.224305,0.349841,-0.12573,-0.126961,-0.42778,-0.851604,-0.38171,0.301895,-0.593405,0.137827,0.415919,-0.329359,-0.103196,-0.495279,0.275211,0.53127,0.91297,0.901669,-0.0682169,-0.322438,0.326883,0.564765,-0.390079,-0.347819,0.524387,0.256422,0.544125,0.68625,0.690575,0.467913,0.89987,1
-0.226477,0.568439,-0.44955,-0.0853957,0.272487,0.158766,0.558259,-1.36886,0.513548,0.0580056,-0.332791,0.165016,0.0077784,-0.497384,-0.347136,0.284488,-0.204039,0.1098,1.00405,0.455601,-0.0765473,-0.0955749,0.417296,0.543711,0.857846,-0.177521,-0.796413,0.257453,-0.667933,0.0833967,-0.18051,0.35421,0.523394,0.820701,1
-0.624734,-0.510461,-0.824904,0.667491,-0.105472,-0.031491,-0.0246093,0.356204,0.323172,0.291498,-0.138721,-0.685199,-0.880669,0.410712,-0.00436649,-1.00076,-0.0377207,-0.0842909,-0.789862,-0.0279552,0.202195,-0.24069,-0.115931,-0.0179183,-0.811695,-0.102231,-0.12669,0.487937,0.0813639,0.0632753,-0.666867,-0.212847,0.447141,0.908216,1
0.272269,0.170054,-0.175244,0.373709,0.195068,0.678142,0.337829,-0.653067,-0.945114,-0.437451,-0.721056,-0.183438,-0.674884,0.049857,-0.413221,-0.136777,0.230139,0.298993,-1.08497,0.0458142,0.345883,0.427495,-0.0579584,0.0460521,0.00623125,-0.168636,-0.0510512,0.869198,-0.311068,-0.151721,-0.190334,-0.105553,0.550895,0.791516,1
-0.315843,0.189384,0.089647,-0.488071,0.0915271,-0.634029,-0.715801,0.418228,-0.252577,0.212699,-0.2479,0.26575,-0.642137,1.04378,1.31031,0.311814,0.236791,0.58351,-0.179192,-0.709059,0.314434,-0.268797,-0.52209,0.463354,0.543761,-0.388484,-0.517191,-0.667362,0.851827,0.143805,-0.281342,-1.01086,0.469456,0.919981,1
0.180301,-0.0436525,0.162839,0.152576,0.137989,0.314758,-0.464521,0.49473,-0.694664,0.185306,0.711608,-1.39704,-0.388436,0.0501921,-0.606026,0.114144,0.440561,0.483831,0.752995,-0.0238686,0.573064,1.24688,-0.664257,-0.992188,0.304736,-0.549936,-0.197897,-0.252296,0.977875,-0.326718,0.528728,-0.171701,0.538296,0.940333,1
0.386197,0.339324,0.180212,0.314447,0.109366,7.95,0.341652,0.121632,0.304967,0.335236,0.31741,0.21383,0.204955,0.203919,0.135751,0.18127,0.234548,0.218036,0.308216,0.227194,0.28923,0.27963,0.232372,0.302798,0.322235,0.219343,0.17679,0.360545,0.139182,0.118916,0.328278,0.342793,0.52,0.82,1
-0.457048,1.03308,0.0806862,-0.0472098,0.305731,0.379331,-0.0298344,-0.650931,-0.161811,1.1343,-0.769504,-0.911725,0.351369,1.0933,-0.719881,-0.0242996,-0.268079,-0.166391,0.540866,0.118601,-0.384841,0.737651,0.573403,-0.542467,-0.186054,-0.330021,0.541708,0.257374,0.19283,0.0503209,0.462895,0.441259,0.53495,0.828751,1
-0.277037,0.48501,0.000517531,0.0313774,0.523135,0.109292,-0.122648,-0.311157,-0.0244676,0.179287,0.351201,-0.494921,-0.627599,-0.00903828,-0.127956,0.00454501,-0.785399,-0.428966,-0.0418609,0.141146,0.296499,-1.25831,-0.193122,-0.754583,0.0740683,-0.282389,-0.755349,0.224197,0.52076,-0.560594,-0.0122617,-1.10075,0.545466,0.940071,1
-0.532467,0.197355,-0.337452,0.775083,-0.438659,-0.0262109,0.307281,0.545077,-0.338142,-0.043139,0.197884,0.268896,-0.797104,0.104911,0.395201,-0.440859,-0.645243,-0.134004,0.190199,-0.792813,-0.344,-0.399382,-0.397936,-0.404818,0.249574,0.79111,0.866817,-0.246974,-0.00275903,-0.365578,-0.289435,-0.12609,0.5541,0.875159,1
-0.302686,0.360712,0.149888,-0.0416009,0.0700161,0.132719,0.328261,-0.257749,0.0514424,0.333731,-0.591344,-0.802641,0.468937,-0.667055,-0.261473,-0.0187929,0.820203,0.469075,1.13304,0.35243,-0.542816,0.0226333,0.264955,-0.133776,0.481907,0.326439,0.333326,-0.125406,-0.948802,0.462052,0.394792,0.217296,0.444777,0.916598,1
-0.478048,-0.108789,-0.347917,-0.145406,-0.224861,1.00401,-0.398085,0.325541,0.117863,-0.0183944,0.327706,0.140714,-0.119215,-0.135877,-0.103664,-0.714384,0.391821,-0.321948,0.427098,-0.15066,0.754507,-1.14838,0.229187,-0.531097,-0.474501,-0.206612,-0.431009,0.912255,-0.00610975,0.951232,-0.10258,0.426955,0.575395,0.767437,1
-0.0661359,-0.672291,-0.388086,0.0109869,-0.503532,-0.334015,-0.219369,-0.303638,0.158839,0.454668,-0.765497,-0.414299,0.507793,-0.17716,0.109551,0.38732,0.471459,-0.569776,0.144486,0.70715,-0.528139,-0.542612,-0.86162,-0.0795001,-0.184082,0.293929,0.383962,-0.682331,0.21833,-0.0654667,-1.12431,0.113678,0.502246,0.904874,1
0.693635,-0.463901,-0.909238,0.159842,-0.236874,-0.725305,0.384014,-0.204932,0.582842,-0.342534,0.282517,0.0447696,0.538063,-0.325559,-0.239248,-0.299008,-0.236379,0.886855,0.584632,0.0206078,-0.568286,-0.754263,-0.476588,-0.266289,0.601339,-0.847613,0.202595,0.170097,-0.142946,-0.00943372,0.0798303,0.965043,0.437753,0.928106,1
-0.0695285,-0.14915,1.19657,-0.280939,0.0985214,-0.407005,0.224749,0.610183,0.0425868,-0.644392,0.290789,0.655459,-0.121,-0.445924,-0.404924,-0.208631,0.177198,0.220588,-0.220255,0.771275,0.658222,0.299566,0.21861,0.282338,-0.665499,0.539381,0.0903329,0.0397969,0.272247,-1.27544,0.225767,0.608974,0.522322,0.939149,1
1.01167,-0.459697,0.374484,-0.249612,-0.910761,-0.516537,-0.300339,-0.577204,0.792878,-0.504165,-0.0414523,0.462757,0.0724284,0.29129,-0.21825,-0.452097,-0.2122,-0.541161,-0.206535,-0.345956,-0.25012,0.395203,0.640635,-0.208986,-0.303305,0.191113,0.0457071,-0.181109,-0.0331948,-0.117052,0.081755,-0.48851,0.523286,0.800086,1
-0.510157,-0.49685,0.245853,0.0744517,0.10131,0.0191716,0.104864,-0.155712,0.800377,0.520976,0.129434,0.691403,-0.491254,0.411019,-0.658606,0.240791,0.457365,-0.14394,-0.364345,0.759232,-0.308107,-0.336873,0.362735,0.640613,0.104349,-1.00915,0.541723,0.664034,-0.290685,-0.339727,0.406216,-1.08344,0.443057,0.929335,1
0.850096,-0.700778,-0.585228,0.932124,-0.427548,0.752249,0.471241,-0.0246064,0.260371,-0.315823,-0.741108,-0.516322,0.267074,0.0828933,-0.867783,1.1426,0.572121,-0.548377,0.269668,0.581954,-0.325148,0.096294,-0.44911,0.00905135,-0.718215,0.683785,-0.329517,0.072622,-0.447744,-0.129028,-0.0734073,0.00107391,0.420318,0.856277,1
-0.270774,0.39331,-0.0331897,0.336173,0.143475,0.833749,0.517028,-0.218055,-0.236709,1.2414,0.601808,-0.780246,-0.300501,-0.289975,0.483487,0.492983,0.307619,0.795316,-0.318624,0.0706746,-0.840623,-0.739868,0.82083,-0.590755,-0.391806,0.494059,0.0388607,-1.15886,-0.527374,0.02198,1.03082,0.329553,0.451185,0.772765,1
0.635486,0.175177,0.115792,0.184283,0.324178,-0.787693,0.946234,-0.22725,0.677802,-0.214774,-0.671937,-0.727148,-0.00795015,-0.00994249,0.612214,0.886202,0.242428,-0.376745,0.732843,0.003307,0.37564,0.324228,0.629846,-0.0592221,0.156761,0.0135119,-0.653,0.470577,-0.0602498,0.236124,0.0194671,-1.42207,0.472411,0.881785,1
0.216355,0.257582,0.204291,0.397506,0.228603,7.95,0.107605,0.172741,0.390223,0.28137,0.253691,0.375481,0.186538,0.342356,0.256086,0.189809,0.212911,0.25963,0.286691,0.151611,0.132599,0.142716,0.36686,0.13579,0.296338,0.311048,0.324787,0.381489,0.172178,0.333302,0.276635,0.350975,0.52,0.82,1
-0.309546,0.252548,0.50793,-0.407512,-0.445982,0.238702,0.485241,-0.625079,0.000759202,-0.24304,0.247724,1.1303,0.397278,-0.322386,0.441679,-0.310442,-0.594029,-0.264336,-0.964475,0.445212,-0.00150966,0.00952401,0.69862,-0.0780175,0.0466421,-0.613606,0.425993,0.159367,-0.308409,0.0780341,0.260874,-0.106364,0.536007,0.803586,1
0.235158,0.45485,0.326745,0.117928,0.481751,-0.808622,-1.45986,0.546357,-0.184777,-0.0486161,-0.370949,0.297613,-0.228691,1.06561,-0.0325565,0.0506025,0.4261,0.669498,0.0281735,0.584233,0.389425,0.124344,-0.142063,-0.564508,-0.252551,0.0570656,0.684944,0.173745,0.746293,0.369971,0.870682,0.146064,0.562142,0.914395,1
-0.274647,-0.17413,-1.86495,0.567589,-0.104329,0.0173839,0.195907,-0.433946,0.340245,0.54189,0.427036,0.0120843,0.835698,-0.383041,-0.0157791,0.249555,-0.0820265,-0.296611,0.0529503,-0.188362,-1.50628,-0.147994,0.829239,0.18932,0.330479,0.0199146,0.798986,-0.600678,-1.12442,0.457807,-0.107246,-0.760008,0.424908,0.882792,1
0.12409,-0.182475,-0.278967,0.459101,0.668402,0.233214,0.762414,0.73509,0.248172,0.539958,0.39334,-0.454934,0.0150749,-0.398909,-0.140785,-0.122814,-0.0884879,-0.0999179,-0.540425,0.243529,0.0401191,0.427337,0.291748,0.974367,0.180133,-0.045522,0.346971,0.488576,-0.0367677,-0.454643,0.0427393,-0.758863,0.557089,0.76119,1
0.74636,-0.38261,0.106537,-0.826725,0.0452904,0.723999,0.142169,-0.165858,0.522574,0.783924,0.653927,0.636421,0.599845,0.373328,-0.469884,-0.421132,0.060213,-0.262312,-0.870654,-0.388686,0.656465,0.511018,-0.0318166,-0.242758,-0.0964849,-0.923388,-0.0326686,-0.579495,0.179931,0.864603,0.102395,0.176921,0.506691,0.853779,1
-0.208948,-0.0201146,-0.579694,-0.166409,1.62328,-0.466701,-0.0931433,0.736894,-0.283383,-0.11496,-0.74696,0.229623,0.0202134,-0.188298,1.15424,0.11298,-0.340908,-0.0754417,0.715351,-0.190771,1.27929,0.594702,0.60718,-0.0775837,0.0539679,0.210288,0.259968,-0.144774,0.880266,-0.811079,0.437229,0.369037,0.574317,0.827559,1
-0.0969543,0.958882,0.0440466,-0.124563,-0.366359,0.390711,0.0795396,-0.703286,0.118497,0.583656,0.535384,-0.0836921,0.126394,0.480239,0.25435,-1.3963,0.1945,-0.648146,-0.20327,0.22172,-0.773649,-0.0430167,-0.841134,-0.48656,-0.962886,-0.122843,-0.48684,0.912925,0.269499,0.255634,0.268423,-0.18529,0.505818,0.777948,1
0.334229,0.474419,-0.840694,0.316146,0.258219,-0.42795,-0.547945,0.542944,0.32991,0.533792,-0.19469,-0.414061,-0.618495,0.952688,-0.160926,-0.330258,0.145108,0.0245139,-0.30897,0.458661,0.424998,-0.241366,0.23496,0.0224299,-0.0650322,0.108502,0.0119173,0.233886,0.190618,-0.0655835,-0.0961685,0.164914,0.526651,0.864625,1
-0.103672,0.0613658,0.127237,0.74482,0.372721,0.0578115,1.05056,-0.517529,-0.363136,-0.280571,0.479784,-0.0533441,0.0932142,-0.342678,-0.605647,0.506863,-0.15458,-0.339418,-0.931297,-0.349086,0.14015,-0.375206,-0.107958,0.0161419,0.270906,-0.0503213,-0.294601,0.382354,-0.56039,-0.830957,-0.00211075,-0.25484,0.514755,0.788457,1
0.802828,-0.995909,-0.662197,-0.589273,0.137149,0.258528,-0.692475,0.00988542,0.199291,-0.207134,-0.105168,-0.091211,-0.783915,0.453278,-0.13019,-0.0169939,0.159361,0.0476199,-0.300992,0.5825,-0.798332,-0.190055,-0.0310125,0.37996,0.274918,-0.249467,-0.218239,-0.30688,-0.136708,0.0905769,-0.221276,-0.442306,0.571599,0.825879,1
-0.975477,-0.879645,0.162789,-0.762201,0.878093,-0.212208,0.39549,-0.0588767,0.162605,0.150954,-0.0922278,0.93959,-0.0415671,0.134224,0.27559,0.0540529,-0.065794,-0.0280023,-0.858747,0.307489,0.432254,0.476971,0.38743,-0.622471,-0.35133,0.560379,0.470555,-0.0528536,0.236116,0.609322,0.440734,-0.396701,0.438181,0.84541,1
-0.725801,-0.292434,-0.711279,-0.842225,0.411702,0.468046,0.430095,0.440037,0.403995,-1.2399,0.336548,-1.01261,0.167334,0.556684,-1.25956,-0.398693,-0.687826,-0.0357409,-0.609527,-0.0467979,0.119768,0.606039,0.102498,0.543585,-0.0347631,0.487834,0.354873,0.330911,-0.935954,0.357376,0.218407,0.624446,0.571905,0.894553,1
-0.339259,-0.354742,0.63179,-0.361508,0.252558,-1.18765,-0.399769,0.544096,0.330867,0.657065,0.558694,0.181338,-0.10651,-0.274143,0.52398,0.404973,0.11574,0.303387,-0.00572048,0.524148,-0.221213,0.490935,-0.237465,0.729528,0.407667,0.099916,-0.303538,-0.456017,-0.198572,-0.126627,-0.201181,0.0745706,0.559186,0.837404,1
0.204171,-0.0753442,0.0530589,0.23315,-0.428644,0.975962,0.396085,0.839641,-1.43267,0.0647916,0.0209333,0.246794,1.06923,0.185493,0.419203,-0.446242,0.441622,0.874978,1.10095,-0.614091,0.0647489,-0.507497,0.63889,-0.448273,-0.0674279,0.372637,-0.259765,0.0866733,0.578394,0.173085,-0.202694,0.0174094,0.437375,0.947537,1
0.192254,0.75051,0.346402,-0.745856,0.297833,0.204422,-0.204359,0.0883501,-0.522316,-0.082602,-0.122017,-0.682492,-0.415808,-0.373555,0.00169224,0.920546,-0.0128936,0.129622,-0.31776,-0.760254,-1.39366,-0.572585,0.510163,0.108856,-0.414149,0.436903,-0.295438,1.015,-0.129619,-0.403709,-0.243285,0.158408,0.454737,0.787392,1
-1.33284,0.0579836,-0.181519,0.424269,0.155931,0.00253129,0.982526,-0.313647,0.444152,-0.339526,-0.067344,0.780734,0.841018,0.0166456,0.402323,0.236477,0.214573,0.154776,0.0170727,-0.914883,0.371637,0.409582,0.181033,0.318613,-0.15028,-0.453738,0.102972,0.105352,0.835704,0.612457,0.596519,-0.14341,0.537517,0.838351,1
-0.0819481,-0.0362088,-0.0387656,-0.139422,0.163914,0.213065,0.123631,-0.0615629,-0.415915,-0.082952,-0.259928,0.6315,0.101988,0.455956,1.01247,0.181015,-1.05753,0.347895,-0.170576,-0.259854,-1.03608,-0.125622,0.628729,-0.0677758,-0.285536,-0.376616,-0.0231295,0.336052,0.0205906,0.141455,0.420066,-0.708372,0.439854,0.932873,1
0.557055,-0.529325,0.31544,0.611813,0.183842,0.582088,-0.414051,-0.627203,0.113063,0.522734,-0.663445,0.509857,0.492935,0.0761775,-1.25608,0.224374,-0.0189422,-0.205665,0.4303,0.0216586,0.434663,-0.484682,-0.365559,-0.90647,0.301035,0.15865,0.333767,0.224058,0.0454613,-0.583907,0.491271,0.0766902,0.530115,0.814421,1
-1.23614,0.240751,-0.0376786,0.18889,0.198022,0.461444,0.0404644,0.289393,0.101425,0.566276,0.241656,-1.22232,0.14859,0.712352,0.658584,-0.467357,-0.455466,-0.586303,0.12551,-1.57481,0.499211,0.340314,0.000626884,1.541,-0.223874,0.40312,-0.303193,0.298199,0.168701,-0.280197,-0.885892,-0.0690297,0.57251,0.804178,1
0.622873,0.258374,-0.482725,-0.14826,-1.21466,-0.0794743,-0.678435,0.00401311,0.277495,0.709664,-0.515064,-0.0505854,0.259504,1.05131,-0.546761,0.094895,-0.21697,0.276884,-0.169095,0.0823621,-1.22768,-0.442161,-0.415711,0.215916,-0.00346754,-1.15119,-0.551353,-0.0488203,-0.279587,0.815334,-0.797458,-0.410414,0.556523,0.949539,1
0.435924,-0.308432,0.413241,-0.199096,-0.162022,0.631238,0.417836,-0.973477,0.78471,-0.519766,-0.866393,-1.13667,0.267335,0.433677,-0.150068,-0.0769838,-0.353061,0.443133,-0.190789,-0.647315,0.13367,0.436558,-0.112638,0.431692,0.453958,-0.549636,-0.0478362,-1.0013,-0.3957,0.149078,-0.0109606,0.928686,0.448357,0.835393,1
0.0479709,-0.0803699,0.569967,-0.324276,0.27701,0.196375,0.196921,-0.0192381,-0.196978,-0.738479,0.136459,0.279321,0.254184,0.0448683,-1.14785,-0.124257,0.42815,0.215552,0.649546,0.430637,-0.435882,0.346079,-0.0571628,-0.521116,-0.253017,1.0321,0.563141,0.304037,0.428429,-0.394302,-0.776977,-0.38482,0.553591,0.905937,1
0.502262,-0.0145771,-0.164286,1.27176,0.170815,0.0751165,0.269671,0.753743,0.114823,-0.173676,-0.336721,0.190057,0.0905545,0.00721801,-0.197145,1.19769,0.184334,-0.41251,-0.0293108,0.889077,-0.60826,-0.291059,-0.962601,-0.863296,0.62871,-0.109085,-0.122621,0.466482,0.287269,0.0363139,0.293459,-0.515419,0.464476,0.870341,1
-0.584625,-0.035968,-0.088493,0.0204076,0.337273,-0.0992516,0.310106,0.369191,0.0210574,-0.159929,-0.0938821,-0.110436,-1.32959,0.428839,0.155304,-0.611199,0.446614,0.664935,0.214649,0.185286,-0.354739,-0.161183,-0.119862,0.101983,0.058935,-1.38072,-0.303446,0.625933,-0.436654,0.55235,0.306592,0.0687257,0.578004,0.812433,1
0.724351,0.0177953,0.468955,0.605719,0.564271,-0.416157,-1.50123,-0.164187,0.136825,-0.0283207,0.951376,-0.552801,0.179116,-1.1267,0.240198,0.267162,-0.0585174,-0.312989,-0.14188,0.526225,0.800098,-0.0706045,0.293625,-0.160727,-0.035524,-0.276328,0.219606,0.383885,-0.249744,-0.210351,0.43013,0.122264,0.527171,0.81112,1
0.356074,0.0113311,-0.408909,1.03593,-0.653218,0.539053,-0.475737,-0.362709,-0.515693,-0.285175,0.766126,-0.482655,-0.166343,-0.522363,0.218169,-0.00817031,-0.762743,1.0443,0.253611,-0.0918067,-0.28496,-0.171827,-0.0424445,-0.253415,0.0993052,-0.0357416,-0.0454302,0.360384,-1.62349,0.105401,-0.0470303,-0.250413,0.520745,0.884427,1
-0.334155,-0.10296,-1.38723,0.286041,0.173917,0.503733,-0.254138,-0.309636,-1.12438,0.250122,-0.345606,0.206185,-0.00263798,-0.340289,-0.130307,0.0774796,-0.970453,0.275577,0.380685,0.612337,0.398388,-0.0933233,-0.0752104,-0.730291,-1.75454,0.409123,-0.151966,-0.991299,0.636641,-0.451914,0.816384,-0.257922,0.432854,0.873604,1
0.258423,0.293722,0.994278,-0.195588,-0.257224,-0.232265,0.0136228,-0.113146,-0.189692,-0.873499,0.869103,-0.216357,-0.506966,-0.0835869,0.0366116,-0.523262,0.134434,-0.535479,-0.221835,-0.00525906,0.372647,0.649892,0.820934,-0.240261,-0.406742,-1.08262,0.0844172,0.208652,-0.600042,-0.277025,-0.551686,0.225919,0.57131,0.932122,1
-0.301594,-0.00166123,0.337798,0.327075,-0.46587,0.481262,1.07082,-0.828466,-0.0492538,-0.404132,0.52427,0.128493,0.41116,0.104409,-0.198785,-0.98705,0.0215842,0.753915,-0.0063709,-1.13295,-0.519158,0.0605782,0.430219,-0.866091,0.640436,0.0967728,0.70645,-1.4279,-0.245804,0.937921,-0.895534,-0.156532,0.572952,0.763236,1
-0.174079,0.22599,1.18488,-0.103328,-0.995174,0.788862,0.80956,0.0293874,0.690114,0.236457,0.0105908,-0.625027,-0.0376004,0.153538,-0.436866,-0.600885,0.405148,-0.51858,0.126322,-0.0129267,0.240525,-1.04383,-0.347414,0.991806,0.458111,-0.559838,0.382885,0.292069,-0.408389,0.0984306,-0.572883,-0.0446921,0.530414,0.843159,1
-0.373545,0.0954451,0.351443,0.0394957,0.573591,-0.535665,0.496105,-0.0315199,-0.117184,0.260225,0.222629,-0.451444,0.214481,-0.022363,0.00761487,0.120242,-0.269702,0.00239284,-0.227737,-0.0902125,-0.0336636,-0.602343,0.0649328,-0.0766411,0.0514203,0.372988,0.44603,-0.183502,0.502401,0.249916,0.390118,-0.772841,0.511354,0.889071,1
0.272787,-0.210703,0.146656,-0.117472,0.878769,-0.38165,-0.36775,-0.655786,0.439221,0.955834,0.333979,-0.219218,0.352937,-0.762562,-0.270749,-0.343693,0.301806,-0.0548993,-0.0457728,-0.893606,-0.580729,0.611446,0.530093,-0.0365926,-0.122435,0.770955,0.110893,-0.192443,-0.483878,-0.530804,0.161127,-0.0878458,0.539156,0.928866,1
-0.104153,0.590261,-1.04336,-0.241102,-0.455619,0.344114,-0.384379,-0.436222,-0.0326915,0.0575788,-0.262267,0.696052,0.331262,0.0155623,-0.22225,-0.418109,-0.185808,0.760619,-0.723971,-0.146376,-0.28844,-0.870447,0.359545,-0.515602,-0.857602,-0.311988,-0.637074,-0.362024,-0.861039,-0.534033,-0.0551714,0.0690242,0.453406,0.946397,1
-0.0339675,-1.01884,0.194981,0.154189,-0.332926,0.207271,0.331647,-0.608274,0.157329,0.584616,0.222305,0.516834,0.0609379,-0.358945,-0.114463,-0.00442769,-0.269832,-0.227362,-0.096364,-0.120808,0.238231,-0.0551427,0.538552,0.250504,0.0173696,-0.139875,-0.0939465,-0.289766,0.705599,0.513889,0.381283,-0.272949,0.436465,0.831154,1
0.95,0.88,-0.0970372,-0.246778,0.0667897,0.43434,0.393203,0.361715,-0.369423,-0.210355,0.125594,-0.148634,-0.498595,-0.497326,-0.495935,0.28072,0.447608,0.408681,-0.332011,-0.425913,0.214212,-0.148698,-0.140022,0.0852566,0.130559,-0.399432,-0.113822,0.00927094,0.3427,0.180948,-0.117192,0.289695,0.48,0.2,0
-0.762936,0.093299,0.444007,-0.639508,-0.583037,0.239253,0.549057,-0.220197,-0.396576,0.0295126,-0.0474925,0.200443,-0.206975,-0.63978,0.541632,-0.0225456,0.0189751,-1.20112,0.449469,-0.0775579,-0.608712,0.540984,-0.589196,-0.0500503,0.0171775,-0.0843746,0.519165,0.319313,0.295523,-0.0196681,1.20748,0.540008,0.504587,0.872296,1
0.145832,0.198496,0.359718,-0.119786,0.636876,-0.321157,0.516931,-0.163561,-0.00932732,-0.470232,0.166131,0.269911,-0.0936837,0.0317092,-0.759756,-0.715123,0.761493,-0.686728,-0.0243858,1.30314,-1.07394,0.474947,-0.702394,-0.0980069,0.247035,0.613071,-0.0304564,-0.376103,0.291152,0.824068,-0.887518,-0.428459,0.444776,0.791106,1
0.129271,-0.440665,0.130383,-0.0343246,0.509666,-0.362308,0.206366,-0.105478,-0.493452,-0.314666,-0.647224,-1.06535,-0.417965,0.384985,0.346504,0.526392,0.254709,0.130794,0.396714,0.479304,0.865507,-0.559986,0.272528,0.391045,-0.45388,0.24219,-0.00328583,0.12813,-0.861033,0.964068,-0.266416,-0.715552,0.460298,0.869464,1
0.453769,0.196302,0.701894,-0.573932,0.830173,-0.0946465,-0.389055,-0.161883,0.229827,0.080982,0.596997,-0.220687,0.431049,1.09294,-0.712099,0.219921,0.105946,0.779998,-0.862546,-0.0186995,0.256615,-0.306498,0.210926,-0.0584145,0.407419,-0.194565,-0.776944,-0.385537,0.120834,1.4433,0.501875,0.147622,0.514727,0.852826,1
0.411904,0.0318003,-0.00535744,0.406389,-0.411857,0.341836,-0.568234,-0.241555,0.183865,0.112636,0.135284,-0.4812,0.23856,-0.547532,-0.287919,0.149925,-0.0931857,0.572693,0.0817077,0.285503,0.614529,0.472636,1.47473,0.96313,0.593931,0.367321,-0.48566,-0.649593,-1.22695,0.380331,-0.187968,-0.425706,0.501363,0.783207,1
0.187402,-0.119057,-0.147272,0.273719,0.16928,-0.0463929,0.541718,0.368782,1.01542,-0.113341,-0.25649,-0.272357,1.01383,0.459805,0.415432,0.126476,0.67043,-0.556073,0.656132,0.044839,-0.465302,0.329464,0.448679,0.41601,-0.363966,0.169581,0.580251,0.783193,-0.241417,-0.697445,-0.410029,0.154472,0.567108,0.924958,1
-1.25859,1.56021,-0.319919,-0.215547,-0.0659443,-0.137657,-0.114293,0.591229,-0.258313,0.0163292,0.104322,0.662425,-0.501506,0.71561,-0.304815,0.2254,0.372568,-0.443292,-0.569999,-0.143216,0.619952,0.378092,0.51605,0.442623,-0.0318739,-0.678291,0.602285,-0.198002,0.390843,0.703654,0.0663088,0.407144,0.562288,0.785331,1
0.373923,0.361184,0.240962,0.284246,0.346166,7.95,0.203702,0.157335,0.289857,0.113277,0.162122,0.290316,0.100327,0.110517,0.303898,0.144894,0.225651,0.335378,0.11393,0.312147,0.22589,0.116305,0.35369,0.149037,0.22021,0.344872,0.270527,0.134344,0.163807,0.143234,0.350363,0.118883,0.52,0.82,1
1.10933,0.189698,0.759787,-0.476868,-0.744271,-0.051145,0.372401,-0.271747,-0.567339,-0.0618536,0.206934,0.585874,0.161166,0.0431,0.663868,-0.0824081,0.157703,0.0438565,0.404892,0.903001,-0.278513,-0.105413,0.341343,-0.472405,-0.36536,-0.533283,-0.135653,-0.273098,0.60886,-0.0348967,0.683503,0.89578,0.52825,0.917037,1
-0.0959449,-0.667003,-0.726295,0.145174,0.0859453,-0.384627,0.155528,0.103855,0.543312,-1.05929,0.951672,0.376589,0.301703,0.519667,0.619465,-0.788022,0.667609,0.26372,-0.18759,0.0061178,-0.375987,0.355634,0.489379,0.0966363,0.171279,-0.168219,-1.12082,-0.358836,0.429846,0.733364,-0.141692,0.484079,0.432001,0.763251,1
-0.881908,-0.690421,0.324857,0.804843,-0.370523,0.868114,-0.546691,-0.241215,0.137261,0.819138,0.0742346,-0.0997945,-0.201031,-0.23739,-0.373766,0.198976,0.491658,0.775457,0.21845,-0.762464,0.153359,-0.220243,0.710562,0.398512,0.25426,-0.225319,0.671978,-0.567273,0.0799238,-0.131953,-0.87283,0.123987,0.488422,0.917837,1
-0.0327518,0.467732,-0.807942,-0.331158,0.746031,-0.167139,-0.608615,-0.462162,-0.249573,-0.674822,0.380644,0.856741,-0.494304,0.4154,0.683689,-0.22435,0.345339,-0.210757,-0.137497,-0.0722488,0.53114,0.0222851,0.525638,-0.134975,-0.777249,0.367193,0.822722,-0.291521,-0.643969,-0.192962,-0.235383,-0.00857596,0.5694,0.892078,1
0.329003,0.437299,-0.0291975,0.234758,-0.225732,0.560549,0.714943,0.863686,-0.0132141,0.0645447,0.344508,0.291948,0.62795,1.04675,0.454779,0.741937,-0.306477,-0.0369051,-0.705709,-0.0696426,-0.0589222,-0.96811,-0.203941,0.0136438,-0.187312,-0.806866,0.335443,0.432115,0.0629481,0.11246,-0.406764,0.403897,0.559544,0.898627,1
-0.279477,-0.423966,-0.0871461,0.612993,-0.793119,-0.240287,0.199141,-0.429206,0.843911,-0.827478,-0.106568,0.374206,0.237623,-0.335343,0.133203,0.126343,0.559366,0.404989,-0.777945,1.1051,-0.0993302,-0.3704,0.133407,-0.346978,0.147345,0.349989,0.143522,0.269731,-1.07408,0.128698,-1.07517,-0.320999,0.507282,0.911699,1
-0.498732,0.472147,-0.189876,-0.631458,0.586314,-0.0282342,0.3311,-0.713255,0.125027,-0.0896672,0.245718,-0.123387,-0.174677,0.262895,0.371116,-0.333475,0.787105,0.113644,-0.479883,0.127791,-0.862406,-1.45264,0.134428,0.32666,0.0637499,0.745079,0.990089,-0.315908,-0.386277,0.247732,0.0802661,-0.256299,0.504569,0.93929,1
-1.01672,0.391733,0.0130161,0.161312,0.154044,0.666098,0.735225,0.103801,-0.105738,0.444352,-0.502795,0.693439,0.148425,0.64004,0.682523,-0.400819,-0.471956,-0.0980784,0.0514785,-0.389915,0.31208,0.0808826,0.487039,0.266151,0.264228,1.06931,0.012784,0.682764,-0.314911,-0.438382,0.471913,-0.194907,0.51656,0.9096,1
1.03145,-0.0366157,0.103927,-0.0828942,0.146879,-0.374157,0.311869,-0.71314,0.361077,-0.10814,0.0542067,-0.533709,0.245257,0.158709,0.374895,0.208858,0.230782,0.520237,-0.0941996,1.22822,0.0982288,0.0856642,-0.139086,0.421673,-1.40913,-0.403737,0.343831,0.42464,0.193317,-0.116327,-0.430015,0.311184,0.538658,0.796297,1
0.225118,0.513895,0.249841,-0.0623911,-0.0660939,-0.219361,-0.143975,-0.1385,-0.379984,-0.320457,0.352829,-1.13595,0.153746,-0.100721,0.0547496,0.55371,-0.709335,-0.82645,0.698903,0.0126776,0.664808,0.197016,-0.226207,0.679432,0.444183,-0.145533,0.342197,-0.19862,0.487971,-0.0908913,0.60221,-0.164107,0.53237,0.793151,1
0.09352,0.8451,1.39133,-0.0099532,-1.23186,-0.380307,-0.650709,0.386082,-0.615826,0.657637,-0.2623,0.0732583,-0.752451,-0.0602513,-0.448851,-0.70312,0.27706,-0.156454,0.552723,-0.00298965,0.242764,-0.546479,1.31956,-1.19799,-0.319524,0.217572,0.376476,1.1476,-0.25617,-0.511419,-0.499071,-0.775105,0.549773,0.767413,1
0.217275,-0.32676,0.171731,0.613512,0.662085,0.17241,0.151115,0.609013,-0.327413,-0.0694063,-0.562985,0.224664,-0.343677,-0.422717,0.0315394,0.568888,-0.110818,-0.0529462,-0.801298,-0.474673,0.150724,0.291658,0.0504799,0.268349,0.107561,-0.0561573,-0.44973,-0.319532,0.463659,0.428617,-0.549911,-0.102001,0.45542,0.817816,1
-0.162977,0.186514,0.303889,0.238614,-0.617774,0.521327,-0.494935,0.342621,-0.262979,-0.783246,0.602677,0.446527,-0.0268226,-0.69797,-0.0389047,0.953572,-0.266202,-0.0425916,0.411855,0.0987103,0.14168,-0.0219165,-0.737699,0.714715,-0.0771986,-0.699939,0.140625,0.0816539,0.417254,-0.354114,0.394814,0.166388,0.57248,0.820475,1
0.838731,0.956806,-0.0378919,-0.0372804,-0.280303,-0.0908018,-0.362935,0.204955,-0.26429,-0.125145,0.538498,0.167429,-1.04312,-0.377987,-0.750958,-0.0657392,0.389245,-0.855722,0.127581,-0.196178,0.220714,0.529222,-0.0840379,0.755089,0.484978,-0.102259,-1.0389,0.153297,-0.111667,0.918597,-0.057701,-0.439073,0.420454,0.878098,1
0.694637,-0.0229928,0.0148914,-0.160673,-0.104241,0.360477,-0.960039,0.727768,-0.642747,-0.0854186,-0.245673,-0.0648862,-0.6151,-0.648301,-0.318708,-0.668418,0.210314,-0.475251,-0.121485,0.00801271,-0.203235,0.663261,-0.0626549,-0.419803,-0.3027,0.838678,-0.552579,-0.175789,0.127012,0.519032,-0.241755,-0.478212,0.497336,0.779929,1
-0.449417,0.0962468,-0.00553948,-0.0783827,-0.341675,0.121004,0.804352,0.17032,0.655858,-0.0404656,-0.613815,0.416063,-0.0538656,0.445467,0.388808,0.194315,0.0948831,0.264518,0.12509,0.313212,-0.404122,1.34188,0.454438,-0.161073,-0.0710719,-0.533659,-0.133254,0.701857,-0.941048,-0.141565,-0.446272,0.000830526,0.424093,0.80531,1
0.0391844,0.024235,0.759072,0.0324031,0.253402,0.267403,-0.2037,1.33645,-0.458172,-0.00280812,0.352204,-0.204542,-0.0434139,-0.0761847,0.482843,-0.200546,-0.682287,0.744599,0.736834,-0.0651973,0.114009,-0.175969,-0.814482,-0.0602631,-0.382146,0.710358,-0.0385998,-0.446829,-0.304394,0.120197,-0.0212586,-0.934349,0.496616,0.770874,1
-0.946079,-0.461924,1.08584,0.705969,0.0921234,-1.05481,-0.102124,0.217989,-0.370847,-0.64254,-0.78255,-0.0631253,-0.506159,-0.437702,0.314222,0.721097,0.261309,0.561889,0.304303,0.418786,-0.814423,0.561142,-0.272147,-0.960526,0.366434,-0.467188,-0.163929,-0.310494,0.432404,-0.199808,-0.172533,0.315978,0.552304,0.948251,1
-0.858212,-0.455551,0.201377,0.449766,0.0868735,-0.423119,0.0253614,0.155024,-0.0119917,-0.0960998,0.828421,-0.0861186,-0.283693,-0.476739,-0.1809,0.335316,0.455514,-0.271969,-0.202465,0.438692,0.0798491,0.64545,-0.509461,0.510337,0.549769,0.974664,1.04016,-0.400263,-0.264625,2.24212,-0.650639,-0.845703,0.451097,0.785822,1
0.39403,-0.72851,-0.0244173,-0.396587,-0.98891,-0.889882,0.230613,0.489496,0.208412,-0.119641,0.478089,-0.81732,0.130477,0.464,-0.140672,-0.562598,-0.254963,-0.137804,-0.362483,1.1168,1.19776,-0.649964,0.376722,-0.127291,-0.396994,-0.453634,-7.79935e-05,-0.199014,0.287049,0.465798,0.458787,-0.371949,0.538969,0.943879,1
-0.92556,0.371087,0.266698,-0.00606384,-0.43299,-0.0592458,0.590739,1.07033,-1.12021,0.191011,0.214623,-0.198764,-0.284912,0.246301,-0.178736,-0.116682,-0.296161,-0.496707,-0.598098,0.475161,-0.344038,0.496275,0.620991,-0.51132,0.395437,1.08261,-0.580501,0.204143,0.210982,-0.684344,0.105488,0.150268,0.461677,0.828375,1
-0.163688,-0.537768,0.605699,-0.898934,-1.09449,0.132499,0.0946242,-0.25836,0.743865,0.11361,0.115167,1.14339,0.0548792,0.273008,0.00440318,-0.0930509,0.0604315,-0.686303,-1.16252,0.361167,0.200214,-0.4042,-0.388819,-0.576927,-0.0361042,-0.0334299,-0.384938,-0.412716,-1.09815,0.0996491,0.14962,0.326524,0.459485,0.860931,1
0.477175,-0.29496,-0.319736,0.186407,0.782162,0.368312,-0.216584,-0.394547,0.0781427,0.137374,-0.349773,0.749611,0.370167,-0.401429,0.123661,0.295625,0.468882,-0.178466,-0.135689,-0.0617253,0.709406,-0.336621,0.95688,-0.0125554,0.75995,-0.0755702,0.856863,0.196343,0.845429,-0.57574,0.978099,-0.130288,0.500174,0.922507,1
0.299487,-0.204335,0.0136009,0.798452,0.638052,-0.666644,0.74998,0.213069,0.347107,0.156943,-0.336643,-0.0633092,0.363857,0.747451,0.312246,0.282645,-0.409566,0.553136,0.949006,-0.00648467,-0.16284,-0.215011,-0.191707,0.119988,-0.530062,-0.640767,0.935545,0.582643,-0.434109,-0.438935,-0.3307,0.397009,0.522523,0.91666,1
0.849547,0.566082,-0.0410716,0.749413,-0.946045,0.116408,-0.476189,-0.462933,0.587835,-0.379615,-0.0949385,-0.197986,-0.203314,-1.42965,-0.246033,0.154256,0.64173,0.254418,-1.04098,0.39123,-0.437157,0.115065,0.256474,0.355299,-0.542893,-0.0878925,0.840823,-0.400142,-0.963791,-0.346404,0.807145,0.571219,0.502981,0.779545,1
-0.680695,-0.426615,-0.151057,0.38706,0.0318599,-0.0861595,0.918706,0.156465,0.419438,0.510849,-0.0688306,0.48055,0.78036,0.330032,-0.422491,-0.115832,0.298756,-0.0164931,-0.707481,-0.162584,0.663106,-0.730915,-0.483417,-0.512141,0.675807,-0.312184,0.748126,-0.493391,-0.21435,-0.458927,0.131039,-0.0696894,0.547907,0.868539,1
0.0729924,0.154801,0.222441,-0.625652,0.0703126,-0.901024,-0.213386,0.416142,-0.250716,-0.109991,0.361166,-0.691906,-0.138698,-0.503517,0.850529,-0.185805,0.683387,-0.420003,0.396438,0.12199,-1.1542,0.154936,0.0348377,0.454359,-0.384155,-0.558742,-0.588045,0.165684,0.0249628,-0.488732,-0.27957,-0.716538,0.459779,0.920383,1
-0.967212,-0.418884,-0.113187,-0.0170475,0.153953,0.467796,0.856546,0.260881,0.33104,0.0309023,-0.310815,-0.560324,0.214022,0.370296,-0.382892,-0.0219007,-0.47789,0.0645636,-0.022794,0.418944,-0.348397,-0.00525786,-0.21741,0.14996,0.528451,-0.206628,-0.749264,-0.0798071,-0.540404,-0.387707,0.418982,-0.791551,0.541347,0.847211,1
0.85073,0.0739751,-0.782814,-0.414584,-0.777602,-0.0316314,-0.591707,-0.329473,0.663753,-0.548064,-0.783839,0.017189,0.309963,0.319867,-0.497939,-0.465912,-0.00321659,1.09327,-0.0973561,0.693589,-0.403173,0.437599,-0.177887,0.47517,0.170512,0.283377,0.0849623,0.0431892,0.86341,0.713063,0.100221,0.555553,0.487199,0.799404,1
-1.0245,0.983593,-0.276015,-0.163028,-0.236312,-0.046553,-0.316083,-0.927091,0.289876,-0.541341,-0.0814809,0.491536,-0.0561039,0.335581,-0.418185,0.723587,-0.491809,0.632503,-0.237269,0.524974,-0.0691439,1.13801,-0.0991413,-1.18506,-0.787539,-0.0161926,-0.126321,-0.13483,0.084758,0.44209,-0.477754,-0.0799242,0.447359,0.768644,1
0.374917,0.144849,-0.615947,-0.24674,0.0686497,-0.156673,-0.810557,-0.207839,0.0454073,-0.940251,-1.36471,0.207141,-0.416281,-0.958558,-0.131699,0.123924,0.412973,-0.430456,0.519674,0.0160073,0.686516,-0.469629,-0.077869,0.073558,0.445704,0.117408,-1.01917,0.425554,-0.73694,1.24861,-0.129555,0.164114,0.527871,0.767395,1
0.407732,-0.19392,-0.837431,-1.57735,0.150784,-0.947911,0.0859502,-0.0610937,-0.186757,0.647348,0.318643,-0.468839,0.164815,-0.745716,0.435173,0.392976,-0.757757,0.16338,0.875337,-0.688539,0.134437,-0.66527,0.166604,0.181627,0.174095,-0.238896,0.545459,0.101634,-0.835047,-0.432433,0.341115,-0.192071,0.577575,0.851105,1
-0.137725,-0.0625098,0.121733,0.848144,0.107919,-0.239536,-0.110229,0.198566,0.267789,-0.386192,-0.0148249,0.523634,-0.554983,-0.87997,0.866927,0.217025,0.217019,0.0617269,-0.108802,-0.439341,0.163099,0.265886,-0.585499,0.57229,0.139604,0.378221,0.0881738,0.0587759,0.211032,0.839565,-0.0966906,0.422798,0.463129,0.774274,1
-0.488293,0.203765,-0.137075,-0.0325753,-0.216912,-0.0102196,0.843461,0.170923,-0.482832,0.215981,-0.26042,-0.275575,0.119515,-0.467279,0.0404277,0.784914,-0.287162,0.223769,0.329862,0.661186,0.488657,0.480193,0.50643,-0.411373,-0.0855795,-0.350942,1.2269,0.699747,0.206615,-0.455642,0.00372613,0.0229353,0.537342,0.948691,1
-1.12027,0.330483,0.142514,-0.765494,0.0597273,0.258508,0.00297414,0.764852,-0.218847,0.0813315,0.429601,0.423,0.229421,0.103969,-0.537833,-0.0326202,0.53396,-0.251654,0.0935061,0.151262,0.440844,-0.174816,-0.612557,0.604627,-0.622155,-0.185117,-0.918827,-0.13419,0.511974,-0.156577,-0.570739,-0.11347,0.500758,0.906168,1
