f0,f1,f2,f3,f4,f5,f6,f7,f8,f9,f10,f11,f12,f13,f14,f15,f16,f17,f18,f19,f20,f21,f22,f23,f24,f25,f26,f27,f28,f29,f30,f31,uncertainty,recon_loss,kernel_drop
0.771679,0.027613,0.836066,-0.412175,-0.344222,-0.7602,0.519501,-0.0233414,0.176738,0.766741,0.218919,-0.219038,-0.0955629,0.772722,0.185806,0.443379,-0.174176,0.0821665,-0.566482,0.295095,0.448698,0.485711,0.589919,-0.567652,0.284739,-0.114886,-0.337221,0.62506,-0.231191,-0.346125,-0.0996365,-0.81883,0.424044,0.769304,1
-0.163899,-0.0737453,0.0431603,-0.471003,0.643953,0.150758,-0.415558,0.298325,-0.184037,0.981807,0.358005,-0.00648959,-0.422868,-0.0901168,0.280899,0.407554,0.238614,0.245407,-0.0708156,-0.870408,0.26108,-1.0714,-0.162815,-0.532202,0.918058,0.317383,-0.877026,0.0677022,0.134006,0.574176,-0.376109,-0.307487,0.434475,0.80888,1
-0.0993421,0.137258,0.0847375,0.115716,0.0151153,-0.380231,-0.595156,0.27684,0.77489,0.170253,0.126198,-0.50832,-0.135666,0.126406,-0.226216,-1.17208,-0.0269309,0.262114,-0.345447,-0.319173,0.233676,0.923063,-0.53141,0.436881,0.697451,0.707629,-0.407215,-0.333496,-0.340826,0.436016,-0.605492,-0.392563,0.528981,0.943405,1
0.291169,-0.686598,0.364927,0.277966,0.175078,0.0552053,-0.271413,-0.341121,-0.0501505,0.0165644,-0.0865074,0.29495,-0.778704,-0.477106,0.249583,-0.0374004,0.479396,-1.70121,0.377528,-0.1877,0.146864,0.699792,-0.450553,0.814182,0.0225769,0.351255,0.0620233,-0.484464,0.516457,1.03588,0.0801468,0.956471,0.504552,0.76119,1
0.345735,-0.534862,-0.0118414,0.434979,-0.40266,0.4645,0.183315,0.316525,-0.19518,-1.27377,0.375327,-0.211603,-0.111562,0.190904,-0.535688,-0.193665,-0.404477,-0.457687,0.734353,0.243573,0.341867,-0.904679,0.244559,-0.516203,-0.166511,-0.215288,0.650512,0.627102,-0.741088,0.326754,0.304107,-0.210119,0.445705,0.779683,1
0.571993,0.281231,-0.0458962,1.04225,0.466886,-0.976745,1.10611,-0.210849,0.669196,1.26234,0.504046,-0.950744,-0.12163,-0.560812,-0.808268,-0.121849,-0.739739,0.511255,-0.178205,-0.00931081,-0.306336,0.166483,0.130802,0.178228,-0.278308,0.0652951,-0.353088,1.32015,0.146653,0.045051,-0.2588,0.375619,0.491673,0.87893,1
-0.835812,0.114932,-0.637235,-0.103323,0.232484,-1.22618,-0.114463,0.38879,0.903352,-0.081286,-0.0644646,-0.580302,0.177401,0.284687,-0.0636285,0.380067,-0.175035,-0.210735,-0.15756,0.221015,-0.33518,0.321545,-0.296349,0.0811295,0.132366,0.714149,0.873339,-0.69923,-0.0494559,0.0427718,-0.395232,0.755901,0.440949,0.761504,1
-0.0482556,0.538956,-0.351911,-0.0200699,-0.104925,-0.264139,-0.27365,0.592215,-0.216801,-0.310121,1.13222,-0.106647,0.831631,0.476482,-0.506048,0.0445412,-0.410591,0.328221,-0.684345,0.40088,0.194805,-0.531366,-0.0200555,-0.342398,0.243596,-0.249941,1.15227,-0.41615,0.503971,-0.344686,0.0272826,0.108341,0.515418,0.919525,1
-0.227934,-0.272314,0.424193,-0.00352891,-0.289191,0.0829133,0.237341,-0.758355,-0.670529,0.281945,0.000844611,-0.281558,-0.681652,-0.466008,-0.670248,-0.750507,0.125049,0.378919,0.297641,0.294998,0.0912245,0.0643147,0.0128955,0.351867,-0.150248,0.588616,-0.621987,-0.102021,0.639699,-0.0183396,0.668598,0.0764652,0.450165,0.763792,1
-0.189114,-0.00415307,-0.493187,0.292683,0.272131,0.185914,0.204928,0.507555,0.438423,-0.506052,0.244569,0.440179,0.120553,0.575272,0.0231401,-0.02396,0.0519741,-0.828874,0.583764,-0.129154,-0.0108338,-0.0136554,0.464886,0.0702634,-0.0170576,-0.0218584,-0.384596,-0.321755,-0.126613,-0.0564161,-0.24204,-0.1643,0.550884,0.89908,1
-0.795335,0.316294,-0.21443,-0.124157,0.804856,0.970192,0.242433,1.01967,-1.07958,0.0877658,0.528972,-0.761618,0.193464,-0.137207,0.121383,0.349142,-0.256591,0.205748,-0.130222,0.0196224,0.481688,0.0104389,0.264166,-0.285027,-0.413164,0.692105,0.451048,-0.407815,0.109974,-0.877509,0.0779751,-0.0429267,0.475905,0.796302,1
-1.05434,-0.346411,0.123261,0.148397,0.323662,0.482337,-0.0757377,-0.151257,-0.682947,-0.127537,0.0306354,0.0642409,-1.2788,0.548966,-0.0553375,0.281247,0.24211,0.1133,-0.344603,0.368622,-0.182635,-0.0374653,-0.316821,-0.25983,0.0827505,-0.0705472,0.43207,0.0192538,-0.439983,0.0188179,0.21257,0.42734,0.470864,0.830822,1
-0.594296,-0.305993,-0.905342,-0.144929,-0.487814,-0.0670972,1.09266,-0.698939,0.0310364,-0.107754,-0.102045,0.0628131,-0.634033,0.439895,1.06081,-0.344864,0.0464628,-0.0718494,-0.580023,-0.218393,-0.574465,0.615323,-0.864031,-0.434848,-1.0479,0.971915,-0.0100461,0.333574,-0.449572,0.209191,-0.394435,0.107038,0.535623,0.908838,1
-0.853581,0.0968081,0.0446786,-0.766505,0.384925,0.477482,0.545008,-0.0845692,0.565496,0.333656,-0.325028,0.854347,0.395141,0.357909,-0.310047,0.0450079,-0.261277,0.223144,-0.812263,-0.590967,-0.540164,0.122952,0.242514,-0.0510574,0.0188922,0.466436,-0.546631,-0.204155,-0.149046,-0.41732,0.0505358,0.665567,0.432185,0.813107,1
0.600402,0.12059,0.296327,0.113427,-0.250477,0.0984768,0.0811474,-0.857109,-0.374917,0.683882,-0.0449689,-0.336863,0.167249,-0.0459694,-0.248944,0.22891,-0.703586,0.270742,0.114731,0.0109576,0.318671,0.0489144,-0.579429,1.28112,0.737306,-0.0424797,-0.874319,1.06915,-0.218016,0.0656449,0.419536,-0.734037,0.462476,0.939467,1
0.662157,-0.821559,-0.229233,-0.178947,0.4135,-0.115104,0.189639,-0.596655,0.823308,-0.288523,0.121365,-0.157063,0.0797568,0.127572,0.570307,0.0660275,0.476928,0.291746,-0.025558,0.138244,-0.0310971,-0.273116,-0.643606,0.0673543,0.428875,0.668058,0.274126,-0.267846,-0.126478,0.175264,0.122345,0.568622,0.46123,0.822876,1
0.134585,0.317165,0.29435,0.110365,0.364512,7.95,0.334398,0.114953,0.352977,0.243455,0.248832,0.200889,0.113123,0.351411,0.346685,0.263376,0.212818,0.278304,0.363194,0.278664,0.273224,0.370266,0.38294,0.143142,0.200199,0.284137,0.195771,0.183192,0.294626,0.327377,0.10395,0.319876,0.52,0.82,1
0.642447,-0.141346,-0.0481755,0.114565,0.52804,0.383197,-1.43893,-0.426906,0.629761,0.91729,-0.108128,-0.21622,0.274799,-0.378107,0.207217,0.19989,0.0985011,-0.44129,0.0509005,-0.209354,-0.500832,0.363809,-0.798094,-0.581402,-1.04338,-0.303611,-0.140221,0.481862,-0.126873,-0.648934,0.423196,-1.04159,0.424603,0.785425,1
0.127453,0.0675884,0.441561,0.0456289,-0.0422358,-0.0347019,0.697287,0.644798,-0.103722,0.228955,0.105496,0.110444,0.763651,-0.454007,0.732171,0.401672,-0.0966874,-0.202311,0.148276,0.443974,-0.566631,-0.473074,-0.124669,-0.190675,-0.354335,0.408454,0.0808825,0.97771,0.243012,0.744489,0.278876,0.453271,0.542562,0.8959,1
-0.63739,-0.130362,-0.201234,0.384103,-0.250409,0.0723796,-0.147627,0.531958,-0.838352,-0.312898,0.773233,-0.0115575,0.712027,0.268363,0.254543,-0.985504,0.533875,0.316571,-0.0340611,-0.0953481,0.946212,-0.332584,-0.381884,0.110683,0.375979,0.741056,-0.492942,1.0143,0.316501,0.306941,0.0354162,-0.835636,0.494068,0.903479,1
-0.697323,0.119099,0.0176087,-0.198199,-0.945443,0.259833,-0.171624,0.490589,-0.0223224,0.211022,-0.0717505,-0.0457763,0.31985,0.56124,0.365152,0.177979,-0.0775344,0.410691,-0.425116,-0.768029,-0.145319,-0.234733,-0.189792,0.144005,-0.146766,-0.13674,0.35419,0.674216,0.0899181,-0.0798102,0.19674,0.219619,0.537144,0.900399,1
-0.217489,0.272471,0.581574,0.27402,0.47952,-0.713409,-0.287295,-0.102479,0.505317,0.502297,-0.605362,0.408953,0.0953144,-0.828548,-0.0867647,0.43585,-0.0671493,0.189559,0.844134,0.201518,0.885037,-0.175446,-0.38993,-0.164684,0.216276,-0.815507,0.0699898,-0.0659139,-1.34357,-0.0773922,0.637897,0.911547,0.451753,0.85365,1
-0.539248,0.351542,0.0152212,-0.38634,-0.397738,0.203565,0.674259,-0.747868,0.164002,0.725926,0.326806,0.218086,0.454731,1.06127,-0.440454,-0.0681892,0.377231,-1.07487,0.244447,0.328237,0.389279,-0.15359,-0.409761,0.38573,0.117239,0.676413,-0.995031,0.445764,-0.749612,0.310987,-0.411871,-0.00149436,0.520226,0.917768,1
-0.425591,-0.0533547,0.949127,0.138547,0.23915,-0.157909,0.893177,0.0385248,0.293519,-0.303701,0.208976,0.178107,-0.234555,-0.34952,-0.216596,-0.191111,1.16786,-0.195856,0.584724,0.688927,-0.164458,0.0865943,0.712851,0.0150441,0.0566682,0.812529,-0.690705,0.360012,-0.940613,0.478485,0.0554996,0.80189,0.57496,0.875341,1
0.0637592,0.405069,1.09046,0.341977,-0.600338,0.247258,-0.0102328,0.109731,0.0195141,-0.505571,-0.0590378,-0.278012,0.48603,-0.851444,-0.0877839,0.0233651,-0.413214,0.494813,-0.0194114,-0.118242,-0.201297,-0.143385,0.332451,-0.0412635,0.0559103,0.36359,0.0403363,-0.0575136,-0.40901,-0.41907,0.210376,-1.14033,0.420527,0.803996,1
0.0656758,-0.427241,-0.289504,-0.400667,0.782035,0.503676,-0.1402,-0.871593,0.29552,0.0622126,-0.0741046,-0.408228,0.681826,0.443006,-0.585592,0.146638,-0.00475714,-0.538679,-0.250104,-0.719661,-0.161421,-0.074995,0.683732,-0.711847,-0.967466,0.497022,-0.725971,-0.149225,0.741241,0.319748,0.139115,0.508761,0.488289,0.844082,1
0.0908444,0.598942,-0.79739,-0.755342,-0.346215,-0.248556,0.184039,-0.285054,1.13115,-0.160327,0.162409,0.451837,-0.00288737,0.171765,-0.55138,-0.609713,0.30122,0.203101,-0.801028,0.285329,-0.0746004,-0.144978,-0.778844,-0.856813,-0.714639,0.158641,-0.702533,0.155178,-0.317974,-0.058964,-0.0839514,-0.231726,0.54417,0.77347,1
-0.137319,-0.567396,-0.397138,-0.0223577,-0.144604,0.532661,0.115773,0.517978,0.59517,-0.159392,0.668119,0.175966,-0.0774166,0.0937157,-0.519895,-0.853251,1.05273,0.12215,-0.0838419,-0.323954,-0.469148,-0.461408,-0.279306,0.382828,0.473753,-1.04719,0.447787,0.185379,0.23071,0.743829,0.506928,-0.0609394,0.538528,0.815313,1
0.0412155,0.816251,0.36387,0.289245,0.117625,-0.744924,0.80451,0.349349,0.602856,0.176545,-0.0722068,0.52492,0.508119,0.0248899,-0.0589771,0.590592,-0.390978,-0.433277,-0.0761395,-0.625783,-0.115485,-0.432198,0.12209,0.2954,0.0584053,0.27488,-0.610882,-0.586314,0.396384,0.648161,1.19377,0.612472,0.560211,0.864046,1
-0.0779737,-0.534528,0.0427721,1.67869,-0.216699,-0.0800761,0.095141,-0.176039,0.13071,0.263623,-0.0828573,0.248992,-0.247875,-0.652617,-0.959022,0.0785309,-0.802055,-0.275549,-0.44218,-0.00331028,-0.636181,0.0399298,0.710124,0.30581,-0.0578367,-0.580095,0.657607,0.268599,-0.376177,-0.159457,0.179145,-0.231827,0.425328,0.948482,1
0.95,0.88,-0.0075876,-0.0384132,-0.160646,0.149508,0.393009,0.015991,0.350697,0.0828644,-0.0884951,0.23202,0.442288,-0.00871742,-0.404078,-0.319414,0.0597131,-0.134315,0.0783649,-0.357613,0.145438,0.0263033,0.443672,-0.343434,-0.0229229,-0.366282,-0.0484813,-0.0555431,0.0898323,0.127538,0.291124,-0.413713,0.48,0.2,0
0.36871,0.646267,-0.586142,0.111009,-0.0785426,-0.0100753,-0.423751,1.01263,-0.124357,0.570791,0.944362,-0.868375,-0.131015,-0.159245,0.345973,0.346498,0.71792,0.572502,0.303655,0.363277,0.114431,0.12721,0.232767,-0.129933,-1.00071,-0.591812,0.564426,0.414213,0.741848,-1.11665,0.409091,-0.033136,0.563171,0.896357,1
-0.0300484,0.0894815,-1.11845,-0.329938,0.676559,-0.171585,0.495089,0.8137,-0.793677,0.542117,-0.0814655,-0.0271943,0.13921,-0.615023,0.891665,-0.217196,-0.219021,0.273344,0.00134047,-0.893057,-0.428711,-1.04061,-1.09285,-0.0354904,0.13145,0.051746,-0.044465,0.235161,-0.684692,0.393582,-0.647195,-0.709944,0.428103,0.815672,1
-0.159914,0.117744,0.0372171,-0.204244,-0.0102129,0.206873,-0.70638,-0.156209,0.244712,0.690207,-0.518305,-0.256259,-0.373502,-0.402752,0.124751,0.543115,-0.21829,-0.153037,-0.62206,0.0617739,0.249873,1.00895,0.343718,0.528352,0.504241,-0.346785,0.0997651,0.149533,-0.0592425,-0.114558,-0.774984,0.212212,0.500702,0.768462,1
-0.827579,-0.222624,-0.312828,-0.720906,0.128591,0.961109,-0.192096,0.679282,0.0650683,-0.289713,1.10541,0.11866,0.881176,0.506785,0.426059,0.0291108,-0.0289182,0.378858,0.0980297,-0.135239,0.577758,0.484061,0.079512,0.984634,-0.0985684,-0.68809,-0.34614,0.0510423,-0.0360227,-0.778056,0.123818,0.790192,0.513696,0.79051,1
0.420175,0.106876,1.02419,-0.755875,-0.0827576,-0.315094,-0.281331,0.378155,0.0234932,0.479721,0.3953,0.07001,-0.700935,-0.52807,-0.0596611,-0.298625,0.56049,0.533162,0.712972,0.473006,0.260872,-0.612695,-0.232557,0.300905,0.218743,0.60144,-0.384354,-0.267913,-0.411167,-0.734274,0.215508,-0.158291,0.434998,0.85229,1
0.431796,-0.158627,-0.223534,-0.0890665,-0.532227,-0.406854,-0.229636,-0.132244,0.147156,-0.207602,-0.576028,0.609092,-0.308691,0.710965,-0.503504,-0.483394,-0.0848141,-0.0707413,-0.243843,1.22163,-0.0131298,-0.384917,0.318027,-0.0496599,0.105388,0.121688,-0.275165,0.493843,-0.0817402,-0.348825,0.422486,0.488937,0.543845,0.859336,1
-0.0322377,0.706317,-0.268044,-1.15416,0.353049,-0.681102,0.995625,0.28271,1.21159,-1.08402,0.389218,-0.270722,-0.318768,0.410359,0.342342,-0.0129937,-0.606277,-0.394718,0.15193,0.904943,0.269787,0.0619341,0.279994,-0.711814,0.498629,0.0312587,-0.741356,-0.125557,0.022506,0.415953,0.36917,-0.374639,0.503602,0.850434,1
-0.206873,-0.284079,-0.221779,-0.198192,0.861406,0.0862335,0.639516,0.328913,0.566137,-0.136986,-0.216264,0.0792524,-0.166772,0.985792,0.527686,-0.129925,-0.316367,0.617692,0.0937596,0.531325,-0.79572,0.103889,0.688825,0.148491,-0.316615,-0.226137,0.23175,0.705705,-0.908132,-0.448657,0.218653,0.413849,0.442517,0.934043,1
-0.333002,0.202821,0.37943,1.04214,0.336581,-0.0871442,0.0652931,0.351999,0.502928,0.0175809,-0.116879,-0.153201,-0.237897,-0.388476,0.0843737,0.525089,-0.678782,1.07644,0.215392,0.132453,-0.463392,0.394831,1.37799,0.147197,0.266118,0.163611,0.08338,0.713494,0.30897,0.241761,-0.363243,-0.185476,0.456254,0.832905,1
0.658711,-0.72339,-0.0234775,-0.03106,0.359514,0.260087,-0.00982112,-0.798913,-0.0720106,0.268196,0.260383,-0.423386,1.19413,0.709657,-0.00445075,0.0676226,-0.209226,-0.261746,0.441189,0.739664,0.420692,0.024184,0.452266,0.598624,-1.07689,0.220373,0.0923251,0.268462,-1.12342,1.05233,-0.232271,-0.977811,0.528459,0.904147,1
0.619033,-0.201824,-0.00703851,0.892623,-0.310661,0.52947,0.373985,0.102771,-0.517478,-0.296669,1.04253,0.455372,-0.200059,-0.0936773,-0.153719,-0.0342749,-0.201879,-0.560454,-0.452922,-0.374192,0.545137,-0.647398,-0.862031,-0.425377,-0.0767532,0.229906,0.29687,-0.441497,0.0678414,0.96575,0.715165,-0.314726,0.493678,0.86195,1
-0.422968,-1.11773,-0.162736,0.695313,-0.412576,0.00871808,-0.388175,-0.561394,-0.370114,0.707206,-0.792036,-0.263075,-0.969715,0.131919,0.124414,-0.228782,0.247105,-0.0714595,-0.0196001,0.0455642,-0.566804,-1.02912,0.354634,-0.457305,-0.197286,0.217979,-0.499003,0.927419,0.822192,-0.197918,-0.47151,0.151749,0.530337,0.909877,1
0.0165944,0.0170312,-0.219437,0.429641,1.16556,0.225877,0.58282,0.367604,-0.409754,-0.208569,0.956171,-0.38782,0.980572,0.166828,-0.580935,-1.23679,-0.614772,-1.1928,0.372423,-0.771665,-0.789382,0.327273,0.292867,0.935513,-0.192698,0.0649036,0.0752254,0.200048,-0.328018,0.193513,-0.320333,0.380965,0.538581,0.800668,1
0.686914,-0.106997,0.403329,0.386515,-0.483352,1.01559,0.208039,-0.281344,-0.587805,0.738526,-0.0654167,-0.591434,0.133467,0.457007,0.0629399,0.856135,0.856012,1.10368,-0.142308,0.170283,0.137087,0.931879,1.57637,0.2743,0.010099,-0.292954,0.0153748,0.472614,0.722672,-0.561508,-0.426676,-0.56039,0.553452,0.933815,1
0.95,0.88,-0.195296,0.434645,0.409241,-0.12782,0.270631,0.190076,-0.0915273,0.113863,0.46645,0.304797,0.339972,-0.105047,-0.181294,-0.203186,0.11989,0.29114,0.249412,0.392842,0.161291,-0.165181,-0.307604,-0.169735,0.0167943,-0.0777706,-0.219488,0.483983,-0.12188,0.328888,0.0899392,0.367211,0.48,0.2,0
-0.604905,0.358695,-0.560182,0.111671,-0.35881,0.845718,0.187816,-0.118152,0.275155,-0.199562,0.937918,-0.468894,-0.9315,-0.0180813,0.197408,-0.235749,-0.0403673,0.792396,-0.618893,0.24807,0.418587,-0.518303,0.163923,-0.1912,0.472991,-0.880238,-0.199424,-0.180504,0.385551,-0.749718,0.134051,-0.432143,0.56962,0.909083,1
0.135221,-0.303512,0.838973,0.392841,-0.478726,-0.260602,0.222065,0.243991,-0.794045,-0.0984822,-0.19152,-0.424065,-0.058083,-0.191009,-0.510392,0.58444,-0.247962,1.02676,0.171034,0.361131,-0.0797063,-0.903801,-0.258946,-0.27527,0.351769,-0.424314,0.22077,-0.162315,-0.755772,0.860597,-0.207901,0.964699,0.468096,0.794536,1
0.207642,0.550047,-0.0235108,-0.139541,0.669352,-0.516967,0.0185122,-0.572196,0.479664,-0.725071,-0.251268,0.118115,0.0793386,-0.265374,0.410882,-0.231284,-0.0171225,0.315138,-0.117884,0.827214,0.571503,-0.832925,-0.527551,0.361177,0.478358,0.646437,0.314587,0.485416,-0.859782,-0.0884015,-0.298698,0.766852,0.537532,0.885031,1
0.498594,0.126777,0.163637,-0.77242,-0.161764,0.0479293,-0.582446,0.490198,0.553679,0.747977,-0.878063,0.218177,0.732596,-0.318168,-0.665138,0.0629207,-1.19643,0.129281,0.0772125,-0.117227,-0.779059,-0.456461,0.0350176,-0.0164152,0.174973,-0.170159,0.0533867,0.653051,-0.276987,-0.0749729,-0.447185,-0.325345,0.544476,0.924792,1
-1.2335,0.409728,-0.831886,0.900234,0.481023,0.411906,-0.982751,-0.346212,-1.04649,0.116549,0.931858,1.02969,0.374243,0.58451,-0.360967,0.778873,0.471182,-0.370049,0.359172,0.75614,-0.507154,-0.0706368,-0.4375,-0.171877,0.642262,0.218578,0.131961,0.493591,-0.0701752,0.726789,-0.172408,0.0540553,0.555098,0.887224,1
-0.118249,-0.290402,-0.857458,0.607848,-0.728718,0.176795,-0.236629,-0.832961,0.557117,-0.422024,0.407149,0.796706,-0.194077,-0.678161,-0.405065,0.559235,0.0805577,-0.074319,-0.968173,-0.565501,-0.189313,-0.799779,0.372259,0.184132,-0.168894,-0.066259,0.685571,0.321042,-0.674887,-1.22108,0.0340299,0.257826,0.557626,0.880074,1
-0.254357,-0.578635,-0.384346,0.352171,0.51883,-0.0029885,-0.539642,0.00113831,-0.702475,0.262429,-0.57741,-0.754022,0.388165,0.464489,-0.154429,-0.699308,-0.777916,0.0562243,-0.866015,0.273777,-0.143748,0.493981,0.388377,0.524729,0.199174,0.129677,-0.149518,-0.305419,-0.534286,0.278095,0.406373,0.102249,0.479105,0.818316,1
0.31141,-0.370779,0.612503,1.07417,0.329933,-0.369412,0.850722,0.430769,-0.256106,0.373437,0.167011,0.585569,-0.973459,-0.315891,0.699902,-0.140104,0.427855,0.0886842,-0.246538,-0.928446,-0.265854,0.108104,0.302201,-0.0845186,-0.0932064,-0.884055,0.215458,-0.0758054,-0.510801,0.729152,0.15713,1.15511,0.571597,0.85985,1
0.310099,0.307224,0.947897,-0.837585,0.229393,1.07548,-0.38587,-0.189506,-0.378839,-0.109744,-0.0752716,-0.39684,0.140538,0.108573,-0.139597,-0.495263,0.722073,0.261969,-0.318799,0.186623,-1.09705,-0.0853279,-0.23138,0.898351,0.0994484,0.866904,0.0353021,0.335022,-0.643923,-0.325689,0.469261,0.00224211,0.465636,0.911083,1
-0.295983,0.346296,-0.128428,0.312895,0.621553,0.372201,-0.243305,-0.0240417,0.224035,-0.00627958,0.00528884,0.866755,-0.410242,-0.187072,-0.469997,-1.31039,-0.238231,0.0433005,-0.131228,0.322165,-0.407429,0.536494,-0.901576,0.350949,0.307409,-0.528116,-0.187877,-0.120284,0.306242,-0.0322732,-0.41459,-0.230015,0.479091,0.913753,1
0.0804061,-0.0425298,0.338913,0.372027,0.0217499,0.162095,-0.305235,-0.0126472,-0.311217,1.57306,-0.515722,-1.40084,0.223023,-0.238927,-0.013302,0.268772,0.450435,-0.245384,-0.228709,0.0287818,0.127987,-0.0680962,0.727165,0.895618,0.0739206,-0.373622,-0.564653,-0.341064,-0.953518,0.853363,0.689654,0.358485,0.554994,0.822142,1
0.484426,-0.60439,-0.169043,0.659486,-0.085191,0.444709,0.167264,-0.219663,-0.949256,-0.296611,0.376006,-0.0577871,-0.300242,0.16565,-0.103779,0.071715,0.108994,0.63346,-0.195476,-0.163478,-0.328518,-0.225939,0.514565,0.676728,0.524475,-0.17766,0.443135,-0.783658,-0.00951334,-0.320383,0.451456,0.1805,0.486588,0.897676,1
0.591567,-0.553801,0.0866465,0.468883,0.800596,0.558455,-0.193768,0.137325,0.270196,-0.154215,0.125546,0.539752,-0.368771,0.903351,-0.243549,-0.141754,-0.464646,-0.521068,-1.02462,0.691366,0.692232,0.797579,-0.00960252,-0.357213,0.595443,-0.154018,-0.0674516,-0.142431,0.282088,-0.944875,-0.154143,-0.657432,0.569047,0.937936,1
0.818745,-0.0166874,0.0840008,-0.544368,-0.352055,-0.200911,0.268175,0.272403,0.394164,-0.562669,-0.382449,-0.0573442,-0.248477,-0.383648,0.305441,-0.835915,0.257503,0.157288,-0.119621,0.287169,0.196718,-0.0745166,-1.28436,-0.0605456,0.306756,0.300277,0.390562,-0.365514,0.466774,-0.350072,0.376167,-0.0772818,0.429454,0.881408,1
0.772618,-0.20938,-0.515156,-0.516853,0.352593,0.44441,0.185917,-0.480627,0.44853,-0.0645202,0.039228,-0.252662,0.130247,-0.373542,-0.351736,0.157263,-0.549333,-0.093295,-0.28129,0.116587,-0.740891,-0.370659,0.621212,0.318913,-0.101991,0.155077,0.323619,-0.25542,-0.572559,-0.153773,-0.520916,0.296394,0.426961,0.930428,1
-0.00768291,-0.450517,-0.833862,-0.48326,-0.0604972,-0.174587,-0.493584,0.000476094,-0.126854,0.543844,-0.0651406,-0.783621,-0.0512803,0.543458,-0.386069,-0.560825,-0.851217,0.682845,-0.00869026,0.710459,0.0608743,-0.0459994,0.0663823,-0.848666,-0.239514,-0.716294,0.683081,-0.111187,0.340396,-0.0675599,0.524589,0.388848,0.483265,0.806299,1
-0.0732491,-0.939619,0.158912,0.741629,0.126395,-0.363231,0.440031,0.244338,0.429095,1.24576,0.386976,0.245939,0.114095,0.191484,0.523275,0.168368,-0.420308,-0.0023748,0.170453,0.241085,0.529422,0.775293,0.328454,1.25486,-0.0286694,-1.29415,0.383907,0.165624,0.253211,-0.279915,-0.297544,-0.237893,0.514122,0.911742,1
-0.17649,0.594643,0.103568,0.168123,-0.181072,0.869283,0.428513,0.44502,-0.0306014,0.0983222,0.314433,-0.393784,0.380506,0.248918,-0.359313,0.447172,-0.486066,-0.176989,-0.120247,0.539486,-0.132802,-0.269954,0.174272,-0.768395,-0.434692,-0.115896,0.558866,-0.0114253,-0.288027,0.246249,0.457551,0.475781,0.577181,0.875273,1
0.76173,0.39629,1.08565,0.311597,0.0686651,-0.768842,0.225651,-0.454127,-0.193197,-0.576965,0.143659,-0.567151,0.838782,-0.11198,0.552084,0.0884877,0.456824,0.345003,-0.384164,-0.594095,0.12589,-0.197523,-0.482995,-0.0967541,0.42293,-0.0234734,-0.366929,0.302754,-0.259116,0.972419,-0.298655,-0.113789,0.527363,0.765733,1
0.657813,-0.607265,-0.260401,0.104926,-0.748152,-0.618581,-0.59297,0.212164,0.421477,0.742144,0.168989,-0.147489,0.00576851,-0.566427,-0.461091,0.72639,-0.668947,-0.394257,-0.103881,-0.335986,0.443111,0.797116,0.611376,-0.909035,0.16695,-0.410855,0.659288,-0.0722261,0.0450483,-0.439223,0.115721,0.496274,0.531585,0.887384,1
0.161665,-0.193728,-0.508796,0.504986,-0.219731,-0.896068,0.604092,-0.0827187,0.494811,-0.0899733,0.140001,0.0722137,-0.666041,0.0802072,-0.0628686,0.327033,-0.500748,-0.923825,-0.11178,0.796791,-0.0090253,-0.0849754,0.235627,0.521798,-0.205031,-0.518368,0.373604,-0.859069,-0.363173,-0.182127,-0.0529884,0.0957226,0.573611,0.866857,1
0.588788,-0.154038,-0.118185,-0.840198,-0.308557,0.0513716,-0.80527,0.480243,-0.399805,-0.864723,-0.611468,-0.28505,-0.044135,0.16674,-0.237118,0.572296,-0.759366,-0.147543,0.117015,-0.441052,-0.542464,0.0353471,-0.541847,-0.281899,0.340141,0.259191,0.858479,-0.487659,0.654758,-0.0317067,-0.0511157,-0.956148,0.446525,0.859061,1
0.352383,-0.757274,-0.562987,0.129137,-0.188678,-0.831001,-0.0022127,-0.470967,0.0374812,0.0170805,0.106043,-0.710349,1.00327,0.68988,0.547296,0.0141198,0.723035,-0.233938,-1.16366,-0.969179,-0.271749,0.523263,-0.385971,0.834254,0.575869,0.282313,-0.636019,-0.590957,-0.583631,0.0960261,-0.123156,0.654497,0.501823,0.804788,1
0.709863,0.614133,-0.248526,0.0787747,-0.264402,1.04993,-0.0604263,0.0836009,0.0894345,0.434958,-0.731978,-0.505723,-1.08259,-0.171252,0.205458,-0.417567,-0.0775226,0.238589,0.196552,-0.56939,0.667649,0.888748,-0.41716,-0.00632351,0.125159,-0.125012,0.430377,-1.08888,0.800768,0.269705,0.519976,0.39531,0.510224,0.870631,1
0.0164753,-0.0438933,0.202886,0.356236,0.0237145,-0.764822,-0.188708,-0.28481,0.353181,-0.191674,-0.465052,-0.217363,-0.896681,0.0783091,-0.10152,0.120704,-0.508182,0.206191,0.109673,0.497747,-0.743308,0.763454,-0.771976,0.183874,-0.264678,-0.00480799,-0.831152,-0.147499,-0.0967468,0.435561,0.205289,-0.342227,0.557769,0.930841,1
0.500852,-0.00113476,-0.490487,0.639476,0.429802,-0.2148,-0.129894,0.58407,-0.368574,0.249484,0.102809,-0.384357,-0.0640184,-0.0792968,0.478161,-0.0290771,-0.211135,-0.273687,-0.420675,-0.0945579,-0.855304,-0.201071,-0.925019,0.194075,-0.82896,0.154092,-0.267845,-0.0181399,-0.602035,-0.138086,-0.399375,0.167863,0.500722,0.886217,1
0.27445,-0.449406,-0.915818,0.88581,0.17313,-0.550464,1.08926,0.189534,-0.715238,0.237521,-0.763591,0.230666,-0.524016,0.0713095,0.427881,0.487877,-0.134456,-0.237539,-0.258102,-0.0647627,0.230453,-0.20942,-0.281267,0.888921,1.04031,-0.570028,-0.348182,0.297233,0.0158818,-0.419789,0.333096,-0.201892,0.557946,0.846159,1
-0.502354,0.326906,-0.478442,0.0634156,0.618756,-0.357021,0.33341,0.0220631,0.0382448,0.240422,0.074147,0.334354,0.318595,0.0846953,-0.632406,-0.183909,-0.22727,-0.748879,-0.368764,-0.389503,0.178917,0.0880845,0.215997,-0.63589,0.280274,-0.699745,-0.806065,-0.66268,-1.00331,0.589883,0.494882,0.516651,0.461665,0.776335,1
-0.0417803,0.586484,0.477592,-0.149644,-0.176848,0.0372181,-0.886519,-1.24947,-0.314158,-0.410787,-0.246937,0.23842,-0.286995,1.16985,0.223713,0.551376,-1.20314,-0.119107,-0.463918,0.396998,0.0762127,0.0606642,-0.0193312,0.051435,0.0134623,0.330774,-0.162919,-0.16211,0.0442531,-0.391733,-0.698195,0.54969,0.51111,0.84467,1
0.669335,0.175826,-0.0599849,0.338286,0.173201,0.216188,-0.50551,-0.560475,-0.410157,-0.526127,-0.23585,-0.659003,-1.48094,0.194019,0.16489,-0.116187,0.445026,0.322752,-0.480105,-0.013264,0.327525,-0.353189,0.587902,0.138676,-1.02118,-0.153161,-0.366252,0.325945,0.035918,-0.616173,0.471869,0.0939858,0.558931,0.814213,1
-0.0879007,-0.189343,0.364604,0.171343,-0.378419,0.16009,-0.0243266,0.0159003,0.395673,0.122543,0.27346,0.0395791,-0.330562,0.365807,-0.00706677,0.582302,-1.31364,-0.0565677,-0.0101525,-0.31701,0.425948,0.43439,0.895981,0.258621,-0.0482494,-0.692338,0.0892228,-0.0984739,-0.792986,-0.0721885,-0.47298,-0.0822647,0.56851,0.931405,1
-0.296235,-0.323458,-0.0635248,-0.0924094,-0.122685,0.311957,-0.817188,1.04173,0.654731,0.828009,-0.529055,1.00518,-0.737614,-0.0251372,0.347555,0.393911,0.606258,-0.429087,0.428859,0.0317288,0.397109,0.285478,0.619311,-0.0659162,0.29304,-0.64865,0.628454,-0.615139,-0.486661,-0.142614,-0.240683,0.301336,0.555036,0.888589,1
-0.364626,-0.811148,-0.57333,0.109543,0.632179,0.402572,0.262778,0.577002,0.944843,-0.609303,-0.602295,-0.389918,0.657223,-0.729401,-0.179219,-0.140378,-0.639222,-0.851392,-0.572681,-0.222954,0.738472,-0.103735,-0.468422,0.110766,0.295075,0.022389,-0.656042,-0.0775392,-0.37173,0.452799,0.188735,0.248226,0.521262,0.884135,1
-0.0739537,0.114508,-0.441774,0.658282,1.26792,-0.367365,-0.537808,0.296673,0.715798,0.0695786,-0.125915,0.222951,-0.187719,0.604148,0.0707356,0.0679236,-0.04234,0.467305,-0.771182,-0.150447,-0.444236,0.614006,1.18022,-0.152557,1.05138,0.941861,-0.798489,-0.162622,0.346468,-0.688967,-1.089,-0.0949599,0.535435,0.878154,1
-0.284541,-1.24296,0.0606004,0.188354,0.909866,-0.398146,0.803232,0.755153,-0.329048,-0.342922,-0.774999,-0.166129,-0.357183,-0.821687,-0.198051,-0.132877,-0.69764,0.423536,0.222034,0.34243,-0.358039,0.213928,0.0759827,-0.565769,-0.390664,0.139089,0.251927,0.0316614,0.75407,0.954273,-0.785447,-0.585698,0.541857,0.808283,1
0.0483107,0.316126,-0.132286,-0.211422,0.544208,-0.0617177,0.135071,-0.236112,0.280483,0.222795,0.1235,-0.367687,-1.40002,0.361973,-0.904021,-0.339916,-0.0777223,-0.270744,-0.0386803,-0.188516,-0.036672,0.568137,-0.208657,-0.828472,-0.774282,0.804174,0.889899,-0.242159,0.695609,-0.490593,-0.637983,-0.150043,0.567322,0.793034,1
-0.0502548,-0.369599,-0.546552,-0.110941,-0.317938,-0.730053,0.0444145,0.24214,-0.0180289,-0.367056,0.71908,-0.715377,-0.296163,1.06625,-0.662576,0.0858189,0.351413,0.148588,0.359729,-0.339667,-0.113204,-0.208838,0.28359,-0.633648,-0.726694,-0.0934674,0.74193,-0.0537282,-0.131913,-0.410931,-1.04428,-0.693098,0.506739,0.811329,1
0.588713,0.166081,-0.585524,-0.438225,0.0516369,0.4593,-0.385726,-0.39715,-0.359353,-0.391357,0.654053,0.913623,1.04417,0.775078,-0.791532,0.691482,0.0110907,0.109626,-0.0702381,-0.0651521,-0.477479,-0.202062,-0.184758,0.802065,-0.220966,0.154136,-0.514951,-0.0440353,0.295215,-0.0208355,0.111172,-0.232661,0.573557,0.824516,1
-0.450583,-1.05578,0.306079,-0.330769,0.567127,0.770025,0.0988884,-0.638216,0.291161,0.662592,-0.494421,-0.750984,0.435501,-0.467612,-0.237295,0.654259,0.171959,1.13053,0.758097,-0.611496,-0.31074,-0.252285,-0.178207,0.519361,-0.0497684,1.44495,-0.205277,-0.0878969,-0.71243,0.370519,-1.21826,0.122604,0.569525,0.842576,1
-0.0821833,-0.297658,-0.667591,0.281179,0.0610014,0.312913,0.100964,-0.296845,-0.286328,-0.384165,1.21728,0.103344,0.863053,-0.119248,0.736727,0.018438,-0.333243,0.165002,-0.130792,0.583712,0.116947,0.212695,-0.494185,0.635265,-0.51215,-0.415448,0.231397,-0.146453,-0.527759,0.260973,-0.12451,0.105577,0.423337,0.800479,1
0.75229,0.141666,0.96257,-0.228535,-0.723206,-0.630606,-0.894282,-1.12025,-0.120963,-0.360462,-0.52056,0.0492964,0.422843,0.257649,-0.906675,-0.357602,-0.0789189,-0.169401,-0.260924,-0.57936,0.0902926,-0.00779894,-0.430196,0.0424013,-0.0571217,0.273208,0.374723,-0.466934,0.11453,-0.504095,0.216786,-0.305813,0.480912,0.905841,1
0.190813,0.463331,0.116468,-0.428202,0.00136972,-0.0666036,-0.398831,0.623783,-0.348093,-0.299708,-0.345827,0.485149,0.60936,-0.658131,0.623181,-0.369284,-0.857634,-0.272335,0.597479,0.27292,0.857562,-0.147172,-0.790012,0.244787,0.52736,-0.648344,0.0586068,-0.0707665,0.335207,0.116881,-0.677089,0.129039,0.508578,0.803228,1
-0.490365,-0.302416,0.491273,-0.0679577,-0.581281,-0.490622,0.630745,-0.371542,0.838048,-0.276527,0.388833,0.590397,-0.164639,-0.15947,-0.467498,-0.816069,-0.533645,0.00016435,0.0885165,0.0423473,-0.173525,-0.112106,-0.00433138,-0.673719,-0.66561,0.391379,0.29666,0.321578,-0.565866,0.107129,-0.398504,0.13269,0.433546,0.762055,1
0.489174,-0.138827,-0.144652,-0.452326,-0.578949,-0.290441,0.768351,0.758584,0.278756,0.118184,-0.0257556,0.482185,0.393778,0.551228,-1.01688,-1.03998,0.181927,0.265846,0.119441,-0.146388,-0.073834,0.235494,0.204878,0.830739,0.824986,0.446811,-0.759937,0.542497,-0.85173,-0.141237,-0.241869,-0.155024,0.565106,0.831538,1
0.202895,0.364362,-0.103016,-0.379738,0.111727,0.655278,0.104178,0.0384582,-0.259237,-0.419368,-0.134554,0.521421,-0.925225,-0.126302,0.682851,-0.400058,0.189018,0.355863,-0.628311,0.755214,0.231044,-0.157705,0.375491,0.497047,-0.0222707,-0.221367,1.60095,0.133722,0.183494,-0.357499,0.684838,0.110855,0.555845,0.890609,1
0.086131,0.813217,0.370165,-0.679666,0.827947,0.201914,-1.12554,0.40527,-0.251435,-0.0409472,0.331967,0.462778,-0.339811,0.804238,0.851749,0.0880027,0.59375,0.023822,0.820789,-1.03759,0.240821,-0.822238,-0.0435385,0.292139,-0.224835,-0.70671,0.315925,-0.211129,0.199931,-0.249289,-0.0053516,-0.231388,0.503031,0.892309,1
-0.0888205,-0.868363,0.131562,0.465922,0.218237,0.345814,0.496001,0.249747,-0.861816,0.797153,0.682191,0.389616,-0.375836,-0.0781757,-0.959453,-0.15985,0.43742,-0.359166,-0.57164,0.197114,0.602525,0.579853,0.890976,-0.409772,-0.614007,0.399436,-1.0879,-0.266026,0.222798,-0.214618,0.424728,0.073723,0.565982,0.883245,1
-0.454613,0.478043,-0.304513,-0.179107,0.336122,-0.156112,-0.471343,0.667863,0.319169,0.138481,0.150751,0.982652,-1.34069,0.902917,0.188298,0.469668,0.119721,0.20799,-0.139163,-0.0753995,0.317514,0.427646,0.312674,-0.981193,0.216227,-0.101949,0.168284,-0.335956,0.196797,0.36552,0.0806799,-0.101496,0.566375,0.772095,1
0.289961,0.210138,-0.0959558,0.232297,0.0779414,-0.198672,0.673868,-0.0709501,0.430062,0.228906,-0.921512,-0.669064,0.352052,0.772978,-0.72827,0.385843,-0.35148,-0.652077,-0.571293,0.318495,0.688398,-0.417385,0.324032,-0.216714,0.303053,-0.278816,-0.642396,0.165665,0.1281,-0.50562,-0.518363,0.0236731,0.489274,0.761082,1
0.0176882,-0.359758,-0.341281,0.350547,0.285496,0.205675,-0.976202,0.223843,-0.318159,-0.581552,-0.58604,0.550146,-0.114061,0.421038,-0.814671,-0.395392,0.0669479,0.139929,0.413776,0.0141258,0.0909296,0.0017156,0.0860881,0.305954,-0.452625,0.00876448,-0.125394,-0.0914535,0.237721,-0.181006,0.255617,0.593964,0.576503,0.781048,1
0.03224,0.283637,-0.589117,0.947314,0.00725381,0.179261,0.548646,-0.00312224,0.655513,0.878004,-0.113674,1.02986,-0.318063,-0.599478,0.836958,0.560113,0.551255,0.181561,0.66653,0.562521,0.478067,0.081388,-0.605248,0.391539,-0.490065,-0.611612,0.367191,0.782642,0.443779,-0.468133,0.527819,-0.470564,0.527633,0.790737,1
-0.439748,-0.722046,0.512532,0.769548,0.537017,0.918892,0.4929,0.0245836,0.128266,-0.401942,-0.421771,-0.315212,0.290185,1.32397,0.298133,0.0157087,0.435317,0.0418649,0.418433,0.743345,0.456038,-0.196708,-0.0394719,-0.0767526,0.797573,-0.566492,0.975291,0.677675,0.595711,-0.0077388,0.367057,-0.197049,0.437748,0.787781,1
-0.25468,-1.00642,-0.352128,0.443069,-0.169479,-0.0415431,0.395194,0.481585,-0.422081,-0.595488,-0.330596,0.201281,-0.661774,0.0996592,0.243799,-0.415744,0.14339,-0.982526,-0.0777717,-0.634534,0.512479,-0.447838,0.5597,0.37103,0.353454,-0.175665,-0.480813,0.112096,-0.372081,0.862916,-0.773439,-0.0430296,0.539687,0.805195,1
0.243164,-0.460158,0.186233,0.263889,0.0424596,-0.0585985,0.139953,-0.580862,0.247781,0.63605,-1.23783,-0.427783,-0.225124,0.618067,-0.458228,0.419621,-0.412569,-0.904959,0.0228824,0.0765903,0.167131,0.0163764,-0.80056,0.245103,-0.193076,0.51615,-0.259389,-0.297123,-0.158543,0.816723,0.196786,0.546974,0.579437,0.924408,1
-0.405052,0.652216,-0.231225,-0.463134,0.392972,0.783134,0.560272,0.662175,-0.0890627,-0.385936,-0.197813,-0.206972,0.590448,0.666392,0.50813,0.298401,-0.490287,-0.640727,-0.0570614,0.341861,-0.522971,0.636186,0.0547371,-0.159997,-0.452355,-0.0298474,-1.06509,0.717152,-0.6376,-0.138671,-0.573352,0.281659,0.535081,0.825234,1
-0.632875,-0.0917639,-0.106346,0.674301,0.346012,-0.736245,0.465706,-0.264412,-0.179603,-0.589111,0.354147,-0.607849,-0.348377,-0.0430121,0.201903,-0.393304,0.443105,-0.0830689,0.230551,-1.01795,-0.325104,-0.606774,0.387658,0.189364,0.0979308,-0.332556,0.45668,0.0592283,-0.0404511,1.11044,0.42537,-0.683281,0.564613,0.859657,1
0.0871389,-0.635006,0.684375,0.0444131,0.0446026,-0.285321,-0.495702,0.251327,-0.420688,-0.34747,0.716344,0.136755,0.580837,0.242239,1.22905,0.453225,0.708257,-0.023797,-0.908185,-0.107637,-0.509208,-0.342935,0.0247069,-0.71882,0.463518,0.270533,-0.326983,-0.338042,0.973363,0.449054,-1.08163,-0.360999,0.471409,0.811152,1
-0.191477,-0.62593,-0.167024,0.0995053,0.192186,-0.099822,-0.413032,0.331021,-0.825425,-0.229902,0.30113,0.592252,0.494455,0.00277228,-0.912179,-0.42759,-0.100451,0.0971155,0.191613,0.324116,-0.431231,0.27439,-0.142581,0.0104098,0.0200904,0.491962,-0.0283275,0.228472,-0.418543,-0.119139,-0.365057,-0.710765,0.494676,0.904738,1
0.1774,-0.117275,-0.281275,-0.256229,0.258477,0.100752,-0.626641,0.516235,0.0562082,-0.212663,0.268394,-0.14082,-0.719394,-0.745888,-0.0651959,0.374447,0.195212,0.820543,-0.551238,0.488389,0.348019,0.0887549,-0.298607,0.530509,0.458999,0.443929,-0.267296,-0.87763,-0.0790242,0.639593,0.164155,-0.782732,0.555559,0.770304,1
-0.748544,-0.651773,0.684723,0.107837,-0.409841,-0.829114,-0.408736,0.152208,0.13715,0.0593826,0.742374,-0.0784199,0.817886,-0.231911,-0.446964,-0.452535,0.207333,0.536004,0.315158,0.0302065,0.476855,0.140595,0.0135541,-0.831585,0.601154,-0.025303,-0.022473,-0.146224,-0.393774,0.757454,0.451127,0.251014,0.47635,0.881621,1
0.972139,-0.570203,0.181117,-0.500846,-0.311402,-0.131362,-0.326772,1.03909,0.985616,0.393222,-0.300121,0.433763,-0.337526,0.0251697,-0.0194865,0.288426,0.444325,-0.294806,-0.274478,-0.343358,0.252416,0.0700119,0.116557,-0.513284,0.222033,0.258608,0.4024,0.155046,-0.281192,0.243763,0.543967,0.561704,0.523088,0.934837,1
0.28778,-0.169587,0.900594,0.0749683,-0.258172,-0.258904,-0.302342,0.66532,0.355853,0.246127,0.0931306,0.0718793,-0.0637368,0.00158643,0.735532,-0.517844,-0.148089,0.0706764,0.242326,-0.395435,0.233519,0.0817315,-0.188286,-0.633904,-1.02741,0.101742,0.130924,-1.18014,0.0550692,0.478173,0.0459496,-0.294299,0.444013,0.78716,1
-0.79025,0.223995,0.140732,0.863983,-0.0285967,0.0327559,-0.0374972,-0.107031,0.224288,0.510896,-0.0241668,0.517859,0.0766973,-0.57314,-0.846285,-0.275866,-0.791095,0.172298,-0.459812,0.655652,0.0520731,0.764123,0.611739,-0.791605,-1.24257,0.0439341,-0.379442,-0.903062,0.120133,0.467137,0.550498,0.588457,0.563579,0.774502,1
-0.150066,0.0814855,-0.330317,0.186686,-0.705106,-0.33042,-0.370756,0.30807,0.474389,-0.151083,-0.50429,0.937769,-0.852384,0.139575,-1.05267,-0.256191,-0.398792,-0.660542,0.412592,0.403195,-0.371734,-0.477307,0.0873289,-0.275215,-0.134467,-0.528461,-0.410148,-0.411227,1.0441,-0.856502,-0.4819,0.515721,0.511664,0.914645,1
-0.314979,0.0116525,0.237452,-0.337612,0.336023,-0.264018,-0.976654,0.598549,0.489766,0.0472054,0.534589,0.559829,0.821593,-0.619527,-0.254124,-0.0104702,0.542434,0.435289,0.199836,0.0020662,0.410293,0.157974,0.424892,0.506329,0.609455,-0.437833,0.591389,0.680289,-0.246568,0.308883,0.762964,0.457694,0.535527,0.785163,1
-0.423949,-0.605302,-0.491025,-0.105375,-0.179371,0.603969,0.574423,0.682254,0.0617804,0.0713454,-0.181683,0.892662,-0.375669,-0.640444,0.223706,-0.143369,0.482693,-0.518092,0.331632,-0.215128,1.02326,0.708505,0.0317399,-0.614228,-0.182229,-0.0294154,-0.328515,0.680925,0.676619,-0.0647334,1.00765,0.637235,0.555082,0.76356,1
-1.07834,-0.292783,-0.452724,-0.0868983,1.02793,0.577195,-0.269858,0.755283,-0.390293,0.0724915,0.340317,0.557635,-0.133403,0.503259,0.415764,-0.65603,-0.366851,0.561377,0.0570738,0.18976,-0.0173446,0.172936,0.625283,-0.265461,-0.41157,-0.625972,0.182046,-0.297612,0.120098,-0.163551,-0.321918,-0.929062,0.535257,0.855698,1
-0.122287,0.315303,0.592885,-0.104814,0.229563,0.229942,-0.00546567,0.333253,0.00596334,-0.022384,0.153571,-0.254428,-0.0986353,-0.403414,-0.0781559,0.0395229,-0.00452971,-0.0923617,0.109936,0.097567,0.849587,0.265922,0.0811239,-0.0357986,0.692263,0.308903,-0.442975,-0.0326655,-0.25814,-0.0802088,-0.581865,-0.545574,0.449719,0.842337,1
0.207817,0.351727,-0.0584989,-0.0387112,0.471205,-0.0222275,-0.259754,-0.0339245,-0.783024,-0.389959,-0.0194772,0.40656,-0.0168215,-0.0668183,-0.283839,0.267228,-0.354068,-0.206418,0.153491,-0.318782,0.556047,0.433868,0.500845,-0.783828,0.686882,-0.145677,1.01636,-0.124182,-0.207489,0.381872,-0.862429,-0.538905,0.449254,0.918763,1
-0.467305,0.182561,0.302659,-1.09787,0.291482,-0.0350915,-0.155006,-0.0533906,-0.323258,-0.785251,0.752766,0.164501,0.444656,0.494407,0.551662,-0.464852,-0.0571577,0.839256,-1.15378,0.412839,-0.658973,-0.275726,0.566307,0.209458,-1.10011,0.453187,-0.195957,-0.546962,1.40382,0.390938,-0.487491,-0.41064,0.482356,0.789642,1
0.152999,-0.387139,0.648453,-0.984711,0.775678,-1.60283,-0.911754,-0.338488,0.55032,-0.427811,0.186405,-0.0457854,-0.114431,0.321138,0.232617,-0.385145,0.0700118,-1.34974,-1.2364,-0.331056,-0.588726,-0.243289,-0.137502,-0.0459855,-0.314988,-0.522518,0.360184,0.266107,0.376937,-0.0013056,-0.667069,0.647995,0.568882,0.809997,1
-0.457849,-0.74891,-0.792316,0.621421,-0.180042,-0.254352,0.674869,0.243956,-0.195727,-0.289747,-0.486426,0.562443,-0.112207,1.08119,0.238219,0.5372,0.215835,-0.0688537,0.286764,0.0680378,0.916858,-0.252478,-0.597078,0.00807794,0.29909,-0.29917,-0.984346,-0.47789,0.112636,-0.420443,-0.0921026,-0.128376,0.522947,0.887226,1
-0.537262,0.253622,0.552003,-0.266766,-0.0609769,-0.251108,0.489984,0.590712,0.230451,-0.567267,0.674999,-0.362049,0.590203,0.7917,0.0971548,-0.838183,-0.488035,-0.178723,0.674309,0.0454743,-0.101618,0.366486,-0.00318358,-0.42298,-0.0168777,-0.294244,-0.285048,0.661377,0.616248,-0.572478,-0.128433,-0.838037,0.468677,0.928163,1
0.298283,-1.3588,-0.611909,-0.0692262,1.32306,0.0562636,-0.689784,-0.121657,0.00690632,-0.596197,0.0955523,-1.21335,0.584736,0.751761,-0.42838,0.133222,0.121155,-0.177812,-0.204272,0.292343,0.365737,0.296249,0.378806,-0.125488,0.560578,0.281153,-0.43838,-0.30228,-0.207106,0.745123,-0.445389,0.268709,0.440297,0.830024,1
-0.31027,-0.280896,-0.472404,-0.713107,0.811804,-0.884661,-0.214543,0.408199,-0.0147166,0.0547356,1.29098,0.420312,0.158002,1.16294,0.0646087,-0.345014,0.476611,0.528059,0.307139,0.36057,-0.409825,0.481783,-0.10162,-0.282992,-0.401348,-0.0830166,0.363981,-0.551309,0.0258524,0.186365,0.231382,-0.111227,0.42806,0.863904,1
0.683308,0.307712,0.398892,-0.995944,0.60942,0.666398,-0.445306,-0.347231,0.0988133,-0.596596,0.114486,0.196476,-0.311877,0.263299,0.398865,0.108028,-0.238421,-0.0484156,-0.0442767,-0.079552,0.302124,-0.0669968,0.293536,0.802136,-0.0734224,-0.263245,1.20056,-0.184755,0.43633,-0.380559,-0.472998,-0.693103,0.438224,0.842598,1
0.816316,0.71918,0.342141,-0.600969,-0.629086,-0.581766,0.57106,-0.329084,0.514596,-0.875136,0.299382,-0.191124,0.0524419,-0.266956,-0.0183384,0.207703,-0.170574,0.223809,-0.181513,0.141354,0.0194759,0.194932,0.494038,0.122221,-0.163316,0.311396,-0.231991,0.534703,0.184474,-0.251441,0.0846547,-0.0690164,0.439954,0.851962,1
0.182663,0.165761,0.499628,0.457628,0.258588,-0.827248,-0.106002,-0.369476,0.0439398,-0.150511,-0.0351844,0.448597,-0.311981,0.261352,-0.353817,-0.274839,-0.278866,0.0737901,-0.974412,0.657745,0.60054,0.194205,-0.54759,0.179583,0.0423576,-0.720612,-0.420054,-1.18972,-0.848283,-0.451798,-0.775978,-0.288264,0.433181,0.794353,1
0.708066,0.750468,-0.43103,-0.139097,-0.834326,-0.379252,-0.0879733,-0.361615,-1.00321,0.14949,-0.287409,-0.695085,-0.481188,-0.653515,-0.633404,0.882669,0.145338,-0.413198,-0.0381641,0.28561,-0.0069066,0.519839,-0.259361,0.759538,0.238977,-0.372586,1.26035,0.452963,0.354203,-0.377666,0.108885,0.634251,0.454208,0.863806,1
0.139251,0.505929,-0.577176,0.362734,0.390289,-0.15301,0.277508,0.170682,0.0506092,-0.337021,-1.20841,-0.38654,-0.32427,-0.214558,-0.154506,0.240203,-0.327393,-0.0569739,0.395811,-0.270271,-0.846596,-0.112144,0.691308,0.279834,0.193249,0.00258391,0.216621,-1.16106,-0.205276,-0.448173,-0.680287,0.378615,0.541547,0.779633,1
0.562004,0.250156,0.901512,0.927012,-0.106806,0.428935,-0.272177,0.294985,0.281093,0.238946,-0.269261,-0.357416,-0.0531959,-0.120226,-0.134451,0.0555027,0.0370158,-0.347754,-0.416842,1.05877,-0.252451,-0.0673079,-0.18923,0.0469326,-0.38237,0.2283,-0.513051,0.123383,0.0790691,0.450954,0.545941,0.00760086,0.510683,0.763641,1
0.0694134,-0.177473,0.210579,-0.0639395,-0.811341,0.178131,0.758565,0.151016,-0.155241,-0.0930786,-0.389406,-0.135349,0.406932,0.214702,-0.343506,0.0731527,-0.389451,0.37274,-0.656269,0.0090474,0.243469,0.163652,-0.0221539,0.00391094,0.510602,-0.304555,-0.219516,0.395539,0.149802,0.0599902,0.350846,-0.534519,0.427444,0.805258,1
0.484272,-0.0204754,0.45871,0.374029,-0.131777,-0.936941,0.992312,-0.192629,-0.187678,0.882986,-0.49202,0.108632,0.489506,0.289955,-0.451151,0.347271,-0.101237,0.292796,-0.336397,-0.374688,-0.51952,-0.329377,-0.801931,0.135196,0.354245,-0.0135841,0.420115,-0.075651,-0.672109,0.765418,-0.201818,-0.117605,0.516759,0.786766,1
0.340589,0.524208,-0.0175732,-0.639849,-0.956438,-0.555777,0.465684,-0.826926,-0.522913,0.450168,0.292413,-0.0727615,0.50657,-0.011132,-0.194234,0.309364,-0.00384941,0.0540421,-0.230933,0.242236,-0.415625,-0.650519,-0.482794,-0.119606,-0.610737,1.12816,0.0845294,-0.0880008,-0.589758,-0.26564,0.0650463,0.532192,0.482519,0.82306,1
-0.333403,0.248209,1.11876,0.411918,-0.209406,-0.197041,0.583466,0.379473,-0.221786,-0.296232,-0.332333,0.714912,-0.40204,-0.00932884,-0.0237011,0.0174791,0.127667,0.00022744,0.375008,-0.0354352,-1.03058,-0.154256,-0.285419,-0.213738,-0.513027,-0.194309,0.707058,-0.33312,-0.479956,0.0244422,0.160182,0.026132,0.459565,0.839472,1
0.545302,-0.524301,0.121394,-0.86987,0.376557,0.149582,0.182745,0.770156,-0.397688,-0.122923,-0.397828,0.307018,0.443769,0.274617,-0.45456,0.869237,0.38322,-0.283436,0.850343,-0.76107,0.633644,0.318746,0.219355,-0.117414,-0.241446,-0.952722,0.170341,-1.43709,0.677128,-0.8691,-0.560956,0.791704,0.465964,0.769732,1
0.448249,0.353659,0.627894,0.230754,-0.633003,-0.654346,-0.173982,0.20664,0.658783,0.347894,-0.451506,0.238444,0.143324,0.385864,-0.47342,-0.649893,0.734904,0.139389,0.0933724,-0.0319414,0.632292,1.15693,0.404829,-0.571917,0.0754906,-0.239717,-0.237076,0.405184,0.418772,0.502301,-0.677438,0.0611171,0.466183,0.806444,1
-0.245629,-1.24144,0.230088,-0.0574965,0.0908032,-0.373689,0.286705,0.561351,0.0255443,-0.0431198,-0.698861,0.178982,0.410504,0.681584,1.0733,0.59103,0.218679,-0.238314,-0.884675,-1.40218,0.230148,-0.597455,0.74811,-0.572959,-0.847891,0.474398,0.0881879,0.695897,-0.490879,0.267441,-0.63573,0.43307,0.554094,0.818434,1
-0.338145,0.392242,0.323238,0.23909,-0.537448,0.398452,-0.523169,0.0552198,-0.423291,-0.32121,-0.511853,0.516517,-0.0848061,-0.17903,0.0499916,1.02591,1.08904,0.135558,0.312455,0.447059,0.881085,0.0895958,0.144968,0.187622,0.291059,-0.0159952,-0.187561,0.329479,-0.750534,0.0390019,-0.191274,-0.455416,0.536985,0.816039,1
-0.394729,0.476621,2.07432,-0.628967,0.919428,-0.227571,-0.57542,-0.434447,0.028171,-0.112021,0.513187,-0.257666,-0.372445,0.111539,-0.789235,0.51253,0.224266,-0.178768,0.134426,-0.134401,0.565751,-0.267825,-0.777593,-0.313284,0.818314,-1.06343,-0.631478,-0.798233,0.232808,-0.526368,0.665228,-0.0882648,0.482293,0.805526,1
-0.452254,-0.395123,-0.497686,-0.471116,0.308907,1.04608,-0.396405,0.4105,-0.278044,0.0470921,0.734391,0.490735,0.533264,-0.00763277,0.657613,1.52128,-0.16053,0.0906444,-0.653816,0.093444,-0.109712,-0.478008,-0.337436,0.0508433,-0.175908,0.541096,0.449264,0.534018,-0.198044,0.485406,-0.399472,-0.446563,0.50892,0.772407,1
0.226445,-0.125925,-0.22044,-0.0126124,-0.308219,0.579296,-0.27036,-0.156343,-0.0458292,-0.0619169,0.0214358,0.613159,-0.0326808,-1.01249,0.490135,0.762213,-0.222332,0.649945,0.128892,0.769892,-0.237079,0.78961,0.0990098,-0.582746,0.185438,-1.26407,-0.131639,-0.51945,-0.0512424,-0.119442,0.161999,0.690816,0.443282,0.891936,1
-0.253968,-0.29403,0.780765,0.274029,-0.606978,-0.262294,0.154052,-0.48892,-0.203277,0.783686,-0.647099,0.360846,-0.0163538,-0.375754,0.887607,-0.0139655,-0.639482,-0.0718737,0.251846,0.608032,0.219062,-0.041801,-0.0878484,-0.157627,0.20437,0.0759252,-0.384378,-0.028672,-0.299255,0.501779,0.833561,0.477241,0.539758,0.807638,1
-0.457614,0.298641,-0.168801,-0.2048,0.128255,0.929682,-0.480874,1.17094,0.282778,-0.429479,0.285564,-0.956499,0.593378,0.0242464,-0.386661,0.451887,0.571177,-0.144144,-0.81101,-0.460818,0.715301,-0.523248,0.181532,0.927609,0.418333,-0.494311,0.258449,0.000205978,0.30282,-0.684964,0.246402,-0.923317,0.573685,0.864019,1
-0.342736,0.018617,-0.67667,0.121389,0.244481,-0.208172,-0.0671874,-0.295013,0.0723875,-0.38342,-0.260007,-0.268404,-0.309812,-0.721726,0.59295,0.015288,-0.188932,-0.142402,0.859128,-0.626838,-0.412309,-0.270376,-0.1067,0.515641,-0.0751737,0.567316,-0.619839,-0.572801,0.440966,0.0283004,-0.531264,0.482051,0.56027,0.823371,1
-0.230931,-0.285963,0.934576,-0.190676,0.698089,-0.172507,-0.499511,-0.435857,0.071138,0.253593,-1.16745,0.303759,-0.990204,0.119501,-0.0992429,0.0942294,0.546189,-0.0129047,-0.0483387,0.444333,-0.0865668,-0.0988398,-0.221899,-0.745831,-0.16095,-0.10059,0.3665,-0.386355,0.665894,-0.0862407,0.394654,0.00201855,0.576072,0.869896,1
0.470357,0.227946,0.165663,0.118398,-0.218636,-0.80652,-0.7396,-0.00436997,-0.0628487,0.0370805,-0.575573,0.285796,1.13162,-0.595008,-1.13993,-0.137555,-0.342074,-0.218382,-0.330309,0.84802,-0.606602,-0.375362,-0.173898,-0.351682,0.149669,-0.748001,0.39779,0.534797,-0.403133,-0.161601,-0.346524,-0.174687,0.456196,0.863234,1
0.0973917,0.745352,-0.103305,-0.597862,0.578953,-0.544116,-0.0590734,-0.121648,0.590151,0.120867,0.21544,0.367606,0.060633,-0.0551781,0.327213,-0.0744599,-0.367418,0.857217,0.421889,0.0406657,0.489098,0.0441713,0.169839,0.0350149,0.778202,-0.0993751,-0.862496,-0.812606,0.860044,-0.103742,-0.276183,-0.216082,0.451548,0.89009,1
0.201885,-0.530567,-0.319248,-0.186726,0.885499,-0.445794,-0.630662,0.554466,0.00878125,0.272973,-0.692152,0.0750519,-0.0587961,0.109561,-0.310575,-0.273465,0.276656,-0.00468867,-0.101915,0.839317,-0.263649,-0.0313193,0.13212,1.50659,-0.521035,0.357335,0.81483,-0.123144,-0.379355,-0.198325,0.354911,0.515217,0.556438,0.832148,1
0.294488,1.18108,-0.31038,-0.144193,-0.947318,-0.34214,-0.305125,0.346313,-1.18308,0.89854,0.362532,0.0930349,-0.374121,-0.1995,0.121056,0.213941,-1.01966,-0.220801,0.0901314,-0.668351,0.00466689,0.344661,-0.0460855,-0.265617,0.109845,0.0832011,-0.35821,-0.697406,-0.161866,-0.00129849,0.527598,-0.640577,0.52093,0.929932,1
-0.0123861,-0.251272,0.255579,0.207918,0.262891,1.10864,0.289351,-0.458426,0.494618,0.15457,0.961923,-0.0640492,-0.337728,0.145898,0.0678861,-0.729628,0.280355,0.0667578,0.663819,-0.246377,0.569674,0.556152,-0.164009,-0.636773,0.788858,-0.261514,-0.425737,0.153585,0.30196,-0.447708,0.385112,-0.110015,0.508454,0.802111,1
0.945704,0.126753,0.408282,0.362397,-0.617206,-0.440735,0.450771,0.485981,-0.102356,0.114334,0.464421,0.290682,0.594761,-0.0918924,-0.170076,0.795011,-0.69225,-0.440101,0.0785291,0.641467,-0.940175,0.38333,-0.0236422,0.0971981,0.290874,0.0507203,0.503721,0.36326,0.245641,-0.550574,-0.336328,-0.135663,0.438481,0.837929,1
0.585418,0.070252,0.120661,0.257773,-0.388706,0.942697,0.185298,0.74833,-0.656744,0.0931012,0.199637,-0.394139,-0.637896,-0.856696,0.00858452,0.31443,0.467489,0.72775,-0.643813,0.116353,0.838886,0.371567,0.0697256,-0.137469,-0.754795,-0.372872,0.327551,0.356831,0.560023,0.144459,0.207593,-0.445743,0.540094,0.899004,1
0.518502,0.413525,-0.304267,-0.00339487,0.319301,0.133111,0.180532,-0.089614,0.521573,0.858381,-0.958666,0.912767,0.04088,-0.094507,-0.646884,0.322523,0.0268793,-0.114785,-0.265371,0.867348,0.278726,-0.629576,0.279928,-0.649567,-1.07395,-0.647268,-0.878863,0.354905,-0.313507,0.0374901,0.298514,0.348861,0.534043,0.942374,1
0.330873,-0.37015,0.229733,0.411197,0.362922,-0.945122,0.339827,-0.226392,-0.293016,0.599786,-0.263468,-0.00236953,0.190961,0.858345,-0.878454,-0.555031,-0.497915,0.2029,-0.560966,-0.603659,0.00739761,0.868205,-0.531831,-0.458093,0.198143,0.842945,-0.689795,-0.628913,0.66511,-0.456124,0.316425,-0.884029,0.495109,0.853298,1
0.95,0.88,-0.281013,-0.190204,-0.100343,-0.482762,-0.388367,0.416692,-0.159263,0.396305,0.408583,0.220373,-0.2347,0.495038,-0.333736,-0.0732616,0.171764,0.489504,0.413948,0.0380006,0.0165535,0.497279,0.379666,0.0371383,0.342743,-0.203393,0.0734888,0.227774,0.173457,-0.27229,-0.0139158,0.181202,0.48,0.2,0
-0.82782,-0.398622,-0.314831,-0.122315,0.456064,-0.0486356,0.164255,0.0212193,0.199367,0.4688,-0.0704272,-0.627923,0.18962,-0.435609,0.0636703,-0.277926,-0.294408,0.485079,0.467434,-0.859568,-0.600674,0.0659789,0.165294,0.447422,1.03113,-0.0810115,1.20865,0.589403,0.893298,-0.869445,-0.554635,0.173517,0.490627,0.767125,1
0.0223226,0.285421,0.197223,0.871191,-0.158796,0.166674,-0.192713,0.278516,0.143156,0.219037,0.606081,0.293727,0.537761,0.268796,-0.50537,-0.593326,-0.171502,-0.23071,0.230513,1.37747,-0.321168,0.315777,0.828099,0.573177,-0.423702,-0.0887038,0.217498,-0.369326,0.93999,-0.647804,-0.0246812,0.210268,0.496249,0.827646,1
-0.148938,-0.471615,0.079742,-0.00553072,-1.38692,0.266819,0.314477,-0.30045,0.990421,-0.48279,0.17008,0.833335,-0.0872693,-0.33345,-0.421125,-0.317686,-0.216415,-0.188544,0.127766,0.515,0.943097,0.189609,-0.237703,0.052573,-0.485393,0.383391,0.602094,0.059234,0.418776,-0.526444,-0.375889,0.191674,0.513133,0.856779,1
0.0251691,-0.579308,-0.0150275,0.45827,-0.247254,0.656061,-0.151489,0.545166,-0.297157,0.722318,-0.107767,-0.618419,-1.77448,-0.287028,-0.202628,-0.419964,0.460911,0.07642,0.0966966,-0.0568551,-0.55642,-0.223284,-0.266266,0.362673,-0.572399,-0.286136,0.344177,-0.005854,0.356139,0.258363,0.187923,0.902178,0.50305,0.927258,1
-0.032006,-0.758101,1.12858,0.0198674,0.369202,0.74783,0.0288539,0.577516,-0.446422,0.450244,-0.770474,-0.148408,-0.117107,0.0408067,-0.454678,0.692398,0.333783,0.952168,0.855529,0.457763,-0.190338,-0.0747144,0.589055,0.181892,0.766042,-0.627316,-0.409807,-0.780232,0.201742,-0.0899255,-0.317366,-0.867413,0.492072,0.834873,1
0.0956983,0.282157,0.0226689,0.00270069,0.115921,-0.463909,0.15464,0.399251,0.142041,0.471778,-0.470475,-0.347889,0.172132,0.675225,-0.705091,0.198227,-0.305785,0.41156,-0.0698104,0.191157,0.504544,0.322048,-0.608417,0.0873435,0.168054,-0.165094,0.357543,0.237595,-0.353993,-0.578498,-0.622054,0.363098,0.533472,0.937676,1
-0.385182,-0.680446,-0.0710497,-0.810937,0.113167,-0.516586,-0.368242,-0.615877,-0.157109,0.230978,0.302682,0.788146,-0.0910564,-0.127817,-0.301094,0.0769749,1.13199,-1.38528,-0.375272,-0.495613,0.519531,-0.709491,0.0353628,0.796898,-1.13991,0.103496,0.362162,-0.410949,-1.30485,-0.0736813,-0.590483,-0.50975,0.540591,0.793698,1
0.0496046,0.0710751,-0.546392,-0.330154,0.152182,-0.346176,0.233019,0.0646193,0.721542,-0.233186,-0.0426512,-0.949443,0.0529093,-0.312039,0.666924,0.259332,0.435625,0.378337,0.539902,0.161767,-0.0389595,-0.132813,0.111306,0.850013,0.985825,-0.898502,-0.466909,0.0759585,0.205963,0.283016,-0.0015135,-0.767665,0.543195,0.790141,1
-0.4954,-0.564827,-0.0284855,-0.892119,-0.266648,0.838161,-0.790915,0.194695,0.65571,0.364769,-0.270225,0.139904,-0.200162,0.956956,1.05527,0.384356,-0.547406,-0.0870332,0.437254,-0.343908,0.200052,0.220435,-0.0340895,-0.32658,-0.782113,0.316451,0.574261,1.07834,-0.25872,0.417307,0.0400837,-0.763197,0.473758,0.92665,1
-0.123714,-0.415323,-0.3868,0.764947,0.531843,0.955533,-0.440905,-0.255307,0.824673,-0.303959,0.345959,0.142908,-0.19138,0.792474,0.16361,0.80367,0.469474,-1.23099,0.581547,-0.277127,-0.020888,0.570217,0.563056,0.298783,0.439635,0.616897,0.798158,0.24198,0.44503,0.385638,0.303515,0.40023,0.575688,0.827923,1
-0.0635729,0.31821,0.47808,-0.1139,0.300237,-0.641477,-0.148126,0.364731,0.753095,-1.41284,0.470075,-0.785052,-0.421057,0.0472743,0.500428,-1.19789,0.143957,-0.0210892,0.0166514,1.34384,-0.105678,0.0772574,-0.0561067,-0.737814,0.213089,-0.650628,0.365391,-0.534466,0.196554,-0.215337,0.616657,0.285133,0.499288,0.850859,1
-0.53293,0.413932,-0.36472,-0.219173,-1.50648,-0.550839,-0.848673,-0.192006,-0.482886,0.777417,0.172805,-0.170269,0.349895,0.597466,0.122217,0.113624,0.208719,-0.341808,-0.418653,0.170062,0.132621,-0.605853,0.314095,-0.0273123,-0.388862,0.802307,-0.713817,0.248649,0.149306,0.313402,0.2571,0.575315,0.482551,0.872724,1
0.321157,-0.187369,0.000553409,0.0431687,-0.457781,-0.366627,0.286457,-0.0370557,-0.5641,-0.645002,0.404233,0.609551,-0.301243,-0.769983,0.306803,-1.00986,-0.240428,-0.566107,0.175243,-0.375959,-0.112961,-0.392219,0.549624,0.122173,0.100398,-0.620213,-0.246893,-0.70282,1.05205,0.0992784,0.357921,-0.383223,0.458427,0.922335,1
0.0259606,-0.706834,0.0554794,-0.465657,0.131153,-0.118223,-0.281168,-0.0241298,0.767138,-0.363115,-0.20447,0.278613,-0.44971,0.453907,-0.838847,-0.907292,-0.178499,0.40665,-0.504876,0.273884,-0.156898,0.0651522,-0.254481,-0.492678,0.152538,0.883908,0.628614,0.252521,0.0501591,0.177018,-0.0673001,0.638664,0.486432,0.784556,1
0.184816,0.228619,0.227968,-0.336372,0.0181511,0.395998,0.602717,0.80324,-0.600371,-0.246487,-0.0608421,0.860807,-0.365611,-0.275532,-0.469488,0.949328,-0.0969338,0.890115,0.439496,-0.497885,0.350912,0.286005,-1.03002,0.354753,-0.206864,-0.158235,0.461937,0.489391,0.479936,-0.277218,0.983302,-0.670892,0.57162,0.785911,1
-0.398901,-0.294421,0.166676,-0.32555,-0.316683,-0.271414,-0.155875,0.243284,0.792562,0.228786,-0.360257,0.700027,1.07011,1.1332,-0.0864478,0.221985,-0.714422,0.297425,0.0942872,-0.611495,0.25552,0.142627,-0.58383,0.0760443,-0.399108,0.00505707,-0.703688,-0.00161575,-1.00729,0.859704,-0.322479,0.349737,0.56369,0.769853,1
-0.892169,0.117881,0.596998,-0.742231,-0.16034,0.539168,0.507043,0.202152,-0.82401,-0.158828,-0.0619068,-0.0255732,-0.545494,-0.186798,-0.475648,0.243337,0.0566254,0.403308,-0.223988,0.469408,0.339396,-0.203989,1.07611,0.446001,-0.312906,0.314613,0.542475,0.194561,0.583239,0.37629,0.103001,0.0930911,0.559107,0.896401,1
0.0628639,-0.477226,-0.0547619,-0.303257,1.28584,0.0254457,0.491656,-0.540651,-0.236861,0.102775,0.468656,-0.489933,-0.223471,-0.729611,-0.645087,-0.00806368,-0.637555,-1.26215,0.156631,-0.688556,-0.656947,0.298297,0.871676,-0.677866,-0.248282,0.301411,0.305731,0.820528,0.543622,-0.188908,0.328678,0.126175,0.545196,0.779439,1
0.310296,-0.266716,-0.2022,-0.238152,-0.83732,-0.0259485,-0.561998,0.429008,0.099091,0.280609,0.0975391,-0.132459,-0.407311,-0.259007,0.58371,0.597944,0.148741,-0.00226809,0.112666,-0.02676,0.2791,0.925083,-0.509102,0.359729,0.12862,-0.0697959,0.172481,-0.594689,0.499724,-0.0142867,0.339571,0.271643,0.576992,0.871162,1
0.753442,0.126618,-0.283012,1.33647,-0.277474,-0.0713071,0.422705,0.0306861,0.441515,0.309251,0.00247522,-1.21906,-0.268876,0.0820715,0.694486,0.507855,0.0189018,-0.747803,0.464004,0.441445,0.244273,0.10679,0.305386,-0.191016,-0.207533,0.364905,0.18726,-0.273705,-0.306538,-0.728738,0.54244,0.164793,0.45542,0.795741,1
-0.574048,0.356773,-0.706146,0.428944,-0.460004,-0.512605,-0.119644,-0.0713015,0.162427,0.250376,0.534328,-0.172824,0.645497,0.409473,0.189013,-0.317569,-0.0304378,0.340302,-0.609257,0.240999,-0.446378,-0.653738,-0.103773,1.04256,-0.0241923,0.0677024,-0.406702,-0.545767,0.345508,-0.0860663,-0.373663,0.510479,0.455413,0.783821,1
0.230199,1.32254,0.0278972,-0.345668,0.715343,-0.218511,0.211532,0.553357,-0.0394315,0.66841,-0.862118,-0.560664,-0.194979,-0.786643,1.20626,0.33695,0.397689,-0.710216,0.0818127,-0.183697,0.152405,-0.838058,-0.271536,-0.321184,-0.14798,-0.24215,-0.0737121,-0.357205,0.379786,0.878884,0.542677,-0.54508,0.567009,0.89142,1
-0.362499,-0.152026,0.0507878,0.527054,0.578923,0.455064,-0.361831,0.000422919,-0.025594,-0.42338,-0.696968,0.579522,0.0827595,0.163019,0.48168,0.551121,-0.257489,-0.384081,-0.65326,-0.541649,-0.320301,-0.444005,-0.181067,-0.459557,-0.888958,0.111859,-0.289683,-0.100406,0.371265,0.688397,-0.490196,-0.210374,0.447002,0.790155,1
0.389052,-0.0664813,0.371266,0.205886,-0.404361,0.470338,-0.0696268,0.443993,-0.220509,-0.0293751,-0.899328,-0.167889,0.395097,-0.24051,-0.11833,0.293043,-0.887369,-0.392608,0.611706,0.307678,0.0247929,-0.206397,-0.761256,-0.337045,0.961243,0.500742,-0.41368,-0.0303156,0.408991,-0.236593,-0.375953,-0.302063,0.571871,0.92819,1
0.107886,0.906653,-0.958511,0.242139,-0.164775,0.352432,-0.448788,0.570914,0.283848,0.0778103,-0.314101,-0.952851,-0.320288,-0.0969205,0.177277,-0.532313,0.210777,0.526956,0.539034,-0.249553,-0.110318,0.0718571,-0.10953,0.248733,0.130257,0.210902,0.630287,-0.337626,0.0441881,0.383012,0.669447,0.344328,0.575342,0.918731,1
-0.12424,0.803555,0.594774,-0.0102217,-0.772288,0.482101,0.031402,0.678731,-0.209856,0.901222,-0.540912,0.232267,0.181584,0.0685825,-0.217055,-0.0599855,-0.0562892,-0.218928,-1.20982,1.22843,0.233329,-0.259465,-0.288424,-0.129627,0.232688,-0.0885094,0.0370839,-0.0437693,-0.162938,-0.361919,-0.656432,0.564836,0.487359,0.8897,1
-0.178154,1.23244,-0.0281964,-1.18582,-0.647275,-0.383332,0.0418471,-0.665133,0.260104,0.979469,-1.01562,0.412258,-0.736275,-0.431415,-0.199179,0.277973,-0.289997,-0.228135,-0.0704275,0.738081,-0.628325,0.254617,-0.16877,-0.251043,-0.262932,0.276796,0.364673,-0.353238,0.114459,0.388799,-0.640529,-0.683647,0.510522,0.912606,1
0.40731,-0.539634,-0.358415,0.377172,-0.55517,0.200351,-1.23352,-0.939079,0.230273,0.943488,-0.739406,-0.317279,0.0848465,0.120539,0.121497,-0.627043,-0.129202,-0.632087,0.201525,0.21171,-0.187101,-0.0294688,0.318424,0.0661221,-0.371155,0.638775,0.103778,-0.283611,-0.179089,0.152182,0.619625,0.499991,0.427025,0.808243,1
-0.507262,0.203429,-0.166911,-0.315362,0.00164818,-0.0879337,-0.232963,-0.503678,-0.928051,-0.0631907,0.0846952,-0.321998,0.588996,1.0189,-0.569357,0.298272,0.420338,-0.0280075,0.498208,0.13789,0.48199,0.434854,-0.534991,0.442251,0.346643,0.944141,0.94517,0.164584,0.422764,0.667186,-0.312437,0.176122,0.482988,0.920585,1
1.13071,-0.294815,0.892622,-0.0641574,-0.203393,0.197769,-0.863065,-0.418628,-0.0672684,-0.0888449,-0.194555,0.596595,0.854464,0.473566,0.415292,0.301752,-0.219019,0.0490258,-0.630978,-0.691929,-0.0316323,0.286983,0.422507,0.611897,0.28216,0.700651,-0.278481,-0.296558,-0.402219,-1.10474,0.645144,0.211991,0.448833,0.832973,1
0.696541,-0.214555,0.4262,-0.748587,-0.472932,0.323981,0.0763686,-0.0963546,-0.489559,-0.0264999,1.10132,-0.165263,-0.431013,-0.152088,0.801962,0.94993,-0.116139,-0.10386,0.878114,-0.308874,-0.732153,-0.0491403,-0.431211,0.514633,-0.343434,1.17122,-0.315218,0.41531,0.0643348,1.31998,-1.12659,-0.131951,0.494739,0.803612,1
0.554727,-0.372031,0.743697,0.0721464,0.0939308,-0.173101,0.458669,-0.331706,-0.259161,-0.498355,-0.362187,-0.460512,-0.277095,-0.60134,0.173705,-0.040741,0.742865,-0.230608,0.323213,0.138045,0.184175,-0.174492,-0.078399,0.14653,0.190749,-0.157354,-0.196298,0.181185,0.0043619,-0.184743,0.235317,-0.0448142,0.533923,0.881112,1
-0.133356,-0.186351,0.445184,0.775387,0.366886,1.17186,-0.613113,1.76301,-0.383026,0.664273,0.170444,-1.36705,0.0585818,0.489849,-0.643316,-1.02946,0.207796,-0.673355,0.0956222,0.447655,0.370061,-0.0511132,0.0838318,0.00180152,-0.246408,-0.88932,0.323926,0.0639395,0.649709,-0.965371,-0.0839634,-0.678959,0.542996,0.83054,1
-0.185565,-0.364343,-0.606046,0.0887236,-0.112643,-0.248041,-0.693013,0.424228,0.392819,0.26681,-0.341952,-0.453252,-0.443563,-0.450696,-0.0602019,-0.113419,0.313775,0.188667,-0.979891,-0.842308,0.503625,-0.563132,0.504592,0.910038,0.36772,0.959455,-0.307463,0.119284,0.0284255,0.41419,-0.836324,0.574599,0.482304,0.815881,1
-0.400077,-0.605891,1.26937,0.0741817,0.499276,0.28835,0.703309,0.774555,0.823318,0.437465,-0.175729,-0.621247,0.385646,0.398578,-0.476917,-0.00756255,-0.247682,-0.447785,-0.265994,-0.0371273,-0.447802,0.0923055,-0.102915,0.699895,0.00111653,0.93549,-0.203242,-0.0239474,-0.574815,0.163025,0.104902,1.05378,0.465264,0.880844,1
0.314231,-0.102312,-0.225325,0.0986035,-0.0847964,0.0182047,0.354744,0.115247,-0.491074,0.384283,-0.129143,0.546955,-0.578311,0.436491,0.41658,0.948419,0.214766,0.430901,-0.934858,0.765413,0.152808,0.370556,0.0716142,-0.594584,-0.0311751,-0.698642,0.0691048,0.672465,0.148238,0.431729,-1.76713,0.0320526,0.563395,0.849025,1
-0.491474,-0.0530782,-0.293215,-0.806814,-0.140168,-0.355402,0.633637,0.323235,-0.860698,-0.794245,-0.15414,0.580275,0.13392,-0.78704,0.2745,-0.0788927,0.176,-0.0278983,0.337345,-0.665035,-0.860179,0.97589,-0.908393,-0.29981,0.308778,-0.152116,0.20778,-1.1223,-0.537074,1.19404,0.492732,-0.45103,0.561376,0.90131,1
-0.843968,0.210453,0.046735,0.030483,-0.379667,0.0502968,0.675168,0.46406,-0.378392,0.0410839,-0.170785,1.06889,0.360996,0.431529,0.685817,-0.302302,0.146909,-0.105148,0.052335,0.29778,-0.0226254,-0.147974,0.420698,0.541279,-0.0423431,0.461883,-0.301671,-0.268057,0.116275,-0.108962,-0.407843,-0.405734,0.486753,0.86314,1
0.893604,0.60164,0.589852,-0.399027,-0.116616,-0.801869,0.399899,0.0503306,1.05821,0.351234,-0.691174,-0.332652,0.133633,-0.167876,-0.557472,0.716962,-0.239158,-0.244641,0.766953,0.531129,-0.158011,-0.405093,-0.856408,-0.129725,0.0140804,0.408135,-0.325244,0.230528,-0.367031,-0.959687,-0.698916,0.844126,0.44878,0.846055,1
0.416551,0.478871,-0.768778,-0.26514,-0.224117,-0.156618,-0.235253,0.0129362,-0.366944,-0.195583,0.224721,0.669606,-0.294793,-0.361799,0.644669,-0.104438,0.113745,-0.390221,0.874785,-0.892795,-0.558205,-0.0829426,-0.134136,0.0129477,-0.28253,-0.386217,-0.481484,-0.196654,0.379473,-0.666152,-0.2078,-0.295561,0.466761,0.84276,1
0.478316,-0.525374,0.208758,0.0245497,-0.307219,0.522446,0.344641,-0.0361614,-0.0925694,-0.009886,0.601177,-0.676605,0.45565,0.46053,0.237197,0.375494,0.676569,0.911271,-0.531087,0.0573195,0.512664,0.117378,-0.570547,-0.391546,-0.275451,-0.0976932,0.147913,0.762116,-0.592737,-0.408619,-0.125225,0.850074,0.560233,0.811824,1
0.327162,0.764503,0.127443,-0.182712,1.12763,0.00579543,-0.165907,-0.475748,0.189318,0.132938,0.328829,-1.02652,-0.0497337,-0.387751,-0.0107421,-0.194579,-0.262804,0.0942935,-0.499229,-0.0644134,-0.778057,-0.309152,-0.323578,0.547822,-0.69458,-0.673272,0.00119019,-0.464099,0.198712,-0.871703,0.010889,-0.953708,0.556482,0.888737,1
-1.05527,-0.285496,0.444937,-0.332287,0.220723,-0.542023,0.195298,-0.733902,0.0710949,0.238827,0.466847,0.611049,0.178401,-0.0728501,-0.20099,-0.669126,-0.631226,0.454947,0.184435,-0.207022,0.193393,0.248883,-0.913206,0.277681,-0.548315,-0.0115259,0.333403,0.346437,-0.717032,0.358912,0.875994,0.518528,0.520674,0.932628,1
-0.835892,-0.307757,-0.793451,-0.274786,-0.78118,0.714748,0.0889114,0.0994741,0.279099,0.616546,0.80778,-0.356021,-0.101112,0.800941,-0.994887,0.345502,-0.316464,-0.153695,0.432133,-0.709156,-1.08861,-0.594377,-0.585905,0.400252,0.2869,0.83803,0.663131,-0.160471,-0.108486,-0.218057,0.367928,0.126879,0.453382,0.771656,1
0.480419,-1.26408,-0.312497,0.832525,0.174628,0.0989622,0.545865,0.177443,-0.429118,-0.563111,-0.214129,0.479393,-0.293445,0.203124,-0.510916,-0.203159,-1.27644,0.414392,-0.358119,0.350873,-0.387467,0.0178338,0.045125,-0.0949055,0.619303,-0.0458385,-0.804291,-0.351545,-0.345822,0.0890398,0.571045,0.255177,0.434208,0.872972,1
-1.03756,-0.0104085,-0.361097,0.59008,0.265016,0.164601,0.0422654,-0.796711,0.120974,1.18544,0.791383,0.178099,-0.282253,-0.205911,-0.7766,-0.359239,1.13862,0.799207,0.227,0.974804,-0.614934,0.294488,0.000542088,0.191044,0.137979,-0.180698,-0.129941,0.349271,0.0796929,-0.12965,-0.508537,-0.254995,0.51155,0.787608,1
-0.684948,-0.712701,-0.92106,0.106827,-0.833718,-0.789226,-0.120666,-0.178395,-0.908996,-0.540639,-0.58527,0.232849,0.62945,-0.398451,1.33887,0.206226,0.784782,0.227628,-0.0793085,0.210288,-0.559656,-0.254453,-0.11095,-0.00682429,-0.429465,-0.277649,0.783525,0.165045,-0.376584,-0.112458,-0.391173,-0.643494,0.476467,0.927173,1
-0.439415,0.128794,0.315861,0.38529,0.275284,0.208268,0.39606,0.179289,-0.812654,-0.0973607,-0.036158,-0.00879123,0.345052,-0.452247,0.0351936,-0.0185123,-0.790957,-0.328887,0.344836,0.0769223,0.63858,0.844405,0.379146,-0.0689077,0.839789,0.0881329,-0.554567,-0.429355,-0.0826488,0.25159,-0.341743,-0.30917,0.420773,0.887223,1
0.359411,-0.15877,0.257951,0.0331282,0.444795,-0.75125,0.354973,-0.502409,-0.261429,-0.0987069,0.671431,-0.00727086,0.0143013,0.6422,-0.194721,0.393057,0.395739,0.289025,0.785083,-0.0159588,-0.00574142,0.178378,-0.430062,0.201607,0.330497,0.781016,-0.424242,0.95464,-0.949477,-0.265653,0.546301,0.0951462,0.487702,0.780992,1
-0.103044,-0.0760807,0.0961797,0.665064,-0.00466468,0.249904,0.200909,-0.768017,-0.266992,0.179918,-1.02881,-1.0631,-1.31828,0.242066,0.516166,0.115808,0.226285,-0.713466,0.114036,0.617441,-0.380907,-0.391598,-0.808007,0.145395,-1.08466,-0.0834896,0.168728,-0.308652,-0.219316,-0.243003,0.777495,-0.074299,0.563498,0.929866,1
0.00144977,-0.0249864,0.12401,0.0494037,0.408409,-0.219359,0.113783,0.663841,-0.307976,0.144911,-0.36485,-0.620214,-0.842077,-0.9906,0.343342,0.109115,0.193687,-0.107426,-0.248544,-0.500703,0.0993609,0.0273395,0.389487,0.637345,-0.554659,0.0772055,0.341979,0.263389,-0.498344,-0.438131,-0.20414,-0.643634,0.47487,0.907469,1
-0.598707,-0.0859641,0.32064,0.209924,-0.024203,-0.18748,-0.243078,-0.752233,-0.524807,0.254092,-0.791511,0.286728,0.0541823,-0.240776,0.591991,-0.120464,-0.318077,0.0437896,0.287676,0.634862,0.726976,-0.453333,0.230888,0.844381,-0.0269531,-0.227115,0.50686,0.120174,0.15993,0.0170195,-0.449544,0.49016,0.54074,0.807094,1
-0.810266,0.205733,0.322817,-0.663181,0.700592,-0.102939,0.949772,-0.561667,-0.115099,-0.166284,-0.0810733,-0.344964,0.127759,0.46586,-0.351907,-0.859482,0.367472,0.318162,-0.309682,0.275537,0.334772,0.248974,-0.508851,0.450814,0.318737,-0.405389,-0.0499833,-0.0909234,0.570286,-0.252178,0.527898,0.156557,0.517551,0.909521,1
-0.208387,0.750238,0.483821,0.804827,-0.340261,-0.389306,-0.312862,0.460313,-0.146125,-0.0413946,-0.0117904,0.135652,-0.68844,-0.103897,0.248038,-0.291278,-0.0984698,0.117266,0.404183,0.353991,0.526195,0.641303,-0.409079,-0.309777,-0.633697,0.509952,0.773574,0.678868,-0.326427,0.0821824,-0.361725,0.558625,0.484058,0.811359,1
0.175399,0.22114,0.27515,0.332475,0.144781,7.95,0.123736,0.182377,0.123819,0.139087,0.233655,0.298481,0.238572,0.395522,0.199947,0.179722,0.175191,0.142112,0.130498,0.14935,0.228568,0.197959,0.190761,0.194991,0.296385,0.264928,0.180887,0.344041,0.229855,0.263381,0.25082,0.272833,0.52,0.82,1
-0.0942923,-0.610286,0.477164,-0.79029,0.049755,0.271121,-0.809695,0.310362,0.412753,-0.448795,-1.03053,-0.468835,0.601883,-0.177938,-0.502519,0.0166887,0.463589,0.949491,0.162087,0.228544,-0.081818,-0.281951,0.149555,0.115973,-0.1587,0.484565,-0.473051,0.914537,0.185172,0.285342,-0.255046,-0.632227,0.544325,0.829028,1
0.00424658,0.0251154,-0.383599,0.146143,-0.279124,-0.0367514,-0.542419,-0.108508,-0.0845327,-0.48199,0.800102,-0.458085,-0.477372,0.31876,1.17642,0.620146,-0.282731,-0.670779,-0.180602,0.31735,0.741366,-0.34923,-0.126137,-0.0230377,-0.196417,-0.0975842,-0.600782,-0.453479,-0.334479,-0.402591,0.118468,0.566227,0.470427,0.94851,1
-0.33065,-1.53514,-0.145552,-0.44796,0.235996,-0.332143,-0.928983,0.859172,0.0285937,0.517923,-0.379952,-0.798365,-0.0613374,0.599915,-0.0841576,-0.1335,0.131838,1.07373,-0.0615533,0.115089,0.317838,-0.672676,-0.860332,0.0223893,0.560723,0.236746,0.802951,-0.294083,0.879394,0.310188,-0.0837233,-0.138292,0.494876,0.770567,1
-0.506438,0.32797,0.550308,-0.0405973,-0.194504,-0.534849,0.348843,1.29122,0.0714858,-0.154036,-0.181237,0.632548,0.345007,-0.928689,0.0707818,-0.0439406,0.0465929,-0.543646,0.143808,0.650239,0.933454,0.33531,-0.351788,0.173379,-0.0115267,-0.220605,-0.949617,-0.143181,0.0679655,-0.170581,-0.492565,-0.3179,0.500855,0.91206,1
-0.829679,0.388729,0.0555399,-0.889898,-0.346138,1.09059,0.213707,0.143161,-0.0218682,0.331236,0.35975,-0.0995554,-0.120641,0.432604,-0.203473,-0.0792799,-0.783151,-0.379855,-0.356722,-0.683282,-0.0911912,0.115698,0.358993,-0.0722153,1.12301,0.0948048,0.279319,-0.406973,0.383116,-0.450916,0.326002,-0.37365,0.541194,0.838389,1
0.131527,0.424094,-0.0435732,0.220486,-0.476616,0.724328,0.235086,0.553161,-1.01048,-0.75609,-0.733587,-0.213246,0.653239,-0.448088,0.192017,0.843635,0.597304,0.274804,0.732033,-0.194566,0.00421908,0.434492,0.00254337,-0.0380368,-0.0452093,-0.143679,0.245203,0.379442,-0.262581,-0.585151,0.253084,-0.0270676,0.456768,0.770146,1
0.444427,0.0675308,-0.798895,-0.95982,0.0299342,-0.209628,0.437246,-0.36799,0.541192,-0.0210066,-0.321852,0.832597,-0.284021,0.634889,-0.324147,0.750301,0.263818,-0.37513,-0.33339,0.89477,-0.273418,0.0774386,-0.132357,-0.174803,0.827358,-0.669524,0.0776986,0.326956,0.179388,0.107109,0.459519,0.0976605,0.455685,0.896242,1
-0.775434,-1.207,-0.0644505,1.12069,0.115128,-0.15138,-0.0753072,-1.39924,0.52103,-0.867905,0.00978662,-0.294497,-0.689591,0.523359,-0.649936,-0.0314097,0.319854,-0.236661,-0.395809,-0.176195,0.383019,0.343979,0.264589,0.766815,0.657265,0.146736,-0.154874,0.188138,0.71236,-0.0799226,0.758551,0.230326,0.571824,0.857237,1
0.193316,0.395809,-0.146542,-0.054398,-0.270813,0.245695,-0.165401,-0.727458,-0.427808,0.397568,0.132149,0.358784,-0.779813,-0.286746,-0.0588278,-0.258007,0.282367,-1.181,-0.663167,0.233827,-0.422436,-0.468939,-0.347645,-0.434697,0.48662,0.546794,0.384094,0.0558595,0.417359,0.297779,0.129289,-0.760732,0.468057,0.871648,1
0.12731,0.225742,0.528099,0.288756,0.891275,-0.688892,0.288849,0.65183,0.0979443,0.136679,-0.883247,-0.77975,-0.285118,-0.043669,0.818241,0.00586722,-0.327105,-0.0557129,-0.650751,0.413021,-0.127651,-1.03859,-0.28341,0.000593759,1.03338,-0.135485,0.529414,-0.587587,-0.122694,0.345689,-0.342081,-0.779666,0.439141,0.811234,1
0.612325,-0.590815,0.201866,0.0364637,0.312861,-0.547745,-0.574802,-0.205507,0.413937,0.550395,-0.320281,-0.304419,-0.220738,0.0155062,0.049563,-0.227228,-0.767135,-0.340245,-0.183747,0.830563,0.352121,-0.0205693,0.215119,-0.18905,-0.199585,0.105358,-0.556749,-0.0217623,-0.617573,-0.49031,-0.086108,-0.597172,0.537241,0.878994,1
0.729295,0.227492,0.426567,0.493468,-0.661717,-0.429416,0.917935,0.808888,0.479593,-0.711544,-0.291087,0.0780555,-0.249838,0.15033,0.126025,0.471086,0.493599,0.404822,-0.0257447,-0.26975,0.659133,0.219816,0.403136,-0.202497,0.0924371,-0.578878,0.028391,-0.074122,-0.314072,0.331646,0.67764,0.481159,0.426237,0.793875,1
-0.270722,0.237021,0.673959,0.321575,0.124788,0.678425,-0.401453,-0.150187,-0.536033,-1.27935,0.0900613,0.158626,-0.290142,-0.878896,0.564274,-0.179253,-0.143323,0.367459,0.0024668,-0.658934,1.26067,-0.0161994,0.0941196,0.0300609,-0.186124,0.420188,-0.127047,0.0844062,0.902902,0.191052,0.428057,-0.57071,0.427346,0.793921,1
0.381915,-0.904978,-0.52862,0.682052,0.104002,0.327486,-0.53561,0.0967626,0.173124,0.635151,0.638627,0.669188,0.149817,-0.259217,0.167798,-0.0531984,-0.432584,-0.207843,0.61223,0.494155,-0.520138,0.0851744,-0.760015,-0.402455,0.105953,0.136984,-0.261569,-0.544887,0.158525,0.638675,0.0914984,0.512175,0.468147,0.762266,1
-0.51564,-0.491157,0.321398,0.0929892,0.152701,-0.786828,0.653972,-0.291657,-0.291435,0.396333,0.0210667,-0.557009,-0.671778,0.406377,0.51206,-0.450921,0.165696,0.346234,-0.00598249,0.000831423,-0.106647,-0.237826,-0.101001,1.03001,-0.671814,-0.569903,-0.251177,0.849709,-0.382579,-0.41229,-0.294536,-0.34224,0.49583,0.905601,1
0.20668,0.181373,0.170467,0.240888,0.398129,7.95,0.139918,0.388149,0.396005,0.161109,0.113075,0.314527,0.305232,0.118634,0.19281,0.261425,0.150011,0.271573,0.169066,0.163236,0.272766,0.328358,0.213098,0.290821,0.282771,0.390414,0.248496,0.394386,0.258891,0.252244,0.109334,0.236079,0.52,0.82,1
0.95,0.88,0.43934,0.405076,0.498351,-0.0487426,-0.330226,-0.148594,-0.395923,0.442473,0.272033,0.0870217,0.324624,-0.304331,0.260917,-0.199364,0.253243,0.219389,-0.42593,-0.447136,0.0476957,0.457212,-0.0130949,-0.0179332,0.204005,0.0335436,-0.307928,-0.0353544,0.390981,-0.420234,0.0430365,0.0640524,0.48,0.2,0
0.188853,0.295976,0.272428,0.1041,0.214373,7.95,0.327633,0.136174,0.270601,0.282878,0.153636,0.209413,0.269986,0.260059,0.24682,0.259966,0.163811,0.318795,0.28046,0.288223,0.107439,0.106651,0.392936,0.135956,0.320206,0.143156,0.274228,0.185279,0.314048,0.131341,0.355651,0.359103,0.52,0.82,1
-0.431887,-0.148578,-0.819352,-0.780035,-0.0076298,-0.0975243,0.615477,0.916221,-0.137424,-0.0496551,0.381043,-0.257966,0.461338,0.403013,-0.0381498,-0.29429,0.194521,-0.796407,-0.0767894,-0.548721,-0.277397,1.0898,0.128531,-0.165602,0.346727,-0.200779,0.108306,0.0436087,0.0742728,0.0734951,0.0348129,-0.27404,0.509938,0.795036,1
0.0202268,0.548105,0.626159,0.380889,0.0469603,-0.0274442,0.587374,-0.211174,0.171599,0.352125,0.315874,0.176921,-0.450647,-0.280933,0.729128,0.108877,-0.29003,0.416363,0.206209,-1.24249,-0.370108,0.689753,0.672224,0.701713,-0.135523,-0.266777,-0.890432,0.617305,0.512885,-0.817975,-1.02258,0.36996,0.507182,0.849175,1
0.0206625,-0.217945,-0.0745937,-0.0422232,-0.0558053,0.164482,0.0663266,-0.826239,-0.745065,-0.343092,0.0757551,-0.0755832,0.783307,0.633018,0.0636395,0.693074,-0.0862031,-0.396843,-0.511455,-0.273513,-0.720303,-0.452263,0.882004,0.761092,-0.278907,-0.294356,0.0587195,-0.217568,0.0805088,-0.627842,-0.287135,-0.110364,0.503775,0.882248,1
0.277478,0.54835,0.290183,-0.161471,0.519874,-0.234309,0.129161,-0.294741,-0.0161652,0.245254,0.277068,0.674267,-0.796613,-0.407909,-0.833726,-0.209026,0.70087,-0.235685,-0.757568,0.601015,0.181438,0.0375509,-0.000377231,-0.277079,-0.514628,0.470359,0.512375,-0.681586,0.194095,-0.0669629,-0.534683,0.434169,0.46106,0.876145,1
-0.132357,-0.447423,0.431182,0.140016,-0.329656,-0.346544,1.39379,-0.827935,0.639674,0.0904591,0.363882,-0.034351,-0.808042,0.348847,1.18966,-0.259217,0.333854,0.625775,-0.733466,-0.665723,0.843084,-0.141921,0.483873,-0.206612,0.064624,-0.190172,-0.211163,-0.0322383,-0.201788,-0.165554,-0.352119,0.425658,0.546978,0.799879,1
0.200765,-0.604445,0.288898,-0.460191,-0.14778,0.0865303,-0.934122,-0.390032,0.639765,-0.0273697,0.130928,-0.542086,-0.391,0.197937,0.830697,0.154716,-0.229346,-0.206253,0.152445,0.0102901,-0.631343,0.14626,-0.503673,-0.555901,0.555395,-0.883422,0.602343,-0.363823,-1.33688,0.412835,1.03839,0.0865011,0.523961,0.769686,1
0.421831,0.710599,-0.346483,0.230222,-0.227015,-0.096622,0.184382,-0.954764,0.453133,0.221667,0.296524,-0.188966,-0.751593,0.101501,0.129734,0.0995402,-0.189801,-0.393607,0.437369,0.205725,0.46762,-0.110617,-0.152132,0.239364,0.351179,0.0115129,1.98994e-05,-0.560712,-0.401947,0.192525,0.859383,0.689597,0.52282,0.856495,1
-0.102761,0.542119,-0.452046,-0.000921186,0.268649,1.11837,-0.222753,-0.4904,-0.926517,0.0381761,-0.016059,0.824898,1.22904,-0.54367,-0.225108,0.29363,-0.4268,0.162841,-0.017803,-0.269667,-0.0171987,-0.43939,-0.712843,0.339982,-0.409874,-0.445347,0.453497,-0.0695215,0.233,-0.323772,0.452987,-0.125401,0.578483,0.877313,1
-0.498082,-0.192441,0.338157,1.52534,0.490999,-0.415455,-0.424888,-0.975295,0.527597,-0.0145523,-0.2569,-0.611063,-0.0499509,0.795076,0.040251,-0.309875,-0.0444341,0.743514,0.471513,-0.0984652,0.0205048,-0.434601,0.0954376,-0.246837,-0.214635,-0.382477,0.0813436,-0.00711761,0.0712197,0.036512,-0.723085,1.42481,0.439995,0.863458,1
0.0884964,0.52117,0.454997,-0.197095,1.01397,0.126706,-0.32834,-0.849019,-0.559708,-0.143954,0.683854,0.372269,-0.543173,-0.0224343,-0.688739,-0.764968,-0.398166,0.21484,-0.706869,0.214835,0.687431,0.0904544,0.195823,-0.10926,-0.218852,-0.403222,-0.513223,-0.320552,0.428938,0.480686,0.156225,0.793143,0.529574,0.807518,1
-0.524089,0.550389,-0.589041,0.202124,0.381748,-0.635463,-0.766391,-0.266544,-0.55185,0.813351,0.0579159,0.0773927,0.196236,0.487547,4.18535e-05,0.688993,0.48676,0.366418,-0.213585,0.319284,0.143649,0.0764947,-0.636243,-0.121762,0.375774,0.818534,0.189405,-0.450976,0.0844278,0.775859,-0.0457107,0.150558,0.514071,0.844984,1
0.094516,0.87004,0.26406,0.246168,-0.731478,0.644812,0.175659,0.424685,-0.530433,0.523031,-0.113447,-0.115008,0.194858,-0.186453,0.161304,-0.175088,-0.893304,-0.621043,0.628975,-0.301009,-0.0539884,0.192498,0.617478,0.147447,0.694266,0.298079,0.129433,0.380331,0.329495,0.725239,-0.567047,-1.07271,0.574671,0.888628,1
-0.384419,0.400506,0.0189701,-0.115533,0.00591317,0.578773,-0.241413,-0.326959,-0.573447,0.483241,-0.173162,0.00276555,-0.104507,-0.445885,0.122413,0.309135,-0.651419,0.729625,0.293588,-0.0771017,-0.58708,-0.305477,-0.178664,0.72697,0.181172,0.222631,-0.132389,0.164525,-0.0092359,0.285173,0.0995833,-0.306282,0.484353,0.912251,1
-1.11622,0.220782,-1.06114,-0.502166,0.362392,-0.0987814,-0.303982,0.398671,0.537477,-0.331803,-1.17264,0.54697,-0.449979,0.997296,0.324901,-0.816514,0.49652,0.291917,0.0290976,0.206361,0.806768,-0.0634139,-0.686306,0.335745,0.296046,-0.0129516,0.274677,-0.0695828,-0.495314,-0.554531,-0.438312,-0.179946,0.448071,0.805828,1
0.455719,0.0790763,0.489258,0.616145,-0.849068,0.281042,0.354059,0.301922,-0.00183056,-0.103971,0.380091,-0.0738908,-0.818519,-0.668553,0.428933,-1.16045,-0.064766,0.618045,-0.916508,0.88966,0.321618,0.706318,-0.820269,-0.0590027,-0.520994,-0.509966,0.254683,0.827667,-0.174166,0.18334,0.236485,1.04469,0.459131,0.814469,1
-0.397388,0.0788816,0.260668,0.0292308,0.868622,0.0504379,1.04122,0.658467,1.1847,-0.127261,-0.0371184,0.310231,-0.618205,-0.798567,-0.926998,-0.0217516,-0.0653512,-0.761807,-0.605052,0.973006,0.516445,0.508362,-0.18006,-0.924336,-0.260875,0.367067,0.796806,0.049741,-0.230308,-0.172063,-1.08468,1.22039,0.433322,0.834983,1
-0.216309,0.476331,-0.3461,-0.205904,-0.590542,0.492901,-0.410006,-0.00192414,-0.109275,0.715141,0.601515,-0.00612995,0.365576,-0.694311,-0.769691,-0.489787,0.462974,0.117541,0.470047,0.454927,0.623916,0.161717,-0.694549,-0.153722,-0.257228,0.179476,-0.0276972,0.0858145,0.199618,0.370503,-0.270904,0.758793,0.563889,0.888594,1
-0.13552,0.318098,-0.452415,-1.05592,-0.381674,-0.320204,0.312323,0.287027,0.0782109,-0.865147,0.437,-0.375649,0.657225,0.0155139,0.0771373,0.499322,-0.459916,-0.00604885,-0.504945,-0.249211,0.00336815,0.332471,-0.503464,0.69321,-0.0182332,0.202467,0.131181,0.0237558,0.517911,0.37814,0.0905395,0.43365,0.430247,0.921069,1
-0.610506,-0.17895,-0.35326,-0.162577,-0.130354,-0.251324,1.22781,0.130602,0.00200981,-0.760728,0.126065,0.140029,-0.635409,-0.39333,0.248439,0.206504,-0.433894,-0.380865,0.911658,0.0276881,-0.0432952,-0.201667,-0.801711,0.223401,0.0888511,-0.366951,-0.0131152,-0.213439,-0.639996,0.33256,-0.181012,-0.0255984,0.509623,0.899732,1
-0.697182,-0.677046,0.329152,0.828398,-0.398467,0.512225,0.142495,-0.0705763,-0.717102,-0.230509,-0.603434,-0.60553,0.247714,0.47428,0.0461258,-0.230176,0.348991,-0.846477,0.256478,-0.0407103,-0.427508,0.0433359,-0.626499,0.334599,-0.169407,-0.0911747,-0.575728,-0.321269,0.430557,-0.31405,0.104618,0.479208,0.579722,0.931769,1
0.626837,-1.09654,-0.870229,-0.224888,0.0371886,0.191002,-0.295781,0.669569,-0.371933,0.304325,0.408893,-0.291564,-0.00295326,0.36899,-0.189575,-0.396787,-0.554812,-0.366659,-0.516178,0.985185,0.263408,0.126066,-0.85726,-0.968668,-0.459609,0.446887,-0.220132,0.226395,-0.846091,-0.316185,0.429038,-0.144316,0.449314,0.762374,1
-0.0815307,-0.109683,-0.432738,0.602362,-0.513867,0.159511,-0.0461659,0.231482,-0.628711,0.0609298,0.309719,-0.248915,0.517904,0.668162,-0.472264,-0.721801,0.024862,-0.322045,-0.789729,0.601106,0.827808,0.23393,-0.0796609,-0.00864909,-1.2528,-0.647208,0.0521823,-0.206218,-0.360871,0.524922,-0.122613,-0.633314,0.502504,0.838362,1
-0.0136836,0.0461722,0.720429,-0.360419,-0.006623,-0.41272,-0.032355,-0.629414,-0.352031,0.161072,0.164442,-0.0498952,0.0385801,0.385777,0.50328,0.294276,-0.0799378,-0.188724,-0.521896,0.422691,0.188522,-0.84639,0.00271842,-0.559308,0.112394,-0.0509359,0.158706,0.244373,-0.711762,-0.305143,-0.0275592,0.52784,0.468527,0.76107,1
1.15169,-0.474517,0.179126,0.0203461,-0.335036,0.299121,-0.739326,-0.20623,-0.279628,-0.169669,-1.16007,-1.32451,0.25218,-0.157109,-0.353552,0.14841,-0.0872112,-0.102965,-0.384038,0.125258,0.377042,-0.0551317,0.599964,0.17248,-0.0522469,-0.295339,-0.395906,0.213078,-0.0465063,0.0850203,0.847263,0.181325,0.476206,0.829782,1
-0.132788,0.194688,0.388189,-0.0975237,0.551742,0.116043,0.00860039,0.292118,0.178565,-0.301667,0.398007,0.494393,0.475898,0.46322,0.612915,-0.474515,0.534013,-0.41102,-1.08379,-0.620193,-0.796526,-0.0236241,0.0974242,-0.449085,0.466465,0.827251,-0.776882,0.525046,0.428068,0.128119,0.921409,-0.351206,0.535159,0.942979,1
0.238848,-0.483651,0.516837,1.09204,0.0270443,0.0757876,0.102693,0.449198,0.0855817,0.713966,0.0432016,0.199842,0.0325146,0.451857,0.16183,0.122088,0.775226,-0.145235,-0.238782,0.201661,1.01342,0.229107,-0.234569,1.34897,0.406383,0.180273,0.384865,-0.403534,0.671134,-0.322733,-0.371938,-0.768646,0.428715,0.798117,1
1.49461,0.414134,-0.0319305,-0.574396,-0.94305,0.0529396,-0.452846,0.875561,0.325092,-0.840489,-0.26743,-0.0118434,0.541125,0.522118,0.191242,0.325307,0.525836,0.502755,-0.176566,-0.220789,-0.0936141,0.221379,0.111517,0.48607,-0.318879,0.160437,0.199549,-0.427844,-0.218968,0.702741,-0.0188752,0.446577,0.425864,0.855814,1
-0.172825,0.0873131,0.979787,-0.252354,-0.471783,-0.159831,-0.449872,0.508413,0.905732,-0.328465,-0.128752,0.0988218,0.700871,-0.00854251,0.951642,1.0341,-0.0458664,-0.164993,0.138341,-0.328553,-0.222461,-0.604613,-0.353312,0.176221,1.12096,-0.400191,0.199964,-0.323424,-0.432563,0.0798258,0.133188,-0.246129,0.519254,0.775441,1
-0.662376,-0.616306,-0.21093,-0.0275821,-0.0738457,0.168662,-0.427547,0.609608,-0.518871,0.385152,-0.274818,-0.250231,-0.256829,-0.200571,0.0266668,-0.117452,0.194642,0.771088,-0.928055,-0.100892,-0.539065,0.738044,0.916326,0.316865,-0.400778,-0.0797041,0.929072,0.346611,-0.412317,0.429445,-0.0605935,0.3252,0.436153,0.943128,1
-1.14752,0.222466,0.486018,-0.33992,0.508247,0.348759,-0.216343,0.793957,-0.46741,-0.508171,-0.225161,0.915707,0.380383,-0.0608647,0.337058,0.328251,0.01448,-0.0297126,-0.2198,0.0325204,-0.693353,0.243743,0.460469,0.198314,0.176095,0.387913,-0.857182,-0.282631,0.661371,-0.164176,0.933598,-0.214779,0.551574,0.934874,1
-0.162928,-0.442473,0.0363742,0.390608,0.345659,0.103041,0.458486,0.175366,1.02645,0.590191,-0.188173,-0.415362,0.802255,0.260186,0.24271,-0.290801,-0.108021,0.26707,-0.259949,-0.979869,-1.67013,0.900212,0.180702,0.238822,-0.651604,0.267716,0.859824,1.10196,0.332251,0.7857,0.517734,-0.160153,0.453804,0.937474,1
0.481181,0.636711,0.143879,0.700123,-0.723206,0.259594,0.332791,-0.479392,0.374376,0.0669047,-0.105649,-0.345017,-0.300125,-1.39484,-0.271699,0.598417,-0.00834164,-0.816764,0.51293,-0.0264808,0.660426,-0.74862,-0.552416,-0.815946,0.169516,0.61348,0.494339,-0.0731912,0.293991,0.32511,-0.152137,-0.301403,0.489186,0.923326,1
0.0893766,0.0947459,-0.432491,0.40379,0.600697,0.163896,0.271512,0.106893,-0.402059,-0.679457,-0.204998,0.272195,-1.34879,0.12138,-0.553481,-1.01244,-0.239082,-0.36338,0.177556,-0.483198,0.291265,-0.645217,-0.211178,0.071544,0.524951,-0.26136,-0.468489,-0.764296,-0.464315,0.755722,0.0624966,1.08258,0.449717,0.861188,1
0.396256,0.137095,0.270834,0.27204,0.107128,7.95,0.300169,0.258523,0.23717,0.103173,0.387501,0.291014,0.167471,0.373502,0.283731,0.399822,0.33105,0.389077,0.383346,0.171207,0.29224,0.379879,0.186225,0.198631,0.303957,0.342804,0.265108,0.174638,0.357163,0.337061,0.257425,0.190384,0.52,0.82,1
-0.479171,-0.0927692,-0.124319,0.202147,-0.482172,0.60551,-0.109925,-0.0170261,0.367204,-0.381822,0.658008,0.454892,0.758058,0.161001,-1.20226,0.786085,-0.674795,0.163431,0.560133,0.172591,-0.749787,1.14142,0.362213,-0.230585,-0.153962,0.0898028,-0.387512,-0.371273,0.481,-0.742896,0.533378,-0.95563,0.483837,0.856849,1
-0.0802037,-0.0218861,-0.438498,-0.557577,-0.861053,-0.386317,-0.48527,-0.0654803,0.859974,-0.715638,0.595363,0.219807,-0.495487,0.0386739,-0.0978238,0.128803,-0.512878,-0.194945,-0.800671,-0.279306,0.590641,0.202149,0.182466,0.518881,-0.184418,-0.5805,1.03252,-0.64472,-0.814184,0.656444,-0.216605,-0.848581,0.548918,0.795581,1
-0.29608,-0.144868,0.725219,0.275158,-0.138972,-0.165067,0.381196,0.231518,0.294231,0.798893,0.597571,-0.15175,0.167952,0.613502,0.489033,0.498659,0.721744,-0.897241,0.151145,0.688495,0.358766,0.583176,0.201822,0.704055,-0.474118,-0.311037,0.0641091,0.156095,-0.00691131,0.814017,0.499065,0.293073,0.499718,0.77546,1
0.556315,0.26848,-0.17144,-0.577328,-0.232472,1.42356,0.509022,1.16551,0.3548,-0.43774,-0.08066,0.679647,-0.326768,-0.111908,0.530486,-0.447511,-0.0555534,0.542218,1.50391,0.196933,0.560619,-0.689725,-0.404676,-0.427459,-0.575107,0.10372,-0.0982762,-0.902443,-0.715935,0.575438,0.32753,0.325667,0.567353,0.770313,1
-0.590996,-0.28048,-0.149614,0.8335,0.974414,-0.114641,0.72865,-0.492261,-0.218865,0.0906721,-0.721495,-0.0396849,0.00112904,-0.421017,-0.76162,-0.552271,0.0199668,0.700147,-0.0245835,0.537734,-0.379173,-0.242888,0.351609,-0.456072,-0.128111,0.510998,0.555895,0.374551,0.230787,-0.21131,0.546998,-0.622188,0.556763,0.852857,1
0.235147,-0.0523634,0.190016,-0.200649,0.758018,0.176307,-0.40678,-1.13483,-1.1028,-0.267696,0.478766,0.0689496,-0.750842,0.379984,1.28521,0.493554,-0.247345,1.4317,0.656504,0.167231,0.396336,-0.0454451,-0.46227,-0.319095,-0.708248,-0.140492,-0.339687,0.425478,-0.750962,0.36228,0.251203,-0.248509,0.544877,0.91591,1
0.0083003,-0.174276,0.294421,-0.683304,-0.109113,-0.591329,0.725923,-0.0398083,-0.0684172,0.154014,0.494278,0.248213,-0.704206,0.142477,-0.020749,-0.403201,-0.138909,-0.196054,-0.667168,-0.139634,-0.689215,0.970174,-0.325033,0.185087,-0.714163,-0.766225,0.315647,-0.608698,0.0411208,0.0464096,-0.0792745,-0.401275,0.534382,0.938927,1
0.335927,-0.0417779,-0.567729,0.454225,0.0821194,-0.216216,0.840959,-0.0892443,0.800217,-0.504231,0.313892,-0.108853,-0.443405,-0.200433,-0.793585,0.943973,-0.872365,-1.16835,0.189753,-0.235519,0.380806,0.307861,0.378859,0.193764,0.409537,0.187525,-0.701805,0.910939,0.557024,-0.539231,-0.368584,-0.563661,0.556816,0.820969,1
-0.0165538,0.195979,0.0462552,-0.842294,0.281431,0.112452,-0.936233,1.6055,-0.323727,0.0291758,-0.32209,0.235759,0.646921,0.273667,0.280433,0.148474,0.0683709,-0.345466,0.433843,-0.694681,-0.195962,0.125371,0.356332,-0.210723,-0.6788,0.210473,0.37016,-0.586294,0.0893599,0.0991751,-0.360343,0.0125796,0.489892,0.843005,1
0.559431,-0.0556606,0.566065,0.313736,-0.325173,-0.80013,0.350968,0.0214293,0.293935,-0.550347,-0.143096,-0.796392,-0.426782,0.332144,-0.137709,-0.813794,0.17027,0.305284,-0.960936,0.667007,-0.810992,-0.389315,0.196732,-0.0595463,0.0321607,-1.17317,-1.64526,0.305877,-0.0538787,-0.80722,-0.579828,0.041445,0.473911,0.901286,1
-0.0205363,-0.95529,0.892928,0.265446,-0.0369858,-0.0564939,-0.451822,0.143375,-0.296526,-1.02878,-0.676099,-0.241512,0.102998,-0.171326,0.200323,-0.517667,-0.305408,-0.382466,0.204209,-0.264871,0.282413,-0.187389,-0.217678,-0.144458,-0.117941,-0.0732509,0.588027,0.254673,0.662085,0.526553,0.149201,0.0118274,0.436055,0.847961,1
-0.82075,0.845436,0.364713,-0.689078,-0.17469,-0.0955734,-0.647429,-0.0322172,-0.296764,-1.12134,0.706245,0.646461,0.360821,-0.246781,-0.904693,0.0898058,-0.0918447,0.562284,-0.455823,0.305578,-0.10065,-0.37452,0.257403,0.0575953,-0.42535,0.805177,-0.319254,0.266317,-0.338968,0.109799,0.488542,0.0359011,0.567196,0.877963,1
0.205051,0.546142,-0.08125,1.32482,0.379352,0.497524,0.0808837,0.519788,-0.378451,0.361915,-0.562,-0.154067,1.12897,-0.121078,-0.2488,-1.03523,1.09161,-0.0841031,-0.186433,0.271599,0.00453138,-0.0813085,-0.424689,0.129791,0.00164643,0.761942,0.299344,-0.176725,-0.761773,0.67093,0.198317,0.0700104,0.475416,0.764653,1
-0.662763,0.239701,0.504951,0.459736,0.869389,-0.235189,-0.388669,-0.548389,-0.234965,0.552633,0.160791,0.377069,-0.117179,-0.0892547,0.681579,0.231825,-0.30552,-0.201977,0.907888,0.203298,-0.506537,-0.00439527,-0.606632,-0.461854,-0.161361,0.0454237,0.302777,0.762603,0.382778,0.273214,-0.444361,-0.69278,0.491028,0.846948,1
1.22726,-1.04818,0.139349,-1.31024,0.210695,-0.296051,-0.0628746,0.540378,-0.400998,0.55411,-0.339662,-0.40674,-0.826517,-0.361861,0.561985,0.561988,1.15973,-0.881659,0.655338,0.23857,-0.801441,0.366517,0.127133,0.607579,0.694598,0.456197,0.574807,0.14693,-0.521569,0.278014,-0.240325,0.26398,0.50319,0.843195,1
0.0974463,0.268397,0.271156,1.28975,0.561638,0.881417,0.135359,0.0969342,0.774502,-0.343188,0.0968948,-0.644111,0.435318,0.0416125,-0.368733,-0.784432,0.00446801,0.676453,-0.576861,-0.50062,-0.163622,0.368825,-0.0305804,0.923955,0.4767,0.523701,0.0931148,-0.201834,-0.187332,-0.202724,0.332719,-0.213972,0.527264,0.824591,1
-0.138036,0.511248,-0.0438003,0.740588,0.3649,-0.0194397,-0.0416451,-0.0658359,0.432526,-0.407227,-0.384049,-0.114559,-0.168512,-0.0611871,0.140631,-0.317332,0.559403,0.386274,-0.847354,0.773322,-0.120232,0.217231,0.0177091,-0.0273302,0.0127914,-0.0776174,0.282209,-0.736828,-0.327052,0.653745,0.371344,-0.239739,0.470016,0.788229,1
-0.285064,0.161866,0.0459264,-0.240089,-0.0936753,-0.817019,0.229812,-0.0240129,-0.276284,0.126674,0.104303,-0.0815017,0.0564562,-0.955975,0.43416,1.08819,0.149604,0.475409,-0.622441,0.709194,-0.300779,-0.00765949,0.738432,-0.197365,-0.0617732,0.523214,0.253617,-0.57064,0.966105,-0.137441,0.0393734,-0.100499,0.54303,0.797574,1
-0.804478,0.639689,-0.405042,-0.0763107,0.783387,-0.146244,0.163363,-0.24581,0.0157769,-0.0530634,-0.739018,-0.320971,1.73944,1.05406,-0.640592,-0.527602,-0.14981,-1.19784,0.039981,0.435635,0.422332,-0.0553166,0.660798,-0.11407,-1.09156,-0.477079,0.287162,0.656104,-0.248385,-0.285286,0.771149,-0.223879,0.550002,0.871098,1
0.933965,0.0104609,0.0728668,0.162024,-0.0823973,-0.971479,0.249972,-0.564123,0.459073,-0.29281,0.170561,0.0384684,0.307409,-0.38633,-0.0978709,-0.0359338,-0.0876841,0.154712,0.00698542,-0.669437,0.0749488,0.624123,0.446013,0.0118626,-0.312563,-0.693357,-0.843951,-1.02721,0.0794259,0.218933,-0.165527,-0.249947,0.52196,0.858004,1
0.436623,-0.868148,-0.717591,0.0864803,0.358467,-0.0279094,0.549396,-0.736797,-0.0222877,-1.20765,0.0582737,-0.704491,0.0334906,-0.0434322,-0.192462,0.100841,-0.669088,-0.562984,-0.565397,0.131697,-0.700957,-0.332849,-0.135664,0.387088,0.66134,0.125746,0.482253,-0.0585458,-0.687065,0.525029,-0.481202,-0.104111,0.480269,0.773389,1
0.209289,0.124398,0.16184,0.3231,0.357212,7.95,0.351111,0.192612,0.327456,0.121883,0.284984,0.11083,0.196957,0.277904,0.215616,0.277566,0.177679,0.352742,0.200408,0.221631,0.205295,0.191469,0.242396,0.206186,0.342598,0.158706,0.285856,0.317344,0.254691,0.200377,0.293988,0.180977,0.52,0.82,1
-0.722212,0.0794524,-0.0596922,-0.299004,-0.135768,-0.402321,1.30381,0.686705,0.547148,-0.45394,-0.202946,-0.563914,0.150857,-0.303355,-0.607832,-0.588438,0.329027,-0.383169,0.0685983,0.440685,-0.227433,0.383689,-0.808981,0.0369198,-0.267142,-0.312737,-0.667816,0.144867,-0.2103,0.52925,0.666385,0.16629,0.463133,0.92531,1
-0.0614915,-0.223332,0.0438522,0.300405,0.261393,-0.261601,-0.71867,-0.413739,-0.946326,-1.17549,-0.101436,0.383107,0.13328,0.423336,-1.05055,-0.00144328,0.611523,0.529502,1.45015,-0.136118,0.315075,0.354404,0.210057,0.229419,-0.0887362,0.192813,0.342236,-0.834554,-0.0694074,0.272906,0.113318,0.143992,0.511054,0.944277,1
-0.635864,0.223859,0.283536,0.851263,0.152964,-0.43251,0.751212,-0.465137,0.0186067,0.433525,-0.364283,0.195748,-0.182429,-0.0435799,-0.808706,-0.785288,-0.123445,-0.633512,-0.177822,-0.895304,0.0412883,-0.517637,0.00739074,-0.548876,-0.825306,-0.422866,-0.941288,-0.2133,-0.128837,0.679865,0.318178,0.325876,0.559615,0.922345,1
0.00302882,-0.118905,-0.100008,0.945591,0.733335,0.0713061,0.598636,-0.0844621,0.0285138,-0.0236418,0.0286192,0.252719,0.630407,-0.557418,-0.575039,1.51128,-0.284534,0.631591,-0.557786,-0.0652079,0.926861,-0.101152,-0.0195156,-0.0410771,-0.277221,0.83189,-0.183798,-0.322511,-0.148893,-0.771265,0.213401,0.410974,0.422504,0.795092,1
0.287655,0.0530485,-0.0767658,0.0671473,-0.163478,0.487019,0.415206,-0.130046,-0.108659,-0.0948149,-0.130589,-0.663738,0.913107,-0.465456,-0.0510223,0.439007,0.0779561,-0.0605517,-0.0673439,-0.200318,-0.097597,-0.349624,-0.00936244,-0.195552,0.394599,-0.717449,0.65805,0.178582,-0.315283,-0.0330449,-0.307916,-0.0765361,0.436102,0.895029,1
0.341396,-0.169384,-0.297003,0.337328,-0.467662,-0.507106,0.668798,-0.164333,0.0469034,0.00541218,0.184122,0.0704377,-0.425361,-0.0785342,0.339714,-0.105745,-0.320982,-0.330326,-0.0363405,0.676406,-0.851243,-0.690872,0.48429,0.124922,0.611845,0.806075,0.440595,-0.186772,0.494736,-0.388809,-0.0777328,-0.39166,0.477358,0.876,1
0.597414,0.609218,-0.0779402,-0.973034,-0.71249,0.0246637,0.193685,0.232195,0.06001,0.0970964,-0.461952,0.117396,0.95587,-0.209399,-0.642352,-0.267954,-1.42405,-0.0448681,0.454157,0.978358,0.543407,-0.223605,0.819237,0.415261,-0.182071,0.185404,-0.272249,-0.578774,-0.930329,-0.705569,0.811907,-0.668725,0.573038,0.809078,1
0.30795,0.324953,-0.24683,0.332707,0.446805,0.029626,-0.106834,-0.989105,-0.946968,-0.318116,0.586535,-0.501186,-0.838987,1.03348,0.950685,-0.332394,0.156314,0.346311,-1.00392,0.370133,0.0525456,0.488591,0.0758701,-0.566324,-0.137264,-0.141659,0.822174,-0.27317,1.18839,-0.115686,-0.301275,0.147436,0.48816,0.865146,1
-1.49824,0.758061,-0.947016,0.441705,-0.331971,-0.140024,-0.332235,-0.261607,-0.176208,-0.31769,0.592554,0.17283,0.170586,0.180949,0.423658,0.338701,-0.436106,-0.642496,-0.375469,0.0134923,0.688851,-0.47003,0.200229,-0.83035,-0.509419,-0.43151,-0.741179,0.546031,0.484298,0.481346,-0.190042,0.0994311,0.481435,0.821711,1
-0.354994,-0.110794,0.0144659,-0.317402,-0.205747,-1.19468,0.22363,0.103655,-0.718576,0.602559,0.085165,-0.398606,-0.388251,-0.565508,0.300895,-0.0760677,-0.244654,0.669868,0.0841895,0.494843,-0.577319,0.0789654,0.809026,0.526542,-0.362173,0.544867,-0.290737,0.287888,-0.116191,-0.180359,-0.890129,-0.543794,0.533457,0.876567,1
0.95,0.88,0.285751,0.360758,-0.430437,0.0709076,0.485337,0.308048,-0.211784,0.44175,0.470848,0.295821,0.178889,-0.161413,0.0487345,-0.247089,0.128063,0.224761,-0.0588182,0.397628,0.017691,-0.260035,0.2218,0.379658,0.0978306,0.347519,0.0238812,0.00733082,-0.0812502,0.0730586,-0.492651,-0.0146247,0.48,0.2,0
-0.221304,-0.00056112,-1.1694,-0.0970831,1.27757,0.306353,-0.396776,-0.854946,0.24755,0.679007,-0.581447,0.342466,-0.452639,0.819726,0.352724,-0.105161,0.109301,-0.138333,0.352756,0.0689674,0.0437541,0.0272154,0.394821,-0.155153,-0.926412,0.212573,-0.324148,0.744735,-0.185726,-1.11501,-0.559117,0.697933,0.562951,0.86488,1
0.891261,-0.871899,0.183078,-0.062944,0.716842,0.628266,-0.296506,-0.343043,-0.812041,0.0371874,-1.20371,0.529749,0.916747,0.0400451,-0.0292515,-0.251398,-0.752695,1.0138,-0.336525,0.17575,0.483612,0.229548,-0.0209491,0.0520451,-0.271638,0.485207,0.305951,0.156309,-0.609607,-1.28414,-0.169953,0.971862,0.57256,0.817198,1
-0.0970902,-0.10281,0.396153,0.542385,-1.49649,0.807396,-0.170511,-0.0791651,0.0908565,0.515787,-0.630277,-0.378637,-0.486836,-0.618035,-0.539619,-0.31559,-0.7374,-0.421887,-0.724126,0.309999,-0.171372,0.133207,0.387031,-0.201219,-0.0887678,0.38557,-0.551976,0.262945,-1.20638,-0.371661,-0.54146,-0.328439,0.559904,0.88047,1
-0.190667,-0.1977,0.173274,0.114112,0.695049,-0.943958,-0.456512,-0.56886,-0.166517,-0.800489,0.784419,0.292295,-0.742629,-0.649285,-0.28875,0.300001,-0.148559,0.280057,-0.00011262,0.238249,-0.512155,0.487254,0.2492,-0.530242,-0.443296,0.480188,0.0447771,0.451025,-0.413876,-0.44435,0.779217,-0.120294,0.463707,0.843074,1
0.823399,0.94739,0.786875,-0.257204,1.59868,-0.075754,0.012244,0.563672,-0.769096,1.28952,-0.0423348,0.417843,0.336439,-0.864357,0.139559,0.163872,-0.160447,-0.147752,-0.554063,-0.277957,0.587076,0.594236,0.190795,-0.408717,-0.467471,-0.217227,-0.71528,-0.659267,-0.527369,0.342795,0.331563,-0.255907,0.515542,0.875886,1
0.410609,-0.0651933,0.189283,-0.966755,-0.192477,0.577025,0.748941,0.701539,0.176239,0.228074,-0.612945,0.354615,-0.0586426,0.210101,0.0228899,-0.981977,-0.926545,-0.650576,-0.469717,-0.226139,0.0194061,0.260869,-0.649365,0.303365,-0.596652,0.204669,-0.0906883,0.273658,-0.665211,0.168707,0.274416,0.679293,0.439636,0.791556,1
-0.127534,-0.494176,-0.151958,-0.31543,-0.317704,0.157564,-0.26581,0.268399,0.622149,-0.182075,0.220062,-0.121497,0.39061,0.0828128,-0.111827,-0.491613,-0.195947,0.00100599,-0.282121,0.613415,0.363785,-1.65142,0.300368,0.426105,0.159413,-0.412241,-0.312874,0.0321411,-0.623558,-0.459581,-0.539687,-0.392056,0.51827,0.946643,1
-0.0792568,0.571956,-0.241936,-0.321802,-0.0270108,-0.263389,0.595943,0.70747,-0.688377,-0.539145,0.0105016,-0.158615,-0.417789,0.680466,1.05065,-0.865273,-0.192292,0.308224,-0.000296461,0.169215,-0.540866,0.119552,-0.0362739,-0.0818605,-0.14695,0.502804,-0.500094,-0.847542,0.0821037,0.503696,-0.356933,-0.572665,0.489992,0.927817,1
0.319917,0.0766944,-0.874947,-0.454855,0.301673,-0.171015,-0.181547,0.058265,-0.133734,0.522448,-0.085033,-0.398513,-0.747043,-0.365617,-0.0288705,0.634145,-0.405293,-0.935015,0.0303422,0.257837,0.626237,-0.0315734,-0.0407528,-0.157483,0.676721,0.183393,-1.03708,-0.441191,-0.0939837,0.673112,-0.507374,0.315729,0.452966,0.856751,1
-0.723665,0.167276,-0.187156,-0.0999175,0.0698572,-0.325397,0.331787,0.665729,-0.0775437,-0.269862,0.237533,0.19314,0.1104,-1.04472,0.749993,-0.164765,-0.304352,-0.163265,0.929442,0.190887,-0.759473,1.07204,-0.424163,0.467371,1.02662,-0.290133,0.37192,-0.414005,0.619378,-0.000465175,-0.0011935,-1.28729,0.564766,0.933178,1
0.508485,-0.131037,-0.37098,0.45412,-0.399331,-0.177742,0.193658,-0.263503,0.391655,0.231027,-0.328584,-0.299375,-0.406306,-0.0284439,0.171333,-0.758657,-0.334601,0.53701,0.0474576,0.397487,0.702478,-0.27247,-0.557959,0.319566,0.247068,-0.748019,0.085342,-0.539185,0.267492,0.204841,-0.315929,0.570927,0.483465,0.896513,1
-0.041454,0.440099,-1.48641,0.582019,0.180706,-0.118348,0.0984442,-0.118204,0.483441,-1.17142,0.124434,0.0228115,-1.04703,0.633305,-0.413342,-0.551297,0.472859,-0.179806,0.482798,0.437363,0.454576,0.0828898,0.0677209,-0.0699955,0.212865,-0.688103,-0.626344,-0.470873,0.307827,0.374474,-0.0397173,-0.191636,0.453294,0.784693,1
-0.292278,0.51599,-0.635605,-0.36517,0.483011,0.213425,-0.474884,0.507305,0.0022184,-0.0609043,0.922727,0.630538,-0.454873,0.197021,-0.245126,0.472299,-0.21056,0.0805533,-0.378017,-1.20236,-0.390488,0.378844,-0.134744,-0.479642,-0.030729,-0.505247,-0.246275,0.122861,-0.775367,-0.459112,-0.734881,-0.286104,0.546921,0.770424,1
0.158687,-1.06967,-0.114454,0.806077,-0.284447,-0.784971,0.168196,-0.672062,-0.210139,-0.251977,0.0295803,-0.047692,-0.459056,-0.344253,0.133112,0.318891,-0.90011,0.189386,-0.763082,-1.04583,-0.186963,0.394513,-0.566072,-0.281731,-1.10715,0.412677,-0.66453,-0.322229,0.630933,-0.644093,0.000253797,0.231757,0.432535,0.891237,1
0.347244,0.541347,0.661937,-0.739673,-0.141999,0.251937,0.124322,0.478044,0.860453,0.219629,0.0550355,1.05306,0.757062,-0.2337,0.126678,-0.41459,-0.253025,0.646261,0.08759,0.00994344,-0.073745,-0.241234,0.256128,-0.127375,-0.162467,-0.514156,0.859394,-0.355565,0.586425,-0.805065,0.356883,-1.02093,0.556988,0.905041,1
-0.318638,0.533917,-0.77998,0.0899924,0.36571,-0.287378,-0.629949,-0.629728,-0.407334,0.767307,-0.3344,-1.0681,0.502286,-0.168042,-0.028902,-0.585315,0.63287,0.210361,-0.343658,0.0100945,-1.23365,0.328314,0.37791,0.529845,-0.110842,7.02075e-05,-0.613298,-0.156475,0.753708,-0.252685,0.528017,0.384394,0.535344,0.886092,1
1.10797,0.0167191,-0.0071956,-0.435,-1.36255,-0.425452,1.01295,-0.470878,0.913356,0.140681,0.00543805,0.401974,-0.177153,0.074462,-0.213025,-0.573149,-0.818841,0.0241395,-0.895374,0.699116,-0.0495516,-0.207866,-0.232854,0.0286249,-0.923765,-0.192173,-0.197185,-0.632688,0.575789,-0.732277,-0.461917,-0.931088,0.422272,0.864973,1
0.841067,0.0584927,-0.292749,-0.0809015,-0.390815,0.512519,0.280134,0.0763296,-0.475768,-1.26439,0.724828,-0.464712,0.814028,-0.493509,-0.0625876,-0.162827,0.450551,0.209442,-0.575757,-0.161179,0.383267,-0.00629456,-1.10292,-0.0918279,-1.05817,0.108018,0.0920067,0.408407,0.0166347,-0.603594,0.594629,-0.470382,0.545301,0.939538,1
-0.684275,0.169055,0.624331,0.782408,-0.658848,-0.42282,0.500745,0.613602,-0.455219,0.218583,0.596038,0.762546,-0.653283,-0.660218,-0.221182,0.418379,-0.338559,0.224498,-0.533215,-0.127987,0.89095,-0.412354,0.387034,-0.368986,0.837448,0.345014,0.538717,0.440341,-1.04788,-0.314956,-0.65662,0.117588,0.423554,0.772871,1
-0.202314,0.519491,0.218437,-0.0998494,-0.363662,-0.465226,0.312625,-0.661467,-0.419362,-1.47868,-0.769884,1.29545,-0.0256979,-0.209625,0.244528,-0.6776,-0.14656,-0.374775,-1.19052,0.851031,-0.149914,0.237003,-0.131949,0.585557,-0.465694,0.51764,0.00529626,-0.479123,-0.473794,0.673375,0.00874202,0.552879,0.567179,0.859243,1
-0.975533,-0.795265,0.571236,-1.01462,0.682352,0.38652,-0.230858,-0.166496,0.448936,-0.563528,0.329006,-0.409952,0.349456,0.518309,0.967731,0.393492,-0.0537519,-0.158224,0.482504,-0.278286,-0.128897,-0.24408,1.0569,0.266189,-0.474986,-0.309172,0.229665,0.12566,1.6681,-0.88939,-0.633067,-0.307465,0.577587,0.760632,1
-0.333253,-0.992417,0.659285,0.108548,-0.0557345,0.494473,0.0705822,-0.26446,1.027,0.403237,1.2853,-0.0271832,0.289131,1.14779,0.442135,0.0379986,0.193862,0.0255161,0.733075,0.251056,-0.142661,0.711333,-0.0156098,0.47821,0.313427,0.641051,-0.165448,0.889258,0.768953,-0.260087,-0.457926,-0.357076,0.540987,0.764492,1
-0.410977,-0.811673,-0.601829,0.0796646,0.186378,-0.979769,0.250755,0.342852,-0.0490489,-0.513209,0.996499,-0.802362,-1.35073,0.162654,1.02352,-0.799518,0.485014,-0.272699,0.303258,0.596688,0.116139,-0.408373,0.115422,-0.370476,0.488037,-0.838323,1.00906,-0.170659,0.0894423,0.210392,1.0327,0.973321,0.430484,0.94037,1
-0.339686,0.642584,0.242458,-0.045521,0.725952,-0.256246,-0.0609258,0.344024,0.0891067,0.0324677,-1.0137,-0.609534,-0.145239,-0.644627,0.0530112,0.671294,-0.622618,-0.0266967,-0.66704,-0.475165,0.192281,0.0246842,-0.508299,0.38713,-0.00210835,0.248472,0.147501,-0.985723,0.140208,-0.0188946,-0.382535,-0.121208,0.445191,0.778394,1
0.219752,-0.633637,-0.255756,-0.533317,0.749656,-0.148993,0.657015,-0.210038,0.718047,-0.821049,-0.119971,-0.22257,0.00813402,-0.601033,0.259213,0.159715,0.22457,-0.766885,-0.42856,0.242334,0.0447107,0.418435,0.559318,0.827914,-0.129433,-0.690425,0.235118,0.362597,0.475347,0.395133,0.118996,0.336287,0.422941,0.910971,1
0.544788,0.202316,-0.148752,-0.012404,-0.0820032,0.327641,-0.382866,-0.0392473,-0.346988,0.452198,0.633799,-0.0669301,-0.857365,-0.119924,0.906841,0.119785,-0.357942,-0.153927,-0.00847373,-0.509262,0.666409,0.778529,1.12474,0.114814,0.195779,0.128419,-0.385948,0.63405,0.156277,-0.145474,0.247244,0.00463707,0.443451,0.786062,1
0.328975,0.379326,-0.144759,0.368308,-0.287455,-0.162226,0.481171,-0.300305,0.0935884,0.105667,-0.416058,-0.157273,0.10971,-0.577382,0.370585,0.395511,-1.01207,-0.560942,0.662839,-0.205541,-0.365671,-0.364309,-0.210483,-0.561661,0.336753,0.0302465,0.0494116,0.399453,-0.144804,0.751191,-0.473266,-0.344022,0.507064,0.934547,1
-0.13835,-0.0371303,-0.273026,0.17679,-0.394661,-0.34685,0.297167,0.431161,-0.334786,0.212373,0.258348,0.661363,-0.6694,0.488554,0.470912,0.265784,0.0515966,-0.622225,-0.0582916,0.743885,0.761257,0.215919,-0.528781,0.18899,0.989944,-0.255642,0.869084,-0.680775,0.138519,0.102472,-0.01605,0.375317,0.425527,0.772528,1
0.578289,-0.350543,0.619117,-0.32924,0.0139322,0.530539,0.171726,0.0233408,0.130193,-0.421916,0.715183,-0.483039,0.514478,-0.329929,-0.0198036,-0.158489,-0.0862239,0.771315,0.289711,1.11063,-0.0310585,-0.0800271,-0.171417,0.695477,0.14428,-0.0252128,0.173408,-0.426342,-0.524114,0.255986,-0.08705,0.339103,0.46621,0.836684,1
0.113725,-0.369931,-0.349035,0.0167218,0.023281,-0.00933181,0.381838,0.985659,-0.823793,0.856532,0.301761,0.0973113,-0.216012,-0.506846,0.212827,0.623181,0.552495,-0.209659,0.116718,-0.526728,-0.0712157,-0.63074,0.606359,0.0251864,-0.38769,-0.342167,-0.333555,-0.219282,-0.503443,-0.652644,-0.00439256,0.110989,0.477468,0.949657,1
-0.57504,0.803076,0.0923092,0.0433624,0.293748,0.994878,0.0260708,-0.000671117,-0.469005,1.05415,-1.18668,0.00233093,0.375542,-0.534507,0.576637,0.509249,-0.254046,-0.68306,0.965905,0.27705,0.424899,0.462163,-0.0696749,0.360483,-0.344554,0.133227,-0.849113,0.0761804,-0.176048,-0.339412,-0.739556,-0.268928,0.47953,0.882733,1
0.518864,-0.471975,0.387809,-0.502281,0.294922,0.612471,-0.434168,0.00349349,0.42007,0.172607,-0.253186,0.417288,0.480049,-0.388797,0.169501,-0.00641194,0.0101481,0.384255,0.127635,0.00584871,0.232712,0.86866,0.205915,-0.312785,0.333719,0.264874,0.0821682,-0.0912191,0.681671,-0.379511,0.0498221,-0.0348722,0.544173,0.825772,1
-0.561876,0.346062,-0.0197884,-0.0197294,-0.716081,-0.491558,-0.784288,-0.228206,-0.400828,0.156062,-0.207441,-0.512892,-0.597319,0.696121,0.220309,0.197228,0.507904,-0.189667,0.240117,-0.632225,1.04411,0.265173,-0.0194946,-0.130184,0.332871,1.04768,-0.072577,-0.233657,-0.0738244,-0.391931,-0.917494,-0.332239,0.463697,0.791823,1
0.0132758,-0.0794351,-0.266869,-0.467901,0.140126,-0.18248,-0.304105,0.552436,0.368762,0.190851,0.0361678,-0.242087,0.300469,0.573306,0.453202,-0.212233,-0.480414,-0.461869,-0.556276,0.61129,0.22617,-0.125607,-0.158347,0.647634,-0.536422,0.175082,-0.945301,-0.968725,0.213128,-0.329479,-0.0417309,0.182055,0.465357,0.934245,1
0.677932,-0.334241,-0.391295,0.0914208,-0.153813,-0.0956508,-0.347616,0.726678,1.26973,0.134347,0.527697,-0.264575,0.221463,-0.00125274,-0.32789,-0.15341,1.02031,-0.943872,0.0203174,-0.552098,0.200976,0.0310556,0.684626,-0.128771,-0.155581,0.0481221,0.640327,0.140386,0.393425,-0.634437,0.591696,-0.25383,0.485059,0.863987,1
-0.2453,0.171178,0.132484,0.425595,-0.157075,-1.23532,0.318884,0.377972,0.126819,0.407223,-0.787601,-0.319871,0.620313,-0.29977,-0.888182,-0.473053,0.181927,0.179375,0.125457,0.0252721,-0.41939,-0.199293,1.03089,-1.12581,0.651222,1.09327,0.0823217,0.142375,-0.372318,0.458402,0.00664988,0.312007,0.44253,0.762562,1
-0.189827,-0.0249255,0.0660727,0.204914,0.436088,-0.319814,0.144284,0.215848,-0.208811,-0.655136,0.18944,-0.455084,-0.0434365,-0.6356,0.252085,0.319064,0.236008,0.448624,-0.808123,-0.583089,0.791744,0.562885,-0.140237,-0.0927083,-0.789709,0.650965,-0.438823,0.308382,-0.762955,1.26168,-0.265172,-0.533803,0.488731,0.924499,1
-0.518519,-0.280345,-1.01943,-0.256433,1.57126,0.577879,-0.337196,-0.298114,-0.148547,0.031253,-0.00107401,0.523052,1.29194,-0.460674,0.071357,-0.293253,-0.684246,-0.26484,0.396553,0.201702,-0.709315,0.159605,-0.0956544,-0.877312,0.344472,0.751503,-0.135538,0.0445046,0.685767,-0.407943,-0.805165,0.22123,0.526359,0.867945,1
-0.0426805,-1.17725,0.232751,0.651249,-1.00119,-0.0854999,-0.0824781,0.300376,0.174856,-0.0425694,0.0442876,1.00485,0.410919,-0.0550091,0.0906432,0.676101,-0.554233,-0.486069,0.259814,0.305099,-0.0576501,0.305031,0.59405,-0.412891,1.03586,-0.453587,0.290097,-0.530057,-0.369444,-0.579922,-0.18017,-0.614779,0.546872,0.861689,1
-0.596862,-0.180175,-0.197189,0.42036,0.488745,-1.33333,-1.20733,0.358862,0.815147,0.317765,-0.490568,-0.250646,1.00984,-0.280468,0.236258,-0.204493,0.185878,-0.902538,-0.719169,-0.195804,-0.869731,-0.41908,-0.165739,0.429445,0.413796,-0.438411,-0.25972,-0.0256799,-0.988306,-0.236931,0.258296,-0.333604,0.449886,0.760119,1
0.225125,0.521181,-0.032762,0.195854,-0.598611,-0.0578272,0.526135,-0.340045,-1.24034,-0.527775,-0.208789,-0.247744,0.682522,-0.760889,-0.0315651,-0.22699,0.376342,0.27318,0.166271,-0.295678,0.343109,0.0139031,0.250188,0.391767,-0.315336,0.369517,0.360206,0.552569,-0.48656,0.697654,-1.5221,0.229585,0.504116,0.870387,1
-0.315033,0.828067,-0.85388,0.260063,-0.669459,-0.618361,-0.311008,0.583588,-0.0896919,-0.2717,-0.636854,-0.674795,0.354943,0.294161,0.0623482,0.516244,-0.0812179,-0.218978,1.24557,0.305178,-0.878093,-0.0166703,-0.153955,-0.475552,-0.0720897,-0.322508,0.0886064,-0.316698,0.489169,0.875058,1.66673,-0.0273164,0.451427,0.874764,1
-0.231772,-0.917255,0.651662,0.721722,0.15274,0.43522,0.588458,0.371852,0.840192,0.196245,0.0981263,0.285439,0.82121,0.197806,-0.482945,0.0710702,-0.267195,-0.276556,0.0190477,-0.758261,0.129825,0.312744,-0.159085,-0.371629,-0.181967,-0.668027,0.360399,-0.129572,0.236226,0.87226,0.799193,0.0871384,0.478856,0.929013,1
0.762215,0.450964,-0.386127,-1.11692,-0.97627,0.662702,0.22688,-0.885778,0.334511,0.351153,-0.354264,-0.0962334,0.629308,-0.834903,0.718051,0.328561,-0.243892,-0.323073,-0.531938,-0.811607,0.0312932,-0.0606724,-0.231587,0.134711,-0.0858745,0.0673828,-0.266892,0.275986,-0.0420729,-0.525861,-0.08115,-0.0563498,0.444006,0.764271,1
-0.350068,0.81378,1.19139,-0.628526,-0.244455,-0.0688236,-0.259516,0.36504,0.588806,0.197396,-0.00460433,0.0647385,-0.649465,-0.737403,0.257674,0.0819549,0.406154,-0.202463,0.15208,-0.894046,0.352625,-0.176296,-0.0296689,0.325608,-0.0255372,-0.230923,-0.350533,0.529378,0.550574,0.760341,-0.00526376,0.520394,0.437532,0.869532,1
0.193148,0.345225,0.279162,-0.527388,-0.438165,0.445414,0.175823,0.194638,-0.407585,0.16899,0.174284,0.390303,-0.441186,-0.00269572,-1.09408,-0.244574,-0.0865078,-0.421791,-0.754541,0.803254,-0.386618,0.149478,-0.187075,0.107337,0.325508,0.0787322,0.0128555,0.027263,-0.501179,-0.404028,0.160459,-1.42226,0.575027,0.762064,1
-0.336982,-0.149492,0.4977,-0.583862,-0.792254,0.0345558,1.04496,0.498159,0.304607,-0.297849,1.2266,0.768035,-0.235049,0.342575,0.203784,-0.410914,-0.163705,0.54973,0.417096,-0.637102,-0.087403,0.472917,-0.533905,0.136151,1.37706,0.811403,0.0779417,-0.833371,0.566913,-0.0265185,0.809114,0.107567,0.465891,0.831636,1
0.0591347,-1.06049,0.111962,0.0369992,-0.111606,0.07944,-0.675726,0.403118,-0.211768,0.442847,-0.158488,0.149586,-0.934006,1.35862,0.0460752,-0.930104,-0.758233,-0.300566,0.754896,-0.580135,0.344754,0.423608,0.0992632,0.368085,0.23411,-0.256007,0.733202,0.666143,-0.119904,0.0035719,-0.0293961,-0.151632,0.479727,0.839824,1
-0.82032,-0.315151,-0.481063,-0.141584,0.297144,0.24656,-0.333695,0.743582,0.100998,1.20293,-0.182423,-0.597788,0.014195,-0.45036,0.542277,-0.0665368,0.0624639,0.415502,0.580038,0.106215,-0.449989,-0.377866,-0.198941,-0.0576807,-0.234275,0.269163,0.112009,0.27463,-0.412646,0.111109,-0.624754,0.140419,0.477341,0.867958,1
0.408116,-0.502859,0.579128,-0.491747,0.196417,-0.0644157,0.31977,0.146795,-0.310948,0.140493,0.313386,-0.825951,0.824882,-0.325096,0.188409,-0.471936,0.0274078,0.111139,0.438668,0.693622,-0.166951,-0.172112,-0.168086,-0.0336958,0.145715,-0.0474564,0.100131,-0.0351544,-0.407944,0.132191,-0.322011,0.0313497,0.446006,0.826301,1
-0.418001,-0.344169,0.401886,0.698605,-0.611228,-0.14241,-0.0457854,0.0621516,-0.338296,-0.576018,-0.840021,-0.812619,-0.452653,-0.280408,0.787464,0.14466,-0.686026,0.75222,-0.728537,-0.871471,-0.301603,0.401992,0.358085,0.0918325,-0.553184,-0.710537,-0.504295,0.718291,0.558288,-0.369796,1.29603,-0.597883,0.527847,0.90532,1
0.431145,0.0969279,-0.645346,1.14486,-0.252123,0.412487,-0.212657,0.569977,0.302646,-0.0197585,-0.835307,-0.141781,0.439698,-0.00023077,0.129991,-0.492658,-1.10091,0.617283,-0.666987,-0.69316,0.337984,0.44656,0.428593,0.676364,0.0841476,0.309586,0.275557,0.0492368,-0.217402,-0.00403011,-0.121432,-0.367603,0.489789,0.841084,1
0.204631,-0.0814552,-0.595368,0.150529,1.26299,-0.269121,0.306181,-0.462461,0.80181,-0.548489,-0.381758,-0.176146,0.250376,0.0542677,0.101919,0.778268,-0.0336143,0.235233,0.0903254,-0.503708,0.574078,0.57014,1.01959,-0.451282,-0.319253,-0.514497,0.25455,-0.510058,0.122631,0.452304,-0.0476274,-0.00531467,0.526716,0.852447,1
0.277705,0.0371597,-0.0334173,-0.607258,1.15524,0.239299,-0.012476,0.55649,-0.218064,0.322237,0.271858,0.339216,-0.499073,-0.721242,-0.139897,0.430256,-0.114875,0.404126,0.172111,0.00549222,0.260918,0.384625,-0.718695,-0.0515032,0.470623,0.797438,-0.0566035,0.896977,0.121054,-1.34957,-0.0307196,1.00429,0.560705,0.835886,1
0.379181,0.57131,0.578743,-0.306297,0.384742,0.848942,-0.733873,0.0504671,-0.248209,-0.385492,-0.13082,-0.366421,0.827689,-0.0428655,0.0253122,0.253758,-0.234586,-0.524268,1.65603,0.374305,0.270069,-0.655186,-0.481862,-0.328814,-0.450682,0.342508,-0.372728,-0.389747,-0.991572,-0.131106,-0.565058,0.19788,0.53361,0.893004,1
-0.0797861,0.481049,0.348365,-0.0568145,0.276612,-0.170112,-0.151262,0.128246,0.0277739,1.13862,-0.255616,0.445931,-0.421998,0.149832,-0.0655996,-0.274345,0.392613,-0.157428,-0.186869,-0.251423,0.404996,-0.630145,0.409266,0.212366,-1.04623,0.694993,-0.410147,-0.42312,0.269037,0.444928,-0.486178,-0.304132,0.491108,0.840224,1
0.111496,0.564332,0.746227,-0.262903,-0.431302,-0.660384,-0.0520763,0.539198,0.0141599,-0.269683,1.12888,-0.333468,-0.141368,-0.168668,0.172706,-0.559724,-0.889058,0.344977,0.345227,0.566047,0.396148,0.190693,-0.261645,-0.508476,0.454262,-0.0764968,-0.215103,0.48964,0.0120661,-0.48446,0.196864,-0.50388,0.438085,0.794647,1
-0.70105,0.012509,-0.534356,-0.346958,-0.080952,0.441976,0.305482,-0.804574,-0.21938,0.598888,-0.126594,-0.496987,0.820346,0.574255,-0.198196,0.859596,-0.615919,0.028025,-0.244362,0.206464,-1.00246,0.291606,0.0377118,-0.721544,0.597687,0.144371,0.417841,-0.326475,0.92902,0.128501,0.412887,0.165591,0.553826,0.800653,1
-0.19871,-0.577328,-0.152459,0.432084,-0.139044,0.385121,0.0399189,-0.300917,0.442578,-0.648555,0.408691,0.413408,0.0725332,0.598608,-0.767026,0.14433,-0.142513,-0.0511163,0.365034,0.209638,0.38793,-0.642782,-0.556991,0.0966552,0.173734,0.468374,-0.769554,1.14,-0.13325,0.196248,0.165545,-0.0502414,0.54414,0.797829,1
0.496526,-0.974925,-1.16098,0.240004,0.753478,0.916176,0.482321,-0.174967,0.674933,-0.501371,0.286191,0.813591,-0.610884,-0.900898,-0.168782,0.441933,-0.549073,0.0313881,-0.107478,-0.803059,0.706804,0.14654,-0.192863,-1.66562,-0.350208,-0.353938,-0.192552,0.799546,-0.737222,-0.47653,0.497992,-0.215616,0.496599,0.913189,1
0.88416,0.0779677,0.240688,-0.504245,0.593439,0.1997,0.401199,-0.866799,-0.28216,0.22902,-0.966827,-0.436066,0.357048,0.0533781,-0.0414188,1.07371,-0.0892495,-0.538115,-0.315733,-0.0726228,-0.232055,-0.21488,-0.26713,-0.243277,-0.0749484,0.013699,0.948147,-0.479257,-0.152672,-0.50807,-0.438069,-0.619342,0.421437,0.851939,1
-0.813942,0.511927,0.185548,-0.495127,-0.475214,-0.783992,0.116344,0.366382,-0.526477,-0.570442,-0.0376405,0.110375,0.705463,-0.60961,-0.349035,-0.631452,0.494958,-0.724703,0.214077,-0.218446,-0.0671939,-0.454315,-0.280126,-0.126896,0.251203,-0.593686,-0.253681,0.193291,0.0757537,0.315849,-1.60305,-0.23735,0.454889,0.796994,1
0.0560455,-0.621678,0.170252,-0.327028,0.36533,-0.27704,-0.292445,-0.159879,0.659604,-0.956076,-0.216114,-0.304437,-0.489574,0.75409,0.292902,-0.369849,-0.15439,0.381795,-0.635516,-0.766209,0.437934,0.757365,0.664942,0.142195,-0.227589,-0.150246,0.240748,0.407559,0.0757115,0.473629,0.371468,-0.492674,0.487039,0.781814,1
0.195922,0.0700308,-0.259019,-0.224041,-0.413071,-0.728046,0.0504556,-0.301369,0.812128,0.488838,0.0799707,-0.205026,-0.173666,-0.0413041,0.395823,0.241077,-0.56055,-0.43819,-0.323785,0.100226,-0.278629,0.812473,0.411439,0.449276,-0.967679,0.914573,0.384463,-0.122506,0.435224,0.471052,-0.747018,-0.29919,0.448008,0.829107,1
0.992589,0.115236,-0.0967029,-0.326333,-0.851199,0.433163,-0.0545945,0.779715,-0.295979,-0.185211,0.172328,-0.893584,0.0740788,-0.159671,0.713722,-0.385188,-0.608468,0.304826,0.709733,-0.361974,-0.491042,0.995523,-0.0624309,0.193209,0.178136,-0.292179,0.645309,0.298479,1.1974,-0.109641,0.394096,1.22126,0.518354,0.771804,1
-1.04623,-1.17611,-0.020598,0.381975,0.0136832,-0.295069,-0.0753305,-0.447061,0.0573053,-0.0128126,-0.510831,0.115184,0.0954615,-0.357463,0.619079,-0.264039,0.769582,0.0521896,0.260832,0.118041,-0.303348,-0.559383,-0.0986992,0.120724,-0.155585,0.405324,-0.0163221,-0.34416,0.430109,1.03576,0.0613148,0.273926,0.558526,0.821362,1
0.324659,-0.161061,0.357175,0.199952,-0.0498684,-0.0970794,-0.569761,-0.0373399,-0.476456,-0.392443,-0.758723,0.264024,0.297904,-0.32591,0.372529,0.454637,-0.137042,-0.627533,-0.173555,-0.606345,-0.119704,0.605119,0.707854,0.603089,-0.025593,-0.821243,0.071394,0.0925629,-0.122231,-0.455913,0.941461,0.202283,0.535466,0.770043,1
0.753264,0.31581,0.253753,-0.864104,-0.737527,-0.955657,0.593134,-0.711875,0.0834787,1.09943,-0.721231,-0.695824,0.52486,-0.831382,0.14073,0.211183,-0.102043,-0.823849,-0.397885,-0.384845,0.752381,0.516269,-0.662252,0.719489,0.2873,0.593121,1.19413,-0.414683,-0.377425,-0.400631,0.143406,-0.532094,0.434532,0.844017,1
0.690334,0.82838,-0.0925599,0.173715,-0.34024,0.23484,0.284427,0.106001,0.231291,-0.554322,-0.37228,0.464077,0.0414533,-0.57528,-0.244915,0.294832,-0.324541,-0.327793,0.154886,0.0899954,1.09309,-0.395353,0.90862,-0.174423,0.28705,0.0544491,-0.422442,0.000665911,0.453855,-0.606806,-0.799267,0.098869,0.546416,0.874796,1
-0.417406,-0.424263,0.125276,-0.484899,-0.161768,0.265771,0.175842,0.593557,0.290289,0.226922,0.241959,0.736931,-0.0506871,-0.142024,-0.27554,-0.232817,0.455948,0.322676,-0.601083,0.423613,-0.494714,-0.159499,0.80111,1.17996,0.137154,0.693732,-0.0569299,-0.691914,-0.0208998,0.747489,-0.448858,0.175359,0.539405,0.935815,1
-0.0335056,0.0463081,0.591737,0.220355,0.414885,0.148281,0.388488,-0.598942,-0.0359514,0.0542083,0.793767,-0.92599,0.169681,-0.0820998,0.258648,-0.420559,0.00531215,-0.100112,-0.432568,-0.0790416,-0.569217,-0.425273,0.276917,0.311886,0.265076,-0.401441,0.154184,0.0914847,1.19159,-0.45142,0.311464,1.16339,0.449286,0.835275,1
0.313056,-0.183117,0.830809,0.480276,0.913205,0.173242,-0.149867,0.114203,0.785142,-0.102087,0.229399,-0.531401,-0.362071,-0.280817,-0.00959742,-0.20692,-0.429583,-0.0785694,0.266446,0.109144,-0.581543,0.0177656,-0.785086,0.00634687,0.321415,-0.880373,-0.425445,-0.570644,0.141119,-0.493746,0.187027,0.0578579,0.496962,0.861104,1
0.562025,-0.419699,-0.387051,0.849522,-0.0303657,-0.494057,-0.13391,-0.11367,0.887678,-0.466771,1.01788,-0.12595,-0.332085,-0.449274,-0.512335,-0.560016,0.814685,0.79048,-0.331859,1.17895,-0.479971,-0.505262,0.0642528,-0.0586431,-0.224641,0.119607,-0.775515,-0.261807,-0.0836938,0.618332,0.798869,0.167802,0.44532,0.816898,1
-0.0958102,-0.333678,0.181439,-0.036523,-0.321774,0.109202,0.698543,-0.682617,-0.738883,0.00859876,0.146118,1.00758,0.321619,0.00393247,-0.444403,0.118026,-0.0342061,0.307628,0.894687,0.532131,-0.761838,0.71006,0.58945,-1.0202,-0.300722,-0.465443,-0.0331345,0.633735,0.657488,-0.672589,-0.371028,0.236061,0.434464,0.766671,1
-0.0767461,0.217531,0.590071,0.0726303,1.26337,0.549996,0.585045,0.0379306,-0.765859,-0.139921,-0.0858765,0.957166,-0.128902,-0.70068,-0.486166,-0.253292,0.00730539,0.217565,0.457422,-0.212198,-0.076801,-0.284542,-1.00555,0.593056,-0.532332,0.245038,0.294442,0.084322,0.137938,-0.346995,0.111235,-0.494872,0.530551,0.807363,1
-0.271221,-0.0186796,-1.24182,-0.410347,-0.0750664,0.440492,0.64679,0.427563,0.111656,-0.240292,-0.384691,-0.196335,0.0345852,0.513559,-0.0243442,-0.0555579,-0.305372,-0.612119,0.114123,-0.0958701,0.497868,-0.0230267,0.722068,0.645453,-0.198704,-0.240938,-0.349583,1.16209,0.13056,-0.514971,-0.364437,-0.15863,0.427247,0.796132,1
-0.204725,0.648982,-0.538186,0.174344,-0.469435,0.529812,0.0227224,-0.255651,-0.952202,-0.175406,0.0728298,0.598018,0.953001,-0.947844,0.16012,0.415974,-0.697925,-0.257653,-0.325983,-0.234634,0.237801,0.45783,-0.280717,-0.114257,0.289915,0.29792,0.412988,-0.53319,-0.290964,-0.160273,-0.614768,0.329088,0.422255,0.894629,1
-0.408584,-0.387624,1.71097,-0.0559104,-0.990922,0.263567,0.43726,0.142463,-0.0897809,-0.736946,-0.338734,0.256187,0.113169,0.941681,-0.082302,0.772709,0.156255,-0.10488,-0.110774,-0.25181,-0.876816,-0.594281,-0.327502,0.326977,0.451462,-0.190457,-0.21464,0.573513,0.0795666,-0.112045,-0.0891406,0.602223,0.568088,0.850261,1
0.292541,0.0872985,0.0494044,-0.160615,-1.10172,0.127445,-0.262423,-0.13123,0.17385,-0.514446,0.0100224,-0.0498632,-0.360442,0.296719,0.54736,0.0405519,0.746775,-0.251281,0.325602,0.520595,0.142193,1.01725,-0.55165,-0.517626,0.316629,0.432131,-0.309339,0.3692,0.558399,0.658467,-0.299632,-0.0447651,0.455694,0.822753,1
0.414627,-0.00949863,-0.676788,-0.228559,-0.731337,-0.0642123,-0.239916,1.08412,0.143779,-0.506134,0.200829,-0.917627,0.204796,0.589308,0.623677,-0.182975,0.423591,0.699708,0.147478,-0.282833,0.246266,-0.353648,0.350722,-0.860308,0.715198,0.732128,0.412446,-1.0033,0.197653,0.172769,0.221824,0.0227995,0.493407,0.840268,1
-0.9109,0.124479,-0.360599,-0.606334,-0.0544799,-0.357997,0.0112412,0.100359,0.700456,-0.216509,0.13201,-0.486045,-0.528254,0.0723168,-0.252859,-0.905344,0.645985,0.232322,-0.0820846,-0.0846246,0.181949,0.193088,0.53734,-0.58971,0.382771,-0.107472,-0.118593,-0.111798,0.628358,0.622855,0.909795,0.137875,0.570182,0.831774,1
-0.323152,0.0960202,0.67333,-0.557708,0.0449653,0.181839,-0.0950355,-1.16463,0.195431,0.117997,-0.680833,-0.0571197,0.0708788,0.362576,-0.594282,0.112025,-0.00283904,-0.435525,0.429117,0.0342497,-1.28208,0.0505077,0.118904,-0.342157,0.579616,0.17082,1.06143,0.267412,-0.251492,0.291322,0.695471,-0.314078,0.520591,0.763529,1
-0.0832264,-0.837567,-0.867591,-1.26762,-0.752852,-0.390787,-0.054808,0.135608,0.320111,-0.621808,-0.0787693,0.300216,0.0353507,0.558088,-0.42067,-0.571177,0.61563,0.103262,0.0703121,-0.456555,-0.888586,0.847204,0.924842,-0.101445,-0.146087,-0.265546,0.151313,-0.802224,-0.789523,-0.0794806,-0.335785,-0.327043,0.531664,0.856961,1
-0.170826,-0.159967,-0.0682345,0.393265,-0.172075,0.166635,-0.111032,-0.233546,0.433126,0.0665839,-0.326463,-0.395603,0.761696,-0.188412,-0.398996,0.268928,0.941801,0.380942,0.63708,-0.0603343,0.219706,0.237058,0.368951,0.725037,0.426093,0.603893,0.229817,0.383685,0.526986,1.26813,0.0594625,-0.581705,0.524727,0.803425,1
0.95,0.88,-0.419103,0.140066,0.140187,-0.206297,0.0470489,-0.254554,-0.258222,-0.382259,0.30622,0.147706,0.242254,0.479039,-0.106456,0.293285,0.284879,-0.365735,0.142571,0.227112,-0.193135,-0.460972,0.11293,-0.216861,0.429966,0.268825,-0.175784,-0.483625,0.211755,-0.26989,-0.361854,-0.12599,0.48,0.2,0
0.533753,-0.442689,0.1467,0.692623,-0.185048,-0.0716901,-0.549146,0.580942,-0.905381,0.092525,1.16773,0.628104,0.0757602,-1.32374,0.614338,0.410229,-0.443628,1.12401,0.4253,-0.645717,-0.35417,-0.276135,-0.251985,0.389194,0.0717353,0.317127,0.39551,-0.476671,0.122317,-0.359585,0.18771,-0.537769,0.430784,0.761578,1
-0.0989919,0.357552,0.607756,0.677921,0.197457,0.160154,-0.741804,-0.215605,0.636894,0.448401,0.338561,0.22531,-0.0192599,0.599301,0.470664,-0.799356,-0.227385,0.266667,0.108824,-0.270627,-0.0878872,-0.336113,-0.54838,-0.601789,0.0261653,-0.562524,0.0473447,0.181856,-0.981095,0.2805,0.561039,0.27488,0.446098,0.907611,1
0.256883,0.892725,-0.454182,-0.0783763,-0.161822,-0.191516,0.188161,0.611327,-0.316198,-0.328094,-0.622429,0.0394935,-0.474085,-0.332267,-0.159137,0.325331,-0.78427,-0.0654272,0.464344,-1.15723,0.214022,0.446228,0.686647,0.464811,0.477,-0.313794,-0.467756,-0.168707,-0.240447,-0.609395,-0.380979,0.388492,0.503798,0.763814,1
-0.563001,0.177276,-0.319072,1.22421,-0.118915,-0.165245,0.134281,0.402689,-0.625795,-0.15211,0.437728,0.204687,-0.206664,0.0780875,0.31164,-0.619405,0.136037,-0.510308,1.1416,-0.117692,-0.010337,0.266113,0.272552,-0.28581,-0.612407,-0.172346,0.502259,0.584071,0.0272284,0.457399,-0.388782,0.199147,0.453326,0.870206,1
0.491979,0.853714,0.510664,0.0282817,0.174306,0.594807,0.154194,0.685602,0.00917534,-0.0304455,-0.849792,0.305085,-0.0348599,-0.0409577,-0.442797,0.525826,0.948679,-0.576985,-0.727502,0.214817,-0.343536,0.0994352,-0.0320188,-0.957477,-0.330559,-0.0469283,0.146775,-0.620878,-0.176824,-0.615722,-0.328661,-0.137003,0.509245,0.768931,1
-0.120475,0.526521,0.476349,-0.637944,-0.249886,-0.0746855,0.237097,0.686092,-1.1403,-0.122942,0.261803,0.197517,-0.338852,0.0720972,0.53795,0.505015,-0.657658,-0.699998,-0.528723,0.232419,0.701649,0.40083,0.0503964,-0.135502,-0.0524194,-0.524057,-0.467218,-1.27023,1.00203,-0.568174,-0.0839643,-0.553639,0.557916,0.782375,1
0.107194,0.617257,0.269391,-0.232892,-0.251495,-0.197927,0.304933,0.476949,0.310157,-0.8387,-0.226041,-0.931607,-0.394201,0.469069,0.354459,0.514975,1.03838,0.0638843,0.208749,-0.50485,0.158878,0.160917,0.849494,0.0442417,0.01354,-0.0708765,-0.283224,-0.39498,-0.242953,-0.147181,0.392893,-0.223776,0.498457,0.905746,1
0.133635,0.0325304,-0.245207,1.03527,0.556747,0.354106,-0.564724,-0.236374,-0.336919,0.308676,0.493246,0.556027,-0.142917,0.104936,0.963873,0.198335,0.746397,-0.0851728,-0.100292,-1.069,0.743181,-0.260054,-0.108467,-0.0692239,-0.40424,-0.767309,0.514826,-0.767974,0.0868229,0.304753,0.0347869,0.989458,0.449858,0.826789,1
-0.307129,-0.558928,0.204823,-0.147016,0.234436,-0.789903,-0.0437493,-0.957239,-0.194747,-0.278516,0.989677,-0.0350707,0.156656,0.24136,-0.772474,-0.0386596,-0.0391465,0.349303,0.0427603,-0.347266,0.370929,0.197153,-0.413689,-0.139922,0.34361,-0.658311,0.590124,0.251836,-0.346012,0.675931,-1.23452,-0.064118,0.551731,0.906819,1
-0.514224,-0.955716,-0.86158,0.0687415,-0.610648,-0.291327,0.13152,0.144575,-0.531886,-0.00149706,0.147008,0.138797,0.237115,0.730629,-0.410812,0.229994,-0.120101,0.114026,-0.354033,-0.771761,0.43809,0.849132,0.0497838,0.0187476,-0.375354,-0.18173,-0.125359,-0.0842173,-0.278356,0.00332725,-0.348384,0.9949,0.496891,0.929546,1
0.95,0.88,-0.270952,0.316387,-0.456992,0.0938745,-0.431192,0.119652,0.148818,-0.137062,-0.139342,-0.382781,-0.232987,0.148344,0.344841,0.0366978,-0.335606,0.122431,-0.122357,-0.435434,0.16971,-0.293328,-0.332359,-0.2658,0.0566208,0.0212662,0.0920579,0.112002,-0.255504,0.0651777,0.185428,-0.297256,0.48,0.2,0
0.111678,0.13137,0.347742,0.121099,0.326006,7.95,0.268532,0.254874,0.184408,0.20506,0.298038,0.371192,0.288287,0.298664,0.219877,0.309819,0.195393,0.244584,0.207586,0.350217,0.249521,0.334365,0.258027,0.308893,0.280874,0.266509,0.227527,0.160831,0.256641,0.272083,0.120895,0.335979,0.52,0.82,1
-0.816557,-0.0200827,-0.0843524,-0.457843,0.691581,0.0703476,0.162178,-0.286255,0.549897,-0.570095,-0.881521,-0.0837131,-0.00144264,-0.185974,-0.228621,-0.060227,0.248837,-0.783222,-0.343896,0.307358,-0.167413,-0.440009,-0.115963,0.454758,-0.537656,0.0365833,0.217222,0.26727,0.178903,-0.826903,0.149023,-0.210446,0.538833,0.836752,1
-0.246344,-0.249539,-0.230221,-0.370011,0.202119,0.0275751,-0.0180024,0.249393,0.277129,-0.16468,0.0191206,0.0171568,0.559912,-0.0340771,0.0846007,-0.342348,0.0759557,-0.509381,-0.240969,0.387482,-0.0828551,-0.434968,-0.773837,0.276781,0.356534,0.14644,0.154734,-0.37129,0.235858,0.0974542,1.35466,0.479136,0.440759,0.874538,1
0.538086,-0.902876,-0.56801,-0.132948,0.143011,0.0581823,-0.47363,0.0759774,0.287923,0.172668,-0.280292,-0.276651,-1.08086,-0.490834,-0.834402,-0.382957,1.16591,0.20806,1.33508,0.0589577,-0.491875,0.303735,0.677912,0.628403,0.0887622,-0.0889685,0.741455,-0.496437,0.0747023,0.112154,0.0262489,0.600528,0.486482,0.764129,1
0.363041,0.189067,0.568976,0.176998,0.0865793,0.0169426,-0.293393,0.702315,-0.922346,-0.0313759,0.0263631,-0.579163,-0.112106,0.424559,-0.121191,-0.161984,-1.09295,0.0117539,-0.346824,-0.672004,-0.24912,-0.0196007,0.00481962,-0.335964,-0.171602,0.753169,-0.11686,-0.0680538,0.184398,-1.22481,0.373843,-0.600391,0.479836,0.867534,1
0.302717,0.253411,-0.150501,-0.0482283,-0.366455,-0.359222,-0.44706,0.00390224,-0.343459,0.412997,-0.287413,-0.332749,0.418926,0.0276141,-0.122809,-0.274229,-0.07061,-0.5719,0.242164,-0.338497,0.229454,0.0320568,0.520626,-0.634446,-0.0866124,0.59093,0.212886,0.120569,0.181782,-0.2108,-0.171,0.0321405,0.438539,0.949828,1
0.613486,-0.142562,-0.858124,-0.00756225,-0.702203,0.0121572,0.368727,0.162165,0.767964,0.182094,-0.510992,0.184432,-0.573134,-0.281065,-0.106801,-0.639285,0.364894,-0.701411,-0.251585,0.048835,-0.826052,0.534718,-0.708023,0.276641,0.0439115,0.222259,0.394686,0.284782,-0.0952203,0.0763429,-0.489413,0.00305782,0.430821,0.762892,1
0.686396,-0.708191,-1.33631,0.0324532,0.113426,-0.178941,-0.181002,-0.515338,-0.268231,-1.50869,-0.490519,0.0511241,-0.353716,0.214175,-0.397813,0.987756,-0.32383,0.670716,-0.429288,-0.102987,-0.170561,0.0462713,0.391399,-0.17757,0.379636,-0.356262,-0.179212,0.0715138,-0.369247,-0.256239,-0.53822,0.380593,0.485397,0.852011,1
-0.144171,0.636298,-0.46753,0.305353,0.0929524,0.28912,-0.74012,0.860222,0.0186007,0.148981,0.89758,-0.801866,0.0821311,-0.334885,0.914469,0.658872,-0.363575,-0.246111,0.313473,-0.208402,0.306671,0.149268,-0.453215,0.230637,-0.775845,0.0144057,-0.592816,0.086321,-0.356073,0.149972,0.589891,0.3321,0.450414,0.805279,1
-0.0347225,-0.106729,0.416649,-0.610982,0.0536352,0.0886205,0.337834,0.155114,0.504546,-0.854034,0.739969,-0.220825,0.551916,0.0858222,0.328543,-1.02145,-0.446276,0.335371,0.13023,-0.219072,0.34216,0.439872,-1.03404,-0.430112,0.211197,0.0322945,0.828861,0.707612,0.959642,-0.337293,0.434119,-0.927027,0.484439,0.855015,1
0.349116,0.574892,-0.0289425,-0.506564,0.226941,-0.16903,0.267465,0.256754,-0.889251,-0.194643,-0.580436,0.551171,-0.0236976,-1.05252,0.566861,-0.77606,-0.426676,0.422865,-0.0140089,0.43129,0.703099,0.362899,0.705174,0.729505,-0.235962,0.283671,-0.244533,0.29413,0.168492,0.261954,-0.344311,-1.05966,0.561189,0.856278,1
-0.0313498,0.297865,0.902932,-0.164061,0.169694,-0.312359,-0.474684,-0.751555,0.435982,-0.101087,-0.0614878,-0.334234,-0.242117,-0.484078,-0.0542322,0.646086,0.0997527,0.313255,1.1674,0.511835,0.936242,0.489993,-0.483142,0.386669,0.716953,0.111803,0.126288,-0.331932,-0.122396,0.0993137,0.502492,-0.462644,0.554395,0.82524,1
0.654731,-0.494823,-0.36843,-0.295691,0.125395,0.0329574,0.51581,-0.445859,0.542754,-0.00303142,0.00975758,-0.021651,0.00720926,0.243092,0.114389,0.779191,0.44573,-0.56558,-0.348694,0.953233,-0.469789,0.51735,-0.599931,0.40928,0.335192,-0.127612,0.0988653,-0.317538,-1.02869,-0.267676,-0.730074,-0.0767269,0.52678,0.884472,1
0.438664,-0.293792,-0.88743,0.0893174,0.462289,-0.892887,1.01394,0.526853,-0.699784,0.145915,-0.417501,-0.850606,-0.307915,0.103723,-0.0806794,-0.25191,-0.133806,0.47503,-0.664889,0.188816,0.136001,-0.441738,0.425939,0.312171,0.016855,0.188283,0.774985,-0.52513,-0.0493393,0.631485,-0.526859,0.172851,0.564177,0.836389,1
-0.282508,0.464712,0.0341388,-0.713141,0.138769,0.161263,0.216951,0.407508,0.29926,0.363376,-0.512408,-0.335712,-0.627611,-0.0257347,-0.931029,0.442522,-0.606137,0.701732,-0.105149,0.323604,-0.55786,-0.204444,-0.163583,0.573919,-0.694489,0.642496,-0.552911,-0.15424,-0.364827,0.527016,0.0843053,-0.443217,0.479076,0.833844,1
0.256515,0.264881,0.335108,0.260999,-0.255853,0.0670085,-0.130529,-0.51218,-0.365624,0.678521,0.0512067,-0.576701,0.545047,-0.240175,-0.263669,0.223369,0.00405113,-0.618738,0.207968,-0.35485,0.629416,-0.135227,-1.7391,-0.0831318,0.62467,-0.444968,-0.367784,-0.325592,-0.554159,0.530001,0.40426,-0.0852174,0.464467,0.806977,1
-0.0493289,-0.0424834,0.376388,-0.278314,-0.428612,0.624448,0.0757791,0.267809,-0.155159,0.807406,0.669255,0.292809,0.446215,-0.240097,0.289123,0.208336,0.723174,0.302138,0.166482,0.362121,-0.139012,-0.557201,-0.0406088,0.505154,-0.545216,-0.361126,-0.962063,0.438878,0.78768,0.13194,0.704556,-0.747891,0.577691,0.844381,1
-0.548726,0.696217,-0.581643,-0.158792,-0.891332,-0.403511,-0.154152,-0.191822,-0.22444,1.07189,1.07263,0.796573,0.196564,0.602633,0.392049,0.0205815,0.0417714,-0.0670138,0.45524,0.550515,-0.339362,0.0690807,-0.218113,0.111765,0.14502,-0.232695,-0.518932,0.20886,-0.363425,0.828109,0.281796,-0.896577,0.475208,0.906954,1
-0.316699,-0.171267,0.139278,-0.311359,0.134884,0.524304,-1.03406,0.298401,-0.182057,0.255282,-0.00155062,0.794324,0.688374,-0.244187,-0.725458,0.195787,-0.175059,-0.257914,0.224898,0.0518227,-0.0604527,-0.450269,-0.185351,-0.0786073,0.450985,0.923515,0.141199,-0.0349617,-0.0822899,-0.30243,0.366694,-0.263735,0.510767,0.949139,1
-0.0692428,-0.114609,-0.0505692,0.659616,-0.52645,-0.0511959,-0.203475,-0.288058,0.244379,-0.498078,-0.489824,0.178313,0.0449371,-0.655008,0.121763,-0.15779,-0.7125,1.20474,0.828473,-0.631352,-0.0516646,-0.0996695,0.166261,-0.427064,-0.0313106,0.667314,-0.527656,0.242162,0.382939,-0.318943,-0.619909,-0.244708,0.555086,0.938985,1
-0.341654,-0.081115,-0.611328,-0.115225,-0.308471,0.0773194,-0.441246,-0.00829413,-0.0731125,0.201824,0.183847,-0.538075,-0.562241,0.28936,-0.479237,-0.0786624,-0.254496,1.24316,0.2643,0.415176,-0.304927,-0.0990258,0.951916,-0.38893,-0.930562,0.35014,-0.870811,-0.912842,-0.216269,-0.181687,-0.2604,0.336618,0.547806,0.933406,1
-0.120761,-0.159223,0.531081,0.211403,-0.577482,0.0921267,-0.0668162,0.0540029,0.4287,-0.535307,0.195299,-0.392931,-0.530654,0.123792,-8.88657e-05,-0.420722,0.88475,-0.0447711,-0.662893,0.863964,-1.21059,0.393587,0.546204,-0.853112,0.554155,0.789829,0.211366,-0.576025,0.360523,-0.53376,-0.32439,-0.516233,0.439536,0.941033,1
-0.176198,0.276343,-1.12698,-0.251744,0.48915,0.172508,-0.690159,-0.29202,-1.43996,-0.407413,-0.966797,0.104691,-0.177949,-0.362501,-0.178841,-0.220377,0.748875,0.0380277,-0.750949,0.211376,0.0247268,-0.173062,0.150407,0.122044,-0.958207,-0.207256,1.09988,-0.100001,0.00400272,0.179863,0.377078,-0.188288,0.571344,0.79154,1
1.02207,0.36068,0.441975,0.165954,-0.248078,0.32038,0.191972,1.08256,0.370562,-0.955131,0.366804,0.145603,-0.118221,0.942167,-0.0986127,0.114427,0.318755,-0.228448,0.0539851,-0.901791,0.647666,0.311077,-0.247502,0.0942129,0.298248,-0.482425,-0.206131,0.28377,0.357953,-0.275603,-0.0162626,0.545761,0.445003,0.892824,1
0.247904,0.565845,-0.580172,0.900842,-0.174723,-1.02898,0.18292,0.176964,-0.220521,-0.210065,-0.160485,-0.823602,0.000841915,0.494234,0.29311,0.249957,0.0553498,-0.0944551,0.424028,0.0605747,-0.189829,-0.713551,-0.467316,-0.329441,0.440612,-0.456204,0.603443,0.104693,0.406944,-0.612088,-0.343256,0.0175294,0.546533,0.801992,1
0.119871,0.256035,0.397207,0.257789,0.131463,7.95,0.173911,0.113694,0.107301,0.38306,0.178552,0.207622,0.138673,0.243398,0.227329,0.210145,0.327186,0.241072,0.193474,0.21225,0.253009,0.164554,0.165444,0.305451,0.283855,0.125045,0.200805,0.234046,0.244017,0.351765,0.129761,0.263079,0.52,0.82,1
0.0434982,0.568099,0.4227,0.15866,0.316551,0.133598,0.211081,0.999998,0.414614,0.105399,-0.217172,0.582158,0.519254,-0.732066,-0.0382446,-0.223908,0.516466,-0.197132,-0.821405,-0.841437,-0.266493,0.329058,0.482658,-0.337508,-0.0858646,0.699678,-0.471717,0.453502,0.306033,-1.12494,0.507116,-0.300957,0.556314,0.848574,1
0.944134,-0.227582,-0.515306,0.428947,0.067772,-0.471575,0.240527,-0.121503,1.40847,-0.515004,0.800154,0.497729,0.62568,0.755792,0.445526,0.356241,-0.39268,1.01839,0.0147189,0.161345,0.392094,-1.01017,0.373086,0.466301,0.311607,-0.0962079,-0.0323222,1.9364,-0.155578,0.755269,0.217812,-0.174091,0.488652,0.927409,1
-0.356403,0.275081,0.32814,-0.372548,0.709236,0.0140886,0.186088,0.0404214,0.48166,-0.11499,0.993458,0.693233,-0.114935,-0.0393101,0.0576288,1.01073,-0.983099,0.204149,-0.504024,-0.515964,0.192639,0.42725,0.252043,0.26167,0.357429,0.373128,0.381017,-0.182707,0.0169183,1.14949,-0.516928,0.344209,0.491192,0.786647,1
1.4159,-0.132583,0.407814,0.230636,0.512116,0.0804542,-0.0216802,0.466243,0.215398,-0.366947,0.185832,0.377328,-0.119003,-0.528346,-0.61803,-0.00864789,-0.193788,-0.477695,-0.114393,-0.17432,0.305277,0.0989796,0.252083,-0.430874,-0.844276,0.0369048,0.369538,0.393281,-0.343876,-0.479147,0.315543,0.578456,0.437348,0.823244,1
-0.336371,0.328961,0.191053,0.015761,0.326662,0.842601,-0.360422,-0.0699094,-0.215781,-0.551596,-0.574532,-0.201549,-0.349249,0.666611,-0.0443186,-1.33009,0.70798,0.664482,-0.306241,0.269957,-0.0908924,-0.554915,-0.833695,0.540525,0.522581,0.346229,0.245359,-0.562573,-0.565063,0.307094,1.10276,0.297173,0.429949,0.902083,1
0.520586,-0.531155,1.12142,0.195174,-0.041326,-0.344462,0.768787,-0.0731279,-0.474071,-0.0196678,0.752478,0.199401,0.0121708,0.996695,0.68573,-0.432259,-0.709716,0.218657,0.358232,-0.705462,0.791943,0.452212,0.700762,-0.1967,-0.269156,-0.277322,-0.465432,-0.267119,0.493235,0.326574,0.344327,0.0646525,0.445152,0.770339,1
-0.602904,-0.100687,-0.817416,-0.59347,0.0702375,0.193122,-0.464599,0.594539,-0.206543,-0.878736,1.00456,0.327143,-0.266188,0.570419,-0.240518,-0.299702,-0.0807881,0.334587,-0.0309294,0.667544,0.257212,0.519225,0.407823,-0.678729,0.450077,0.221358,-1.10409,-0.17204,0.383951,-0.75616,0.233539,0.0721448,0.498016,0.784681,1
-0.272531,0.520904,1.31204,-0.434844,-0.36414,-0.209832,0.184137,0.0512473,0.213412,0.691531,-0.610947,0.706454,0.443229,-0.0869733,-0.458958,-0.0783905,0.814978,0.748434,-0.176899,-0.268826,0.0841137,0.00956668,-0.550445,-0.25287,0.152759,-0.339818,-0.534213,-0.330785,-0.565581,-0.848582,0.0316289,0.120675,0.487215,0.796404,1
0.360274,-0.0215923,0.292557,0.384005,0.473714,0.469247,-0.196309,-0.0601965,-0.961298,0.218286,-0.323936,-0.416208,-1.19013,-0.135182,0.578194,0.311206,0.081274,-0.147972,0.190152,0.127381,0.529938,0.626158,0.692563,-0.258428,-0.3669,-0.0932511,-0.106242,0.0830242,-0.819213,-0.361782,0.470656,0.491869,0.4524,0.80235,1
0.158248,0.192176,0.205217,0.235068,0.298715,7.95,0.382122,0.124876,0.364358,0.303595,0.39342,0.370811,0.183497,0.395816,0.322442,0.33945,0.254639,0.371728,0.371948,0.390535,0.207973,0.311973,0.144058,0.13197,0.357593,0.216819,0.316271,0.355395,0.229171,0.10242,0.355912,0.318843,0.52,0.82,1
-0.262241,-0.0667529,-0.289365,-0.00719703,-0.625669,-0.286239,-0.462137,0.399291,-0.501918,-0.358949,0.999968,-0.253099,-1.15128,-0.80413,-0.199654,-0.38723,-0.0988056,-0.137889,0.82771,0.071896,0.295895,-0.346742,-0.254672,0.617798,-0.0464802,0.160587,-0.368619,0.115665,0.198234,-0.216019,0.265139,0.30612,0.443814,0.929372,1
-0.376754,0.253014,-0.752824,-0.15772,0.230988,-0.0769655,-0.0342421,-0.305463,0.194715,0.0789063,0.594881,-0.571148,-0.448545,0.47794,-0.393244,-0.268845,1.27843,0.677051,-0.00958912,0.348319,-0.73313,-0.686296,-0.0572418,-0.331183,-0.133822,0.122217,-0.0425842,-0.107167,0.85169,-0.162868,-0.0746808,0.186847,0.452692,0.763069,1
-1.18234,0.279359,0.427773,0.0752631,0.832148,0.144343,-0.240293,-0.102381,-0.227357,0.625872,0.347382,-0.604017,-0.635409,0.35613,-0.183565,-0.930285,0.202321,-0.928044,0.0838914,-0.541551,-0.159704,-0.281544,-0.266412,0.294554,1.06274,0.259437,0.294404,-0.734377,0.461246,-0.523455,0.666206,0.108869,0.486616,0.894619,1
0.0178537,0.343243,0.402369,0.797236,0.639821,0.0145947,0.655595,-0.966684,-0.394801,0.16045,-0.694663,0.236287,0.857884,-0.127603,-0.372901,0.0079902,-0.42519,0.373818,0.717219,0.306283,0.054855,0.00807102,0.793382,-0.649394,0.178764,-0.247748,0.954216,-0.0355527,0.326579,-0.0434457,0.75787,-0.234313,0.486992,0.880043,1
0.542118,1.25192,-0.200538,0.246753,1.07535,0.325729,-0.86162,-0.551272,-0.132929,0.189165,0.183105,-0.515723,-0.329369,-0.239444,-0.51564,-0.409581,-0.494993,-0.263371,0.978413,0.499944,0.271565,-0.487272,0.354803,-0.0293581,-0.428532,-0.309049,0.206814,0.411706,0.0408238,0.882661,0.667155,-0.126735,0.448643,0.846044,1
-1.13251,0.299047,0.0111311,0.603331,0.382826,-0.289089,-0.36844,0.55083,-0.0403833,-0.86462,-0.385817,0.211343,-0.446444,0.604378,-1.0927,0.115697,-0.148532,0.135893,-0.0342818,-0.111417,-0.287561,0.080094,-0.901758,-0.207733,0.0647213,0.564947,0.493142,-0.233096,-0.511965,0.684414,0.0557682,0.776441,0.527489,0.854435,1
-0.0849391,-0.326459,0.715774,0.663923,0.510531,0.293316,-0.977234,-0.0828406,0.134634,-0.177434,-1.0645,0.106434,0.102191,-0.492216,-0.743211,-0.490562,1.77388,-0.410345,-0.00956787,-0.0965547,0.0235633,-0.0142909,0.335287,0.165119,-0.872506,-0.53372,-0.145196,0.031313,-0.376031,0.467731,0.120468,-0.243214,0.420508,0.772308,1
0.964062,0.14855,0.123928,0.131697,0.173213,-0.386197,-0.307672,-0.347761,-0.606595,-0.150053,0.344858,-0.639629,0.0841341,0.848922,-0.0760849,-0.389013,0.696177,1.01075,-0.283474,-0.0156006,0.349326,-0.424728,-0.672752,-0.179962,0.139973,0.547696,0.35941,-0.180589,0.502376,-0.366877,-0.36938,0.353774,0.437811,0.859775,1
0.140664,0.592577,-0.775786,-0.681626,-0.209486,-0.626649,0.173124,0.582677,0.601929,-0.157124,1.26125,0.099295,1.03908,1.30236,0.283556,0.48745,0.280241,-0.279367,0.550278,0.517731,-0.127194,0.699736,0.562967,0.65502,0.736681,0.0825149,-0.350639,-1.01586,0.411939,-0.894718,-0.438544,-0.638546,0.513333,0.890473,1
0.681732,0.296226,-0.655602,0.19122,0.753415,-0.227801,-0.0864508,0.234829,-0.315743,0.178387,0.310894,0.702738,0.201493,1.34939,0.313905,-0.370442,0.139984,0.317441,0.579882,0.289341,0.52162,0.597536,-0.599285,0.173744,-0.00871917,0.148197,0.187184,0.634424,0.157493,-0.591038,0.340752,0.310919,0.540088,0.891917,1
-0.727723,-0.580146,0.228023,0.973857,-1.08029,-0.270646,-1.02188,0.444914,0.0876814,1.02597,0.36838,-0.214436,0.980021,0.321291,-0.184048,-0.169903,0.844376,0.278662,0.356839,0.885696,0.323241,0.0885394,0.236459,-0.628871,-0.149132,-0.380417,0.712822,0.0967511,0.766082,-0.164919,-0.0850483,-0.0464796,0.510619,0.903612,1
-0.566598,-0.0137726,-1.05302,0.0490355,-0.231441,0.717869,-0.490264,-0.572654,0.667065,-0.689289,-0.183225,0.591674,-0.130936,0.38672,0.445331,0.510729,-0.342559,0.72495,0.0599586,0.845887,0.789753,-0.0865951,0.487325,-0.263418,0.0515948,-0.390018,-0.188474,-0.261386,0.390203,0.0198183,-0.326741,-0.171047,0.42877,0.948784,1
-0.553868,-0.275149,-0.551668,0.328413,-0.4258,0.070923,0.747232,0.473014,-0.336805,0.234072,0.242654,-0.202332,-0.434421,-0.311929,-1.04705,0.277995,-0.279209,-0.558109,-0.325053,-0.325614,0.104228,-0.105981,-0.499692,0.532084,0.269257,-0.577161,-0.549518,-0.465836,0.51864,0.292822,0.197458,0.811018,0.437805,0.810995,1
0.394382,0.400866,0.314339,-0.825303,-0.309959,0.0379025,0.488618,-0.331706,0.721637,0.372177,0.296163,0.485861,0.278321,-0.919367,0.156853,0.0165202,0.231824,0.624803,0.479541,-0.798664,0.057725,-0.528055,0.28125,0.428293,-0.260552,0.0977828,0.438276,0.230166,0.692976,-0.0264762,-0.220145,-0.138457,0.457293,0.780999,1
-0.184233,-0.147312,1.04576,-0.217525,-0.146615,-0.350433,-0.0236599,1.01368,0.317122,0.178879,0.075164,-0.0432251,0.328326,-0.208563,-0.375739,-0.059026,0.306724,-0.321846,0.134422,-0.0299703,-0.209979,0.510684,-0.49001,-0.0109946,0.0629917,-0.178557,0.725567,-0.298831,0.395341,0.0683709,-0.135355,0.45395,0.47042,0.85911,1
0.748107,-0.000245477,-0.434049,-0.0627777,-0.860195,-0.478681,-0.243276,-0.0946533,-0.047944,0.229012,0.0356474,-0.754291,0.502463,0.437752,-0.00215035,-0.0918708,-0.175398,-0.182002,0.0539499,-0.462695,-0.127419,-0.334216,0.176762,0.303698,-0.185717,-0.0917923,-0.289269,-1.07906,0.344412,0.352384,-0.0233199,-0.17024,0.506325,0.907518,1
-0.502971,-0.811958,-0.795572,0.206165,-1.03668,0.295479,0.733976,-0.463958,0.192764,0.539627,-0.878419,0.857909,-0.221525,-0.636792,-0.42054,0.175018,-0.337404,0.631122,-0.0899897,-0.369193,-0.300185,-0.452021,-0.248752,-0.0107117,0.859693,0.0333871,0.542409,0.475048,0.387812,-0.453808,0.55799,0.0578935,0.464165,0.884025,1
0.877536,0.439963,0.232067,0.389236,0.167541,0.14667,-1.50934,-1.15462,0.195596,0.0122467,-0.376304,0.089266,-0.0411998,0.297506,-0.408999,-0.137935,0.673039,0.358273,0.0816148,0.101645,0.971629,0.110816,-0.0843964,-0.430042,-0.204331,-0.306507,-0.282781,-0.570135,0.523732,0.127296,-0.8935,-0.0222816,0.452307,0.790399,1
-0.00248504,-0.421433,-0.0905134,-0.31051,-0.345075,-0.122168,0.910553,0.433324,0.239751,-0.603647,0.822613,-0.545221,0.116547,0.171779,-0.454984,-0.459788,0.000114487,-0.0932126,0.0863494,-0.236824,0.608485,0.928247,-0.522516,-0.787986,-1.21857,-0.666798,0.0961078,-0.299947,0.0480516,0.518017,-0.0733574,0.879462,0.542668,0.826402,1
-0.35132,0.502508,-0.0248176,-0.2391,0.436527,-0.341888,0.396203,-0.311517,0.300738,0.432491,0.851265,-0.0615589,-0.469812,-0.0964415,1.24472,-0.682573,0.627784,-0.504943,0.184889,0.385032,0.288432,0.677136,-0.768637,-0.0758712,-0.0595386,-0.765585,0.295559,-0.498918,-0.829722,-0.614128,1.02652,0.344521,0.4402,0.916869,1
-0.683775,-0.166005,0.474094,-0.660101,-0.204648,-1.25423,-0.162537,0.137675,0.583555,1.35126,0.561196,-0.037647,0.326963,1.09828,0.645571,0.861874,-0.190108,0.103978,0.052031,-0.00778319,0.478336,-0.912174,-0.62595,0.00646277,-0.161481,0.203575,0.42861,-0.0154819,-0.00751764,-0.0820396,-0.245587,0.899113,0.45361,0.865909,1
-0.437199,0.418109,-0.369076,0.0994656,0.176243,0.508128,0.265464,-0.192139,0.993232,-0.416872,1.26826,-0.110233,1.0589,-0.09853,0.225311,-0.805241,0.291009,0.204715,-0.363499,0.118998,-0.18623,-0.59579,-0.108889,1.07414,0.334096,-0.742999,-0.289843,0.42828,-0.378143,-0.584812,0.97275,0.724262,0.538531,0.835682,1
-0.375825,0.365424,-0.517186,-0.609828,-0.344731,0.295959,0.0352999,-0.557688,-0.33587,0.667381,0.279856,0.215249,-0.419219,-0.711716,-0.185343,0.278646,0.124529,0.503622,0.447379,-0.172512,0.534915,0.896188,0.215487,0.0607201,-0.286609,-0.944338,0.153437,-0.636102,0.555537,-0.741061,-0.194521,-0.561237,0.420707,0.820975,1
1.08833,-0.995463,-0.123651,-0.37417,0.246539,0.0760793,1.1573,-0.132751,0.317711,-0.0606645,-0.736974,0.153744,0.415477,-0.821495,0.16225,0.142221,1.14132,0.596394,-0.806148,-0.40748,-0.44934,-0.00605808,0.948528,-0.335854,-0.00505179,0.480581,-0.140551,-0.0198685,0.711186,-0.415913,0.0531196,-0.449514,0.480082,0.871986,1
-0.124281,-0.407034,0.176485,0.376126,0.223592,-0.0411637,0.205163,-0.557982,-0.528603,-0.332554,0.338333,-0.134457,0.379262,0.653611,0.0418154,-0.377812,0.240528,0.644776,0.376557,-0.756608,-0.27536,0.449921,0.0491774,-0.306574,0.194293,-0.194767,-0.261438,0.194955,-0.163651,0.242898,0.212159,0.574322,0.524135,0.940238,1
0.389534,0.402171,0.262072,0.100505,0.509416,-0.388019,0.408914,0.424217,-0.458192,0.657778,-0.115701,-1.31298,-0.777474,0.4154,-0.639681,-0.0727311,-0.476707,-1.01954,-0.574792,0.00499047,0.062567,-0.0169871,0.232656,-0.32051,-0.266575,-0.0623365,-0.919256,-0.698994,0.848112,0.0359528,0.162742,-0.401641,0.456634,0.773095,1
-0.370311,-0.237317,0.52336,-0.79083,0.412947,-0.0357415,0.221088,0.282869,-0.0737734,0.430765,-0.575901,0.425659,0.108752,-0.61924,0.620145,-0.564895,0.245683,-0.527942,-0.43736,0.527756,-0.48127,0.476437,-0.0334219,-0.255141,1.13316,0.531936,0.519053,-0.143043,0.963764,-0.324293,0.10596,0.0158034,0.559405,0.82062,1
-0.120711,1.27357,0.375493,-0.362476,-0.497729,-0.562141,0.0769211,0.405409,-0.197509,-0.479655,0.115631,-0.0585538,0.812286,-0.151456,0.109041,0.701912,-0.424679,0.611509,0.867654,-1.02918,-0.449445,0.82469,-0.252141,0.293002,-0.153656,0.743767,-0.0376601,0.103698,0.212283,0.696548,-0.328418,0.313772,0.529877,0.92715,1
-0.38606,0.450584,-0.870261,-0.276835,-0.929958,0.0800578,1.11138,-0.362952,-0.214758,-0.111842,-0.66828,0.14171,0.194442,0.87222,-0.174207,0.457725,-0.694304,0.879155,0.000493857,-0.304991,-0.691645,-0.943281,0.267306,0.83062,-0.190832,-1.20372,-0.869364,-0.495031,-0.457965,-0.0791536,0.132178,-0.50776,0.443252,0.883587,1
1.01315,-0.156964,-0.0450472,0.557326,0.24312,0.180135,0.115633,-0.180472,0.60615,0.109765,0.0134693,0.0505193,0.484455,-0.265276,0.57295,-0.303951,-0.143245,0.47032,-0.803098,0.473034,0.0451828,0.729253,-0.42496,-0.208742,0.613469,-0.373624,0.266542,-0.027599,-0.520872,-0.0224116,0.521482,-1.07531,0.488341,0.852828,1
0.738212,0.924157,0.719262,0.701962,-0.546983,0.149983,0.125352,1.05483,-0.456266,0.182806,-0.447466,0.29298,-0.017075,0.230549,1.46963,-0.204017,-0.455178,0.0255609,0.375713,0.715414,0.89604,-0.816347,0.405621,0.0958358,-0.0426017,-1.29727,-0.135262,-0.491544,0.302632,-0.234423,-0.174476,-0.59499,0.570367,0.862466,1
0.401438,0.989324,0.378451,-0.0980714,0.350635,0.241923,-0.270346,-0.213982,-0.922598,0.540395,-0.532267,0.734398,-0.677064,-0.195387,-0.400221,0.199781,0.333471,0.151555,-0.602513,0.613173,0.458971,-0.442313,0.0895146,-0.301641,-0.0489082,-0.499997,0.763806,0.0329867,-0.422325,0.26943,-0.363298,-0.40501,0.556026,0.833397,1
0.300043,-0.181174,-0.524367,0.426326,0.148539,-0.504895,-0.468441,-0.259321,-0.3263,-0.0276775,0.188983,-0.269082,0.702151,-0.102737,-0.0203271,-0.0490486,0.175691,-0.509606,-0.175039,0.280792,-0.000265916,-0.542292,0.0473406,-0.389309,-0.643122,0.419273,-0.213702,-0.349043,0.30052,1.22435,-1.08401,-0.685258,0.523883,0.785216,1
-0.225644,0.78041,0.833696,-0.318544,-0.128361,0.677697,0.0476449,0.0588493,-0.0737144,0.506515,0.666438,-0.150492,-0.136881,-0.048238,0.617868,-0.362181,-0.0234559,0.314992,0.316242,-0.0779296,-0.402544,-0.00389266,0.316899,-0.264428,-1.01757,-0.397579,0.0531571,-0.232584,-0.010219,0.780246,0.8092,-0.198849,0.484916,0.825325,1
-0.899931,1.27922,-0.198289,0.0217511,-0.786251,-0.402711,0.144722,-0.204033,0.56405,0.657706,0.178509,-0.311647,-0.198363,-0.177043,0.243414,0.809332,-0.882553,-0.638292,0.435318,0.102279,0.590812,0.0494405,-0.202062,-0.161248,0.443557,-0.688132,0.144111,-0.0142588,0.401915,0.852178,1.02277,0.418172,0.476956,0.921866,1
-0.161528,-0.144778,-0.670153,0.610224,-0.282209,0.591264,-0.253355,-0.213887,0.62852,-0.430689,-0.161924,-0.44965,0.928095,0.216376,-0.247118,0.986639,-0.835158,0.0607841,0.287008,-0.331188,0.308157,-0.187268,0.0611983,-0.322847,0.990736,0.528367,-0.865529,0.473876,0.485042,1.08626,0.591631,0.403819,0.420636,0.884541,1
-1.01311,-0.0445407,0.679912,-0.202059,-0.590879,0.464749,0.138776,-0.893357,0.70655,-0.0658423,0.603598,-0.865075,-0.158473,-0.100433,-0.089322,-0.429995,-0.114036,-0.687872,0.0679683,0.348086,0.370779,1.11796,-0.865388,-0.499339,0.52115,0.305181,-0.446187,-0.54419,-0.935677,-0.479467,-0.061552,0.0291586,0.512602,0.898149,1
0.425819,-0.158783,-0.139707,0.438873,-0.119696,-0.236683,-0.405143,0.390209,0.0812988,-0.132691,-1.00836,-0.431327,0.963791,0.0892115,-0.104026,-0.644059,-0.592229,-0.638243,-0.594878,0.632105,-0.0477361,0.0183662,0.892219,0.00273739,0.317562,0.15113,0.0199042,0.113401,0.0611653,0.0215846,0.0721153,1.19376,0.513054,0.873778,1
-0.522865,0.272728,-0.101788,0.0065469,-0.438512,-0.723684,-0.371903,0.828515,-0.15086,0.203952,0.141168,0.237279,-1.14484,-0.298458,1.07141,0.0520234,0.741025,-0.529861,0.0932122,0.756782,-0.0646053,-0.171678,-0.39775,0.0193129,-0.366164,0.273917,-0.786075,0.336452,-1.08823,0.065924,-0.627124,-0.116545,0.510202,0.93675,1
-0.989679,0.0150243,-0.484541,0.282083,1.01068,-0.399283,-0.42492,-0.978505,0.636836,0.0118842,0.859044,-0.624296,0.5952,-0.846056,-0.258775,-0.662398,0.55279,-0.826064,0.0760934,-0.674613,-0.945575,0.710486,-0.208114,-0.229447,-0.374806,-0.47457,-0.247767,0.0274149,0.211893,0.18431,-0.058316,1.06843,0.466761,0.76573,1
-0.187555,-0.0262845,0.147518,1.25963,-0.693373,-0.0225765,-0.3116,0.360287,0.468941,0.491063,0.0412258,-0.540749,0.014136,-0.168712,0.977738,-0.453096,-0.00181191,0.416967,0.105312,-1.60138,-0.265538,0.20839,-0.491312,-0.0941286,-0.695059,0.620622,-0.721526,0.883618,-0.22145,-0.15687,-0.685892,0.161515,0.481836,0.924883,1
-0.32618,-0.544796,0.135314,0.335858,0.419071,0.142684,-0.0777565,0.577884,-0.486002,0.273273,0.31801,-0.335201,0.499963,-0.196403,-0.604272,0.673815,0.0960588,-0.656761,-0.18763,-0.348945,-0.0653685,-0.387332,-0.0740607,0.622244,-0.336733,0.359923,-0.821311,-0.561447,0.517885,-0.431214,-0.32119,0.241095,0.568999,0.794023,1
0.113348,0.132294,-0.0264019,0.340703,-0.317885,0.543321,-0.0241649,-0.498822,-0.449171,-0.145959,0.0191776,-0.741053,0.759406,-0.388821,0.132852,0.139879,-0.554925,-0.747522,-0.433144,0.426973,0.462644,-1.216,-0.419214,0.148875,0.206935,0.0153111,-0.564717,-0.29063,-0.409974,0.117379,-0.838652,-0.382048,0.454253,0.78123,1
0.141948,0.156968,0.644705,0.214519,0.747676,0.231136,-0.341678,-0.641514,-0.264694,-0.663289,0.317234,-0.183108,0.326784,-0.25584,-0.431609,0.574898,1.10258,0.589203,-0.0377658,-0.182676,0.386007,-0.496207,0.564015,0.648339,-0.279462,-0.417939,0.310675,-0.206013,0.637303,-0.283683,0.263688,-0.394203,0.532111,0.898521,1
0.279298,0.190089,0.67986,-0.241436,0.346111,-0.398841,0.386335,-0.234471,-0.462363,-0.152359,0.0664613,-0.80151,-0.55142,-0.130812,0.0237469,0.565013,0.081584,-0.941181,-0.0860566,0.304502,-0.622061,0.300297,-0.127116,-0.685926,0.126349,0.747374,0.0702931,0.105467,-0.274248,0.147428,-0.336967,0.251711,0.457707,0.897116,1
0.0917894,-0.0969006,-0.535804,0.333918,0.030974,-0.823712,-0.588842,-0.806923,-0.164118,0.409284,0.348062,-0.705889,0.874545,-0.401141,0.200604,-0.189163,-0.132672,1.11413,0.214255,0.0120924,0.297673,0.0200684,0.673285,0.371982,0.559134,-0.104707,0.64025,0.638746,0.575408,0.160076,-0.735547,0.516696,0.48737,0.813798,1
-0.115204,-0.126676,0.189025,0.258598,-0.370339,-0.441005,0.537065,-1.06032,0.150873,0.258862,0.263525,-1.11245,-0.525565,-0.00604367,-0.220146,-1.34805,-0.661381,-0.292594,-0.104964,-0.470809,0.902808,-0.0392378,0.667634,-0.807445,0.102304,0.0614831,0.0678385,0.141919,-0.0564395,0.120461,0.261657,-0.339386,0.441247,0.802161,1
0.372669,-0.126258,0.136352,-0.884681,0.0707753,-0.277119,0.586308,-0.244642,0.608785,0.242071,-0.251032,0.745425,0.0890689,-0.429689,-0.300032,-0.595584,-0.749828,0.158946,0.0121497,0.506613,0.783992,-0.212663,0.358279,0.572898,-0.34846,0.387663,0.314605,0.0943012,-0.453879,-1.08531,0.0696445,0.424053,0.47062,0.806673,1
-0.278092,-1.17121,-0.488911,0.940999,-0.0139485,-0.378817,-0.487804,-0.14911,-0.293368,-0.709745,-0.530236,-0.107872,0.439105,0.17834,0.00706417,0.760014,0.743714,0.0898491,-0.0646299,0.884705,0.183381,-0.175221,0.892742,-0.674681,-0.262366,0.591997,-0.445346,0.864872,0.0586802,0.645639,0.530697,0.1192,0.493326,0.855788,1
0.584552,-0.538103,0.250501,-0.104183,-0.164507,0.91857,0.952732,-0.107745,-0.487715,0.432266,0.208621,0.491046,0.441248,-0.0510932,0.0888332,-0.677381,-0.367661,0.144375,-0.415884,-0.818164,0.362301,-0.410938,-0.148112,0.254565,-0.750255,-0.17003,0.35062,-0.811496,-0.341433,-0.345719,0.0751241,0.474893,0.525745,0.904879,1
-0.22267,-0.234319,-0.0571564,-0.190588,0.428739,0.106654,0.266345,0.657919,-0.679912,0.0279837,-0.315261,0.0261548,-0.155899,0.0741279,0.323133,-0.185855,-0.354505,0.663374,0.699238,0.337265,-0.0196023,0.600303,0.290339,-0.695867,0.790532,-0.0226793,0.109917,-0.0271014,0.516786,0.145655,-1.09661,-0.725355,0.497397,0.93119,1
0.26674,0.392792,0.373957,0.376577,0.183095,7.95,0.123964,0.379861,0.228474,0.395559,0.1032,0.117902,0.104863,0.308948,0.371697,0.124666,0.367549,0.178238,0.26494,0.306938,0.160141,0.277785,0.101446,0.12084,0.37326,0.110536,0.158026,0.137895,0.242924,0.23235,0.103335,0.189422,0.52,0.82,1
0.402481,-0.871966,0.57814,0.0905262,-0.115122,0.0287053,1.15606,0.29155,0.293886,0.220283,0.248085,-0.702553,-0.273568,0.344274,-0.223634,0.603183,0.889711,-0.976349,0.0811352,1.64541,0.259264,-0.687166,-0.0492101,0.348644,0.606377,-0.464696,-0.594979,-0.549924,0.00986908,-0.300758,0.828729,-0.594854,0.573298,0.862285,1
0.452976,-0.280408,0.902424,-0.550537,-0.616529,-0.0322972,0.425041,-0.434764,0.215783,1.3688,0.243991,-0.156778,-0.243418,0.519077,-0.133861,-0.10951,0.568899,-0.0731176,0.265106,-0.0584441,-0.442249,0.750122,-0.123454,0.471833,0.190189,-0.684011,-0.269178,-0.244286,-0.321745,-0.138947,0.00705102,-0.462726,0.51461,0.895642,1
-0.0173863,-0.843205,-1.22147,-0.944968,-0.379621,0.582504,0.542551,0.244004,-0.271048,0.105355,0.382865,-0.631982,-0.0271182,-0.432815,-0.580127,0.0447727,0.107888,0.117805,-0.384305,-0.118083,0.643213,-0.388929,0.177918,-1.04356,0.111409,0.291043,-0.263742,-0.575666,0.433904,-0.843495,-0.180004,0.203609,0.576645,0.848256,1
-0.232511,0.271297,-0.488344,1.03191,-0.0377597,0.629705,-0.0514011,-0.54381,-0.233235,0.62625,0.408348,0.507583,-0.030472,0.353375,-0.526393,0.990593,-0.163157,0.632084,-0.44136,-0.351057,-0.570872,-0.192165,0.265632,0.108021,0.597382,-0.250996,-0.0654834,0.773434,-0.0696037,0.548849,-0.65583,0.304553,0.576622,0.847233,1
-0.0584757,0.303575,0.750166,0.397137,0.412903,0.696147,-0.171252,0.429675,0.775236,0.573676,-0.452302,-0.653072,-1.12802,0.245784,-0.988978,0.806567,0.259833,0.0387367,-0.409085,-0.279085,0.248767,0.544734,-0.978336,0.452048,-0.199147,-0.143633,0.54556,0.548542,-0.115978,-1.13403,0.306802,-0.523776,0.511287,0.878129,1
-0.489554,0.39636,0.0361544,-0.683118,0.575874,-0.431936,-0.164882,0.433049,0.171284,0.430798,-0.107663,0.276498,-0.866052,0.967736,0.480206,-0.526029,0.903213,-0.54983,0.9952,0.365322,0.132942,-0.954347,-0.0302045,-0.275403,0.213017,0.0346883,-0.0366533,0.404619,0.0978588,-0.150827,-0.896984,-0.100908,0.515548,0.882982,1
-0.104866,0.690016,0.326574,0.56174,-0.586672,0.507932,0.231684,1.1308,-0.0248654,-0.265246,-0.32108,-0.257132,0.166832,0.428773,-1.14166,0.567256,-0.463831,-0.365472,0.459223,-0.0899286,0.78787,0.555341,0.264977,1.56657,-0.677229,-1.50528,0.931213,-0.271851,0.44483,-0.48526,0.0071256,0.197936,0.545449,0.922154,1
-0.0806815,0.363275,-0.16647,-0.46142,-0.637419,0.521528,0.157041,-0.379561,-0.449732,-0.240044,-0.0647192,0.455243,0.116553,0.622299,-0.31591,-0.41968,-0.420415,-0.322429,-0.242705,-0.146552,-0.070241,0.261043,-0.101046,-0.430378,0.632734,-0.563107,0.0287787,-0.114086,0.753723,0.0469637,0.1249,0.369562,0.558922,0.832811,1
-0.519198,-0.637932,0.175498,-0.373173,0.0993842,0.801646,0.277153,-0.229703,0.29571,0.320123,-0.579456,1.00405,0.736854,0.541296,0.611961,0.47035,0.00763465,0.0962541,-0.092306,-0.324933,-0.782224,0.313137,0.850362,-0.427633,0.406893,-0.0260534,0.5193,-0.0205713,-0.475346,-0.113823,-0.873046,-0.474921,0.47854,0.948538,1
-0.567536,0.47471,-0.561397,-0.139812,1.161,0.79596,0.018042,-0.500771,-0.552448,0.406059,-0.415404,0.374266,-0.201284,-1.03407,-0.107528,-0.579592,-0.590927,0.75954,1.09168,0.484295,0.2034,0.917464,0.754904,0.278644,0.376569,0.121612,-0.388566,-0.344201,0.429967,0.115296,-0.190426,0.703074,0.479701,0.918823,1
-0.709702,-0.439453,0.410536,-0.37495,-0.217067,-0.0370375,-0.804906,0.28847,0.189957,-0.846832,-0.768287,0.104422,-0.0655487,0.3897,-0.388442,-0.542867,-0.259473,-1.08755,0.378072,-0.023438,0.340303,-0.0573352,-0.0177801,0.652591,-0.456223,-0.316594,-0.550205,-0.183097,0.304562,-0.510257,-0.740004,0.518858,0.541168,0.808187,1
0.00440988,-0.65672,-0.175838,0.484333,-0.00223247,-0.30733,-0.55024,-0.0629003,-0.627181,-1.3913,0.338817,-0.155782,-0.0205021,0.351008,0.769902,0.0525662,0.121761,-0.522555,-0.317232,-0.204932,0.00635564,-0.587361,-0.551199,0.315549,-0.102296,0.337446,0.565181,-0.555126,-0.428042,-0.709783,0.330072,0.132166,0.560168,0.856709,1
-0.55928,0.116053,0.486046,0.116697,0.685683,-0.362266,0.54747,-0.261819,0.149578,-0.13951,0.173654,-0.218649,0.186405,0.137418,0.0236868,0.674847,-0.100204,-0.0844666,1.26871,-0.94483,0.805026,0.380346,0.1522,-0.286486,-0.447028,0.232543,0.0713529,0.131689,-0.440218,-0.359576,-0.596156,0.363623,0.552773,0.784592,1
-0.233041,-0.333342,0.389552,-0.351897,0.636352,-0.0845264,0.412862,-0.230433,-0.221772,0.0248668,0.392541,0.06624,0.0387563,-0.587464,0.20705,0.477587,0.582433,-0.278818,0.116285,-0.346622,0.167958,-0.22035,1.4125,0.29957,-0.542718,0.283256,0.207711,-0.509231,-0.16121,1.05161,0.477718,0.168619,0.465068,0.8144,1
-0.208877,-0.192739,-0.193053,0.0750362,0.214653,-0.493179,-0.547352,0.509211,0.689242,-0.366462,-1.34336,0.0625913,0.161693,0.0350813,-0.096514,-0.0257771,-0.236686,-0.373781,-0.00162514,-0.0119386,0.730939,-1.24549,0.104985,0.493999,-0.0351959,0.848809,0.707965,-1.16547,0.223912,0.153437,-0.35189,-0.122446,0.492887,0.913498,1
0.545309,0.226225,-0.105517,0.126048,-0.669211,-0.230769,0.0142697,-0.312894,0.298829,-0.0998751,-0.306663,0.0275934,0.0136219,0.313016,-0.399674,0.614694,0.486157,0.244662,-0.25876,-0.552472,0.52437,0.429325,0.797435,0.480153,0.237858,0.142766,-0.748022,-0.45966,-0.0396067,-0.568289,-0.0591825,0.681191,0.420539,0.943747,1
-0.640742,-0.194621,0.641773,-0.504686,-0.0782976,-0.0482857,-0.106197,0.412216,0.379768,0.371854,-0.103283,-0.129989,-0.566847,0.597277,0.686154,-0.554201,0.470011,0.531432,-0.613258,0.315802,-0.466811,-0.0271805,-0.721956,-0.471241,-0.280776,-0.17393,0.670702,-0.534767,-0.120343,0.155185,-0.331017,0.416096,0.55453,0.903396,1
0.00448314,-0.0448789,0.849992,-0.246262,0.245528,0.464761,-0.713416,0.251448,-0.134,-0.458512,-0.288473,0.289925,-0.610827,0.372331,-1.00497,-0.37611,-0.269203,-1.34872,-0.176106,0.532032,-0.965867,0.869761,0.122154,0.0972546,0.582674,1.22839,-0.266893,-0.0013041,-0.0876653,-0.34098,0.14847,1.1837,0.474141,0.861012,1
-0.868127,-0.32988,0.432246,0.289138,-0.0976358,-0.4176,-0.618362,-0.4437,-0.195844,0.350468,-0.602926,-0.755092,-0.0454062,-0.0668503,1.1427,-0.42686,0.235567,-0.447199,0.166382,0.367763,-0.621736,-0.463025,-0.011208,0.0402107,0.044613,-0.682592,0.590364,0.01875,0.335391,-0.16968,-0.65883,0.0178568,0.533088,0.870572,1
0.137854,0.279056,0.120932,0.328419,0.388446,7.95,0.121183,0.399119,0.317138,0.299444,0.169332,0.240523,0.154088,0.335842,0.16304,0.232687,0.32762,0.138431,0.150603,0.231124,0.175177,0.176824,0.217533,0.108425,0.364843,0.396181,0.267461,0.291029,0.120514,0.175103,0.268635,0.328894,0.52,0.82,1
1.05257,0.55034,-0.316282,0.138894,0.498237,-0.924625,0.428037,0.0564723,0.403383,0.765106,-0.0705842,0.183389,0.479561,0.300104,-0.475931,1.08842,-0.293339,0.131109,-0.41442,0.721833,0.356013,0.556027,0.341105,0.226265,0.227632,0.0978308,0.451406,0.0303905,-0.397908,-0.180114,0.26938,0.49561,0.529819,0.765662,1
0.482775,-0.433533,-0.965882,0.108596,-0.427698,-0.401717,-1.77916,-0.661543,0.81571,0.117824,-0.525193,-0.392751,0.0213619,0.253354,0.306797,-0.326651,0.283093,-0.257562,-0.663742,-0.00961589,1.02972,-0.166312,-0.303417,-0.419663,0.363666,1.06262,0.27839,-1.09988,-0.485671,0.645927,-1.19946,0.100133,0.436326,0.892807,1
-0.518525,-0.13831,-0.145379,-0.201005,1.10035,-0.0266573,-0.408823,0.0282581,-0.402288,-0.0983773,-0.706237,-0.477318,1.07668,-1.61678,-0.735057,-0.266928,-0.143929,0.0261479,0.671495,0.114824,-0.187257,0.134694,0.821773,0.591237,0.593138,0.635081,0.292341,0.781684,0.130326,-1.13284,0.361008,-0.634155,0.491098,0.817058,1
-0.97074,0.140657,-0.204468,0.00549924,-0.054233,-0.352748,0.37785,0.0915409,0.234361,0.235152,0.00717827,0.26647,-0.777342,0.0191751,-0.0423529,-0.323424,0.541948,0.876884,-0.298956,0.446685,1.10683,-0.144318,-0.124777,-0.163164,0.425149,-0.448139,0.601072,0.687368,-0.0156012,0.00111046,-0.318557,0.0319533,0.424366,0.775397,1
-0.38681,1.02335,-0.337407,0.245192,0.768887,0.316344,-0.23513,0.526973,1.18329,-0.625057,0.430013,-0.708429,-0.0387111,0.18477,-0.2191,0.745808,-0.388561,-0.767374,0.219497,0.514872,0.809222,-0.402924,0.170561,-0.126038,0.667714,-0.410119,0.184773,-0.626519,0.442598,-0.237001,-0.583252,0.341336,0.542486,0.85959,1
-0.652447,0.86002,0.16434,-0.722631,0.611597,0.204178,0.373651,0.21358,-0.427111,-0.294834,-0.712955,-0.458663,0.647999,0.302791,0.0403908,0.0295561,0.390318,0.535672,0.6439,0.314522,-0.0254083,-0.130209,-1.58867,0.20004,-1.60462,-0.962674,-0.0974663,-0.38382,0.414467,0.356757,0.157134,-0.665194,0.563552,0.85344,1
-0.00931636,0.607536,0.321853,0.659304,0.152623,-0.048731,-0.165617,0.292042,-0.793884,0.709468,-0.395576,0.073109,-0.0378528,0.376093,1.26618,-0.134079,-0.22492,-0.0721746,-0.188292,0.54652,0.064872,-0.117655,-0.438034,-0.0353101,-0.0511091,0.0613483,-0.260319,-0.465856,0.578061,0.76238,-0.603824,-0.271388,0.468459,0.904219,1
0.049561,-0.125486,0.520634,0.613756,-0.76959,0.393919,-0.0151898,0.117842,-0.482187,-0.237243,-0.407847,-0.301475,-0.1125,0.143036,-0.0614627,0.494064,0.34356,-0.0575115,0.00697639,0.14643,0.277822,0.536177,-0.778097,-0.426778,-0.0527127,-0.0406679,0.139214,0.113769,0.224295,0.0823088,0.713852,-0.542073,0.455191,0.924342,1
-0.98081,0.558305,-0.0902904,-0.552133,0.0506813,1.30601,0.26044,0.706692,-0.307494,0.274576,0.953273,-0.171363,0.681719,-0.224814,-0.628426,0.425627,-0.175966,0.222626,-0.362072,-0.726814,0.686054,0.382129,0.327363,-0.799544,0.64329,0.251392,0.256021,0.433281,-0.655763,-0.75275,0.503321,-0.0120894,0.490914,0.912825,1
0.16087,1.10861,0.321095,-0.701918,-0.211786,-0.317971,0.0934308,-0.105103,-0.821029,-0.692331,0.0750015,0.40805,-0.0076175,-0.318145,-0.289288,-0.438896,0.557726,0.831248,0.559645,-1.23285,-0.232139,-0.711612,0.335226,-0.00273354,0.297579,-0.627004,-1.02586,0.410101,0.421249,0.897427,0.053878,-0.012621,0.507063,0.803457,1
-0.207034,0.63395,-0.0580253,-0.873755,0.162531,0.49241,0.438603,-0.45069,-0.908343,1.22498,-0.319251,0.23116,-0.700427,0.40628,-0.253192,-0.364832,0.455917,0.844244,-0.318287,-0.42504,-0.56417,1.30553,-0.191549,0.0827206,1.32469,-0.658453,0.74505,0.884764,-0.875793,-0.425491,0.322788,0.910904,0.422811,0.770964,1
-0.0651923,-0.111763,0.0241711,0.458045,0.000418748,0.154467,-0.416754,-0.310166,0.765263,0.346516,0.312532,-0.334272,-0.60133,0.66945,-0.17548,0.230551,0.0233656,-0.16291,-0.0923757,0.892895,0.562324,0.552654,0.953203,0.107456,0.469401,0.452622,0.741991,1.34817,-0.128921,-0.228174,-0.553059,-0.642982,0.560415,0.802551,1
-0.870685,0.694283,0.713425,-0.635147,0.0741399,-0.433811,0.718838,0.0927667,-0.270949,-0.124945,-0.504636,0.570433,0.405064,-0.0321469,0.6222,-0.64165,1.36147,0.061638,0.324635,0.0338875,-0.706283,0.111459,0.0147151,0.104629,0.035766,-0.539504,0.361876,0.27687,-1.02951,-0.31833,-0.313346,0.952576,0.543069,0.763561,1
0.426194,0.455986,-0.419458,-0.464209,-0.35338,-0.518278,0.31587,0.326208,-0.444055,-0.129249,0.431688,-0.380727,0.292002,0.015947,0.788468,0.264954,-0.391565,-0.593233,-0.0568916,0.0326255,-0.576398,0.166802,-0.195236,-1.1486,-0.104641,0.190178,0.795571,0.989266,-0.487825,0.875128,-0.108669,0.456658,0.574925,0.802683,1
-0.446876,-0.429691,0.00877556,0.199668,-0.227881,-0.665581,0.456531,-1.19845,-0.581548,0.138452,-0.895056,0.441741,-0.0325767,0.187883,0.2075,0.45858,0.366625,0.0392098,-0.460337,0.0623494,-0.668278,0.392492,-0.282101,0.897218,-0.16248,0.839981,-0.377202,0.52655,0.0599216,0.458332,0.575508,0.741484,0.423765,0.866106,1
0.460687,-0.592913,0.495201,-0.284859,1.06199,0.765541,1.06213,-0.336469,0.848541,-0.270974,0.199574,0.627098,-0.262994,0.236951,-0.0584568,0.437194,0.559427,-0.609435,0.0278889,0.641414,-0.413438,0.0449142,-0.645143,0.0757717,0.354039,0.121859,-0.0155903,-0.507965,0.189032,-0.0519947,0.70379,-0.290876,0.556642,0.926102,1
0.524953,-0.524079,0.19996,0.425394,-0.972927,-0.396179,0.332949,0.0262907,0.455112,0.106214,-0.0747681,0.671006,-0.738134,-0.269517,1.11013,0.537231,0.537427,-0.232431,0.460911,0.955278,0.0527287,-0.0219761,-0.134931,0.249645,0.392412,-0.329186,0.579846,-0.0213024,0.376563,0.556269,0.502952,0.419448,0.434406,0.824802,1
-0.0589722,-0.456431,-0.352449,0.198965,1.12186,-0.588647,-0.506637,-0.0582327,0.591208,0.173933,0.386628,-0.351803,0.0631997,-0.5374,-0.387965,-0.0794069,-0.56816,-0.460334,0.877017,-0.253519,0.436827,-0.361433,0.657137,-0.731687,-0.436273,-0.234574,-0.132586,0.354335,0.186944,-0.0409754,0.188594,-0.213323,0.498893,0.936041,1
-0.527918,-0.619588,-0.00959812,-0.218775,-0.437204,-0.795925,0.198561,0.932246,0.348904,0.261898,-0.97663,0.270478,-0.157149,0.253237,-0.140281,-0.745272,-0.228031,-0.169805,-0.00865203,0.393576,0.405033,-0.41508,0.137933,0.0380656,-0.877493,0.238125,-0.255871,-0.297424,-0.360163,-0.290867,0.408209,-0.226778,0.463959,0.815528,1
0.253865,0.114215,0.379165,-0.150341,-0.259442,-0.258297,-0.632277,0.450092,-0.11343,0.0233906,-0.185016,0.162631,-0.221568,-0.480293,0.393412,0.112178,-0.936425,0.783933,0.793503,-0.111214,0.186501,0.126465,-0.841549,0.138461,0.656094,-0.272717,-0.592027,0.884349,-0.287597,-0.0647461,-0.189948,-0.299679,0.524642,0.796052,1
0.209532,0.138549,1.00534,-0.0829172,0.327771,-0.624254,-0.228406,1.02585,-0.637682,-0.70933,0.0409899,0.0319302,0.728764,0.191687,0.327306,0.551584,0.605182,-0.418033,0.199272,-0.0506345,-0.697281,0.801319,0.638307,0.00258985,-0.405053,-0.243238,0.134002,0.981287,-0.0401294,0.700242,0.0632308,0.052885,0.508673,0.833554,1
-0.27561,0.018692,-0.704732,-0.050801,0.0973593,0.125427,-0.540667,-0.065852,0.858164,-0.211138,0.0515346,-0.103541,-1.04475,-0.292059,0.0423297,0.638506,0.550149,-0.457428,-0.0503644,-0.380173,-0.0335476,0.00661025,0.758388,0.339203,-0.0784109,0.403515,-0.740196,-0.122575,0.12481,0.871351,0.0422537,0.491632,0.444619,0.807222,1
0.995868,-0.151956,0.396545,-0.00468667,1.34229,-0.538735,0.114816,0.133856,0.028732,-0.643279,-0.158945,-0.185497,0.248684,0.130048,0.508893,0.273341,0.810296,-0.346151,0.239348,-0.526143,-0.931049,-0.165704,-0.301097,-0.679209,-0.209874,-0.00302407,0.074263,-0.497943,-0.703338,-0.17584,-0.0277946,0.0907629,0.449272,0.894525,1
-0.165636,-1.02639,0.33723,-0.628718,1.37018,-0.341918,-0.542902,-0.965231,-0.0101615,0.345988,0.560745,-0.321711,0.910675,0.130576,-0.497164,-0.386644,0.653007,0.11425,-0.526234,-0.424971,-0.563787,0.11868,0.00187695,-0.386806,-1.2711,0.332685,-0.346302,0.753265,-0.323732,-0.709075,-0.745334,-1.06484,0.498595,0.795771,1
0.312841,0.243318,0.371207,0.377554,0.277317,7.95,0.141569,0.26425,0.348211,0.293509,0.141439,0.238353,0.291497,0.103025,0.324977,0.264049,0.26375,0.169646,0.263838,0.316115,0.19493,0.395263,0.225682,0.186197,0.15766,0.272761,0.249629,0.248724,0.33566,0.228948,0.289509,0.228447,0.52,0.82,1
-0.0677225,0.1314,-0.120024,-0.0915069,0.0249503,-0.404325,0.586571,0.332365,-0.233491,-1.24144,-0.212691,0.706128,0.58658,-0.244514,0.398235,0.248546,-0.308555,0.451686,-0.746161,0.246311,-0.423467,-0.381111,0.495028,0.598653,-0.534326,0.648447,-0.477901,0.390824,-0.157992,-0.203219,0.259059,0.0819432,0.517689,0.816567,1
0.200166,-0.28417,-0.11506,-0.589199,-0.894968,-0.269818,-0.427157,-0.1063,0.6039,-0.563902,-0.479344,0.17122,1.16112,-1.01474,0.00815173,0.0839428,-0.29358,1.32636,-0.17187,0.140454,0.648746,0.129861,-0.611122,-0.272757,-0.366493,-0.563664,-0.476975,-0.249345,-0.261089,-0.219779,0.80928,0.10233,0.530904,0.760358,1
-0.310322,-0.596346,0.86519,0.0799846,0.564222,-0.171882,-0.428752,0.124455,-0.179408,0.749656,0.142789,-0.198158,0.488033,-0.802915,-0.60108,-0.453115,0.264564,-0.582425,-0.395288,0.84024,-0.0861312,-0.0157677,-0.366292,-0.11282,0.609762,0.167691,0.150901,-0.0349263,-0.191271,0.826864,-0.970331,0.32262,0.51359,0.861979,1
0.656379,0.464988,0.378852,0.145429,-0.247466,-1.11315,0.587207,0.196523,0.450385,0.0473913,0.185525,-0.5317,0.191315,0.245198,-0.0319168,-1.00151,-0.76368,-0.099216,0.0212204,-0.311374,-0.17137,0.181553,0.46639,-0.367639,0.16142,-0.109564,-0.499854,-0.375055,-0.306988,0.320825,0.0363098,0.0646771,0.498038,0.774168,1
0.793336,-0.0592206,-0.050417,0.0577844,-0.921295,0.0962179,-0.139769,-0.691778,-0.291772,-0.176302,-0.355123,0.638464,0.319392,0.342537,-0.524906,0.315067,0.296707,0.292956,0.118712,0.152182,-0.0957525,0.139392,0.453941,-0.270654,-0.230741,-0.586668,0.160901,0.647436,-0.529506,-0.193879,0.339892,-0.194108,0.575586,0.924626,1
0.0786009,-0.111296,1.20266,0.646784,-0.195599,0.446995,-0.369725,-0.385329,0.688706,-0.811714,-0.369162,1.02415,-0.126662,0.8793,-0.114105,0.00267462,0.228983,-0.74361,0.406731,0.0297323,0.799315,1.37944,0.310878,-0.233946,0.125428,0.320193,-0.00403194,-1.06412,-0.345235,0.378255,0.338327,-0.219154,0.551029,0.812764,1
-0.104811,0.696107,-0.168906,0.100868,-0.732476,-0.330487,-0.0302047,-0.270846,0.652943,-0.0181262,0.399437,0.73202,0.966289,0.518054,-0.405518,0.220461,0.312879,-1.21129,-0.604382,0.290902,0.318027,-1.80539,0.196339,-0.673958,-0.610936,-0.00165449,0.230775,-0.0785343,0.26958,0.351759,0.591116,0.465991,0.42074,0.892348,1
0.350582,0.538587,-0.304739,-0.285849,-0.00801951,-0.330689,0.159744,-0.552867,-0.33791,0.235194,0.010392,0.0978434,-1.01912,-0.340391,1.57929,0.345735,-0.645451,-0.312994,0.731402,-0.413494,-0.751466,0.476839,-0.0644084,0.800596,-0.342291,0.126881,-0.168395,-0.198112,0.249869,0.257468,0.413315,0.481134,0.555717,0.867065,1
0.615478,0.163438,0.173656,-0.0596212,-0.393973,0.376038,0.903507,-0.189924,-0.494186,-0.612801,-0.0991299,0.774211,0.21864,-0.152381,0.83756,0.432478,-0.239536,0.653797,-0.00493586,0.6416,0.0799614,-1.45234,1.06201,-0.341276,0.259087,-0.630445,-0.45793,0.098504,-0.589891,-0.0728137,-0.898403,0.775507,0.471247,0.841277,1
0.117325,0.306,0.194059,0.253084,0.352769,7.95,0.269973,0.210766,0.215598,0.280044,0.340388,0.379646,0.20898,0.126539,0.105223,0.278033,0.230502,0.311747,0.222236,0.35175,0.17401,0.298838,0.172671,0.358977,0.17016,0.397581,0.386857,0.313904,0.399256,0.346269,0.345741,0.225331,0.52,0.82,1
-0.595151,0.706664,-0.471027,0.113793,0.32367,-0.0503899,-0.629121,0.295792,0.554283,1.10132,0.622117,-0.552944,-0.245612,-0.702296,0.170951,0.0717081,-0.0318429,-0.577086,-0.348574,-0.391589,0.0358781,-0.108055,0.0694531,0.486816,-0.883182,0.679458,0.217836,0.0084688,0.600814,-1.03454,-0.0757662,0.303737,0.520083,0.851439,1
-0.11095,-0.348787,-0.440805,0.460206,1.14092,-0.485918,0.369442,0.073892,-0.101803,0.255295,0.0643092,0.739455,-0.0246343,0.0531227,-0.239086,0.284102,-0.35454,-0.215141,-0.886658,0.437621,-0.202944,0.744075,0.0738076,-0.60483,-0.680519,0.00664952,-0.645742,-0.666838,0.627804,-0.356405,0.894177,0.0868606,0.447518,0.799,1
-0.12012,-1.0415,-0.489545,-0.395226,-0.0179651,-0.197745,-0.252118,0.156908,0.0504173,0.257597,-0.180436,0.730766,0.620813,-0.000940616,-0.0915099,0.0363271,-0.160836,-0.03781,-0.573953,0.0722128,0.199289,0.107357,-0.594659,-0.594261,0.32084,0.71408,-0.214689,-0.117738,1.46645,0.253332,0.484815,0.0813505,0.560539,0.931587,1
1.02407,0.334004,-0.390907,-0.254229,0.288188,0.652006,0.124666,-0.730851,-0.0631417,0.118864,-0.576826,-0.383804,1.20637,-1.2439,0.363208,-0.834835,-0.0882308,-0.503916,-0.7423,0.687781,-0.128159,0.0924814,-0.54436,-0.677439,-0.789218,0.227882,-0.220628,0.497336,-0.587342,0.689158,1.14273,0.644977,0.433053,0.808882,1
-0.275034,0.124982,-1.13599,0.374011,-0.200201,0.343871,-0.561278,0.175494,0.107144,0.0932879,0.52615,0.0850902,0.324021,0.212381,0.00404189,-0.87857,-0.162916,-0.0864624,-0.0826461,0.13871,-0.0224952,-0.0805053,-0.228776,0.308886,0.873017,0.393357,1.27898,-0.144232,0.917861,-0.480879,0.341135,-0.678385,0.562449,0.837421,1
0.20462,-0.203619,-0.406908,0.336538,0.276579,0.45264,0.31661,-0.955982,-0.454424,-0.531094,0.466918,0.0134965,0.353331,0.520691,-0.0782236,0.0574156,-0.158815,-0.443131,0.133339,0.729357,0.605485,-0.169117,-0.61247,-0.168207,0.00951678,0.855399,0.452557,-0.16804,-0.256757,-0.663558,-0.446369,-0.208785,0.422392,0.915627,1
0.56115,0.360973,0.0432495,0.794291,-0.18498,-0.215802,0.182555,-0.330347,-0.16951,-0.630086,-0.750283,0.150126,-0.619043,-0.682686,0.57776,0.354126,0.32239,0.301616,-0.465876,-1.23997,-0.232212,0.233875,0.311334,-0.198824,0.0812968,0.188796,-0.198264,0.38543,0.213786,0.0623491,0.352857,-0.137895,0.476546,0.78508,1
-0.590632,0.0723257,0.0196624,1.01735,-0.140428,0.654201,-0.635926,-0.0726024,-0.53105,0.505584,-0.104625,-0.217988,-0.754481,-0.320742,0.180415,-0.920194,0.102266,0.0177318,0.115197,-0.134584,0.851915,0.600687,0.244153,0.108112,1.98398,-0.500451,-0.461465,-0.704934,0.297642,-0.408834,-0.938367,-0.310309,0.518186,0.765868,1
-0.06321,-0.744502,-0.136724,-0.291224,0.954713,0.425574,0.632273,0.0526762,0.171448,0.202335,0.883825,0.375321,0.682852,-0.585317,0.770111,0.978853,0.3215,-0.0491474,0.339637,0.0106106,-0.545158,-0.237754,0.21826,-0.281073,0.143658,0.635828,0.230116,-0.787263,-1.62867,1.4436,0.540942,-0.00590166,0.491156,0.873963,1
0.130471,-0.286485,0.179888,0.745128,1.00948,-0.340192,-0.429358,-0.356042,-0.846156,-0.433068,-0.656702,-0.484652,-0.971002,-0.450123,0.716886,-0.457502,-0.0124036,-0.655783,-0.4212,-0.166682,-0.591507,-0.863682,-0.100929,-0.182508,0.0690693,0.1324,-0.071197,-0.0865419,-0.102019,0.561066,0.455592,0.462226,0.560741,0.797311,1
-0.46092,-0.118367,-0.422797,1.32722,-0.860604,0.156824,-0.492184,0.396683,-0.200999,-0.715846,0.580051,-0.116008,-0.426473,-0.351792,1.46863,-1.00883,0.348925,-0.690041,-0.0479851,0.0513248,-0.237457,1.09978,0.110006,-0.474516,-0.420717,0.900272,-0.532877,-0.692885,1.03045,0.43186,-0.437063,0.466285,0.451737,0.839921,1
0.171323,0.430587,-0.43256,0.678686,0.325991,-0.0342502,-0.0289776,0.559282,-0.102406,0.642596,0.984696,0.536659,0.577799,-0.353074,0.814638,0.20982,-0.696622,-0.0258159,-0.305807,0.455243,0.0554767,-1.47463,0.26188,0.133561,-0.134673,0.479229,0.310303,0.253284,0.274918,0.713703,0.285487,0.581909,0.424884,0.801836,1
0.674192,0.406253,0.0904804,0.141284,-0.510512,-0.605301,-0.154375,-0.158472,0.460725,-0.0537405,-0.79541,-0.370292,0.580809,0.103131,-0.55947,-0.352532,-0.56783,0.30403,-0.0915679,0.330523,0.730676,-0.558494,-0.470103,0.438392,0.627007,-0.360872,-0.00168302,-0.0932416,0.249635,-0.396993,0.275937,-0.154523,0.471254,0.85624,1
0.670299,-0.0279128,0.385609,-0.423449,-0.0190697,-0.340775,-0.185091,-0.785547,-0.0904388,0.237135,-0.553584,0.754036,0.0944207,-0.142626,0.176211,0.289724,0.0268502,0.120925,-0.871866,0.0656677,0.310293,0.141589,0.69679,0.211586,0.394923,-0.410377,-1.32632,-0.134709,-0.0123975,0.0801257,0.289001,-0.84949,0.499526,0.920167,1
-0.320824,0.416703,-0.495295,-0.587073,-0.245195,-0.255607,0.448192,0.0978935,-0.373784,0.798546,0.259051,-0.344045,0.192957,-0.043235,0.20227,-1.25086,-0.586589,0.501997,-0.573263,0.520549,-0.503047,-0.329189,0.416046,0.890082,0.349442,0.0710818,0.151196,0.361173,-0.847155,0.447193,0.342889,-0.246613,0.563975,0.892027,1
-0.306857,-0.316787,0.0804858,-0.239188,-0.00835005,-0.552271,0.0589627,-0.160654,-0.407599,0.269071,0.603598,-1.00355,0.0720563,-0.456306,-0.995969,0.271397,-0.162311,0.598522,0.347819,-0.292662,-0.258664,0.0558881,0.145687,-0.21255,1.79552,-0.0470103,-0.570707,0.391083,0.221301,-0.030205,0.256311,0.0946003,0.480386,0.871722,1
-0.34996,-0.392223,1.08458,-0.804441,0.257134,0.228208,-0.226101,0.0603829,-0.744067,0.3559,-0.391406,-0.44999,0.882214,-1.00199,0.100983,-0.278913,-0.464696,-0.953407,0.160955,0.302129,-0.758381,-0.173797,-0.325457,-0.127625,-0.0793941,0.144072,0.0383906,0.300571,0.246967,0.531389,0.575504,-0.521137,0.554427,0.808559,1
0.660117,-0.419247,-0.46687,0.787279,-0.00948076,-0.477586,0.726464,0.134942,-0.0116094,-0.297092,-0.181272,0.428016,0.729124,-0.347525,0.515657,-0.240325,-0.846166,0.177124,-0.314893,-0.359742,-0.698448,0.63844,0.0627562,-0.65932,-1.01198,0.322846,-1.41497,-0.50226,0.688028,0.269898,0.490072,0.229666,0.48295,0.762777,1
-0.178769,-0.0575674,0.224007,0.131628,0.486767,0.0797426,0.403935,1.22381,0.738791,0.17046,0.0744971,0.0682459,0.135997,-0.0626608,-0.377478,0.7973,-0.00881998,0.731982,-0.390629,0.240296,0.271542,0.195176,0.0890813,0.108953,-1.07456,0.794662,0.220819,0.274539,-0.313578,1.19892,-0.534936,0.0325637,0.564966,0.945068,1
-0.614684,-0.271074,-0.353088,-0.103295,1.67166,-0.0492064,0.134921,-0.608461,0.525212,0.208835,-0.206348,0.76127,-0.368202,-0.394443,-0.31184,-0.147009,0.115014,-0.152613,0.196067,0.503804,0.352743,0.261794,-0.941203,-0.459989,0.366698,0.216223,0.227554,0.15334,0.16906,-0.135016,0.0230136,-0.266388,0.551577,0.875223,1
-0.0623403,-0.734514,-0.708437,0.439218,-0.240605,0.636285,0.484699,-0.0798719,0.277419,-0.411214,-0.138194,-0.190301,-0.881134,-0.295787,-0.253082,-0.0257025,0.0529687,-0.259575,0.687745,0.537712,-0.558564,0.110072,0.501624,-0.0173359,-0.417996,-0.0408822,1.06997,0.599295,0.252855,-0.272972,0.325717,-0.406262,0.484651,0.785815,1
0.245765,0.495881,0.0237762,-0.238435,0.359557,-0.131137,-0.912825,-0.237589,-0.799617,-0.0369726,0.849643,0.285658,-0.146,0.181832,0.7883,0.676091,0.178404,-0.243137,0.428061,0.173592,0.422606,-0.809497,0.00281238,-0.118685,-0.0109448,0.848002,-0.0646501,-0.395463,-0.109893,0.0620225,-0.538049,0.639477,0.544103,0.821832,1
0.167155,-0.112107,0.522313,-0.966913,-0.0698527,0.0974762,-0.473174,-0.736409,-0.0992915,0.0645853,-0.243534,-0.728999,0.0420448,-0.27562,-0.0841764,0.0529008,-0.0361117,0.699141,0.723821,-0.359635,-0.401621,-0.269049,-0.0119874,-0.307256,-0.813089,-0.254557,-0.584343,0.317301,0.447012,-0.833817,0.318388,0.492557,0.564091,0.85556,1
-0.576691,0.876052,-0.623289,0.665037,-0.245106,-0.117104,-0.012672,-0.0341763,0.11172,0.363395,-0.765277,-0.276657,-0.344041,0.110278,-0.664032,0.261516,-0.336853,-0.225909,0.186172,-0.0595957,1.02858,-0.622415,0.120717,0.0379271,0.417365,0.27095,0.276851,0.763241,-0.65685,-0.379573,0.0786987,-0.0839004,0.548493,0.936907,1
-0.102948,-0.627106,-1.39141,-0.311276,0.179403,-0.326476,0.731581,-0.556803,-0.119628,-0.900546,-0.457352,-0.614379,-0.0459848,-0.52148,-0.694694,-0.556492,-0.0782356,-0.118895,0.146527,0.248481,0.491613,-0.880031,-0.374519,0.673886,-0.246124,-1.47932,0.772728,-0.53957,-0.0377847,0.235583,-0.00331414,-0.0169725,0.493239,0.805514,1
0.203735,-0.962648,-0.971369,0.0296113,-0.621947,0.410234,-0.550833,-0.503167,0.218782,0.506774,0.356334,-0.158303,-0.665278,0.641244,-0.0534939,-0.0465545,0.666281,0.592071,-0.47285,-0.795517,-0.385034,-0.294594,0.406684,-0.280178,0.792934,0.420433,-0.165762,0.855524,-0.483324,0.0254387,0.658089,0.56831,0.502145,0.900405,1
-0.18049,-0.375759,-0.17295,-0.0133333,-0.259882,0.172258,-0.420831,0.18888,-0.28661,0.456243,0.118895,0.00950695,-0.802372,-0.0459269,-0.0013024,0.360778,0.573672,0.316505,0.254174,0.611141,-0.216476,0.0236824,1.60387,-0.0163956,1.07017,0.175773,-0.117263,-0.2463,-0.145359,1.44271,0.215813,-0.208804,0.525897,0.782729,1
0.920144,0.406365,-0.144223,-0.738006,0.0920728,0.186173,-0.133257,-0.679966,-0.151045,0.433199,1.01468,0.591939,0.19928,0.34459,-0.582467,-0.0141631,0.573956,-0.856532,-0.201021,0.487023,-0.217496,-0.905901,-0.032343,-0.699732,-0.0936568,0.809334,-0.515963,0.560747,-0.718983,-0.013095,-0.219333,-0.133984,0.470085,0.775955,1
-0.171845,-0.898149,-0.280035,-0.0204485,0.180038,-0.398883,0.221995,-0.213623,0.789742,0.0686807,-0.656907,0.328828,-0.0224026,0.449958,-0.112918,-0.0429212,-0.324473,-0.344589,0.281448,-0.340806,0.199436,0.446523,0.0670511,0.0508454,-0.151614,-0.820307,-0.0702664,-0.177127,-0.255872,-0.19849,1.00436,0.653182,0.442788,0.881628,1
-0.735972,-0.26081,0.0542805,0.0139532,-0.549073,-0.110292,0.0933353,-0.148256,0.258169,0.133405,0.0197953,0.942328,-0.0358211,0.854937,0.0629367,-0.134624,0.196346,0.458344,0.429736,0.680454,0.218199,-0.130324,-0.245135,0.172255,0.254671,-0.091201,0.0798205,0.294971,0.767188,-0.220092,0.642374,-0.373532,0.473215,0.912849,1
0.166327,0.130057,0.168061,0.189794,0.153417,7.95,0.138695,0.27811,0.380718,0.325096,0.31537,0.137507,0.31623,0.304147,0.35865,0.36027,0.132186,0.131562,0.16002,0.380325,0.339643,0.179078,0.110311,0.316261,0.329917,0.328117,0.322997,0.169893,0.11149,0.186944,0.246388,0.238836,0.52,0.82,1
0.95,0.88,-0.315533,0.210989,0.204059,-0.388616,-0.247391,-0.339842,0.0552523,0.252759,0.160259,-0.241647,-0.404093,-0.101708,0.401467,0.101636,-0.173335,-0.408472,-0.222733,0.0303496,0.128807,0.066011,0.102256,-0.402811,0.190919,-0.242175,-0.0104474,-0.191409,0.0387755,0.221491,-0.440634,0.306224,0.48,0.2,0
0.00473719,-0.647698,0.363263,-0.452878,-0.258873,-0.918039,-0.133257,-0.255144,0.675757,-0.103149,0.565805,0.40102,0.491963,-0.573018,0.00656966,-0.0562004,0.27763,-0.761578,0.214312,-0.381537,-0.549325,0.255146,-0.648388,0.367111,0.240715,0.650093,-0.371528,0.0895354,0.0903277,0.231589,0.399579,-0.982223,0.529505,0.861288,1
-1.19293,0.591993,0.756423,0.646266,1.40594,0.450216,-0.341509,-1.20397,0.103012,-0.216314,-0.400514,-0.875027,0.214404,0.116907,-0.00326873,0.238129,0.755959,-0.192848,0.510449,-0.235004,0.429639,-0.773465,0.517841,-0.326746,-0.436409,-0.168089,0.278595,-0.385625,0.0277271,0.0915279,-0.628402,-0.240028,0.509832,0.850394,1
0.488356,0.197977,-0.0239496,-0.368155,0.800158,-0.304715,-0.571436,0.076394,1.00034,-0.47371,0.638043,-0.715981,-0.510955,0.405903,0.448293,-0.626096,-0.470902,-0.306803,-1.16121,-0.0369702,0.532413,-0.0118052,-0.0228239,0.325136,-0.512418,0.687566,0.781059,-0.162523,-0.0276017,0.389234,-0.118694,0.351859,0.4872,0.903484,1
-0.49774,-0.17222,0.463003,0.553865,0.505451,-0.0451833,0.188389,0.57425,-0.964745,-0.158158,0.586794,-1.19267,-0.129981,-0.512373,0.0899756,0.92525,-0.129937,0.124828,0.130381,0.510312,-0.103669,0.179235,-0.0889969,-0.261733,-0.307648,0.184688,-0.114451,-0.32618,0.560866,-0.563995,0.0586777,-0.376244,0.568394,0.930696,1
0.378962,-0.0914771,-0.478337,-0.239671,-0.734971,-0.646399,0.384728,-0.583338,-0.407052,1.36159,-0.25768,0.633892,-0.416423,-0.774585,0.222102,-0.773136,0.418098,-0.0385819,-0.361206,0.247601,0.933133,-0.491881,-0.556377,0.364659,0.620128,-0.192237,0.48247,0.551761,-0.248659,0.088,-1.02412,0.645272,0.564063,0.910548,1
0.408781,0.113429,-0.030533,-0.64335,-0.331737,0.0853316,-0.699528,-0.185577,-0.913134,-0.542495,-0.00843169,-0.0481057,-0.826985,-0.384733,0.547742,0.420995,0.113378,0.110234,0.564592,0.114718,0.545484,0.0174516,0.752253,-0.986418,-0.194293,-0.0307116,0.0635256,-0.665422,-0.121816,0.151245,-0.716402,-0.782514,0.565786,0.851511,1
-0.0764023,1.1034,-0.890609,0.0585234,-0.0363471,-0.218411,-0.321629,0.0678985,0.604402,0.0432225,-0.373554,0.626035,-0.507664,0.928167,0.92446,0.291125,0.052842,-0.0303399,-0.114474,0.238587,0.524877,0.0910789,-0.528194,0.343118,-0.122105,0.458951,-0.516633,0.206179,0.176713,0.741863,0.293673,-0.450539,0.475344,0.763818,1
-0.600066,0.317057,0.331544,0.461467,0.68398,0.263442,-0.368645,0.43123,0.03705,-0.137427,0.090846,0.0209738,-0.288329,0.618683,0.635659,-0.331368,-0.727649,0.843297,0.0963415,-0.618342,0.713956,0.0661546,-0.187978,-0.259755,0.106665,-0.237437,1.00479,-0.469338,0.569043,0.0345327,-0.709898,0.344111,0.46188,0.763818,1
-0.687453,-0.066879,-0.90478,0.497232,-1.49706,-1.02126,0.422224,0.135636,1.08855,-1.01132,0.31487,-0.70655,0.127059,0.323853,0.429101,0.403869,0.653991,0.32351,-0.527819,0.531179,0.157766,-0.187468,0.0750115,-1.04207,0.923322,0.492746,-0.159295,0.180139,0.123183,-0.271984,0.196084,0.220541,0.500113,0.889167,1
0.38828,-0.692118,-0.0843558,-0.798735,-0.329069,0.550432,-0.791859,-0.119534,0.567258,-0.162691,-0.334007,-0.959337,0.1145,-0.802463,-0.547117,0.117329,-0.644058,-0.154409,-0.194021,-0.586879,0.195136,-0.274912,-0.026409,-0.630323,1.13304,-0.438415,-0.0603052,0.941776,0.846414,0.37445,-0.700073,0.343619,0.488768,0.892491,1
0.390941,0.265451,-0.0337348,-0.534557,0.252527,0.0133077,-0.545111,0.749927,-0.605264,-0.288915,-0.384077,-0.201517,0.492655,0.458652,0.210813,0.033234,0.282122,-1.07631,0.302342,-0.383283,-0.375537,0.288697,-0.113229,-0.501054,0.568817,0.737082,-0.160256,-1.07445,0.382903,0.0632172,-1.21168,-0.380887,0.531737,0.797833,1
-0.0122215,0.0333275,0.228195,0.0129774,-0.222567,0.355831,0.231203,-0.830778,-0.0977144,-0.319153,-0.551828,-0.196969,-0.316991,0.668963,0.211409,-0.631905,0.281129,-1.09184,0.886723,-0.332459,0.0782093,-0.704334,0.158399,0.0341069,-0.120069,-0.812933,0.416065,-0.798359,-0.770035,0.277791,-0.0262774,-0.164124,0.564938,0.839648,1
-0.0184781,-0.85449,0.11723,0.59329,0.243437,0.3447,-0.124726,0.16622,0.565628,-0.636077,0.50956,0.146152,0.704884,-0.241913,-0.231388,-0.212946,0.321948,-0.532699,-0.264175,-0.0887675,0.116032,0.414519,0.429141,-0.0235238,-0.17814,0.220612,-0.330007,0.462141,-0.0775703,0.328614,-0.315999,-0.268026,0.453562,0.769737,1
-0.348802,-0.835921,-0.149837,0.328884,-0.434721,-0.16279,0.220456,-0.239301,-0.10687,0.189733,0.269218,0.511117,-0.0964611,-0.2727,0.209289,0.272885,-0.473065,0.286439,0.121787,-0.0384477,-0.570074,-0.382658,-0.316215,-0.917721,-0.43851,-0.846862,0.653245,0.283224,0.158131,0.131787,-0.366982,0.841935,0.424228,0.936906,1
0.682607,-0.143005,-0.796516,0.322359,0.472401,-1.2269,0.435611,0.225159,0.327908,-0.0966222,-0.411827,0.254082,-0.247549,0.315274,0.325367,-0.368049,0.57288,-0.315132,0.929375,0.260183,-0.0191344,-0.793079,-0.331715,-0.630892,0.345355,0.296425,-0.0265598,0.225326,-0.463625,0.124506,-0.0632425,-0.453728,0.49355,0.911771,1
-0.826138,-0.272535,0.438473,-0.109945,-0.899998,-0.0591625,0.277047,0.511887,0.990627,-0.253443,0.00406396,0.0495369,0.677975,0.108713,0.455313,-0.65388,0.0358531,-0.195164,1.65683,-0.0145025,-0.580893,0.773765,0.608495,0.35383,0.0764994,-0.53746,0.510096,-0.333255,0.691242,0.302089,0.418019,-0.755112,0.436059,0.788308,1
-0.620857,-0.105851,0.292663,0.791718,-1.12461,-0.78388,0.841817,-0.964036,-0.360475,0.21496,-0.372379,-0.367431,0.190172,-0.39485,1.05914,0.703815,0.714126,0.364032,-1.26469,0.134993,-1.26138,0.702236,-0.0730224,0.118457,0.722961,-0.355863,0.16335,0.149236,0.367438,-0.457039,0.836502,-0.664872,0.500231,0.853088,1
-0.159261,-0.14302,-0.16613,0.0570577,0.215661,-0.600695,0.229175,-0.626589,-0.469699,-0.560786,-0.290804,0.42956,0.207771,0.0112141,0.516073,0.347525,-0.219717,-0.493105,-0.391487,-0.0292747,-0.0167683,-0.102237,-0.442251,-0.904643,0.0534822,0.485251,0.328283,0.134206,-0.207912,-0.123053,-0.268897,-0.362103,0.470493,0.853174,1
0.203601,0.654406,0.283879,-0.407447,0.0160545,0.501735,0.389043,-0.0315814,0.76803,-0.708042,-0.0475332,-0.192774,0.295069,-0.121167,0.808749,-0.129861,-0.459963,0.408179,0.223562,-0.197248,0.321475,-0.540078,0.164677,0.488892,-0.251143,0.0990948,0.0939668,-0.191685,-0.00177527,-0.412806,0.371737,0.0222273,0.430393,0.919639,1
0.202438,0.878032,0.442109,0.0752675,-0.17106,0.98745,-0.265307,-0.751421,0.412805,-0.00727701,-0.0636077,-0.795708,-0.0319967,0.234508,0.550769,-0.162871,-0.264844,0.227646,-0.516954,0.3327,0.410676,-0.832172,-0.0696145,-0.768016,-0.269659,-1.04887,-0.13707,0.623885,0.483016,-0.543328,0.532047,0.653719,0.43479,0.821042,1
-0.338545,0.952034,-0.83634,0.59421,0.238098,-0.726407,-0.117085,-0.327913,-0.763123,0.556983,-0.196653,-0.287823,-0.292781,-0.158366,0.378357,0.201764,0.000234489,-0.611969,0.0546393,-0.296868,0.0753423,0.700878,-0.126461,0.292851,-0.515292,-0.612622,0.351467,-0.231617,-0.40819,0.536852,0.836824,0.0107655,0.455514,0.809272,1
0.126131,-0.216525,-0.146515,-0.735804,0.75602,-0.186271,0.154203,-0.0556284,-0.349958,-0.463314,0.197238,-0.290361,0.361885,-0.278497,-0.442506,0.286175,0.101273,-0.133314,0.0297282,0.537656,-0.11905,0.303185,-0.11013,0.703119,0.132198,-0.379876,-0.012127,-0.156005,0.234893,-0.563293,-0.430485,-0.0724203,0.458618,0.894601,1
0.436366,0.805192,0.90537,-0.184579,-0.989862,0.157877,-0.352934,1.23928,0.179268,0.282198,-0.218431,0.585993,-0.392067,0.395596,0.630182,-0.627157,0.0965026,-0.311855,0.111756,0.522881,-0.524511,0.289362,-0.229885,0.132916,-0.413499,0.882014,0.0599333,-0.554823,0.550437,-0.0973691,-0.0348324,0.0722197,0.548643,0.943819,1
0.653126,-1.01517,-0.156374,-0.173317,0.395895,0.26733,0.283165,-0.176094,-0.143399,0.502969,0.243691,0.962345,0.165324,-0.19907,-0.219778,0.40077,0.224294,-0.478686,0.261542,0.00121792,0.326077,0.776772,-0.158096,-0.23573,0.725324,-0.611873,0.052642,-0.0714185,0.220134,0.494156,0.879836,0.0410963,0.55019,0.798177,1
-0.65298,0.490394,0.378692,0.177301,0.415314,0.452247,-0.803897,0.0988808,0.5614,0.838272,-0.300719,-0.758273,0.623287,1.07479,0.442789,-0.299442,-0.117357,-0.323249,0.61583,-1.07328,-0.111067,-0.122727,-0.150176,1.07172,0.385036,0.771187,-0.0572609,-0.152146,0.0287624,-0.457151,-0.111232,0.638157,0.440776,0.899794,1
-0.203784,0.0919628,-0.27586,-0.0823951,0.694091,-0.12386,-0.249243,-0.181958,0.699405,0.0976034,1.05376,0.706483,0.739738,0.170389,-0.537844,0.267748,0.605817,-0.726106,-0.169251,0.281573,-0.551863,1.25908,-0.415005,0.2925,-0.80477,0.249422,-0.19553,1.0501,0.265239,0.616658,-0.0328937,0.205395,0.4308,0.82146,1
0.148914,-0.589084,-0.11197,0.149767,0.282302,1.08559,0.878314,0.544907,0.981872,0.83926,-0.474793,0.671277,0.345283,-0.380877,0.61997,-0.517011,0.171285,-0.178566,-0.646438,-0.319897,-0.175774,0.0490179,0.942697,0.464153,-0.062237,0.105051,-0.278496,-0.250961,0.233414,-0.025922,0.676362,-1.37759,0.42312,0.84688,1
0.0697154,-0.369206,0.328195,-0.165,-0.129002,-0.540675,-0.477752,0.308053,0.242751,-1.2231,-0.675297,0.399268,-0.404205,-0.529832,-0.503895,-0.437805,0.480066,-0.580115,0.262663,-0.580632,0.0429893,-0.288664,-0.517759,-0.44977,-0.154443,-0.2531,-0.4633,-0.287266,0.557123,-1.16926,-0.905631,0.159283,0.577156,0.87625,1
0.50629,-0.0167863,0.0225123,-0.94447,-0.298477,0.514861,0.0238603,-0.288514,0.00234786,-0.0543165,0.511076,0.678161,-0.269981,0.427346,-0.353321,0.104036,-0.329525,0.00128319,0.779039,-0.148839,0.0736661,-0.923607,-0.380782,-0.0495288,-0.0502754,0.663566,-0.291901,-0.193521,-0.720413,1.01948,-0.300265,0.121188,0.423885,0.806012,1
-0.106678,0.523652,-0.121048,-0.576929,-0.0255471,-0.155738,0.325338,1.0012,0.792344,-0.285633,0.171808,-0.169413,0.210454,-0.221936,0.159508,0.449119,-0.791117,0.747204,-0.186321,-0.591239,-0.172464,0.359432,0.576657,-0.37252,-0.386326,-0.744912,0.600316,0.237406,1.13227,0.956569,-0.382266,0.207534,0.42734,0.793011,1
-0.282749,0.472648,0.773703,0.278395,-0.28136,-0.123676,-0.667382,1.29496,-0.672996,-0.38203,0.135694,-0.258387,0.701435,0.148438,-0.294317,0.0977769,0.481791,0.0323426,-0.101007,-0.192888,1.45829,0.780581,-0.542683,0.221281,-0.380991,-0.317271,0.00857294,-0.673895,-0.16526,-0.992309,1.13537,0.685999,0.55362,0.820213,1
-0.327123,-0.924231,-0.578875,-0.524125,-0.420738,-0.033643,0.991399,-1.04159,0.491835,-0.768574,-0.753606,-0.00474581,0.633206,0.243477,-0.469373,0.259541,0.53213,0.0436673,0.00938111,-0.983953,-0.421093,-0.260773,-0.102608,-0.089079,0.230935,-0.562753,-0.0806472,0.266055,-0.665572,-0.922648,-0.131895,0.382446,0.544196,0.908617,1
0.286474,-0.479843,0.324736,0.0190939,0.591,-0.403482,0.123053,0.690784,0.832286,-0.423004,0.517098,-0.287584,-0.153783,-0.217565,0.220546,1.18472,0.674628,-0.44745,0.251192,-1.14796,-0.120679,-0.727318,0.320479,-0.453327,0.0433342,0.00481405,-1.25456,-0.253794,-0.232945,1.163,-0.50664,0.438653,0.535386,0.930681,1
-0.0478277,0.00573669,-0.157447,0.447453,-0.0542362,-0.314838,0.695491,0.682231,-0.793676,-0.31775,0.308172,-0.312439,-0.0700642,0.551354,0.36448,0.0606931,-0.36949,-0.11615,-0.908287,0.40702,-0.49957,0.0306472,0.096034,-0.207384,-0.492664,-0.0479224,0.596958,0.325197,-0.069834,0.159149,0.77621,-0.0671618,0.566128,0.812618,1
-0.319296,-0.310153,-0.17021,0.598593,-0.204854,-0.233964,0.552633,-0.528587,-0.0367666,0.112496,-0.0412078,0.0449401,-0.273459,-0.0724392,0.034491,-0.0574208,0.454481,-0.21952,0.140789,-0.531452,-0.363208,0.083814,-0.251052,-0.297427,1.03938,0.957275,-0.503494,0.499159,0.0994836,0.181194,0.24584,-0.383132,0.459259,0.845405,1
0.00796054,0.597826,-0.870773,0.380191,-0.113045,-0.871862,0.348245,-0.742829,-0.164104,0.820486,-0.400548,0.429745,-0.526496,0.231762,0.1545,-0.302688,0.445048,-1.18055,-0.105075,0.0699539,-0.5412,-0.742897,0.289251,-0.374491,-0.0336686,-0.283571,-0.197447,0.235085,0.271188,0.08555,0.0226406,-0.0285163,0.536604,0.909501,1
0.146876,0.257112,0.387139,0.200989,0.336594,7.95,0.149248,0.150699,0.29151,0.19325,0.141647,0.303594,0.223213,0.152066,0.295178,0.302302,0.264034,0.171011,0.337325,0.324958,0.311728,0.178223,0.115872,0.228559,0.194406,0.353738,0.301887,0.226931,0.293338,0.214069,0.398997,0.258572,0.52,0.82,1
0.107345,0.0719927,-0.557126,1.03177,-0.927416,-0.337727,-0.338654,-0.84514,-0.343884,0.562639,-0.241871,-0.299081,-0.239804,0.268736,0.0668046,-0.873586,0.0682016,0.536709,0.405573,0.0969237,0.0360409,0.360035,0.116557,-0.157885,-0.518804,-0.0806551,0.00678541,-0.499116,-0.535544,0.0176194,-0.613407,-0.022529,0.45303,0.909931,1
-0.206879,0.227688,-0.229432,-1.51218,-0.195974,0.213394,1.02974,-0.970986,-0.394298,0.0902197,-0.10298,-0.842222,0.995536,0.118887,-0.248733,0.167512,-0.429695,-0.747014,0.817431,-0.336259,-0.530849,-0.780469,-0.213742,0.0982755,1.45164,0.38492,0.23853,-0.0933963,-0.652768,-0.65885,-0.294322,0.598399,0.509858,0.866365,1
0.0529331,1.18289,0.148004,0.0883481,-0.862606,0.366737,-0.394996,0.453426,-0.951428,0.331303,-1.68989,-0.284293,-0.106132,-0.597043,0.556147,0.224461,0.356997,0.37505,0.281327,0.379269,0.870644,-0.484951,0.461745,-0.0180856,-0.107118,0.601303,0.347993,0.616438,1.03719,0.226061,0.21542,-0.281954,0.51594,0.885478,1
-0.416294,-0.294569,0.598317,-0.35673,-0.100883,0.357208,1.07048,0.861727,-0.385585,-0.444688,0.690917,0.272536,0.199674,-0.0751088,-0.506214,-0.101973,1.33861,-0.275691,-0.531271,-0.0110189,0.181391,-0.682614,0.008178,-0.159586,0.560308,-0.541326,0.516202,0.502485,-0.681018,-0.75632,-0.112773,0.356356,0.489931,0.938275,1
0.446296,-0.109746,0.301673,0.208461,0.101108,0.285757,0.340561,-0.37822,-0.0269662,0.506436,-0.268053,0.0237765,-0.471325,0.629699,0.269314,-0.721797,1.00042,1.06971,-0.255301,-0.118886,0.402964,-0.117364,-0.0963371,-0.303539,-0.569989,-0.669456,0.695727,1.2558,0.428922,-0.703419,-0.385344,-0.26807,0.523293,0.816,1
-0.213295,-0.623188,0.0713679,-0.663093,0.217644,-0.441583,0.0231945,0.303376,0.23529,-0.0950986,0.479386,-0.355167,-0.277644,-0.275682,0.0173191,-0.0243368,0.676033,-0.725139,-0.46244,-0.244857,-0.384391,0.496887,-0.415223,0.509923,-0.0843173,-0.318569,0.0751814,-0.0276796,0.117269,0.460986,0.262149,-0.14432,0.42231,0.765783,1
0.717562,0.380634,0.132747,0.203338,1.0236,1.00415,-1.26046,-0.290223,-0.231167,0.229714,-0.480652,0.011625,0.0241425,-0.402824,1.05773,0.824268,0.0996126,-0.384385,-0.283929,-0.103752,-0.192093,-0.411629,-0.325954,-0.524258,1.41879,0.0512101,0.00463327,-0.252358,-0.00289348,0.0856182,0.648409,-0.0134607,0.517506,0.822415,1
0.602585,-0.640361,0.532145,-0.342628,0.638658,-0.137609,-0.748325,-0.170473,0.972674,0.0999667,-0.282971,-0.242046,0.409816,0.225257,-0.0341559,-0.342135,0.338114,0.248482,0.262367,-0.20942,-0.194381,-0.249122,-0.0647834,-0.0521259,-0.203356,-0.190558,-0.117667,-0.486677,0.520736,-0.299406,0.508493,1.15938,0.489033,0.824363,1
-0.248583,-0.0582934,0.208622,0.282913,0.671635,-1.6538,-0.638056,-0.0425909,0.967112,0.524556,0.823973,0.976068,-0.328579,0.395545,0.189621,-0.1339,-0.0843453,-0.683163,-0.373854,-0.788659,-0.668751,-0.486309,0.779557,0.192961,0.254215,-0.436068,-0.0745053,-0.642582,0.632225,-0.535539,-0.498506,0.0392902,0.440199,0.8258,1
0.258758,0.38015,0.354141,0.382846,0.240166,7.95,0.202571,0.255742,0.228544,0.184688,0.250249,0.129495,0.356289,0.356863,0.211608,0.13377,0.120496,0.103717,0.382171,0.264784,0.376987,0.224961,0.273647,0.1794,0.191387,0.273245,0.327529,0.166167,0.311392,0.267186,0.124574,0.164983,0.52,0.82,1
-0.601706,0.186878,0.103681,0.0347952,-0.333857,-0.702,0.613143,-0.119723,-0.599881,-0.483774,-0.655947,0.139699,5.78683e-05,0.576533,0.729381,-0.240081,0.93281,0.647986,0.139084,0.0192579,0.786315,0.156641,0.068718,-0.33854,-1.19016,0.411541,0.474675,0.0851485,0.458479,0.447765,-0.0218189,-0.222808,0.446756,0.905035,1
0.016378,0.286671,-0.630516,0.932162,-0.049705,-0.895463,0.164948,0.31316,0.542786,0.0402333,0.190127,0.104518,0.113623,0.289759,-0.0431811,-0.0374587,0.141787,0.273137,0.225038,0.723852,-0.166839,0.12572,0.316256,-0.342709,0.450414,0.462082,0.415398,0.337148,0.0826335,0.969857,0.161934,-0.665666,0.551073,0.935673,1
0.463037,0.120613,0.0414384,0.111471,1.18381,-0.76819,-0.32516,-0.229461,-0.15898,-0.194015,-0.735424,-0.0487438,-0.621629,0.829119,-0.508787,-0.738906,0.44074,0.351703,-0.923974,-0.844589,0.871717,-0.0572206,-0.382217,-0.231275,0.178511,0.942141,0.0222276,-1.58963,-0.774751,-1.07234,0.151182,0.877856,0.518725,0.853908,1
0.560306,-0.410947,-0.210125,0.554729,0.081299,0.254957,0.519102,0.256499,0.0693473,-0.372556,0.611809,0.131973,0.490733,0.168268,-0.715804,-0.243754,0.40523,-0.66246,0.0807311,0.919032,-0.014716,0.165558,-0.231325,-0.532306,0.299612,-0.539652,0.808598,0.210368,0.127812,0.681149,0.94255,0.325819,0.440687,0.820197,1
0.786781,-0.23825,0.202514,-0.588031,-0.400898,-0.552794,0.500095,-0.508319,-0.157556,-0.293679,-0.257462,-0.332443,-0.941001,-0.068387,-0.427069,-0.35545,-0.649013,-0.406296,0.201233,-0.302576,-0.273739,-0.310988,-0.200259,-0.412726,0.505376,0.631218,0.459152,-0.0838665,-0.48863,0.643209,0.548474,1.42703,0.477273,0.861829,1
-0.182371,0.947121,-0.021698,1.12285,0.0559012,-0.668961,-0.0288768,0.57768,-0.0857157,0.70733,0.794363,1.00542,0.647534,0.270607,-0.239105,-0.379089,0.272364,-0.23353,-0.3135,0.394237,0.0528817,0.837656,-0.587236,0.0307843,0.282489,0.20354,0.684235,0.610407,-0.546146,0.229898,0.0204772,-0.890862,0.523455,0.848033,1
-0.566366,1.19945,0.289415,-0.538772,-0.427282,-0.479474,0.981045,-0.0110231,-0.746441,0.0607567,1.42701,1.15142,-0.0970168,-0.597472,-0.197111,-0.446902,-0.132498,-0.293638,-0.37276,-0.739907,0.16043,-0.215916,0.192984,-0.201735,-0.0904322,-0.421843,0.997223,-1.53437,-0.236027,-0.861887,0.0820245,0.827629,0.502038,0.861634,1
0.475846,-0.100038,-0.717508,0.281734,0.480949,-1.01766,-0.916183,-0.03371,-0.0970515,-0.216264,0.491399,1.03632,-0.108158,0.734219,0.163946,-0.342235,-1.20081,0.695993,0.498884,0.0735103,-0.170114,0.414174,-0.834593,0.820172,-0.0481403,-0.202021,0.0441555,-0.148961,0.316948,0.484713,0.11568,0.159469,0.425753,0.762069,1
0.873887,-0.0155454,-0.811478,0.362453,1.09128,-0.422505,-0.167314,0.119968,-0.289422,0.557436,-0.919252,0.771803,-0.295049,-0.0649995,0.677619,-0.168908,0.0667617,0.410156,-0.297614,-0.239853,0.476185,0.359926,0.442888,0.0827212,0.634027,0.993851,-1.7299,-0.149622,1.02866,-0.36691,-0.230546,0.371418,0.562823,0.790047,1
-0.209866,-0.12325,0.828092,-0.483854,0.62559,-0.357311,0.118772,-0.493371,0.102152,0.051227,0.384358,0.0892078,0.780602,0.0589202,0.536053,-0.550052,-0.00969937,-0.655981,0.374986,-0.265681,-1.15273,0.651964,-0.0936609,0.957606,0.384799,-0.385212,-0.479906,-0.266112,0.400302,0.424233,0.743152,-0.333019,0.507429,0.852251,1
-0.441206,-0.290525,-1.11182,-0.341578,-0.915479,-0.361112,0.857638,0.116181,0.654351,0.382519,-0.268288,0.0720674,-0.577014,0.49115,0.399582,-0.0425118,0.773433,0.0477835,0.242017,0.600929,-0.0410196,-0.101089,-0.350118,0.242748,0.742183,-0.219325,0.284338,-0.465491,-1.01188,-0.596776,-0.462899,1.02547,0.455528,0.785162,1
-1.09195,0.342301,-0.63048,0.0378845,-0.475606,-0.568829,-0.0921847,-0.464755,0.93609,-0.528602,-0.905989,-0.886809,0.789041,0.121976,-0.654548,-0.838845,0.533195,0.577102,0.357914,0.614466,-0.235319,0.2763,0.374231,0.555533,0.576758,0.131283,0.922117,-0.286404,-0.570265,-0.0270058,-0.344533,-0.302925,0.555529,0.902677,1
0.515277,0.0199343,-0.492194,-1.12891,0.192477,0.651529,-0.564839,0.142413,0.739858,-0.648264,0.00290097,-0.244939,0.116339,-0.440236,1.60664,0.726042,-0.0915988,-0.313137,-0.190335,-0.602598,-0.711592,0.527092,0.17014,0.129697,0.8505,-0.774008,0.00369242,0.540816,-0.444937,0.664111,-0.176879,0.373644,0.469456,0.839267,1
0.0496947,0.276542,-0.190788,-0.0317819,-0.0209408,-0.129578,0.306437,0.30217,-0.147718,-1.04658,-0.407602,0.240661,-0.436086,-0.302351,-1.22784,-0.487904,-0.321917,-0.0750191,0.0339746,-0.173075,0.292773,-0.380343,0.603858,0.356305,0.192525,0.783022,0.238561,0.396601,0.438418,-0.275087,0.126804,0.303807,0.461278,0.884677,1
0.307326,1.14772,0.458769,-1.21002,-1.17262,0.0678613,0.516506,-0.547327,0.145082,-0.0516997,-0.204135,-0.219953,-1.04268,-0.180348,-0.295161,-0.380932,0.236862,-0.54096,-0.786639,0.701552,0.615973,0.24252,-0.226033,0.433676,-0.387013,-0.253995,-0.369003,0.312787,0.0153444,0.48921,-0.0300876,0.24707,0.430391,0.862559,1
0.559183,0.853354,-0.23095,-0.562827,-0.916565,-0.742195,0.582817,0.0522027,-0.626265,0.834505,-0.193895,0.369954,-0.509949,-0.411902,-0.493005,-0.582578,-0.481243,-0.563301,-1.07789,0.356505,0.0812534,0.0214913,-0.442374,0.234103,0.133462,-0.107307,-0.431818,-0.37037,-0.690986,-0.17598,-0.322731,-0.0170361,0.477267,0.764784,1
0.289462,0.857462,-0.42503,0.0653285,-0.457585,0.276262,0.0842025,-0.366597,0.0990589,-0.10265,-0.285777,0.252273,-0.400006,0.211169,0.51478,-0.94515,-0.163144,0.273719,0.203154,0.30701,0.324238,0.714608,-0.0119919,0.0812524,0.212244,0.457427,0.564834,0.124972,-0.116979,-0.406817,-0.0895811,0.386895,0.463445,0.805556,1
-0.746824,0.291176,0.505462,-0.914421,1.26762,0.500206,-0.951332,0.834327,0.308923,0.223248,-0.264357,-0.389733,0.259453,0.183535,-0.5432,-0.396645,-0.350196,-0.449683,0.223657,1.19818,-0.151193,0.0955617,0.856987,0.0475272,0.104052,0.0227995,-0.138188,0.434075,-0.422178,0.361143,-0.374128,-0.0221282,0.431649,0.790596,1
-0.0243038,-0.343518,-0.0290132,-0.501603,0.0348338,-0.293213,0.150323,0.463483,-0.51516,0.0437756,0.405678,0.895062,0.4899,-1.24717,-0.135116,-0.146019,-0.495534,0.0295795,-1.21699,-0.659348,0.320338,0.225397,0.404081,0.786914,-0.150666,-0.0542157,0.0458834,0.838705,-0.633018,0.332212,-0.653099,-0.248805,0.442923,0.906318,1
-0.188512,0.597401,0.258556,-1.34964,0.116503,0.138152,0.466313,-0.0883164,0.430103,0.486964,0.466878,0.358619,-0.681187,-0.282007,-0.44053,-0.173245,-0.320603,-0.616216,-0.310229,-0.354251,0.890379,-0.367712,0.833709,-0.080403,1.51318,-0.104988,0.707284,-0.221905,0.964844,0.854944,-0.42769,0.333108,0.552726,0.915375,1
0.241735,-0.606098,0.548613,-0.581235,0.493533,-0.241007,0.300523,0.278071,-0.772686,-0.402495,-0.535347,-0.234655,-0.620388,0.728121,-0.229503,0.468556,0.128278,0.317014,-0.878503,-0.485172,0.0229962,0.698733,0.419609,0.307627,-0.0620457,-0.211874,0.258786,-0.272634,-0.586882,0.620752,0.299765,-0.176619,0.533559,0.887459,1
-0.960836,0.720349,0.491464,-1.06675,1.0898,-0.0163314,0.34119,0.519283,0.663451,0.190665,0.0765027,-0.451244,-0.351645,-0.597632,-0.0386434,0.376524,-0.389638,0.13,0.380767,0.21706,0.590308,-0.246347,-0.125306,-0.191332,0.766008,0.351959,-0.157937,0.70765,-0.0726838,0.111214,-0.428098,-0.0539895,0.573733,0.802315,1
-0.61193,-0.0478259,0.316799,0.170798,-0.324998,1.01585,0.0574138,0.570271,-0.00988249,-0.209234,-0.761861,0.0405085,-0.479187,-0.185502,0.319542,-0.140915,0.258854,0.0135958,-0.436803,-0.414808,0.00914358,-0.200766,-0.00713623,-0.150626,-0.0678272,0.115704,-0.0338064,0.130415,-0.401899,0.375209,-0.292465,0.209891,0.446468,0.889636,1
0.0230694,0.613338,-0.0704284,0.657753,1.02658,0.082119,-0.914508,0.918025,0.124463,0.514925,-0.262948,0.970868,-0.117166,0.604773,-0.123416,0.163751,0.122708,-0.672617,0.249836,0.124161,0.0936199,-0.656039,0.253317,-0.896338,0.098023,0.62738,0.577117,0.40576,0.246573,0.409534,-0.365469,0.145147,0.499389,0.930666,1
0.997768,-0.560077,-0.0295198,0.272648,-0.422829,0.499904,0.184656,-0.270853,-0.388098,1.55129,-0.230381,0.890688,0.0764996,-0.00684794,0.0177643,-0.442432,1.25836,-0.0461878,-0.0638307,-0.412027,0.667628,-0.261977,-0.261488,-0.370752,0.471939,-0.0897,0.274232,-0.24009,0.143771,0.0222766,-0.0967128,-0.472093,0.445999,0.796226,1
0.522441,0.519738,-0.901423,-0.0126784,-0.078829,-0.516725,-0.919075,-0.0654853,0.11082,0.0404089,0.118384,0.587557,0.816006,-0.0325751,-0.0751377,0.115168,-0.134145,-0.156898,0.0855186,-0.923987,-0.746194,-0.0830011,-0.242129,-0.0429725,0.619579,-0.402119,0.0953042,0.227415,0.00856004,-0.421833,-1.34981,-0.183905,0.425486,0.790374,1
0.0156033,-0.135048,-0.513222,0.178898,-0.599092,0.409967,-0.316341,0.50938,-0.303611,-0.184381,0.344181,0.42494,-0.17713,-0.287898,0.66718,0.273968,-0.150202,-0.463522,-0.35118,0.493425,-0.0844886,-0.134323,0.273802,0.0324453,-0.0627431,0.879704,-0.384197,-0.953949,1.03946,0.354024,0.71347,0.0268486,0.422769,0.791926,1
-0.0764213,-1.33002,-0.559737,-0.572486,0.281515,0.463689,-0.133383,1.14059,-0.20865,0.353461,0.245851,0.17473,-0.242222,-0.742949,0.382517,-0.251334,-0.101247,0.309187,0.0260228,0.936248,0.674202,0.255693,0.22767,-0.526674,0.890253,0.650907,0.227358,0.560892,0.152799,-0.410555,0.128499,-0.205501,0.534118,0.797414,1
0.462335,-0.827748,-0.325202,-0.020857,-0.578637,0.337322,1.05641,-0.244541,-0.202527,0.226266,-0.0250715,0.231913,0.766129,-1.29813,-0.365831,-0.0823456,-0.381941,0.291409,0.300975,0.641225,-0.303724,-0.257908,-0.428307,-0.627248,0.632928,-0.0425636,0.281645,0.247036,0.470044,0.151588,0.30396,0.198109,0.455889,0.826735,1
-0.598362,0.363287,-0.0654401,-0.0861658,0.160032,-0.0749917,-1.1069,-0.624234,0.597084,0.274974,-0.182746,-0.0282189,0.519433,-0.0200904,0.780408,-0.0591865,-0.411625,0.420946,0.0746493,0.302803,-0.517513,-0.120962,-0.722586,-0.36134,-0.292371,0.0814984,0.418842,-0.16301,0.205618,0.072432,-0.0355314,0.230599,0.48098,0.883834,1
-0.66323,0.134823,0.26837,0.39773,-0.52489,-0.0170631,0.138983,-0.941613,-0.244209,-0.56644,-0.258394,0.29696,-0.467679,0.175156,0.28508,-0.187134,0.692063,-0.836842,0.772273,0.264398,0.00456497,-0.337254,0.560531,0.163533,-0.179128,0.300073,0.395419,-0.432721,0.408571,0.998474,-0.307866,0.922163,0.458289,0.833162,1
0.975765,-0.489552,-0.162958,0.155227,-0.316404,1.16662,0.15839,-0.433904,-0.817207,-0.46837,-0.287598,-1.0231,0.863871,0.251797,-0.375653,-0.985447,-0.299864,-0.329762,-0.549861,-0.500761,0.0523098,-0.854951,-0.70838,0.519506,-0.375228,0.11485,-0.0714617,-0.168137,-0.0324712,0.107373,0.16306,0.0794959,0.464693,0.875154,1
1.18285,-0.88804,-0.822369,0.676493,0.523437,-0.166359,-0.279924,0.57251,0.60762,0.121909,-0.445656,0.291673,0.0788585,-0.371402,0.294837,-1.28764,0.273725,-0.629196,0.213712,0.209009,-0.269445,1.2937,0.085892,-0.410634,0.326381,-0.512183,0.222591,0.330713,-0.357831,-0.297983,-0.524811,-0.663883,0.508317,0.858816,1
-0.393316,-0.624834,-0.0308767,-0.500377,0.798776,-0.558704,-0.585435,-1.31682,-0.0582767,-0.464331,0.205222,-0.557529,0.585929,0.891404,-0.506969,0.543758,-0.535325,-0.518526,-0.408444,-0.393889,0.541511,0.236097,0.051464,-0.194388,0.9971,0.402791,-0.696298,0.192263,-0.537028,0.314496,0.397205,0.703918,0.53698,0.785617,1
0.0327958,-0.65717,0.453267,-0.603098,-0.486029,0.23881,0.288806,0.554528,-0.350817,-0.137768,0.466142,0.101732,0.441845,-0.218562,-0.228353,0.848375,0.260169,-0.164429,0.132514,0.690944,0.573094,-0.322987,0.408862,-0.1234,-0.00596962,0.373451,-0.00603702,-0.741479,-0.0354839,0.00197537,-0.453375,-0.261414,0.506643,0.894125,1
-0.112846,0.789163,-0.429965,-0.0955686,-0.189857,0.882962,-0.227865,-0.688233,-0.393992,-0.110236,-0.223764,0.00255062,0.715328,0.532156,0.357506,0.237986,0.739999,-0.0333216,0.341389,-0.348545,-0.578359,-0.49071,0.594486,0.191802,-0.00636451,0.126723,0.114453,-0.387902,-0.256993,0.466512,0.153152,-0.299451,0.543524,0.93676,1
-0.872857,-0.555804,0.0727207,-0.748976,-0.343809,-0.29521,-0.338302,-0.326168,-0.485001,-0.413119,0.129797,0.0208129,-1.3641,-0.510501,-0.441965,0.121228,0.0893086,-0.0115026,0.183998,-0.225551,1.09039,0.0186202,0.938243,0.769789,0.314717,-0.767939,-0.0962715,-0.303263,0.435531,-0.464889,0.618463,0.0141935,0.477208,0.849012,1
-0.0414219,-0.325189,0.155028,0.116208,-0.390876,-0.235359,-0.169154,-0.509862,-0.436035,1.26455,0.620792,-0.36753,-0.165407,-0.544153,-0.318105,0.362926,0.324729,0.699213,-0.0418857,-0.166528,-0.163666,-0.7259,0.278626,-0.0675963,-0.314839,0.442963,-0.496598,-0.192926,1.2214,0.548304,-0.130928,-0.339473,0.484199,0.93731,1
-0.633985,-0.456125,-0.616127,0.500579,0.424808,-0.505981,-0.216107,0.37556,0.183961,0.0961821,0.0341165,-0.242814,-0.126996,-0.14565,0.552703,0.877376,-0.103705,-0.0167079,-0.5305,-0.562816,-0.60266,-0.156946,0.495436,-0.157761,-0.447531,0.51697,-0.758001,0.1955,0.133133,-0.82799,0.120372,0.0278656,0.563309,0.887853,1
0.145609,-0.374471,-0.35265,-0.539028,0.159507,-0.0170887,0.0591903,-0.216125,-0.215991,0.343426,0.159795,-0.209461,0.344025,0.0309167,-0.14959,0.331063,0.210303,-0.184108,-0.0497464,0.192126,0.0563437,0.0505408,-0.233735,1.26934,-0.687351,0.144351,0.289884,0.0196855,-0.420912,-0.218188,0.165568,0.0888668,0.509669,0.764753,1
0.482938,-0.18061,0.0377687,-0.0716395,0.0496871,-0.305213,-0.347362,0.0144186,-0.538203,0.802713,-0.0678025,0.989658,0.630358,0.606834,-0.226773,0.274265,0.549244,-0.156141,0.260687,0.427369,-0.296334,-0.0761979,-0.745577,-0.230262,-1.20542,0.412653,-0.10427,0.563376,0.0324304,-0.146585,-0.461428,0.854126,0.469579,0.797201,1
0.275137,0.13132,0.279767,0.18365,0.35845,7.95,0.178856,0.192211,0.231785,0.296328,0.328094,0.219288,0.292488,0.192538,0.230285,0.113859,0.232098,0.303555,0.275749,0.210692,0.156773,0.241242,0.302068,0.202597,0.223449,0.127408,0.139457,0.269503,0.395794,0.105873,0.141756,0.227044,0.52,0.82,1
-0.492756,-0.361998,0.736003,-0.185147,0.159518,-0.706714,0.523772,0.613146,-0.402301,-0.153836,-0.31322,-0.777519,-1.2893,-0.256298,-0.454892,0.650466,1.60732,0.585863,-0.310373,-0.343332,-0.138319,-0.158244,-0.0749272,-0.580133,0.393573,0.00325573,0.232019,-0.107468,0.857925,-0.482696,0.0157331,-1.19495,0.537379,0.839628,1
0.0855718,-0.306968,-0.113996,-0.264003,0.0485877,1.04365,0.306674,0.22044,0.916818,-0.528028,-0.06085,-0.996563,-0.859978,0.37043,-0.0792582,-0.528752,-0.177484,0.773971,0.367246,0.10661,-1.2175,0.263531,-0.266581,-0.710765,0.672449,-0.547644,-0.233297,-0.422079,0.411166,0.779058,0.693132,-0.164692,0.513251,0.80886,1
0.259877,-0.231287,1.48817,0.176065,0.546279,-0.0632872,1.25876,-0.315417,-0.241749,0.82918,-0.0939192,0.479503,1.10319,0.135836,0.753503,-0.0653394,-1.01371,-1.05685,-0.212883,0.217096,-0.558066,-0.157725,-0.604723,0.311587,0.747015,-0.400025,1.07722,0.356582,0.0537761,0.212027,0.340946,-0.641228,0.498828,0.851537,1
0.0248172,0.814152,-0.536239,-0.424176,-0.388386,0.0935586,0.328865,0.288222,0.082906,-0.0903734,-0.446685,0.114694,0.142052,0.581713,0.362015,-0.53588,0.274041,-0.750626,-0.09586,0.291766,0.0876152,0.567853,1.01209,-0.145027,0.325944,-0.103817,-0.0104569,-0.0436533,0.314704,0.327796,-0.505322,-0.173614,0.447391,0.774442,1
-0.624681,-0.623184,0.00239264,-0.0890979,0.33615,-0.585986,-0.445897,0.638773,0.0546749,0.25408,0.18876,-0.623891,0.573461,0.245484,-0.607626,0.801643,0.371105,0.675071,-0.476665,0.481417,-0.306456,-0.599958,-0.292382,0.0595817,0.103515,-0.351015,0.241439,-0.233609,-0.306713,0.304416,0.3954,-0.000451745,0.549387,0.826536,1
1.15011,-0.54414,0.0246473,-0.0196017,-0.412256,-1.03247,-0.148348,-0.0498374,-0.00477603,0.700085,0.406672,-1.13707,-0.683524,0.247437,0.0233181,0.444016,0.107624,0.164166,0.696318,0.322797,0.317906,0.155762,-0.687055,0.32236,-0.209817,0.577511,0.38421,0.266415,-0.17163,-0.145516,-0.241415,-0.484286,0.446471,0.791007,1
-0.5964,0.285836,0.0135957,-0.0478142,-0.0597677,0.0700033,-0.68069,0.0457546,-0.306901,0.394518,-0.144366,-0.104087,0.191815,0.150422,-0.695564,-0.176656,-0.092985,-0.015724,0.852035,-0.206306,0.00012807,0.824624,-0.183223,-0.298733,0.286553,0.625679,-0.136421,0.474595,-0.887096,0.395531,0.109449,0.414082,0.544712,0.769164,1
-0.116506,0.56376,0.256919,0.469448,0.0431304,-0.302134,0.0679507,-1.30297,-0.864716,-0.394395,0.130079,-0.0697389,1.22717,0.253632,0.159172,1.06148,-0.198398,-0.432774,0.38978,0.230127,0.347077,-0.0386628,-0.0817554,0.379317,-0.0478268,-0.0634844,-0.82737,-0.898397,-0.542976,0.770902,0.130397,0.203765,0.510897,0.875544,1
0.219608,-0.42162,0.0124903,-0.0946729,-0.0464551,1.00172,-0.190379,-0.296889,-0.397682,0.154413,-0.509647,0.267883,0.369607,0.676982,0.121284,-0.712212,0.433613,-0.599967,-0.550497,-0.315951,-0.233806,0.472304,0.995182,0.214709,0.0208934,0.684914,0.4954,-0.17833,0.642566,-0.419694,-0.76845,-0.0816616,0.524791,0.939576,1
0.218199,-0.122451,-0.128722,-0.0341469,0.771075,0.905083,-0.557418,0.309296,-0.654158,-0.625916,0.627619,0.373983,-0.363238,-0.0505271,-0.0821058,-0.535494,-0.650767,-1.66924,0.413025,0.186857,0.258398,0.16183,0.311828,0.190712,0.291381,-0.105739,-0.088574,0.3886,-0.615051,0.200666,-0.363169,0.0343391,0.426858,0.801252,1
-0.234017,-1.14025,0.505632,-0.349419,0.275113,-0.519684,-0.940135,0.457077,0.389502,0.167668,0.431356,0.467136,-0.0563161,-0.0406274,-0.314566,-0.219775,-0.799215,0.0281588,0.452143,-0.390075,0.660224,-0.142718,-0.699225,0.513599,0.829909,-0.31837,-0.347254,0.303576,0.429333,0.536855,0.391907,0.450514,0.500844,0.794481,1
0.643537,0.251169,-0.750304,-0.1267,0.777065,0.708173,-0.365474,-0.195897,-0.271865,0.55241,0.0395417,0.0117382,1.04322,0.0118366,-0.387646,0.164324,0.549369,1.16198,-0.332679,0.210141,0.710629,0.238494,0.26168,0.0619083,-0.61127,-0.0959958,-0.182564,0.409542,0.180623,0.0754504,0.308338,0.921511,0.541488,0.878977,1
0.646451,-0.134854,0.690219,0.45847,-0.586399,-0.179418,-0.0550149,0.388996,0.214386,-0.755962,-0.152528,0.178397,-0.418701,-0.243489,-0.632316,0.729436,-0.273228,0.196502,-1.01527,0.0123046,0.0155975,0.751526,-0.0576102,0.0951813,0.241497,-0.380875,0.0713596,-0.720687,-0.263015,0.227971,0.321222,-0.902337,0.476834,0.789078,1
0.352607,0.109546,0.333261,0.126772,0.0137264,0.203785,-0.64226,-0.273128,0.838508,-0.17363,1.01912,-0.864722,-0.114278,0.222986,-0.337153,0.214465,0.000420665,-0.242023,-0.352669,-0.173896,0.0829928,0.385312,-0.122133,0.967951,-0.133851,-0.282115,-0.24672,-0.123946,0.502802,0.0846715,1.01274,-0.763246,0.463147,0.893914,1
0.440006,0.425704,-0.295409,0.182718,0.828575,0.309297,0.621387,-0.705059,-0.112947,0.657905,-0.258118,-0.164537,-0.374607,0.717378,0.168812,0.298571,0.619123,-0.11205,-0.12974,0.343163,0.999129,-0.468082,0.0533258,-0.809557,0.30128,-0.54504,-0.420862,-0.507295,0.34694,-0.229537,0.345193,-0.0116788,0.516085,0.923204,1
-0.582696,0.226471,0.165213,0.0984684,0.569944,0.470483,0.559986,-0.147795,-0.0158432,0.588199,-0.225445,0.278847,0.701686,-0.688773,-0.44769,0.660964,0.0365516,-0.858024,-0.17942,-0.344215,0.746661,-0.0870554,-0.29539,-0.5402,0.194764,-0.0436838,0.110252,-0.431513,-0.31833,0.185084,-0.373505,0.359434,0.476452,0.821402,1
0.283918,-0.286513,0.654281,-0.244696,0.172602,-0.263409,0.251955,-0.349297,0.215334,-0.211494,-0.740848,-0.212284,-0.683421,0.411316,0.111271,0.43584,-0.457494,-0.110064,-0.310981,-0.0892928,0.221949,0.28013,-0.301198,0.068959,-0.634204,0.024065,0.299031,-0.866628,-0.276159,-0.593677,0.0220405,0.839345,0.481518,0.854949,1
-0.708187,1.38849,-0.0949173,0.608572,0.504731,-0.161773,-0.272555,-0.512181,-0.289026,0.250474,-0.565161,0.307182,0.0660159,-0.418846,-0.862797,-0.503959,0.408059,0.145104,-0.812565,-0.698553,-0.787062,0.475802,-0.400182,-0.231905,-0.317123,-0.257187,-0.941504,0.505191,-0.275639,-0.556248,-0.231584,0.274584,0.460028,0.904537,1
-0.146791,-0.0475478,0.0246329,0.850309,0.571638,-0.169951,0.448231,-0.834711,-0.18993,1.05115,-0.415871,0.115837,-0.00494794,0.399531,-0.0975446,0.0798699,0.522507,-0.408676,-0.826825,-0.425822,0.0192339,-0.614628,1.14397,-0.16977,0.256928,0.0777256,0.825843,-0.352146,0.153458,-0.317533,0.264994,-0.820789,0.435605,0.86898,1
-0.668548,0.353783,0.149984,-0.456094,0.205117,0.776138,-0.225514,-0.68836,0.724668,0.483667,-0.30038,-0.856006,0.224414,0.180171,0.39707,0.168697,-0.407179,0.24934,0.336794,-0.589071,0.616016,0.345897,0.989771,1.37555,-0.852949,-0.368871,0.447867,-0.00828817,0.119426,0.190492,1.02191,0.460303,0.573502,0.844426,1
0.236981,0.702265,-0.175936,0.0758166,-0.734539,-0.529838,-0.472026,0.318597,-0.451588,0.971619,0.13918,-0.213819,-0.56883,-0.564867,-0.255367,0.527293,-0.212895,-0.0342019,-0.199827,-0.404342,0.197638,-0.168152,-0.345891,-0.133113,-0.525027,0.455278,-0.630357,-0.712569,-0.852455,-0.117968,-0.00305965,0.244374,0.529177,0.843746,1
-0.210595,0.183243,0.110471,-1.16291,0.0876803,0.0727302,0.032498,-0.279146,0.247202,-0.243214,-0.090694,1.24707,-0.000637098,-0.48398,-0.198334,-0.203847,-0.542304,0.0996504,0.453762,-0.0610917,0.44688,-0.688613,0.157965,0.58489,-0.55628,-0.576745,-0.553261,0.771262,0.333434,0.175483,-0.150931,-0.00809531,0.457177,0.869546,1
-0.409095,0.0640379,0.0209091,0.619764,0.0413678,-0.403124,-0.0443962,-0.33612,-0.406162,0.427415,0.478169,-0.613319,-0.336196,-0.57338,-0.324916,-0.199666,-0.0317603,0.918963,-0.0405928,-1.0232,0.794756,0.964525,-0.186373,-0.719735,-0.690357,0.363023,-0.568487,0.112559,0.491072,-0.206353,-0.00146693,0.307167,0.525243,0.837457,1
-0.161551,0.840311,0.521686,-0.985635,0.22412,0.719505,-0.154142,0.43041,-0.754355,-0.232876,-0.682269,0.190375,-0.337785,0.779487,0.506995,0.212369,-0.908807,-0.367685,0.183285,0.510074,-0.280639,-0.267117,0.194024,-0.56611,-0.371383,-0.281802,0.415106,-0.283543,0.198674,-0.529642,0.50781,-0.121884,0.47577,0.817095,1
-1.21914,-0.319831,0.0716566,0.0441558,0.383512,0.118649,-0.169818,0.00914933,-0.322723,0.281376,-0.0188604,0.196332,-0.395311,0.27194,0.549067,-0.38126,-0.308329,-0.417946,-0.249523,0.196029,-0.762033,-0.676314,0.57169,0.751862,-0.0366376,-0.916907,-0.318595,-0.279891,0.189024,0.261813,-0.221006,0.47437,0.42345,0.86452,1
-0.819408,0.0302454,-0.18748,0.642946,-1.12631,0.840559,1.06689,0.597533,0.37963,0.589621,0.214629,-0.0599842,0.331401,0.0108385,0.343745,0.177964,0.634314,0.378469,-0.341489,0.279171,0.0495713,0.291775,-0.316167,-0.0666397,0.104539,-0.135192,-0.808091,0.6231,-0.0957501,-0.281411,0.289879,0.688917,0.570544,0.819094,1
-0.779911,-0.0533537,-0.034356,0.014128,-0.835867,0.679548,0.668298,0.0252668,0.287087,-0.826366,-1.15598,-0.434426,-0.267543,0.344678,0.410791,0.53693,0.147257,-0.205363,-0.813539,-0.638797,-0.306349,-0.321927,0.106327,-0.053688,0.459177,0.491551,0.43524,-0.595073,1.08894,-0.520736,0.489564,0.342898,0.427144,0.85203,1
0.896574,0.0207939,0.929472,0.132731,0.648746,-0.299842,-0.618886,-0.579328,0.429908,-0.377979,-0.123678,-0.1147,-0.706985,0.398612,-0.624163,0.225058,0.765646,-1.00832,0.609818,1.07002,-0.258704,-0.0484229,-0.922666,0.21708,-0.358504,0.239196,-0.00120146,0.271748,1.00143,0.932399,-0.234329,-0.396062,0.496274,0.884626,1
-0.153109,0.706221,1.07775,-0.106189,0.148232,-0.0202486,-0.147618,0.739987,-0.348297,0.98124,-0.265714,-0.0660828,0.067271,0.356039,0.583228,0.110435,-0.451831,-0.117476,-0.221304,0.354101,0.2158,-0.3055,-0.327157,0.236533,-0.39367,0.310181,0.0237546,0.635213,-0.452046,0.569188,-0.712311,-0.845847,0.429838,0.808454,1
-0.756891,-0.481815,0.286455,0.0040159,0.22123,0.195513,0.456175,0.126005,-0.401718,0.0464607,0.556642,0.0446834,-0.426983,0.183751,1.34307,-0.266345,-0.116157,0.559353,0.449347,0.249606,-0.225549,0.556026,0.871152,0.158536,0.196182,-0.491122,0.0743984,-0.942562,0.447653,-0.451693,0.258276,-0.300736,0.421022,0.841658,1
-0.906033,0.228919,0.834392,0.945212,0.427172,-0.226559,0.101598,0.0448083,-0.491533,0.656877,-0.193647,0.639843,0.777075,0.419073,-0.0291552,-1.10633,0.37711,-0.131629,-0.0412098,-0.083933,-0.343326,0.58506,0.43243,-0.156639,0.268829,0.601806,0.712059,-0.74648,0.291942,-0.452726,0.072065,0.36533,0.458328,0.768602,1
0.848219,-0.699962,-0.07347,0.302878,0.526418,0.313087,-0.523276,0.634865,-0.224079,-0.821288,1.25953,-0.250219,-0.416968,-0.0289224,0.164652,0.307824,0.396914,0.13278,-0.12152,0.136619,0.925562,-1.22614,0.256381,0.0975049,-0.785318,0.28974,-1.01364,0.000595111,-0.496167,0.191418,-0.101764,0.615427,0.53967,0.810373,1
-0.364078,-0.403736,0.602677,0.330616,-0.0730353,-0.150721,-0.333939,-0.15659,-0.325182,-0.0219857,-0.642807,0.244571,0.565323,0.407688,-0.279979,-0.0584405,-0.106601,-0.071613,0.36998,-0.0128252,-0.59981,-0.106888,0.576239,-0.184766,0.132608,0.234829,-1.00303,0.366282,0.081454,0.194492,-0.297776,0.240926,0.455074,0.809082,1
-0.0968921,0.482544,0.437098,0.562033,0.304369,-0.177571,0.0350334,0.634807,0.0130225,0.104415,0.196236,-0.144448,-0.0825,-0.643181,-0.0826728,0.316037,0.11118,-0.489459,-0.54693,-0.612912,-0.255978,0.12441,1.31614,0.0631785,0.449283,-1.09737,-0.56385,0.635496,0.519828,-0.177233,-0.551207,0.378231,0.481512,0.867797,1
-0.118537,-0.671828,-0.468192,-0.348052,0.253268,0.0586946,0.598534,0.082726,0.133235,-0.202203,0.302351,0.470358,-0.258216,0.258735,0.705375,0.0670041,-0.765969,0.37542,-0.40036,0.585504,0.381719,0.135157,-0.433951,-0.340538,0.544854,-1.04682,0.239377,0.463114,-0.25689,0.0645194,0.219688,0.237307,0.485211,0.932756,1
-0.0290533,-0.366621,0.524412,-0.16416,-0.505822,-0.212275,-0.0576744,-1.08248,0.946152,0.0677037,-0.0771542,0.345199,-0.947118,-0.882348,-0.488382,0.213051,0.34199,0.251427,-1.14169,-0.700904,0.191908,-0.221336,-0.356608,0.82389,1.26638,-0.409207,0.320835,0.218181,-0.20029,0.396324,0.26441,0.169065,0.477695,0.771486,1
0.285552,0.340361,0.189202,-0.0203393,0.518071,0.360861,0.00426524,0.265801,-0.132702,0.8388,-0.423765,0.117606,0.934826,-0.184597,0.463489,0.0675879,-0.24118,-0.161952,-0.188489,0.296231,-0.957493,-0.278315,0.0419646,0.0564677,0.0144955,0.16486,0.172015,-0.171789,0.359707,-0.824537,0.0748784,-0.685109,0.461829,0.810301,1
-0.486757,-0.0508101,-0.311142,0.0885994,-0.12953,-0.331188,-0.277744,-0.674723,0.84728,0.379406,0.296068,0.184633,-0.288585,-0.33866,-0.146925,-0.662398,-0.608475,-0.233725,-0.589725,0.0430938,1.60363,-0.133125,0.207845,-0.104311,-0.385167,-0.605151,-0.151657,-0.2395,-0.0557494,-0.70744,-0.242878,0.273161,0.485372,0.931825,1
0.308505,-0.180923,-0.221902,-0.678784,0.858707,0.0653652,-0.14812,-0.346882,0.310987,-0.064095,0.0407159,0.0237688,-0.14765,-0.325292,0.947495,0.049587,-0.121094,0.354514,-0.158021,0.150389,-0.536855,0.0709299,-0.384534,-0.160161,0.375079,-0.0321987,-0.208589,-0.111864,-0.0538295,-0.328952,0.0868852,-0.53125,0.466906,0.91999,1
-0.0244646,0.306889,0.810009,1.11592,-0.433019,-0.625995,0.132113,-0.424588,0.979225,0.147552,-0.0482454,0.00329391,-0.301871,-0.213524,0.121511,0.861864,-0.362108,0.867572,0.232535,0.43909,-0.843629,0.430543,0.366017,-0.30401,-1.02393,-0.39032,-1.08492,-0.0882281,0.379113,-0.799207,0.489846,-0.360483,0.476713,0.811546,1
0.0126946,-0.527912,-0.469677,-0.646779,0.220921,-0.283,-0.567246,0.0910937,-0.12658,-0.701728,0.147638,-0.0574082,0.443235,-0.0729628,0.292358,-0.797347,-0.106711,-0.406117,0.0990154,0.372195,0.232369,-0.337373,-0.201546,0.0499735,0.602764,0.34592,-0.782472,-0.0529807,0.633068,0.0243016,0.448176,0.120789,0.424504,0.856012,1
0.277766,0.00691891,0.474154,0.298502,-0.460438,0.038019,-0.463767,-0.82643,0.412179,0.501332,0.337035,-0.274591,-0.680881,-0.413668,0.314636,-0.427607,0.612402,-0.592219,-0.0947897,0.664531,-0.0749039,0.0128481,0.630385,-0.060118,0.212955,0.826006,0.127961,0.548625,-0.0720916,-0.460959,-0.53191,-0.0285636,0.535324,0.894657,1
0.592529,-0.017146,-0.392978,-0.153059,-0.182827,-0.151548,-0.278852,-0.487682,-0.19069,-0.411858,0.163245,-0.549751,-0.044747,-0.783739,-0.433164,0.607359,-0.626549,0.0657606,0.402361,-0.229161,0.0416327,-0.246089,0.684846,-0.27038,-0.0100487,-0.513406,0.12156,-0.0211489,0.68195,-0.582837,0.308348,0.280748,0.544766,0.927106,1
-0.10919,-0.625993,-0.0596302,0.0457647,-0.680708,0.336008,-0.0858476,0.430043,-0.170952,-1.04778,0.526451,-0.388828,0.388821,-0.0116837,0.226225,-0.256816,0.621951,-0.0729152,0.368486,0.642254,-0.606514,1.01263,-0.499972,0.144843,0.299297,0.264764,0.051385,0.473158,-0.308466,0.414083,0.509459,-0.0925038,0.477065,0.871493,1
0.676185,0.348211,0.425652,-0.26967,-0.516778,0.439255,0.0612142,0.454852,-0.407695,-0.858428,-0.53999,-0.18062,0.674764,-0.464734,0.0042355,0.0590031,-0.847146,0.131346,0.016499,0.0711676,-0.934787,0.863182,-0.051625,-0.0644883,-0.0117305,0.557891,0.534421,0.192159,0.404485,-0.903838,0.932613,-0.041751,0.520179,0.936294,1
0.283385,-0.536933,-0.713015,-0.331795,-0.722603,-0.0714581,0.40036,0.74316,0.0368,0.778576,-0.505892,-0.136745,0.0632579,0.457024,0.103831,-0.0885342,0.118582,-0.0546787,0.378601,-0.0253648,0.316305,-0.159314,0.00334084,-0.118849,0.543318,-0.642588,0.626743,-0.0509387,0.50095,0.000179175,0.196137,-0.0781254,0.429443,0.800569,1
0.920523,0.517522,-0.250527,0.51032,-0.448149,-0.50042,-0.221827,-0.0450663,0.679995,-0.294982,0.64329,-0.0535277,1.41098,-1.27157,-0.288091,-1.00217,-0.694271,0.701006,-0.313207,0.231011,-0.220838,-0.189393,0.05477,-0.397351,0.138264,0.492019,-0.0159706,0.055387,0.789027,-0.278815,0.0182661,0.1059,0.567684,0.769153,1
-0.336755,0.322702,0.844496,-0.534915,-0.0413073,-0.632073,0.369815,0.267369,0.663059,0.0720789,-0.385109,-0.93367,0.642405,-0.0583416,1.35731,0.507856,-0.395939,-0.21156,-0.694273,-0.294198,0.601232,-0.317846,0.41922,0.301058,-0.311285,-0.473121,0.701136,-0.0155908,0.171867,0.867128,0.894367,-0.220653,0.460705,0.863132,1
0.454152,-0.36765,-0.00255861,0.576983,-0.165696,-0.0180015,0.197447,-0.403762,-0.229592,0.732225,-1.09837,0.38468,0.486243,0.421667,1.02427,-0.769725,0.204003,-0.300552,0.0291891,-0.10848,0.398904,-0.783938,-0.485756,-0.285581,0.69188,-1.30206,0.370621,0.962577,0.338065,0.39898,0.0212413,0.49832,0.546602,0.786891,1
0.285193,-0.446094,-0.462353,0.342325,-0.195501,0.783977,0.575002,0.710712,0.288955,0.230085,-0.0190901,0.0594557,0.231195,0.266087,0.11453,0.205243,0.00578667,-0.326869,-0.40674,0.337786,0.205313,-0.716217,-0.102794,-0.0657495,0.158669,1.00442,-0.119691,0.358548,-0.73017,0.117661,0.679949,-0.149048,0.52481,0.904373,1
-0.247863,-0.0401003,0.187413,0.0905672,0.241469,-0.202069,0.333171,0.922987,-0.0342028,-0.0371755,-0.288451,-0.504876,0.298196,-1.14786,-0.0506785,1.04544,-0.151765,-0.0291081,-0.486432,0.380383,1.03384,0.0371982,0.329869,-0.0223525,0.50399,0.14032,-0.286594,-0.5041,0.210571,0.0294243,0.227659,-0.170478,0.554303,0.888471,1
-1.07839,0.168201,-0.94789,0.472022,0.576523,0.309744,0.330486,-0.14076,-0.585775,0.430203,0.376557,-0.422153,0.504109,-0.15121,0.111886,0.348079,0.968434,-0.112342,-0.29779,0.370842,-0.485615,0.559124,-0.0218689,-0.206746,-0.155253,-0.497541,1.01351,-0.395738,0.37837,0.342538,0.274447,0.017029,0.49508,0.842412,1
0.419362,0.356313,0.0510729,-0.381163,-0.418774,0.219454,0.278858,-0.432321,-0.411043,-0.551458,-0.542624,0.623038,-0.0789509,-0.250674,0.382571,0.886871,0.543122,0.854974,-0.307579,-0.501417,-0.0107166,-0.209996,-0.417244,-0.354314,0.232747,-0.259341,-0.0403117,0.836417,-0.535158,0.12858,-0.625344,-0.320899,0.555152,0.847582,1
-0.387172,-0.513396,0.0291843,0.515294,-1.11912,0.172935,-0.803356,0.335357,0.808521,0.125975,0.207119,0.112784,0.233154,0.597725,-0.962465,0.0916494,-0.635045,-0.287515,0.335672,-0.0718718,-0.764263,0.237885,-0.703206,0.241836,0.312523,-0.378598,-0.0672321,0.640536,-0.954692,1.13014,0.491045,-0.0773603,0.434238,0.813117,1
0.22592,-0.884367,-0.116718,-0.24091,0.280106,-0.197364,-0.0692379,-0.425797,0.467499,0.0943397,0.107507,0.0413939,0.169324,-0.0190577,-0.701294,-0.238851,0.28934,0.406002,-0.315981,-0.214455,-0.45714,-0.469219,0.807161,-0.105788,0.0712211,0.148205,0.110939,-0.202143,-0.708379,-0.145907,-0.16884,0.506623,0.454367,0.913929,1
0.933838,0.0412766,0.23534,0.614225,0.562352,0.302486,-0.895408,0.560258,-0.0389818,0.0352629,0.592194,-0.150201,0.11416,-0.00187709,0.762052,-0.0249479,0.341655,-0.196841,0.606482,-1.24559,-0.206577,-1.07968,0.372552,-0.407397,-0.47575,-0.448638,0.665649,-0.00832865,-0.759112,-0.482894,0.521434,0.232135,0.474998,0.899356,1
-0.257671,0.525461,-1.37648,-0.0495347,0.128181,-0.225035,-0.608123,0.548279,-0.633828,-0.186661,0.591051,0.610628,-0.353582,-0.373774,-1.23769,0.499488,0.785214,0.608612,-0.937646,-0.48945,0.0778066,0.589241,0.517204,-1.19854,0.387378,-0.295507,0.503699,-0.164764,0.919082,0.00957828,-1.36595,-0.149918,0.446007,0.802857,1
-0.2153,0.0167188,-0.192473,-0.0228868,0.690891,0.559992,0.44433,0.688306,0.00362916,-0.910808,-1.30581,-0.266739,1.12205,-0.140415,0.0289543,0.218952,-0.0515902,-0.982785,0.341893,0.0168652,0.216736,0.495741,-0.071118,-0.327306,0.106763,0.412389,-0.0969506,-0.456346,0.168385,0.54487,0.303924,-0.461822,0.56447,0.839901,1
0.318451,0.108991,-0.0859644,-0.165111,0.5341,-0.821971,0.437807,-0.412296,0.208525,0.439694,0.400524,0.0253413,0.657807,-0.228383,-0.1044,-0.000984766,-0.832476,0.197334,-0.552816,-0.281066,0.217334,0.514864,0.203276,-0.00139698,-0.00330346,0.587737,0.0790727,0.575921,-0.444626,0.0910013,0.859738,0.0050898,0.471986,0.852612,1
-0.965454,-0.2915,-0.230155,0.151198,-0.0721358,-0.225706,0.447068,-0.277122,0.843092,0.233282,-0.0458743,-0.238741,0.635517,-1.04586,0.373564,-0.0348153,-0.159979,0.450771,0.508963,-0.832138,0.433125,-0.0578652,-0.577071,0.401891,0.357576,0.767188,0.277703,0.468211,0.753212,-0.031668,-0.315512,0.706486,0.492403,0.894955,1
-0.968003,0.38301,0.0519504,0.913782,-0.222733,0.011963,0.556806,1.29567,-0.291002,0.908632,-0.576256,-0.379372,0.801571,-0.34375,-0.650147,0.159349,0.132763,0.786839,0.727028,-0.219208,-0.452154,-0.324661,-0.889921,-0.0947534,0.555048,0.34188,0.0761675,-0.48821,-0.00426433,0.512396,0.114993,0.395114,0.434233,0.782192,1
-0.0393162,-0.0388523,-0.0429668,-0.340789,-0.12172,0.00211687,-0.23233,0.922571,1.19522,0.0842233,0.0350342,0.0244221,0.305141,-0.00976706,-0.0950712,0.220006,0.0932085,0.0440791,0.982306,-0.755061,0.48397,0.342427,0.199377,0.278473,0.0446076,0.565374,0.759582,-0.879658,0.34971,-0.0762533,-0.151805,-0.597984,0.510827,0.905675,1
0.429024,-0.722627,-0.517257,0.15828,-0.282558,0.159922,0.0153095,-0.192408,-0.0308455,-0.00660074,-0.0343115,0.390523,0.118858,0.280738,0.114078,0.232429,-0.625015,-0.0809093,-0.269173,0.473361,0.0588288,0.121829,-0.0127383,0.0204916,-0.62175,-0.971357,-0.327586,-0.69512,-0.105385,0.393256,0.495788,-0.385181,0.548666,0.915535,1
0.751159,0.159754,-0.396878,0.357728,-0.450795,0.256217,-0.582975,0.370164,-0.689636,0.418462,-0.0979078,-0.187904,-0.114989,0.808541,-0.261283,0.495768,0.218155,0.393842,0.131853,0.295922,-0.0453429,-0.113253,0.30154,0.243744,-0.501758,0.203943,-0.054237,-0.324645,0.207101,0.171256,-0.849873,-0.085964,0.42369,0.811686,1
0.419036,-0.198036,1.07622,0.564792,-0.0782194,0.191821,-0.315541,0.346805,-0.476905,0.405907,0.480109,-0.543242,-0.373135,-0.220855,-0.0312498,0.439882,-0.156923,1.40853,-0.0639578,-0.126021,-0.781813,-0.0767778,-0.332177,-0.0827508,0.969267,0.527568,-0.602369,-0.0378812,-0.54185,0.630855,-0.309457,0.200075,0.541284,0.879101,1
0.601332,-0.60518,-0.817209,-0.0729011,-0.0116949,-0.505371,0.491791,-0.476733,-0.732586,-0.667422,0.0825443,0.704642,0.187411,-0.0619698,-0.254813,-0.0483061,-0.264362,-0.114418,-0.253812,0.200778,-0.786182,0.246428,-0.0642686,0.287808,-0.552418,0.49686,-0.973805,0.296515,-0.495581,-0.408102,-0.668995,0.288742,0.451745,0.837971,1
-0.289823,0.413394,0.852049,0.0522592,-0.762155,-0.694103,-0.270135,0.349624,-0.0833969,0.149938,-0.164344,-0.449559,-0.40252,-0.0635585,0.656068,-0.233843,0.380709,-0.652634,-0.421547,-0.575509,-0.027628,0.021394,0.0956912,0.319491,-0.59214,0.978129,-0.447913,-0.870614,-0.659635,0.0942871,0.178902,1.13351,0.430393,0.87242,1
0.022676,-0.58019,-0.305454,0.645507,0.120322,-0.0896006,0.233859,-0.713564,-0.299167,0.244609,0.116768,0.620817,-0.281303,0.150218,-0.63243,0.3707,0.511064,1.21042,1.02456,0.274374,-0.861499,0.149911,0.448072,1.41709,0.162671,0.397885,0.387551,-1.31528,0.66955,-1.1513,-0.707661,-0.0071975,0.5493,0.878205,1
-0.239303,0.499231,-0.306944,-0.387473,-0.197537,-0.00799696,0.582966,-0.3106,0.211503,0.583284,-0.0434624,-0.278262,0.573534,-0.237912,0.0825032,-0.08297,-0.904841,-0.14755,-0.161435,-0.817991,0.725377,-0.270312,0.883489,-0.286711,-0.0684418,0.564956,-0.354706,-0.169177,0.124696,0.691667,-0.152961,0.661417,0.442337,0.896488,1
0.140988,0.760206,0.370383,0.461192,0.0755765,-0.638271,-0.109278,-0.70597,0.0566669,-0.3804,0.450258,-0.574988,-0.790861,-0.46102,-0.555591,-0.479592,-0.406723,0.0458822,-0.413771,-0.0015276,-0.398824,-0.0480599,0.318719,-0.173624,0.340788,-0.44165,-0.34427,-0.704645,0.203071,-0.057914,-0.555482,0.234393,0.54383,0.858371,1
-0.256185,-0.366166,0.48851,0.599971,-0.238648,-0.342788,-0.369648,0.394693,-0.00112702,0.356686,-0.134763,-0.786496,0.047792,-0.561972,-0.338472,-0.237148,-0.526754,-0.595572,-0.566574,-0.324308,-0.236782,-0.560809,1.078,-0.032638,0.193613,0.317232,0.507944,-0.490964,-0.749182,0.290888,-0.322973,0.117013,0.533067,0.824597,1
0.485153,0.50017,-0.874982,-0.152942,0.0691034,-0.169974,0.384413,-0.768162,0.096092,0.675008,-0.433933,0.270777,-0.057651,0.178975,0.151372,0.0193065,1.1408,0.625408,-0.7158,0.536267,0.372859,0.0745814,-0.39481,0.358602,-0.143435,-0.301729,-0.0959639,0.381587,-0.123316,-0.205219,-0.0877824,0.0862714,0.509373,0.91474,1
-1.38077,-0.762,-0.0768026,-0.330819,-0.859546,-0.126034,-0.0197952,0.0560912,0.678172,-0.105707,0.171291,0.0657339,0.629951,0.135816,-1.14957,0.0203525,-0.0806682,0.187035,-0.386025,-0.836728,-0.376684,0.204312,-0.788509,0.444581,0.166877,0.028738,0.261453,0.890913,0.466126,0.4254,0.163293,-0.594821,0.570148,0.87729,1
-0.708295,0.966298,0.419288,-0.805816,-1.26946,-0.799505,0.413957,-0.171064,0.166956,0.591642,0.421411,-0.367192,0.842351,1.11973,0.247125,-0.587515,-0.468405,-0.412967,0.505008,0.130079,0.556842,0.142357,-0.248169,0.901038,0.337902,0.0948787,0.561102,0.0288448,0.255029,0.262928,0.0404998,-0.447975,0.549886,0.801132,1
-0.749242,-0.502918,-0.637042,0.607049,0.329194,0.410757,-0.0677302,-0.334932,-0.123093,-1.0559,-0.0247076,0.218951,-0.625926,-0.358405,0.371667,-0.695135,0.500539,0.319546,-0.214992,-0.350541,0.143943,0.118337,-0.304913,-0.443444,0.685753,0.227146,-0.366101,-0.156594,0.103392,-0.57531,0.754255,0.34707,0.426591,0.763177,1
0.272182,-0.21884,0.0627831,0.264691,0.35839,0.349248,0.0787099,-0.371535,-0.451608,-0.26829,0.685307,-0.0298874,-1.10012,0.644479,-0.0852154,-0.40681,0.180708,0.190395,0.104356,0.601382,0.456062,-0.596393,-0.803954,0.839622,0.552994,0.29379,0.553803,0.895616,0.129423,0.239953,-0.77984,-0.153422,0.578136,0.805739,1
-0.204292,0.483587,-0.646351,0.104473,0.261251,0.348641,-0.320095,-0.216765,0.575574,0.273962,0.195249,-1.14472,0.70052,-0.260144,0.135297,-0.366023,-0.380166,0.414155,-0.480268,0.303198,0.48926,-0.174169,0.0965046,-0.00937429,-0.0051558,-0.253068,0.226572,0.35566,0.363307,-0.379408,0.48852,-0.410704,0.457973,0.943124,1
0.291272,0.0823596,0.155437,-0.618537,-0.432891,-0.16338,-0.827872,0.351177,-0.506926,-1.0615,-0.405115,-0.748333,-0.420735,0.39247,-0.19031,0.13556,-0.395435,-0.0461945,0.212359,-0.0816458,-0.0749199,0.585477,0.44576,0.763896,0.329307,0.454623,-0.413863,0.455341,-0.278517,0.788907,0.0208137,-0.0420237,0.548459,0.835485,1
0.95,0.88,0.0690866,0.255617,0.265595,0.340816,0.260746,-0.132346,-0.497785,-0.407488,-0.342409,-0.0115347,-0.238125,-0.401107,0.430633,0.467182,0.173977,-0.328759,-0.250985,0.158456,-0.0166284,-0.0928979,0.036687,0.451002,-0.111305,0.307558,-0.112385,-0.294889,0.000335312,-0.180161,0.0788261,0.0268307,0.48,0.2,0
0.270399,0.321821,0.312535,0.233328,0.338772,7.95,0.152151,0.190707,0.325869,0.380733,0.339479,0.305826,0.247758,0.222991,0.181551,0.269859,0.163889,0.366543,0.158061,0.334567,0.322893,0.179375,0.295515,0.316115,0.222074,0.207062,0.261486,0.268803,0.389655,0.121201,0.22563,0.346487,0.52,0.82,1
0.472088,-0.178493,-0.973391,0.140717,-0.205565,0.637929,-0.116128,0.224539,0.668851,-0.809943,-0.0695942,-0.14361,-0.154151,0.0154032,-0.807774,-0.58281,-0.210242,-0.216205,-0.142452,0.289675,-0.0486864,0.445252,0.276789,0.204267,0.282918,0.0803956,-0.370987,-0.236863,0.569847,0.402038,0.218955,0.205868,0.481932,0.859765,1
0.164637,0.0276399,0.182215,-0.292004,0.760411,-0.566947,-0.167919,0.403562,0.0375122,0.159266,0.464195,0.164969,0.0257263,0.189244,0.157597,0.115475,0.236918,-0.931648,-0.115202,0.241601,0.765791,0.563483,-0.498711,0.276511,0.325229,-0.505435,-0.831428,0.892664,0.226344,0.0295302,-0.0402176,0.679513,0.539877,0.949565,1
0.162212,-0.0430991,-0.0516064,0.0767626,0.796343,-0.813351,0.0183242,-0.210318,0.184392,0.208818,-0.622721,-0.225695,-0.0697937,0.68338,0.172897,0.711293,0.447153,0.345774,-0.74101,-0.667925,0.325518,-0.411636,0.0333519,-0.994557,-0.07361,0.431263,0.477684,0.0824155,0.0660032,-0.756217,-0.821811,0.44923,0.538618,0.842837,1
0.344931,-0.17243,-1.35932,0.454776,-0.213732,0.857761,0.615474,-0.879508,0.462602,-0.565194,-0.641543,0.0446203,0.0303656,0.101131,-0.590899,0.43459,-0.277449,0.310564,0.140735,0.888066,0.658372,0.621397,0.118275,0.379845,-0.208785,0.124561,0.204799,0.0519396,-0.837447,-0.394043,-0.0563958,0.121943,0.504305,0.934238,1
-0.116529,-0.539336,-0.159912,-0.0772608,0.0526623,-0.623066,-0.676252,-0.131362,-0.556611,0.347208,0.249776,-0.346226,0.583327,0.927376,0.37525,-0.163359,-0.214638,-0.693485,-0.386541,-0.960778,0.32974,0.329725,-0.298172,0.120074,0.543499,0.0928635,0.108328,0.686946,0.106053,-0.0884108,0.290308,-0.304627,0.511319,0.824823,1
-0.587846,0.361427,0.0578427,0.261634,0.782393,-0.034903,-0.552149,-0.703827,0.00308356,0.586677,0.143485,-0.219489,0.362597,0.690525,-1.04896,-0.607937,0.0199204,0.216171,-0.26972,-0.418652,-0.250599,0.0593904,1.00262,-0.380119,-0.310365,0.134614,-0.444945,0.298845,0.17052,-0.734332,-0.397742,-0.0310162,0.469621,0.76321,1
-0.17029,-0.00545367,-0.768291,-0.373847,-0.00313269,-0.0429512,0.495316,-0.609154,0.0467749,-0.684987,0.44545,0.0388447,0.245713,0.309374,0.168557,0.143405,-0.238163,-0.13633,0.327527,0.0092345,-0.147558,-0.516798,-0.278102,0.111579,-0.558784,0.421474,-0.176745,-0.744601,0.143056,-0.535807,1.0199,0.145399,0.50063,0.82243,1
-0.438538,-0.303607,0.476674,0.198579,-0.503191,-0.435639,-0.337234,0.337728,0.366646,0.130939,-1.19531,-0.628176,-0.319977,0.0867692,-1.31996,0.00411081,0.237158,-0.477772,0.140153,-0.208986,0.908226,0.018279,-0.174501,0.0636212,0.413194,0.43561,-0.0922765,1.16936,0.292773,-0.411968,-0.659805,0.250955,0.494463,0.903236,1
-0.269171,0.770358,-0.23604,0.491898,0.275007,-0.198972,-0.139249,-0.253245,0.690692,-0.0458575,0.538825,0.451709,-0.161022,0.481211,-0.456076,-0.0113149,-0.321906,-0.291944,-0.453319,0.191361,-0.649612,0.616552,-0.560704,1.17804,0.756668,0.132411,-0.224068,0.206926,-0.422617,0.123736,0.151047,0.0192065,0.425488,0.82892,1
-0.505075,-0.868404,-0.0567759,-0.801048,-0.103521,-0.0355535,-0.381094,-1.04249,-0.324489,-0.594256,0.535309,0.207879,1.07409,0.537856,-0.422537,0.731087,-0.0850039,-0.684448,-0.664357,-0.635656,-0.154192,-0.137527,0.197152,-0.352211,-0.342231,0.808925,0.728088,0.461866,-0.560569,0.125923,-0.328244,1.17332,0.565262,0.785257,1
0.692115,-0.0703209,-0.833804,0.210697,-0.127405,0.73317,0.148737,0.12128,-0.281317,0.124234,-0.307419,0.133051,0.971439,0.279693,0.071008,0.0205548,0.531851,0.397983,0.430148,-0.489514,0.394124,-0.736086,0.101488,-0.488001,-0.475066,-0.0850415,-0.578489,0.129105,-0.203947,-0.608301,0.635989,0.403231,0.436738,0.82787,1
0.0896625,0.73792,0.066616,-0.0981658,-0.624716,-0.269286,0.459014,-0.617731,-0.199446,0.33486,-0.766999,0.118919,-1.19517,0.265077,0.854509,-0.63195,0.132747,0.566796,0.231096,-0.166638,0.969772,-0.219393,-0.262279,0.726944,-0.673291,1.13561,0.333811,0.0628948,0.120767,-1.24337,0.38884,-0.623795,0.568436,0.863141,1
-0.014761,-0.434146,0.363195,0.177205,-0.0656639,0.85054,-0.347953,0.30792,-0.378459,-0.213548,0.399582,0.0147083,0.208556,0.088839,0.289326,0.44705,0.202218,0.145137,0.136108,-0.112863,-0.0247468,0.119741,-0.168456,0.932039,0.625041,0.367479,0.835787,0.31217,0.531591,0.149908,-0.554747,-0.397424,0.579218,0.939032,1
-0.0185998,0.86415,-0.323144,0.211394,0.182653,-0.183296,-0.657924,0.230456,-0.0877254,0.428804,-0.0846204,-0.309947,-0.859161,-1.25679,-0.036482,-1.12487,0.132866,0.0997525,-0.731866,0.00925714,0.318729,1.21023,0.0205967,-0.0233419,0.0557321,-0.480766,0.0387967,-0.326574,0.0939189,0.414681,0.0335378,-0.363534,0.545219,0.867807,1
0.569428,0.345646,-0.068647,0.00970227,-0.484145,-0.866665,-0.212157,-0.294538,0.111317,-0.896551,-0.195531,-0.33986,-0.533915,-0.508624,0.246429,0.657187,-0.0599483,-0.104722,-0.323795,-0.00560801,-0.104351,-0.0428655,-0.442979,-0.27217,0.349336,-0.298859,-0.226282,-0.504665,0.170003,-0.0965089,0.173745,0.187611,0.579345,0.938469,1
-0.144432,0.1152,0.215725,-0.407945,-0.805548,-0.841164,0.457421,0.331824,-0.531197,-0.850871,-0.117895,-0.148859,0.56701,0.0261596,0.14874,-0.262457,-0.196806,0.80943,0.699495,-0.538475,-0.174836,0.102866,-0.181358,0.78335,-0.256345,0.264606,-0.493093,0.449457,0.629698,-0.13353,0.478887,-0.883085,0.427603,0.845009,1
-0.750878,0.716451,-0.304954,0.104795,0.280581,0.288615,0.0890554,-0.559711,0.12546,0.788139,0.57014,-0.266559,0.403743,0.269761,0.181957,-0.845924,0.401951,0.237517,-0.384705,0.433857,-0.502841,0.8833,-0.625756,-0.80819,0.72895,-0.537274,0.358216,0.962966,-0.95726,-0.450715,0.0627796,-0.380017,0.561185,0.770115,1
0.275538,-0.124059,-0.124607,0.464981,0.386914,-0.318055,-0.225372,0.641603,-0.433065,-0.527776,-0.12128,-0.462065,0.396003,0.799297,0.676423,-0.38636,0.206012,1.66951,-0.640394,-1.0707,0.358122,0.18502,0.0472598,-0.263163,-0.295463,1.17704,-0.482544,-0.192839,0.414443,-0.0314073,0.791576,-0.00107727,0.436479,0.920223,1
0.252981,0.397222,0.128525,0.124421,0.142351,7.95,0.380315,0.31103,0.19966,0.385129,0.336511,0.353468,0.320663,0.279754,0.232208,0.337102,0.268728,0.291296,0.272721,0.385463,0.204398,0.161726,0.178099,0.313634,0.267323,0.198341,0.147629,0.336473,0.173481,0.126776,0.395588,0.27399,0.52,0.82,1
-0.0148931,0.0309532,-0.134155,0.770666,0.469005,0.246565,0.107681,0.0227808,0.507528,-0.235441,-0.617623,0.0502378,-0.0688157,0.199403,-1.49897,-1.15873,0.573778,-0.305908,-0.951661,-0.856662,-0.0692534,0.75442,0.341998,-0.474575,0.552253,-0.147999,0.50848,0.694286,0.139987,-0.179107,-0.591704,0.438709,0.465407,0.856936,1
-1.11097,-0.0235838,-0.310207,-0.199208,0.212274,-0.487203,-0.322802,-0.672594,-0.344827,0.808629,0.284641,-0.564327,-0.304819,-0.248379,-0.119168,0.78487,-0.248203,-0.458162,-0.496623,-0.133065,-0.679367,-0.250953,0.384638,0.657816,-0.405578,-0.391724,0.412362,-0.160538,0.395993,-0.257726,-0.163443,-0.997721,0.423628,0.88253,1
0.267248,-0.0734776,0.0661839,0.157109,-0.603541,-0.396014,-0.164518,0.525956,1.19753,-0.546612,0.101753,0.345323,1.12546,0.409325,0.0359264,0.733499,0.100487,0.446935,0.219315,0.0781065,-0.654264,-0.111532,0.975571,0.412241,0.463265,-0.339398,0.274922,0.544966,-0.127457,0.672765,0.00445603,-0.341599,0.469312,0.861272,1
-0.0509131,-0.199665,0.390893,0.149183,-1.05999,0.0501848,0.2764,0.328307,0.473002,0.390106,-0.11229,0.157629,0.975506,0.441365,-0.227722,0.472489,0.0343812,0.801681,0.578123,-0.560443,-0.800405,0.568668,0.36064,0.38179,-0.361941,-0.0522895,-0.717488,-0.0500303,0.161466,-0.583239,-0.0387683,-0.134486,0.424127,0.863813,1
-0.354485,-0.619137,-0.218779,0.063035,-1.19497,-0.647236,-0.128056,-0.838038,-0.486945,0.603817,0.0153347,-0.164424,0.108667,0.1336,0.531541,0.931267,-0.218422,-0.520048,-0.305296,-0.524907,0.375731,0.0385025,0.533283,0.541526,1.16643,0.281148,-1.12429,-0.430132,0.0775433,-0.99903,-0.289042,-0.440246,0.532298,0.841824,1
-0.0864312,-0.202101,-0.130882,0.710737,0.685581,0.589226,0.786443,-0.403018,-0.0530593,0.795228,-0.286796,0.103934,0.0390431,0.236769,-0.266022,0.998706,0.0841343,0.588451,0.338399,-0.129433,-0.39274,0.0208086,0.61564,0.684546,-0.62078,0.107376,0.377604,1.09421,0.162314,0.630549,0.122434,0.125597,0.55099,0.809889,1
0.37056,0.000140977,0.128402,0.997982,-0.231147,0.267431,-0.0591224,0.246656,0.237118,-0.735604,1.71722,-0.128295,0.0676339,-0.689888,0.3903,1.08378,-0.919289,-0.463066,1.14448,-0.19076,0.24766,0.0532562,0.460006,-0.506532,-0.656486,-0.0498663,0.605643,0.0923225,0.411812,0.407854,0.751577,-0.657065,0.518494,0.79713,1
-0.0977386,0.374964,1.33175,0.120224,-0.124791,-0.98834,-0.258738,0.494257,-0.158324,0.57148,-0.0109267,-0.405277,-0.362115,0.317449,-0.635833,-1.01214,0.325405,-0.212439,0.920771,0.0274548,0.261016,-0.282137,-0.549368,0.231759,0.0383688,-0.142577,-0.178234,0.442684,-0.459241,-0.0867157,-1.42482,0.250277,0.518073,0.84049,1
0.817059,-0.174286,-0.925668,0.52789,-0.677184,0.470597,0.244067,0.234201,0.328974,0.136498,-0.651559,0.128588,0.124525,0.19064,-0.106796,0.208116,0.361817,-0.734202,0.194436,0.0513399,0.348868,-0.0532432,-0.527127,-0.172429,0.166637,0.175217,0.221684,-1.27853,0.159473,-0.31494,-0.0512951,1.10945,0.450886,0.863624,1
0.628329,-0.0954141,-0.218109,-0.129758,-0.0855391,-0.501362,-0.0567842,0.782554,-0.637611,0.035191,0.0626626,-0.494183,-0.451084,0.538905,0.713232,0.194696,0.366299,-0.415736,1.05658,-0.592099,-0.554465,-0.119902,0.100702,0.253929,-0.661885,-0.60124,0.192877,0.268524,-0.620134,0.693248,0.207193,-0.111358,0.467025,0.825307,1
0.299607,0.721252,-0.270226,-0.354615,-0.5616,-0.231637,-0.715721,-0.694319,1.02148,-0.0222718,1.35107,0.0696397,0.231924,-0.724524,0.444033,0.0541786,0.209935,0.263125,-1.18141,-0.48188,-0.831865,0.537699,1.92412,-0.857924,-1.27094,-0.283876,-0.0747174,-0.0859468,0.0864071,-0.584584,0.121085,0.0945602,0.540029,0.792168,1
-0.567844,-0.356694,-0.265344,-0.428208,0.199067,0.306001,0.241806,0.165873,0.641743,-0.120127,-0.520022,1.02062,0.21095,-0.199534,0.711891,0.153389,0.278708,0.351408,0.285571,0.142483,0.796505,-1.23414,0.118492,0.414831,-0.159913,-0.052177,-0.445821,0.241929,-0.212781,-0.242757,-0.0464062,0.107476,0.534315,0.805895,1
-0.340229,-0.347603,0.704844,0.0166354,-0.219113,0.664295,0.93403,-0.00249481,-0.0251736,-0.0437603,0.0109641,0.193255,0.364315,0.926112,0.223904,0.0954826,0.539066,0.362542,0.375965,-0.63611,-1.20382,-0.365255,-0.367841,-0.176896,0.393011,-0.202108,-0.268592,-0.711585,-0.923692,0.113866,-0.584359,-0.338466,0.542549,0.810205,1
-0.597633,-0.575511,-0.310765,-0.822794,0.576096,-0.0249019,-0.544628,-0.935088,0.267732,0.0266419,0.364926,0.691982,0.00634651,0.657049,0.182248,0.881243,-0.639594,-0.303298,-0.723855,-0.241401,0.628663,0.0557248,-0.314978,-0.506776,0.432054,-0.86786,0.103915,-0.38462,-0.273734,-0.459867,0.183188,-0.0150638,0.49661,0.803153,1
0.540583,0.0704627,-0.289248,0.852907,0.22382,-0.378605,0.945226,-0.0951066,0.699226,0.280981,-0.147065,0.369337,-0.203511,-0.402716,0.437762,0.00378768,-0.13386,0.168443,-0.296218,-0.192512,0.823415,-0.60844,0.390025,-0.385485,0.510363,0.00729811,-0.0988264,-0.0871071,0.245296,-0.190969,-0.437005,-0.209538,0.476459,0.930413,1
-0.300866,0.318423,-0.223148,-0.487908,-0.182575,-0.341083,0.381671,-1.01189,0.283659,-0.43355,0.321135,-0.279107,0.47583,0.117295,-0.17952,-0.432734,0.0363412,0.270154,0.192653,-0.255371,0.311558,0.218203,0.654039,0.738853,1.14165,0.272992,-1.56776,0.0842484,0.253054,-0.13301,-0.329572,-1.03715,0.52515,0.796601,1
-0.671477,1.22627,0.779804,0.0983149,-0.458149,0.262245,0.805998,0.553728,-0.798271,-0.730997,-0.27018,0.60625,-0.732984,-0.109081,0.102219,0.20294,-0.113629,-0.132256,-0.0885073,-1.19278,0.268964,-0.0331324,0.655827,0.340941,0.275755,-0.0145339,0.073564,-0.53376,-0.114741,0.44698,1.47759,-0.887811,0.55113,0.819652,1
-0.811657,0.601989,-0.201914,-0.129329,-0.157869,0.416611,0.292849,0.644254,0.176222,0.641661,0.675618,-0.126152,0.0387885,0.0217164,0.33406,0.0455585,0.540618,0.000882947,-0.15963,-0.325435,0.122996,0.330053,0.155794,0.222081,0.0690211,-0.31383,-0.981671,0.271799,-0.461009,0.383211,0.209213,0.335378,0.571931,0.774782,1
0.595815,-0.283834,0.406209,-0.222675,0.108079,-0.83524,0.0833684,-0.0111108,0.79835,-0.0386964,0.997321,0.0998595,0.38332,0.0774281,0.312973,-1.10628,-0.53516,-0.067071,-0.132915,-0.296371,0.0324844,-0.694819,-0.376032,-0.401103,0.870409,0.037397,-0.196557,-0.246981,-0.753241,-0.0292575,1.05819,0.302352,0.446642,0.923613,1
0.309415,0.494871,0.50873,-0.0555272,-0.315567,0.378976,-0.249861,0.619214,-0.328663,0.230706,0.304424,0.136582,-0.694988,-0.282787,-0.643191,-0.408927,1.31168,0.403333,0.0288064,-0.377024,0.481388,1.35422,-0.0962382,-0.207474,-0.119441,-0.505589,-0.401983,0.075585,0.263049,-0.188125,0.216848,0.330838,0.505293,0.875644,1
0.181401,-0.820686,-0.854236,-0.290483,0.216925,-0.431879,-0.0184544,-0.768345,0.0256941,-0.691104,0.119733,0.0608588,-0.349158,0.185006,-0.828939,0.692535,0.541751,-0.111628,-0.559139,0.61666,0.990533,-0.038202,0.802651,0.162553,0.0929776,0.261443,-0.0207638,-0.254023,-0.00683531,-0.0706176,-0.795162,-0.887591,0.532987,0.888998,1
0.14514,-0.2282,-0.0789024,-0.627744,0.636406,0.074707,-1.09703,-0.181555,0.265791,-0.637016,-0.0709375,-1.4087,-0.930886,-0.101314,-0.888339,-0.870352,-0.256643,-0.401425,0.229818,-1.21269,0.72026,0.366945,-0.00926018,0.340985,0.343309,0.123489,0.0243095,0.104727,-0.329859,-0.464041,-0.266912,1.02278,0.531879,0.764256,1
-0.627144,0.353904,-0.873945,0.329207,-0.476111,0.613624,-0.0138276,-0.14396,-0.463624,0.142622,0.00806008,0.313721,-0.371553,0.262217,-0.87078,-0.137126,-1.05421,-1.06477,0.761111,-0.436045,-0.42712,0.358707,-0.0505226,-0.59104,0.681569,0.520769,1.19648,0.0855783,0.107848,-0.437244,0.294292,0.0368134,0.526178,0.916845,1
-0.30774,-0.240157,0.509923,-0.500202,-0.311661,0.117284,-0.928721,0.0288004,-0.23733,-0.398747,0.395639,0.0294029,0.155161,0.0230115,-0.0358288,-0.18283,0.463103,-0.400067,-0.425058,0.0872485,0.506357,-0.741387,0.699911,-0.485463,-0.333962,1.07874,0.0800326,0.0156036,0.0857907,0.0945145,0.0325876,-0.424243,0.438346,0.906726,1
-0.549913,0.296587,0.201411,0.485539,-0.558448,-0.046809,-0.19913,-0.341396,-0.798003,0.253023,-0.320081,-0.0891894,0.0683771,-0.123151,0.838312,0.319705,-0.0229964,0.0598312,0.0964095,-0.569126,0.141759,0.771635,-0.30406,-0.113974,0.684662,-0.325832,0.138748,0.58548,0.597143,0.300004,0.611679,-0.331433,0.534426,0.874321,1
0.20058,0.104097,1.31982,0.166967,-0.306372,0.42014,0.756099,-0.385985,0.0504427,-0.40215,0.2458,0.231778,0.150205,-0.113454,-0.143319,-0.147692,-0.565686,0.671813,-0.119468,0.292382,0.296007,0.673033,-0.088953,-0.726726,-0.0226571,-1.20651,0.259253,0.874976,0.633137,0.327799,0.178115,0.0150242,0.468942,0.943597,1
0.216085,-0.352405,0.435958,0.131668,-0.293171,-0.281998,-0.305648,0.485742,-0.00134662,-0.664693,-0.0970044,-0.795556,1.30406,-0.580615,0.0432957,0.762219,0.190473,0.664192,-0.162851,-0.289401,-0.907501,-0.395235,-0.566445,-0.110423,-0.267868,0.348625,-0.00314055,-0.176435,-0.0909801,0.0543403,-0.451832,1.03033,0.476546,0.899544,1
-0.351363,-0.0601053,-0.183984,-0.238646,0.501149,-0.0529642,-0.392921,-0.252086,-0.0310419,0.188551,-0.308842,-0.387902,-0.0283118,0.624337,0.0261626,0.391403,-0.578735,0.121697,-1.2479,0.692142,0.235516,0.0188403,0.797914,0.156789,0.0806921,-0.208775,0.017367,0.709009,0.45809,0.00281361,0.393298,-0.797037,0.530851,0.7749,1
-0.598726,-0.087763,0.784585,-0.0180489,0.686768,0.274064,-0.341817,1.53781,0.319658,0.543295,0.157923,0.0295308,-0.0694121,-0.0161778,-0.0172056,-0.269679,-0.187152,-0.905627,-0.158835,0.609056,-0.395672,0.589,-0.47926,0.631057,-0.176718,-0.253505,-0.332105,0.144278,-0.461239,0.0927962,0.517003,-0.0498891,0.520303,0.853655,1
0.227186,-0.234053,0.0168606,-0.744181,0.906822,-0.501523,-0.714385,-0.0805392,0.850342,0.288108,0.423719,0.0474752,-0.292933,0.309211,-0.0580083,-0.252413,-0.180929,0.732896,0.266631,0.737031,-0.427941,-0.213265,-0.527353,-0.581423,0.29149,0.126613,0.122998,-0.426744,-0.342569,0.756744,0.234478,0.181429,0.555422,0.941777,1
0.0596065,-0.742619,0.476314,-0.26442,-0.235637,0.597343,0.722167,-0.667402,-0.0905431,-0.5222,0.643371,-0.147193,-0.31391,0.52239,-0.309468,0.119415,0.507361,0.209255,-0.43223,0.0448837,-0.261765,-0.739698,0.148136,-0.460076,0.358238,-0.115364,-0.630238,-0.125822,-0.494059,0.0124229,-0.409879,-0.865395,0.447226,0.844913,1
0.4,-1.03038,-0.649034,0.896231,-0.39947,-0.42736,0.0240569,0.175931,-0.177658,0.292101,0.598292,0.169285,0.332962,0.0769689,-0.293861,-0.0767201,-0.406163,0.468012,0.310404,-0.36653,0.577416,0.000600803,0.0677389,-0.168216,-0.195094,0.153749,0.82286,-0.184686,-0.25365,0.313724,-0.273408,0.502838,0.428774,0.845503,1
-0.440839,0.325177,-0.0963374,0.305847,0.439683,0.627927,-0.196633,1.09156,0.471039,-0.310071,0.353518,0.0937896,-0.501308,0.500499,-0.104236,0.0367947,-0.229189,-0.570588,0.181706,0.234544,-0.125752,-0.579503,0.835814,-0.558721,-0.185596,0.82487,-0.633085,0.147401,0.973965,0.763285,0.595735,-0.512933,0.514767,0.92383,1
0.0549284,-0.273823,0.70495,0.0927536,0.0423876,-0.396311,-0.719293,-0.163386,0.31726,0.0500872,-0.268018,0.0887057,0.0137619,-0.457039,0.828006,0.597735,-0.943804,0.146613,0.471043,0.651901,-0.559594,-0.0534989,0.738389,0.0241173,-0.302743,0.519861,-1.23289,0.691766,-0.311903,-0.487952,-0.0951944,0.566521,0.522015,0.869527,1
0.237649,-0.130395,0.271551,0.378023,0.417283,0.587869,-0.0226655,-0.117842,-0.365168,-0.471774,0.505422,-0.604139,0.144336,0.103029,-0.153193,0.922767,0.756247,0.822442,0.119541,-0.249509,0.29996,0.142605,0.0328634,0.667403,0.185365,-0.236243,0.777515,-0.430568,0.217316,0.5553,0.157601,0.665417,0.459328,0.78322,1
0.245537,0.381614,-0.543575,0.239677,-0.454845,-0.466307,0.0225729,0.178677,0.333864,-0.481716,0.548393,0.188383,0.0223335,-0.424252,0.699496,-0.193251,0.023827,-0.202707,-0.138445,-0.465866,-0.930165,0.2928,0.146339,-0.468764,0.694795,-0.864493,-0.167549,-0.271569,0.199863,0.480689,-0.308979,0.170605,0.465359,0.920926,1
-0.340874,-0.831645,-1.23774,-0.0749328,-0.974816,0.499618,0.361773,0.171797,-0.184088,-0.479736,-0.526011,-0.323677,1.23529,0.587014,0.300456,-0.648046,-0.654836,-0.296441,0.403914,0.123418,-0.0560202,-0.330873,0.259411,0.311981,0.233474,0.536767,-0.0311925,-0.810793,-0.289206,0.318949,-0.203755,0.265615,0.514752,0.865433,1
-0.101021,0.299834,0.410733,1.00556,0.538409,0.703461,-0.229539,-0.784312,0.45527,-0.884336,-0.277849,-0.160212,0.908788,-0.896378,-0.0914497,-0.764911,0.358762,1.21904,0.80415,-0.144103,-0.0892551,-0.216336,-0.65877,-0.716405,-0.930748,0.0704262,-0.1474,0.0925556,-0.606213,0.542453,-0.305709,-0.808576,0.495536,0.945741,1
-1.67976,-0.201061,0.0253057,0.108202,-0.452677,-0.212838,0.902384,0.278372,-0.499755,0.0647786,0.369888,0.0635233,-0.027881,-1.10862,0.185366,-0.544926,-0.0125461,-0.0946988,-0.957562,0.141479,0.131166,-0.175322,-0.315555,-0.691411,0.254458,-0.414944,0.062792,0.928301,-0.690226,-0.774659,0.583538,0.387985,0.556767,0.88482,1
-0.420244,-0.562924,0.0747913,-0.45191,-0.376051,-0.57135,-0.0698199,-0.365444,0.269119,-0.154154,0.630241,-0.874795,0.765251,-0.208583,-0.101282,0.000653524,-0.82861,0.273207,0.144036,-0.244229,-0.695036,0.545453,-0.329973,0.605029,0.37688,-0.368315,0.0828649,-0.558691,0.171454,-0.355031,-0.428731,-0.463233,0.513384,0.817703,1
1.13552,-0.618835,0.200343,0.924371,-0.636595,-0.0982019,-0.418657,-1.06532,-0.367742,-0.711615,-0.65236,-0.507463,-0.869699,-0.0621522,0.816868,-0.12002,0.187665,-0.280056,0.116049,-1.15023,-0.194486,0.0431377,-0.562519,-0.774337,0.115423,-0.215803,-0.0445365,0.152522,0.0735445,0.0768084,0.320527,0.331539,0.548724,0.815243,1
-0.611242,-0.16852,-0.532022,-0.420933,0.102073,-0.263774,0.00968187,-0.643263,0.294964,0.995605,-0.153083,-0.275041,-0.203803,0.37141,-0.264275,0.367992,1.06986,-0.436581,0.313698,0.339984,1.0599,0.364774,0.605522,-0.104877,-1.19465,-0.315044,-0.366964,0.400078,-0.417232,0.738374,0.0876916,-0.604227,0.513848,0.771907,1
-0.361866,0.0814078,0.0778934,-0.100355,0.116007,-0.561996,0.468869,-0.753828,-0.313071,-0.0738573,0.854859,0.244621,-0.480278,-1.09452,-0.218426,0.0405743,-0.66932,-0.961641,-0.213408,0.614327,-0.532229,0.0923984,-0.291561,-0.0175934,-0.0166313,-0.326908,0.293545,0.0174802,-0.466251,-0.0418773,-0.670806,-0.0645083,0.487346,0.81984,1
-0.259148,0.194932,0.529266,-0.227624,-0.0813404,0.758909,-0.136862,0.21866,1.21082,0.363275,-0.163592,0.370927,0.0316496,-0.889675,0.00294903,0.411958,-1.00028,-0.39713,0.0381366,-0.530392,-0.0175671,-0.561748,0.414769,-0.920513,0.106591,0.8047,0.0946505,0.541541,-0.417176,0.919138,-0.162484,-0.136967,0.540387,0.833818,1
1.46848,-1.86923,0.544418,-0.270411,0.638935,0.00727572,0.920263,0.0636398,-0.392787,0.500261,-0.272528,0.178454,-0.164949,0.470883,0.337927,-0.0478228,0.284213,-0.462144,0.104033,1.20575,0.146412,-0.201382,0.214172,-0.531114,0.448912,-0.494382,0.58091,-0.302747,-0.621817,-0.234819,-0.527495,0.151688,0.522515,0.918422,1
-0.154794,-0.287039,-0.0422141,-0.570552,-0.29682,0.467824,0.774414,-0.390666,0.0670027,0.344866,0.551413,0.484382,0.899244,0.213853,0.118711,0.555934,0.101732,-0.18571,0.103389,-0.385057,0.969305,-0.759433,0.321742,0.0562199,-0.408145,-0.189179,-0.159509,-0.362191,-0.0329583,-0.279168,0.545492,0.0651402,0.495843,0.932617,1
0.54456,-0.100124,-0.193272,-0.115621,-0.367938,0.560612,0.378864,0.0358317,-0.107391,0.11646,0.450431,1.01943,0.36031,0.725961,0.11347,0.178532,-0.945679,-0.134965,0.0991731,0.292125,-0.0519605,0.0294728,-0.281801,0.274153,-0.328807,-0.42825,0.00367606,-0.260099,0.220017,0.185541,0.0826333,-0.043873,0.491915,0.918153,1
-0.236972,-0.501365,0.0687102,-0.0427701,0.553132,0.543435,0.165335,-0.0258326,-0.486071,0.334734,0.0256505,0.515181,0.758073,-0.0436283,-0.347494,0.173939,0.445801,-0.657184,-0.460418,0.295342,0.0664601,0.399266,-0.40248,0.130317,-0.368057,0.10149,-0.768387,-0.137762,0.688748,-0.14816,0.304319,0.240338,0.55387,0.828744,1
-0.139169,0.275296,0.564855,-0.321609,-0.15742,-0.419205,0.176834,-0.192229,0.0739416,-0.282405,-1.22515,0.0996568,0.645339,1.10694,0.391978,-0.439778,-0.645048,0.263255,-0.731106,0.166156,-0.151832,1.20699,0.212105,-0.0179931,0.108881,0.366884,0.447608,-0.258954,0.0676122,-0.322456,-0.0703914,-0.335103,0.53245,0.794169,1
0.0105216,-0.100531,-0.067249,0.961578,0.34472,-0.618323,0.632077,0.398702,-0.191546,-0.890819,0.307974,-0.470668,1.10424,0.147036,1.13998,-0.0653043,0.0069233,-0.740168,0.201492,-0.350729,1.50883,1.03032,-0.0228605,-0.49401,0.314372,-0.581986,0.132289,0.243166,0.284709,0.0318302,0.0556691,-0.612714,0.446757,0.880235,1
0.682062,0.319825,-0.0465386,-0.0820014,-0.188555,0.0211015,-0.131241,0.174327,-0.403132,-0.149459,0.562625,-0.228028,0.986455,-0.275904,0.508795,-0.0493919,0.630373,0.95026,0.580587,0.594611,0.533353,0.326069,-0.760862,0.021194,-0.751014,0.421982,1.20682,-0.219256,0.195746,0.708794,0.343518,0.341852,0.514748,0.854468,1
0.456792,-0.592673,0.840408,-0.176712,-0.471036,0.0793997,-1.06574,-0.743755,-0.0593797,0.473199,-0.16171,0.505183,0.136033,0.0162331,-0.204571,0.125397,-0.0952249,-1.07992,0.167565,0.521434,0.26184,-0.188146,-0.146653,0.0288649,0.374504,-0.442628,0.00284153,-0.651898,-0.661208,-0.327812,-0.60834,-0.256113,0.478666,0.887577,1
-0.221879,-1.10771,1.47667,0.272602,0.642402,-0.137953,-0.228025,0.214345,0.956183,0.253633,-0.745858,-0.727532,-1.35537,0.326141,0.205452,0.778467,0.44268,-0.686889,0.798959,-0.101743,0.448713,0.0232937,0.432303,0.47068,-0.704687,-0.0636764,0.0382486,-0.068475,0.826987,-0.331706,0.367919,-0.382412,0.453709,0.929388,1
1.01637,0.525649,-0.539192,-0.330059,0.0330675,-0.734591,0.682105,0.23173,0.287268,-0.00686609,0.571188,-0.588635,-0.17794,-0.519639,0.398573,0.56449,-0.984881,-0.189599,0.320178,-0.589827,0.316255,0.149735,-0.584535,-0.320949,-0.166876,0.989031,0.0470733,0.647945,0.285082,-0.770962,0.423259,-0.169553,0.549734,0.945449,1
0.33146,-0.192614,-0.308298,0.304348,0.700923,0.798941,-0.319839,-0.02832,-0.459538,0.3998,-0.300735,1.03904,-0.195832,0.486492,-0.85852,-0.2225,-1.50606,0.116864,0.281272,0.33083,0.471232,1.08103,0.282915,0.198814,-0.301545,-0.0805663,0.514394,-1.16396,-0.242183,0.57342,-0.326971,0.315557,0.434251,0.817139,1
0.28712,0.0902898,0.0230605,-0.506776,-0.984094,-0.83233,-0.140883,0.447006,1.38411,0.00323209,-0.0423113,-0.744098,-0.780378,-0.232064,-0.333314,0.62806,-0.372358,0.190551,-0.19168,-0.283454,0.80784,0.486739,-0.786409,-0.729385,-0.28724,-0.153413,1.31733,0.706182,1.08736,0.0484547,-0.061678,0.165532,0.427599,0.81882,1
0.0346074,-0.343991,0.561518,0.103581,-0.204149,0.624766,-0.538554,-0.368549,-0.282024,0.143495,0.483219,-0.277019,0.384156,0.955466,0.194215,0.956504,-0.00606044,0.17651,-0.065159,0.599068,0.218606,0.783172,-0.290534,-1.03073,0.191172,0.469727,0.238037,0.0711417,-0.21763,0.56406,-0.948394,0.501645,0.424669,0.769338,1
-0.187234,0.712061,0.258232,-0.822455,0.566761,-0.66066,-0.923809,-0.769787,0.730098,0.443691,0.0578808,-0.422656,-0.757793,-0.221734,0.341122,-0.720819,-0.109119,-0.289,1.30417,0.0650166,-0.20405,0.119122,0.0958607,-0.486934,0.45492,-0.404795,0.686076,-0.93223,-0.220977,-0.122489,0.481127,-0.685275,0.565359,0.907784,1
0.118958,-0.417938,0.65862,1.33426,0.647043,0.744503,-0.126507,0.466393,-0.439828,-0.101233,-0.323985,0.788658,-0.177233,0.244826,-0.149962,-0.380116,0.274667,0.160892,-0.155243,0.381924,-0.388776,-0.241277,0.839065,-0.253894,1.0273,0.51231,-0.178737,-0.550746,-0.0020069,-0.301437,-0.248773,-0.425966,0.457362,0.788865,1
-0.791042,-0.0844144,-0.0679824,0.230845,0.74183,-1.37578,-1.11199,0.266744,0.248868,-0.603971,-0.262137,-0.311038,0.0756265,0.0510961,-1.12608,-0.208831,0.334826,0.0486207,0.0945034,0.442143,-0.775657,0.320769,-0.544232,0.720086,0.468861,0.421247,0.188463,-0.179843,0.118212,0.50385,-0.111866,-1.02987,0.503987,0.913857,1
0.352013,0.808861,0.698914,0.44109,-0.272333,-0.644142,-0.298253,-0.111039,0.502463,-0.771873,0.0369632,0.214705,-0.144537,-0.444441,-0.799081,-0.0620575,0.737155,0.757574,0.0601078,0.23336,-0.271049,0.729047,0.144076,-0.498974,-0.189405,0.251556,0.3841,0.310316,-0.0141681,0.169521,1.1807,0.800215,0.560493,0.931191,1
-0.0123531,0.902424,-0.259681,0.912616,-0.348448,1.08129,-0.768986,-0.69402,1.28791,-0.270218,0.90809,-0.102183,0.363404,-0.554403,-0.00645801,-0.773728,-0.869792,0.581379,0.122988,-0.258358,0.12041,-0.0179588,0.31121,0.605086,-0.294675,-0.294428,-0.158852,0.204122,-0.396084,0.0548538,-0.824854,-0.26523,0.53555,0.904245,1
-0.656223,0.245558,-1.02135,0.147227,0.854217,0.750774,-0.4489,0.365889,0.233953,-0.847712,-0.136045,0.201538,-0.376663,0.0834287,-0.344335,0.562305,0.688018,0.167234,-0.0691538,-0.0672914,0.761767,0.352974,0.0184997,0.681301,-0.282907,0.0395077,0.450474,0.237013,-0.635741,-0.466012,-0.210936,-0.530409,0.560038,0.778783,1
-0.300282,0.822283,0.476741,-0.173091,-0.440411,0.0673715,-0.284335,-0.209409,0.495753,0.320242,0.0977975,-0.865436,0.286148,-0.0695326,0.439161,-0.0680258,0.264299,-0.377834,-0.207557,-0.427259,0.245278,-0.0920803,1.00013,-0.324501,0.276183,-0.77303,0.402258,0.256522,-0.199831,0.0862534,-0.943674,0.198918,0.561523,0.896765,1
-0.083089,0.466849,-0.19632,-0.0181296,-0.621995,0.315397,0.522596,-0.182415,0.219406,0.237315,0.170264,0.182299,0.136434,0.0186539,0.11633,-0.105128,-0.539513,0.0619058,0.000227153,-0.451267,-0.113466,-0.21507,0.306941,-0.206954,-0.789904,0.444288,-0.610765,-0.615558,0.258758,-0.138899,0.720213,-0.774364,0.483794,0.943699,1
-0.912134,0.293518,1.34489,-0.226341,0.429756,-0.907348,-0.264574,0.180475,-0.235464,-0.270102,0.273708,0.634234,0.0509681,-0.455989,-0.949263,-0.227408,0.0630516,-0.325817,0.761037,-0.170023,-0.0435616,-0.528516,0.48803,-0.545366,-0.664858,0.319722,-0.453373,0.229643,0.791747,1.20447,-0.22662,0.0458539,0.522801,0.84674,1
0.324931,-0.132612,-0.429248,0.265863,0.234218,0.552533,-0.393772,0.617461,-0.564544,-0.214044,-0.189636,0.285575,0.0821239,-0.369402,-0.448167,0.724615,-0.0250549,0.901053,0.190527,-0.0779489,-0.160385,0.606941,-0.247273,-0.78374,-0.643577,-0.40106,-0.261335,0.269255,-0.203934,0.540438,0.702771,-1.21201,0.528264,0.827326,1
-0.430896,0.0732766,0.20325,-0.487464,1.07445,-0.186499,0.442422,0.353409,0.638865,-0.445836,-0.282578,0.388137,0.672238,0.848005,-0.310857,-0.17045,0.0345835,0.246116,-0.737202,-0.262208,-0.542654,0.598476,-0.0837917,-0.227375,0.213591,-0.230575,0.189564,-0.24763,-0.271749,0.358247,0.291194,-0.763999,0.431059,0.914906,1
-0.219073,0.719465,-0.149182,-0.074466,0.0740594,-1.34251,-0.628891,0.366579,-0.262412,-0.0538765,-0.609809,-0.600014,1.05053,0.239355,-0.37452,-0.369153,0.335611,-0.250635,0.737796,-0.356437,-0.599121,-0.0667967,-0.00859131,-0.204522,-0.861969,-0.668909,0.213365,0.875518,-0.332473,0.158602,0.448538,0.280977,0.444321,0.79075,1
0.218363,-0.647337,0.158392,0.19755,-0.0215417,-0.151431,0.290524,0.146648,-0.113102,0.566781,-0.157272,0.781294,-0.0887245,-0.621909,0.250829,0.769962,0.693633,0.204948,-0.522224,-0.60076,-0.154629,0.326693,0.0202282,0.525184,-0.220829,0.0641114,0.390128,0.678896,-0.897326,0.550162,-0.285481,-0.0252117,0.427141,0.840496,1
0.0206035,0.352603,0.795463,0.262792,-0.916327,0.554769,0.0529202,-0.3568,0.357733,-0.235993,-0.734407,0.724158,-1.02647,-0.209776,0.0241396,0.377893,-0.936618,-0.204914,-0.75317,0.644442,-0.215669,0.459456,0.30364,0.195512,-0.36221,0.229547,-0.0492152,0.17451,-0.240413,-0.152985,-0.339534,-0.111672,0.55956,0.865382,1
-0.0804809,-0.753884,-1.00866,-0.536523,0.400083,-0.377679,0.333606,-0.846499,0.392838,-1.04312,-0.338124,0.559836,0.455623,-0.331459,-1.35572,-0.181804,-0.274761,0.325871,-0.0492266,-0.70091,0.520757,-0.208716,0.0710543,-0.442393,0.869374,0.0710444,-0.0268722,0.174364,0.156348,-0.271882,0.133338,-0.476811,0.435145,0.926992,1
-0.0757059,-0.649772,-0.637679,0.384707,-0.179148,0.574735,0.250208,-0.437638,0.000109454,-0.281316,-0.77747,-0.0863034,0.530784,0.0253241,0.209728,-0.394722,0.510404,0.293174,0.295358,0.2109,0.603262,-0.211946,-0.373215,-0.308211,0.437938,-0.322291,-0.658476,-0.218728,0.935222,0.356233,0.16086,0.703459,0.486041,0.943168,1
0.0687443,-0.298852,-0.722905,-0.478417,0.0293974,0.46953,0.272443,0.276856,-1.4508,0.226723,-0.0812192,0.318237,0.844038,-0.0293826,-0.0327831,-0.370607,-0.62278,-0.337274,-0.22521,-0.944257,0.760697,-0.389992,-0.0960892,-0.811837,0.204124,-0.397588,0.203279,-0.130942,-0.358087,-0.00267215,0.43964,-1.08765,0.446636,0.947838,1
-0.544014,0.300297,0.0526411,-0.0456516,-0.382998,1.06769,-0.141761,0.204088,0.0658275,0.190572,0.00300747,0.3151,-0.0469652,0.289153,-0.0437979,-0.0021364,0.157508,-0.990819,0.555959,-0.172368,0.142654,1.01947,0.876768,0.0327372,0.244695,-0.429221,0.105598,0.262696,0.265608,-0.57206,-0.351414,0.305949,0.550364,0.771177,1
-0.0548826,-0.0150675,-0.00771988,0.434803,0.449785,-0.0825089,0.0749495,0.464437,0.212158,-1.02596,-0.0716806,-0.676992,0.487269,-0.712178,0.0554329,1.13815,0.744221,-0.407933,0.0240585,0.0133646,-0.539859,-0.27123,-0.199034,0.360396,0.0432391,-0.324855,-0.339565,-0.750856,-0.0150279,-0.905369,0.605867,0.647741,0.469485,0.878293,1
0.166173,0.222911,-0.754316,0.109669,-0.35889,-0.2734,-0.331793,-0.135541,0.205611,-0.985847,0.153699,0.46146,-1.05792,-0.754626,-0.137639,1.29373,-0.687502,0.271219,0.450853,0.991388,0.263301,0.036456,-0.250707,-0.280316,-0.853158,-0.629082,0.0863335,0.368239,0.101342,0.994755,0.579018,0.176197,0.460446,0.794824,1
0.121099,-0.44669,0.779343,0.322255,0.0751751,0.044541,-0.137211,0.168643,0.739874,0.331065,0.46288,-0.120995,0.239829,0.215684,0.542684,0.79401,0.000108787,-0.690166,0.148182,0.589055,-0.381576,0.628973,-0.768523,-0.188459,0.0208405,0.416576,-0.151876,-0.256338,-0.106897,-0.462277,-0.547058,-0.620175,0.545948,0.882082,1
0.0107938,0.359843,0.163471,0.0188248,-0.194412,-0.378996,-0.0983124,-0.624639,-0.0128563,-0.339442,-0.932968,0.549886,-0.635779,-0.258678,-0.602816,0.158346,0.152215,0.712242,0.599007,0.29542,0.797389,0.320608,1.05608,-0.318685,0.317706,-0.592669,-0.34354,0.0914707,0.0971241,0.516844,0.627894,-0.799998,0.447512,0.82852,1
0.121922,0.431609,0.201121,0.0358277,0.137247,-0.187923,-0.198536,0.0413882,0.052043,-0.819747,-0.27369,0.214574,0.161039,-0.62111,-0.0279393,0.183382,0.650916,0.523218,-1.19339,1.58744,-0.270329,-0.0762303,-0.452377,-0.796157,-0.121532,-0.684249,-1.15873,0.739613,0.577012,0.20533,-0.0113864,-0.187822,0.548571,0.790955,1
0.662459,-0.0695551,-0.337185,0.198832,0.124508,-0.0130503,1.1036,0.0841622,0.433827,-0.269693,-0.0834259,-0.561321,0.709148,0.397263,-0.00743767,-0.360026,-0.222487,-0.268204,0.447014,0.770729,0.572119,-0.0912279,-0.309947,-1.0541,-0.16873,0.63298,-0.226042,-0.284463,-0.716546,0.318204,0.866363,0.617922,0.567324,0.869038,1
0.354188,0.180033,-0.445219,0.912978,0.854579,-0.269884,0.0572963,-0.0686829,-0.449182,0.689988,-0.655323,0.193841,0.194245,0.235786,-0.324224,-0.577486,0.730884,1.01307,-0.915037,-0.577294,-0.985307,-0.566229,0.0739373,-0.258123,0.396407,-0.188156,-0.209221,0.523255,-0.786466,-0.0731552,0.944665,-0.388642,0.491583,0.885799,1
-0.0306314,0.156036,-0.440033,0.461993,0.369285,0.405185,-0.237222,-0.620049,-0.384084,-0.201844,0.685867,0.0435302,0.108243,-0.639964,-0.0680185,0.0435145,0.242557,0.684509,-0.133099,-0.492516,0.0328311,0.986457,-0.0413789,-0.0025466,0.798724,0.136868,0.188158,0.398089,-0.0279364,0.640592,-0.316964,-0.146014,0.550817,0.874723,1
0.0506786,0.0970339,-0.722856,0.0818642,-0.332113,-0.327787,0.23843,-0.57616,-0.577963,0.2356,-0.242283,0.522055,-0.279172,0.358674,0.102147,-0.349101,-0.338588,0.738916,-0.299776,-0.111153,0.095556,0.669345,0.133922,-0.174993,0.00452364,0.444424,1.00417,-0.656513,0.576735,-0.0909659,0.266284,-0.686707,0.53489,0.813419,1
-0.919518,-1.02704,-0.303429,-0.902955,1.35997,-0.3543,-0.0679652,0.474237,-0.340759,-0.0286446,0.217657,-0.451594,0.0249971,-0.117134,0.0438171,-0.289579,-0.00242744,-0.0504494,-0.801386,-0.736886,-0.606099,-0.106636,0.8613,-0.477986,-0.133957,-0.491233,0.127811,-0.217465,-0.984346,-0.636074,-0.623231,0.362308,0.46074,0.853345,1
-0.917345,-0.394389,-0.651465,0.103655,-0.440917,0.0444963,-0.108825,-0.0641254,0.0077092,0.135181,0.301087,0.794375,0.184132,0.183445,0.0193629,0.382032,-0.649999,0.13674,-0.465985,0.446939,-0.18022,-0.142513,-0.707848,1.27283,-0.234409,0.298886,-0.208469,-0.29394,-1.13127,0.239686,0.331505,-0.340051,0.42879,0.777836,1
-1.40448,0.365145,-0.373496,-1.35645,0.772528,0.372542,0.444327,0.0908159,-0.00664383,0.524942,-0.111723,0.28675,0.0837019,0.516727,0.222657,-0.059796,-0.29217,0.41283,0.595293,-0.38338,-0.0246164,0.226136,-0.780346,0.998732,-0.0990578,-0.62196,-0.208009,-0.0998412,-0.225849,-0.178323,-0.1474,0.296997,0.548722,0.888041,1
-0.251411,-0.191887,0.835517,-0.906875,0.356958,-0.209745,0.896162,-0.233526,-0.131484,-0.44392,0.879928,0.0686188,-0.23046,-0.128725,0.822197,-0.375232,0.387044,-0.132845,-0.610421,-0.181547,0.343902,0.50297,0.840204,-0.358752,-0.0226662,-0.113446,-0.141153,0.156218,0.0783134,-0.830499,-0.963517,0.0420227,0.576269,0.932034,1
0.283841,0.214363,0.370978,0.397359,0.348564,7.95,0.361944,0.194056,0.137214,0.234062,0.115553,0.197576,0.292837,0.349696,0.353734,0.21566,0.363278,0.178386,0.153783,0.338549,0.256813,0.325932,0.1532,0.365474,0.3776,0.185968,0.310668,0.390793,0.339706,0.322461,0.312005,0.377716,0.52,0.82,1
-0.640739,-0.352975,0.0121211,0.327887,1.04204,0.878835,0.0168047,-0.0874522,0.948821,-0.354763,0.246874,-0.532793,0.0956697,-0.158956,0.249316,-0.294016,-0.455861,-0.938047,-0.217166,0.197237,-0.397542,0.490174,-0.435653,0.218987,-0.858028,0.0953849,0.0943229,-0.266728,0.153564,-0.286049,-0.189475,0.164809,0.475573,0.886507,1
0.282907,0.703489,-0.141455,-0.312386,0.452589,-0.139678,-1.24734,0.353012,-0.801289,-0.00824846,-0.0532014,0.144327,-0.599249,0.324396,0.137298,-0.487894,-0.607621,0.215342,-0.0610656,0.428012,-0.846833,-0.068743,0.199909,-0.390704,0.377421,-0.762292,0.105842,-0.0265382,-0.0538169,-0.651502,0.132453,0.63245,0.550094,0.764021,1
-1.19395,0.143599,0.394386,-0.0641437,0.320306,0.602326,0.499749,1.04682,-0.589982,0.197591,0.54946,-0.00764704,-0.123274,0.323271,0.0321097,-0.621482,0.26057,0.125282,-0.460564,0.181329,0.0822462,-0.373541,0.140862,0.667838,-0.853647,-0.290668,-0.57039,0.173367,0.0075192,-0.419187,-0.16281,0.315934,0.496475,0.784216,1
-1.02956,1.13647,-0.0991603,-0.200393,0.228132,0.0867026,0.18845,0.538854,0.908098,0.31179,-0.0844303,1.41554,0.943087,0.814671,0.164976,-0.0861567,-0.135644,0.625795,-0.499459,0.511575,-0.940562,0.596488,0.180073,-0.0740504,0.322188,0.0351418,1.06507,0.586191,0.0685605,0.376912,-0.195799,-0.303844,0.485907,0.808661,1
0.825659,0.418697,-0.0915558,0.130661,0.403333,0.136105,-0.332304,-0.00206784,0.247738,0.24762,0.167255,0.556147,-0.278587,-0.0444734,-0.661569,0.892334,-0.291645,-0.892572,0.291664,-1.40827,-0.227183,-0.120486,-0.150415,-0.674908,-0.353423,0.983763,0.0156496,0.0168094,0.693349,-0.0551242,-0.78839,0.326315,0.517318,0.845104,1
-0.111599,-0.257386,-0.643313,0.535016,-0.8528,0.38564,-0.347552,-0.0965082,0.246577,0.0980469,-0.106955,0.104686,0.230745,0.247681,-0.0347493,-0.297142,0.284575,0.29931,-0.0586178,0.574959,0.139733,-0.0950474,0.348966,-0.132449,0.111807,-0.605569,-0.200156,-0.18017,-0.581434,-0.749001,1.22458,0.48632,0.483917,0.835202,1
-0.465608,0.172663,0.609987,0.233948,0.394874,0.123294,-0.251919,-0.560885,0.537463,-0.553136,0.00887708,-0.0476053,0.314698,-0.572129,-0.87773,-0.650602,-0.00502569,0.336519,-0.169634,0.148371,0.835634,-0.737972,1.02577,-0.150901,1.21272,-0.706502,-0.225088,-0.404791,-0.134896,0.0616703,-0.234931,-0.339655,0.539772,0.810636,1
0.0979677,1.06554,0.688625,-0.521289,-0.205687,-0.141947,0.185657,0.096333,-0.3989,-0.0992533,-0.217171,0.444367,0.62436,0.0891825,-0.377,-0.197261,-0.715193,-1.46358,-0.487574,-0.140338,0.627964,-0.832324,-0.310072,-0.767912,0.274546,-0.842265,0.0898091,0.438737,0.107825,-0.173044,0.63486,-0.237209,0.503011,0.847297,1
-0.074744,-0.153769,-0.520399,0.0441198,-0.942192,0.584963,-0.070625,-0.419032,-0.473163,0.398662,0.419064,0.00140383,-0.119608,-0.0242274,0.608628,-0.34006,0.0698686,0.673644,0.354889,0.531084,-0.696901,-0.552048,0.341311,-0.140848,-0.445425,0.224597,0.602297,-0.141887,-0.698838,0.294197,-0.265303,0.539568,0.550878,0.882584,1
-0.746904,-0.625105,-0.593973,-0.128958,-0.981342,0.0380569,-0.732082,-0.34383,0.458697,0.0258377,-0.302757,0.101665,-0.397495,-0.271564,-0.117973,0.370029,-0.0660469,-0.40845,0.629374,0.395046,0.732425,-0.339942,0.366527,-0.239787,0.0952401,0.390455,-0.912774,0.769736,-0.0443906,0.433702,0.103113,0.0675057,0.571352,0.781737,1
-0.392833,0.674568,0.133211,-0.770083,-0.267363,-0.706316,0.472208,0.295869,-0.266444,0.394569,0.890126,0.490399,-0.46932,-0.792839,0.284013,-0.350941,-0.351834,0.390852,-0.446214,0.0689824,0.0141323,-0.276389,-0.258391,0.950024,1.0523,0.573482,0.395287,0.155168,0.0959201,-0.644911,-0.9712,-0.573753,0.474063,0.848456,1
-0.524515,-0.151376,-0.580234,0.522461,-0.203096,0.390625,-0.572668,0.180847,-0.793659,-0.974287,0.662018,0.261575,0.57707,0.950506,-0.0580845,-0.445718,0.295708,0.141597,-0.651151,0.206573,-0.280662,0.536697,-0.180678,-0.259073,-0.229392,0.363486,-0.317177,-0.55432,1.02127,0.790991,-0.415372,-0.607664,0.536371,0.93102,1
-0.634741,0.194451,0.538597,0.33774,-0.152657,-0.770942,-0.0975469,-0.173667,0.0568238,0.402743,-0.29747,-0.227213,0.616479,-0.842191,-0.00371837,0.362987,0.918153,-0.0307994,0.0582068,1.10129,0.14308,0.130431,-0.618048,0.205345,0.453215,0.2576,0.412256,-0.565255,-0.113424,-0.332739,0.417975,-0.206278,0.539659,0.808739,1
0.000747843,0.0218835,-0.704818,-0.456324,-0.90301,0.416396,-0.819904,-0.112997,-0.848994,-0.0792654,-0.188002,0.222968,0.147025,0.977779,0.499652,-0.599628,0.369602,-0.635812,-0.142918,-0.368231,-0.0350118,-0.482026,0.733482,-0.336773,-0.399414,-0.073426,0.779584,-0.121534,0.227811,0.584323,0.115504,-0.0462526,0.438225,0.841125,1
-0.315695,0.53003,0.180382,-0.287127,-0.0668938,-0.317024,0.233067,0.289965,1.06415,-0.501197,-0.248161,0.354513,-0.392258,0.259129,-0.145076,0.630566,0.338653,0.403166,0.728248,-0.439411,0.0898052,0.219727,0.836129,1.09933,-0.392687,-0.270032,0.335418,-0.184397,0.233187,-0.125297,-1.11029,-0.132853,0.494787,0.928202,1
0.0385231,-0.124233,-0.082295,0.269581,0.0260771,0.237689,-0.252974,0.27838,-1.20979,-0.248342,-0.0380702,-0.0279824,0.641304,-0.418122,0.69701,0.734318,-0.483429,-0.0465417,-1.01452,-0.203517,0.0305742,-0.106653,0.495396,0.581339,-0.487712,-0.235867,-0.674316,0.516296,1.0397,-0.111827,-0.0772236,-0.0288683,0.518683,0.925336,1
-0.179377,-0.314683,-0.0320782,0.656853,-0.581358,0.343315,0.122686,-0.401739,0.19869,-0.0297337,-0.470693,-0.437862,-0.850487,0.378674,-0.0982767,-0.0884472,-0.525201,0.609719,0.555589,0.0103824,-0.374764,0.122315,0.749613,0.0418097,0.0479837,0.317124,0.0282007,0.404416,-0.162765,0.173469,-0.147446,-0.073406,0.572215,0.814622,1
-0.420928,-0.438471,0.811042,-0.0811847,-0.340587,0.00817848,-0.418941,0.469079,0.420446,0.671085,0.9174,0.583099,0.318197,0.346326,-0.247463,0.278547,-0.246347,0.947601,0.622318,0.874786,0.713091,0.047801,-0.207301,0.664353,0.451376,-0.0418093,0.282195,-0.0395573,-0.489241,-0.440757,0.00779562,0.756721,0.558987,0.820009,1
0.308641,0.210734,0.624026,0.0579821,-0.33884,-0.660728,0.284975,-0.301835,0.352667,-0.103969,-0.411422,-0.00945083,-0.0197204,0.904118,0.88396,-0.276241,-0.150836,1.19565,-0.330334,-0.483248,-0.329239,-0.872333,0.126986,0.700366,0.0667771,0.298935,0.619293,-0.439643,-0.568205,-0.00169563,1.03321,0.520452,0.494498,0.898616,1
-0.336088,0.826425,-0.514528,0.184296,0.223546,0.112206,-0.584449,0.905119,0.0702289,0.0811193,0.0515307,0.305901,0.0598971,0.344547,-0.568849,-1.02596,0.802509,0.410102,0.0216219,-0.454072,0.156726,-0.0415334,0.579681,-0.700024,-0.452151,-0.215033,-0.453262,-0.342233,-0.348391,0.0190468,-0.4112,-0.736841,0.428731,0.871514,1
-0.498788,-0.71054,1.307,-0.45053,0.225407,0.815205,1.43473,0.252195,-0.392609,0.0814598,-0.369242,0.0743818,0.0294317,-1.26801,-0.509528,-0.983525,-0.327386,-0.437944,0.210615,-0.282409,-0.712099,-0.665383,0.743603,-0.862474,-0.73359,0.396575,-0.406533,0.161536,-1.02726,-0.991144,0.609394,-0.466251,0.506465,0.856393,1
-0.156613,0.000469759,-0.859264,0.297455,0.0760823,-0.340847,0.162521,0.726562,0.943296,-0.0514475,0.172332,-0.453416,-0.708309,0.00315996,-0.109009,-0.757898,-0.576239,-0.119274,0.440282,0.644718,0.29386,-0.61961,-0.0519551,0.546293,-0.221433,-0.588671,-0.0360135,0.72717,0.0810148,0.250605,0.666579,-0.461261,0.535126,0.926636,1
-0.263014,-0.368719,-0.0267533,0.579158,-0.334542,-1.03043,0.823424,-0.238881,0.407292,0.919482,1.05759,0.190747,0.582979,-0.622516,-0.735828,1.00591,0.00565222,0.218636,-0.291434,-0.215324,0.217367,-1.23872,0.124229,-0.562416,-0.64629,0.101157,-0.239277,0.707964,-0.527627,0.385931,-0.26231,1.25388,0.56127,0.895946,1
0.0121313,1.18247,0.0757161,0.171346,-0.262918,-0.231436,-0.0357478,-0.229872,0.559074,-0.342129,-1.01431,-0.00901649,-0.5477,0.337263,-0.445237,0.635135,-0.192489,-0.555894,0.401303,-0.685063,0.415021,-0.129598,-0.749639,1.02199,-0.722583,0.317639,-0.869761,0.0948164,0.134059,0.0213388,-0.0957328,-0.810857,0.46481,0.903647,1
-0.233588,0.49676,0.180606,-0.161183,0.539524,-0.370642,-0.539499,-0.286454,-0.206247,0.579847,0.0133927,-0.103247,-0.699882,0.584134,0.418873,1.17374,0.339808,0.223389,0.1777,-0.468635,0.000609712,-0.43684,0.232353,0.316507,0.253358,0.0568128,-0.022048,-0.199554,0.000479587,-0.551569,-0.253391,0.485328,0.512855,0.887786,1
-0.221692,-0.280848,-0.712052,-0.840853,0.816884,0.426177,0.593015,0.125332,-0.564579,0.712815,0.81472,-0.351976,-0.0620796,0.807143,-0.107694,0.448537,0.129037,0.267264,-0.568484,0.413199,-0.192771,-0.291956,-0.545871,-0.0709965,-0.199277,-0.546077,0.761685,0.343662,-1.24445,-0.212582,0.0943686,0.322339,0.480983,0.939547,1
-0.44618,0.550867,-1.63376,0.709293,-0.482157,0.0413375,0.700155,0.136525,-0.401873,-0.0278268,-0.100484,-0.336443,0.332654,-0.190636,0.40708,0.274914,0.810323,-0.319764,0.128503,-0.315381,-0.451449,0.427412,0.291849,0.380503,-0.760155,0.180535,0.163016,-1.03964,-0.202757,0.0497408,0.185016,0.248778,0.426464,0.887716,1
0.65233,0.448742,-0.0109769,0.0291495,0.185094,-0.552455,-0.481173,-0.923202,-0.259068,0.162341,-1.26323,0.475611,0.10895,-0.475919,0.189429,-0.553904,0.579191,0.304845,0.445889,-0.293295,0.248738,-1.17075,-1.0501,1.14947,-0.69676,-0.554455,-0.6658,0.287376,-0.00580737,-0.564404,0.501377,0.0638956,0.428068,0.906244,1
0.14726,-0.0452548,0.023438,-0.377628,-0.09676,-0.83798,-0.484322,-0.0256774,0.188046,0.329957,-0.127561,-0.59381,0.168685,-0.133433,0.298229,-0.231861,-0.0361491,-0.446593,0.854315,-0.152396,0.257791,-0.219609,0.825466,0.581304,-0.167799,-0.0816303,0.127699,0.512131,0.205884,-0.707772,1.14402,-0.232456,0.564981,0.929042,1
0.202656,-0.0143578,-0.136112,-0.583307,0.318574,-0.232691,-0.13172,-0.313508,-0.248297,0.111446,-0.321759,-0.805607,-0.061763,0.706638,-0.0882497,-1.03338,-0.590363,0.506664,-0.20791,-0.132201,0.143777,0.182816,-0.364006,0.310818,-0.880473,-0.506935,-0.687201,0.136774,0.167534,0.17786,-1.08653,-0.250435,0.542837,0.855747,1
-0.598419,-0.312536,-1.0326,0.411459,0.657019,0.076405,0.632442,0.12763,0.213053,0.704797,-0.0832352,-0.0276043,-0.240648,-0.71488,1.22543,-0.219282,-0.0683943,-0.37098,0.424254,-0.226133,-0.0996756,-0.280132,0.315737,0.857454,0.0462983,0.0657113,-1.01108,0.491094,0.281626,0.172592,-0.48327,0.083508,0.533612,0.877092,1
0.776748,-0.346313,0.0184538,-0.695825,-1.21074,-0.329346,-0.208227,-0.700608,0.114177,1.42906,-0.0667225,-0.180208,-0.171546,0.0885147,-0.0828991,0.198669,-0.387973,0.253965,-0.985275,-0.0343874,0.239815,0.253039,-0.176376,0.194384,0.401637,0.0430362,0.17925,-0.215806,-0.158471,-0.0402055,-0.974582,0.038901,0.426714,0.804094,1
0.153364,0.535253,0.122847,-0.674633,-0.822314,-0.293902,0.120974,0.19614,0.132514,-0.575195,-0.0988605,0.153088,-0.858914,0.691083,0.449064,-0.730626,0.285906,0.734356,-0.130058,0.221678,0.7249,0.986014,0.664184,0.0466409,-0.237019,0.516804,0.544976,-0.733591,0.0708222,-0.870461,0.132445,-0.659181,0.551959,0.841101,1
0.469832,-1.17911,-0.385222,0.636971,-0.340706,0.145156,-0.512066,0.0848813,1.21898,-0.755661,0.424493,-0.399405,-0.210006,-0.013854,-0.258851,-1.48376,-0.336617,-0.015511,0.145872,-0.0764502,0.196134,-0.647941,-0.052395,0.815395,1.7043,0.974806,0.124809,-0.573633,0.602018,-0.241843,0.648959,-0.590553,0.42301,0.809024,1
0.802161,0.00913655,-0.0159054,-0.176776,-0.660126,0.712287,-0.848076,0.494121,-0.192169,-0.254462,-0.214477,0.303479,0.480753,-0.683002,-0.153273,0.428088,0.314247,-0.0393151,-0.763797,-0.265528,-0.837501,-0.286968,0.79364,-0.408119,-0.293539,0.469562,0.536012,-0.884067,0.460151,-0.819662,0.524994,0.528153,0.546161,0.928872,1
-0.245438,0.038221,-0.018632,-0.519533,-0.468124,-0.695326,-0.228138,-0.315565,-0.224731,0.183889,-0.665216,-0.610719,0.504235,-0.330119,0.0585712,-0.177073,-0.545323,-0.0413294,0.244298,-0.0670758,0.0576168,0.136477,0.151502,-0.749377,0.297625,0.60262,0.335949,0.621312,-0.967927,-0.0840505,-0.568696,0.661769,0.460717,0.882644,1
-0.258605,0.750383,0.242168,-0.827802,0.405559,0.123608,-0.276936,-0.70056,-0.0377797,-0.806029,0.573543,-0.415678,-0.455169,0.165031,-0.201741,-0.0743975,0.142536,0.284149,-0.251917,0.118999,-0.0540874,0.229931,0.0412895,-0.113634,-0.455634,-0.760012,0.116267,0.724616,-0.042134,-0.292057,-0.148625,-0.571653,0.456839,0.918915,1
1.12653,-0.480981,0.138217,-0.492609,-0.883751,0.626931,0.249385,0.306142,0.142578,0.476602,-0.755942,-0.0440555,-0.215389,-0.0528118,-0.455375,0.0382399,0.321646,0.0934799,0.383148,-0.183181,0.723321,-0.439144,-0.590706,-0.388938,-0.472805,0.714256,-0.139789,-0.00612486,-0.277624,0.128192,-0.525598,0.151161,0.423592,0.882057,1
0.0733685,0.612952,0.939267,0.767669,-0.0991767,0.391866,-0.82082,0.250816,-0.0183464,-0.288198,0.231828,-0.121771,-0.544808,-0.447961,0.252599,-0.418695,0.607733,-0.140708,0.330553,0.241971,0.51366,-0.235712,0.780499,0.0221944,0.855256,-0.0351244,-0.228482,0.492209,0.435739,-0.24044,0.548172,0.915925,0.494288,0.844434,1
0.236014,0.340605,0.324372,0.293769,0.126252,7.95,0.312916,0.249616,0.282665,0.116707,0.329989,0.279666,0.304945,0.101281,0.188487,0.306375,0.214318,0.362399,0.29375,0.117432,0.264417,0.351394,0.357155,0.2755,0.190269,0.245369,0.225417,0.31275,0.240539,0.39544,0.28324,0.36439,0.52,0.82,1
-1.17471,-0.166862,0.527331,-0.54097,0.057764,0.27718,0.1918,-0.764003,-0.0231836,0.355533,0.133786,-0.909276,-0.356717,0.66109,0.289998,-0.0284611,-0.0616082,0.472196,0.3178,0.291103,-0.354206,0.856547,0.129164,0.153665,0.0969586,-0.357545,-0.0420816,0.725688,-0.407117,0.315712,-0.280776,-0.00460486,0.519858,0.875408,1
0.377283,0.488102,-0.103304,-0.0401919,0.262932,0.0128499,-0.367923,0.0042118,0.412673,-0.529505,0.195622,0.494519,0.696355,0.3572,0.704105,1.19342,0.283078,0.171837,0.096515,-0.061208,-0.639813,-0.14879,-0.65785,0.867715,-0.193782,0.500176,-0.780311,-0.0331026,0.524588,0.622602,-0.701168,0.340357,0.558731,0.891364,1
0.587916,-0.201803,-0.537017,0.0889289,0.25181,0.111609,0.00488506,0.421367,-0.580611,-0.761762,0.293386,0.654291,-0.309201,0.373542,0.0325643,-0.825451,-0.779659,0.276622,0.128457,0.425852,0.527815,0.198558,-0.0263371,0.167971,0.0763581,-1.02509,0.445571,0.0475413,0.295618,-0.906883,-0.34804,-0.468325,0.56704,0.947474,1
-0.858636,0.883794,-0.110751,0.546825,-0.151425,-0.0244738,-0.000110177,-0.182939,-0.066745,-0.158608,0.157913,-0.371637,0.767494,-0.198104,-0.172136,0.190962,-0.163889,0.215457,-1.44992,-0.0667774,-0.143644,-0.57519,0.482222,-0.229719,-0.031832,-1.03669,-0.218908,-0.132385,0.330084,-0.527249,-0.0479893,0.685629,0.465522,0.77682,1
0.0356996,0.434916,0.184364,0.412451,0.668744,-0.439273,0.180919,-0.572141,0.116411,-0.974823,-0.526749,-0.155357,-0.376905,-0.0555808,0.0774692,-0.04698,-0.40102,0.687572,-0.967999,0.137361,0.852629,-0.395168,-0.210825,-1.42891,0.0756351,0.363792,0.207014,0.0477277,-0.890894,-0.32366,-0.0296643,-0.369194,0.458557,0.896855,1
-0.776568,-0.256682,-0.108328,0.580918,-0.16572,0.533452,0.0132093,-0.504535,-0.468953,0.292317,0.222655,-0.0602716,0.43479,0.147293,0.231326,-0.5519,0.324655,0.860194,0.439393,-0.771385,-0.500753,-0.212894,-0.0045981,1.19477,0.0805378,-0.445715,0.083835,0.828197,0.510556,-0.195926,-0.163101,0.469341,0.528136,0.915148,1
0.0921398,0.414796,0.173609,-0.148548,-0.0295316,-0.139587,0.445307,-0.147911,0.223243,-0.299929,-0.165515,-0.216345,-0.360864,-0.145324,0.142676,-0.2621,0.4069,0.0478434,0.0812537,-0.233423,-0.843803,0.227538,1.28624,-0.277768,0.21481,1.47309,-0.0886168,-0.353678,0.268273,-0.493754,-0.710606,-0.271766,0.515329,0.839081,1
-0.2811,0.304724,0.0236309,0.238648,-0.642644,0.370282,-0.425738,0.286204,-0.726754,-0.608295,-0.435065,-0.141802,0.274677,-0.272767,0.237113,0.780141,-0.808274,0.0356264,0.0676139,0.742011,0.536061,-0.722099,0.486915,0.504911,0.146033,0.471403,-0.207236,0.302311,-0.0207965,-0.0399357,-0.351601,0.834271,0.492365,0.842624,1
-0.0680481,1.069,0.184302,0.792556,-0.366072,0.290339,-0.655524,0.127645,0.398412,0.384364,-0.0928237,-0.761879,0.412551,0.290763,-0.1973,0.371957,0.54618,-0.0148883,-0.0814796,0.673155,1.22922,-0.27793,1.05132,0.458194,0.638403,-0.63137,-0.0639933,0.221911,0.40888,-0.188211,-0.0124839,0.854142,0.493147,0.825532,1
-0.270391,-0.796034,0.092641,0.500185,-0.374949,0.251543,0.0265782,-0.249558,-0.704695,0.242536,0.464848,0.449519,-0.279225,0.0975478,0.0359864,0.478436,1.13133,0.583502,-0.278664,0.527878,-0.246312,-1.13333,-0.331381,-0.229343,0.611791,0.597766,-0.581858,-0.053103,-0.202884,0.33216,-0.366028,0.17663,0.481564,0.877899,1
0.202879,0.22832,-0.761854,0.60468,-0.391924,0.414622,-0.260972,0.0148234,-1.15752,-0.581021,-0.151766,0.461043,-0.617866,0.057063,-0.280722,-0.179579,0.27383,0.361987,0.431626,-0.795593,0.100202,-0.0760152,-0.128181,-0.122723,0.438226,-0.119961,0.391688,0.455254,-0.0481654,-0.470275,0.0556993,-0.534102,0.467956,0.914323,1
0.0390116,0.158755,-0.0487361,0.0933828,-0.00205112,0.762929,-1.26416,0.778375,-0.0504705,-0.8897,0.307534,0.15215,0.401291,-0.16657,0.0401322,-0.0640656,0.327454,0.250542,0.432507,0.57683,-0.0905829,-1.13964,0.500096,0.0910692,0.242663,1.01521,0.263178,0.160304,0.202233,-0.720356,0.0892603,0.185868,0.555281,0.772185,1
0.0138872,0.585279,-0.351462,-0.0355634,-0.198565,0.354732,0.517853,-0.123954,0.335832,-0.299285,-0.295677,0.28919,-0.760382,-0.850195,-0.056875,-0.385974,-0.94503,1.03244,-0.846579,-0.652892,-1.07417,0.398448,-0.0405786,-0.205004,-0.0517805,-0.28438,-0.505349,0.444659,0.512378,-0.415241,0.162777,-0.995206,0.574538,0.77334,1
0.161189,-0.206321,0.444164,-0.108194,0.316011,0.354727,0.197081,-0.437868,0.0473508,-0.792545,0.178198,0.184527,-0.0225185,-0.343425,-0.14438,-0.287896,-0.828187,0.199455,-0.424657,-0.481925,-0.0574253,1.10312,0.760522,-0.375,-0.180029,-0.791474,0.293641,0.965875,-0.794261,0.601376,0.767412,-0.0294268,0.464287,0.868751,1
0.343793,0.418573,-0.250909,0.333898,0.139581,-0.164932,0.0853835,-0.455458,0.304102,0.246576,0.236568,0.453484,-0.841384,-0.824716,1.08558,-0.196147,-0.138643,0.357462,0.135719,-0.300188,-0.259346,-0.675619,-0.592964,-0.0799561,0.690666,0.0917465,-0.447906,0.495874,-0.00952226,-0.200524,0.0438529,-0.00930574,0.524858,0.858183,1
0.349987,0.908628,0.211379,-0.953525,0.119324,-0.855191,-0.180678,0.315213,-0.113988,-0.682161,-0.533218,-0.870614,0.281866,-0.327045,-0.812051,0.03804,0.375252,0.881243,-0.544039,0.696745,0.425231,-1.11863,-0.024645,0.0409799,0.09295,-1.35457,-0.558046,0.413492,1.01703,0.274701,0.44696,-1.25366,0.487665,0.912989,1
0.373358,0.0882786,-0.960271,-0.321244,-0.198747,0.220748,1.33397,0.3362,-0.427537,0.058219,0.0426761,-0.452276,0.261855,0.361033,-0.364051,-0.244983,-0.179283,-0.310897,-0.0427446,1.13388,0.217883,0.315019,0.178707,-0.0501139,-0.421055,-0.184097,0.167375,0.148572,-0.369414,-0.294642,-0.27834,0.0132848,0.501641,0.76211,1
-0.189909,-1.26296,0.598556,-0.0477398,-0.0961028,-0.628204,-0.015489,-0.337517,-0.423968,-0.0868216,-0.526347,-0.506086,0.419012,-0.466468,0.1926,-1.06002,0.811432,0.000905529,-0.936004,0.349238,-0.706694,0.704563,0.057639,-0.144975,-0.703862,-0.194425,0.209805,-0.763895,0.0518864,0.584526,-0.123384,0.424791,0.44643,0.823723,1
0.0157029,0.349955,-0.133407,0.381806,0.134547,0.0272768,0.700925,0.488905,-0.596123,0.418874,-1.00905,-0.292547,-0.632722,-0.640438,-0.542919,-0.0554691,0.315562,-0.332861,-0.352605,0.90777,-0.245873,-0.0690971,0.658097,0.165912,0.108819,-0.191154,0.361245,0.410746,-0.496373,0.959284,-0.501522,-0.0618533,0.441026,0.829261,1
-0.0866001,-0.790377,1.31846,-0.267566,0.116231,0.258768,-0.244736,0.314869,0.523884,-0.586356,0.172646,-0.375085,-0.736517,0.214584,-0.189269,-0.264142,-0.356409,0.0484491,0.00152851,-0.452198,0.356913,-0.351756,-0.155749,-0.152514,0.234748,-0.325057,0.290275,-0.854491,-0.142597,-0.82131,0.075148,0.3635,0.51855,0.796428,1
0.403656,0.201946,0.123335,-1.03126,-0.149223,0.468564,0.723489,0.344178,0.0443578,0.503757,-1.06311,0.591694,0.420858,0.28592,0.83539,-0.102739,0.88912,0.28939,0.224683,0.366179,0.448577,0.309615,0.408178,-0.125269,-0.00550108,-1.03971,0.311359,0.423688,0.0581865,-0.407478,0.159371,-0.00293875,0.462196,0.895899,1
0.47564,0.578118,0.294128,0.575403,0.24884,-0.346007,-0.264774,-0.769369,-0.226222,-0.167671,0.109416,0.609792,-0.795073,0.338372,-0.0607965,-0.483203,0.412592,-0.36669,-0.510218,-0.299062,-0.945038,0.380494,-0.0162884,0.762024,-0.251361,0.659225,-0.373974,0.439008,0.00837432,-0.0522259,-0.401163,-0.958225,0.459465,0.808824,1
-1.03373,0.018297,0.188384,1.44474,-0.2067,0.231297,-0.0647115,0.0931967,-0.293304,0.246451,0.651798,-0.425618,0.173794,-0.469022,-0.966039,-0.435778,0.657444,-0.334674,-0.506798,0.228927,-0.44939,-0.243585,0.435883,-0.597168,0.408608,-0.522334,0.0717752,0.774025,-0.489026,-0.909003,0.342873,-0.109279,0.563746,0.909971,1
-0.335491,-0.121067,-0.0689282,0.688987,-0.791563,0.28435,0.75536,-0.438327,0.262418,-0.0347104,-0.0373753,0.414517,-0.381631,1.07684,-1.10358,-0.134084,-0.935833,0.133208,-0.553191,-0.156806,-0.395723,-0.512507,-0.260911,0.416762,-0.691315,0.318717,-0.378174,-0.106291,-0.71287,0.0969583,-0.668555,0.141857,0.43104,0.767002,1
-0.214091,0.371612,0.425818,0.0823941,0.169451,-0.13902,0.068613,1.11869,-0.0472574,0.337181,-0.583591,0.143764,0.329173,-0.763673,-0.568827,0.930902,-0.5201,-0.772431,0.3148,-0.249962,-0.236991,-0.115113,-1.515,0.250232,-0.165282,0.0770892,0.213174,-0.270482,0.179694,-0.541677,0.0186148,-0.473037,0.466707,0.773118,1
-0.501375,0.128657,0.583315,0.359455,-0.175642,0.528398,0.26626,-0.136907,0.246154,-0.721907,-0.421674,0.196156,-0.242506,-0.709061,0.700571,-0.163948,-0.719147,0.102064,0.0708423,-0.0963345,-0.368085,0.0550239,-0.0441005,0.867521,0.000592423,-0.483091,0.350971,0.0546012,0.461914,0.231416,-0.328857,0.118229,0.510963,0.760298,1
0.0556503,0.36525,-0.322665,-1.5102,-0.310471,0.227906,-0.20671,0.225289,0.257774,-0.258382,-1.21496,0.215824,0.242316,0.208394,0.0798043,-0.479785,0.0140203,-0.748148,0.167363,0.524124,-0.13362,0.0572525,0.343854,-0.245461,0.744587,0.7215,0.32275,-0.274495,0.920589,-0.247737,-0.372044,-0.474964,0.579073,0.891608,1
0.225273,0.15214,-0.439169,-0.499897,-0.398842,0.269513,0.258463,-0.356355,-0.434764,0.383996,0.540578,0.759509,-0.0103505,0.271222,-0.904186,0.0469704,0.118766,-0.295405,0.553681,0.727341,0.0987463,0.577822,0.0971066,-0.0417534,0.208413,-0.02326,-0.02874,-0.970891,-0.318973,0.243822,0.105121,0.40093,0.432411,0.840244,1
-0.744104,1.02135,-0.096535,0.219696,-0.242317,0.785753,0.00992687,0.130861,-0.0302181,-0.426412,0.634827,-0.662029,-0.420446,0.459028,0.0259196,-0.421903,0.190495,0.488332,-0.0737178,-0.274817,0.373563,0.16088,-0.00301522,-0.428134,-0.219665,-0.323683,-0.362559,-0.449816,-0.49689,-0.929248,-0.586975,-0.32836,0.512044,0.848884,1
0.0860064,-0.434975,-0.366454,-0.496898,0.0772854,-0.0945674,0.182772,-0.0193357,0.31052,0.213715,-0.219529,0.1463,-0.492444,-0.0969767,0.745493,-0.473415,0.663515,0.532477,0.706879,0.513978,-0.981896,0.36458,-0.187309,0.811273,0.41619,-0.432781,-0.243361,-0.113889,0.489855,0.365157,0.414622,-0.583983,0.548779,0.826298,1
0.563414,0.318046,0.568425,-0.788937,0.4671,0.393459,-0.175129,-0.378752,0.160977,0.0266767,-0.763567,-0.250343,1.11564,0.861428,-0.159523,-0.0724558,0.747372,0.0914132,0.280124,-0.00905346,0.00944037,0.0244251,0.264798,-0.267731,0.640007,0.685722,0.341954,0.715643,-0.0787538,0.219467,0.211606,-0.375455,0.424013,0.765456,1
-0.00112422,-0.24473,0.201549,-0.112821,0.341678,0.346986,-0.30545,-0.073598,-0.211403,0.29256,-0.435185,0.551241,0.0156206,0.16945,-0.510158,0.846699,0.756255,0.0969564,-0.420755,-0.521884,0.185132,0.449026,0.0599439,0.0490746,-0.0894597,-1.19046,0.18076,0.0435803,-0.464474,-0.331828,0.0526708,0.246461,0.521662,0.816823,1
0.973662,-0.291298,0.181624,-0.12052,-0.573326,-0.810858,0.309081,0.333261,-0.283708,0.0811342,-0.20459,0.36315,-0.0301548,-0.122007,0.214698,0.00391803,0.671676,-0.0242961,0.738487,0.445867,0.418716,-0.69311,-0.839451,0.670411,0.200782,0.780586,0.607863,-0.763692,-0.188035,-0.704606,0.0535649,-0.602824,0.533096,0.765236,1
-0.319605,0.0233177,-0.209628,-0.499611,-0.16243,-0.274041,-0.142134,0.453954,-0.266456,-0.011037,-0.97735,-0.867743,-0.630448,0.105101,-0.082418,0.44401,0.661211,0.238907,-0.165302,-0.231466,-0.52339,0.885251,1.09682,-0.552531,-0.956289,-0.320626,-1.09422,-0.507352,0.289963,0.563106,0.242805,0.0960637,0.433049,0.881686,1
-0.785171,0.03983,0.47074,1.13066,-0.0105897,0.130787,-0.097212,-0.395573,0.998101,-0.332354,-0.149744,0.527206,-1.23627,-0.487179,-1.1556,0.465812,0.164789,0.343862,0.347591,0.3403,0.0603982,0.343921,-0.974304,0.296164,0.256368,-0.808502,0.711171,-1.18584,0.385738,-0.105889,0.472837,0.595922,0.531379,0.898178,1
0.141571,-0.258417,-0.221904,0.219518,0.0051138,-1.11132,0.240771,0.333154,0.121825,0.00400654,0.258541,1.02762,-0.067302,-0.237016,-0.364544,0.221417,0.437891,-0.558182,-0.431893,0.809547,0.128258,0.00554117,-0.0816028,-0.0339768,0.749355,-0.374968,0.71156,0.16836,0.349578,0.749382,-0.516002,-0.0210069,0.517036,0.88535,1
0.475062,0.00518105,0.24485,-0.712013,0.43856,0.0694504,0.400595,0.348839,0.461456,-0.236185,-0.163793,0.396319,-0.0877231,0.187595,-0.440124,0.522262,-0.0373526,-0.559233,0.737905,-0.469038,0.604682,0.531747,0.466938,0.407753,0.027031,-0.767554,-0.867503,-0.351492,0.31807,-0.159258,-0.473273,-0.49859,0.459172,0.882529,1
-0.187323,-0.918141,-0.27987,-0.124287,0.667946,-0.253379,-0.32263,0.784082,0.0278594,-0.247754,-0.339338,0.0827119,0.537405,0.711999,-0.168981,-0.0191109,1.34178,-0.433877,0.961833,-0.904189,-0.524753,-0.205853,0.46786,0.291769,-0.0116929,-0.403588,-0.820415,-1.02095,-0.589197,0.156301,-0.144781,-0.320405,0.466433,0.828827,1
-0.660269,0.0536081,-0.208799,-0.627081,1.31853,0.247832,-0.436252,-0.33821,0.622764,0.966786,0.417124,-0.286041,-0.661305,0.909369,0.940258,0.159033,0.223053,0.274057,-0.338373,0.203583,0.44031,0.704626,-0.786463,-0.205396,0.167085,0.32124,0.199746,-1.00084,0.336945,-0.0978696,1.21885,0.594711,0.513819,0.848858,1
-0.127511,-0.0716405,0.312268,-0.253115,-0.270811,-0.49352,0.179856,0.220388,1.05565,-0.136832,0.646529,-0.0692576,0.0833388,-0.311742,0.0950545,0.102225,1.15015,0.559829,-0.275145,0.134243,0.415135,0.313537,-0.597822,-0.21499,-0.338194,-0.0841875,-0.454106,0.180147,0.470113,0.749228,-0.798072,0.207746,0.438968,0.822597,1
0.0308518,-0.20082,-0.129632,-0.41286,0.0260166,-0.185115,-0.0225476,0.737977,0.186212,-0.484524,-0.0247342,0.0528488,0.174823,-0.0858439,-0.354722,0.637359,0.288325,0.475722,-0.523717,-0.956553,0.611777,0.418517,0.36995,0.270911,0.72637,0.118144,0.812905,-0.322244,-0.393465,0.515287,0.139866,0.309104,0.47758,0.825913,1
-0.443935,0.918252,-0.111068,0.906006,0.265587,0.844968,0.773794,0.337447,-0.620379,0.0703693,-0.380049,-0.347131,0.190024,0.528955,-0.313122,-0.017075,0.70928,-0.762834,-0.851455,0.703487,-0.150716,-0.597831,-0.856269,-0.198189,-0.0976462,0.458349,-0.0990356,0.361768,0.133297,-0.171611,0.138208,0.193048,0.542973,0.796072,1
-0.368907,-0.762535,0.268979,0.144702,-0.0115268,0.1106,-0.119315,0.02063,-0.544347,0.0709263,0.849936,-0.25209,-0.435073,-0.53239,-0.523188,0.469374,-0.235743,-1.22865,0.110553,0.762578,0.173035,-0.765575,-0.656479,0.0463785,0.618268,0.740012,-0.0497556,0.576142,0.566931,-0.500664,-0.308921,0.520535,0.578247,0.814694,1
-0.407759,0.104446,0.202518,-0.0782722,1.15898,0.0711354,0.432422,-0.915175,-0.0463401,1.13649,0.179688,0.0567266,-0.259522,-1.0678,-0.264232,0.459529,-0.962687,0.438833,-0.00216328,-0.538232,0.628867,-0.365044,-0.682953,0.117009,-0.623234,0.121064,0.110437,-0.233822,0.419192,0.477665,0.0251541,-0.12373,0.544948,0.872174,1
0.378048,-1.11676,0.556398,0.928825,-0.397216,0.447753,0.020612,-0.914862,-0.58842,-0.246078,-0.501285,0.516019,-0.0310511,0.424208,0.446028,-0.537884,0.917448,-1.03841,0.5383,-0.295437,-0.293873,-0.0159987,1.12058,0.21517,-0.47312,0.360255,0.462996,-0.296474,0.782971,0.612969,-0.0656747,0.829537,0.437565,0.84726,1
-0.133118,-0.457483,-0.454191,-0.710202,-0.92702,-0.679874,-0.472179,-0.581117,-0.270262,-0.274351,0.51653,-0.0980436,-0.476885,1.13931,0.291552,0.591654,-0.195296,0.144353,0.986707,0.254459,-0.575018,0.372797,-0.550592,0.682496,0.551266,-0.307548,0.124805,-0.503305,-0.613639,0.127671,-0.402308,-0.512717,0.501351,0.946358,1
1.05324,0.237768,0.276915,0.133142,0.296332,0.0490511,-0.230305,0.2322,0.151453,-0.357074,0.0181701,0.0504512,-0.237116,-0.296983,-0.388391,-0.0755559,-0.182483,0.0936329,-0.23178,-0.338821,0.928393,0.737536,0.260606,0.616067,-0.882686,0.021718,0.565289,-0.139755,-0.125941,0.0815726,1.46257,-0.13822,0.500041,0.795726,1
0.95,0.88,0.287632,0.143951,-0.390745,0.132945,0.0254527,-0.159524,-0.15041,-0.0824519,-0.485768,0.387172,0.488829,0.424976,0.114269,-0.0529886,0.447012,-0.465066,0.322436,0.0640027,0.41191,-0.223806,0.161779,-0.252069,0.193314,0.197288,0.356341,-0.153254,0.0437884,-0.0417673,0.463028,0.0150402,0.48,0.2,0
0.487482,-0.715233,-0.387726,-0.0283211,-0.381601,-0.560278,-0.00469268,1.1247,-0.864834,-0.515362,-0.204701,-0.409969,0.538194,0.357747,0.232762,0.613941,-0.55474,-0.727378,0.0097518,-0.228122,-0.0943601,0.770116,-0.594364,-0.158904,0.0378255,0.462285,-0.284198,-0.126998,0.0594661,-0.566551,0.213792,-0.612316,0.519541,0.767209,1
0.418348,-0.327532,-0.657724,0.167684,0.128063,0.414679,0.063909,-0.657416,0.248928,-0.572355,-0.370159,-0.272049,0.383693,-0.1106,0.00618494,-0.149894,0.74122,0.252808,0.189295,0.253769,-0.257657,0.203686,0.187278,1.02209,1.01362,-0.0571991,0.237829,0.326805,-0.206566,0.176656,0.108785,-0.0786962,0.432012,0.784957,1
-0.801277,0.16468,-0.329473,-0.555305,0.691847,-0.0298491,0.143808,-0.415174,0.378594,-0.554056,0.405573,-0.559994,0.294378,0.0891166,0.0449863,0.147381,0.888103,0.8975,1.13635,-0.355589,0.148301,-0.268255,0.438885,0.00903155,0.410548,0.595539,0.293433,0.133173,-0.0416465,0.382446,0.0806566,0.93869,0.437109,0.793193,1
-0.179885,-0.288472,0.58433,0.166887,0.0548972,-0.198912,-0.161833,-0.585751,-0.0889375,-0.223376,0.228704,-0.559041,0.180352,-0.0776045,-0.213895,-0.126348,-0.633611,-0.0709839,0.383574,1.08448,-0.0481756,-0.0657728,-0.364568,0.0546561,0.0307773,0.0635364,0.372378,-0.264271,-0.495398,-0.141914,0.337272,0.0221638,0.506463,0.812164,1
0.26064,0.598823,-0.563983,-0.701993,-0.263045,0.0216969,0.202717,-0.715648,-0.408649,0.0105393,-1.71683,0.166735,0.192873,0.559604,-0.223655,0.499585,0.530704,-0.738873,0.640904,-0.29805,-0.37061,-0.100485,-0.338092,-0.62451,-0.177659,0.284496,0.777259,-0.287507,-0.906467,0.753402,0.325057,0.665026,0.574577,0.786194,1
-0.367166,-0.260232,0.241491,-0.587085,-0.17872,0.0074824,-0.479126,-0.00894751,-0.731835,0.30662,0.249521,0.802055,-0.268445,-0.137413,0.0572241,0.327854,0.239895,0.262664,0.306865,-0.190052,0.360513,-0.819296,-0.497831,0.28175,-0.283599,-0.51773,-1.11181,-0.291657,-0.301434,-0.227105,-1.10051,-1.25696,0.493073,0.76367,1
0.372506,0.360797,-0.381565,0.364312,0.261917,-0.574208,-0.706365,-0.529257,-0.000743904,-0.974966,-0.00157692,0.0618757,-0.328822,-0.523267,-0.0797381,0.105237,0.221176,0.514666,0.305483,-0.239939,-0.573709,0.471472,0.0385572,-0.0783573,0.00294301,0.0448265,-0.864001,-0.997073,-0.484846,1.35267,-0.3309,0.837956,0.468421,0.774804,1
0.291777,-0.240551,-0.320298,0.0236067,-0.183944,0.787448,1.12896,0.736818,-0.704897,0.213849,0.225967,1.19486,0.0923398,-0.226193,0.130408,0.372688,0.366856,0.616013,0.183845,-0.119714,-0.674438,0.350833,0.364431,-0.238674,0.462208,0.197263,0.36938,-0.0841864,-0.53542,-0.20151,0.0513856,0.940845,0.475423,0.840513,1
0.27305,0.3023,0.327027,0.515222,0.219389,-0.217564,0.294979,-0.925015,0.339915,0.388863,0.10083,0.174928,-0.380179,0.361319,0.84468,-0.760892,0.135122,-0.616184,-1.1004,-0.0158371,-0.20964,0.370677,0.177523,-0.0559549,-0.108715,0.0905696,0.46377,-0.0577445,0.12357,0.39491,-1.10937,0.02761,0.469351,0.865696,1
-0.204164,0.171278,-0.408163,0.2113,0.302841,0.460857,-0.596765,-0.865955,0.496036,-0.00104606,0.28161,0.0105353,0.494867,0.317664,-0.286212,-0.784307,-0.444701,0.667693,0.168347,0.413506,0.323536,0.945997,-0.204147,0.0676643,0.411207,0.162075,0.386769,-0.118393,-0.0730038,-0.043645,-0.405003,-0.692834,0.507248,0.798418,1
1.12502,0.39398,-0.227161,-1.17659,0.400967,0.341209,-0.513967,0.253441,0.636541,0.138327,0.0743726,0.278699,-0.496342,0.290041,0.686097,-0.717444,-0.272564,0.56502,-0.0505537,-0.601305,0.0807552,0.196156,-1.14722,0.224909,0.147981,0.0145315,0.350892,0.625594,0.749324,-0.0487528,-0.119282,-0.23354,0.466814,0.794489,1
0.0545154,0.164928,0.0619235,-0.0192728,0.249075,-0.0102751,0.524566,0.528662,-0.218571,0.0102861,-0.250562,0.597701,-0.504094,-0.353277,-0.561755,0.6886,-0.401776,0.0462288,0.468209,-0.310219,-0.152541,0.769446,-0.552005,-0.633108,0.289607,0.161081,-0.59079,-1.05212,0.796301,0.220511,-0.430381,0.532899,0.439906,0.879558,1
-0.688054,-0.573182,-0.388971,-0.464912,0.254427,-0.541953,0.0342225,-0.306263,0.290193,0.732656,0.647805,0.302676,-0.0489112,0.0456138,0.403197,0.680346,-0.0785345,0.00132701,-0.425109,-0.276865,0.389775,-0.261503,0.834219,-1.27739,-0.121925,-0.727873,-0.0245546,-0.286323,-0.0277786,0.253493,0.576233,-0.239902,0.489031,0.84755,1
0.629946,0.571836,-0.584181,0.71482,0.787726,-0.0809808,-0.195622,0.163838,-0.466671,-0.466141,-0.804751,-0.471272,0.197479,-0.682774,-0.354367,0.205534,-0.201685,0.166249,0.0724934,0.555123,0.458474,-0.306918,0.728986,-0.168579,-0.136432,0.257059,0.143357,0.168618,-0.0429959,0.45536,-0.138934,0.641888,0.542081,0.947926,1
0.237327,-0.764127,-0.224126,-0.0583474,-0.154449,0.439508,0.164771,0.455616,-0.552774,0.287905,0.350135,-0.28871,-0.128486,-0.464056,-1.41731,-0.212194,-0.616493,0.778268,-0.241109,0.418446,0.537993,0.167959,-0.280641,0.203968,0.79764,-0.419795,0.505601,-0.182485,0.221175,0.359048,0.373246,0.383951,0.533128,0.815298,1
-0.573322,-0.0309109,0.750788,-0.0878942,-0.349942,0.00598134,-0.796089,-0.0308697,0.381658,0.308612,-0.482771,0.572312,-0.370283,-0.185282,-0.916689,0.435289,-0.24325,0.197333,0.196725,-0.547044,-0.310398,-0.574905,0.500072,0.0754664,-0.866107,-0.448182,0.088234,0.277072,0.618195,0.112869,-0.521796,0.0130226,0.471226,0.818933,1
-0.0576693,-1.01592,-0.199505,-0.776871,0.327924,0.733628,-0.0792183,0.15012,-0.147082,0.390716,0.325674,-0.462966,0.501111,-0.339505,-0.680496,0.981589,-0.455314,-0.0691718,0.133477,0.331823,-0.142963,0.327575,0.509799,0.606924,0.0662174,0.0703196,0.826797,0.142924,-0.384963,-0.453687,0.962496,0.000825267,0.428859,0.87569,1
0.459946,-0.370836,0.305188,-0.432647,0.13005,-0.188405,0.188334,0.065143,-0.251746,-0.159159,0.00930982,-0.370766,1.04223,-0.617684,0.217594,-1.56184,-0.148921,0.190212,0.527491,0.0403989,-1.03713,0.936993,-0.297223,-0.478867,0.366318,-1.16936,0.348464,-0.14952,0.113207,0.0199967,0.544097,-0.0491168,0.488211,0.908429,1
0.213893,0.247962,-0.117321,-0.728517,0.489654,-0.221277,0.642323,-0.272121,-0.742224,-0.101148,-0.71067,0.106621,0.76328,0.373284,0.428993,-0.179585,0.0741341,1.20623,0.0471998,0.126825,-0.729305,0.000637649,0.00507514,-0.445179,0.159687,-0.647201,0.0629339,-1.06242,-0.581167,-0.0752934,-0.536267,-0.0130908,0.45286,0.884513,1
0.446404,-0.271095,-0.629673,-0.275689,-0.257009,-0.202702,-0.525024,-0.619226,-0.271549,-0.47159,0.357163,-0.166078,-0.26645,-0.406466,0.149706,0.593226,0.149954,-0.227289,-0.0701407,0.012988,-0.309851,0.522283,0.209954,-0.283025,-0.584324,-0.0718209,0.534331,0.0737483,0.535033,-0.683321,-0.23894,-0.388459,0.554586,0.914949,1
0.0958191,-0.195097,-0.0878979,0.130901,0.149296,0.398972,-0.624544,0.534747,0.749273,-0.304441,0.85407,0.691868,0.694636,0.406469,-0.0919063,-0.22302,0.12442,0.6164,-0.42179,-0.210416,-0.488557,-0.469376,-0.793655,0.0916857,-0.245926,-1.15468,0.51199,1.28452,0.325727,0.1082,-0.822608,-0.640355,0.559365,0.803595,1
-0.644436,-0.709274,-0.54278,-0.055503,-0.41205,0.499344,0.263915,0.0504832,0.0271611,0.13845,-0.146677,0.403616,-0.167942,0.133537,-0.379263,0.0799683,0.343321,-0.415075,0.0660617,0.846992,-0.380804,-0.415883,-0.161344,0.0728049,-0.990377,-0.316025,-0.0970442,0.703807,0.301095,0.248744,-0.509857,-0.212005,0.471531,0.828289,1
0.95,0.88,-0.0114577,0.310988,0.0115814,0.0562308,0.23055,0.276702,0.349647,0.187899,-0.233372,0.253512,0.235277,-0.0227833,0.302397,-0.335907,0.0522949,-0.0200202,0.22009,-0.0419366,-0.0300729,-0.16034,-0.161712,0.301692,-0.000464085,0.189783,-0.0817774,0.1628,-0.478974,0.275956,-0.424564,-0.146681,0.48,0.2,0
-0.484547,-0.223292,-0.32132,0.0126441,-0.076203,-0.0116462,-0.206118,-0.378215,-0.523665,0.13721,0.865153,-0.104517,0.237285,-0.612088,-0.699795,-0.135332,-0.356312,0.401938,-0.231858,0.578903,-0.329172,-1.12329,-0.389218,0.781097,0.593521,0.132475,-0.235278,0.0185672,0.033145,-0.582577,-0.0740369,-0.466872,0.474826,0.816482,1
-0.0547546,0.371776,-0.494859,-0.170616,0.616903,-0.156235,-0.485458,0.383272,0.714884,0.478843,0.980791,-0.971107,-0.379967,-0.26283,-1.11227,0.324923,-0.0190132,0.39521,0.583942,-0.294203,-0.0171572,-0.504818,0.504234,-0.514273,-0.0119262,-0.0799146,-0.0307379,-0.706375,0.0786213,-0.44596,-0.0794745,0.491473,0.445425,0.778281,1
-0.179555,-0.185912,0.225926,-0.14208,-0.0478097,0.800854,-0.550666,0.784796,0.130198,0.380121,-0.798926,0.0864061,0.0201121,-0.668692,0.869362,-0.527854,0.378412,0.104638,0.531434,0.482863,-0.448761,-0.0342262,0.400991,0.255571,0.569136,-0.570143,-0.714614,0.654498,-0.553741,1.16502,-0.454079,-0.0532219,0.486542,0.815777,1
-0.063625,0.128246,0.632852,-0.638666,-0.572048,1.35954,1.31388,0.310974,-0.583825,0.357309,1.69056,0.806664,-0.000792006,0.863626,0.0530954,0.192184,-0.175994,0.148702,0.0391325,-0.136014,0.50767,0.350491,0.0127352,0.623094,-0.632045,-0.201842,0.112043,-0.443335,-0.306001,-0.27055,0.508618,0.53857,0.45886,0.799962,1
-1.01584,0.608286,0.0133459,0.448352,-0.69828,-0.331124,-0.0682153,-0.238323,0.28375,-0.709823,0.146689,-1.10806,0.252242,-0.699431,0.947868,0.471977,-0.241832,-0.0976713,1.22863,0.0441833,-0.223494,-0.299956,0.880631,0.167664,0.373832,-0.404776,-0.565183,0.349227,0.374604,-0.329134,-0.537689,0.407509,0.577473,0.874366,1
1.53396,0.449958,0.716872,-0.230258,0.0326654,0.09123,-0.873958,-0.320497,-0.173495,0.0418926,-1.19366,-1.04348,-0.308542,0.420871,-0.358835,-0.394182,0.154935,-0.382798,0.534645,-0.580812,-0.309892,-0.0049684,0.224374,0.230041,0.123048,0.51992,0.159828,-0.60872,-0.747727,-0.354904,-0.896692,-0.289321,0.530601,0.806939,1
-0.543224,-0.561954,1.05456,-0.475093,0.114416,0.177222,-0.0624826,-0.11646,0.389352,0.0508824,-0.393008,-0.017591,0.375394,0.330976,0.562542,0.883064,0.292883,0.256845,-0.428275,-0.0178617,0.386489,0.135314,0.388782,0.255166,0.292674,-0.220011,0.436985,-0.578202,0.181381,0.286904,-0.237012,-0.472458,0.523712,0.881128,1
0.513802,-0.586864,-0.76591,-0.345121,-0.122493,0.566563,-0.363063,0.868205,-0.0659667,-0.169887,-0.844496,-0.459801,-0.3296,0.869009,0.859344,0.122865,0.294793,0.237332,-0.974446,0.0206244,0.27752,0.280013,0.194845,-0.455791,0.548818,-0.349681,-0.46757,0.256059,0.25052,0.373743,0.36868,0.663074,0.570404,0.915577,1
-0.621529,-0.730641,0.309736,0.0383078,-0.0369168,0.0152516,0.168596,0.524739,-0.767771,-0.340787,-0.628388,0.298465,-0.96156,0.413725,-0.455669,-0.180722,-0.198202,0.453561,0.393928,0.535948,-0.437879,-0.0352771,-0.96018,-0.0383576,-0.484077,0.869325,-0.115667,-0.589169,-0.510101,-1.29129,-0.0953632,-0.355046,0.510329,0.857277,1
-1.70375,-0.581188,-0.343469,0.00866314,0.00622116,-0.360173,-0.735877,0.540079,0.718084,-0.370381,0.376434,-0.3328,-0.235756,0.430324,-0.115374,-0.544991,-1.00613,0.606336,0.26086,1.07237,0.546113,-0.0548794,-0.0368193,0.115914,-0.186493,0.323882,0.268685,0.973979,0.642809,-0.866424,0.792571,-0.348814,0.438739,0.884451,1
-0.62157,-0.161036,-0.75514,0.116289,0.274729,-0.720743,-0.152545,-0.0860619,-0.555612,0.0879337,-0.0401244,-0.583054,0.20872,-0.605481,-0.222412,0.605038,-0.0661883,0.673403,0.021553,-0.12709,0.365542,0.148051,1.03927,-0.492247,-0.568749,0.0754898,0.480055,-0.192943,-0.167235,-0.435537,0.481141,-0.30826,0.571937,0.801514,1
-0.49387,0.111635,-0.679396,-0.123692,-0.404624,-0.349735,-0.384615,0.0415257,0.490062,0.400423,-0.442095,0.846943,-0.459653,-0.172899,-0.693861,0.53055,0.728245,-0.0391453,0.345405,0.881259,-0.00450485,0.482836,-0.119555,0.52458,0.331635,-0.417462,0.0743768,0.944969,0.485459,0.40111,-0.100552,0.274542,0.53071,0.84656,1
0.749176,-0.183778,0.0914071,0.473118,-0.139755,0.0558809,0.053278,-0.260818,0.214681,-0.161657,-0.356778,0.835931,0.0287448,0.345042,-0.426358,0.337413,-0.319486,-0.0685802,-0.233617,-0.299319,1.20752,0.673873,-0.760841,-0.329297,0.0294677,-0.831934,0.279827,-0.552914,0.478979,0.095837,0.725643,0.709268,0.505729,0.928297,1
0.165735,0.344322,-0.033634,-0.313321,0.0969503,-0.465877,-0.328367,0.904651,-0.299943,-0.789024,0.135266,-0.814217,0.596317,0.137402,-0.28969,-0.216775,0.667534,-0.499744,-0.298071,-0.514266,-0.639343,-0.689106,0.161681,0.242748,0.839685,-0.189138,-0.382914,-0.795229,-0.94967,0.0610421,-0.154137,-0.333858,0.535451,0.80822,1
-0.308604,0.38263,-0.0892602,-0.01662,-0.45877,-0.337476,-0.70942,0.245073,-0.430325,-1.23779,-0.271523,0.374151,-0.0523443,-0.254813,-0.497518,-0.184348,-0.257736,0.265376,0.308739,-0.386094,0.655466,0.90142,-0.151877,0.910812,1.29727,0.600788,0.777401,0.473938,-0.305307,-0.505134,0.174639,-0.120207,0.50532,0.854344,1
0.264114,-0.178895,-0.380992,-0.306462,0.0904385,-1.04617,0.381185,0.185185,0.314432,-0.257008,0.678037,0.635622,-0.355219,-0.115487,0.139603,-0.416786,-1.4981,-0.891323,-0.925076,-0.360201,0.475722,0.842698,0.783609,-0.15556,0.684827,-0.413485,0.0748975,-0.400192,-0.324986,-0.404738,-0.437265,-0.900389,0.526127,0.825499,1
-0.476624,0.0171528,0.0527485,-0.506608,0.463509,0.630789,-0.107348,-0.384633,-0.324256,-0.53192,-0.548552,-0.214191,-0.430971,-0.910802,0.307887,0.431262,-0.784686,-0.18945,0.0770452,0.537359,-0.546833,0.626469,0.074013,0.578241,0.571116,-0.0833715,0.136438,0.0926073,0.588381,-0.353061,0.345652,-1.13515,0.504101,0.7924,1
0.612437,-0.64858,-0.373156,-0.848152,0.173614,0.351392,-0.481155,-0.0206021,-0.718718,-0.161385,0.259008,0.355918,-0.727182,0.159654,-0.157422,-0.215959,-0.0474433,-0.693398,-0.171801,-0.41351,-0.411224,0.254965,0.847115,-0.0227393,-0.32948,-0.242132,0.651241,0.239938,-0.986704,-0.583647,0.217367,-0.0941012,0.444238,0.853542,1
1.03282,-0.23623,0.921632,-0.823273,-0.465419,0.351163,-0.092039,1.10512,-0.366274,-0.491036,0.567493,1.28775,0.00772504,-0.760456,-0.295223,0.385963,-0.369789,-0.421076,0.415663,-0.996031,-0.361515,0.361186,0.0686882,-0.176335,0.616943,-0.587496,1.02917,0.0698267,0.00395387,0.133843,0.111627,0.112836,0.498833,0.858928,1
0.766041,-1.15295,-0.482036,-0.574538,-0.0928681,-1.1798,0.35102,0.40721,0.570177,0.264862,0.406619,-0.125736,0.657632,-0.645458,1.61657,-0.3352,0.792183,-0.0210989,0.292852,-0.41595,0.175283,0.336054,-0.322595,0.302513,-0.315333,-0.264617,-0.689072,-0.048287,0.323715,0.341521,-0.23904,-0.241721,0.445944,0.830446,1
0.0373352,0.273502,-0.39651,0.238779,0.13519,-0.0155458,-0.74455,-0.46981,-0.327417,0.121971,0.50825,-0.261686,-0.775136,-0.0217483,0.460688,0.395842,0.181138,0.25079,0.255771,-0.137503,0.307665,0.536421,-0.90404,0.0924624,0.489938,0.125344,-0.118729,-0.0903658,-0.306147,0.172486,0.486786,0.0324393,0.486994,0.856689,1
0.267548,0.397684,0.27645,0.155512,0.151895,7.95,0.292725,0.196301,0.243164,0.317497,0.142314,0.389916,0.158423,0.226724,0.330266,0.373016,0.105886,0.272221,0.299415,0.131972,0.393875,0.347599,0.362103,0.323047,0.267196,0.224277,0.293888,0.321603,0.349373,0.263774,0.202111,0.302678,0.52,0.82,1
0.95,0.88,0.215986,0.129931,-0.0633264,0.255014,-0.201586,-0.142178,-0.425368,0.183642,0.304816,0.0133692,-0.298777,0.0420634,0.474486,0.373812,0.0608728,0.176254,0.374068,0.293408,-0.134179,0.294723,0.46017,0.0503978,0.207007,0.10626,0.125591,0.193075,-0.153622,-0.413296,-0.489278,0.185455,0.48,0.2,0
1.05611,0.150707,0.610515,0.727623,-0.170741,-0.164713,0.457596,-0.529371,0.132841,-0.617455,-0.0661543,0.58178,-0.592034,-0.131417,-0.132906,-0.264446,-0.175858,0.260676,-0.433656,0.24225,-0.0573218,-0.443606,-0.0888994,-0.722131,-0.315538,-0.549333,-0.188588,0.0674431,-0.507309,-1.41409,-0.195696,-0.564673,0.535639,0.930442,1
-0.0249257,0.630176,0.568126,0.0345629,-0.517155,-0.248136,0.767826,0.28875,-0.207204,0.682559,-0.456312,0.11556,-0.656463,-0.0816815,-0.220558,0.214171,-0.680146,-0.726284,-0.518203,-0.00637465,0.200989,0.129815,0.135052,0.111564,0.0215929,-0.128904,-0.120242,0.203728,-0.248176,0.562622,0.082871,0.000309287,0.540484,0.785848,1
-0.355308,-0.489762,0.968694,-0.500999,0.566854,-1.41829,-0.208138,0.0675473,0.108265,0.271866,-0.156807,-0.767061,0.356949,-0.869158,0.429749,-1.21514,0.373124,0.560014,-0.722762,0.0562012,-0.124479,0.2059,-0.0627427,-0.0487106,-0.285953,0.868425,-0.284139,0.767926,0.0226449,0.163501,-0.473738,-0.777899,0.441163,0.774589,1
0.0955148,0.111259,0.879702,0.482229,-0.502033,0.23197,0.246911,-0.301857,1.0111,-0.0516471,0.24716,-0.000705532,-0.828283,0.531028,0.0980692,0.00155062,-0.373363,-0.106876,-1.10858,0.0085619,0.790229,-0.675679,-0.654335,0.261969,0.344941,0.328343,0.62142,1.08625,-0.0598363,0.697907,-0.548635,0.36272,0.433956,0.935808,1
-0.10759,0.292642,-0.160676,-0.30477,-0.108861,0.203138,-1.09961,-1.04261,-0.656861,0.270213,-0.211642,0.684471,-1.07736,0.0134138,-1.02769,-0.425224,0.55774,-0.00106819,-0.0694944,-0.0722933,0.732389,-0.307606,0.668433,-0.725041,0.324714,0.0987252,0.0670018,-0.611754,0.182784,-0.932243,0.049821,-0.304448,0.480667,0.76635,1
0.165808,0.368394,-0.391808,-0.7928,-0.344889,-0.223775,0.590074,-0.716237,-0.449869,-0.715749,0.119212,0.0332175,0.359088,0.129947,-0.859674,-0.415368,-0.256539,0.500279,-0.436828,0.312823,0.166813,-1.2095,-0.271047,0.256987,0.309177,0.0939549,-0.120879,0.685111,-0.175635,0.21176,-0.0954486,0.0884407,0.575956,0.853882,1
-0.123642,0.416391,-0.627303,0.817993,-0.646805,-0.372228,-0.702856,0.0979718,-0.0937473,0.0355129,0.736629,0.754496,-0.680491,-0.841067,0.294835,0.351606,-0.601916,0.119553,0.0333308,0.172406,0.0142223,-0.39135,-0.334791,-0.648702,-0.215018,-0.65343,0.0943338,-0.817257,-0.342653,-0.324588,0.435411,-0.263475,0.567061,0.936155,1
-0.0439481,-0.488081,-0.214756,0.424795,-1.30858,0.180586,-0.187418,0.0395222,0.371776,-0.189913,0.984726,-0.25685,-0.270048,0.160712,-0.812076,-0.274644,-0.150653,0.529882,0.32182,0.506374,0.403098,0.71821,-0.00409517,-0.416044,0.0415584,-0.776512,-0.0885992,0.612737,0.417785,-0.0262877,-0.10234,-1.17697,0.441998,0.834627,1
-0.282212,0.0809068,1.13126,-0.0388014,0.45889,0.0305274,0.0289228,0.242461,0.581306,-0.79782,0.464764,-0.758508,-0.638312,-0.484546,0.00338846,0.785134,0.153423,0.812744,-0.654598,0.251177,-0.265361,0.58786,0.379294,-0.196572,-0.0776403,-0.129067,-0.614267,0.491072,0.705931,0.337911,0.0652566,1.17833,0.454906,0.796611,1
0.56797,-0.371411,-0.210763,0.603169,-0.117736,-0.339884,0.248084,1.00084,0.449036,-0.382987,-0.164365,0.447716,-1.35924,-0.633601,0.364156,-0.370814,-0.097432,-0.459468,0.629896,0.989257,0.0809921,0.397776,-0.91059,-0.249253,0.109185,-0.00026993,-1.00922,-0.56025,0.59918,0.0158391,1.18986,-0.263735,0.504464,0.920263,1
0.250073,0.270285,0.938076,0.00510188,-0.601097,-0.214182,-0.457427,0.149933,1.17878,0.617619,-0.45303,-0.139158,-0.558273,0.312019,0.00159201,0.415743,-0.434813,0.196632,0.744959,-0.00304035,-0.141077,0.108181,0.294028,-0.0691681,-0.0826627,0.152771,-0.849676,-0.0951749,-0.134191,0.600203,-0.390689,-0.574601,0.495214,0.902993,1
-0.210525,-0.996161,0.213918,-0.442103,0.176165,-0.135867,-0.644849,-0.880327,-0.270761,-0.121024,0.652898,-1.01502,-0.359456,0.12645,-0.429881,0.33424,-0.262838,0.552378,0.654499,-1.10805,-0.491477,0.108092,0.706801,0.387686,-0.912562,0.564534,0.0876555,1.03591,0.00256065,-0.144532,0.218469,-1.11492,0.561841,0.844315,1
0.0781689,0.480049,-0.140066,0.0256278,-0.0951254,-0.00530196,0.0151693,-0.339482,0.145727,0.484205,0.1444,-1.2394,0.453835,0.686979,-0.889951,0.951911,0.44416,0.718273,0.327854,-0.335409,0.028208,-0.497886,0.242682,-0.313213,0.565661,0.327202,0.352359,-0.0633028,0.332168,0.459436,1.00288,0.135639,0.438365,0.934246,1
-0.490318,-0.199479,-0.201854,-0.133236,-0.1639,-0.450597,-0.217259,-0.123198,-0.436666,-0.0189639,0.0554915,-0.251681,0.188117,-0.844108,0.867814,0.684759,0.656961,0.599887,0.0639593,-0.256398,0.532618,-0.489699,-0.647429,-0.00786251,0.371865,-0.473788,0.21952,-0.00478724,-0.773282,-0.431021,-1.12415,0.859524,0.469596,0.786862,1
-0.425347,-0.72718,-0.340077,-0.365469,0.113376,0.269132,0.215599,0.251812,0.827667,-1.00468,-0.344923,0.058998,0.207884,-0.255034,-0.62881,-0.727934,0.339952,-0.14985,0.387435,0.48637,0.316924,0.332932,0.513667,0.157217,0.836592,0.115433,-0.650133,-0.0116064,-0.161699,0.441033,-0.149119,0.43809,0.464673,0.890822,1
-0.166747,0.090037,0.0709489,-0.540197,-0.372163,0.283745,-0.293513,0.578796,0.115329,0.476893,0.205948,0.356154,-0.207366,0.322491,-0.436244,0.968053,0.518951,0.328818,-0.477357,-0.912134,-0.605948,-0.139875,-0.393356,0.296416,0.60186,-0.0991589,-0.124273,-0.147252,0.571968,-0.576108,0.319049,-0.360268,0.514,0.804631,1
0.475382,-0.634723,-0.24722,0.110539,-0.445789,0.331914,-0.296937,0.618363,-0.306535,-0.412121,-0.207686,0.374638,0.384597,0.149256,-0.551892,-0.622432,0.739138,0.192964,0.346233,-0.0834425,-0.909842,-0.35774,-0.0905911,-0.188548,0.481388,0.00560414,0.621419,0.611287,0.390366,-0.149026,-0.24432,0.249399,0.451577,0.946317,1
0.175757,-0.0248525,-0.678107,0.0157525,-0.0884323,-0.87637,0.176688,-0.734337,0.080809,-0.216244,0.617936,0.502369,-0.714055,0.481224,0.253991,-0.282892,-0.0403945,-0.505497,0.384615,-0.402855,0.674308,0.257326,0.56816,1.02351,0.0133967,-0.489695,0.309619,0.047517,-0.0957982,-0.0723351,-0.312309,-0.731276,0.446673,0.828104,1
-1.36744,0.578932,-0.782423,0.537761,-0.418381,-0.220385,-0.22054,0.289522,-0.234584,-0.108839,-0.221582,-0.109631,-0.695157,-0.0363273,-0.383473,-0.0165268,-0.350615,0.210709,-0.0722378,0.0763086,-0.401255,0.54057,0.426589,-0.430622,0.0991267,0.27577,-0.738135,0.148775,-0.355022,0.119986,-0.64347,0.146912,0.526183,0.796264,1
-1.04482,0.402015,1.13706,-0.769588,0.399282,-0.53367,-0.735611,0.776301,-0.197899,-0.532704,0.101906,0.388141,-0.248723,-0.0346192,0.840894,-0.572267,-0.257113,-0.0610466,-0.541157,0.24499,0.651707,0.336159,-0.397705,0.309088,0.997589,0.527805,0.22824,-0.583343,-0.258796,0.113329,0.15676,1.09467,0.468239,0.811419,1
0.0214336,-0.00730247,-0.0195646,0.0335132,0.115237,0.26957,0.190006,-0.30655,0.0230667,0.413284,0.0456724,0.362489,0.0097543,0.0152202,0.0053719,0.378989,-0.129921,0.497106,0.101162,-0.0638131,-0.381373,-0.718469,-0.237844,0.346402,-0.775779,0.23096,-0.522301,0.744454,-0.229926,0.0517647,0.450226,-0.706332,0.4666,0.922962,1
0.282956,-0.0820058,0.364349,-0.377986,0.0928729,0.453092,-0.875478,-0.0286337,0.266155,0.471804,-0.0103792,0.158466,0.538634,-0.544208,0.935117,-0.214762,0.328624,-0.6068,0.205803,0.31011,0.753562,0.72863,-0.459837,-0.409244,0.180688,0.878295,0.849696,-0.07246,-0.644891,-0.53013,-0.623139,0.0134096,0.512607,0.790665,1
-0.16797,0.58554,-0.134016,-0.173948,-0.0345277,-0.0520832,0.511904,-0.299328,0.0666666,-0.426368,-0.0498975,0.324031,0.222941,-0.528471,-0.627848,0.281926,0.585707,0.192974,-0.855029,0.544296,-0.380326,0.564202,0.207737,0.475505,0.29834,0.465285,-0.242921,-0.209649,-0.0184281,1.02464,0.455516,-0.544629,0.424504,0.942735,1
-0.0365575,-1.14388,-0.745148,0.422931,0.285987,-0.34892,-0.220981,0.617965,-0.332339,1.05187,0.0171859,-0.0318878,0.678542,0.979666,-0.232009,0.466467,0.167612,0.415475,-0.586343,-0.126245,-0.424981,-0.768524,0.109354,0.461243,-0.754922,0.334766,-0.528498,-1.09013,0.547949,-0.500424,-0.102619,0.404354,0.473774,0.779965,1
-0.150796,0.458485,0.501405,0.0700407,0.0436064,0.162589,-0.588812,-0.0283155,-0.169689,-0.252048,0.432325,-0.0678909,0.00397379,0.52172,1.12608,0.127009,1.04733,-0.964281,-0.18947,0.333115,-0.312748,-0.633043,-0.0527152,0.190838,-0.0323237,0.482356,0.448005,0.243296,-0.655399,0.503721,-0.855824,-0.359007,0.422802,0.938574,1
-0.559367,0.550275,0.242554,0.415216,0.075265,0.423739,0.22358,-0.145441,-0.483078,-0.00399884,0.385913,0.00418497,-0.120553,0.108338,-0.0326221,0.405108,-0.38623,-0.267026,-0.717504,-0.0120223,-0.637357,-0.607552,-0.291606,-0.633464,0.258704,-0.0966805,0.0158494,0.38379,-0.692309,0.129399,0.396877,0.322742,0.471172,0.904629,1
0.523324,0.0918613,-0.261704,-0.171729,0.130959,-0.0834699,-0.488975,-0.19829,-0.16324,0.59666,0.0385875,0.554598,0.121405,0.255614,0.634544,0.657625,1.34118,0.0650593,0.747329,0.588298,0.303488,-0.423397,0.923064,-0.595856,-0.304475,-0.857508,-0.483692,-0.463726,-0.63814,-0.292614,-0.026643,0.196608,0.445335,0.820186,1
0.227181,0.37215,-0.170191,-0.383177,0.332594,-0.534412,-0.10412,-0.107392,-0.0608644,-0.551948,-0.0237218,0.875847,0.345063,0.300004,-0.0687456,-0.115435,0.0391255,-0.72411,-0.298651,-0.0947361,-0.208849,-0.540653,-0.16316,-0.42219,-0.0451197,0.646933,-0.660142,-0.993155,-0.00960383,0.25286,0.815471,-0.383594,0.524676,0.785086,1
0.285482,0.407059,-0.514466,-0.244999,-0.772667,0.140507,0.322317,-0.298927,0.798291,-0.0376147,0.16934,-0.0555933,0.287332,0.945694,0.130424,0.993701,-0.0951641,-0.0845689,-0.507978,0.294433,-0.863151,-0.115611,-0.800348,-0.429489,0.766882,-1.11305,-0.160334,-0.292091,-0.388291,0.0515755,0.291726,0.287192,0.532572,0.903038,1
0.430233,-0.38023,0.0565333,0.581396,-0.156093,0.535865,0.743593,-0.215431,0.521979,0.179069,0.0931111,0.658464,0.121113,0.303697,-0.219142,0.130698,-0.218853,-0.221778,-0.831589,0.700414,0.23173,-0.633416,0.453157,0.137768,0.278727,-0.16675,0.453297,0.546033,-0.203116,-0.3543,0.0914123,0.322862,0.531675,0.921657,1
0.582232,0.633195,-0.064013,-0.717268,-0.680098,-0.344926,0.145249,0.0942747,0.407059,0.503276,0.214821,0.621427,0.615357,-0.823774,-1.35134,-1.22187,-0.572733,0.187794,-0.434401,0.799077,-0.352165,0.218839,0.0821668,0.02166,0.0592521,-0.229448,0.1103,-0.0742375,0.120639,-0.0621017,0.151535,0.102916,0.460439,0.888579,1
0.100035,0.782483,-0.943496,0.249214,0.492326,-1.14511,0.483302,0.432227,0.392725,0.820096,-0.509084,0.683603,-0.429304,0.0106281,-0.294721,-0.47598,0.730246,-0.151009,-0.0432376,0.00408248,-0.563451,0.200629,-0.577326,0.15068,-0.202346,-0.0568039,-0.179984,0.366329,0.0477538,0.35355,0.0210874,-0.295808,0.511102,0.809886,1
-0.0898487,-0.233736,0.823424,0.000595685,-0.322305,-0.798935,-0.41467,0.407167,0.215263,0.0209723,-0.601407,-1.06709,0.0735776,-0.457226,0.887507,0.17616,0.453151,-0.0983631,0.763892,0.865635,0.100278,-0.454546,0.61294,0.624119,-0.0798962,0.156612,0.657233,0.700912,-0.165547,-0.0570294,-0.614677,-0.146386,0.486247,0.858468,1
0.242124,-0.460813,0.0609544,0.143548,-0.29296,-0.564242,0.353209,-0.146951,-0.52654,0.0597234,-0.599846,-0.342323,0.352291,-0.262826,0.081091,-0.587089,-0.49402,0.255028,-0.433695,-0.00689197,-0.660559,0.351852,0.0669876,-0.00626908,-0.330072,0.0384193,0.200382,-0.721529,0.340561,0.540611,0.0174683,-0.0987738,0.459408,0.926166,1
-0.441809,-0.611869,0.0660645,0.849802,0.03567,-0.548614,0.151434,-0.700857,-0.561196,0.925998,0.213822,-0.422414,-0.785813,-0.234882,-0.0467776,-0.890999,0.293667,0.123327,0.374432,0.611628,0.12102,0.884885,0.327468,0.0692265,-0.0516068,0.524015,-0.940431,0.41481,0.0269725,0.27757,-0.528122,-0.54148,0.501591,0.839472,1
-0.129522,0.52153,-0.545246,0.0696646,0.927764,-1.58156,0.105611,0.121815,0.0478694,-0.157679,-0.632664,0.0975922,0.557062,0.546949,1.03612,0.538927,-0.0544364,-0.128063,-0.0372328,-0.0830314,0.455141,-0.214404,-0.426248,-0.988268,-0.852051,-0.359239,-0.300023,-0.338168,0.319833,-0.446344,-0.363153,-0.161955,0.43373,0.90879,1
0.186681,-0.35967,-0.377558,-0.0690745,0.376752,-0.471923,-0.5928,0.0904542,0.173511,-0.0296736,-0.177539,0.886459,-0.0931811,0.392419,0.656529,-0.462602,0.465053,0.0830144,0.311224,0.533811,-0.348157,0.539381,0.0310925,0.842793,0.159758,-0.465453,0.360871,-0.0362002,0.660552,0.817057,-0.935015,0.88519,0.531827,0.930415,1
0.0793028,-0.685726,0.0308861,1.10633,0.976137,-0.0478563,-0.0227738,-0.928572,-0.0232992,0.160447,0.215326,-0.0657882,0.526317,-0.744825,0.0862616,-0.181792,-0.535149,0.264705,-0.0447652,0.0594323,-0.694967,-1.02101,-0.0596875,0.781121,0.839209,0.480728,-0.635691,0.406208,-0.69969,-0.091857,-0.0151257,0.550673,0.516478,0.849042,1
0.174255,-0.51414,-0.253213,0.582903,0.184957,-0.0136068,-0.488499,0.355803,-0.463356,0.284795,0.736539,0.700375,0.0362262,0.438164,0.731279,0.477714,0.347541,-0.648536,-1.03662,-0.521425,-0.790975,-0.104352,0.564305,0.341037,-0.256691,-0.0125638,0.172641,-0.92465,0.215722,-0.0121476,-0.263595,0.912312,0.568634,0.814144,1
-0.144386,-0.0916679,0.513754,-0.780774,-0.563538,-0.535538,0.49379,-0.0267397,0.345365,0.0988282,0.76619,0.744349,0.344513,0.346671,0.311403,-0.206175,-0.03205,-0.617461,-0.467218,0.159085,0.00774017,0.51636,1.0546,-0.0260275,0.315086,0.820227,0.0596724,-0.354401,0.305508,1.04754,0.883511,0.254858,0.498234,0.90229,1
0.384311,0.594501,-0.509795,0.378051,-0.503839,-0.225003,0.516209,0.363194,-0.372296,-0.857242,-0.290039,0.416325,-1.15641,0.74863,-0.26228,0.138334,-0.315858,-0.669331,-0.424613,0.535152,-0.297615,0.662584,0.21195,-0.276032,-0.860179,-0.32368,0.420614,0.186913,-0.477903,-0.0698141,0.142595,0.0732708,0.561907,0.821836,1
-0.157772,-0.510685,0.116249,-1.34758,-0.0704074,0.225161,0.195331,0.990551,-0.150165,0.58408,0.0634683,0.622583,-0.631216,-0.831813,0.408532,-0.802531,0.0945622,0.660697,0.120156,0.120749,-0.57488,-1.14433,0.909658,0.0834582,0.309912,0.392492,-0.109303,-0.258177,-0.559827,0.0392709,0.535502,-0.215222,0.465561,0.942471,1
0.551275,0.395769,-0.0642761,-0.446191,0.595861,-1.18538,-0.121747,-0.109912,-0.0169727,-0.115845,0.603535,1.38358,0.303126,-0.627881,1.14589,-0.395578,-0.199135,-0.13754,-0.0024972,-0.00912024,0.290389,0.277397,-0.0358797,0.745963,-0.753801,0.347151,-0.81127,0.589947,0.420367,-0.051833,-0.175435,-0.00724746,0.555677,0.762382,1
0.302838,-0.715388,-0.486189,-0.355755,-0.892086,-0.043671,0.661416,-0.306818,0.181883,-0.175693,0.104421,0.591706,0.136136,0.243019,-0.769622,0.641814,1.17163,0.426416,-0.169916,0.296732,0.0583239,-0.141287,-1.01692,0.35281,1.27831,0.00439371,0.391144,0.296354,0.617952,0.0407329,-0.221746,-0.252816,0.49815,0.837056,1
-0.29263,-0.407565,0.283541,-0.276289,-0.165938,-0.828442,-0.328741,-0.308937,0.0488426,0.273864,0.590785,-0.0181369,-0.45182,-0.629555,-0.21287,0.964434,0.735929,0.104762,-0.335843,-0.295546,0.304848,-0.127558,-4.44224e-06,-0.42096,-0.400632,-0.103736,0.0194167,0.347817,0.293828,-0.125594,-0.399108,0.523537,0.434893,0.769858,1
0.520175,0.0909814,-0.401017,0.290835,-0.580321,-0.125604,0.339838,-0.900885,-0.563736,0.454898,-0.333276,-1.22195,0.421326,-0.303572,-0.78521,-0.498243,0.325379,0.150973,0.347519,-0.0669518,-0.606929,0.971613,-1.0605,0.790465,-0.32965,0.458686,0.552745,-0.238148,-0.0489284,0.205292,0.24241,0.535011,0.548461,0.871046,1
-0.340666,1.17231,0.0398376,-1.09298,-0.311931,0.289277,1.16489,0.0371043,0.790318,0.356095,-0.435498,0.107776,-0.153779,0.228605,-0.501442,-0.777923,-0.00190617,-0.206302,-0.602747,0.193028,0.0501384,-0.478311,0.324269,0.209933,0.0126135,0.383029,-0.185871,-0.617835,-0.803976,1.27494,-0.526995,-0.777228,0.437889,0.920362,1
-0.0433507,0.299483,-0.457299,-1.51592,0.0533591,0.431073,0.0601384,0.868128,0.502996,-0.603319,-0.527513,-0.263799,0.0744805,-0.120939,-0.387804,0.0792758,-0.64654,0.392097,-0.166789,0.0601053,0.350602,-0.281402,-0.770899,1.04351,-0.303274,0.321455,1.44622,-0.408238,0.03141,0.0643393,0.874529,-0.38628,0.509753,0.877022,1
-0.323635,-0.931577,-0.115497,0.0561134,-0.377759,-0.43117,0.273342,0.0295904,-0.165429,0.370881,0.444363,0.599266,0.165169,0.219034,-0.0233107,-0.527806,-0.158747,0.0305728,0.320917,-0.184101,-0.155937,0.086322,0.891284,0.170712,0.511579,0.686314,-1.34221,0.382836,-0.0340511,0.350485,-0.18543,-0.346537,0.498703,0.830361,1
0.482725,-0.265559,0.24035,-0.268456,-0.960617,0.518841,-0.322236,0.174136,0.163545,-0.522267,0.58194,-0.75958,-0.0946053,-0.14243,-0.444723,-0.0293773,-0.391961,-0.0464681,-0.00843665,0.083153,0.856695,0.0929082,0.478429,-0.0227604,-0.67271,-0.954455,-0.606328,0.1865,0.603642,1.5182,0.915425,0.36452,0.471915,0.907995,1
-0.632308,-1.53762,-0.166072,0.693408,0.444092,-0.42186,-0.3175,0.604529,-0.847524,-0.266016,0.362524,-0.175866,-0.881478,0.0618612,0.928471,0.520217,-0.00503162,0.513355,0.812819,0.0451114,-0.571984,0.508226,-0.00919969,-0.111454,-0.195905,-0.190235,0.132798,-0.963717,-0.261035,-0.294442,0.690627,0.386145,0.455013,0.760012,1
0.608621,-0.185181,-0.318061,0.0244985,0.546088,-0.327139,0.0191708,1.3264,-0.149031,0.734109,0.16534,0.540167,0.445682,0.357998,-0.772316,-0.269303,-0.163296,0.265915,-0.256144,0.199559,0.642615,0.0530084,0.290803,0.554319,-0.478827,0.494628,0.497947,0.437128,0.557326,-0.359897,-0.0644729,-0.150934,0.540464,0.81654,1
-0.313434,-0.199619,-0.136242,-0.158342,-0.209564,-0.511754,-0.803072,-0.649345,0.362962,-1.06522,-0.177846,-1.37803,-0.650603,-0.94124,-0.191671,0.67151,-0.343227,0.227548,-0.262873,0.306872,0.273812,0.346947,-0.237651,0.76604,-0.277087,0.125809,-0.64867,-0.608365,-0.357116,-0.459588,-0.532399,0.12725,0.5286,0.930072,1
0.0336541,-0.634572,0.584189,-0.231636,0.218346,-0.598099,-0.152008,-0.0129317,0.00912409,0.333484,0.399596,-0.066582,0.401465,0.199972,0.490974,0.00641205,-0.401438,-0.0937505,-0.516733,0.00698826,-0.356513,0.0848138,-0.357552,0.1412,-0.169674,0.469341,0.116509,-0.415492,0.357562,-1.10234,-1.02355,0.0434279,0.55589,0.765756,1
0.0938185,-0.00679193,0.463551,0.470689,0.356474,0.218636,-0.269826,0.310314,1.0609,0.138919,-0.279526,0.472558,0.070281,0.806265,0.239149,0.0844745,0.240367,0.439113,0.998693,0.353349,0.579616,0.0860794,0.538306,-0.0553038,-0.479126,0.569437,0.470555,-0.714388,0.0891422,0.177147,0.0517111,0.436181,0.445612,0.802318,1
-0.316834,-0.0391205,-0.168366,0.42444,0.207765,0.462313,0.629434,0.237918,-0.150623,-0.187134,0.486419,0.399392,0.373293,-0.287838,0.688474,-0.88078,0.600461,-0.0840711,0.372411,-0.436768,-0.446265,0.448101,0.850197,-0.579453,0.12219,0.239684,0.0668774,0.248704,-0.549841,-0.346266,-0.651026,-0.767846,0.5759,0.767523,1
-0.637262,-0.361293,0.0769609,0.179613,-0.306478,-0.0389555,-1.27784,-1.44762,-0.870882,-1.35644,-0.471137,-0.580953,0.120929,0.435998,0.503573,-0.12797,-0.191151,0.107108,-0.36813,-0.976687,0.508298,-0.498845,-0.675533,-0.277799,-0.257249,-0.359455,0.621041,-0.510147,1.25467,0.162723,-0.544925,0.263367,0.507075,0.888056,1
0.262333,-1.87077,0.0266959,0.171573,-1.06159,0.484939,0.151252,0.990513,0.207566,0.51686,-0.44775,0.428472,-0.0616022,0.262571,-0.437221,-0.128301,-0.262123,-0.906331,0.334789,0.855463,-0.148325,0.222909,-0.0593454,0.787365,0.182145,0.232377,-0.309919,-0.585392,0.595737,0.586362,0.324147,0.0639847,0.528823,0.883085,1
0.399525,-0.505544,-0.105236,0.241044,-0.226384,0.920258,-0.179646,-0.502913,0.541404,0.58876,-0.744665,0.802877,0.188423,0.17518,0.0919396,0.546299,-0.154992,-0.20541,0.603603,-0.483635,-0.722637,0.827486,0.834973,0.975797,0.397462,-0.903542,0.185309,-0.680065,0.709808,-0.673933,0.467275,0.0565375,0.446112,0.81819,1
0.236223,0.607741,0.425466,-0.61498,-0.253629,0.338462,0.59296,-0.678981,-0.660974,0.260149,1.04224,0.651387,0.0111094,-0.418695,0.629965,0.710007,-1.26102,1.26317,0.63481,-0.737074,0.565918,-0.123728,-0.297117,0.0120012,0.540087,0.191002,-0.793624,0.439501,-0.223887,0.41315,0.215473,0.716744,0.453543,0.839103,1
-0.36905,0.66259,0.212277,-0.162558,-0.609009,0.232171,0.186235,0.138818,-0.681973,-0.104086,-0.336568,0.40379,0.252505,0.431534,-0.590012,0.868447,-0.0853963,-0.387105,0.729799,-0.306256,-0.352847,-0.274046,-0.429055,-0.645519,0.407092,-0.542307,0.0151626,-0.129663,-0.128037,-0.245618,-0.617701,0.20755,0.52031,0.870704,1
-0.0148825,-0.484535,0.0847346,0.196906,0.237909,-0.60333,0.052205,-0.0457,-0.702148,-0.240982,-0.849212,-0.0119043,0.0771875,-0.430495,0.821065,-0.0138445,-0.060367,0.59972,-0.786737,0.0519323,0.309973,-0.0784659,-0.32411,0.193877,0.321049,-0.466415,-0.934454,0.141618,0.427526,0.268217,-0.693885,-0.388196,0.57287,0.90553,1
0.0214362,-0.180918,0.429106,0.373524,0.590211,1.46294,0.0921231,-0.112019,-1.08076,0.610578,0.860565,-0.531343,-1.21396,0.294754,-0.144527,-0.136753,-0.332358,0.286819,-0.318704,0.662976,-0.491222,-0.167024,-0.407819,-0.415315,0.638081,-0.369649,-0.747748,-0.0600824,0.948175,0.481411,-0.0169477,-0.571981,0.435249,0.949244,1
-0.210457,-0.176136,-0.0831862,-0.0894836,-0.0521206,-0.497159,1.13223,-0.0118051,0.188638,0.406027,-0.435747,0.218293,-0.597958,-0.302453,-0.213282,-0.484059,-0.338452,0.00829364,-0.477196,0.231214,-0.307418,0.735241,0.267952,-0.289126,-0.83037,0.0953799,0.332396,-0.108654,0.0411068,0.00931114,1.10039,0.831915,0.507049,0.867266,1
1.34705,0.486389,0.405663,-0.194262,-0.105802,0.0472471,0.34366,0.36293,0.323672,-0.491897,0.450085,-0.10047,0.203111,-0.617962,-0.53955,0.0327091,-0.598606,-0.747912,0.545128,0.62366,0.793681,-0.346693,-0.715495,0.396147,0.757076,-0.0202888,0.192332,0.368486,-0.350028,0.738902,0.317803,-1.34266,0.559282,0.81842,1
-0.457677,-0.0933169,0.104835,-1.29597,1.00879,-0.302677,-0.576787,0.18535,0.0661809,0.156852,-0.20776,0.223532,-0.500407,0.132702,-0.981262,0.30125,-0.279523,0.319256,0.0410124,-0.071736,0.572796,0.744553,0.440711,-0.451423,0.793329,0.801851,0.351148,-0.153321,0.273913,0.188182,0.0550897,0.207948,0.462963,0.781431,1
0.149978,-0.0119934,-0.121039,0.221395,-0.154451,-0.0928103,0.374946,0.389828,0.661089,0.309924,0.104552,-0.167175,0.0564785,-0.221499,0.302788,0.597802,-0.686058,-0.227671,-0.40832,-0.385442,0.527665,-0.321847,-0.385668,-0.511375,0.158035,0.352957,0.437703,0.319554,0.189751,0.550997,0.0608547,-0.573135,0.431941,0.813321,1
0.487873,0.712035,0.99917,0.00104796,0.540081,0.624302,-0.480689,0.699384,-0.0229548,-0.258895,-0.240296,0.441911,0.0529873,-0.176669,0.0949878,0.135813,-1.32172,-0.0582257,-0.289971,-0.752762,0.294527,-0.416473,-0.332045,-0.390587,-0.501412,0.550341,0.221206,0.598811,0.686032,0.913997,-0.651432,0.483877,0.567132,0.858643,1
-0.0255145,-0.619615,-0.576296,-0.127365,0.326594,-0.211382,0.329003,-0.143989,-0.117066,0.324033,0.0501806,-0.434639,0.0128459,0.177183,0.318939,0.331397,0.535811,0.311503,-0.416098,-0.90721,-0.113493,-0.431785,0.0945814,-0.0423058,-0.10087,-0.674553,-0.0772728,-0.0142211,-0.857295,0.275551,-0.163012,0.46332,0.561442,0.889576,1
0.0737288,-0.260738,-0.158462,-0.114908,-0.851136,-0.383157,-0.256243,-0.149804,-0.0588097,-0.23226,0.363994,-0.670702,0.584341,-0.706135,-0.229573,0.73161,-0.290525,-0.101617,-0.525013,0.217516,0.162063,0.744205,0.316006,-0.74978,-0.520936,-0.0186704,0.500009,-0.602382,-0.19182,0.381002,-0.757351,-1.03865,0.485758,0.879334,1
-0.187589,-0.610277,-0.360362,0.179632,0.0655888,-1.23412,-0.0881844,0.0655121,-1.01767,0.132438,-0.218663,0.113339,0.0293415,-0.0359317,0.103927,0.468116,0.710115,-0.246762,-0.506392,-0.71195,0.0198005,-1.13961,0.0578931,0.600878,-0.309069,-0.0892716,0.0343359,-0.26548,0.52347,0.223759,-0.327061,0.271417,0.432828,0.833881,1
0.242079,0.0738863,-0.677828,0.458912,0.537562,-0.29617,-0.600534,-0.420637,0.936353,0.600596,0.314278,0.399982,0.524682,-0.293323,-0.190909,-0.809508,-0.379364,0.456759,-1.11413,0.342595,0.715593,0.283798,-1.43199,-0.306469,-0.0180025,0.395939,-0.222165,-0.898421,0.00467514,-0.928592,0.0929853,0.929273,0.426264,0.874302,1
-1.1493,1.06723,-0.686527,0.612078,0.245884,-0.52553,0.245255,-0.901939,0.147647,-0.212303,0.886777,0.341974,0.754597,-0.393832,0.387268,-0.0778497,-0.551303,-0.274393,-0.16721,0.0398508,-0.443021,0.411105,0.0349201,0.650707,-0.454488,-0.107929,-0.9253,0.547563,0.615566,0.822846,0.749617,-0.280918,0.542787,0.851753,1
-1.12989,-0.704019,-0.198513,0.0863824,0.013609,-0.825398,-1.11671,-0.498795,-0.0409458,0.687455,-0.133127,-0.498736,0.0204983,0.754257,-0.140428,-0.758613,-0.00698647,0.299491,-0.607749,0.82154,-0.708922,-0.832354,1.43426,0.0279418,0.132082,-0.273346,0.344152,-0.31545,-0.506826,-0.338389,-0.355443,0.091021,0.427086,0.777642,1
-0.34174,0.32148,-0.499261,-0.0433376,-0.267389,0.116953,0.152066,0.0220772,-0.512652,-0.219486,-1.16068,0.165215,0.585304,-0.128183,-0.343966,-0.251933,-0.077418,-0.419735,-0.00814986,0.492613,0.240534,0.032022,0.321968,0.243035,0.459509,-0.24057,0.0645204,0.501834,0.0696518,0.885304,-0.043773,0.16883,0.577105,0.797722,1
-0.0791072,-0.610412,0.545135,0.397382,-0.638703,-0.385974,0.25043,0.326829,-0.359217,-0.0127728,-1.17995,0.11924,0.16634,-0.450379,-0.0678603,-0.232698,-0.362199,-0.240628,-0.0897614,-0.0217252,0.1982,0.420619,-0.246349,-0.418276,-0.325326,0.0294214,0.593745,-0.343866,-0.730865,-0.449349,0.361748,-0.919699,0.463397,0.861366,1
-0.296558,-0.424253,0.0297033,0.444819,0.0170699,-0.312452,0.0827687,-0.0909921,0.333108,-0.277997,-1.13883,-0.658928,-0.0834602,-0.126598,0.955207,-0.125635,-0.610978,0.555391,0.441571,0.109997,-0.0916557,0.708411,-0.320109,0.249111,0.497493,0.745058,-0.76557,-0.721755,0.101351,0.1224,-0.224874,-0.339692,0.528826,0.82898,1
-0.203992,0.578876,0.0415293,-0.275073,0.32014,0.319416,0.370197,-0.654661,-0.265496,-0.0082258,-0.665218,-0.249124,0.759997,-0.234915,-0.0436044,-0.579011,0.541135,-0.233545,0.782009,1.20293,-0.104374,0.391648,-0.239012,-0.539722,0.35156,0.159965,-0.275233,-0.189668,0.276851,0.179657,0.56457,-0.122923,0.462313,0.80088,1
0.244531,0.133402,0.22317,0.110693,0.363484,7.95,0.362297,0.3624,0.372195,0.253703,0.12258,0.273204,0.251596,0.291868,0.390643,0.102859,0.176015,0.18753,0.386497,0.361799,0.302578,0.310683,0.312931,0.326163,0.138105,0.285054,0.189694,0.186295,0.325028,0.343568,0.135923,0.367326,0.52,0.82,1
0.7216,0.491052,-0.532644,0.142555,0.217196,-0.339095,0.104651,0.0428891,-0.0218076,-0.0240799,-0.257859,0.337729,-0.576716,0.48003,0.21575,-0.146647,0.0274193,-0.167072,-0.554112,0.0906577,-0.211167,0.165721,-0.296802,-0.885033,-0.074261,-0.33038,0.0207165,-0.367526,-0.0857959,-0.3506,-0.275023,-0.308353,0.501756,0.799583,1
-0.462145,-0.419428,0.175358,0.0135344,0.2681,-0.375309,0.525197,0.398506,0.268445,-0.199953,-1.00912,0.93728,-0.142282,-0.850044,-0.0374991,-0.594548,-0.314348,-0.144886,0.169627,0.110151,0.055926,0.956681,-0.354922,-0.927334,-0.468894,0.400898,-0.102334,-1.03542,0.120431,-0.831813,-0.509766,0.30882,0.452193,0.897297,1
0.437732,-0.559237,1.00752,-0.07662,-1.06994,-0.00452696,0.392381,0.835783,0.0537261,1.02497,0.847182,0.268103,-0.49563,0.0543643,0.950498,0.0234653,-0.304789,0.505546,0.0830435,-0.206704,0.00526178,-0.534909,-1.21737,-1.07893,0.339163,0.0312395,-0.466899,-0.360085,-0.191462,0.686709,0.630343,-0.169052,0.521733,0.827037,1
-0.123819,-0.442507,0.541615,-0.485098,0.338673,0.530556,0.565448,-1.26237,0.137044,0.433292,-1.28852,0.227767,-0.531597,0.964029,0.55159,0.00549957,0.0927315,0.585132,-0.258487,-1.06704,-0.188312,0.000472479,-0.354752,-0.155431,-0.510614,-0.667298,0.110473,0.132355,-0.359603,-0.134216,-0.193628,0.159342,0.461553,0.793991,1
0.0402275,0.510074,-0.906864,0.226121,0.643407,-0.632802,0.740006,0.291351,-0.00993238,-0.996348,-0.472226,-0.21684,-0.8333,-0.349412,0.378119,-0.000549756,-0.0679256,0.100065,-0.572099,0.812656,-0.745337,-0.168824,0.852454,-0.439,-0.76319,0.377936,0.487046,-0.0383489,-0.679185,-0.312515,0.21058,0.0960094,0.531524,0.832025,1
-0.388439,0.037105,0.539135,-0.549384,0.0633689,-0.0640121,-0.233548,-0.185003,-0.16079,0.0217392,-0.197885,-0.163635,-0.0187193,-0.351074,0.218975,0.0494254,-0.0954506,-0.214316,0.855762,0.0418365,-0.730011,-0.792346,0.0492498,0.187142,0.0914168,-0.215397,-0.662302,-0.540356,-0.348898,-0.275187,-0.174314,-0.192657,0.513293,0.773091,1
0.387829,0.35218,-0.177714,-0.535938,-0.492766,0.118165,0.18689,0.72249,0.141289,-0.593439,0.0832801,0.010306,0.221223,-0.112618,-0.339528,0.107259,-0.341382,0.492394,-0.118242,0.376962,-0.0389997,0.267923,-0.739988,-0.202129,-0.468882,0.171004,0.531978,0.00883723,0.762325,-0.47951,0.383873,-0.0957107,0.510756,0.904231,1
-0.21958,0.534021,0.0216836,-0.362334,-0.259256,0.587083,0.687378,0.243013,0.223063,0.247898,-0.0292902,0.825242,0.790606,0.334779,-0.502654,-0.183046,0.357325,0.0999332,-0.466992,0.136112,0.435549,1.1107,0.595904,0.089147,0.0474403,-0.553415,0.751392,-0.449685,0.145453,0.14653,0.297866,1.16034,0.550011,0.808075,1
-0.290193,0.113992,-0.92139,-0.929,-0.0986617,0.270263,0.481207,0.830929,-0.60079,-0.999042,0.272643,0.355042,-0.2843,0.0041696,-0.114106,0.709211,0.120788,-0.491899,-0.685269,-0.00878383,0.929479,-0.254689,-0.248187,0.306327,-0.301848,0.626128,0.0890758,-1.00867,-0.621593,0.303743,-1.05469,-0.338307,0.51248,0.783566,1
-0.0192173,0.589152,0.780637,-0.114198,-0.583263,-0.468246,0.492871,-0.0507284,-0.102542,0.147242,0.349484,0.726005,0.270306,-0.613341,-1.05906,0.327699,0.209124,0.410057,0.312885,-0.28349,0.299178,0.15484,-0.372089,-0.667157,0.34347,-0.198363,-0.378994,0.0494011,-0.989039,-0.587097,-0.637645,0.496185,0.505907,0.917303,1
-0.16667,0.27357,0.434983,0.120786,0.174664,0.901992,-0.160384,-0.729909,0.269311,0.117787,-0.164594,-0.0323028,0.0121311,0.882344,0.656412,-0.0603628,-0.306962,0.169274,0.688165,0.755352,-0.812519,0.467227,0.0745194,0.032105,-0.629595,0.106418,-0.244384,-0.206218,0.225543,0.540831,-0.330443,0.797556,0.423294,0.895035,1
-0.863807,-0.527092,0.457607,-0.727685,0.0556183,0.144707,-0.242782,0.544473,-1.08662,0.138857,-0.388693,-0.654629,-0.0843927,-0.65501,0.14936,0.529681,0.834132,-0.528041,-0.508079,-0.723745,0.206009,-0.173097,0.295352,-0.580612,0.668028,-0.746422,0.577196,-0.053957,-0.250187,0.391819,-0.406601,0.870566,0.500402,0.79948,1
0.223946,-0.463027,-0.34022,0.60831,0.0305094,-0.0954458,-0.0668963,0.0189973,-1.08744,-0.0228433,0.180756,-0.0867407,-0.288827,0.0472085,0.258065,0.109229,-0.450556,-0.771346,-0.264796,0.570943,0.236411,0.727727,-0.466539,-0.0851622,-0.464343,0.302377,0.163124,-0.243756,-0.0171028,0.197233,-0.396772,-0.210156,0.569358,0.85021,1
-0.216904,0.348368,-0.29355,-0.748759,-0.327349,-0.361198,-0.198497,-0.388189,-0.103018,0.175526,-0.32453,0.222024,0.151998,-0.344621,-0.642105,-0.289488,-0.082409,0.143832,-0.0549343,0.0275705,-0.648911,-0.36328,-0.158736,-0.162746,-0.295565,-1.19282,-0.340527,0.4585,0.12312,-0.0654229,0.0279066,-0.198571,0.512788,0.919221,1
-0.525274,-0.0246581,0.500843,-0.126176,-0.0110856,-0.0246922,-0.112736,0.22431,-0.240815,-0.180017,-0.613267,-0.252054,0.0364984,0.52029,0.00904747,0.551852,0.956167,0.0441258,0.181641,-0.466433,-0.0598477,0.0923164,0.335599,-0.307272,0.205386,0.668738,0.516595,1.08137,-0.151171,-0.223544,-0.633026,0.689004,0.542279,0.824643,1
0.208135,0.64332,0.694776,-0.850487,0.416993,-0.194041,-0.0729459,0.303596,-0.0388755,-0.204896,-0.695914,0.504396,0.145794,0.747196,-0.0549193,-0.225739,0.732585,-2.63666e-05,-0.282829,0.849516,0.522766,0.536926,-0.477773,-0.348165,-0.015074,-0.12064,-0.547533,0.0545188,0.572671,-0.160873,0.0136982,0.76247,0.551745,0.945921,1
0.0631251,-0.296672,0.293638,0.0757143,-0.608535,-0.46604,0.00699891,-0.557179,0.36759,-0.240917,-1.63957,-0.113102,-0.372418,0.258251,-0.107163,0.752051,-0.0421509,0.00499924,0.134537,-0.213203,0.970247,0.258267,-0.551694,0.0992286,-0.774607,0.159504,0.466072,-0.213905,0.0926651,-0.439692,0.75046,0.0358594,0.423809,0.926014,1
0.0476832,-0.286756,1.04505,-0.42571,-0.119146,0.146707,-0.654493,0.350849,0.19074,0.0544733,0.391,1.16377,0.234363,0.541527,-0.263741,0.760744,0.303979,0.102722,-0.64565,-0.767716,-0.492645,-0.0715917,0.127524,-0.446991,0.0623968,-0.287548,-0.544247,1.38613,1.39529,0.374722,0.321682,0.131722,0.514077,0.870838,1
0.634317,-0.0182325,1.20525,-0.019599,-0.199209,0.0902068,0.715809,-0.0286957,-0.480449,-0.277377,0.246953,-0.451054,0.256212,-0.421801,1.11451,-0.651517,-0.15349,-0.219644,-0.515373,0.307699,-0.364002,0.461139,-1.46742,0.501199,0.388059,0.618841,0.504539,0.277748,0.145396,0.384469,0.490767,0.766134,0.567426,0.836439,1
-0.626885,-0.0986841,-0.89558,-0.416033,-0.231408,0.150672,-0.414888,0.63403,0.104564,-0.345773,-0.381706,0.160073,0.565659,0.207513,-1.21499,1.08116,0.0286705,0.726306,-0.103641,-0.449999,0.109923,-0.102297,0.458651,-0.250111,0.354882,0.202197,0.255783,0.384889,0.0522343,0.518962,-0.64134,-0.492161,0.553437,0.911879,1
-0.0101668,-0.185562,0.239463,-0.339902,-0.0905255,0.408673,0.300794,-0.491201,-0.790091,0.129985,-1.37662,-0.0182395,0.877725,-0.25833,0.567535,0.331685,-0.677546,0.20321,0.505466,0.392723,0.0723933,0.018333,-0.682451,-0.103644,-0.530953,-0.0502302,-0.737112,-0.00126487,0.893135,-0.69959,0.319769,-0.138861,0.48727,0.8783,1
-0.210036,-0.431276,-0.516314,1.09195,-0.211341,0.0186738,0.314728,0.408237,-0.360357,-0.858602,-0.913442,-0.0567703,0.941139,-0.56031,0.202319,-0.487446,-0.0211633,0.0214393,-0.403959,-0.0117962,0.459499,0.571325,0.848089,0.628387,0.00574311,0.179132,-0.120851,-0.0801691,0.762321,-0.392667,0.630574,-0.31578,0.569382,0.817203,1
0.220493,0.0104011,0.741408,-0.763469,-0.342398,-0.10344,-0.311483,0.80558,0.221494,0.092294,-0.147501,0.32214,-1.26459,0.755931,0.134107,1.20088,-0.0608269,0.397653,0.404903,-0.527411,1.01208,0.268,-0.0075161,-0.0966243,0.363772,0.395374,-0.842854,0.837682,-0.328279,0.437984,0.103477,-0.0565111,0.556286,0.84701,1
-0.306439,0.669289,-0.190168,0.860895,-0.223695,0.198339,-0.276238,-1.02125,-0.0566044,0.767743,-0.0761818,0.206936,0.116305,-0.468287,-0.156179,1.27838,-0.124415,-0.340215,-0.75257,-0.0485441,0.0303356,0.92376,-0.0981831,-0.391705,1.15928,-0.0527661,-0.327324,0.00889903,0.288344,-0.119972,-0.388333,-0.122824,0.47629,0.907459,1
0.252027,0.761451,0.16516,0.47223,-0.0968503,-0.303306,0.0339672,-0.747747,0.352304,0.299631,0.240903,-0.309596,0.284299,0.000729474,0.190439,-0.0556389,0.017234,0.140291,0.0515892,-0.161482,-0.0670149,-0.0196094,0.0704934,0.224921,0.354554,-0.0699245,0.166624,0.160112,-0.426111,-1.02546,-0.35524,0.00217846,0.433253,0.782316,1
0.280026,-0.689265,0.415923,-0.62225,0.672183,-0.396553,-0.411314,0.645545,0.000575739,0.899209,0.297613,0.792403,-0.671851,-0.0124488,0.764965,-0.280152,0.895091,-0.771238,-0.146158,-0.313379,0.758537,-0.303539,-0.0926093,-0.251029,0.260976,0.764539,-0.257462,-0.43634,0.474777,0.242181,0.922375,1.00649,0.479378,0.942365,1
0.111265,0.327604,0.118763,-0.188298,0.563899,0.249758,0.0477961,-0.295344,-0.334347,-0.230852,0.428833,-0.546173,0.196906,0.476777,1.12135,0.529661,0.0336144,-0.138654,-0.6027,-0.436015,-1.14906,0.289793,-0.221644,0.486583,0.161527,-0.341665,0.152277,-0.0561802,0.125147,-0.366611,0.0984398,-0.621596,0.462397,0.910016,1
0.35383,0.195773,-0.272525,-0.146702,0.300518,-0.033719,-0.993343,-0.231595,0.285271,1.12483,-0.072014,0.503856,-1.02484,0.135409,-0.349307,-0.505006,0.203328,-0.407958,0.466795,-0.45597,-0.5615,-0.420592,-0.597013,-0.230208,0.83209,0.46209,0.275737,-0.265199,0.152505,0.533819,-0.13347,0.315934,0.466691,0.930257,1
-0.87098,-0.21167,0.223003,0.357947,0.174427,0.219279,0.494802,-0.714651,0.554068,0.557907,0.0338935,0.296274,-0.17805,0.752584,0.00257512,-0.498708,0.531412,-0.201898,-0.49729,0.406224,0.0606744,0.186793,-0.0421689,-1.11312,-0.107723,-0.20711,-0.228957,-0.154166,0.23309,0.178478,-0.19342,-0.176658,0.537854,0.884371,1
0.249406,0.0500675,0.0748176,0.323529,-0.799637,-0.824891,-0.448959,-0.288838,0.18772,0.792934,-0.172995,-0.817929,-1.03354,-0.33938,0.029291,-0.734244,-0.398912,1.27424,-0.287524,0.706551,-0.131378,0.792675,0.3469,-0.817415,-0.165626,0.0126307,0.660714,0.200843,-0.39911,-1.31926,-0.344647,-0.383832,0.422394,0.762837,1
0.096253,0.016101,0.309405,-0.41548,-0.229734,0.634063,0.41608,0.457688,-0.00964592,0.18919,0.232613,0.221914,-0.416995,-0.989368,-0.404235,-0.583863,-0.777404,-0.1166,-0.57402,0.351299,0.231171,-0.313703,0.0504926,-0.549761,-0.13031,0.180078,-0.448323,-1.01176,-0.2394,0.650346,-0.546585,-0.500442,0.478425,0.929328,1
-0.31633,-0.0838255,1.8485,-0.326759,0.486622,-0.212837,0.44353,-0.387981,0.282723,0.0194685,0.11558,-0.753072,-0.444086,0.184478,0.725676,-0.182174,-0.479442,-0.526944,-1.19795,-0.45307,0.255997,0.92439,-0.21734,0.282536,-0.713512,-0.702573,-0.60556,-0.133753,0.178598,-0.836132,0.142,-0.324981,0.472538,0.844895,1
-0.362869,-0.168584,0.351294,0.394837,0.138273,-0.502693,-0.155366,-0.467181,0.206584,0.168316,0.722127,0.533935,0.504879,-0.516473,-0.14753,-0.601664,-0.260414,-0.626674,-0.51222,0.246602,0.293153,-0.408603,0.369787,0.529551,-0.206299,1.9095,0.677747,-0.252178,-0.110198,0.282283,0.54305,-0.609863,0.539717,0.802343,1
-0.157126,-0.404928,0.525786,0.482974,0.498383,-0.851597,0.376236,0.272189,0.160452,-0.402533,1.21568,0.232582,0.225883,-0.586399,-0.333254,0.712152,-0.17128,0.321658,-0.307888,0.279192,0.123634,-0.366584,0.57822,0.8573,-0.662642,-0.102862,0.448549,0.346122,0.520813,-0.538827,1.00571,-0.351047,0.483153,0.767633,1
-0.77045,0.56451,-0.132925,-0.282549,0.610273,-0.0885919,-0.590148,0.0166212,1.33727,-0.172175,-0.665858,0.151715,0.791917,0.00380674,0.499043,0.267811,0.617084,-0.26053,0.381979,0.123328,-0.471249,0.673592,0.324998,0.426522,-0.168653,0.12071,0.421108,-0.61103,0.875452,-0.871897,0.0775356,0.30566,0.441329,0.871065,1
-0.290129,0.151116,0.741954,0.212977,1.07973,-0.0636254,-0.334886,0.640676,-0.366601,-0.966941,0.257173,0.511647,0.407663,-0.41793,0.2081,0.121138,0.209208,0.533908,-0.3541,-0.668669,0.191711,-0.761545,0.972367,-0.0934592,-0.281069,-0.86469,-0.180671,-0.265052,1.2818,-0.0423724,0.084695,-0.278638,0.456357,0.911697,1
0.953032,-0.470452,0.18863,1.52585,0.614988,0.160093,0.177974,0.301036,0.0561539,-0.0220507,-0.822002,0.826668,-0.799953,-0.205599,-0.433843,-0.496478,-0.394678,-0.391583,-0.251192,0.300374,0.758045,-0.626523,0.398713,-0.494488,-0.397395,0.418086,0.316263,-0.378659,-0.672004,-0.130931,0.438825,0.835693,0.562239,0.900466,1
0.209268,0.399003,0.1187,0.24794,0.364966,7.95,0.257854,0.125959,0.168069,0.348698,0.378523,0.162604,0.287374,0.257013,0.326098,0.261663,0.271374,0.201732,0.121196,0.158114,0.142283,0.190764,0.277636,0.213844,0.248956,0.242577,0.180316,0.210297,0.200141,0.288046,0.325595,0.187429,0.52,0.82,1
0.95,0.88,-0.432613,0.0160638,0.159687,-0.00555812,-0.157637,-0.104793,-0.0868001,0.11782,0.434407,0.228522,0.268831,0.0840373,-0.192138,0.488036,0.403782,-0.0126468,-0.347675,0.0382485,-0.224927,-0.0144163,0.47538,-0.196841,0.213446,-0.043648,0.0108348,-0.381742,-0.453891,-0.221948,-0.0479785,0.45757,0.48,0.2,0
0.372464,-0.992587,-0.3154,0.476103,0.444467,0.830865,0.143591,0.115536,-0.157586,0.00991868,-0.682827,-0.177358,0.214478,-0.00220231,0.0855514,0.717426,0.0562223,0.55493,0.434475,-0.180574,-0.750632,0.403021,-0.154327,-0.573654,-0.0825718,0.542086,0.111234,-0.443169,-0.335197,0.296418,0.547944,0.0184082,0.564168,0.783901,1
-0.294698,-0.321454,0.155053,0.158906,0.390967,0.566822,-0.0156451,0.378555,-0.0485222,0.246107,0.607543,1.01662,0.096309,0.365498,-0.0974498,-0.773498,0.21275,0.0452893,0.156286,0.431972,0.722469,0.691331,-0.989515,0.0598781,0.166703,0.287965,-1.07701,-0.0873678,-0.444215,-0.278231,0.811517,0.158212,0.459974,0.765506,1
0.336112,0.379575,0.157215,0.0645582,0.698476,0.17423,-0.198874,-0.0374991,0.32187,0.830572,-0.217268,0.595302,0.456868,0.41794,-0.122651,-0.0138327,0.191282,-1.1131,-0.382902,-0.55742,-0.435345,-0.384037,-0.137475,0.0419864,-0.848993,-0.137822,0.213196,-0.694017,1.73077,-0.107092,0.0400695,-0.526627,0.529694,0.767451,1
-0.225174,-0.488214,-0.0463994,-0.41795,-0.456181,-0.721272,0.709492,-0.0550782,-0.397012,0.0523488,0.226271,-0.369547,-1.0158,1.1387,-0.4745,-0.222829,0.465112,-0.199745,-0.374174,0.805189,-0.39044,0.0478885,0.080398,-0.597089,0.611753,-0.439128,-0.014681,0.708387,0.0582693,0.0871188,-0.124045,-1.26053,0.53709,0.793229,1
0.4371,0.166913,-0.195035,0.165537,-0.946398,0.222888,-0.250216,-0.311154,0.574062,-0.103963,0.383492,1.31607,0.171426,0.816353,-0.0939926,0.359799,-1.36992,0.849628,0.60644,-0.612126,-0.0160768,-0.297868,-0.0203692,0.125681,0.0496902,0.577096,-0.687101,-0.102387,0.475744,0.393463,-0.339415,-0.0767996,0.455957,0.849385,1
-0.118781,-0.382189,0.440194,-0.0936169,-0.198528,-0.0893703,-0.214919,-0.236539,-0.549962,0.216097,-0.205411,-0.549907,-0.736762,0.156806,0.224019,-0.272824,-0.408437,0.45727,0.884014,0.31736,0.762329,0.338754,0.290534,0.516765,0.300948,-0.133275,0.246395,-0.502562,0.233206,0.0457911,-0.0398657,-0.48361,0.4538,0.909315,1
-0.895752,-0.43662,0.246348,0.167855,-0.750407,-0.0441453,-0.140796,0.15116,-0.117875,0.861872,-0.511735,-0.0743058,0.349437,1.21725,0.60786,-0.145858,-0.296106,0.191643,-0.208085,-0.292734,-0.293474,-0.600487,0.688285,1.09567,-0.741251,0.0124442,-0.495195,0.0200707,-0.327798,-0.761867,0.0302001,-0.427808,0.494676,0.771677,1
-0.128883,0.0137675,0.266519,0.140474,0.703284,-0.182293,0.606941,0.616103,-0.0861606,0.860166,0.35362,-0.562645,0.115654,-0.182858,0.0867775,-0.179537,0.358661,-0.34772,-0.436693,-0.13343,0.322241,-0.379997,-0.562377,-0.228218,0.689682,0.686989,-0.358331,0.840122,0.258255,0.388893,0.0516199,0.0238074,0.504524,0.880218,1
0.217447,0.220877,0.414678,-0.69992,-0.114207,0.307884,0.30216,0.379258,-0.834688,-0.450693,0.50247,0.202304,0.40377,0.143127,0.113037,-0.264056,0.722573,0.255385,-0.152492,0.0164407,0.0949281,0.05421,0.585751,-1.03233,0.305667,-0.437234,-0.257561,-0.576923,-0.0304949,0.0755923,0.633292,0.684175,0.544123,0.884204,1
-1.02101,-0.26805,-0.243809,-0.124523,0.0791794,-0.579448,-0.715269,0.657611,-0.41447,0.558228,-1.06614,-0.043874,1.13791,-0.116638,-0.318916,0.0511353,0.897574,-0.482513,0.508691,-1.28094,0.0494271,0.310459,-0.424102,-0.553473,-0.151103,-0.427929,-0.0793517,0.946365,-0.467369,-0.0383426,-0.284995,-0.378321,0.431776,0.765572,1
0.155244,0.305233,0.118372,0.396876,0.365133,7.95,0.134499,0.305084,0.292649,0.249043,0.334876,0.186522,0.307841,0.368647,0.251049,0.250562,0.109439,0.250649,0.271084,0.313993,0.118236,0.38867,0.23129,0.390189,0.186032,0.283728,0.10087,0.272782,0.150471,0.157908,0.211345,0.323309,0.52,0.82,1
0.0423667,0.390601,0.75318,-0.0747311,0.970052,0.638111,0.154178,-0.1937,0.430931,-0.0355987,-1.0458,-0.301066,0.190241,-1.53581,0.0759173,0.42417,-0.77647,-0.984131,0.910692,-0.995094,-0.820803,-0.500371,0.481272,0.434426,-0.380823,0.237048,0.283064,0.0791287,0.468236,0.311871,-0.255789,-0.563672,0.452465,0.893349,1
-0.228888,0.0435002,-0.123793,0.570772,-0.537148,-0.144037,0.0721856,-0.559481,-0.0613909,0.774734,-0.32111,0.19061,0.827954,-0.428137,-0.0100843,0.245562,-0.136486,0.0012788,0.0819391,0.0234555,-0.453653,0.420861,-0.209059,-0.983399,0.638049,0.229525,0.165898,0.105711,0.363839,0.516174,-0.251943,0.0661257,0.563265,0.848925,1
0.389561,0.051075,0.12738,-0.886025,-0.605289,0.674093,0.913192,0.289113,0.400736,-0.930825,-0.150119,-0.578278,-0.920895,0.459459,-0.5603,-0.292242,-0.651079,-0.15299,-0.672881,-0.105957,-0.190102,-0.341485,0.252233,0.265809,-0.0130503,-0.0513664,0.418725,-0.480483,-0.0592588,0.46326,-0.0624195,-0.604312,0.518512,0.916523,1
-0.170554,0.157885,0.3768,0.281346,-1.06088,-1.11169,-0.503502,-0.754334,0.677242,-0.148163,-0.414389,-0.408091,0.738008,0.651751,-0.463181,0.253436,0.0351185,0.450989,0.0683047,-1.14762,-0.102927,-0.202484,0.85663,0.0707024,0.471575,0.716179,0.00955324,-0.318161,-0.046203,0.158481,-0.144288,0.0057935,0.576084,0.765706,1
0.290078,0.564359,-0.519044,-0.504287,-0.218151,0.302738,0.338803,0.310792,0.0789852,-0.241693,-0.0188294,-0.318133,-0.38825,-0.201758,0.507639,0.0623324,0.775081,-1.00652,-0.868558,0.714072,0.560507,-0.628808,-0.189092,-0.18401,-0.360491,1.49264,-0.381334,-0.187264,-0.932912,0.325963,-0.123182,0.493133,0.423534,0.908898,1
-0.294787,-0.87576,-0.729893,-0.220479,0.411091,0.074652,0.929419,-0.102576,0.356339,-0.784589,0.281561,0.0380386,0.136305,0.668561,-0.444753,-0.299745,0.174781,0.344618,-0.137401,0.513025,-0.33822,-0.318751,0.5902,0.170531,0.0226108,-0.465323,-0.657267,-0.343903,0.224347,0.458477,-0.199326,-0.523168,0.454042,0.924945,1
-0.508867,0.0945512,-0.357528,-0.200429,-0.373835,1.13247,0.578816,-0.0458363,-0.248837,0.297201,1.13116,0.473506,0.633624,0.243254,-0.199261,0.576519,-0.609734,0.256477,-0.297839,0.934146,1.19027,0.082126,0.0800585,0.459305,0.187176,0.227239,1.28213,0.204416,0.271324,0.139,-0.46508,0.593618,0.460527,0.812046,1
-0.115087,0.534013,0.43191,-0.0837477,-0.128457,0.204148,0.610437,-0.873365,-0.203407,0.465935,-0.0114113,0.827929,-0.309971,-0.319139,-0.262022,1.06312,0.538668,0.0875334,0.588615,-0.276699,0.23594,-0.383699,0.347975,0.00656995,-0.00757955,-1.11111,-0.173984,0.522867,0.130811,-0.673806,-0.374522,-0.090932,0.51661,0.834888,1
0.474469,0.677865,0.240033,0.104645,-0.482014,-0.0355444,-0.201233,-0.864415,-0.629528,0.271541,-0.0503306,0.0984031,-0.823636,0.45333,-0.519767,0.343872,0.146467,-0.557934,0.207907,0.147927,0.19494,-0.486524,-0.0331699,-0.48683,-0.43981,-0.18937,0.823735,-0.469331,0.366614,-0.272428,-0.553268,-0.793433,0.543916,0.917584,1
0.305205,0.163063,0.244446,0.235924,0.358397,7.95,0.21613,0.1995,0.275357,0.204044,0.169293,0.37871,0.278837,0.167478,0.100657,0.380102,0.131164,0.102859,0.337658,0.279585,0.216186,0.206057,0.263282,0.29915,0.318012,0.392027,0.14176,0.272483,0.148025,0.318194,0.187884,0.116218,0.52,0.82,1
-0.55518,-0.380901,-0.710522,-0.715079,0.324814,0.56963,-0.377234,0.028987,0.574077,-0.00170636,-0.218679,0.321,0.481822,0.227007,-0.155181,-0.089421,-0.113812,-0.862799,0.444918,-0.160603,-0.669234,-0.803208,0.996593,0.678226,0.576372,-0.444921,-0.495372,-0.438999,-0.222612,-0.0387218,0.56525,0.155815,0.424446,0.909392,1
-0.334076,-0.254921,-0.369437,0.0944489,-1.28127,-0.510759,0.0298957,1.09145,-0.037571,0.463277,-0.100225,-0.534911,-0.418599,0.66476,-0.248309,0.971911,0.838361,-0.266555,0.533494,0.726333,-0.425654,0.00694522,-0.882644,0.816314,-0.525444,0.498411,-0.0919724,-0.0231197,-0.99646,0.342268,0.591283,-0.459581,0.471163,0.808366,1
-0.617985,-0.848742,0.228343,-0.140879,0.299085,0.0980842,-0.173221,-0.489514,-0.60558,-0.232472,0.300261,-0.990547,0.662443,0.393933,0.112485,-0.530118,-0.868071,-0.453505,0.0480844,0.709073,0.0671085,0.798438,-0.770148,0.068055,1.55454,-0.318215,0.841611,0.493792,-0.395541,-0.457841,-0.39099,0.143623,0.494816,0.836385,1
-0.706352,0.986571,0.67082,0.302614,-0.0838741,0.0546244,-0.772351,0.857057,-0.357585,0.272004,-0.186362,-0.121878,-0.285382,0.489639,0.0736875,0.230997,-0.175066,-0.656956,0.249434,0.855191,0.056173,0.462996,0.298999,0.245519,0.568864,0.901408,0.704614,0.056495,-0.253782,0.1975,-0.295415,0.538398,0.547513,0.863492,1
-0.121916,0.500262,-0.198077,0.285318,0.0639245,-0.804297,-0.460578,0.726552,0.209746,0.753212,-0.413814,0.563418,-0.0650666,0.190966,0.521501,-0.239599,-0.749326,0.523658,-0.652901,-0.382329,0.653266,-0.544637,-0.56708,-0.351072,-0.664851,-0.164395,0.718378,0.30457,-1.38399,-0.607634,-0.255579,0.274312,0.497285,0.883052,1
-0.791837,-0.947717,0.698091,-0.450249,-0.586727,0.201559,0.113951,0.633188,0.00706538,0.248082,1.59093,1.12957,0.237478,0.452539,0.277021,0.0798176,-0.478893,0.583172,0.511634,0.0319013,-0.211744,0.222518,-0.277159,-0.0664056,0.54607,0.844753,-0.443576,-0.286411,0.0243807,0.292355,0.0862155,0.226689,0.467318,0.805095,1
-0.442837,0.0587444,-0.608409,0.339644,0.258193,-0.0423425,-0.176007,-0.36255,0.661773,0.276846,0.471024,-0.288149,0.590864,0.417373,-0.11049,-0.569839,0.0560226,-0.241047,-0.681441,0.0379914,-0.523317,-0.869571,-0.19828,0.443813,-0.389777,0.369624,-0.229443,0.613734,0.240978,0.228921,-0.89008,-0.155184,0.553863,0.912976,1
-0.147502,-0.596641,-0.523639,0.0240698,-0.385177,0.276762,-0.281599,-0.712889,0.91184,0.75693,0.397271,1.04953,-0.35508,0.0582638,0.103363,0.757814,-0.0328436,-0.405301,0.206466,-0.21195,0.193433,0.799107,-0.20118,0.098105,0.38193,-0.0975261,-0.0656127,-0.817429,0.739256,-0.193267,-0.177659,-0.106967,0.556536,0.837557,1
-0.409329,-0.36042,-0.213364,0.462924,-0.23083,-1.19065,0.0320435,1.24494,0.0729312,0.13821,-0.24765,0.15185,0.289979,-0.0385735,0.868077,0.958413,-0.257853,-0.125808,0.374479,1.22873,0.0314981,-0.285172,-0.248753,0.315041,-0.0539627,0.113504,0.165846,0.12046,-0.525676,-0.239043,0.135177,0.016938,0.511296,0.761003,1
0.220283,1.10785,0.468081,-1.33877,0.0733309,-0.260073,-0.365575,-1.09687,0.613177,0.802122,0.547186,-1.02583,-0.7036,-0.216809,0.418074,-0.292708,0.439343,-0.0375671,0.729385,0.0567006,-0.308368,0.34403,-0.298941,0.225126,-0.0457629,0.49925,0.298026,-0.0195936,0.243024,1.14659,-0.520462,-0.0538146,0.480473,0.803965,1
0.472057,-0.167003,0.0683837,0.387242,-0.588173,0.215092,-0.388276,0.13773,-0.833378,0.525408,0.189401,-0.863287,0.410854,-0.28098,0.00262462,-0.149612,0.158801,0.0121071,0.573914,-0.103236,0.126506,0.124264,-0.0341973,0.809206,-0.387421,-0.611295,-0.480899,-0.0874516,0.319854,0.4446,-0.0153393,-0.860578,0.465718,0.925026,1
0.739119,-0.161976,-0.318285,0.42002,-0.255824,0.734469,-0.108115,-0.21089,0.118855,-0.384736,-0.708306,-0.00356238,-0.301338,0.552485,0.257487,0.693989,0.664,-0.472075,0.100786,-0.249006,0.158984,-0.212253,0.473735,0.221629,0.618509,0.909573,-0.321559,-0.106531,0.132274,1.07748,-0.504659,0.724794,0.504074,0.835566,1
0.331694,0.254203,-0.56098,0.82119,0.4839,-0.978067,0.156139,0.349199,0.477053,0.642497,-0.37573,0.0894667,-0.152339,0.326726,0.603514,0.0535821,0.451681,0.465339,-0.172871,0.536861,1.12802,-0.0743442,0.141451,0.630446,0.0805494,0.14475,-0.489598,-0.0485147,-0.814562,-0.00222434,0.257965,-0.340853,0.533699,0.777279,1
-0.104112,0.433211,-0.399913,0.728253,-0.219663,-0.337698,0.679357,0.639112,0.675655,-0.843164,-0.0629658,0.559026,0.818877,-0.508315,0.449047,-0.0582068,0.364605,-0.552582,0.984417,0.320459,-0.262222,-0.595216,1.01981,-0.192487,0.224152,0.216066,0.416138,0.931757,-0.123497,-0.348104,-0.372508,0.0134872,0.442224,0.795795,1
0.0147113,-0.375347,-0.519538,-0.209404,0.813454,-0.0441016,0.175036,0.586849,-0.0276333,-0.00475837,-0.392727,-0.0935449,-0.724161,0.542254,0.524187,0.177933,-0.168383,-0.157372,0.551568,0.594606,0.475762,-0.667871,-1.05765,-0.424539,0.188396,0.323378,0.644177,-0.00428441,-0.515942,-0.248958,0.0232516,-0.236205,0.449614,0.76186,1
-0.257524,0.430473,0.430712,0.246564,0.831145,-0.202731,-0.265226,0.488377,0.164161,-0.224368,0.140751,0.804578,0.0901819,-0.78672,0.0266551,-0.238333,1.00493,-0.0402119,0.255654,0.231439,-0.899316,0.767323,0.1775,-0.106557,-0.00054526,0.842178,0.836461,0.28713,0.588848,0.385995,0.580316,-0.561256,0.577274,0.922246,1
0.95,0.88,0.348101,-0.417486,0.0916765,-0.158365,0.0919015,-0.417018,-0.190977,-0.461607,0.489714,-0.379846,-0.272402,-0.322537,-0.407775,-0.329788,0.256553,-0.400697,0.0463612,-0.444915,0.412875,-0.374975,0.107777,-0.0207122,-0.223289,-0.0701329,-0.0688347,-0.0952361,-0.10999,0.378213,-0.148286,0.122562,0.48,0.2,0
0.230283,0.478926,0.58465,-0.0398026,-0.522717,-0.0373093,0.086129,0.250317,1.0689,-0.161991,-0.801589,-0.0485852,0.0613027,-0.269406,-0.144078,0.240853,-0.588122,-0.698575,0.110408,-0.103634,-0.214677,-0.130955,-0.461311,-0.274529,-0.233615,0.642762,-0.585821,0.0270508,-0.475745,0.399841,-0.641325,0.250154,0.494768,0.814769,1
-0.212188,-0.232366,-0.231736,-0.26799,0.481387,-0.117283,-0.32983,0.912604,0.326234,-0.0840224,0.126449,0.543423,0.062575,0.592067,-0.438247,-0.586529,-0.292797,0.644255,-0.196934,0.138913,0.230663,0.431079,-0.318167,-0.446341,-0.107272,-0.757449,1.22745,0.000880637,0.620758,-0.137556,-0.112204,0.40201,0.436175,0.936193,1
0.24497,1.1395,-1.22563,-0.146628,0.422593,1.28807,-0.011524,0.124592,-0.442755,0.365126,1.00663,-0.063951,-0.64712,-0.213944,0.340635,0.0912053,-0.154934,-0.0118558,0.317349,-0.530746,-0.0288153,-0.346792,0.491434,-1.01808,-0.132171,1.1047,0.390904,0.0824771,-0.485003,-0.681504,-0.642417,0.0159442,0.448261,0.924165,1
-0.521213,0.563715,-0.0917401,0.56648,-0.473717,0.477667,0.766803,0.258811,-0.253412,0.314897,-0.067618,0.461072,0.266205,0.475303,0.217092,0.715079,-0.390973,-0.0792863,-0.260716,-0.537623,0.572028,0.246668,-0.03963,-0.0484293,-0.0987317,-0.482542,0.20133,-0.512002,0.460209,0.0726483,-0.0147505,-0.310514,0.488736,0.948121,1
-0.188851,0.302996,-0.239271,0.60033,0.571757,1.00299,-0.53062,0.548097,-0.0249256,0.0968742,-0.409788,-0.321124,-0.0427331,-0.0921665,0.248595,-0.505135,-0.559758,-0.648105,0.498935,0.130423,0.0854759,0.00688772,0.033077,-0.407855,0.155096,0.813755,0.543479,-0.0565906,-0.0221386,0.0249266,-0.149929,0.0106167,0.579881,0.903674,1
-0.628502,0.513373,0.426298,-0.418184,-0.930132,-0.624077,-0.437432,-1.14628,-0.40622,-0.252345,0.743932,0.00742726,0.234696,0.647136,0.454941,-0.149769,-0.360302,-0.617196,0.526087,0.70022,-0.202616,-0.823508,-0.589106,-0.364586,0.00586957,0.369501,0.0905999,-0.644536,-0.0118782,-0.131811,-0.83944,-0.515898,0.514709,0.81541,1
0.012454,0.429306,-0.90196,-0.393514,0.370131,-1.10219,0.77331,-0.268476,0.249038,0.328146,-0.444361,-0.0244812,0.356243,0.457945,-0.124974,0.0446208,-0.450115,0.307779,-0.23926,0.593664,-0.311564,0.555871,0.0543955,-0.801195,-0.600309,-1.21926,-1.12959,0.172934,-0.192959,-0.427997,0.00642711,0.248002,0.514425,0.925582,1
0.0361854,-0.245654,0.554357,0.100828,-0.122199,-0.0902,-0.0546274,1.10152,0.47629,-0.218849,-0.00624218,0.906138,-0.227547,-0.574255,0.47237,-0.102336,0.157568,0.138056,0.613459,-0.343224,-0.276027,0.812109,0.108861,-0.31756,0.205962,0.408368,-0.247794,0.411278,0.0207297,-0.0851266,-0.0426695,-0.96552,0.451702,0.789311,1
0.41889,-0.608309,0.51931,0.361876,0.572256,-0.368887,0.794316,0.13136,0.636993,0.430927,-0.684984,0.250149,-0.203441,0.216089,-0.42541,-0.119634,1.18948,-0.699267,-0.434807,-0.0868153,0.527353,-0.194014,0.0389917,-0.80177,-0.385239,-0.202379,-0.667945,0.691837,-0.348324,0.755435,-0.0225759,-1.22147,0.470177,0.825259,1
0.566751,-0.0791769,0.262908,-0.00968785,0.0389492,-0.325824,0.0607647,0.204135,0.390743,-0.271198,-0.145962,-0.119768,-0.374244,0.212396,-0.170107,-0.445851,-0.199863,-0.0365869,-0.296011,-0.441636,-0.276703,-1.00729,-0.535004,-0.101278,0.59029,-0.381178,0.115355,-0.584772,0.419153,-0.32271,-0.993556,0.560256,0.476621,0.785841,1
0.710121,0.473015,0.304491,-0.276257,-0.521029,0.525415,-0.855342,0.046459,-0.0484526,-0.49688,-0.119967,-0.649905,0.24712,0.111472,-0.0964251,0.302095,0.264121,-0.613057,-1.12824,-0.525007,0.658514,0.361173,0.057794,0.862492,-0.86419,0.164437,0.342716,1.16199,-0.154006,-0.0125067,0.139734,-0.478575,0.565652,0.915445,1
-0.0865222,0.357312,0.297804,-0.0263346,0.0185961,-0.363353,-0.0442641,0.252966,-0.281849,0.0958143,-0.00418051,0.349644,-0.346954,0.111648,0.0493938,0.193249,0.402107,-0.454019,0.521332,-0.537456,-0.813666,-0.980332,0.228942,-0.528939,-0.210249,0.155733,-0.75943,-0.0997565,-0.135509,0.00602846,-0.558463,1.01671,0.568176,0.834922,1
0.1875,0.243739,-0.233529,-0.441945,-0.175237,-0.243356,-0.450697,0.124951,0.477814,-0.0926808,-0.857697,0.484751,-0.176656,0.0459134,0.728887,-0.277473,0.0937317,0.230293,-0.747034,-0.150932,-0.52914,-0.110903,-0.521038,-0.0165109,0.151569,0.461661,-0.590146,-0.0875821,0.0771621,0.250713,-0.805552,0.0677004,0.435179,0.845069,1
0.175894,0.00216334,0.395375,0.10382,-0.298431,0.133014,-0.577552,-0.681174,-0.443147,0.428834,-0.0295756,0.0303215,-0.339321,0.0384653,-0.357271,-0.07355,0.00985388,-0.358114,0.790683,-0.00277788,0.181978,-0.0143723,-0.460635,0.448092,-0.58496,0.243684,-0.143067,0.755134,-0.185893,0.673555,0.535057,-0.555778,0.471892,0.823236,1
0.176083,0.0395783,-1.76691,-0.839257,0.132186,-0.215813,-0.262206,-0.554212,-0.578127,0.218829,-0.395443,-0.241818,0.533471,0.383171,0.221654,-0.316773,-0.0963896,0.243948,0.171548,0.709992,-0.385268,0.0792498,0.0181716,-0.123274,-0.233908,0.0591674,0.328061,0.74547,-0.26511,-0.527332,0.0261122,-0.35059,0.560817,0.872365,1
-0.272004,0.272418,-0.770704,-0.580424,0.075773,0.0265872,-0.207479,-0.357926,0.314082,0.54727,0.241181,1.34229,-0.599259,0.809019,-0.139914,0.609435,1.31931,0.169601,-0.425406,-1.00415,0.154904,-0.210382,0.130771,-0.535661,-0.367488,-0.0952091,-0.22165,0.243265,-0.0629212,0.152838,0.323996,-0.468599,0.467087,0.833267,1
-0.176351,-0.604559,-0.357346,0.339023,0.331662,-0.217866,-0.519063,0.449623,0.400902,0.557276,0.0239826,0.861651,0.0466763,-0.2219,-0.291687,0.519964,-0.624071,0.179953,0.548602,0.242255,-0.108099,-0.0593491,-0.348587,0.167562,-0.279749,-0.677479,0.0575266,-0.214669,-0.280045,-0.0246047,0.0375324,0.38828,0.483069,0.797183,1
-0.418842,-0.32571,0.503468,-0.733642,0.0657164,-0.0292937,0.245444,0.764859,-0.167315,-0.565227,0.259837,0.0917363,0.556408,0.0628689,-0.328839,-0.703324,0.00454516,-0.805549,-0.238771,-0.339567,0.49003,-0.678373,-0.0897503,0.564657,-0.661145,-0.274302,0.103535,0.0786922,0.109923,0.511504,0.632683,-0.0685612,0.47426,0.907017,1
-1.08251,0.0998729,0.071192,-0.462319,0.353185,0.58639,-0.742419,-0.20922,0.374356,-0.794397,-0.616422,-0.275057,0.57522,-0.212507,0.295,-0.0391715,-0.697681,0.226745,0.602817,0.183027,0.0420077,-0.29523,0.30628,-0.362713,0.118563,-0.05727,-0.304169,0.224201,0.173225,0.469057,0.200763,-0.327388,0.528962,0.871669,1
0.194894,-0.514133,0.0179884,0.897206,0.427006,-0.623639,0.199643,0.469717,0.355936,-0.241985,0.703329,-0.131612,0.0676498,0.536469,-0.142187,0.186402,-0.219245,0.3716,-0.270348,-0.110055,-0.349136,0.366634,-0.538478,0.256746,0.173558,-0.0205238,-0.769515,-0.409756,0.384525,0.254715,0.270848,-1.55174,0.436318,0.81782,1
-0.144361,0.658067,0.369858,0.189765,0.0886036,-0.551677,0.281023,-0.160161,-0.685583,0.129197,0.0581886,-0.128702,-0.55783,1.08965,0.960128,-0.258712,-0.0825947,-0.454819,0.833244,0.623966,-0.226186,0.0992378,0.151006,-0.820769,0.0904805,0.836303,0.192238,0.331242,0.583034,0.468831,-0.366182,-0.309212,0.494002,0.792748,1
-0.449369,0.332277,0.554899,0.527026,-0.0565925,0.36135,0.270224,-0.337204,0.132301,0.610564,0.862801,0.500916,0.184167,0.402097,0.11377,0.144164,0.135705,-0.624214,0.725263,-0.60649,-0.298558,-0.476535,-0.676386,-0.14342,-0.159236,-0.63044,0.761599,-0.580209,0.049472,-0.429954,0.18969,0.0141751,0.519736,0.799981,1
0.473222,0.0939802,0.215815,0.391843,-0.235072,-0.437661,0.465231,-0.0143199,-0.703431,0.24343,-0.517484,0.142398,0.31051,-0.18037,-0.24424,-0.103908,0.538554,0.55686,-0.604449,-0.569141,-0.214385,0.30634,0.572089,0.163661,0.286183,-0.452831,0.538399,-0.747781,-0.0593915,-0.626777,0.420529,-0.624882,0.43084,0.792834,1
0.232157,0.286045,0.228218,0.216998,0.228304,7.95,0.195644,0.363633,0.327298,0.286308,0.174416,0.152336,0.304449,0.268292,0.220043,0.273507,0.329638,0.12298,0.109694,0.321312,0.234734,0.286852,0.379977,0.324988,0.133004,0.169526,0.398093,0.127951,0.193737,0.185146,0.375136,0.301018,0.52,0.82,1
0.719792,-0.362175,-1.1953,-0.318565,1.12025,0.0931007,-0.283326,-0.452935,-0.743022,-0.3728,0.0463245,0.106998,-1.15464,0.722221,-0.48548,-0.731173,0.317171,0.355765,0.073061,0.152394,-0.464144,-0.13507,0.0578757,-0.134996,0.107505,-0.485337,0.650732,-0.134531,-0.278837,-0.33617,0.618665,0.0379883,0.538803,0.82085,1
1.22194,0.128324,-0.00766229,0.0474613,-0.236036,-0.632764,0.116504,-0.581498,0.410139,0.125851,0.0036474,-0.505492,0.175493,1.37379,0.289224,0.372113,1.13818,0.0285034,0.804739,-0.133106,-0.249328,-0.571173,-0.642923,-0.655297,-0.623328,-0.0771689,0.184607,-0.124552,-0.579686,-0.275008,-1.19202,-0.701274,0.471284,0.869707,1
0.729893,0.325189,0.726179,-0.851598,-0.843106,-0.28851,0.385208,0.651249,0.110153,0.175222,-0.379313,0.678795,-0.367239,0.0495242,-0.00753346,-0.791412,-0.669914,-0.331891,0.040012,-0.533741,0.0792535,-0.468946,-0.755682,-0.095156,-0.191422,-0.244861,-0.203057,0.17318,0.614866,0.175857,0.381759,0.0537463,0.487704,0.901482,1
-0.265498,0.285768,0.571348,-0.158808,0.0744264,-0.130363,0.486768,0.901677,-0.188349,0.781451,-0.307479,0.323274,0.930536,-0.492895,0.280021,-0.560652,1.42907,0.114196,0.368553,-0.127987,-0.179988,-0.530348,-0.323143,0.123881,0.570751,-0.894169,-0.0165669,0.943984,0.53965,0.470676,-0.623807,0.115403,0.500496,0.866957,1
0.369885,0.295372,-0.832773,-0.939505,0.851827,-0.378795,-1.1331,-0.531133,0.798622,-0.0620155,-0.723182,0.410802,0.417516,-0.460222,-0.573513,0.747053,-0.392937,0.166417,0.0926941,0.535347,-0.49301,-0.539318,-0.214341,-0.125346,-0.0664649,-0.652288,-0.0637886,-0.378082,0.0713724,-0.271408,0.0906374,0.924277,0.438732,0.80255,1
0.785479,-0.148,-0.118679,0.662864,-0.315589,-0.126982,-0.334159,-1.00073,0.683319,-0.723445,-0.555235,-0.793454,0.224181,0.54833,0.619485,0.650313,0.434812,-0.352746,-0.100007,-0.424094,-0.540452,0.462265,0.330225,-0.790143,0.342756,-0.179903,-0.918244,0.66069,-0.593936,0.348205,-0.674821,-0.148612,0.51044,0.85504,1
-0.0917541,-0.330905,0.611468,-0.143931,0.563108,0.14891,0.627914,-0.0267342,-0.304998,-0.0909869,0.705927,0.0668167,1.04001,-0.993785,-0.947789,0.711804,0.174339,-0.938116,0.170744,-0.0146827,-0.113708,-1.16698,0.929942,0.19736,1.02365,-0.572384,-0.667175,0.426611,-0.416077,0.0956354,-0.221163,0.460717,0.452949,0.934207,1
0.132225,0.393016,-0.526798,0.463357,0.359166,-0.381097,-0.133762,-0.947507,0.263067,0.305287,0.379329,0.274975,0.43467,-0.299405,-1.23264,0.553206,0.624559,-0.477266,0.549747,-0.629455,-0.672067,-0.5938,0.382663,1.58403,-0.338052,-0.817305,-0.318318,-0.0422364,-0.280761,-0.279216,0.487358,-0.445773,0.567641,0.939104,1
0.640503,0.505068,0.1086,0.05715,-0.0234227,-0.14841,-0.580226,0.480656,0.534533,0.221861,0.398888,0.462491,-1.04676,-0.253921,0.486268,0.573615,-0.287003,-0.362547,0.778304,1.00234,1.08302,-0.142019,0.248865,0.659895,-0.533293,-0.835731,0.147866,0.465427,-0.100779,0.350281,-0.0913858,0.8911,0.553285,0.93235,1
0.522599,0.272731,0.395715,0.681639,0.438228,-0.624345,0.927647,-0.380954,-0.37898,-0.237636,0.0230258,0.34315,-0.633836,0.191365,0.723172,0.297059,0.51428,-0.256012,-0.0518205,-0.464897,-0.775881,-0.501168,-0.284951,-0.922167,0.598238,-0.812426,0.781637,0.445423,1.05481,-0.0171631,-0.141358,-0.166403,0.524722,0.945541,1
0.487541,0.412143,-0.369273,-0.471875,0.557394,-0.563063,0.166896,1.13111,-0.627666,-0.658859,0.443429,-0.174913,-0.568676,0.607355,0.472894,-0.299923,0.260455,0.016346,-0.171894,-0.182197,0.327906,-0.24552,-0.0101236,0.849187,0.0512775,-0.231452,-0.203731,-0.219181,-0.493091,0.0106164,-0.121502,-0.184652,0.490448,0.845657,1
0.397066,-0.692891,-0.670416,-0.218759,-0.302587,0.324293,0.440758,-0.0757548,-1.03035,0.169745,-0.621179,0.491214,0.298274,0.634107,-0.482017,0.206964,-0.134865,0.71498,-0.218212,0.0801075,0.525103,0.754591,0.252233,-0.749097,0.283161,0.522504,0.147168,-0.437019,-0.58313,-0.0570112,0.339413,-0.271029,0.428907,0.894963,1
-1.0863,-0.153367,0.310734,-0.674204,0.0957323,0.35484,-0.592086,-0.469619,-0.0906147,-0.808201,1.095,0.281556,0.278601,-0.202716,-0.28515,0.158803,-0.0947945,-0.782908,0.0277472,-0.35567,0.680144,-0.38806,0.154547,-0.794313,0.274419,-0.127141,0.327273,-0.438187,0.245745,-0.667425,-0.18721,-0.100353,0.452733,0.805065,1
-0.149551,-0.0497452,0.20435,1.09575,-0.237212,-0.058119,0.193613,-0.691864,0.663605,-0.102162,0.0633907,-0.0343872,-0.418183,0.752978,0.107969,0.609722,0.309034,0.710631,-0.622861,-0.0401119,0.0155191,0.220621,0.479949,0.688232,-1.00216,-0.42874,-0.335113,0.233904,0.097551,-0.964745,-1.33761,0.559825,0.429273,0.843592,1
-0.152972,-0.783111,-0.420972,0.153036,0.241168,-0.322414,-0.710496,-0.117931,0.0453484,0.953393,-0.267124,0.179631,0.577731,0.169445,-0.132295,0.295032,-0.0818355,-0.514679,-0.187083,0.229472,-0.421719,-0.931395,-0.242672,0.42752,0.426412,0.54017,0.14056,0.907345,-0.466826,0.776393,1.57637,-0.824844,0.519314,0.800796,1
0.967089,0.381503,0.182369,-0.661425,0.107163,0.606027,0.171383,0.146338,0.455207,0.119304,1.29154,0.267461,-0.00819965,-0.7102,0.921409,0.529486,0.763,-0.787245,0.829075,-0.368613,-0.00511668,0.226005,-0.0455069,-0.340546,-0.221892,-0.856318,-0.137799,0.000947036,-0.48199,-0.459699,-0.0240482,-0.603276,0.571222,0.764046,1
0.78524,-0.977977,-0.574261,-0.178114,0.886149,-0.66273,-0.233586,-0.130112,0.324621,0.314278,-1.10256,-1.4132,-0.559722,0.173435,0.377172,0.438958,-0.0909589,-0.190295,-0.131582,-0.696431,-0.187495,-0.194624,0.056309,-0.157732,-0.208507,-0.717803,0.0764984,-0.0303798,0.460294,0.480678,0.047686,0.379845,0.463982,0.938481,1
0.419464,-0.483112,0.682897,0.197909,0.0338894,-0.0953281,-0.477473,0.0536242,0.340736,0.00256038,-0.658859,-0.849372,0.189189,0.192104,0.871843,-0.413845,-0.825074,0.0536717,-0.090953,0.877616,-0.951853,0.314324,-0.0903852,0.0539804,0.290662,-0.630545,0.393575,-0.719462,-1.03807,-0.225535,-0.778758,0.571703,0.551565,0.919164,1
0.300995,1.02726,0.600592,0.755272,-0.639754,0.16884,0.39161,0.178688,0.170547,-0.496444,0.0770857,0.992363,0.741363,-0.226054,0.949653,0.0903472,-0.310116,0.665976,-0.124596,-0.32436,0.416423,-0.2207,-0.130133,-0.715104,1.08757,-0.576521,0.0287225,-0.379826,-0.0355942,1.10064,-0.49498,-0.326623,0.424608,0.870045,1
0.314233,0.292656,0.352316,-0.139638,-0.490238,0.70574,0.363649,-0.0815888,-0.0420159,-1.39868,0.266317,0.116307,-0.523081,1.08005,-0.188908,0.082853,-0.803449,0.610895,-0.00160735,0.0101874,-0.729269,0.195678,-0.048426,-0.139945,0.00184586,-1.01741,0.0714509,-0.182838,0.412876,-0.121008,-0.0926583,-0.060828,0.541855,0.798494,1
0.0737765,-0.0494621,-0.10124,-0.211805,-0.711216,0.247856,-0.0555122,0.0332631,-0.111187,0.315483,0.397402,0.312438,0.427099,0.0317217,0.226837,-0.424705,0.968853,-0.576283,0.000116625,-0.670725,0.349547,-1.28679,0.149703,0.0776441,0.277257,0.37507,0.0103246,-0.493864,-0.475069,-0.519677,-0.0143139,-0.331337,0.531494,0.862254,1
0.390927,-0.51463,0.279263,-0.14273,0.721897,0.830156,0.100938,-0.517269,0.107119,-0.37086,-0.201449,-0.00349239,-0.15437,0.308837,0.410779,-0.300898,0.0442213,-0.488245,0.114016,-0.615815,0.185264,-0.588934,-0.82313,-0.113033,-0.265821,-0.274433,0.88995,-0.614658,-0.446378,-0.479702,0.613435,-1.2196,0.52965,0.842625,1
-1.05472,-0.391882,-0.455274,0.656621,0.637685,-0.898378,-0.684904,-0.0793797,0.236586,-0.424212,-0.163933,0.268693,0.29832,-0.126209,-0.711025,0.349823,-0.214423,-0.65395,-0.180946,0.155581,0.676768,-0.605124,0.516338,-1.09252,0.282903,-0.0914533,-0.368545,-0.27716,-1.24201,-0.141655,-0.754734,0.157494,0.4468,0.926723,1
-0.0730012,-0.784058,0.0110993,0.0502492,-1.28975,-1.01428,-0.672678,-0.174972,0.292206,0.956269,-0.2239,1.24074,0.469563,1.15653,0.768059,-0.0523302,0.0548223,-0.562541,-0.840087,-0.543431,-0.0747512,-0.128978,-0.21645,-0.0702577,-0.296989,-0.667481,0.701842,0.0578368,-0.29007,-0.321438,0.233168,-0.429961,0.548094,0.765403,1
0.202991,0.00251399,-0.436274,-0.855069,0.249448,-0.379365,0.722595,0.616959,0.298433,0.692793,0.0267071,-0.232265,0.245568,-0.156376,-0.124084,-0.305461,1.31413,-0.668126,-0.283782,-0.211814,0.205923,-0.426476,-0.672887,0.529703,-0.242725,-0.626492,0.778196,0.0727864,-0.647715,-0.52113,-0.667707,0.00365165,0.575887,0.817701,1
-0.471802,-0.441496,-0.609833,0.354435,0.864178,0.121879,-0.37407,0.117789,-0.312871,0.0942392,-0.097285,0.648818,-0.388156,-0.110218,-0.149081,0.767235,-0.997755,-0.509803,0.448636,0.432851,-0.408,-0.666676,0.0612452,0.137828,0.0328338,0.26163,0.783602,0.829165,0.289331,-0.199654,-1.00121,-0.506875,0.559152,0.830811,1
-0.425833,-0.831045,0.251877,0.563266,0.0722883,0.551841,0.0280616,-0.316663,-0.761176,0.282816,-0.364567,-0.309116,0.661097,0.0322732,-0.192983,-0.670719,-0.917478,0.35814,0.434406,0.333485,-0.194229,0.6066,-0.174815,0.285762,-0.127206,0.296068,0.408045,-1.01582,-0.239987,0.497261,0.255584,-0.262419,0.482938,0.852394,1
-0.221624,-0.877433,-0.710578,-0.102793,0.819263,0.971158,0.0379639,-0.227447,-0.504483,-0.0264755,-0.536633,-0.0706502,0.517511,-0.283278,-0.25241,0.597515,-0.0910062,-0.454527,-0.0748159,0.33868,0.285085,-0.450848,0.42687,-0.410976,-0.214779,0.400867,0.594235,-0.836226,-0.0789437,0.715001,-0.134303,-0.413186,0.495624,0.796318,1
-0.862548,-0.543698,0.221132,0.453072,0.364283,0.450729,0.56848,-0.191074,0.932089,-0.225484,0.430942,0.81513,0.554682,0.324525,-0.289813,-0.170429,-0.776036,0.40393,0.244436,-0.831267,0.373564,0.141309,-0.793469,0.200239,0.378193,-0.697348,-1.0534,0.0673427,0.196788,0.531696,0.253541,0.847128,0.438474,0.764499,1
0.161778,-0.0599298,0.0522306,-0.50608,-0.786092,-0.335498,0.551727,0.00990914,0.19076,-0.612834,-0.681422,0.151747,-0.659015,0.352616,-0.159141,-0.321651,-0.534553,-0.436979,0.0798111,0.559148,-0.916351,0.778628,0.16945,0.14254,0.155759,0.122503,0.425338,0.574809,1.24937,0.0220801,0.176909,1.28991,0.424395,0.876619,1
-1.08296,-0.233304,-0.659993,0.0343868,-0.999701,-0.33959,-0.505904,0.219001,0.211312,0.111465,0.128018,0.101679,-0.0528074,0.376181,0.300826,0.065093,-0.206391,0.13282,-0.414478,-0.106939,1.1127,0.105079,-0.185225,-0.324852,0.0578516,0.209595,1.21511,0.207911,-0.0140463,-0.562084,0.287584,0.890185,0.446211,0.911754,1
0.280067,-0.45571,-0.270124,0.390505,0.29901,-0.39996,0.980346,-0.641843,0.764526,-0.613991,-0.383778,0.0857906,0.700865,-0.721143,-0.298604,0.291219,-0.787349,0.115023,0.266877,0.860404,0.146963,-0.641593,0.632788,0.086423,-0.625511,0.222424,0.473649,-0.709887,-0.632042,-0.339354,0.257874,0.603459,0.522257,0.839169,1
0.27899,0.341092,-0.940583,-0.57759,0.00910099,0.160034,0.0203275,0.50634,0.295835,-0.137729,-0.338936,-0.35171,0.107773,-1.34434,0.321948,-0.679841,0.0672426,-0.853298,0.310471,0.627571,0.64546,0.169291,-0.864057,0.17428,0.147469,0.134476,0.820158,-0.396747,0.0977286,-1.01579,-0.119713,0.123408,0.420586,0.778027,1
-0.913163,0.294738,0.0632548,0.379421,-0.237313,-0.165451,1.09145,-0.579965,-0.27803,-0.679734,0.956753,-0.635989,-0.282223,0.394624,0.496735,-0.418761,-0.514404,0.687978,-0.307621,0.114912,-0.599887,0.133204,-0.555444,-0.120334,0.848315,1.06424,0.17831,-0.225486,0.150286,0.0273599,-0.846965,-0.306037,0.472093,0.832556,1
-0.105956,-0.881372,-0.972524,0.283773,-0.442833,-0.226962,0.779262,0.218541,0.566553,-0.523692,-0.355676,-0.142326,0.338343,0.444817,0.249339,0.256387,-0.0773369,0.267808,-0.785737,0.0284951,-0.452738,1.07421,0.479296,-0.0138814,0.412867,0.696681,0.0410727,-0.400631,0.243018,-0.357979,0.107153,1.02649,0.446218,0.894243,1
0.455186,-0.271854,-0.0446705,0.10951,-0.398485,0.244774,-0.662698,0.707708,0.385523,-0.257461,-0.0840025,-0.221832,-0.389259,0.101887,0.726453,0.363546,-0.00739653,-0.151779,-0.538081,0.432824,0.0572738,-0.292927,-0.274862,0.0755959,0.74422,-0.639676,0.409571,0.0736053,-0.293181,-0.974168,-0.288543,-0.147071,0.448357,0.949099,1
0.332934,0.721875,0.194499,0.248175,-0.532081,-0.365208,0.249386,-0.942035,-0.124227,1.01608,-0.628701,0.298116,1.11848,0.00485365,0.0275204,-0.141647,-0.816642,-0.186911,-0.511666,0.335819,0.613036,0.375065,0.680575,-0.197421,0.261517,-0.205307,-0.357315,0.045714,0.319038,0.336912,0.013141,-0.240871,0.457145,0.817211,1
0.441594,-0.315433,0.150004,-0.869612,0.334404,-1.45232,0.125528,-0.252489,-0.295764,-0.402341,-0.707281,-0.277666,-0.0229198,0.424077,0.966651,-0.186039,-0.108822,-0.0814362,0.902287,-0.343176,-0.485035,-0.141982,0.550974,-0.4279,0.478248,-0.734363,0.119394,-0.484109,0.41519,0.389814,0.0810687,-0.593876,0.523361,0.888855,1
0.146105,-0.940024,-0.0381402,1.1245,0.106353,-0.441911,-0.5728,1.30209,0.0829773,-0.0722931,0.000788589,-0.114019,-0.166377,1.00056,-0.275605,0.777188,1.05681,-0.400491,0.565299,-0.3776,-0.618991,0.874587,-0.625426,0.0741723,-0.175451,-0.0650406,0.482873,0.112935,0.39886,-0.296386,0.489795,0.789487,0.542598,0.851847,1
0.246629,0.171384,0.221804,0.235023,0.105676,7.95,0.176955,0.156474,0.20582,0.188079,0.147724,0.343424,0.240666,0.374074,0.337777,0.263355,0.169614,0.22134,0.39607,0.182939,0.22632,0.1354,0.119527,0.131756,0.317306,0.202417,0.166642,0.16923,0.399668,0.344778,0.15372,0.163303,0.52,0.82,1
0.278608,0.0569631,0.160652,0.608838,-0.274428,-0.925616,0.471839,-0.249109,-0.160438,0.0398307,-0.807261,0.210274,-0.24571,-0.461048,0.076751,0.422055,0.149738,0.871944,0.0226044,0.298379,0.889879,1.13485,0.261509,-0.660408,0.24896,-0.474737,0.375087,-0.0332449,0.502871,0.714149,0.260551,-0.358973,0.537344,0.776208,1
0.192462,0.748631,-0.413118,-0.378798,0.508612,-0.51913,0.0910443,0.160649,-0.616245,0.266823,0.105036,0.4297,-0.222036,-0.833235,0.897616,-0.196055,-0.174681,-0.770525,-0.410029,-0.00316751,-0.450279,-0.505205,0.245831,0.260563,0.144114,-0.220241,-0.460512,1.01443,-0.519101,-0.0696541,0.534128,-0.240199,0.530403,0.947848,1
-0.532164,-0.657188,0.213719,-0.115003,-0.58832,-0.184599,-0.131079,-0.235068,-0.439664,-0.578548,0.230094,0.442378,0.0528863,0.199043,-0.0377382,0.11767,-0.484888,0.264052,0.152018,-0.445975,-0.14065,-1.13022,-0.422427,0.199902,-0.205495,-0.0551797,-0.387142,-1.07005,-0.09665,0.106788,-1.45438,-0.476632,0.479815,0.94809,1
0.0773304,-0.21115,0.0197154,0.647448,-0.0962175,-0.629544,-0.639674,-0.589947,0.61053,0.116183,0.0155446,-0.492717,-0.517635,-0.43326,0.406756,-0.346089,-0.131964,-1.0971,-0.0327062,0.48369,0.613663,0.430713,0.178492,-0.458818,0.794806,0.0479101,-0.83651,0.709355,0.353734,-0.257952,0.212555,0.787687,0.530778,0.896709,1
-0.635751,-0.0591328,-0.225272,-0.0557678,-0.816917,0.191672,0.0295086,-0.513831,-0.187135,0.184727,0.0256896,0.298383,-0.31201,0.545879,0.435141,0.31681,0.214272,0.407274,-0.453099,-0.545932,-0.0748187,-0.0300655,0.207156,0.262962,-0.290726,0.256758,0.501407,0.31052,0.016694,0.173283,-0.136456,-0.209811,0.434218,0.902242,1
0.366748,-0.313693,-0.213395,-0.446077,-0.267612,-0.111361,-0.890905,-0.0316698,0.122616,-0.364594,-0.30609,1.09118,0.0300403,-0.168864,0.424796,-0.330543,-0.614631,-0.89117,0.0175978,-0.222553,0.0270988,-0.47816,0.281932,0.769159,0.516614,-0.393872,0.346427,0.420107,-0.0588028,-0.277652,0.311627,0.312851,0.446845,0.92409,1
-0.940026,-0.0673114,-0.787539,0.500239,0.553729,-0.477233,-0.605157,0.528938,0.700582,0.458043,0.0645192,-0.0585331,0.135092,0.569689,-0.236566,-0.188473,-0.440857,0.0882231,0.28819,-0.179583,-0.282388,-0.022273,-0.658847,-0.188609,-0.124765,-0.170228,0.1248,0.107094,0.0268043,0.105737,-0.102617,-0.0115577,0.517656,0.789864,1
-0.174656,-0.491748,0.154337,0.378836,-0.549776,-0.731245,0.156981,0.454113,-0.523097,-0.165536,-0.843299,0.200946,0.301081,-0.603227,0.686186,0.334287,0.472836,0.0814292,0.763424,-0.756818,-0.217958,0.0680243,-1.04737,0.54445,-0.197051,0.0430748,-0.519775,-0.635133,-0.0253326,-0.441938,0.197674,-1.24609,0.541139,0.870716,1
0.0227676,-0.239436,0.292662,0.11051,1.5263,-0.643484,0.199891,0.112771,0.00964623,0.0444924,0.321467,-0.903406,0.539761,-0.117693,-0.619305,0.716372,0.204018,0.691512,-0.465397,0.62122,-0.0153072,0.362968,0.182806,0.219941,1.09348,-0.266,0.0964317,-0.172271,0.261748,-0.538607,-0.322728,-0.25788,0.511672,0.949214,1
-0.250821,0.486165,-0.254731,0.525469,-0.476328,0.637494,-0.140072,0.0989013,0.604081,-0.592661,0.740184,0.137326,0.448654,0.69705,-0.0545493,0.415856,-0.23294,-0.334407,-0.0413894,0.982127,0.121991,-0.771484,-0.562879,-0.122834,0.060438,-0.349523,-0.634918,-0.309175,0.694804,0.927416,0.234713,-0.119341,0.47133,0.870011,1
0.107906,-0.617455,0.300341,0.640118,-0.762554,0.885149,0.572587,0.260008,-0.273928,-0.800936,-0.262618,0.564264,0.174981,-0.606861,0.338468,0.909469,0.398739,0.273965,0.12633,-0.0895918,-0.366075,-0.322963,-0.0252333,-0.164539,-0.172789,-0.549282,-0.290194,-0.588609,0.421372,0.221981,0.784841,-0.225572,0.459214,0.87841,1
-0.38389,0.224196,0.0992996,0.251253,-0.0795235,0.443788,0.803369,-0.0473331,-0.0117419,-0.368503,-0.402462,-0.406457,0.144308,-0.0889605,1.05468,0.673292,0.257529,1.15174,0.427097,0.174498,0.140276,-0.421521,-0.0936736,-0.964767,-0.592519,0.863727,0.189339,0.141921,-0.211914,0.348344,-0.605197,-0.116349,0.427442,0.922238,1
0.0911288,-0.430689,-0.330741,0.388726,-0.201626,-0.34147,-0.880966,-0.675711,-0.117268,0.249901,0.147155,-0.470844,0.444563,-0.726833,0.136826,-1.03999,-0.870902,-0.0616281,0.10616,-0.976095,0.686137,0.106882,0.176515,0.481907,0.676778,-0.0091651,-0.321424,0.0471148,-0.0443108,-0.211131,0.540828,-0.00199968,0.484143,0.773615,1
0.174176,0.28548,0.380631,0.363707,0.36957,7.95,0.22237,0.344237,0.319023,0.111931,0.306415,0.393085,0.387659,0.185989,0.263929,0.120966,0.271233,0.36594,0.10507,0.398166,0.246327,0.34916,0.231046,0.127615,0.149873,0.379861,0.259764,0.260867,0.394948,0.242128,0.120225,0.307468,0.52,0.82,1
0.581118,-0.177613,0.249479,-0.328679,-0.451633,-0.31579,-0.203446,0.00300028,0.993349,-0.236233,-0.209012,-0.486936,0.0910084,0.232556,0.882531,-0.0676726,0.16836,-0.488553,0.00688958,-0.365293,-0.0773717,-0.590073,0.459373,-0.0481535,-0.0959325,0.24778,0.729979,-0.566578,0.0462322,-0.177933,0.19078,0.576237,0.458435,0.87002,1
0.331257,0.216612,-0.0464368,0.872346,-0.299483,-0.255308,0.193473,0.404021,-0.2643,0.112748,-0.496346,-0.12443,-0.26526,0.293784,0.516293,-0.705576,-0.284254,0.667053,0.387512,-0.338071,-0.0418727,-0.245138,0.486689,-0.283177,-0.0512423,-0.534808,-0.337597,1.0038,-0.269464,0.39856,1.25956,-0.413756,0.497802,0.782442,1
0.628777,0.00893118,-0.120656,-0.00665924,-0.0790273,-0.45375,-0.500707,-0.241847,-0.708396,-0.551564,0.147862,-0.51554,-0.104775,0.231588,-0.629047,0.626468,0.389944,-0.0324415,-0.582419,0.0489782,-0.220402,0.329928,-0.876007,0.320498,-0.0284829,0.464935,0.136428,-0.0485202,0.593732,-0.00582185,-0.291666,0.345542,0.538628,0.820723,1
-0.0325383,-0.111317,1.08219,0.497984,0.634969,-1.1519,0.0754428,-0.211249,-0.37045,-0.714828,-0.249662,-0.235502,0.551331,0.376494,0.185151,-0.694514,0.365544,-0.252043,-0.24095,-0.365751,-0.600334,-0.337558,0.182187,0.636606,-0.479844,-0.142226,-0.00327788,0.248784,0.672012,0.106175,0.86441,0.306893,0.517147,0.856382,1
-0.818315,0.200489,-0.504437,-0.508693,-0.506076,0.178427,0.0587148,0.836462,-0.530362,0.960613,-0.499596,-0.150276,-0.3989,-0.85991,-0.221282,-0.288915,-0.156264,-0.474305,-0.485067,-0.291873,-0.263878,-0.0232398,0.282212,1.18575,-0.492248,-0.134186,-0.392991,-0.811325,-0.0211889,0.287266,0.279878,0.223089,0.474303,0.914815,1
-0.249821,-0.130588,0.964971,-0.381996,0.526863,0.707385,0.125993,0.243852,0.19404,-0.325892,-1.2116,-0.709855,-0.34736,1.25593,0.0863046,-0.797449,-0.214234,0.153276,0.991059,0.868704,-0.419989,0.114426,0.361975,0.697562,0.552058,-0.810681,-0.535245,0.569776,-0.0246915,0.464358,0.0692879,-0.235601,0.530099,0.793066,1
0.337725,-0.402609,-0.103981,0.23844,0.27864,-0.147112,-0.283394,-0.80589,0.0345557,0.155847,0.461097,-0.231824,-0.162657,0.0553147,-0.694907,0.0801776,0.780972,0.771801,-0.203966,0.593994,0.326665,0.403484,0.0578042,0.192694,0.197363,0.1558,-0.0302211,0.456267,0.0966724,-0.233775,0.256185,-0.23522,0.443063,0.762145,1
0.183385,-0.917424,0.458393,0.458418,-0.477894,0.652224,0.966562,-0.196945,-0.504563,0.00205048,-0.170734,-0.0670317,-0.572755,0.215829,-0.058279,-0.356032,-0.560852,-0.0750933,-0.255382,1.82345,-0.0996997,-0.0482833,0.542368,0.687995,-0.051501,0.277799,0.5925,0.0910875,0.310964,1.03093,0.401811,-0.0535004,0.506185,0.941051,1
-0.570077,0.548187,-0.314595,0.198474,-0.271002,0.556215,0.115592,-0.457226,0.472165,0.408165,-0.179747,-0.443299,-0.3963,0.0406968,-0.036112,-0.425574,-0.307635,-0.0520577,1.01485,-0.661016,0.940407,-0.311327,-0.792443,-0.286519,0.568492,0.247298,-0.0969689,-0.645402,-0.037946,0.618745,-1.04369,0.36865,0.536909,0.821861,1
0.491519,0.130277,-0.350695,0.244152,-0.745118,0.828459,-0.0588147,0.109551,-0.0338787,0.452569,-0.0242946,0.316184,0.126638,1.01111,0.531761,-1.10276,1.11574,0.181614,-0.495911,-0.686058,-0.281746,-1.38133,-0.151202,-0.308016,-0.228012,0.518362,0.29167,-0.224277,0.463044,0.497963,-0.417815,-0.0911775,0.482655,0.857003,1
-0.508052,-0.732672,0.999627,0.390112,0.522855,-0.42305,-0.0869914,0.0553691,-0.318638,0.595956,0.0648273,0.584249,-0.698635,-0.0321355,0.606751,-0.830089,-0.137096,-0.0774638,-0.105615,0.360282,-0.420694,-0.0745205,-0.0121225,-0.043428,0.249992,1.01834,-0.620595,-0.411227,-0.305173,-0.0267169,0.0656959,-0.183166,0.564097,0.793574,1
0.242273,0.243242,-0.556841,0.0908993,-0.0138209,1.15955,0.120516,-0.134388,0.0802845,0.460255,0.267333,-0.272985,0.353233,-0.318135,-0.253401,0.101401,0.754565,-0.367374,0.32729,-0.282517,-1.0106,0.554649,-0.561225,-0.546051,0.102814,-0.128587,-0.24512,0.378353,0.653486,-0.141171,0.623987,-0.356539,0.53138,0.767076,1
0.859755,0.141642,-0.0500442,0.720831,0.128702,0.907516,0.848357,-0.197919,-0.229938,-0.0732206,-0.486653,0.649674,-0.0681496,-0.536982,0.982686,0.116222,-0.0374831,-1.1889,0.595793,-0.41869,0.750413,0.350509,0.470124,0.341199,-0.341501,-0.447785,-0.80859,0.4395,0.137668,0.0903038,-0.21468,-0.504086,0.437672,0.874849,1
-0.772606,-0.254233,-0.322111,1.11091,-0.126255,0.939648,0.395389,-0.745972,-0.553633,-0.0193551,-0.0700376,-0.340053,0.355811,-0.538977,-0.134444,0.0681763,-0.117449,0.569497,-0.393417,0.515601,0.0238643,-0.439686,0.304562,0.0245898,0.213843,-0.0935998,-0.10008,-0.413754,-1.2174,0.333981,-0.471977,0.643668,0.513692,0.880132,1
0.642077,-0.843952,0.348541,0.130858,-0.221475,0.200404,-0.407954,0.187666,-0.590086,-0.388367,-0.3102,-0.0605233,-0.149668,0.0708945,0.188092,-0.15929,0.379517,0.618187,-0.00873555,0.574126,0.388148,-0.655611,0.38855,-0.253238,-0.298604,0.298268,0.114309,0.0119856,0.358009,0.847661,0.571141,-0.475654,0.527539,0.872971,1
-0.6419,-1.01466,-0.8742,0.56644,-0.756655,-0.352404,0.0980885,-0.561955,-0.492559,-0.10943,0.096346,-0.255499,0.153925,-1.14682,0.157483,-0.433245,-0.208587,0.790263,-0.747437,-0.133558,-0.313396,-0.000344485,-0.105315,0.0376532,-0.586637,0.282469,0.0995294,0.309312,0.156008,0.298712,0.213104,1.05626,0.480251,0.798623,1
0.262088,0.179759,0.214831,0.108989,0.129691,7.95,0.136318,0.215434,0.201849,0.267179,0.178355,0.142438,0.300711,0.394525,0.155042,0.358381,0.297249,0.281027,0.341752,0.313714,0.246954,0.130298,0.30126,0.184558,0.25938,0.20726,0.318644,0.265142,0.234158,0.109184,0.348959,0.355892,0.52,0.82,1
-0.0626093,-0.22039,-0.0262031,-0.034707,0.0730421,-0.429274,-0.341499,-0.267704,-0.128174,0.0095973,-0.0716534,-0.164085,-0.324399,0.39609,-0.0458653,-0.318553,-0.267956,0.420999,-0.324056,1.14675,0.118976,0.334437,-0.286287,0.192423,-1.07588,-0.104796,-0.201419,-0.0397227,0.146899,1.18954,-0.0530237,0.471755,0.507578,0.919249,1
0.28064,-0.227055,-0.406737,0.418111,-0.110732,0.228775,0.100734,0.554907,0.216084,1.15241,-0.528949,0.31943,-1.50874,0.551507,1.07061,1.32951,0.302777,0.580867,-0.375541,-0.464464,0.419396,-0.777868,-0.846669,-0.208226,-0.694418,-0.449759,0.371237,-0.436792,-1.0743,-0.286415,0.4816,-0.899115,0.462871,0.887417,1
0.569875,1.06227,0.550405,-0.987893,0.354027,0.299516,0.511475,-0.365588,-0.354095,0.0525785,-0.076163,0.202289,0.322048,0.0192613,0.0644165,-0.342451,0.109787,0.472415,1.23231,-0.126074,-1.07078,0.194263,0.377046,0.641933,0.0619861,-0.767786,-0.486733,-0.932048,-0.0223435,-0.975551,0.303088,-0.270812,0.520966,0.827232,1
0.340105,0.179865,-0.295131,-0.261929,-0.772487,-0.259244,0.254709,0.739403,0.465843,-0.0588636,0.0763511,0.475532,0.209996,0.0803319,0.757003,0.367857,-0.178947,0.801375,-1.03692,0.498236,0.065203,-0.0490358,-0.260653,-0.216421,0.853857,0.0878992,-0.396381,0.169908,0.234069,-0.143672,-0.534059,0.101691,0.497248,0.90436,1
0.127517,0.38942,0.324571,-0.882063,-0.501898,-0.157952,-0.335204,-0.443524,0.895198,-0.109311,0.472887,-0.49038,-0.625227,-0.221402,-0.110818,-0.0501037,-0.501867,-0.525918,0.145989,0.244737,0.511698,0.110664,-0.571758,0.688392,0.812902,0.544571,-0.514374,-0.226773,-0.370732,-0.993462,0.38123,0.277512,0.43221,0.87896,1
0.705885,-0.755306,0.180235,0.525304,0.210424,-0.742673,-0.569024,-0.312146,0.733142,-0.251107,0.92283,0.439867,-0.536331,0.0281133,-0.352772,-0.0782242,0.371565,-0.356805,0.444799,-0.466186,1.23445,1.3969,-0.00987434,-0.334485,0.469291,0.11639,0.423275,-1.02465,0.0612641,-0.0138824,0.321929,0.00417115,0.573345,0.860788,1
0.190602,0.24886,-0.302348,1.12266,-0.941975,-0.935967,0.944187,-0.700294,0.743441,0.789146,0.762437,0.233097,-0.689619,-1.05088,-0.394986,-0.263577,0.245446,-0.827003,0.665808,-0.00800789,0.177673,0.0951297,0.123268,-0.245675,-0.423561,-0.192948,-0.788227,0.423623,0.246541,-0.523396,0.202989,0.334587,0.480463,0.893286,1
0.689244,0.0609685,-0.413469,-0.577218,-0.761928,0.240364,0.744791,-0.150691,0.344048,0.222188,0.130087,-0.0728393,1.55016,0.494795,0.453954,0.257846,0.497786,0.112163,0.237659,0.374832,-0.56617,0.2218,-0.595787,0.395979,0.774797,1.10045,0.835041,0.125005,0.176249,-0.323527,0.109753,-0.242594,0.548942,0.833583,1
-0.33047,0.302635,0.614231,-0.811795,-0.0795295,0.355145,0.443166,-0.10394,0.653179,-0.845265,-0.543251,-0.538156,0.118661,0.474304,0.124127,0.816004,0.185076,1.50304,-0.131794,-0.126569,0.289126,-0.551027,-0.515624,-0.829396,0.18708,-0.039858,1.21094,0.117211,0.564506,0.149397,0.350659,0.200761,0.533189,0.864354,1
-0.370945,-0.53436,-0.0347062,0.199682,0.135598,-0.568034,0.061829,0.122268,0.28921,-0.204103,-0.405853,-0.491669,0.315189,0.0115128,-0.25565,0.0372167,-0.391474,0.797447,0.0528331,-0.377751,0.250377,0.299491,-0.18427,0.359645,0.795061,0.894864,-0.319972,-0.0761442,-0.806017,0.764304,1.16456,0.474474,0.496457,0.783557,1
-1.04104,-0.0875031,0.290505,-0.790127,-0.501075,-0.677448,-0.58671,-0.276627,0.714204,0.710149,-0.40817,0.790709,0.0134923,-0.335887,0.497038,-0.249871,0.488434,0.962404,1.08259,1.15832,-0.207771,0.923701,-0.489753,0.640648,-0.126282,0.269959,-0.265186,-0.437372,-0.887461,-0.428527,0.0209997,-0.351812,0.573045,0.935254,1
-0.430739,-0.349942,0.430746,0.0572985,0.212356,-0.101424,0.249095,-0.97888,1.05889,-0.656041,-0.397735,-1.02925,-1.17707,0.569973,-0.0880501,0.0984635,0.668113,0.653322,-0.306504,-0.14605,-0.0744874,-1.31709,-0.188662,0.445859,0.00129231,-0.766656,-0.513002,-0.0742413,0.158329,0.331315,-0.404295,0.234483,0.532142,0.945603,1
-0.197952,-0.0346146,-0.476219,1.26931,0.323879,-0.0546674,-0.639601,0.0752538,0.274666,-0.277718,0.0565055,-0.0606687,-0.262228,0.403218,0.401712,-0.129994,0.644058,0.436919,0.281749,0.728637,-0.587586,0.720339,0.215833,-0.521261,-0.111332,-0.40592,-0.257064,-0.399453,-0.730437,0.951296,0.0177968,0.699261,0.549438,0.888652,1
-0.099138,0.797628,-0.20158,-0.438312,-0.310283,0.242974,0.0106309,-0.246712,0.737163,0.234935,-0.180553,-0.229774,-0.190905,0.418776,-0.381154,0.323433,0.820986,-0.322265,-0.443745,-0.272055,-0.152544,0.104172,-0.362929,0.392646,0.590678,0.753154,0.788927,0.212455,-0.0913116,-0.531987,0.435466,0.433241,0.554628,0.917037,1
-0.0282162,0.39167,-0.401545,-0.497967,0.290295,0.280989,0.64447,-0.348904,-0.30542,-0.120717,-0.0431366,0.109145,1.12531,-0.227422,-0.205704,0.190782,-0.103376,0.0664163,0.737767,-0.189567,0.311158,1.0195,-0.687775,0.491909,-0.279791,0.190909,0.587384,0.265947,0.354974,0.0102271,0.820691,1.00665,0.469676,0.76014,1
-1.06976,-0.0329622,-0.785875,-0.114773,0.206641,0.102091,-0.227071,0.128134,-0.491914,0.383351,0.277393,-0.164651,-0.247584,0.0418738,0.110013,0.0260129,-0.0896282,-0.158197,-0.0666968,-0.195903,0.559811,0.733405,-0.495917,0.160448,-0.202855,1.00916,0.432233,0.425014,0.418665,-0.151299,-0.040413,0.829001,0.455584,0.937263,1
0.530156,-0.139348,-0.48073,-0.0149049,-0.300188,0.254514,0.175292,-0.126185,0.577879,-0.199553,0.139588,-0.282668,0.0743306,-0.241538,-0.341415,0.467531,-0.0791894,1.09259,0.210058,0.319994,-0.489449,0.140806,0.726925,0.417869,-0.179748,0.419517,0.585449,0.116488,-0.150474,-0.0981117,-0.012039,-0.524667,0.551815,0.787865,1
0.313832,0.221991,0.179055,0.343783,0.106167,7.95,0.347381,0.30802,0.308489,0.36964,0.168034,0.250046,0.181908,0.260195,0.200448,0.319541,0.204861,0.376923,0.128275,0.193752,0.182843,0.116758,0.324512,0.246873,0.202794,0.109906,0.123413,0.368051,0.1431,0.33043,0.376003,0.247545,0.52,0.82,1
0.309448,-0.192089,0.0619843,0.353834,-0.501844,-0.128134,-0.257328,0.772185,0.0979969,-0.635672,-0.156824,0.169106,-0.547576,-0.356922,-0.214459,0.129028,0.154912,0.635751,0.548405,0.0051931,0.380483,-0.0770687,0.445565,-0.144371,0.204036,0.316022,-0.0323056,-0.140428,-0.699922,0.919782,-0.144119,-0.332292,0.454143,0.820831,1
0.101935,-0.153479,0.174002,-0.118697,-0.340964,0.937093,-0.0974801,-1.31319,0.119861,0.124271,-0.198441,-0.298181,-0.597769,-0.700049,-0.145333,0.228564,-0.576776,-0.471484,-0.113797,0.208744,-0.126293,-0.0230302,0.0288234,-0.0493795,0.473304,0.406066,-0.287992,0.171778,-0.158604,0.321314,-0.648949,-0.560747,0.569742,0.900661,1
-0.263585,0.145778,-0.36033,-1.20008,0.101346,-0.085916,1.26227,0.291407,0.52003,0.177426,0.480616,-0.294009,0.150547,0.162406,-0.177579,-0.34777,0.322002,1.3039,-0.0217301,-0.353557,0.287068,-0.448599,-0.043613,-0.690226,0.0868278,0.00520091,-0.0869402,-0.676034,0.279759,0.298145,-0.0569302,-0.0952639,0.531603,0.76619,1
0.591261,0.284393,0.727367,0.442296,-0.299197,0.330987,1.31139,-0.582091,-0.980219,-0.477969,-0.368029,0.188412,-0.0976922,-1.28338,-0.224693,-0.160082,-0.633809,0.241948,0.00695264,0.454833,-0.788473,-0.702724,-0.262644,0.491391,-0.601921,-0.273208,0.0240865,-0.572933,0.694379,-0.487028,0.639257,-1.09719,0.548466,0.929358,1
-0.261897,-0.542625,-0.648106,-0.3774,0.558274,0.26839,0.347614,0.0538874,0.646221,-0.726288,-0.0971662,0.252013,-0.541053,0.719106,0.445575,-0.152864,-0.303831,0.291469,-0.767215,-0.428978,0.420806,-0.174006,0.493887,0.164891,-0.094081,0.375179,0.149581,-0.134216,0.32887,0.521829,0.856509,0.130407,0.423104,0.898722,1
0.601565,-0.0914974,0.521241,-0.391456,-0.678171,0.989989,-0.763149,-0.25108,-0.52147,-0.287241,-0.163115,-0.197037,-0.696865,-0.181124,-0.451399,0.412959,0.0782265,-0.648166,-0.104817,0.247223,-0.135694,-0.459538,0.447059,-0.804576,0.211022,-0.408672,0.626447,-0.0206768,0.696124,0.102775,0.312511,-0.533439,0.472427,0.848133,1
0.128729,0.206292,-0.537695,-0.322026,-0.64842,-0.550854,0.899822,-0.567291,0.775703,-0.447253,0.238388,-0.375356,0.43478,-0.417084,0.413042,0.703496,0.698284,-0.0763422,0.0202691,-0.534881,0.052398,-0.415145,-0.267255,-0.801746,0.709745,0.258237,-0.067018,0.190039,0.581967,0.153312,-0.168625,-0.246168,0.575355,0.91968,1
-0.348248,0.0347834,0.190204,0.155386,0.701167,0.36256,-0.74082,-0.568089,-0.89062,0.739445,0.815616,0.0952829,-1.05534,0.360457,-0.387829,-0.213426,-0.0704097,0.498192,0.192058,-0.436294,0.289553,-0.302846,-0.0343926,-0.207503,0.637989,0.0178942,-0.16994,0.285941,-0.54475,-0.629996,-0.323065,-0.0965193,0.515293,0.83329,1
0.651613,0.299965,-0.526238,0.523117,0.0600898,-1.28994,-0.55501,-0.442239,0.664829,-0.223942,0.303505,0.361254,0.288741,0.718756,0.242648,-0.390499,-0.448359,-0.21994,0.501099,-0.728618,-0.752848,-1.46535,0.419554,-0.111483,-0.135735,0.229747,-0.268411,-0.456192,-0.513289,-0.433728,-0.652498,-0.248317,0.577923,0.837887,1
0.19181,-0.574761,0.070073,0.596953,0.304062,-0.831384,0.64919,0.746923,-0.224861,-0.0594953,0.506322,-0.0249325,0.747973,-0.237482,-0.726073,-0.409243,-0.209847,-0.11009,0.641955,0.442717,-0.485197,-0.156783,0.416458,1.25677,0.0896217,0.400811,0.728523,0.474278,1.20906,0.338919,-0.236928,0.932457,0.467786,0.81473,1
0.290506,0.382675,0.240733,-0.170157,-0.13711,0.0706768,0.217134,-0.184367,-0.245444,-0.176389,0.546091,-0.489837,-0.682596,0.551306,-0.365361,-0.177338,0.486751,-0.43804,-0.345907,0.491954,-1.06186,-0.0685915,-0.178993,-0.194416,-0.407858,0.000213654,-0.510916,-0.423514,-0.547046,-0.366662,-0.452917,-0.404203,0.479888,0.868559,1
-0.0880841,-0.533089,0.378865,0.0662426,0.126417,-0.350874,-0.130614,0.512403,-0.0835327,-0.00813325,-0.0722096,0.000343398,0.0455401,-0.852694,-0.651025,0.00323827,0.694421,1.16148,-0.141614,-0.396316,0.250635,0.753462,0.0328161,-0.696482,1.32722,0.270384,0.689232,-0.239398,-0.294739,0.655042,0.480208,-0.137742,0.454369,0.776521,1
1.39474,0.258323,-0.0571563,-0.603967,0.695193,0.665999,0.058452,-0.616435,-0.286387,0.530468,0.644833,0.0153554,-0.295334,0.513181,0.241321,0.471476,0.988379,-0.551164,0.722178,1.38225,0.0839301,-0.0557373,-0.71758,0.299297,-0.535564,-0.246133,0.317788,-0.434528,-0.794647,-0.189321,0.31359,-0.116099,0.422823,0.942849,1
0.661189,-0.526357,-0.242055,-0.903345,-0.277241,-0.213783,0.618422,0.459828,0.633945,0.145058,0.269447,-0.235972,-0.214125,0.109159,-0.329353,0.34335,-0.2547,-0.306243,-0.0646683,0.0859762,-0.567233,-0.560045,-0.362257,-0.0380413,-0.138672,0.232496,0.4551,-0.0226302,-0.871904,0.265649,0.253755,0.337016,0.472262,0.81966,1
-1.01623,-0.494968,0.0546287,-0.307301,-0.18346,1.02913,0.200004,1.80399,-1.01542,0.772742,0.398346,0.0660231,0.055705,-0.327464,-0.401109,-0.766595,0.622587,0.02776,-0.233576,0.566932,-0.299264,0.0197729,-0.155125,-0.419788,-0.74296,-0.627428,0.062682,0.404402,-0.113097,-0.245046,-0.0927988,-0.513702,0.53974,0.840084,1
0.57133,-0.455594,-0.584285,0.544097,0.388723,0.189238,0.516301,0.286477,-0.0601295,-0.141008,-1.07159,-1.41757,-0.208767,-0.0946427,0.50428,0.209044,-0.145707,-0.486132,0.151119,0.48119,-0.260719,-0.504681,0.607321,0.287299,-0.345524,-0.73431,0.640563,-0.800219,-0.98571,-0.885963,-0.158372,-0.254106,0.5406,0.930534,1
-0.0910484,0.200521,0.92904,0.621292,-0.224574,0.0384874,-0.111223,-0.762532,0.13897,-0.605224,0.231298,0.0477817,0.105019,-0.382244,-0.320567,0.5273,0.443252,0.637404,-0.164911,0.0310446,0.841119,0.381973,-0.189936,-0.0656783,-0.0470332,0.0894484,-0.576058,0.540262,0.340961,0.980228,-0.0473507,0.115635,0.539662,0.836806,1
0.397797,0.312938,0.343037,0.345755,0.198684,7.95,0.207917,0.278311,0.216962,0.289992,0.387423,0.240232,0.303533,0.136698,0.368964,0.189351,0.35881,0.222825,0.369671,0.295444,0.129291,0.248857,0.305425,0.34553,0.134233,0.184179,0.167465,0.369141,0.224205,0.375426,0.230512,0.196711,0.52,0.82,1
-0.659374,-0.256071,-0.168677,-0.0383545,0.906545,-0.0251253,-0.0664712,0.154207,-1.22507,-0.430687,0.543183,0.100303,-0.365044,0.603395,0.587702,-0.146438,0.357659,0.0422176,-0.376066,0.0404446,-0.12493,-1.63238,-0.289964,0.69397,-1.05824,0.482762,-0.1981,-0.140085,0.493655,-0.0184662,-0.205392,0.261459,0.4807,0.814179,1
0.666579,0.0485828,-0.436366,-0.0749946,-0.165979,0.77237,-0.145144,0.788597,-0.126656,-0.831639,-0.250238,0.751228,0.372855,0.322504,-0.0488812,0.0728058,0.0412231,-0.213982,0.230786,0.378459,0.478243,-1.52542,0.790106,0.35558,0.223466,-0.69888,-1.26155,-0.276592,-0.131601,0.137777,0.0973693,-0.379078,0.459364,0.763217,1
-0.0194277,-0.0156895,0.112308,0.294675,-0.297064,-0.109029,-1.0298,-0.330211,0.613704,0.435509,0.860294,-0.929001,-0.372846,-0.266118,-0.316355,-0.000993003,0.0280787,0.330403,-0.420286,-0.27303,-0.497312,0.406896,-0.717259,0.366185,0.354093,-0.0476896,0.0510965,-0.752,0.407287,0.301015,0.136898,-0.967608,0.464395,0.855648,1
-0.66353,0.0995892,-0.388392,-0.183917,-0.295042,-1.02452,-0.0495879,0.214929,0.37086,0.294051,-0.0428301,0.918634,-0.251058,-0.776964,0.863865,0.444923,-0.597368,0.311962,-0.218007,-0.513256,-0.0545322,-0.435364,0.286924,0.712641,-0.153493,0.352064,0.823873,-0.618736,-0.413966,-0.350172,0.635986,-0.0496412,0.514045,0.863762,1
-0.451568,-0.269689,-0.147072,1.23861,-0.378108,-0.076879,-0.244546,0.18219,0.464075,-0.470278,0.459177,0.213809,-0.547359,0.449768,0.597801,0.354906,-0.596676,-0.281734,-0.0265208,0.419188,0.506837,0.276208,-0.341425,-0.788819,-0.0189017,-0.345539,1.29507,0.94697,-0.349475,0.368425,0.537137,-0.753969,0.473788,0.891439,1
-0.143318,0.618427,-0.249808,-0.00012472,0.633796,-0.460579,0.355881,0.700378,-0.785319,-0.72402,0.0563958,0.487927,0.266006,-0.380874,-0.313357,0.074586,0.227143,-0.100899,1.35872,-0.266058,0.509358,0.0200388,0.460915,-0.221599,0.570095,0.798235,-0.239863,-0.0102708,-0.0830177,-0.125006,0.108217,0.61331,0.435353,0.944786,1
-0.27265,-1.19918,-0.750493,-0.263096,-0.429676,0.15913,-0.368641,0.247382,0.173818,0.00692713,-0.193593,1.42242,-0.0140464,0.222153,-0.35849,0.104215,0.0853483,0.0993155,0.644257,-0.259599,0.397729,0.914775,0.436195,-0.552073,-0.145298,-0.0357137,-1.08502,0.798865,0.103048,0.297526,0.159399,0.0427283,0.472404,0.768985,1
-0.284429,0.126267,0.411771,-0.734155,0.369102,0.329474,-0.174733,-0.105517,0.235283,-0.83644,-0.461906,-0.291429,-0.500634,0.23223,0.0972152,-0.466495,0.462385,0.632296,0.0691655,-0.209945,-0.176132,-0.27034,-0.147261,0.29905,-0.417988,0.130403,0.378408,-0.221138,0.849808,0.244833,-0.511669,0.811029,0.424343,0.852757,1
-0.32866,-0.447049,0.594486,-0.625571,-0.281987,-0.282917,0.393762,0.103843,-0.0209867,-0.17798,-0.144488,-0.0449951,-0.0576545,0.899588,-0.423624,-0.354209,-0.245421,0.150289,0.588178,-0.172908,0.194589,0.288153,0.229812,0.183213,0.347552,-0.120994,1.50809,-0.775395,-0.785899,-0.0921466,0.296783,0.433164,0.44739,0.903564,1
-0.437138,-0.290759,0.745661,0.71868,0.255303,-0.0536571,0.790411,0.38039,0.844108,-0.280213,0.0538307,0.145521,-0.24196,0.237219,0.718578,-0.456956,0.0572013,-0.42899,-0.098507,0.0745828,0.985784,-0.825816,-0.478779,-0.659869,-0.160331,-0.272665,1.44074,-0.114443,0.257609,-0.442737,-0.992333,-0.828275,0.454319,0.769548,1
0.131113,0.3415,1.2921,0.844361,-0.515455,0.0358043,-0.16729,-0.433635,-0.395953,-0.307202,0.161963,-0.30724,-0.319142,0.407584,-0.770414,-0.657514,-0.0780423,-0.011366,-0.38605,-0.174261,-0.394124,0.375741,0.262026,-0.490038,0.161377,0.412143,0.222388,0.873138,-0.369139,0.283054,-0.109742,0.6088,0.531776,0.843398,1
0.671806,0.137951,-0.367686,-0.627555,-0.103643,0.64207,0.895105,0.528757,-0.32854,0.0888528,-1.07831,0.456342,-0.129745,-0.271064,-0.870291,0.527411,0.0665777,-0.297043,0.263166,0.369022,0.386443,-0.440481,0.46394,-0.0125195,0.0404846,-1.1105,0.0549916,0.631547,1.36297,0.917492,-0.396055,0.0417742,0.479929,0.815654,1
0.434548,0.194883,-0.11568,0.662053,-0.342559,0.19383,0.251555,-0.064857,0.0840331,-0.0919724,0.233423,0.520093,0.204062,0.248743,0.329322,-0.122828,-0.252719,-0.118552,-0.347338,-0.691959,-0.561364,-0.36138,-0.0105472,-0.595965,-0.497952,0.145387,0.672383,-0.372866,-0.0383746,-0.728959,-0.334101,-0.251226,0.469362,0.808767,1
-0.980034,0.138933,0.0640164,0.784178,-0.374647,-0.279223,-0.539349,-0.348565,0.75991,-0.0435294,1.28505,0.249141,-0.814622,-0.176631,-0.0895347,-0.168553,-0.20213,0.623931,-0.292013,-1.23538,-0.551643,0.355022,-0.633602,0.267647,-0.792844,-0.288138,0.414021,-0.222135,0.0899028,0.167025,0.18112,-0.842605,0.466699,0.840093,1
1.03885,-0.826806,0.130298,-0.192705,-1.43131,-0.0714451,-0.412893,0.8332,-0.0459676,0.238617,-1.42872,-0.419333,-0.385699,0.539088,0.0398593,-0.543776,0.286707,-0.353857,0.205768,0.0437962,0.624521,-0.356445,-0.106525,-0.217862,0.536622,0.246683,0.104392,-0.583462,0.679263,-0.453155,-0.132013,0.206422,0.489804,0.768802,1
0.34938,-0.37225,-0.510201,-0.0572235,-0.22036,-0.00678841,-0.347295,-0.00403212,-0.225454,-0.303647,0.043972,1.6387,0.338765,0.297759,-0.961982,0.213818,0.52975,-0.214588,0.711341,-0.252898,0.863536,0.138122,0.381807,0.868692,0.0686068,0.109503,0.150772,-0.482042,-0.326988,0.382329,-0.222488,0.231655,0.492574,0.814333,1
-0.012755,-0.558199,-0.00264965,0.578886,-0.0579951,0.173398,0.477257,0.648433,-0.265999,-0.140884,-0.194118,-0.818288,0.655312,0.677349,-0.0745584,-0.31465,-0.270309,-0.34449,0.0966009,0.395533,0.0743129,0.0943633,-0.455338,0.584423,0.451165,0.646748,-0.235016,-0.338443,0.222803,0.189634,0.0246708,0.0753153,0.480542,0.939216,1
0.277998,0.0242976,1.072,-0.219254,0.152893,0.0491836,0.0143056,0.049472,-0.0141895,0.113965,-0.579159,0.242943,-0.257022,0.274584,-0.731845,0.229075,-0.300225,0.326075,0.353576,-0.174975,-0.100459,0.420411,0.428924,-0.411772,-0.358523,0.33699,-0.126109,0.185641,-0.15443,-0.228723,0.288862,-0.53995,0.499375,0.919466,1
-0.0819982,-0.593771,-0.585712,0.511478,0.317716,0.852726,0.187653,-0.35188,-0.43727,-0.400365,0.0448994,0.659743,-0.514707,-0.915633,-0.150321,-0.185119,-0.212773,-0.400111,-0.56241,0.769393,0.817094,0.236596,-0.889253,0.221839,0.252986,0.0597797,0.377892,0.362259,0.257461,0.0551795,-0.967642,-0.787726,0.455239,0.831856,1
0.413852,0.775314,0.997028,-0.173187,0.0340561,0.141961,-0.418455,-0.0872602,-0.179232,0.0717055,-0.338155,-0.321975,-0.176419,-0.552577,-0.132931,-0.247284,0.475195,-0.942618,0.0610106,0.358138,0.165221,-0.0527959,0.351499,0.0122777,-0.278037,-0.284395,0.406717,0.301551,-0.196257,0.404563,-0.280914,0.282583,0.441643,0.892575,1
0.0303271,1.23224,0.440886,0.362047,0.341768,-0.743646,-0.483932,-0.674631,-1.13702,-0.22585,0.30657,0.373609,0.422974,0.548347,0.252212,0.365959,-0.295419,0.849404,-0.74604,0.33516,0.139574,0.16506,-0.0216415,0.036017,-0.346718,-0.119548,-0.934392,0.191565,-0.62614,-0.76476,-0.796668,-0.290235,0.55251,0.814349,1
-0.554379,0.464536,-0.293821,-1.25191,-1.03858,-0.714255,-0.619345,0.826601,-0.451929,-0.369347,-0.308528,-0.0598558,-0.664025,-0.35427,0.209676,0.166239,-0.407278,0.583237,-0.314061,-0.731563,-0.237713,-0.00735434,0.480745,-1.37865,-0.135787,0.0511714,-0.935776,0.365102,1.08768,-0.541904,0.879816,0.409541,0.509217,0.910292,1
0.364504,0.365502,0.247804,0.292156,0.153267,7.95,0.317531,0.234554,0.30489,0.359005,0.196809,0.310387,0.258806,0.250506,0.246791,0.297234,0.370602,0.36534,0.150296,0.172751,0.290471,0.169029,0.278412,0.165165,0.303981,0.315387,0.149318,0.364918,0.178155,0.197856,0.306562,0.367669,0.52,0.82,1
1.13342,0.164653,0.633154,-0.236819,-0.10933,-0.214565,0.273312,0.127076,0.710019,0.604222,0.0272737,-0.569133,-0.559468,-0.378921,-0.50245,0.74557,-0.444255,0.395539,0.0472878,-0.315506,-0.478704,0.181627,0.643944,0.044586,-0.300126,-0.0247792,-0.691225,0.68156,-0.311232,-0.302209,-0.370968,-0.202576,0.565326,0.938704,1
-0.0112433,0.0949319,-0.582924,-0.301163,-0.598454,-0.598735,0.548465,0.767715,-0.377541,0.290447,0.750605,0.0957055,0.412986,-0.144884,0.0079713,-0.00991424,0.30748,0.0984213,0.207978,-1.27208,0.52686,0.0556845,-0.209188,-0.626437,0.462972,-0.812371,-0.0346985,-0.662388,-1.06678,-0.569485,-1.14907,0.535484,0.468108,0.928819,1
-0.671278,-0.00318576,-0.680369,-0.139443,0.928581,-1.35635,0.0163489,-0.495272,-0.328518,-0.0364057,0.276684,-0.110505,-0.590846,0.0307562,0.245213,0.364448,-0.0229216,0.309996,0.577607,1.34695,0.0820195,0.502413,-0.309323,-0.414637,0.624717,1.61888,-0.479018,-0.236669,0.0968109,1.10327,-1.01177,-0.32128,0.503995,0.817322,1
0.114699,0.575649,0.589415,-0.401568,0.0803745,-1.27048,0.0324208,0.061636,-0.569005,-0.416397,-0.384021,0.247724,-0.356502,0.202727,-0.19301,-0.0291764,-0.574291,-0.235256,0.550102,-0.858538,-0.68434,-0.651767,0.754801,-0.373625,0.224819,0.298293,0.501925,0.0677689,-0.434976,-0.170414,-0.230453,-0.150283,0.522036,0.856525,1
-0.137399,-0.159673,-0.571185,1.07535,-0.130356,0.0235671,0.199624,0.236211,0.0484641,0.316226,-0.31511,-0.145391,-0.810429,-0.351858,0.427807,-0.517105,-0.104476,0.254189,-0.038035,0.386839,-0.0228536,-0.160482,-0.307891,0.296566,0.165676,-0.0410338,-0.338849,-0.480195,0.284884,0.248058,0.642597,-0.527943,0.49297,0.775433,1
-0.58259,0.288222,0.296993,0.166606,0.080504,0.0590073,0.481085,-0.578372,-0.35397,0.755914,0.597914,-0.136204,0.198512,-0.0705775,-0.287945,1.09782,-0.256977,-0.214983,0.184936,0.567747,0.901659,0.0484866,-0.0764458,0.271178,-0.270117,-0.259762,0.111578,0.628468,-0.546536,-0.820106,-0.102047,0.00704596,0.575554,0.810484,1
-0.0613274,0.351784,-0.499465,-0.424546,0.148902,0.705108,0.00206419,-0.310436,-0.563647,0.368885,0.567531,-0.738866,0.489763,0.20319,0.0431035,0.651276,0.228362,0.0443401,-0.0616655,0.119178,0.0607862,0.27562,-0.208577,0.33481,-0.16651,0.874165,-0.440327,-0.51205,0.308922,-0.377488,-0.451035,0.0823942,0.440904,0.803552,1
-0.111418,0.309633,0.528871,-0.306495,-0.174598,-0.010848,-0.300807,0.371537,0.354721,0.423093,0.475628,-0.65665,1.18853,0.487858,0.868262,-0.424048,0.0723486,0.152768,-0.44107,-0.680651,-0.734424,-0.340599,1.83811,0.58316,0.50205,0.141129,-0.0690789,-0.0909813,-0.220391,-0.48647,0.180765,-0.713389,0.557308,0.841795,1
-0.260513,0.890042,0.295338,0.488891,0.166633,-0.195352,-0.792034,-0.643511,-0.400956,0.0901652,-0.0971733,-1.42035,0.0918408,-0.290725,0.182187,0.670535,0.548697,0.186558,-0.219904,-0.335851,-0.0837033,-0.0451824,0.956196,-0.144186,0.40926,0.202315,-0.696951,0.305263,0.855893,-0.38776,-0.025406,0.091036,0.542579,0.821499,1
-0.0446817,0.383401,0.0550825,0.640655,-0.205241,0.116484,-0.561333,0.0438214,0.645704,-0.0351812,0.0906243,-0.0476432,0.108323,-0.538702,-0.542718,0.306858,-0.0218848,0.285516,0.226209,-0.282334,0.808074,0.138301,-0.742705,0.0896291,1.0567,-0.0325832,0.160382,0.321383,-0.0255498,-0.197015,-0.482849,0.29101,0.46223,0.926949,1
0.751037,-0.101962,-0.278718,0.146053,0.114602,0.422928,-0.610057,-0.624633,-0.212066,-0.755089,-0.529289,-0.222071,0.308751,0.06919,0.34682,-0.155552,-0.182895,-0.26582,0.307201,-0.304776,0.306944,-0.763674,-0.190402,0.788139,-0.352535,0.637641,-0.532187,0.0741031,-0.198929,0.215494,0.281752,-0.0518587,0.537329,0.854421,1
0.358731,0.321598,0.340853,0.194611,0.254312,7.95,0.343625,0.232161,0.194773,0.314985,0.210331,0.161111,0.193491,0.173344,0.290669,0.246862,0.230859,0.109497,0.297656,0.298854,0.221524,0.333844,0.306504,0.233735,0.223293,0.129144,0.239082,0.397027,0.383228,0.274142,0.320838,0.220977,0.52,0.82,1
-0.776809,-0.400335,0.992881,0.68491,0.216136,-0.21424,-0.196057,0.0832352,-0.596172,0.65945,-0.0775541,0.403113,-0.0822968,0.423083,-0.57333,-0.00584361,0.305653,-0.150642,0.77553,-0.634033,-0.5145,-0.208352,-0.300008,0.208446,-0.172104,0.760613,0.0348611,-0.0481281,0.601226,0.0372699,-0.846972,-0.541825,0.455936,0.78521,1
-0.750494,0.935073,-0.936006,-0.439485,-0.468536,-0.409707,0.956022,0.488371,0.236465,-0.542498,-0.85314,0.288431,-0.246798,-0.513206,-0.25874,0.625168,0.368611,-0.73693,0.756819,-0.135626,0.0800234,-0.00864841,-0.823101,-0.953281,-0.254477,-0.17746,0.477144,0.379572,0.715324,0.583228,1.00907,-0.993902,0.4267,0.852481,1
0.189662,-0.549177,-0.633605,-0.141319,0.994516,0.399094,-0.301066,-0.218507,0.500218,-0.0298135,-0.180698,0.0610923,-0.46034,0.0740393,0.337583,-0.194116,-0.647414,0.642767,-0.0641179,0.296889,-0.084392,0.206794,0.639797,-0.237149,0.0856812,0.147552,-0.223413,0.491393,-0.727039,0.931107,0.27596,0.894544,0.54948,0.760048,1
-0.337934,-0.476132,-0.408198,-0.370701,0.105919,-0.146057,-0.765816,0.183882,-0.575869,0.077977,-0.121746,-0.148154,0.379005,0.497673,0.704374,0.666386,0.899766,-0.427385,0.800952,0.223828,0.0237694,-0.561201,0.090847,0.189442,-0.44577,0.146612,0.212368,-0.0936122,-0.79992,-0.431483,-0.209829,-0.577112,0.431646,0.796688,1
0.540607,-0.59691,0.0723147,-0.411435,0.233509,-0.26408,0.0650881,-0.238273,-0.524325,-0.153822,-0.323916,-0.900294,-0.377103,0.143656,0.60887,-0.184757,0.262019,1.10478,-0.236384,-0.229443,0.806569,0.776391,-0.185037,0.525542,0.216785,0.747231,0.090152,-0.622202,-0.0938421,0.129733,-0.122137,-0.923455,0.53513,0.878736,1
0.0609078,0.416372,0.126761,0.135062,0.51987,0.0515827,-0.190887,0.0577911,0.525857,-0.170678,-0.00155628,0.0392422,0.61854,-0.0722268,-1.0101,-0.282763,0.0156504,0.314975,-0.249723,0.29225,-0.280255,0.353408,0.208428,0.197088,0.304929,0.157475,0.382494,-0.187863,0.346185,-0.243418,-0.269657,-1.18828,0.524564,0.898259,1
0.869018,-0.464341,0.616488,0.588706,-0.814002,0.388781,0.687393,0.00516654,-0.0532724,-0.366488,-0.237651,-0.470589,0.212869,0.311772,-0.00844281,0.0466044,-0.381414,0.0485182,0.407792,0.407963,0.472382,-0.0246535,-0.45992,0.125977,0.527026,0.314652,0.465547,0.197211,-0.327159,0.935234,-0.0398173,0.683374,0.562299,0.808077,1
-0.101808,0.336348,-0.434475,0.489673,-0.0584509,0.457364,0.234688,0.422002,0.503333,-0.499968,1.0557,0.332711,0.138953,0.163326,-0.349819,0.394918,-0.0153009,-0.336386,0.151622,-0.324041,0.141207,-0.503688,-0.177348,-0.872482,-0.357449,-0.735002,0.11741,-0.60455,0.0690856,-0.260856,-0.148555,0.130166,0.500163,0.937541,1
0.375792,0.0688058,0.127852,1.15516,-0.0660412,0.463323,-1.16346,0.611237,0.0267293,-0.0415484,-0.479368,0.129031,0.0946594,0.323918,0.165596,0.141173,-0.65642,0.743657,-0.111229,-0.476713,0.313738,0.269822,0.0964682,0.228046,0.734746,-0.425527,0.278398,0.192188,-1.17049,-0.187862,0.631945,-0.276733,0.463681,0.831414,1
0.0283472,0.154653,0.222786,0.11681,-0.120322,0.0115051,0.197888,-0.391628,0.113824,0.031219,0.273872,-0.448811,-0.928983,0.0984257,-0.230547,0.0595809,-0.0653679,0.109241,0.118594,0.150302,-0.280155,-0.0951157,-0.261433,-0.0475854,-0.324532,0.0486786,-1.21982,0.0446514,0.561051,-0.632807,0.456567,0.409176,0.493173,0.85248,1
0.95,0.88,0.0919343,0.254178,0.199822,0.408807,-0.479305,0.49216,-0.456599,0.0952522,0.305921,-0.350317,0.347821,-0.20477,0.337639,-0.350617,0.0741566,-0.47636,-0.10092,-0.287934,-0.0683866,0.498381,0.0795342,0.349558,-0.112006,0.452521,0.003814,-0.463876,0.311125,-0.134503,-0.0178081,0.396686,0.48,0.2,0
0.0887008,0.990704,0.560936,0.215234,0.16302,-0.0879994,-0.505463,0.225323,-0.60183,-0.0805673,-0.72997,-0.797998,-0.257365,-0.331822,-0.15092,-0.263188,-0.421132,-0.357647,-0.223795,-0.0856025,0.16212,-0.249569,0.0165134,-0.386124,-0.0900373,-0.292748,-0.370306,-0.155944,-0.343654,-0.171647,0.336461,0.342201,0.454933,0.859056,1
1.09833,1.03076,0.213877,-0.11531,0.143437,0.0689612,0.118755,0.368375,-0.34146,0.511431,0.157481,0.208021,0.324793,-0.0996029,-1.06365,0.410581,-0.820553,-0.473635,0.336175,-1.36695,-0.170161,-0.676799,-0.694168,-0.400634,0.280799,-0.0598351,-0.681988,-0.694367,-0.238613,-0.519141,0.521667,0.0510012,0.573464,0.828161,1
-0.270845,-0.561126,-0.163234,-0.308005,0.728634,-0.216071,0.665968,-0.220705,-0.799584,0.976558,0.448415,0.00355908,-0.305538,0.240735,0.362133,-1.15893,-0.53271,-0.164537,-0.31986,0.282897,0.872925,-0.386981,-0.490202,0.272223,0.602097,0.394673,-0.842395,-0.61075,1.09967,-0.29227,0.164505,0.173589,0.531674,0.874262,1
-0.0845128,0.527557,-0.949752,-0.127363,0.343675,0.198347,0.488251,1.30067,-0.310913,0.294538,1.33418,0.0421522,0.225052,0.41374,-0.269958,-0.184686,-1.02334,0.0852084,-0.369722,0.151911,-0.261637,-0.331907,-1.11514,0.317756,-0.418721,0.295703,-0.579327,0.79919,0.100161,0.338124,-0.38008,-0.630024,0.460215,0.940354,1
-0.408491,0.146174,-0.420831,0.0929811,1.0266,-0.209497,0.0333997,0.395493,0.229805,0.213617,0.501283,-0.285291,0.248449,0.154057,-0.514522,-0.896839,0.026099,0.459566,0.708856,-0.0936833,0.172267,0.0930025,-0.127566,0.529249,0.72951,0.403191,-0.448952,0.150665,-0.273948,-0.0466356,-0.12111,0.444389,0.455622,0.910734,1
-0.0558406,0.48083,0.255602,0.19488,0.208704,0.29945,-0.118327,0.583559,0.725373,0.715343,-0.0639525,-1.16322,0.424518,0.0778762,-0.505119,-0.138196,-0.272789,0.877608,0.10019,0.264831,-0.465264,-0.934158,-0.546315,0.218302,0.408027,1.11558,0.423201,-0.54837,0.689285,0.887738,-1.18625,0.131188,0.493383,0.935474,1
-0.124552,0.233799,0.711596,-0.239514,-0.398668,-0.263167,-0.81904,0.669712,0.400048,0.189868,0.125507,-0.652622,-0.603475,-0.198172,0.395698,-0.602727,0.189472,0.0335632,-0.318108,0.214512,0.182899,0.568505,-0.588979,-0.1276,-0.338877,-0.408804,0.378882,0.283861,0.0840955,-0.390235,1.1387,-0.408003,0.422018,0.882922,1
0.86766,0.244248,0.588445,-0.0499199,0.508196,0.36824,0.86946,-0.134426,0.426493,-0.0590581,-0.954943,-0.860243,-1.06455,-0.0710409,0.923059,0.53922,0.194045,0.0337524,-0.0681731,-0.55269,0.211492,0.0799995,-0.411515,-0.0903501,-0.409993,0.613385,0.61244,-0.564532,-0.944862,0.358265,0.346875,0.506364,0.424357,0.82013,1
-0.566792,0.737604,-1.3502,-0.328752,0.165056,0.0445183,0.213216,-0.4739,0.278606,-1.37249,0.0496538,-0.944318,0.442507,-0.411533,0.251983,0.875343,-0.496417,-0.149851,0.232881,-0.149174,-0.118064,0.440034,-1.05059,-0.0253653,0.105009,0.224114,-0.10903,0.267864,0.100731,0.201711,0.53085,-0.538177,0.452408,0.803194,1
0.0464006,-0.251234,0.906209,0.276137,-0.381525,-0.241039,-0.142254,0.154219,-0.308439,-0.748078,-0.901627,-0.681342,0.216638,-0.0537611,-0.528409,-0.0113513,0.45643,-0.298928,-0.380496,0.188191,-0.286546,-0.519693,-0.23003,0.365705,-0.283284,-0.0602645,-0.16185,0.382703,0.122923,-0.152298,0.130638,-0.378652,0.535304,0.863839,1
-0.170007,0.499653,-0.190965,-0.31736,0.169321,0.0825526,0.152074,0.116807,-0.399346,-1.02188,-0.902638,-0.652972,0.137651,0.652802,0.0617123,0.46228,0.342,-0.40567,0.150879,-0.0435813,0.202522,0.457621,-0.0767111,0.0439557,0.16947,0.378173,0.685898,0.400555,-0.211152,-0.737917,-0.306189,0.668682,0.502602,0.835486,1
-0.760887,-0.880583,-0.156947,-0.179767,0.0145818,-0.0744975,-0.4783,0.723896,-0.579139,0.724585,0.39064,0.429691,-0.0385271,0.423583,-0.741333,0.0923119,-0.733421,0.406282,-0.289231,0.116767,0.470805,-0.316008,-0.0169028,-0.239958,0.312537,-0.100011,1.66535,0.173564,-0.0834307,-0.701123,0.515639,0.481348,0.506081,0.871978,1
1.18729,0.0291501,0.859334,0.0916143,-0.290018,-1.15536,0.0972868,-0.599657,0.39861,0.389043,-0.0264882,0.035334,0.241116,0.0452433,-0.200393,-0.0449102,1.07804,-0.17246,-0.53834,-0.360739,0.346795,-0.683689,-0.431082,-0.130614,0.57888,-0.788892,0.0904418,0.198123,0.38632,-0.167392,-0.538015,0.519728,0.43042,0.920346,1
0.281908,0.393714,0.1023,-0.234584,-0.391684,-0.645926,0.45817,0.108178,-0.225075,0.293931,0.373229,0.0209509,0.408936,-0.192233,-0.0905395,-0.748128,-0.115393,-0.0426549,0.874586,-0.27853,-0.210505,-0.26056,-0.501565,-0.776697,0.242634,1.03789,0.214716,-0.709656,0.0316171,0.0947131,0.69672,0.213377,0.512253,0.86005,1
-0.0679773,-0.278811,0.464465,0.849165,0.0793745,0.219841,0.109549,-0.195144,0.0215277,0.520967,0.159038,0.0503854,0.499173,0.519934,0.324764,-0.427073,-0.710608,-0.400941,0.692963,-0.268529,0.675828,-0.822066,0.165803,0.725981,-0.660543,-0.356083,-1.51284,0.122533,-0.392728,0.122559,-0.000242137,-0.907345,0.498411,0.893186,1
-0.125325,-1.12123,0.802716,-0.187182,-0.363741,-0.290103,0.70795,-0.268296,-0.177016,0.304933,-0.279019,0.615296,-0.655486,-0.697593,-0.17288,-0.815619,-0.135325,0.0337972,-0.636262,0.122209,-0.878543,-0.656926,0.0570829,1.19275,0.693344,0.995499,0.343366,0.200441,-0.337688,0.849582,-0.520573,0.401671,0.470141,0.838076,1
-0.323855,0.106277,0.977484,0.175573,-0.352677,0.0302799,0.441661,-0.0724933,-0.918195,0.184917,0.606199,0.565278,0.583528,0.815836,-0.720249,-0.260922,-0.0802585,0.202413,0.0351483,-0.28524,-0.396557,-0.21433,-0.192698,0.00463178,-0.0377836,-0.238545,-0.239871,-0.356986,0.922988,0.186602,-0.318811,-0.904176,0.461671,0.810029,1
-0.537411,-0.554867,0.232795,0.55275,0.967919,0.0319316,-0.0865568,-0.110791,0.434348,0.416122,-0.0937427,0.0900425,0.284905,-0.955118,-0.0574943,-0.115156,1.15125,-1.19061,-0.208563,-0.367012,-0.550043,-0.172273,0.265294,-1.15413,-1.03369,0.0869433,0.111053,-0.989048,0.407859,0.549773,-0.317614,-0.52142,0.521566,0.785422,1
0.0911193,0.275995,0.124709,-0.447837,-0.238881,-0.465959,0.353316,0.203172,-0.0547825,-0.145217,-0.930023,0.0866722,-0.0376376,-0.139639,-0.597574,0.181069,0.120358,0.287818,-0.272985,-0.0537832,0.97747,-0.30856,-0.429676,0.946905,0.393487,-1.06866,0.363161,0.557926,0.100061,-0.399751,-0.51436,0.057406,0.569549,0.907461,1
-0.153249,-0.431359,0.2342,-0.506582,-0.230129,-0.508809,-0.305537,1.10814,0.789315,0.0939416,-0.485868,0.426983,-0.876194,-0.76077,-0.126591,-0.481044,0.642166,0.779763,0.0908935,-0.366759,-0.637145,-0.0272776,-0.0906543,-0.519711,0.715895,0.0758226,-0.765351,1.14195,0.146681,-0.993921,1.24679,0.328516,0.445684,0.781681,1
0.341747,-0.37198,0.00637525,0.655399,-0.107305,0.501975,0.032626,-1.00118,0.294081,0.84687,-0.180821,-0.343643,0.239029,-0.43663,-0.163197,0.424038,0.128775,0.509294,0.36577,-0.360853,0.318206,0.107141,-0.719509,-0.364143,-1.35562,0.158913,-0.593009,1.34609,-0.197618,-0.69407,-0.74273,-0.268359,0.512278,0.875708,1
-0.63963,0.10009,-0.533708,-0.706223,-0.458986,-0.618604,-0.347741,-0.0822088,-0.554088,-0.323823,0.496375,0.345669,-0.876038,1.09369,-0.451773,-0.831617,-0.125469,0.499919,-0.171141,-0.271902,0.483203,-0.349782,0.194991,0.0991156,0.0578614,-0.010705,-0.650995,0.619157,0.0337444,-0.28669,-0.0575844,-0.884837,0.532296,0.800766,1
-0.847491,0.849013,0.711849,0.538483,-0.342639,0.275776,-0.268335,1.13109,-0.358867,-0.534705,0.357293,-0.83435,-0.215077,0.443357,-0.287959,-0.264051,0.703753,0.0182785,-0.160997,-0.839061,-0.204108,-0.104943,0.370036,0.156724,0.20892,0.410154,-0.449354,0.0435638,0.137542,0.457431,1.31448,1.44862,0.437876,0.763391,1
0.151129,-0.0654251,0.621941,-0.848285,0.109618,-0.441683,-0.172303,-0.696738,-0.453631,-0.393705,0.0394066,-0.792139,-0.70886,-0.211976,-0.721949,-0.694323,-0.235308,0.331119,-0.147776,-0.0350153,-0.70933,-0.0570753,-0.351514,-0.466591,-0.067041,0.539527,-0.150157,-0.455341,0.360566,-0.22754,0.0460276,0.335553,0.551833,0.797636,1
-0.0756998,0.19038,0.491706,0.675036,-0.0115478,-0.438992,-0.597397,-0.0247562,-0.447716,1.99552,0.0468603,-0.144565,1.03162,-0.451651,0.631478,0.374864,-0.383321,0.356361,0.396933,-0.679037,0.322882,-0.00571253,-0.0669524,0.584167,-1.10378,0.229033,0.0570517,-0.415818,0.279618,0.548131,-0.212284,0.708335,0.575529,0.858111,1
-0.450558,0.0629344,0.191224,-0.435108,0.261861,-0.0507746,-0.629885,0.100911,0.222006,-0.300502,0.351661,-0.0175814,0.360121,0.153572,-0.609185,-0.720225,0.316622,-0.960881,-0.559059,-0.0958293,0.173621,0.371632,-0.521724,-0.188903,-0.917828,0.395047,-0.564187,-0.673239,0.372346,0.738646,0.693129,0.470748,0.512181,0.796953,1
-0.150538,-0.101113,-0.873741,-0.264629,0.98232,0.214054,0.178881,-0.431792,0.284252,0.579249,-0.225492,-0.263176,-0.617793,-0.0061954,0.679886,-0.0401056,0.873184,-0.0753221,0.195863,0.462522,-0.0289287,0.182602,0.115723,-0.548984,0.260955,0.1977,0.238666,-0.0121088,0.213521,-0.0797024,-0.0197131,0.185521,0.426678,0.912519,1
0.786607,-0.57809,-0.0636166,-0.648332,-0.332754,0.0927757,0.674657,-0.966859,-0.465656,1.17372,-0.139159,-0.112944,0.0292704,0.296174,-0.710383,0.336964,-0.267345,-0.119181,-0.197554,-0.274272,-0.20834,0.498681,0.168399,0.566638,-0.840889,0.192765,-0.227522,-0.560058,0.226045,-0.141569,-0.75602,0.232663,0.466223,0.859718,1
-0.0457424,-0.0301127,-0.287967,0.451945,-0.724815,-0.714278,-0.391538,0.033477,-0.652717,-0.197678,0.303994,-0.0695171,0.436226,-0.398385,0.556314,-0.508915,-0.267718,-0.304116,-0.0192565,-0.261664,0.0644996,0.571316,0.396604,0.361089,-0.396258,1.03868,-0.621827,-0.514089,0.841982,-0.399088,0.0366026,1.07333,0.480554,0.88659,1
0.31267,0.411497,-0.917157,-0.21283,-0.899675,0.055416,0.595226,-0.0200497,-1.1029,0.152525,0.498131,-0.259175,0.567697,-0.5594,0.880439,-0.823478,-0.313499,-0.405688,0.488266,0.12197,-0.446328,0.230371,-0.251033,-0.540916,-0.292423,-0.26197,0.304116,0.179966,0.384962,-0.969197,-1.24064,-1.25308,0.488877,0.874776,1
0.100985,-0.657796,-0.204023,-1.15421,-0.476059,0.63647,-0.404238,0.255758,-0.315258,0.122744,0.592147,0.0485553,0.799216,0.536885,0.48492,-0.833636,0.223122,-0.559607,-0.0387675,-0.214927,0.799007,-0.203869,-0.668121,-0.445955,-0.458119,0.0589859,0.178528,-0.124039,-0.0160989,-0.271918,0.881941,0.267278,0.448981,0.93864,1
-0.735463,-0.234914,-0.697107,0.647839,0.0480312,0.417468,0.761975,0.606431,0.667914,0.619467,0.646792,-0.0592247,-0.80091,-0.0105812,0.128328,-0.617911,0.501466,-0.941195,0.16997,-0.647518,-0.502504,0.183553,-1.12098,0.134576,-0.104355,0.0585096,-0.572193,0.0489279,0.102311,0.942943,-0.275079,0.0214201,0.43124,0.861077,1
0.27101,-0.350143,0.118471,-1.37159,-0.702036,-0.112031,-0.525355,0.518015,0.112582,-0.870466,-0.10294,0.756002,0.480927,-0.0791575,0.930812,-0.0405674,0.475944,-0.760489,-0.209926,0.391218,-1.15111,-0.461419,0.36837,0.403868,-0.0868235,0.529136,-0.343002,0.168622,0.207868,0.361419,0.625862,1.00322,0.531353,0.839072,1
0.230729,0.0268033,0.549779,-0.246862,0.108649,0.00578817,0.103966,0.796768,-0.378623,0.576029,0.228424,0.313417,0.813811,-1.05677,0.26669,1.08008,0.608996,0.686836,0.310129,0.31432,-0.729312,-0.601477,-0.52842,-0.698277,0.0311386,-0.0985814,0.196428,-0.802316,0.131903,-0.640228,-0.354578,-0.263963,0.517117,0.802109,1
0.0436024,0.300523,-0.228381,0.54983,-0.197106,0.149772,-0.0113374,0.15265,-0.246729,-0.990274,-0.386039,-0.338676,0.00903413,0.014746,-0.298334,0.774458,0.158694,-0.541327,-0.738906,0.639106,-0.380095,-0.126378,0.728334,0.386734,0.468153,0.0397293,0.356623,0.0639076,-0.0847275,-0.296575,0.387383,-0.23596,0.468866,0.817002,1
-0.293554,-0.237146,-0.180093,-0.715412,-0.0735476,-0.303984,0.0782895,0.0487773,0.274918,1.00492,0.06502,0.521819,-0.598686,0.788768,0.650721,-0.0189774,-0.43091,1.40997,0.0954616,0.148885,-0.0365156,-0.571232,-0.0814648,-0.266804,-0.18996,-0.381551,-1.29289,0.393163,-0.205455,0.754009,-0.742327,-0.113523,0.558035,0.843438,1
0.106773,0.95861,-0.282716,-0.0377167,-0.348214,-0.285702,0.309534,-1.17969,-0.120611,-0.174711,-0.251981,0.698935,0.0894282,-0.0992356,-0.0141056,0.887244,-0.628072,0.189678,-0.0863616,-0.0170351,-0.0398134,-0.446406,-0.531573,-0.279191,-0.163317,0.542467,0.485635,0.279963,-0.063109,-0.885294,0.154848,-0.0433711,0.563639,0.867276,1
0.373869,0.825881,0.724704,-0.599564,-0.0570837,-0.509396,-0.569689,-0.978202,-0.939195,0.183258,0.890195,-0.157943,-0.289356,0.592458,0.0314845,0.0973615,0.345859,0.492001,0.32299,-0.59612,-0.467282,0.199765,-0.27831,-0.449373,-0.245724,-0.0438926,-0.342911,-0.272275,-0.594462,-0.276081,0.664056,0.297676,0.458297,0.823101,1
0.408028,-0.17677,-0.312279,0.124099,0.0452423,-0.368762,0.576436,0.174632,0.669822,0.0425213,-0.193571,0.38803,-0.200155,-0.22148,0.451559,-0.190994,0.392449,-0.222118,0.554799,-0.374484,-0.67594,-0.516146,0.769249,-0.210908,-0.310893,0.579201,0.274215,0.635462,0.0876817,0.154717,0.431176,-0.522746,0.565119,0.903679,1
0.00642053,-0.638745,-1.41346,0.484584,-0.0106624,0.380525,-0.0134386,0.00895935,0.44789,-0.862368,-0.647505,0.127464,-0.255233,-0.452072,-0.875749,0.782713,-1.17018,-1.01481,-0.0103428,0.380626,0.446011,-0.275614,-0.0701955,-0.322061,-0.102073,-0.324343,-0.463212,-0.117503,-0.138327,0.305447,-0.798858,-0.121443,0.51485,0.930704,1
0.0101803,-0.380471,0.0953823,0.0541259,1.08371,0.54166,-0.122324,-0.771773,-0.0864559,0.163291,-0.727244,0.0844304,-0.0374066,-0.352164,0.632304,0.277506,1.06544,-0.456929,0.978646,-0.366425,-0.583404,0.191988,0.773503,0.712053,-0.66173,0.803033,-0.650475,0.422163,0.29431,-0.639663,-0.221368,-0.107851,0.570521,0.788484,1
-1.07152,-0.318326,0.159747,-0.965496,0.206893,0.17098,0.117314,-0.0896392,-0.00638943,0.716236,-0.0385145,-0.352461,0.270365,0.916327,0.56996,0.408454,0.261287,-1.18635,0.14479,-0.252865,0.278604,0.107633,-0.970105,0.311405,-0.562413,0.288675,-0.00949049,0.485248,0.420083,-0.702555,-1.51035,-0.249417,0.528448,0.815967,1
0.985785,-0.153187,0.338487,0.975637,-0.389048,-0.269826,-0.680813,-0.434062,-0.479641,0.710781,-0.320269,-0.29721,0.207352,0.795667,-0.343686,-0.291302,0.157972,-0.285578,0.725791,-0.948817,-0.000371511,0.339794,-0.191046,0.297176,0.355535,0.0138167,-0.959624,-0.500018,-0.340784,0.653346,-0.40281,0.164411,0.428116,0.869294,1
-0.468982,-0.431668,0.38867,-0.488236,0.302792,1.12635,0.707308,0.743325,0.611662,0.00538088,-0.865233,0.514456,-0.130347,-0.912733,-0.0736104,-0.522131,0.213398,-1.14751,0.102295,-0.688639,-0.00240702,0.273052,0.601366,-0.178763,-0.281353,1.17504,0.389138,-0.82259,0.446994,-0.182219,-0.997655,0.477442,0.489533,0.863492,1
0.298311,0.329986,0.148428,0.371956,0.371287,7.95,0.268089,0.153656,0.37137,0.333708,0.384492,0.387402,0.268069,0.332871,0.13404,0.387032,0.236254,0.295466,0.116852,0.294418,0.325225,0.244646,0.214147,0.17895,0.124061,0.273363,0.371111,0.113019,0.163345,0.307335,0.303697,0.11059,0.52,0.82,1
0.410288,-0.150355,0.851002,-0.286869,-0.501767,0.100947,0.818301,-0.580342,-0.262705,-0.579355,0.00118096,-0.00367093,-0.24543,0.234189,-0.0331641,-0.481247,0.162128,0.216522,0.128961,-0.408774,0.0605643,-0.488758,1.45284,-0.544235,0.0939068,0.210802,-0.146248,-0.22617,-0.276516,-0.752058,-0.450169,0.54718,0.49832,0.817619,1
-0.250348,0.0378196,-0.153577,-0.0825791,0.323706,-0.210387,-0.711411,-0.553019,-0.0410443,-0.477957,-0.295462,-0.424151,-0.308881,-0.339577,-0.424107,0.711497,0.258116,-0.628568,-0.989394,0.0457454,0.432291,-0.166261,-1.38003,1.06645,0.57639,-0.650212,-0.412846,-0.0533525,0.47131,-0.104099,0.00152502,-0.770539,0.508288,0.922912,1
0.0758686,-0.0987157,-0.316427,-1.13718,-0.443907,0.852484,-0.628569,0.483041,-0.0172179,-0.157264,1.1519,0.679524,0.570247,0.153242,-0.0692559,-0.0893467,0.421356,0.641717,-0.699277,-0.491097,0.592319,-0.216865,0.13508,0.904418,-0.0367106,0.276823,0.269629,0.383879,-0.302324,-0.764816,0.675558,0.236457,0.556145,0.857449,1
0.114252,-0.108005,-0.606144,0.193733,0.600784,-0.0647745,0.539453,-0.756476,-0.131895,-0.667745,-0.799343,-1.17102,-0.205417,-0.234753,-0.50005,-0.0797202,-0.956845,0.0369769,-0.205531,0.28021,0.0676653,-0.436409,0.695533,-0.399428,0.767035,-0.102528,0.811557,-0.817024,-0.287506,-0.726822,-0.859975,-0.460588,0.476581,0.826242,1
0.261633,-0.843556,-0.580552,-0.0684041,0.301591,-0.0588585,0.649645,0.332319,0.285782,0.156835,0.635992,0.406732,0.16182,-0.363449,-0.876117,-0.259593,-0.87505,-0.284786,0.27247,0.329215,0.287537,1.00769,0.252813,-0.373054,-0.18013,-0.539907,-0.323894,0.257503,-0.138069,-0.274083,0.563902,0.441934,0.514028,0.888991,1
-0.716386,0.159517,0.454676,-0.270573,-0.772301,-0.315838,0.721066,0.33162,-0.0222009,-0.112188,-0.213216,-0.398771,0.252135,-0.124193,0.321129,0.149246,-0.180084,-0.678342,0.0819532,-0.124781,0.388852,-0.146345,-0.32887,-0.0384119,-1.03804,0.258414,0.00673658,-0.245721,0.772138,0.397365,-0.492789,-0.128826,0.543559,0.907999,1
1.08752,-0.0132997,-0.65889,0.119124,-0.0390315,0.249334,-0.570602,0.111591,-0.0644093,-0.152245,0.128006,0.0795469,-0.505696,-0.206367,0.460137,0.178924,-0.540623,0.204309,0.185689,0.00894742,-0.614725,-0.0942665,-0.282647,0.0440781,-0.206469,-0.20246,0.0849213,0.539136,-0.0685584,-0.923799,-0.340488,0.250454,0.498414,0.853003,1
0.253119,0.557386,0.0820566,-1.0972,-0.345071,-0.836494,-0.0263074,0.0928174,0.314265,0.523686,-0.731971,-0.74464,0.788992,-0.676494,-0.17706,-0.190407,0.306026,0.578484,0.341916,-0.567518,0.079706,0.0874676,-0.0977789,-0.109214,0.457492,0.0140433,-0.552526,-0.00298654,0.266794,0.328529,-0.277612,-0.376748,0.487413,0.815387,1
0.150933,-0.577697,-0.296043,-0.076775,0.0889217,-0.0335973,-0.056516,0.467224,-0.0746722,-0.26592,0.90679,0.334828,0.422319,-0.00832638,-0.505128,-0.241953,-0.10496,0.0690777,0.449505,0.218395,0.893766,-0.151283,-0.00683126,-0.0112157,0.219747,-0.138854,-0.561315,-0.0514735,-0.12125,-0.476521,-0.0317978,-0.0842291,0.571402,0.822861,1
-0.342858,-0.453096,-0.0103976,-0.27694,-0.746748,-0.0866168,-0.784178,-0.00517607,0.365181,0.533677,-0.507203,0.635795,-0.34788,0.04484,0.381564,0.536714,0.345899,0.400114,0.256752,-0.00923751,-0.4434,0.16609,-0.365357,0.630667,-0.206402,0.13961,0.86742,0.383641,-0.00561208,-0.238154,-0.078419,0.126054,0.496212,0.870965,1
0.192065,-0.0408344,-0.890829,0.0280995,-0.106596,0.736677,-0.17834,0.0072839,-0.921295,0.321484,-0.617115,0.976891,1.00969,-0.270903,-0.030642,-0.142107,0.420651,-0.580024,0.0123506,0.466708,-0.46703,0.404291,-0.901026,0.242712,0.0228801,-0.0238392,-0.0338438,0.379825,-0.114236,-0.268354,0.0342034,0.0626522,0.530482,0.794138,1
1.01094,-1.61698,0.0560882,0.502133,-0.179448,0.580294,0.127602,-0.792589,0.236205,-0.461918,-0.708013,0.31287,0.157529,-0.220158,-0.501872,-0.290094,0.348853,-0.372465,-0.060909,0.0648781,-0.311463,0.0605938,0.0673508,-0.339813,-0.221823,0.357665,-0.137249,-0.315269,0.458005,-0.782637,-0.260263,-0.139888,0.425186,0.852397,1
0.187976,0.227221,0.154956,0.121411,0.365903,7.95,0.348903,0.107075,0.267748,0.345191,0.346742,0.107869,0.313954,0.277859,0.255513,0.387807,0.126352,0.187156,0.153497,0.297358,0.207163,0.35658,0.139179,0.189238,0.182251,0.134355,0.210044,0.319941,0.107235,0.355382,0.205539,0.145457,0.52,0.82,1
0.521388,-0.459122,0.0120939,-0.427914,-0.552176,0.849206,0.43576,0.14491,-0.32223,1.17171,0.0971473,0.441708,-1.78581,0.0244961,-0.581254,-1.04005,0.247406,-0.281372,-0.447879,-0.576767,0.516811,-0.109457,-0.279071,0.347771,-0.17005,0.188353,-0.288576,-0.304213,-0.750701,0.210344,-0.109334,-0.25132,0.570495,0.947884,1
0.187838,0.0965134,0.14999,1.04095,-0.129854,-0.0875168,0.167277,0.814271,-0.00229134,-0.569643,-0.389468,-0.583752,0.35892,-0.462657,-1.01235,-0.036457,-0.257361,0.151207,-0.177067,0.200696,-0.327,0.242393,-1.13092,-0.364541,-0.369627,-0.900433,-0.19942,-0.901736,-0.394452,0.0187199,-0.299382,-0.26435,0.568723,0.782265,1
-0.182912,-0.368415,0.0162607,-0.258828,-0.16892,0.466018,0.0894499,-0.27541,0.0611228,-0.403554,-0.477714,0.454343,0.459559,1.4297,-1.06118,-0.854024,-0.522709,-0.393456,0.635036,-0.241878,-0.0755009,0.195097,-0.440463,0.576073,-1.05391,-0.0553891,-0.735087,0.331779,0.755873,-0.847455,-0.319122,0.539533,0.565228,0.812465,1
-0.683762,-0.310296,-0.786162,-0.710307,0.0565619,-0.149244,1.06271,0.438242,0.770588,0.198738,-0.460702,-0.606963,-0.458014,0.229685,0.235578,-0.503099,0.218942,0.324421,0.658497,0.219489,0.0576401,0.0492895,-0.645329,-0.61252,0.0562798,-0.503718,0.313257,0.311444,0.382171,-0.0926338,-0.0764937,0.180069,0.478746,0.873456,1
0.516414,-0.135318,-0.0208161,0.220792,-0.165102,0.288054,0.941356,-0.193443,-0.391256,0.552773,-0.519587,0.208979,-0.724766,-0.288452,-0.188938,0.48349,-0.145913,-0.327623,0.762538,-0.19909,-0.342426,0.52474,-0.117862,0.49167,0.221187,-0.556321,-0.666326,-0.038624,-0.207482,-0.602016,-1.25305,0.24098,0.468245,0.8444,1
0.666344,0.888744,-0.866592,-0.294035,0.470213,-0.866015,0.969112,-0.56612,0.883002,-0.585131,-0.249114,-0.494758,0.788205,-0.426756,0.539699,-0.359435,-0.607667,-1.03313,-0.46559,-0.158113,0.680258,-0.124243,0.265754,-0.713744,0.0100258,-0.0674227,-0.0116659,-0.0942535,0.00918159,0.92078,0.584302,0.134269,0.463121,0.805418,1
-0.0368995,-0.334608,0.0101884,0.277942,-0.268802,-0.173439,0.748449,0.131294,-1.06062,0.357998,0.604262,-0.505174,-0.990753,-1.1896,0.370038,-0.3164,0.308169,-0.0653309,-0.53091,-0.485076,-0.331508,1.15653,-0.864012,-0.716754,0.598264,0.069786,0.255412,0.272303,0.582268,-0.430112,-0.16416,-0.570031,0.436172,0.916091,1
-0.000296507,-0.257762,0.0354102,0.7576,0.165829,-0.284384,-0.320894,0.408029,0.406087,0.724513,-0.0845587,-0.540733,0.577786,-0.342433,0.579815,-0.391452,-0.156676,-0.71645,0.103545,-0.157081,-0.132458,-0.405036,0.0563229,-1.11664,0.315847,-1.10421,-0.645111,-0.304691,-0.00916523,-0.559178,-0.0281786,-0.0196572,0.567782,0.811849,1
-0.243155,-0.177485,-0.21989,0.158391,0.189628,0.469587,-0.363792,0.257398,-0.695189,0.408076,-0.628738,0.256689,-0.0162819,-0.0613249,-0.0695687,-0.655753,-0.444285,0.301113,0.340869,0.219237,0.169189,-0.421034,0.893653,-0.247397,0.2269,0.467419,0.466605,-0.255345,-0.439663,0.0273574,-0.236884,0.632069,0.435993,0.78333,1
-0.278709,0.107664,0.0417184,-0.654304,0.474049,0.0648617,0.133802,-0.198667,-0.320028,-0.0869465,0.882095,0.626925,-0.223536,-0.718441,-0.716946,-0.310087,0.321154,-0.019084,-0.717761,-0.896632,0.454809,0.16301,-1.25217,-0.552509,0.726356,-0.509768,-0.941054,0.202888,0.417103,0.411202,0.0945297,-0.106154,0.518758,0.81831,1
0.515682,-0.229598,1.08881,0.132042,0.706397,-0.145342,0.57873,0.680912,0.897632,0.20575,1.1751,-0.0847023,-0.914391,0.370636,0.0776225,-0.315929,0.153898,0.613089,0.311052,0.298901,-0.134663,0.113896,-0.0172796,-0.0941176,0.494767,-0.108033,0.0554772,-0.265034,0.483725,-0.28589,-0.0110557,-0.0937582,0.482682,0.948397,1
-0.0797537,-0.377761,-0.410145,-0.217662,0.471765,0.0161124,0.219728,0.347667,-0.0502622,-0.348869,-0.233693,0.544928,-0.433517,0.511515,0.481387,-0.176044,0.465939,0.0520611,-0.204022,0.33832,0.18343,-0.368279,0.12268,-0.853361,0.313429,-0.688637,-0.143953,0.533502,-0.490097,-0.0154826,-0.135901,0.315694,0.571593,0.783731,1
0.620767,0.313964,-0.669994,0.0647817,-0.451088,-0.654005,-0.389997,0.0395563,-0.336015,-0.243538,-0.199915,0.461188,0.142595,0.415553,-0.415519,0.0755608,-0.0803258,-0.0703966,0.461683,0.0209253,-0.683376,0.34248,-0.0616256,0.230626,-0.738675,-0.0740549,-0.212788,-0.116872,-0.131824,0.0671504,0.802367,0.345241,0.422923,0.936481,1
0.234814,0.319755,0.0430988,-0.874164,-0.307893,-1.14159,0.245624,0.304249,1.22881,0.364301,-0.443116,-0.14967,0.297112,-0.407418,0.00603634,-0.15462,-1.11119,-0.00297919,-0.330551,0.387754,-0.212261,0.0368563,0.0171114,-0.538059,-0.40793,0.0617981,-0.233769,0.220711,-0.697547,-0.699713,0.764375,-0.409178,0.538883,0.947376,1
-0.827662,-0.584746,-0.101674,0.276161,0.253669,0.490048,0.779231,-1.4016,-0.224059,0.669751,0.333802,0.959435,-0.23194,-0.247313,-0.0239107,-0.280475,0.777877,-0.410196,-0.362403,-0.317871,0.197542,-0.146573,0.566898,0.708616,-0.650238,0.507722,-0.765627,-0.692578,-0.565652,0.220234,-0.422499,0.0207783,0.517948,0.91434,1
0.462467,0.688817,-0.0250126,0.920068,-0.702691,-0.467323,-0.678053,0.0125077,-1.0889,-0.29357,-0.792595,0.386193,0.161445,-0.236362,-0.155932,-0.474773,0.869762,0.780511,0.457971,-0.839004,0.272891,0.400136,-0.280236,0.276311,0.877509,-0.387614,-0.834185,0.16847,0.367964,-0.271941,0.20954,0.945173,0.567198,0.853207,1
-0.308519,-0.688023,0.0229839,0.537838,0.48183,-0.352431,-0.0809964,0.645172,-0.840569,-0.415658,0.666385,0.112627,0.334841,0.100458,-0.2927,-0.552351,-0.491151,-0.764813,-1.1393,-0.713165,0.664751,-0.757242,-0.519142,-0.355243,-0.765956,-1.14377,-0.0200249,0.742724,-0.358414,0.381778,0.521747,0.719081,0.556273,0.898371,1
0.685648,0.572408,0.0845377,-0.701836,-0.274018,0.0950448,-0.781559,0.532537,0.987998,0.912263,-0.540461,-1.13611,-0.146699,-0.0533424,-0.326857,0.550424,0.822869,-0.707191,-0.294181,0.653686,-0.679187,-0.340478,0.382808,-0.0447956,-0.394736,-0.176396,-0.163792,-0.943342,1.48392,0.617414,0.474684,0.699839,0.554391,0.936148,1
0.122815,0.313095,0.0741433,1.28755,-0.127498,0.394996,-0.28727,-0.0246005,-0.0402739,-0.240411,0.368916,-0.447972,-0.331855,0.0606383,-0.264358,0.0794857,0.339809,0.45632,-0.198781,0.733664,-0.729699,-0.179047,-0.770038,-0.229951,0.495593,-0.104568,-0.112922,-0.710965,-0.511801,0.032718,0.788003,0.181295,0.424601,0.896652,1
-1.08509,0.236947,-0.716492,1.02265,0.153044,0.465041,0.177147,-0.414393,-0.0558397,-0.399692,0.257264,0.0645544,0.00393484,-0.356531,-0.385338,0.863497,0.235782,-0.0326589,0.29008,0.427586,0.451048,-0.381893,0.757121,0.358498,0.347301,-0.217522,0.215839,-0.516205,-0.112992,-0.395309,-0.749976,0.323561,0.452122,0.86115,1
0.129179,0.408687,0.0581501,-0.353983,-0.56104,0.480785,0.10706,-0.346786,-0.133489,0.334884,-0.0159447,0.401403,-0.505194,-0.15708,0.22962,0.12911,0.641232,0.0648233,0.880316,-0.00119102,0.662215,0.865524,0.259679,0.254031,1.0393,0.737882,-0.306944,-0.708941,-0.361962,0.7078,-1.24755,0.415861,0.52011,0.946965,1
0.0557556,0.592452,-0.174359,0.694446,0.100043,-0.137231,0.169763,0.266815,-0.187484,0.168681,0.270576,-0.68146,0.499001,-0.05706,0.264822,-1.26487,0.0391409,0.182539,0.0632918,-0.416648,-1.15836,-0.30223,-0.19559,-0.0508977,0.160363,-0.19889,-1.21884,-0.337778,0.279024,-0.398275,0.0131114,-0.163962,0.511466,0.920762,1
0.398958,-0.593526,-0.557178,-0.457157,0.122365,-0.506642,0.296305,-0.785259,0.0961331,-0.0773481,-0.390865,0.18067,0.158805,0.129449,0.188858,0.235717,0.263975,0.182645,0.359875,-0.00853476,0.366193,0.303171,0.487668,0.036967,-0.0970256,-0.767229,-0.119698,-0.237063,-0.1805,0.729512,0.344288,-0.0460998,0.43697,0.771229,1
0.14425,0.396699,0.347373,0.125293,0.100681,7.95,0.228805,0.153647,0.315011,0.275977,0.217674,0.337005,0.113551,0.264697,0.205041,0.368097,0.292373,0.162464,0.145141,0.170756,0.336042,0.189462,0.333561,0.104815,0.175596,0.161697,0.188318,0.340968,0.398396,0.214669,0.283888,0.236415,0.52,0.82,1
-0.419889,-0.515079,-0.739298,-0.0832313,-0.554874,0.309509,-0.367898,-0.616426,-0.285197,0.480819,0.676254,-0.584512,-0.0714987,-0.919228,-0.0309168,-0.0188562,0.0548928,-0.0910148,0.73946,-0.27369,-0.275086,0.860322,-0.314032,-0.394728,-0.125809,0.220817,-0.0612395,-0.848002,0.765938,0.203567,0.647828,0.504266,0.441328,0.812088,1
0.155858,0.137061,-0.961849,0.0228034,1.86867,-0.247863,0.0616077,-0.423719,-0.15416,-0.0377535,-0.626184,-0.0384361,-0.330359,0.936839,-0.762911,-0.394917,0.125304,-0.127064,-0.372799,-0.354041,-0.490394,-0.705542,-0.464254,0.318052,0.554372,0.190103,-0.486783,-0.0982906,-0.272873,0.669688,0.456197,0.225748,0.471072,0.866511,1
-0.180466,0.112145,0.604764,0.286628,-0.029,-0.521275,-0.171864,-0.259189,-0.211905,-0.250192,-0.862372,-0.637132,-0.195505,-0.598638,0.77406,0.95764,-1.46946,1.49522,-0.770925,0.48379,-0.709512,0.592652,1.0141,-0.699874,-0.0796805,0.00173025,0.291716,0.674276,0.105618,0.205316,0.468392,-0.0519191,0.489303,0.813895,1
0.138733,0.387119,-0.673856,0.0177188,-0.162639,0.202903,-0.288516,-0.0367514,-0.0581887,-0.250112,0.984831,-0.566385,-0.241423,0.276457,0.0800051,0.888268,-0.119277,-0.370683,-0.260927,0.0362179,0.172404,0.939393,-0.578868,0.0145641,1.22828,0.138761,-0.603823,-0.354059,-0.370786,-0.314535,-0.551018,0.178362,0.544788,0.893417,1
0.351745,-0.0800323,0.457748,-0.374941,0.4133,0.308834,0.302803,0.832226,0.682618,0.379941,0.341887,0.241503,0.567829,0.300246,0.442168,-0.121138,1.26418,0.596441,-0.650143,-1.30348,0.476298,0.218659,-0.19208,0.862998,0.39871,0.983473,0.0369732,0.841654,0.67519,0.894652,-0.597652,0.746929,0.436547,0.93993,1
-1.33529,-0.164007,-0.532197,-0.128941,-0.352325,0.901902,0.744892,0.50537,0.175242,-0.2564,-0.108048,0.209023,0.0729825,-0.0772114,0.233249,-0.668454,-0.0531847,0.715341,-0.0465993,0.898614,-0.345271,-0.3233,0.795988,-0.193096,-0.70869,-0.0655039,-0.610074,-0.484736,-0.149936,0.506778,-0.452945,0.415048,0.521555,0.861631,1
-1.08946,0.0914815,0.737423,0.223711,-0.420772,-0.271131,-0.804565,0.412247,-0.287011,-0.72316,-0.408335,-0.867238,0.513633,-0.0635804,-0.123182,0.586621,-0.434266,0.140913,0.937133,-0.708909,0.764971,-0.67061,-0.148274,0.586151,-0.254104,1.28568,0.972935,-0.413499,0.0785118,-0.133033,-0.152947,-0.36034,0.451074,0.8152,1
0.798196,-0.478349,0.281463,-0.0475376,-0.0625184,1.02388,-0.0692186,-0.550255,0.378388,-0.00653488,-1.16165,0.268966,0.29579,0.478155,0.661426,0.46563,0.80851,-0.129424,-0.124493,-1.00554,0.300271,0.404117,0.262416,0.250754,0.175975,-0.0010481,0.510399,0.807108,0.740219,0.887925,0.0950523,-0.138686,0.466645,0.810019,1
-0.820333,-0.0962235,0.208726,0.228614,-0.438816,1.18425,-0.237223,0.221557,-0.017736,-0.293529,-0.191507,0.593824,0.675104,0.0772991,0.0384381,0.73826,-1.20791,-0.0884715,-0.611436,-0.584616,-0.136885,-0.0769785,-0.242026,0.192979,0.315042,-0.322576,-1.54313,-0.181847,-0.856931,-0.575054,0.55151,0.348174,0.476764,0.825217,1
0.297104,-0.172602,0.152219,0.406319,0.793373,0.709631,0.0806925,0.334959,0.438257,0.506133,0.303889,-0.781586,0.0867123,-0.944846,0.730257,-0.132453,-0.857653,0.648194,-0.60602,0.180613,0.384401,-0.483887,0.606068,0.00356785,-0.176828,0.837034,0.234974,0.0751763,-0.002855,0.224315,-0.00610892,0.398706,0.525556,0.946657,1
0.0449576,0.810992,-0.12459,-0.0077884,-0.423398,0.0768302,0.0285457,-0.444669,-0.292084,-0.617226,0.180164,-0.0683037,-0.831428,-0.434759,0.286405,0.723586,0.195262,0.81975,0.132405,0.126773,-0.111243,-0.122497,-0.291593,0.129961,-0.966731,-0.763747,0.200729,-0.538126,0.812788,0.0385525,0.470468,0.304503,0.436316,0.936475,1
0.715797,-0.0996848,0.653365,-0.300788,-0.0338118,0.819613,0.570222,0.179113,-0.5132,0.0656927,-0.530915,0.143876,-0.134078,-0.128294,-0.243073,-0.0290758,-0.0110469,0.833192,0.249628,0.061658,0.924233,0.657445,-0.123718,0.285385,-0.116858,0.220363,-0.668636,0.0550368,-0.0183792,-0.560462,-0.343899,-0.18168,0.444724,0.764271,1
-0.291303,1.258,-0.371389,0.0117257,-0.162229,-0.453403,-0.105259,-0.074711,-0.218171,-0.212572,0.162843,0.264999,-0.480847,0.211543,0.0644066,-0.392025,0.274374,0.324312,-0.447115,0.123103,-0.0597098,-0.320876,-0.154344,-0.620416,-0.216719,-0.352757,-0.133372,-0.109403,0.544091,-0.450234,0.148309,0.131518,0.494371,0.845831,1
0.143551,-0.427749,-0.0690653,0.259017,0.0965232,0.0271587,-0.130654,0.682712,-0.0251121,-0.614687,-0.912038,0.0772288,0.161385,-1.28059,-0.0370144,0.320408,0.715691,0.239318,-1.24022,0.814468,-0.310182,-0.385217,-0.926164,0.245417,0.560999,-0.629018,-0.212612,0.342779,0.890992,-0.996033,-0.159999,0.970845,0.53395,0.80038,1
-0.506425,-0.102845,1.12067,0.0400922,-0.271298,-0.459378,0.31623,0.213034,-0.470287,-0.337347,0.241654,-0.871291,0.420767,-0.056661,-0.571325,0.229246,-0.379969,0.0192608,-0.180085,0.583934,-0.0155004,0.566415,0.221037,-0.500862,0.216906,-0.553082,-1.23483,-0.0474947,-0.495191,0.13608,-0.294487,0.391039,0.576153,0.775286,1
-0.146926,0.72033,-0.856193,1.0012,0.14583,-0.582684,0.520005,-0.468847,-0.062481,-0.140792,0.14755,0.100952,0.55043,0.531027,0.199364,0.142821,0.246769,0.171195,0.25881,-0.45526,0.779795,0.401683,-0.391236,0.5202,0.414288,0.173538,-0.0259228,-0.0396596,-0.550525,-0.525302,0.0293981,-0.629332,0.466786,0.923078,1
-0.344487,0.0998565,-0.113926,0.10548,0.291981,-0.572453,-0.133275,-0.226555,0.156113,-0.155166,0.312558,-0.37672,-0.491633,-1.21781,0.700319,0.441408,-0.617087,-0.717243,-0.0239037,-0.65753,0.221446,-0.13282,0.640212,-0.877592,-1.26711,-0.388759,-0.0733514,0.155367,0.0159951,0.259469,0.129422,0.388581,0.526344,0.843195,1
1.10701,0.0763139,0.360959,0.106874,-0.172347,0.116905,0.5992,0.345178,0.0302376,0.292187,-0.148985,-0.631646,-0.899291,-0.829158,-0.245982,0.717939,-0.096944,-0.17738,-0.359221,-0.713958,0.101878,-0.370886,0.62023,0.553109,0.659625,0.49105,-0.0247141,0.181854,0.284256,0.101028,0.0208327,0.345226,0.457371,0.86103,1
-0.44117,0.677434,0.661046,0.262736,0.014245,-0.616916,-0.378217,0.418052,0.0779287,-0.719291,-0.334036,-0.111966,-0.855053,-0.223979,0.138474,0.640946,-0.0427047,-0.71668,-0.212718,-0.193016,-0.262502,-0.454464,-0.231251,-0.378808,-0.366442,-0.321556,-0.102327,-0.504845,0.102303,-0.784311,-0.0701562,-0.348143,0.425249,0.820231,1
0.385523,-0.42216,0.0769633,-0.879692,-0.674841,0.5418,0.0719039,0.409783,-0.248484,0.176663,0.00416613,0.817257,-0.177471,0.509512,0.0325128,0.632297,-0.620087,0.339445,-0.18123,-0.294416,-0.251812,0.886223,-0.579883,0.702071,0.767085,-0.134941,-0.0173964,-0.248346,-0.3055,-0.285496,0.188905,-0.0478748,0.497806,0.802656,1
0.494799,-0.182491,-1.29111,0.420558,0.244035,-0.219604,-0.451677,0.374154,-0.265794,-0.607003,0.492999,0.0670985,0.443129,0.0110176,-0.146157,0.541529,-0.138971,-0.85872,0.382051,0.316511,0.0384867,-0.289454,0.35519,0.369988,-0.511994,-0.118238,0.00145263,0.47042,-0.466242,-0.269424,-0.0654714,-0.399197,0.554477,0.773831,1
0.299554,0.710305,0.249734,0.371045,0.331114,0.301488,-0.593824,0.0186424,-0.263636,-0.624183,-1.55754,0.0832128,-0.856212,-0.253966,0.413218,-0.155771,-0.647836,-0.53162,0.325354,0.37433,0.0494621,0.374771,0.268472,-0.331987,1.0988,-0.127051,-0.70111,-0.457768,0.0693829,0.513035,-0.0310044,0.415424,0.505154,0.782286,1
-0.690375,0.349836,0.684478,-0.13515,0.0573894,-0.506088,0.0844485,0.110047,0.457803,-0.219626,-0.381355,-0.582711,-0.0558413,0.61508,-0.09134,0.789651,-0.694415,-0.0959729,-0.278034,0.695595,-0.762663,-0.115606,-0.537701,-0.128018,0.720117,0.0422913,0.411536,0.831281,-0.128011,0.652308,-0.374157,-1.05778,0.551851,0.871792,1
-0.078322,0.00951772,-0.0821534,-0.321411,-0.390592,-0.0769959,0.337711,-0.687021,-0.142911,-0.352107,0.861283,0.222271,0.12066,0.36486,0.752066,-0.295836,0.109044,-0.0407939,-0.8935,-0.41244,-0.191738,-0.473831,0.0577604,-0.446078,-0.624626,1.02408,0.587805,0.669671,-0.166817,0.481914,-0.208418,0.183656,0.546279,0.875773,1
-0.236815,0.048378,0.181411,-0.341955,0.492006,-0.0565711,-0.161567,-0.192742,-0.510117,-1.53781,-0.0927855,-0.112097,0.913545,0.671918,-0.160796,0.843944,0.277419,0.226411,-0.161462,0.231863,-1.10185,0.280362,-0.167951,0.0746747,0.291748,-0.425553,-0.201944,-0.636961,-0.47239,-0.0768854,-0.318126,-0.475285,0.520546,0.892369,1
-0.910362,0.793604,-1.18421,0.128133,-0.726014,-0.693791,-0.381437,-0.413512,0.899462,-0.191795,-0.797628,0.295882,-0.191943,0.0974657,-0.139659,0.378028,0.0199579,-1.34691,-0.498222,0.28249,-0.347713,-0.276308,-0.146643,0.0751216,0.407084,-0.590059,-0.197313,-1.11203,0.428841,0.19692,-0.0459722,0.114952,0.492591,0.880209,1
-0.761742,0.286718,0.715701,-0.30648,0.242934,-0.11763,-0.346873,0.0266551,-0.766267,-0.250721,-0.824794,0.350719,0.183148,-0.621444,-0.0761994,0.225175,0.174103,0.0318672,-0.158567,-0.353273,0.949084,0.891499,-0.0818659,0.534216,0.167643,-1.17522,-0.330481,0.489605,-0.472062,0.369917,-0.921684,0.924325,0.52808,0.854752,1
-0.599716,-0.230296,-0.690718,0.0599763,0.124927,-0.617896,0.177608,0.541935,-0.393552,-0.251563,0.500992,-0.553933,0.365651,-0.774457,0.683561,0.719509,-0.418748,-0.180157,-0.508727,0.00567694,-0.285461,-0.472724,0.317628,-0.283843,0.251963,0.508375,-0.0777903,0.380789,-0.658497,0.232967,0.23686,0.273978,0.546879,0.845814,1
0.14682,-0.153829,-0.326711,-0.471975,0.387247,-0.599033,0.832996,0.333854,-0.649386,0.00477291,-0.3007,-0.546854,0.254048,0.487008,0.164844,0.306933,-0.0242426,0.85193,-0.321309,0.0438753,0.280548,-0.110983,0.201945,0.242754,-0.0515139,0.60938,0.446917,1.14763,0.133242,0.068558,-0.277742,-0.145584,0.507459,0.867994,1
-0.553945,0.378759,-0.321436,0.0855841,0.58649,-0.642015,0.47756,0.0620958,0.512424,-0.884341,0.925256,-0.347378,-0.894464,-0.0785215,-0.373242,0.768796,0.42184,0.477893,0.255784,0.381035,-0.142268,-0.374576,0.460573,0.0238161,0.0115533,-0.357256,-0.177153,0.00882106,-0.291463,0.778996,0.671831,-0.308581,0.432873,0.860582,1
-0.000197424,-0.473012,0.012072,0.447727,0.290144,0.0143082,0.190933,0.95442,-1.08568,-0.751502,0.984363,0.285353,0.0524292,0.519138,0.454024,-0.544154,0.168262,-0.119264,-0.056362,-0.0534084,-0.345717,0.658267,0.0933925,0.990794,-0.0178279,-0.215534,0.016709,0.184331,0.344482,-0.484819,-0.469639,-0.104755,0.55346,0.772186,1
0.102116,-0.65958,-0.194649,-0.563377,-0.386712,-0.00327619,-0.423007,-0.66818,0.434982,-0.00295283,-0.181942,0.0873011,0.240821,0.732198,0.309936,-0.53879,0.457133,-0.255546,0.496482,0.0375297,-0.201929,-0.595869,0.208378,-0.357513,0.452334,-0.492056,0.652604,-0.176021,-0.357985,-0.0647537,0.287984,-0.717512,0.50203,0.85051,1
0.404568,0.269132,0.295901,0.478194,0.727135,-0.164921,-0.435696,-0.142842,0.379266,0.778067,-0.973586,-0.18346,0.918206,-0.207996,0.936811,1.02318,0.24691,0.0968421,0.441765,0.134334,-0.573991,-0.842064,0.427513,0.101052,0.225254,-1.05053,-0.378037,-1.17932,0.185234,-0.77658,0.347621,-0.303747,0.510138,0.901778,1
-0.405796,0.171751,0.164763,0.0161117,0.203892,-0.361494,0.48636,0.539854,0.255377,-0.284462,-0.267905,-0.146729,-0.298985,-0.632485,-0.0754235,0.452911,-0.0194957,0.340703,0.0683965,0.324254,-0.00778842,0.364298,0.251434,-0.177027,-0.513035,0.388708,-0.0350328,-0.311894,0.365325,-0.23638,0.091976,0.337187,0.447611,0.817992,1
0.503858,-0.61332,0.0386391,0.712454,0.15123,0.121354,0.35076,-0.561166,-0.0204765,0.4621,-1.32829,-0.454147,-0.275553,0.0479918,-0.656513,0.293317,-0.483023,0.0890393,-0.443992,0.0149678,-0.512728,-0.509028,-0.853417,-0.267851,-0.564438,-0.222251,-0.653056,0.346439,0.711593,0.890901,0.573597,0.874925,0.53954,0.916262,1
-0.261469,-0.190015,0.460266,0.267115,-0.304401,0.23899,0.0919419,-0.385364,0.0401834,-0.175661,-0.128284,1.20088,0.893783,0.76037,0.179574,0.617272,-0.186322,-0.437038,-0.605396,0.68487,0.984223,0.18113,-0.792403,0.206615,-0.454485,0.40907,-0.282397,-0.832275,-0.400164,-0.410636,-0.544583,1.33412,0.490122,0.847263,1
-0.117811,0.0678802,0.373134,0.122404,0.354436,-0.147829,-0.900018,0.356455,0.177176,0.416653,-0.303186,0.0802679,-0.208369,0.346473,0.204652,0.482303,0.921898,0.412073,-0.0770753,0.902801,-0.0660916,0.00129646,0.211356,0.639918,-0.12852,0.372315,-0.033962,0.0447265,-1.00498,0.70704,-0.227496,0.252057,0.570476,0.878578,1
0.750934,-0.311608,-0.880523,-0.372979,0.704914,0.773105,0.090569,-0.319595,-1.11455,0.0929037,-0.686129,-0.152287,0.368632,-0.438944,-0.390202,-0.0465511,-0.304892,-0.428154,-0.26102,-0.347236,-0.10534,-0.432253,-0.763786,-0.129588,0.234196,0.0211495,0.24704,-0.466277,0.324657,0.25123,0.471442,0.34425,0.458384,0.813578,1
-0.253252,0.0304457,0.655922,0.495469,-0.0653672,0.0766752,0.226888,0.439315,0.170159,0.238554,-1.04162,-0.369691,0.521516,-0.772115,-0.508046,-1.42837,-0.822469,-0.208262,0.287292,-0.196198,0.464833,1.30034,0.0910203,-0.195819,0.124468,0.251291,-0.212142,0.281094,0.761825,-0.639093,-0.029668,-0.393866,0.483288,0.769296,1
-0.0110775,0.218201,0.127724,-0.330847,-0.174082,-0.055251,0.598428,-0.0592159,-0.671181,0.10717,0.49978,-0.384311,0.859886,0.0616491,-0.372736,-0.647006,-0.669849,0.403654,0.00950426,-0.839574,0.306156,0.204111,0.194109,-0.344744,-0.420983,0.0659139,0.188225,0.0223159,0.93176,0.392824,0.196576,0.565144,0.474353,0.867487,1
0.40764,-0.822774,0.856541,-0.396947,-0.690201,0.153825,-0.488228,-0.328109,-0.279844,0.16845,-0.250338,-0.23426,-0.410771,0.302975,0.154379,0.704501,-1.04887,0.846523,0.14478,0.439759,-0.48753,-0.483195,0.0325131,-0.517067,-0.638256,0.0174958,-0.631788,0.904445,0.513603,0.703013,0.129954,-0.22504,0.536736,0.891268,1
0.141058,0.117574,0.387044,0.169039,0.259641,7.95,0.163098,0.296749,0.35585,0.26958,0.189316,0.151014,0.182347,0.230693,0.133591,0.204056,0.330418,0.19438,0.338867,0.19448,0.129925,0.290606,0.345842,0.216373,0.229463,0.267966,0.289079,0.204513,0.261333,0.10296,0.152574,0.268344,0.52,0.82,1
-0.131782,-0.227833,0.373088,0.19933,0.170971,-0.219383,-0.188985,-0.360651,0.257853,-0.116225,0.0106361,0.250874,-0.44524,-0.201805,0.215304,0.0320055,0.491615,0.0399165,-0.296022,0.224021,-0.242582,0.0206503,-0.219956,0.516004,0.279485,0.347337,0.379309,0.853286,-1.72825,0.0752861,0.173058,-0.0218339,0.471692,0.806184,1
-0.483326,-0.389921,0.625142,-0.169593,0.179405,0.292713,-0.36298,-0.0809488,0.279169,-0.0446529,-0.39502,0.193816,-0.172086,-0.16416,0.10376,-0.191782,0.742456,0.139414,-0.387039,0.408664,0.468768,-0.298908,-1.01097,0.415557,0.239919,0.587464,-1.14001,0.412306,-0.15448,-0.44183,-0.52613,-0.371899,0.57125,0.833335,1
-0.693131,-0.621239,-0.566179,0.5739,-1.11874,-0.851307,0.395979,0.051143,0.132383,0.0306178,-0.490258,0.76651,0.19325,-0.421739,-0.57795,0.403157,-0.0750249,-0.113336,-0.598112,-0.359737,0.595739,-0.389625,0.271425,-0.423562,-0.694947,0.210393,-0.401542,0.413702,0.33341,-0.196796,-0.125785,-0.641832,0.440183,0.823413,1
-0.244844,0.626721,0.533075,-0.628451,-0.23125,-0.537083,-0.383889,0.920272,-0.263564,-0.85794,0.527484,0.314431,0.140917,-0.546637,0.0170944,0.306018,-0.205148,-0.228051,-0.22049,-0.0805834,0.118747,0.486694,-0.263646,-0.822405,-0.472978,-0.00363351,0.46829,0.069965,0.154232,-0.210404,1.15194,0.160856,0.458438,0.922643,1
0.99858,0.477327,0.49279,0.263509,-0.676489,-0.932064,-0.43739,-0.310355,0.827212,-0.201776,0.129257,-0.524135,0.667551,-0.314608,-0.207681,-0.337034,-0.431098,0.389179,1.00713,0.286308,0.401877,0.274742,-0.0110912,0.613301,-0.690909,-0.527818,0.876421,0.509006,-0.189704,-0.225789,-0.0753564,0.360779,0.476983,0.904627,1
0.130404,-0.15206,0.649372,0.0654945,0.629521,0.320469,0.0521954,-0.766391,-0.236109,-0.279552,-0.464775,0.403379,-0.027895,-0.335608,-0.567862,0.348159,0.647759,-0.024648,-0.179935,0.292407,-0.478484,0.678072,0.497079,0.392886,0.667989,-0.295701,0.88309,-0.148804,-0.286009,-0.643545,0.277403,-0.513434,0.570059,0.861664,1
0.227539,-0.531148,-0.129345,0.0638512,-0.858557,0.234596,-0.965708,-0.273183,0.0799128,-0.488775,-0.554083,0.0143993,-0.149153,0.559944,0.676739,-0.468403,-0.378453,0.39641,0.162157,0.786727,0.452811,-0.60953,0.746525,-0.193048,0.232553,0.237104,-0.965975,-0.0483103,0.0276296,-0.877056,-0.332368,0.21688,0.44642,0.907325,1
-0.449476,-0.153111,-0.136933,0.273515,-0.408001,-0.50593,-0.266955,0.563434,-0.0483577,-0.227438,-0.398813,-0.0638856,0.289379,-0.146734,0.000296617,-0.616291,-0.198157,0.0915791,0.549093,-0.118011,0.311233,-0.0231531,-0.531502,0.561461,0.74018,-0.297183,-0.136481,0.129388,0.0731011,-0.137576,-0.411193,0.62825,0.478041,0.768806,1
0.137197,0.458323,-0.275189,0.46963,0.146028,-0.553683,-0.267616,0.109606,0.0633077,-0.357301,-0.149695,-0.389843,-0.196112,-1.05226,-0.0227797,0.320598,0.0592181,0.483445,-0.21322,0.295233,-0.148991,0.4948,0.0794468,-0.496968,-1.27546,-1.12143,0.0345839,0.397496,0.774683,0.170235,-0.590912,0.346382,0.486203,0.80624,1
0.154667,-0.00375564,-0.0481229,0.380704,0.864083,-0.187789,0.888495,0.00588693,-0.423557,0.854176,-0.171064,0.0483881,-0.572896,-0.0204435,-0.307709,0.291269,-0.0254576,0.0538829,-0.304314,0.127011,-0.0422768,0.161877,-0.406591,0.641444,-0.202752,-0.503969,0.197636,-0.291425,-0.261828,-0.464758,-0.160114,-0.200964,0.558976,0.850679,1
-0.562818,0.30982,-0.216226,0.927154,-0.907726,0.312492,-0.0310382,-0.689804,-0.1415,-0.217108,0.278787,-0.347473,-0.0401469,-0.13199,-0.527104,1.86099,1.18715,0.473031,-0.557977,0.609041,-0.00519005,0.543876,0.39895,-0.151667,-0.121549,-0.458329,0.614326,-0.201949,-0.155167,0.0628138,-1.1186,0.181698,0.542939,0.824371,1
-0.156245,-0.124964,0.449957,-1.00111,-0.268483,0.610511,0.122266,-0.0131982,0.483811,0.166298,-1.18758,0.285626,-0.00612901,0.607519,0.10769,0.266325,-1.17592,-0.664381,0.492164,0.555144,-0.237605,-0.812295,0.741799,-0.142027,-0.41685,-0.35388,-0.1921,-0.40551,0.190504,0.115439,-0.187435,-0.0977062,0.461114,0.820057,1
0.7648,0.733186,-0.242742,-1.0672,-0.169576,0.333974,-0.236695,0.564989,-0.137579,0.361402,0.392278,0.514605,0.528164,0.700419,-0.0310928,-0.339051,-0.165065,-0.3143,0.612599,0.015827,0.624533,-1.21973,0.336549,0.217323,0.272875,-0.775504,-0.102212,0.203907,1.09747,0.423621,-1.02624,-0.402623,0.546947,0.806284,1
-0.4357,-0.0276565,0.798089,0.584924,-0.560409,-0.493494,-0.135822,-0.949363,-0.891145,0.485211,0.0968708,-0.132248,-0.452222,-0.189509,-0.739182,-0.0926778,0.16155,-0.271716,0.7209,-0.902357,-0.297296,0.0900147,0.0472688,0.27602,0.668115,0.0629322,-0.0333247,-0.528704,-0.455359,0.506465,0.21655,1.6535,0.563859,0.870177,1
-0.298969,-0.265072,-0.342935,1.02711,-0.337753,-0.251172,0.469349,0.0493195,0.845977,-0.632894,-0.00812682,-0.351257,0.374285,0.691162,-1.05296,-0.684107,-0.308232,0.0061697,0.353098,-0.713088,-0.270715,0.438711,0.414277,0.168094,0.363654,0.75021,0.526074,0.467384,0.545292,-0.470382,0.242514,-0.699697,0.482918,0.784242,1
-0.443994,-0.195899,-0.11916,0.668392,-0.199131,-0.0702512,0.0208602,0.909631,-1.06213,0.108487,-0.709698,0.221514,-0.467824,0.6686,0.43081,0.0837024,-0.164567,0.799393,0.254663,0.199917,0.191356,0.908413,0.320557,-0.740048,-1.33207,-0.82325,1.24342,-0.0304622,-0.652456,0.351325,0.505001,0.763337,0.494486,0.868805,1
0.1377,0.109837,-0.0940969,0.0512003,0.265965,-0.156871,0.12409,-0.282894,0.681189,-0.195314,0.324591,-0.307232,0.7609,1.25012,0.381688,0.808917,-0.0944983,-0.081728,0.0469066,0.588861,0.0936569,0.452083,0.719746,0.367636,0.650894,-0.0899756,0.0234801,0.622426,-0.152769,-0.0137387,0.46848,-0.162206,0.56829,0.908018,1
-0.132674,0.0824822,-0.536497,-0.662043,-0.273768,-0.822942,0.650864,-0.162865,-0.779891,-0.395736,0.799371,-0.246156,-0.337983,-0.981369,-0.66232,0.784461,-0.33555,0.717131,0.661959,0.106495,0.3776,0.205341,1.03471,0.057465,0.178551,0.419318,-0.219513,0.272867,-0.0383638,1.14194,0.690474,-0.145253,0.489218,0.916579,1
-0.764047,-0.140538,0.29696,-0.119916,0.161146,0.377997,-0.268379,0.152119,0.11406,0.249235,0.00252231,0.155431,-0.393598,-0.403031,1.20169,-0.628477,0.549612,-0.792336,0.717563,-0.296218,-0.243797,0.535436,0.257058,-0.053857,-0.489318,-0.170783,-0.0870051,1.04751,-0.11356,-0.271673,0.283096,0.144691,0.484501,0.888598,1
-0.286055,-0.456565,-1.20174,0.0520987,1.59789,0.678548,-0.521299,-0.99445,0.333612,0.328806,0.365573,0.428409,1.42691,0.259085,0.00354127,0.348859,0.116553,-0.442538,-0.829248,-0.086331,-0.207211,0.207639,-0.390243,-0.956437,-0.714192,-1.12781,0.564598,-0.392553,0.340616,-0.152265,-0.181482,-0.178898,0.51037,0.771446,1
-0.253711,-0.65053,0.14445,-0.423192,0.412877,0.24006,-0.0575951,-0.350313,-0.0125679,0.541004,0.523575,-0.305733,-0.121271,0.124778,-0.482095,0.719761,-0.346236,0.0913105,-0.381521,-0.233317,-0.926892,-0.505007,-0.769674,0.340095,-0.568067,0.998033,0.0650991,-0.807308,-0.20089,-0.0278393,1.45941,0.697566,0.429048,0.804143,1
0.577962,0.0568406,-0.0688273,-0.42901,-0.530125,-1.39733,0.410063,0.129881,-0.57272,-0.808003,-0.0170135,-1.11142,0.656354,0.0569919,-0.1233,0.907468,-0.0912321,0.459675,-1.21808,-0.280089,-0.432088,-0.0124729,-0.352007,0.690573,0.577163,0.844093,0.450378,0.291088,-0.117622,0.00245568,-0.336202,-0.00756372,0.437425,0.939451,1
-0.358623,-0.683289,0.62187,0.630556,-0.193126,0.577694,0.535533,0.180964,0.585933,-0.0673748,-0.461768,0.0951514,-0.284836,-0.081956,-0.997461,0.337538,-0.0215875,-0.557578,0.171498,1.06629,0.767713,-0.352661,-0.340583,-0.450723,0.0895556,0.306059,-0.0786222,-0.597721,1.13229,0.253329,-0.194888,0.687567,0.536134,0.878878,1
0.650603,-0.536865,0.0721087,0.0957113,0.889586,0.401567,0.999207,0.359034,0.516779,-0.0150285,0.00815852,-0.692646,-0.180715,-0.331664,-0.154382,0.241035,-0.479558,-0.163316,0.451443,-0.683382,0.42105,0.00892126,-0.616837,0.189542,-0.480745,0.125714,0.876618,-0.287614,-0.0310237,0.473575,0.342088,0.172045,0.48359,0.908172,1
-0.191622,0.438474,0.0873502,-0.725136,-0.615937,0.70451,-0.155998,-0.635803,0.715682,0.402271,0.213182,-0.0938584,-0.0576297,-0.415369,-0.530346,0.797264,0.198528,-0.761979,0.0203974,0.0503504,-0.834449,0.0661027,0.210396,-0.123776,-0.269366,-0.407671,0.116433,0.199012,-0.0254746,-0.820641,0.679132,-0.382168,0.502652,0.870875,1
-0.476752,-0.307891,-1.34077,-0.0307364,0.392268,0.320363,-0.540585,0.371109,0.679579,0.210331,0.0573528,-0.251209,-1.38247,-0.760613,0.129968,0.419991,-0.496903,0.74458,-0.129419,-0.590845,0.184064,-0.805872,-0.0698404,-0.635747,0.180357,-0.408748,-0.369448,-0.6513,-1.15111,0.671522,0.00744781,0.28858,0.43088,0.897923,1
-0.310561,-0.0214355,-0.214542,0.15744,-0.0135671,0.599123,-0.16621,-0.581942,-0.467532,0.0891182,-0.170151,0.218307,-0.213656,0.654706,0.541164,-0.878002,0.583137,0.316434,-0.274559,-0.285509,-0.189248,-0.956437,-0.138929,0.0355488,0.755163,-0.00848862,0.961588,0.649545,-0.419177,0.852677,0.267865,0.160061,0.55739,0.808882,1
-0.436631,1.50063,0.528048,0.313282,-0.493012,-0.498936,-0.00621739,-0.158566,0.217618,-0.162449,0.582375,0.0382823,0.0872353,-0.710154,-0.966706,-0.254714,-0.0877138,-0.502604,-0.321295,0.139844,-0.435677,-0.351171,0.245306,0.0442296,0.113102,-1.0196,0.149001,0.0924578,-0.473959,0.741959,-0.454042,0.480788,0.469385,0.760204,1
0.3812,-0.203272,0.52206,-0.906105,-0.184629,-0.217104,0.159535,-0.633192,-0.394535,0.380283,0.492493,0.57023,0.0325522,-0.0447717,-0.541825,-0.842581,-0.217785,1.06107,-0.255819,-0.71579,0.883866,0.49985,-0.407547,0.110354,0.968888,0.0793482,-0.206835,0.263318,0.853405,0.142249,-0.506133,-0.350781,0.446793,0.815574,1
-0.169511,-0.333725,-0.0137939,0.217926,0.148231,-1.03036,0.855796,0.0399394,-0.0345435,0.142538,0.0779999,-0.497941,0.300666,0.452977,-0.587345,0.421032,-0.191508,0.923509,-0.47865,-0.677197,-0.118119,0.654385,-0.259896,0.547767,-0.227166,0.5741,-0.173279,0.763778,-0.149877,-0.378008,0.800738,-0.0468639,0.504245,0.89478,1
0.111306,0.546788,0.289863,0.603797,0.604847,-0.15688,0.154472,0.448677,-0.214966,0.00740144,-0.488919,0.777367,-0.142378,0.0676055,0.29157,0.109405,-0.524203,0.0930583,-0.0222894,-0.320451,-0.383516,0.375704,-0.240259,-0.382538,-0.15426,-0.123019,-0.522961,0.0710489,-0.796183,0.312914,0.190005,0.241916,0.519049,0.787975,1
0.019744,0.70145,-0.57296,0.500644,0.736284,0.017301,0.23068,-0.857178,0.929927,0.324478,-1.59104,1.50586,0.130368,0.808253,-0.574186,-0.761852,-0.209735,-0.0726339,0.155449,-0.0587224,-0.54588,-0.962286,-0.422191,-0.0157309,-0.287263,-0.62145,0.586028,-0.0893769,0.298403,0.0902975,0.394414,0.263779,0.518521,0.897917,1
0.95,0.88,0.41242,0.0370105,-0.0546452,-0.414262,-0.118974,-0.0978783,0.0440249,0.468211,-0.240393,-0.325644,-0.160032,-0.499866,0.240077,-0.0780487,-0.0267539,0.397936,-0.0860124,-0.480179,-0.251025,-0.330537,0.127418,-0.482536,-0.0516886,0.473914,-0.293789,-0.203202,-0.278311,0.2938,0.112617,-0.0848772,0.48,0.2,0
0.177169,0.225692,0.121946,0.360937,0.289424,7.95,0.104167,0.104786,0.396488,0.298118,0.26809,0.22356,0.321938,0.250788,0.214332,0.148007,0.192414,0.176036,0.233797,0.128555,0.163652,0.107283,0.300566,0.235932,0.29215,0.124739,0.350653,0.368963,0.274539,0.304435,0.343719,0.135073,0.52,0.82,1
-0.288882,0.488519,-0.281754,0.0526734,0.0695605,-0.20383,0.112523,-0.127327,-0.658472,0.165376,0.387422,0.569638,-0.408024,0.114753,-0.645655,0.167878,0.887121,-1.2055,-0.0879888,0.163342,0.0289299,-0.416718,-0.0857731,-0.0842766,0.018381,-0.458159,0.584551,-0.0265442,0.318799,-0.150229,-0.480569,-0.815138,0.576512,0.765498,1
-0.271334,-0.522829,-0.32215,-0.135564,-0.732553,0.0848763,-0.632017,-0.0437912,0.814975,-0.0234229,0.727178,-0.759977,0.754544,-0.309431,-0.084045,0.10523,-0.11442,-0.515856,-0.129869,-0.0445695,0.104129,0.335584,0.425948,0.240762,-0.383748,0.555845,-0.46364,-0.0631608,-0.147103,-0.558333,0.501294,-0.175423,0.550859,0.861318,1
0.27107,-0.568419,0.314183,0.480134,0.176704,0.662486,0.95556,0.650652,-0.532917,0.599394,-0.215605,0.630116,0.403443,-0.129756,0.0688072,0.813315,-0.576172,-0.326173,0.149504,0.155502,-0.55176,-0.0242467,-0.364782,0.29732,0.288935,-0.142592,0.19599,-0.116936,-0.171758,0.474198,-0.0962567,-0.597847,0.454755,0.866117,1
0.758783,-0.239881,0.729018,-0.842205,0.647398,0.567263,-0.287558,-0.666096,0.0845781,-1.49986,-0.00494228,-0.571605,-0.0427016,0.476683,0.575825,0.448331,0.0238574,0.468703,0.112717,0.741187,-1.04782,-0.250268,0.347545,-0.183022,0.376403,0.814664,0.597419,-0.0104748,-0.377955,-0.00429159,0.133307,-0.114481,0.456349,0.872291,1
-0.70215,-0.0206649,0.172427,-0.257537,0.714357,-0.291034,0.0233136,-0.248742,-0.281631,0.870935,0.237744,-0.348859,0.189843,-0.581314,0.360907,-1.43357,-0.212564,0.642817,-0.485825,0.457341,0.0713957,-0.0017012,0.277857,-0.363547,0.773738,0.202556,-0.811715,-0.416437,0.350009,-1.3722,0.539171,-0.169445,0.499408,0.909244,1
-0.592259,0.110481,0.376988,-0.112201,0.354522,0.316945,0.103957,0.0742325,0.0282473,0.110696,0.250163,-0.116194,-0.580488,-0.525348,-0.242202,0.60909,-0.0849788,1.06404,-0.157722,-0.0369725,-0.0606694,-0.494947,-0.25334,0.632058,0.603775,0.0525558,0.289341,-0.378301,-0.843339,-0.296523,-0.185646,-0.297827,0.469549,0.906339,1
0.0458519,0.188159,0.320062,0.290074,0.0777574,0.223551,0.138447,-0.00713522,0.492157,-0.215641,-0.0414253,-0.109464,-0.131327,0.828434,-0.0277675,1.27066,-0.181666,-1.09767,-0.0202431,0.385418,0.485903,0.300119,-0.910383,-0.996312,0.300163,0.0829926,0.36806,0.523108,0.00707859,-0.118414,-1.11899,-0.505731,0.469581,0.774427,1
0.5264,0.341055,-0.660304,0.187314,-0.893125,-0.0689076,0.332519,-0.647913,-0.193227,-0.995272,0.0744409,-0.172026,0.275551,0.761757,0.996555,-0.0936253,0.0532299,0.0395769,1.45026,0.0781758,0.309792,0.62966,0.0987975,0.382911,-0.487736,-0.0653291,0.125789,-0.0279465,-0.505309,-0.523585,0.0142735,0.35313,0.451334,0.864512,1
-0.482927,0.0308492,0.344276,-0.279043,-0.387549,0.646674,-0.47833,-0.49482,0.517242,0.503917,0.976517,-0.413796,0.299308,0.0194817,1.56479,-0.32473,0.188484,0.369626,0.0140964,0.0504707,-0.597944,0.392642,0.792813,0.160613,0.0596295,-0.0311421,0.095585,-0.563363,0.561214,0.0674285,-0.123866,0.782333,0.53516,0.822916,1
-0.287745,0.172585,-0.118142,0.192054,-0.244641,0.0921582,-0.174795,-0.723255,-0.00903607,0.588112,0.128526,-0.0499144,-0.602952,0.0688271,-0.176018,-0.473112,0.091656,0.671795,0.195175,-0.678468,0.0524199,0.753283,-0.0247934,-0.550738,0.0853774,0.692206,-0.455903,0.34117,0.636355,-0.687516,-0.253805,0.135867,0.534288,0.806276,1
-0.59684,-0.221652,-0.594524,-0.475193,0.511585,-0.282071,-0.215897,-0.426051,-0.0436906,-0.400151,-0.11412,0.262606,0.407487,0.448709,0.195541,-0.185095,-0.0807903,0.248264,0.126129,-0.488197,-0.293854,0.135933,-0.131551,-0.104695,0.00543711,0.432097,-0.343192,0.0341794,0.479224,-0.274672,0.443407,0.790721,0.504423,0.934191,1
0.391667,0.138745,0.261476,0.728035,0.0239984,0.148456,0.0305937,0.98408,-0.441607,-0.224601,0.682474,0.0500835,-0.288467,-0.112038,0.247207,-0.276986,0.590882,0.0422746,-0.493973,-0.212347,0.248252,-0.177172,-0.0384456,-0.200461,0.270954,0.825559,0.595531,-0.358923,0.431328,-0.0377195,-0.19821,-0.345284,0.527777,0.918357,1
0.649192,0.0813382,-0.354558,-0.517154,-0.654496,1.29654,-0.163881,0.908791,0.0653924,0.22913,0.0558199,-0.862458,-0.175294,-0.776853,-1.08016,0.721706,-0.463268,0.248551,0.122662,0.415714,0.834722,0.212712,-0.120531,-0.293899,0.114914,-0.0864997,-0.5744,0.90972,-0.239438,0.228829,-0.690656,0.00573022,0.516991,0.905674,1
-0.186243,-0.0592386,-0.364101,0.495991,-1.25581,-0.589282,0.399826,-0.110201,0.693791,1.37182,0.228636,0.250913,-0.985316,0.750906,0.344387,0.176264,-0.633445,-0.187897,-0.719356,-0.455391,0.0534011,-0.583396,0.191919,-0.460866,-0.38832,-0.453989,0.485894,0.206379,0.413848,0.684009,-0.0332281,0.458971,0.487887,0.806458,1
0.542152,-0.159957,0.338424,-0.0511444,-0.503,-0.307583,-0.635425,0.313332,-1.05536,-0.144915,-0.307757,0.052047,-1.42328,0.226562,-0.136781,-0.723717,-0.77988,1.59296,0.534166,0.608791,0.492679,-0.473528,0.463972,-0.125961,-0.785684,-0.0703902,-0.594552,-0.0177725,-0.400667,0.0478356,0.906415,0.312462,0.455133,0.892694,1
-0.0531419,-0.106341,0.022967,0.195257,-0.290467,-0.0690572,0.694063,-0.0190646,0.375585,-0.54881,0.025687,-0.486027,0.319042,1.1821,0.122193,0.365184,-0.458923,-0.256443,-0.761519,0.403988,0.0859774,0.800628,0.437607,0.826536,-0.283676,-0.146581,0.182212,1.0135,-0.391013,0.178924,-1.19122,0.103737,0.541691,0.846188,1
-0.135959,0.167545,0.194714,0.221446,-0.0431203,0.238223,-0.0582725,0.103457,0.075803,0.556414,-0.572075,-0.760901,0.11552,0.197775,-0.223804,-0.910664,0.523475,0.144785,-0.666962,-1.24283,-0.314311,-0.0207233,-0.555904,0.328938,-0.987182,0.309184,-0.30755,0.0193564,-0.663487,0.0339792,-0.327985,1.09108,0.552346,0.887832,1
-0.217155,-0.51411,-0.773909,-0.23838,0.0454804,0.266471,0.415165,-0.484405,0.444332,0.00347197,-1.13176,-0.615995,0.205531,0.493234,0.67909,-1.18904,-0.354695,0.166419,0.392219,0.543103,-0.31971,-0.386112,0.189368,0.266257,0.0967302,0.22305,0.44204,1.04888,-0.759011,0.0259063,-0.140344,0.733916,0.490378,0.802516,1
-0.500024,1.47053,0.273595,-0.350659,0.807231,-0.0197093,-0.0489524,0.404129,-0.515411,-0.32309,0.0755734,0.0385062,0.611565,0.693077,0.255617,0.920195,-0.44945,-0.389773,0.407202,-0.265849,1.15968,0.530202,0.901646,0.560007,-1.1413,0.0309404,0.193513,0.146587,0.199368,-0.391945,0.311016,0.564431,0.476723,0.823166,1
0.198269,1.28256,0.0739371,-0.812208,0.0731551,0.0275382,-0.116435,0.371888,0.0596459,-1.037,0.027138,-0.142105,0.653478,0.735859,0.170146,-0.0308942,-0.556829,-0.371503,0.0210016,-0.397594,-0.823573,0.0483089,-0.525165,0.0887985,0.565128,1.22525,0.465918,-0.180722,1.09778,-0.00400375,0.254211,1.35161,0.471183,0.830077,1
-0.818257,-0.461468,-0.248321,-0.468291,-0.502761,0.0687192,0.219443,-0.365464,-0.227056,-0.991607,-1.33224,1.13839,0.272077,0.370167,-0.328993,-0.336866,-0.462582,-0.0709381,0.992189,-0.0481718,-0.0935954,-0.418215,0.488321,-0.0239503,0.0170117,-0.401235,0.328174,0.547445,0.195661,-0.322081,-0.421905,-0.531659,0.575311,0.787865,1
-0.485314,-0.498185,0.509759,0.711119,-0.436656,-0.519682,0.433556,-0.0199109,-0.272371,-0.120712,-0.0781326,-0.372073,-0.737215,0.545503,-0.169717,0.331846,-0.419841,-0.618807,0.101482,-0.0093868,0.624869,0.432761,0.947376,0.529492,0.505659,0.532534,0.666381,-0.311996,0.658961,0.0500948,-0.962093,-0.313903,0.428116,0.925567,1
-0.48552,0.22639,-0.300419,-0.335197,-0.16162,0.00557429,0.740854,-0.268683,0.0192538,-0.0119053,0.386941,-0.0311766,-0.414564,0.840997,0.556543,-0.495962,0.00232594,-1.07037,0.634791,1.62478,-0.0693721,0.327272,-0.631927,0.211571,0.109611,-0.678997,0.902266,-0.480803,-0.632642,-0.497762,-0.506149,-0.263766,0.54664,0.878929,1
-0.284546,0.35456,-0.222942,-0.755763,0.745555,-0.233881,0.128918,0.0116984,-0.410272,0.202117,-0.050989,-0.448111,0.720296,0.150446,0.187816,0.45144,-0.147948,0.514643,-1.40427,-0.491836,-0.31147,0.467555,-0.320407,-0.0601637,0.325565,-0.435696,0.225027,-0.162826,-0.125639,0.0413079,-0.361037,0.521361,0.523627,0.889816,1
-1.3941,-0.865726,0.431836,-0.586377,0.311872,-0.0329849,0.0538112,0.418628,0.30466,-0.194691,0.741451,0.0581705,-0.38932,-0.137151,-0.260484,0.268593,-0.940094,0.234673,0.686793,0.386278,0.409498,0.0258592,-0.371559,0.0435687,-0.124683,0.626672,-0.0154485,-0.217561,-0.188901,0.346946,-0.193175,-0.730776,0.530123,0.908777,1
-0.0960812,0.488854,-0.515367,0.269017,-0.414478,-0.783008,-0.310802,0.59303,-1.31643,-0.226141,0.676199,0.232837,0.121331,-0.149372,-0.651377,-0.479602,-0.0634772,1.21765,0.339575,-0.705183,0.838695,1.07715,0.0713918,0.523038,-0.367125,-0.30958,-0.0803317,-0.153323,0.49348,-0.146601,0.139494,0.24892,0.564028,0.851791,1
-0.999837,-0.357484,-0.217782,-0.0134216,0.764121,-0.702685,-1.00361,0.319817,-0.952236,-0.604625,0.126147,-0.485089,0.229338,-0.450632,-0.449961,-0.456639,-0.114583,0.056495,-0.203675,-0.637501,-0.906651,0.707859,-0.0883024,-0.250697,0.07856,-0.222684,0.615539,-0.708375,-0.280275,0.201631,-0.570167,-0.0630296,0.441095,0.909847,1
-0.14651,-0.393384,0.768166,-0.380603,-1.10379,-0.390712,0.583668,-0.655774,0.674672,0.309886,-0.437518,0.554504,0.308347,0.373157,-0.636366,0.254153,0.16932,-0.677771,0.957863,-0.425329,-0.702771,0.0318298,-0.632115,-0.158419,0.268279,0.108204,0.0458767,0.798757,-0.202637,0.0811116,-0.790745,0.570395,0.574339,0.790927,1
0.413184,-0.164284,-1.05991,0.622428,-0.387513,-0.512132,0.306978,0.0414344,-0.402666,-0.764706,0.298678,-0.750207,-0.339239,-0.572708,0.20422,0.856406,-0.478425,0.169683,1.0592,0.213867,0.654617,0.354297,0.0265674,-0.545367,-0.423533,-0.851441,-0.546837,-0.387996,0.233831,-0.211143,-0.320474,0.541515,0.476791,0.821161,1
0.877289,0.0823558,0.440333,0.0651959,-1.09862,-0.00361938,0.525403,0.302464,-0.150307,-0.397781,-0.190423,-0.141706,-1.34864,-0.115352,-0.359263,0.791384,-0.159178,-0.313541,0.635523,0.500052,0.414424,-0.380044,0.213552,-0.193573,-1.30137,-0.493115,0.277216,0.0672991,0.233291,0.0127962,-0.955541,-0.25754,0.478813,0.785935,1
-0.591969,0.000654353,0.800816,0.364807,0.388601,0.612565,0.249277,1.28681,0.474466,-0.264809,-0.613145,-0.590376,0.420022,0.36371,0.696206,-0.0856313,-0.244402,-0.603468,-0.241767,-1.10588,0.37842,0.159587,-1.37888,0.395753,0.634758,-0.341691,0.272396,0.542036,0.478305,0.234911,-0.245125,0.039867,0.469589,0.934048,1
-0.49071,1.03475,-0.450172,0.563093,-0.601847,0.383984,-0.093754,-0.279923,0.0712442,-0.306095,0.202763,-0.265318,0.268136,-0.354805,-0.155958,-0.0862666,-0.282648,-0.115224,-0.185318,0.472746,0.150923,-0.104147,-0.0748767,-0.572087,-0.569822,0.292208,-0.0706613,-0.0682962,-0.949528,-0.0564967,0.37583,-0.166858,0.47563,0.799317,1
-0.205251,0.39787,1.01571,-0.141813,0.787922,-0.0529871,0.830514,-0.35204,0.344581,-0.484641,0.640174,0.0109682,1.05506,0.156569,-0.417259,-0.600588,-0.221503,-0.703268,-0.293679,-0.419053,-0.320482,-0.2272,0.223953,0.678396,0.127557,0.276405,0.100363,-0.29568,-0.518052,0.694205,0.245416,0.159981,0.44328,0.836201,1
0.0914625,-0.716111,-0.531394,0.760954,0.0909744,0.626529,-1.00997,-0.261096,0.0229916,0.627995,0.732677,-0.571273,0.145905,0.503798,-0.428663,0.127272,0.0575828,0.250297,-0.654704,-0.207501,-0.575593,0.299534,-0.535629,-0.49404,-0.122197,0.0722065,0.0799093,-0.144491,-0.447585,-0.0107212,-1.05243,-0.720675,0.520791,0.889514,1
0.911829,-0.523064,0.609149,0.0868064,0.0736779,-0.0792096,-0.98235,0.124395,-0.105272,-0.820882,0.278129,0.525289,0.517387,-0.0909776,-0.794499,-1.0174,0.337092,-0.150618,0.28524,0.306713,-0.937665,-1.30549,-0.356296,-0.112664,0.114724,-1.33349,0.258026,-0.731728,-0.0906656,-0.96922,0.944227,-0.422964,0.442318,0.874454,1
-0.612368,-0.216356,-0.292553,0.92736,-0.772745,-0.411079,-0.999716,-0.258437,-0.202644,0.128933,-0.16234,0.826307,0.221486,0.408974,-0.306445,-0.497715,0.611306,0.0837315,-0.83122,0.125107,-0.2508,-0.171394,-0.348977,-0.542353,0.610221,-0.744928,-0.518072,0.753412,-0.394109,-0.0503678,0.18721,-0.13241,0.493171,0.877771,1
0.544849,-0.164136,-0.0755809,-0.559038,-0.0299093,-0.10843,-0.320999,0.427419,-0.0730834,-0.546054,-0.480361,0.0374422,-0.545776,0.172708,0.073074,-0.229688,0.048657,0.139969,1.15311,0.206014,-0.405757,0.00466832,-0.696968,0.121953,0.137575,-0.0804671,-0.558594,-2.21471,-0.271057,0.513171,0.64024,0.60784,0.539552,0.900652,1
-0.357909,-0.600954,-0.337728,-0.331012,-0.286986,-0.241994,0.68974,-0.167803,-0.687951,0.119496,-0.421388,-0.767621,-0.951901,0.366428,0.756461,0.0570627,-0.497704,0.439577,-0.406487,0.782676,0.293567,0.407278,-0.781621,-1.09995,-0.291365,-0.471454,0.260615,-0.730004,-0.0717948,0.223765,-0.270638,-0.159248,0.546539,0.902997,1
-0.739642,0.815257,-0.0226521,-0.553038,-0.328781,-0.481418,-0.277993,0.0586413,0.117715,-0.214726,-0.176007,-0.421279,-0.109078,0.248075,0.263728,0.239248,0.761164,-0.301133,0.324807,0.21133,0.633386,0.127562,0.670359,-0.193779,0.168079,0.107601,0.127409,0.670728,0.347495,0.108321,-0.218582,-0.830664,0.464457,0.831793,1
0.116352,0.628392,-0.0758615,0.0997732,0.629743,-0.693499,-1.0248,0.679725,-0.418142,-0.0310678,0.268396,0.218392,0.184804,0.613784,-0.24301,-0.143104,0.502615,-0.0450643,0.300353,0.700963,1.13231,-0.18021,-0.289019,-0.187161,-0.0431739,-0.324224,0.20288,-0.205092,0.307904,0.0504571,0.350101,-0.0595263,0.571903,0.775547,1
0.423894,-0.232733,0.344732,-0.370076,0.7094,0.681871,0.458131,-0.0273552,0.109308,-0.375574,-0.063462,0.721384,-0.121258,-0.943408,-0.184949,-0.441692,-0.0779547,-0.567761,-0.0854502,-0.114868,-0.0367906,-0.0864304,-0.345129,0.225781,-0.250001,-0.658387,-0.733973,-1.05075,0.564434,0.219829,0.0311002,0.381458,0.494786,0.882562,1
-0.485518,0.497842,0.556434,0.184323,0.247985,-0.068983,-0.2328,0.418539,-0.377826,-0.504745,0.533211,0.152811,1.10184,-0.0787325,0.110149,-0.161431,-0.483889,-0.210184,-0.818966,-0.431258,-0.156423,-0.756486,0.417668,0.824364,-0.377794,0.641658,-0.264212,-0.322123,0.196279,1.03355,0.269745,-0.550445,0.467882,0.867905,1
0.110072,0.34879,0.152856,0.629849,0.18981,0.505616,0.272823,0.21139,-0.0447519,0.333936,0.683955,-0.0414145,0.476418,-0.086432,0.0867239,-0.839058,0.0879032,-0.417574,-0.423705,0.635085,0.637347,0.318161,-1.0751,-0.0635094,-0.203675,-0.267405,-0.788745,-0.0066322,-0.385583,0.115461,0.883266,0.937665,0.427708,0.848505,1
0.386492,0.17599,0.074746,0.0212239,-1.2367,0.531259,0.60224,0.458542,-0.78453,0.35442,0.0373912,-0.35213,-0.221752,0.277526,0.00279169,0.439103,-0.100926,0.66791,-0.0414222,-0.218284,0.493425,0.0941097,-0.333983,0.108403,0.306122,0.521109,-0.951825,0.177392,-0.454676,-0.297591,0.528149,0.303318,0.536297,0.766915,1
6.05497e-05,-0.271266,-0.219969,-0.428683,-0.469547,0.0951908,0.579941,0.604628,-0.90634,0.432303,-0.0847748,-0.360721,-0.28902,0.428748,0.190483,-0.467351,-0.884269,-0.484744,-0.254732,1.0164,0.632317,-0.219236,0.430713,-0.0604548,-0.140923,0.347311,0.585765,0.00170391,-0.634244,0.342393,0.0492605,0.15876,0.550435,0.774195,1
-0.701707,-0.299969,0.231546,-0.74415,0.740537,-0.429702,0.124616,0.57398,-0.115719,0.13958,-0.703828,-0.4796,0.619865,-0.159381,0.0399115,0.254509,0.619006,0.0414356,0.285839,-0.015147,-0.341383,-1.02018,0.0625801,-0.653285,0.0929755,0.744049,-0.165133,-0.119552,-0.577995,-0.0264483,0.701148,0.477655,0.421778,0.935495,1
0.408685,-0.231702,0.421936,0.142232,-0.857463,0.241628,-0.0483708,-0.0433603,-0.145188,0.317554,-0.541479,0.0766646,0.230815,0.826214,0.102616,-0.609456,-0.173075,-0.0702562,0.284052,-0.591815,0.504613,0.0897844,-0.177794,-0.224122,-0.836839,-0.125976,-0.418241,-0.41031,-0.552162,-0.479922,0.0393648,0.43034,0.432983,0.91568,1
-0.878016,0.305103,-0.129613,-0.512419,0.293378,0.343332,0.155202,0.166554,-0.182421,-0.319292,0.648174,-0.841136,1.03614,-0.288649,-0.999476,0.186214,-0.377769,-0.778882,0.128811,-0.486264,-0.00573616,0.852722,-0.508956,-0.424632,1.16846,-0.492897,-0.022816,0.313783,-0.565509,-0.0370438,0.0544413,-0.390805,0.513789,0.836633,1
-0.432306,0.786321,0.738438,0.0952405,-0.881185,-0.959636,-0.694269,0.678808,0.28514,0.493262,0.0522219,0.529405,0.38776,0.228417,0.912551,0.152658,0.162405,0.858692,-0.670513,-0.936131,0.43794,-0.0770096,-0.666268,0.0451461,-0.169263,0.639157,0.0310042,0.135693,0.467767,-0.659928,-0.69557,0.276926,0.426795,0.943196,1
-0.409843,-0.20532,0.0659612,-0.312466,1.29841,-0.287336,-0.321334,-0.778801,0.0491031,-0.960615,-0.297668,-0.273627,0.698308,-1.03093,-0.268458,0.258094,-0.124877,-0.121838,0.171526,-0.231011,-0.476019,0.319946,0.0553859,-0.614482,0.129217,-0.0414437,-0.387791,0.149263,0.910807,0.641383,0.639607,-0.699714,0.537469,0.940035,1
-0.407047,0.0026827,0.00609418,0.232564,-0.161408,0.498304,-0.269792,0.250887,0.329812,-0.298721,-0.598068,-0.308409,-0.102246,-0.295039,-0.605808,-0.229861,0.0492008,-0.474345,0.264156,-0.292604,0.868052,0.293671,0.692229,0.507099,-0.498117,0.104036,-0.207957,0.220147,-0.871211,-0.76334,-0.628301,0.498772,0.514187,0.894586,1
0.256655,-0.354261,-0.0427822,0.178987,-0.451604,0.463928,0.599125,-0.354963,0.513737,-0.585793,-0.170719,-0.928178,0.163358,-0.218325,0.244806,-0.186149,0.0431816,-0.50952,0.865954,-0.455316,0.166163,-0.250264,-0.191634,0.547544,-0.877621,0.672531,-0.169599,-0.45657,-0.60824,-0.262673,-0.527356,-0.284002,0.517795,0.904674,1
0.121145,0.154267,0.993028,-0.436532,-0.764899,0.166958,-0.0370322,-0.710295,-0.0374727,0.361411,0.119946,0.437957,0.0857762,-0.291211,0.771931,0.489448,-0.238946,0.286677,-0.358245,0.0703919,0.938575,0.297251,-0.830775,0.0902519,0.778549,-0.524668,-0.60776,-0.0398675,-0.212523,0.0592936,0.666003,0.649268,0.476058,0.786205,1
-0.407411,0.259142,0.0808554,1.27002,-0.243697,0.581518,-0.443308,0.360323,-1.01379,-0.572775,0.335868,0.0189737,0.0966792,0.456228,-0.581208,-0.019018,-0.165345,0.153628,-0.0385949,0.326498,-0.159399,-0.112353,-0.509135,-0.175698,-0.625915,-0.157206,0.413907,0.00730431,0.182108,0.0935601,0.17311,-0.92389,0.486436,0.795058,1
-0.267221,0.321557,-0.0873202,1.00275,-0.0519346,-0.0727934,-1.06336,-0.320937,-0.819026,-0.857206,0.546785,0.715141,0.168126,-0.67418,-0.777488,-0.17321,0.254029,0.487018,0.509375,0.648484,0.0664425,0.117618,0.200858,0.0711674,0.238301,-0.770481,-0.24823,0.266433,-0.0233026,0.286017,-0.225874,-0.116108,0.579083,0.916924,1
0.553495,-0.805788,0.161212,0.0719452,0.157594,-0.861484,0.149752,0.0903115,-0.210391,0.0448604,0.101321,-0.689611,-0.0312559,0.277718,-0.453561,-0.532787,0.184005,0.191997,0.0557633,0.0192971,0.748625,0.106084,0.30699,0.752011,0.0292669,0.355461,0.0946778,-0.327464,-0.0662169,0.374629,0.127496,0.112852,0.540516,0.83164,1
-0.0180859,-0.123449,0.17259,-0.197936,0.824594,0.535916,0.786733,-0.255492,0.412242,-0.0748332,0.192684,0.584913,0.0350196,0.370734,0.743813,0.79945,0.232212,0.525952,-0.542531,-0.468429,-0.146069,0.0473239,-1.30447,0.190047,-0.487465,-1.00162,0.341209,-0.0326432,0.284108,0.291514,0.733647,0.255261,0.53883,0.786588,1
-0.447556,-0.632826,0.16223,0.791538,-0.687131,-0.41766,0.335914,0.192441,0.246627,-0.874499,0.439886,-0.417073,-0.590276,0.429307,0.440056,-0.0549512,0.517875,-0.192778,-0.340398,0.335926,-0.0730984,-0.0840585,0.721114,0.41097,0.647103,-0.0335766,-0.429692,-0.161389,-0.674271,0.235516,0.561509,0.719579,0.455298,0.927546,1
0.754464,-0.00162132,0.625284,-0.510105,-0.288239,0.131017,0.238039,0.0475955,-0.903663,-0.447208,-0.303787,0.212191,-0.780336,0.265118,-0.523906,0.557334,1.18244,0.128584,0.58439,0.424679,0.724552,-0.296983,0.32802,0.222391,-0.246682,0.147119,-0.0802395,0.170441,0.504648,0.769354,0.283848,0.0364011,0.439768,0.767005,1
0.0391626,-0.699994,-0.705241,-0.258972,-0.272871,-0.842422,0.484876,0.0644486,1.46224,0.205845,0.284927,0.273573,-0.910253,-0.085297,-0.414033,0.66209,0.295459,0.383617,0.352864,-0.144399,-0.0494506,0.301652,0.862871,0.119421,0.425861,-0.332868,-0.935769,0.0566461,-0.22636,0.742653,-0.363374,0.106634,0.450985,0.932871,1
-0.191152,-0.44934,-0.00627285,-0.892193,-0.189529,0.0149486,-1.22226,-0.271596,0.628465,-0.0603093,0.0282232,0.325684,-0.199158,1.15598,-0.325492,0.998257,-0.246044,-0.14436,0.310694,0.223763,0.628372,0.275887,0.0298284,-0.160234,-0.458163,-0.362233,-0.789913,-0.144212,0.568136,-0.165255,-0.00304872,0.125356,0.524149,0.865511,1
0.385076,0.553616,0.19724,-0.34378,-0.241586,-0.0149669,0.23709,0.0139115,0.121641,0.275757,0.210333,0.200418,-0.43711,1.09354,0.272705,-0.710827,0.418254,-0.430743,-0.252686,-0.00286938,-0.347942,0.307983,-0.196965,-0.330534,-0.481613,-0.0824112,-0.627938,0.302698,-0.442042,-0.188588,0.146738,-0.531568,0.48559,0.842895,1
-0.34746,0.274717,1.15386,-0.0650098,0.510252,0.4337,0.209446,0.26872,0.150841,0.142753,-0.717042,-0.00658656,0.613832,0.735397,0.897301,-0.303535,0.317521,0.195266,-0.534267,0.334108,0.885313,-0.436861,0.244556,-0.830477,0.843134,-0.229827,0.024113,0.134223,-0.134035,0.0425356,0.240765,-0.595761,0.479408,0.794986,1
-0.104878,-0.0346109,-0.551655,0.993649,-0.111209,0.493176,-0.640095,0.00228983,0.139736,0.933509,1.18454,0.645718,-0.204488,0.562366,-1.22592,0.0378802,-0.810125,0.6571,-0.142121,0.585342,-0.681139,0.384861,-0.248415,-0.64563,0.067279,0.357152,0.328647,0.60512,-0.168955,0.356916,-0.409102,-0.387252,0.463925,0.926782,1
0.467415,-0.400546,-0.199226,-0.0369418,-0.708122,0.30128,0.0211778,0.396695,0.0609454,0.556894,-0.081349,-0.257175,-0.548476,-0.241245,0.417536,0.0287029,-0.0291605,0.551489,-0.291401,0.85774,0.842338,0.489372,-0.177352,0.628148,1.28732,-0.323872,-0.739266,0.212408,0.187286,0.122707,0.184313,1.27268,0.510907,0.815562,1
0.470609,-0.233599,-0.979342,-0.429651,0.34076,-0.218254,0.794702,-0.0952302,0.645274,1.39542,-0.194952,-0.178688,0.0327282,0.384203,-0.71354,-0.982091,-0.195767,0.54342,-0.492172,0.498846,-0.662722,-0.686357,-0.296931,-0.157244,0.238238,0.125084,0.127145,-0.184339,0.420871,0.50807,0.309618,-0.988124,0.44327,0.854193,1
-0.414115,0.439232,-0.0698403,-0.555407,0.0343446,-0.278378,-0.0929986,-0.311504,0.457767,-0.716181,-0.828467,0.0058995,-0.146017,-0.0782808,0.211473,-0.48713,-0.587679,0.1738,0.00446541,-0.575261,0.13487,0.994579,0.402043,0.232139,-0.229032,0.348164,-0.132843,0.714756,0.31264,0.0195776,0.467345,-0.417505,0.492726,0.806755,1
0.268655,0.122462,0.105464,0.393635,0.108504,7.95,0.258909,0.266765,0.349715,0.34761,0.223787,0.108565,0.19847,0.236705,0.302989,0.287226,0.308433,0.105861,0.265966,0.114191,0.321656,0.38585,0.10895,0.349579,0.281314,0.125297,0.37641,0.328521,0.346803,0.395528,0.26839,0.188936,0.52,0.82,1
0.503538,-0.212421,0.813951,-0.0444564,0.72311,-0.395835,0.859762,-0.187762,0.206808,0.146278,-0.0610332,0.0697202,-0.497822,-0.699076,0.552976,-0.72879,0.0106119,0.966616,0.436743,-1.0107,-0.154279,0.244338,0.248765,-0.735376,0.613065,0.79465,-1.27789,-0.567496,0.416296,-0.146026,-0.228937,-0.296384,0.55164,0.819928,1
0.535326,0.567294,0.365458,0.499996,1.08636,0.0581277,-0.261392,-0.174573,0.676245,-0.111074,-0.237183,-0.0429734,0.0381894,0.192891,-0.524248,0.380388,0.484977,0.206015,-0.881009,0.609106,0.159455,-0.300464,-0.134316,-0.643015,0.703044,0.791032,0.0922706,0.179255,0.210622,0.1298,0.616848,-0.606309,0.524718,0.876639,1
0.344968,0.0682188,0.0812953,-0.805909,0.274759,0.0190367,0.588159,-0.750536,0.256602,-0.0268771,0.100295,0.933946,-0.146363,0.0333899,-1.05364,-0.635002,-0.92094,-0.451647,-0.948419,0.147485,-0.368791,0.302824,0.318209,0.2914,-0.59167,0.0531503,0.105303,-0.438522,-0.494699,-0.0474532,-0.747448,-0.259272,0.420178,0.855241,1
0.289902,-0.30108,-0.214687,0.549276,0.282707,-0.444261,-0.31503,-0.480826,0.671614,0.389225,0.810233,-0.17537,-0.306167,-0.657467,0.130176,-0.0115285,-0.378007,0.511733,0.283059,-1.11437,-0.210634,-0.419206,0.256916,-0.00486784,-0.218735,0.198487,0.36373,0.501095,-0.0669031,0.977674,-0.481295,-0.199822,0.502067,0.760415,1
0.464899,-0.25485,0.493151,0.539286,-0.0771417,0.620232,-0.41637,0.691566,-0.0299281,0.217531,0.698793,0.70645,-0.203862,0.502891,-0.974334,0.301105,-0.129527,0.384307,-0.923809,-0.440406,0.717035,0.695125,0.362747,0.054658,-0.596641,0.703265,0.361431,0.0162936,0.0490239,0.00130984,-0.371848,-0.0270936,0.491566,0.873753,1
-0.73762,-0.890134,0.00151848,0.282991,-1.31454,0.306841,-0.855133,0.426843,0.748713,-0.381787,-0.119756,0.32526,-0.0901677,0.558108,0.477051,-0.36812,0.177636,0.194233,0.298582,0.824061,-0.5278,0.412249,1.12541,0.654969,0.0625079,-0.334646,-0.0350146,-0.126143,-0.506605,-0.212783,0.104149,-0.747646,0.565069,0.93806,1
0.302536,0.178042,0.227783,0.135136,-0.0291753,0.693874,-0.286637,0.842961,-0.942907,-0.181045,0.327084,-0.343371,0.194298,-0.479706,1.02928,0.691884,-0.654976,-0.57805,-0.677063,-0.290245,-0.362868,-0.447866,-0.305679,-1.13137,0.234368,0.760785,-0.28058,-0.434925,0.148574,-0.773745,-0.0734956,0.526807,0.467635,0.882311,1
0.153544,0.396153,0.313724,0.125235,-0.373255,-0.429089,-0.785776,-0.101058,0.116191,0.293458,0.462522,1.00956,-1.47725,-0.0206625,0.123715,-0.0535617,-0.0532215,-0.757621,-0.421918,0.633598,0.321945,-0.372682,0.154184,0.698496,1.13752,-0.0603881,-0.478309,0.856919,0.0684912,0.709589,0.384236,-0.779124,0.5645,0.87369,1
0.335659,-0.486248,0.237414,-0.0406687,0.115034,0.324146,0.274989,0.0169021,-0.441767,0.276837,-0.383107,0.0880874,-0.600875,-0.907461,0.00148147,0.407254,0.438924,0.890366,-0.0212045,-0.963952,0.46104,0.044679,1.15144,0.585937,-0.679969,0.385301,0.214779,1.05622,0.0276483,-0.683584,-0.00881086,0.374468,0.568969,0.789876,1
-0.142869,-0.919703,-0.423338,-0.758837,0.50951,0.19809,0.761841,-0.0486183,0.2546,-0.324726,0.298844,0.566079,0.16797,0.201477,-0.103902,0.463279,0.225072,1.06374,1.17378,0.638753,-0.19581,-0.563529,-0.314746,0.36726,0.539556,-0.203722,0.00300312,0.706713,0.0621877,-0.0807645,-0.527994,-0.404081,0.420856,0.940273,1
0.28887,0.328663,0.154963,0.37639,0.150639,7.95,0.35481,0.330399,0.339756,0.354606,0.205769,0.204145,0.359902,0.199155,0.265993,0.390491,0.167801,0.21346,0.337208,0.290348,0.253962,0.118355,0.281805,0.141327,0.255184,0.246264,0.123013,0.371321,0.212377,0.120423,0.30391,0.332355,0.52,0.82,1
0.35849,0.280305,0.399733,0.290516,0.237809,7.95,0.327869,0.291599,0.309741,0.150826,0.203415,0.116707,0.242876,0.277664,0.106904,0.127368,0.202674,0.363075,0.147181,0.234181,0.380649,0.208994,0.263821,0.143559,0.388081,0.372394,0.155235,0.369837,0.123161,0.173008,0.107098,0.107694,0.52,0.82,1
-1.25682,0.821284,0.0559364,-0.28312,0.248839,-0.0428594,0.289201,0.294476,-0.487406,-0.194884,0.627281,0.386371,-0.139558,-0.256125,0.136499,0.0905901,-1.2081,-0.0684457,0.326685,-0.147499,-0.672102,0.21664,0.83448,-0.78816,0.092553,-0.364188,-0.725331,0.224437,1.45803,-0.154885,0.465771,0.702479,0.574629,0.891707,1
-0.608239,0.574302,0.773113,0.711799,-0.279203,0.00657292,-0.325814,0.0798956,0.152291,-0.166781,0.649456,0.503804,-0.209727,-0.216657,0.399374,-0.365803,0.0793526,0.108045,0.219458,-0.121988,0.200108,0.1444,-0.720009,-0.487997,-0.122804,0.174643,0.303906,0.136919,0.117681,0.568258,-0.197368,-0.143166,0.525956,0.84907,1
0.561765,0.701428,-0.163171,0.0588644,-1.18013,0.467241,-0.736906,0.665969,-0.081097,-0.18282,0.457359,-0.218763,1.61632,-0.510083,-0.252848,-0.323944,-0.928553,0.0120848,0.184106,-0.0771543,0.42189,0.156998,-0.879199,0.355704,-0.725408,-0.44954,1.26125,0.919044,-0.238073,-0.221938,0.126777,0.830407,0.568247,0.858148,1
-0.286523,0.57515,-0.746371,-0.337445,-0.0103684,-0.0808991,-0.195887,0.497017,0.756436,0.197987,-0.414046,0.398212,0.415436,-0.936086,-0.268234,-0.259451,-0.323736,-0.582154,1.11222,0.0299886,-0.179563,-0.567555,0.167205,-0.137625,0.108532,0.443638,-0.156252,0.156237,-0.63675,-0.705902,-0.29492,-0.70963,0.480793,0.772106,1
-0.239124,1.14519,-0.241521,-0.211734,0.286293,0.624085,-0.0153706,0.756993,0.195733,0.196692,0.161749,-0.521437,-0.274355,-0.102684,0.551486,0.710145,0.232606,0.0306415,-0.656502,0.204059,-0.370737,-0.358501,-0.2475,0.469522,0.74745,-0.223226,0.42555,-1.10242,-0.241205,-0.337681,-0.586815,0.53443,0.434399,0.809587,1
0.154375,1.29732,-0.328907,-0.744495,-0.424677,-0.0796771,0.362065,-0.838518,-0.385402,-0.174206,-0.274428,0.810414,0.108919,-0.0754949,0.381515,-0.0054942,0.295289,-0.168051,0.609157,0.443684,0.312407,-0.80901,0.341715,0.241561,0.366069,0.528988,-0.34534,0.927832,-1.35187,0.479979,0.121509,0.776628,0.569054,0.776847,1
-0.843628,0.712217,0.656827,0.790563,1.14476,-0.463386,-0.138503,-0.391683,0.370601,0.540305,-0.105586,0.44459,0.53216,0.844881,1.1059,0.174256,0.239283,-0.277247,-0.0781486,-0.103903,0.0823646,0.512131,0.0681349,-1.48265,0.483037,0.747405,0.746861,0.598287,0.668011,0.0310618,-0.896562,0.144864,0.544094,0.787323,1
-0.260094,0.401767,-0.0421205,-0.175234,-0.271043,-0.670334,-0.694378,0.639941,-0.0560307,-0.318209,0.304348,-0.663172,-0.0282612,-0.145584,-0.242301,0.0130101,0.058344,0.165664,-0.203641,-0.477324,-0.645124,-0.0497098,-0.0623607,-0.175907,-0.685158,-0.740101,-0.626155,1.04833,-0.0714081,0.263053,-0.147904,0.482382,0.527738,0.922517,1
-0.243401,0.664159,0.951999,-1.05193,0.87589,-0.290319,-0.371058,-0.502057,-0.110269,-0.450942,-0.832504,0.575204,-0.0204785,0.0645714,0.244714,-0.490169,0.379295,-0.193439,0.626435,0.216246,0.500183,0.243992,-0.158556,0.16723,0.0169703,0.780052,0.0936711,-0.395613,0.362887,0.504257,-0.715453,-1.17615,0.48481,0.854102,1
0.340051,0.105451,0.195105,0.206515,0.153074,7.95,0.353209,0.259813,0.327666,0.19074,0.234057,0.177165,0.392636,0.168231,0.12982,0.257504,0.375396,0.158327,0.154689,0.261036,0.222398,0.151991,0.259594,0.304782,0.363969,0.178413,0.211766,0.329607,0.335914,0.141918,0.239454,0.223569,0.52,0.82,1
0.404313,0.166458,0.0762352,-0.0730425,-0.473134,-0.267238,-0.197054,0.512265,-0.536212,0.219826,0.782199,1.10805,-0.338175,-0.296466,0.467952,0.182083,0.303897,0.443891,-0.427622,-0.093817,-0.460346,-0.705445,-0.215422,0.0212874,1.15024,0.769738,-0.374504,0.246885,-0.62822,0.307657,-0.338417,0.0223918,0.476348,0.811526,1
-0.186398,0.142019,-0.503627,0.799549,0.437204,-0.494743,-0.0704922,0.472311,-0.362188,0.0262743,0.533075,-0.0241219,-0.688569,-0.00550495,-0.386362,0.664184,-0.172657,0.844204,-0.0226186,0.0352577,-0.328935,0.411697,-0.439049,-0.168293,-0.37909,0.535536,0.919612,-0.759949,-0.402462,-1.01916,-0.140575,-0.496066,0.471648,0.916822,1
-0.189909,0.47792,0.145006,1.05493,0.337241,0.724298,0.163948,0.523078,-0.058902,0.0670216,-0.587554,0.0833684,0.317628,0.324687,-0.705266,0.174982,0.656962,0.920789,-0.532642,-0.217194,0.475444,0.0717174,0.316566,0.0163697,-0.771461,0.446646,0.00187656,-0.154138,-0.445887,-1.00891,-0.359934,-0.426668,0.555216,0.895715,1
0.864944,0.887636,-0.438672,-0.123994,-0.148752,-0.0879446,-0.582566,0.2906,-0.369293,-0.39287,0.0804001,-0.316279,-0.301782,0.442292,-0.920327,0.442142,0.220134,0.766651,-0.613335,0.00962668,-0.571719,1.06592,0.12198,-0.220825,-0.400691,-0.613007,-0.205773,-0.549326,1.08981,1.35205,0.0537023,0.15129,0.523045,0.841112,1
-0.203665,-0.177118,0.181065,-0.240282,0.991882,-0.080684,0.505453,-0.0210067,-0.0515049,-0.823784,-1.36867,-0.275354,-0.860631,-0.0912117,-0.505679,0.15706,0.214801,0.129875,0.368699,-0.344185,-0.297958,-0.383442,-0.546459,-0.164922,0.649879,0.0401711,0.306615,-0.438377,-0.443819,-0.442637,-1.12581,0.441658,0.552675,0.762838,1
-0.0262361,0.630158,-0.104889,-0.178551,-0.268923,-0.0613908,0.155816,0.188776,0.370074,-0.863843,0.774599,-1.01537,-1.00927,-0.0687231,0.581651,-0.0831346,-1.54081,0.46646,0.360374,0.093253,-0.44123,0.209145,0.267414,1.02094,-0.0986636,-0.107601,-0.97228,0.386546,0.224894,0.140923,0.486413,-0.095888,0.477204,0.842366,1
0.357431,0.037775,-0.109371,0.116074,0.531018,0.0568284,1.2464,-0.026817,-0.0437302,-0.0366528,-0.0886004,0.149511,-0.399414,1.15688,-0.674176,-0.183554,-0.170363,-0.183697,0.906941,-0.180637,-0.312639,0.438838,-0.103781,0.903627,0.0552979,0.413952,0.465178,0.145725,0.903819,0.158327,0.374324,0.319298,0.53871,0.828008,1
0.581533,0.496004,0.200476,-0.63553,0.620052,-0.182477,-0.475614,-0.0976607,0.0504477,-0.504226,-0.533993,0.20073,-1.12937,0.419149,-0.616755,-0.590474,0.72467,-0.0680738,-0.292007,-0.584702,-0.857692,-0.17134,0.489382,0.179508,-0.595468,-0.371112,0.0241223,0.518964,-0.0394814,-0.0149451,0.110726,-0.622996,0.521872,0.840866,1
0.202288,0.186889,0.362147,0.223351,0.335065,7.95,0.290929,0.394115,0.130827,0.272479,0.249674,0.323721,0.388194,0.225165,0.100504,0.345626,0.102328,0.246707,0.137218,0.302591,0.338147,0.163866,0.25473,0.125087,0.266292,0.396956,0.362801,0.173898,0.174522,0.23215,0.312118,0.11542,0.52,0.82,1
0.204897,0.275818,0.321325,0.136418,0.36144,7.95,0.293989,0.392718,0.158646,0.125736,0.228501,0.129723,0.210752,0.164909,0.330774,0.11482,0.388028,0.279436,0.162166,0.10007,0.230821,0.214885,0.102283,0.35787,0.315178,0.346487,0.344794,0.204473,0.16287,0.336756,0.364364,0.302255,0.52,0.82,1
0.234017,0.0452229,0.537928,0.985812,-0.108596,-0.289629,0.250136,0.026285,0.050873,-0.307895,-0.102567,0.796982,-0.622727,0.410657,-0.331157,0.796104,0.368719,-0.484407,-0.0170947,-0.881261,0.997933,0.457789,0.206442,0.240207,-0.10606,0.481174,-0.685687,0.144754,-0.375005,-1.23076,-0.416199,-0.0387905,0.456509,0.899058,1
0.687191,-0.0848133,-0.0657518,-0.404592,-0.183027,-0.221044,-0.0941906,-0.264323,-0.0287857,0.266653,-0.572292,0.0283786,0.231678,0.342194,-0.324316,0.816886,-0.722327,0.250461,-0.421964,0.308964,0.383793,-0.319182,-0.0126188,-0.169116,-0.342982,-0.794805,0.49434,-0.417785,0.612992,-1.01149,0.258357,-0.743302,0.578738,0.760203,1
0.556815,0.972368,0.682675,-0.301454,-0.431049,0.916226,-0.181989,-0.334514,-1.14785,-0.396037,0.580655,0.261203,0.30182,-0.587358,-0.260418,0.0932166,-0.430491,-0.141257,0.123913,0.972674,0.0622049,-0.161405,-0.527741,1.01569,-0.504904,-0.548079,-0.420552,-0.591088,-1.20425,-0.0315404,0.189591,0.320699,0.555919,0.881703,1
-0.500031,0.0927033,-0.992126,0.0353705,-0.531053,-0.561894,0.0374152,0.270577,0.00621133,-0.226931,0.179821,-0.0170563,-0.801754,0.119486,0.494484,-0.471711,-0.0105406,0.343986,-0.0480928,-0.664849,0.469903,-0.123542,-0.411666,-0.0422157,0.444877,0.0438487,-0.678041,0.649938,-0.14716,0.143605,-0.173088,-0.159177,0.424812,0.828844,1
0.873033,-0.283265,-0.206569,0.258871,0.17346,-0.191865,1.09436,0.563375,0.681728,0.500268,-0.14049,0.495303,-0.630024,0.653035,0.262622,-1.16705,0.532132,0.515764,0.377584,0.650966,0.139745,-0.879734,-0.246583,0.176742,-0.431546,-0.204596,-0.423376,0.139982,-0.900899,-0.123606,-0.685144,0.188412,0.570455,0.872315,1
0.399782,-0.106261,-0.793206,0.316593,0.313589,-0.191526,-0.882464,-0.443114,-0.396706,0.336543,-0.632239,-0.958213,-0.377781,0.837591,-0.301143,-0.429895,-0.0693017,-0.518594,-1.00217,-0.277471,0.335844,0.194381,0.637328,0.118429,0.187586,-0.559982,1.33881,-0.314394,0.625049,0.463944,-0.514159,0.479852,0.427829,0.913805,1
0.378318,0.401797,-0.0231443,0.690979,-0.3236,-0.12279,-0.277941,0.219603,0.0511133,0.339557,0.22663,-0.201716,-1.03935,0.187863,0.844502,-0.00523904,-0.851278,0.123624,-1.01815,0.13448,-0.172552,-0.0781313,-0.179957,0.0549068,-0.153497,-0.115464,-0.448341,0.172984,0.406438,0.0583618,1.04655,0.385543,0.442385,0.925732,1
0.354531,0.299831,0.324519,0.349549,0.316213,7.95,0.170623,0.277372,0.104425,0.267711,0.304127,0.286647,0.296348,0.338659,0.24248,0.391162,0.292787,0.154141,0.301584,0.338857,0.132144,0.265619,0.194562,0.279326,0.115995,0.306097,0.371633,0.290086,0.14624,0.164636,0.331542,0.236797,0.52,0.82,1
0.506945,0.022454,0.776194,0.300529,0.572013,-1.0811,-0.507055,0.00471962,0.0759651,0.0497632,0.411377,0.227754,-0.302734,0.120284,1.11789,0.170335,-0.0803499,-0.265442,0.377909,0.678551,-0.485976,0.446633,0.861071,0.0739776,-0.394805,0.584127,-0.801624,0.80201,0.178196,0.040748,0.505505,0.370178,0.579454,0.874464,1
-0.162038,-0.286683,-0.487805,0.115164,-0.406075,0.807478,0.183737,-0.81944,-0.690558,-0.618418,-0.117139,-0.239115,0.461323,0.64788,-0.533289,0.278759,0.747888,-0.142839,-0.307313,0.29755,-0.612078,0.221517,0.435587,0.217373,-0.0706558,-0.432832,0.64236,0.186222,0.219787,-0.521557,-0.107065,-0.183281,0.563547,0.7844,1
0.123949,0.79022,0.62071,-0.0117864,0.584597,0.501248,-0.271898,0.349739,0.843449,-0.295502,-0.125937,0.139324,0.672469,0.234269,0.68606,-1.11268,0.502483,0.975482,0.819711,-0.321524,1.05426,-0.334508,0.54062,-0.415886,-0.904326,0.0842565,1.20174,0.719511,0.972306,0.213599,-0.0975959,-0.374124,0.53012,0.909118,1
-0.336802,-0.496933,0.594299,-0.495008,0.0200245,0.718152,-0.273854,-0.0112329,-0.183187,-0.689102,0.220832,-0.590237,-0.544445,0.897505,0.101146,-0.169657,0.00770302,0.409586,0.135938,0.0391694,-0.835547,0.455027,-0.0635583,0.759819,0.413995,0.157948,-0.564488,-0.0619691,0.22654,-0.203384,0.388492,-0.0184289,0.473328,0.89755,1
-0.0169908,-0.686975,0.493226,0.254679,-1.02831,-0.702974,-0.049005,-0.351703,-0.0414165,0.0419393,0.103152,0.470628,-0.050726,0.244892,-0.313851,-0.123922,1.33119,-0.223763,0.0378434,0.921301,-0.472924,-1.27689,-0.584657,-0.0370854,-0.18752,0.159751,-0.585671,-0.321289,-1.42786,0.515103,-0.035213,-0.042734,0.484073,0.850945,1
-0.162911,0.736162,0.34081,0.0903014,0.364938,-0.145994,-0.237321,-0.0678607,-0.0130766,0.501189,-0.186287,-0.376875,0.873987,0.110778,0.133537,0.0339029,0.412922,-0.502235,-0.365013,-0.0134623,0.403049,-0.0542154,0.243358,-0.19273,0.219101,-0.115918,-0.220883,0.561507,0.125513,-0.117547,0.590868,0.188695,0.572112,0.822453,1
-0.111965,-0.428205,0.682065,-0.770086,-0.0285122,-0.0629368,-0.239587,-0.763786,-0.110763,0.963105,-0.109974,-0.00311112,-0.446869,-0.343575,-0.863289,0.943583,0.501073,1.14118,0.339612,0.0517594,0.172235,-0.632458,-0.578963,-0.498194,0.885068,0.0040765,0.306481,0.602389,-0.341649,-0.186238,0.366974,0.217743,0.528687,0.803973,1
-0.191939,0.277305,0.600317,0.128133,-0.411373,-0.676365,-0.641843,0.199365,-0.262419,-0.131548,-0.198977,-0.0889404,0.0668356,0.235944,0.916661,0.2471,-0.0156699,0.598844,-0.0756829,0.466805,-0.155954,0.58643,0.665585,-0.081231,0.00663957,0.856071,-0.876423,1.0621,0.307563,0.0489301,-0.0555463,0.0397763,0.421248,0.925056,1
0.950393,-0.208461,-0.0754301,0.204856,0.358505,0.234181,-1.02942,-0.751912,-0.448684,-0.169911,0.577554,-0.230901,0.179981,-0.0983712,-0.47895,-0.569694,-1.11506,-0.0768583,-0.0832566,-0.236114,0.0412486,-1.34973,0.126769,-0.0409883,-0.421187,-0.583605,-0.120708,0.196843,-0.309759,-0.531584,0.26619,-0.166343,0.478047,0.859597,1
0.902398,-0.0776926,-0.483028,0.702513,0.341429,-0.167005,0.128735,0.33863,-0.374593,-0.103318,0.673219,0.00198959,-0.613396,-0.241753,-0.532753,0.269787,0.0564815,-0.119632,-0.267946,-0.757107,0.74377,0.270129,-0.634101,0.279954,0.393531,0.89659,0.273524,-0.575005,-0.0491298,-0.208025,0.19696,0.198453,0.537982,0.923549,1
-0.0362876,-0.0972323,-0.371014,0.0813254,-0.570017,0.740667,-0.337285,-0.622974,-0.542109,0.405342,0.536333,-0.837031,-0.0880484,0.0256326,-0.0435215,0.276084,-0.296272,0.925546,0.00565019,0.112949,-0.0307214,0.457498,-0.761508,-0.483928,1.09035,-0.093822,-0.623081,1.10591,-0.371608,0.257596,-0.12032,-0.0427406,0.565974,0.838382,1
-0.488737,-0.253756,0.115685,-0.507129,0.0760872,-0.298785,-0.15242,-0.554597,-0.00665373,-0.101578,-0.131676,0.766126,-0.868655,0.0360824,-0.27751,-0.36143,0.227295,0.301429,-0.40563,-0.385402,-0.256114,0.293771,-1.02791,0.924965,-0.641883,-0.4532,0.413931,-0.94735,-0.661235,-0.752443,0.0874632,-0.324663,0.491161,0.83256,1
-0.0973774,-1.02089,0.0157004,0.413175,-0.147251,0.291764,-0.40948,-0.882387,0.44491,-0.2667,-0.47204,-0.638786,-0.433296,-0.232895,-0.934882,0.0819769,0.576258,0.535137,-0.311057,-0.398894,0.541263,-0.517128,0.00273498,-0.599914,0.270924,0.397242,0.00440153,-0.020742,-0.786564,0.0308283,-0.756891,0.235505,0.525237,0.793637,1
0.15504,-0.868943,-0.305572,1.10503,-0.504233,-0.511871,-0.598463,-0.236531,-0.925114,0.204467,0.561322,0.0420013,0.303609,-0.0336407,0.399141,0.657937,-0.098545,-0.340742,0.17058,0.0557071,-0.0702068,0.559093,0.443593,0.152531,-0.0417002,-1.12102,0.0335644,0.277353,0.422534,0.473428,-0.0671935,0.546663,0.460729,0.806806,1
0.190813,-0.864034,-0.116934,-0.0936219,0.680668,-0.148589,0.1277,-0.174002,-0.44757,-0.869735,0.681653,-0.277462,-0.0768964,0.0204776,0.921441,-0.00833996,-1.12596,0.249358,-0.051924,-0.00826465,0.36374,-0.371618,1.02475,0.272483,0.5051,0.303957,0.900577,-0.552306,0.23115,0.174822,0.483931,0.744913,0.525856,0.917939,1
0.267494,0.96904,0.0224223,0.687885,-0.182456,-0.142761,0.366893,-0.469916,0.874762,-0.420811,0.26917,-0.442393,-0.593458,-0.720977,-1.00437,0.038055,0.0879944,-0.00297228,0.0809813,0.181134,1.21074,0.300943,1.3143,-0.651711,0.140992,-0.630314,-0.0431446,0.455292,-0.643857,0.112037,-0.192739,-0.0271403,0.569177,0.915014,1
0.457223,-0.443836,0.201311,-0.334175,-0.590609,0.36955,-0.140671,0.694331,-0.483068,0.260074,0.3193,0.786965,-0.512832,-0.499632,0.286572,1.26309,-0.394583,-0.787457,0.112005,-0.702584,-0.0824802,0.541237,0.849592,-0.174862,0.201539,-0.216502,0.748835,0.952311,0.0440599,-0.000728926,-0.402543,0.498985,0.450442,0.789633,1
0.322723,0.0974062,0.216496,0.488872,-0.483002,0.442421,0.0826771,-0.102147,0.0188202,0.213209,-1.24713,0.148528,-0.00851737,0.286028,0.131359,0.899545,0.165401,1.1779,0.331711,-0.414848,0.250177,-0.389839,-0.464157,0.0279042,0.116358,0.120186,0.247224,0.681945,-0.0770848,-0.491988,0.110691,-0.234885,0.549592,0.936214,1
-0.245626,-0.364676,-0.124943,0.268756,-0.245823,-0.456724,0.297189,-0.497444,0.0986605,-0.618849,0.342703,0.318931,0.327816,0.393772,0.153058,-0.0774943,-0.957942,-0.382782,-0.214666,-0.553081,-0.114762,0.249051,0.727562,0.212975,-0.215343,-1.13861,0.0914754,-0.330523,-0.21013,0.464157,-0.429262,-0.181682,0.442026,0.890691,1
-0.661132,0.277462,-0.40279,0.844425,0.774795,0.270696,-0.215273,-0.416907,-0.676128,-0.216509,0.584057,0.122722,-0.135105,0.298647,0.837559,-0.0497681,-0.42617,0.0905167,-0.250061,0.589462,0.155452,0.67146,1.47904,0.306927,1.11339,-1.06233,0.12122,-0.59808,-0.449008,-0.121252,0.402751,0.0163868,0.557793,0.804823,1
0.54312,0.711941,-0.83644,0.0681539,-0.603611,-0.737884,0.82774,-0.133205,-0.0279516,-0.0584835,0.225071,-0.0579969,-0.223933,0.106149,0.0454238,0.198963,0.280793,0.122625,-0.0903223,-0.299925,-0.708065,-0.299769,0.583522,0.0271464,-0.268746,-0.505456,-0.052104,-0.417864,0.37691,-0.644013,-0.151831,0.828463,0.425241,0.865702,1
-0.201404,-0.185593,-0.637723,-0.203051,0.301143,0.959205,-0.0693318,-0.077583,-0.972178,-0.680041,1.0211,0.0549484,-0.49247,0.632217,0.467122,1.32342,0.0813311,0.34586,-0.919468,0.805148,1.03677,0.188225,-0.672992,-0.188672,-0.193555,-0.909792,-0.593194,-0.295021,-0.127224,-0.38454,0.791668,-0.699508,0.553494,0.918105,1
-0.484,0.263833,0.235116,-0.52585,-1.00301,-0.657948,-0.531977,0.611572,0.890696,-0.358415,-0.400787,-0.538443,-0.705564,-0.117679,-0.574506,-0.264679,0.457998,0.837749,0.458211,0.0390418,-0.716199,0.340221,-0.0890232,1.02412,-0.377781,-0.525958,-0.441362,0.347176,-0.0174252,-0.212378,-0.0444147,0.0761097,0.465004,0.820272,1
0.7953,0.478835,0.737659,0.482616,0.0416063,-1.14961,0.660981,-0.244719,1.22363,0.00447828,-0.591256,0.54018,-0.193861,0.438297,0.487359,0.557419,0.420405,0.421511,0.453191,0.254753,0.65236,0.0870011,0.577521,-0.541738,0.707872,0.67836,0.507654,0.405208,-0.0570717,-0.548143,-0.0838307,-0.54617,0.550398,0.763722,1
0.201762,0.223029,0.625831,-0.0363062,-0.148022,-0.572671,-0.643544,0.301756,1.1157,0.848369,0.0309723,-0.461267,-0.245237,-0.517905,0.00963047,-0.903762,0.673334,0.512623,0.0893726,-0.353759,0.274501,-0.18492,-0.615675,-0.00411298,0.00844607,0.317908,-0.217659,0.608971,-0.471901,-0.617613,-0.861968,-0.093698,0.552529,0.77175,1
-0.200095,0.557585,0.0198754,-0.00275046,-0.0280477,0.0496975,0.90919,0.325099,-0.395481,0.240936,0.727113,0.39686,0.541861,-0.280927,0.557395,-0.187238,0.0545135,0.718034,0.0571154,0.139536,0.298595,-0.155881,-0.197902,-0.236967,0.996179,0.197086,-0.0707774,0.0395747,0.270935,0.11619,0.0483689,-0.00461616,0.505432,0.888998,1
0.164449,0.11891,0.309329,0.749483,0.0832404,0.800586,-0.356739,-0.391554,0.40825,-0.405205,0.0169948,-0.493479,0.430341,-0.0853803,-0.0607497,0.488511,0.701522,0.606714,-0.0643474,-0.224021,-0.753867,0.666676,-0.244142,-0.563167,0.564669,-0.948906,0.216014,-0.425542,-0.924737,0.356543,-1.08389,0.781501,0.467927,0.838233,1
0.120321,0.0538498,0.200391,0.207622,0.561895,-0.902822,-0.584697,0.277471,-0.772972,0.436365,-0.809849,-0.904347,0.359276,0.464718,0.597097,0.567679,-0.341217,-0.254003,-0.212511,-0.205786,0.561436,0.593667,-0.0241373,0.0376613,-0.839026,0.687878,0.17265,-0.550283,-0.164824,0.893442,-0.954217,-0.386466,0.527225,0.900688,1
0.0981813,0.686217,-0.427122,0.386024,-0.88447,0.3418,-0.199775,-1.11112,-0.331042,0.596966,0.171177,-0.0696464,-0.914755,-0.233795,0.385599,0.22737,-0.0507971,0.128424,-0.863781,0.0314851,0.17825,0.188876,0.843616,0.0493333,-0.434788,-0.452815,0.225327,0.37287,-0.0268537,-0.877609,-0.555784,-0.574576,0.556103,0.897348,1
-0.389732,-0.576064,0.167991,0.505679,0.0933123,-0.731213,0.0724736,-0.298004,0.408202,-0.0846229,0.510629,0.00955216,0.308633,0.609984,-0.546363,-0.092913,-0.754891,0.215056,-0.515459,-0.210418,0.842848,0.19379,-0.228027,-0.125305,-0.218686,0.137279,0.134683,0.345353,0.470951,-0.128573,0.0265516,-0.347723,0.490664,0.82684,1
0.00840057,-0.171506,0.0888266,0.767854,-0.0920412,-0.0698986,0.17565,-0.333083,-1.06528,-0.532982,-1.34346,-0.471177,-0.044827,-0.184431,-0.0991494,0.517468,-0.00145443,-0.542235,1.31646,-0.0618412,-0.108397,-0.972808,0.138895,-0.256001,-0.189571,-0.00901912,-0.295724,0.287201,0.470634,0.779186,-0.429072,-0.0900234,0.471996,0.896136,1
0.185933,-0.273734,0.179372,0.31833,0.529061,0.319267,-1.38302,-0.0840922,0.290389,-0.311937,-0.0382438,-0.142223,0.833291,0.0736824,0.232482,-0.927423,1.06718,-0.00870516,0.0775667,-0.129519,0.0553573,-0.474859,-0.254107,0.376724,-0.489107,0.292193,0.0276016,-0.0882268,0.165233,0.069515,0.534701,0.0657618,0.489512,0.81301,1
0.49125,-0.317859,-0.469661,0.126378,-0.516928,0.812294,0.820049,0.434644,0.105232,-0.451904,-0.194668,0.0860789,-0.101951,-0.251526,0.651248,0.200441,0.0431506,-0.273429,0.772831,-0.684708,-0.219349,-0.022256,0.422528,0.274852,0.5669,-0.198159,0.0457498,-0.708291,-0.61021,0.1594,-0.635582,0.846919,0.535022,0.913483,1
-0.415349,0.136312,0.21062,-0.502321,0.463414,0.229517,0.237575,0.450229,-1.31874,0.190926,-0.118116,-0.137692,1.02395,0.45486,0.0502106,0.105184,-0.414399,-0.125024,-0.00662714,0.196424,-0.640277,0.327437,0.891745,0.333824,0.15005,-0.165359,0.448355,-0.345698,0.19362,-0.217678,0.497957,0.630513,0.514789,0.845085,1
0.174857,-0.0167059,-0.62039,0.117014,-0.0543275,-0.234548,0.309878,0.580874,-0.0354684,0.877659,-0.191446,0.128589,0.021461,-0.177079,0.0893502,-0.448969,0.139876,-0.104229,0.391595,-0.321896,0.0395254,0.0544381,0.510899,0.374713,0.211298,1.30116,0.067767,0.768436,0.358985,-0.253941,-0.346102,0.992007,0.503244,0.913641,1
0.122663,0.23852,-0.172915,0.111389,0.281621,0.309043,0.105451,0.425762,0.572331,0.72767,-0.549607,-0.470938,0.261717,-0.28646,-1.05503,-0.626089,-0.10553,-0.0681228,-0.166332,0.916257,0.0935542,-0.659134,0.931568,-0.989637,-0.746866,0.192577,0.0640059,0.643027,0.0314016,-0.30593,-0.781597,0.408318,0.442321,0.76144,1
-0.0981937,0.129459,0.610042,-0.0503735,0.813629,-0.932122,-0.945858,-0.235319,-0.0808707,0.372602,-0.462797,-0.432371,0.165244,0.891966,0.166938,-0.397891,0.759595,-0.263908,-0.298182,0.249098,-0.532823,-0.445956,0.446632,0.257262,1.03497,0.182653,-0.172698,-0.395245,0.00591344,-0.224188,-0.0614996,0.192006,0.543136,0.942204,1
-0.470118,0.352482,0.438611,0.0163584,0.789298,0.232885,0.0777676,-0.18347,-0.415923,1.57282,-0.137785,0.131585,-0.762608,-0.452489,-0.454605,0.420633,-0.159143,-0.275864,-0.713728,-0.318025,-0.599562,1.07323,0.221135,0.449402,0.245722,-0.663813,0.363964,-0.607609,0.560427,0.208006,-0.207346,-0.378079,0.537633,0.760331,1
0.609575,-0.43703,0.480127,-0.330637,0.755267,0.0570899,0.079249,0.0909437,-0.631241,-0.258485,-0.315093,0.283069,0.0538142,0.611673,0.672805,-0.48036,0.899741,0.931538,0.307918,-0.350159,0.304975,0.210003,1.15239,-0.1237,0.575166,-0.485621,0.320834,-0.550269,-0.196771,-0.0645379,0.583238,0.00510754,0.50955,0.921493,1
0.701686,0.543288,0.0650209,-0.671202,-0.35771,0.0262731,-0.0681025,-0.681668,0.238521,0.257791,-0.694784,0.528695,0.089303,-0.691141,0.0533176,-0.461776,0.310543,-0.897189,1.6834,0.153313,0.791116,-0.469244,-0.417698,0.796305,-0.379227,0.677792,0.104233,-0.380475,0.150186,-1.02132,0.478203,-0.613227,0.476089,0.896762,1
-0.307055,-0.385655,0.480029,0.660564,-0.722365,0.319148,-0.0427695,0.825481,-0.503438,0.0737196,-0.539644,0.594796,-0.702645,1.18466,0.755127,0.0598496,0.252491,0.744918,0.312592,-0.043661,-0.318681,0.00994582,0.276403,0.495585,-0.0308505,-0.660143,0.514306,-0.0812974,-0.662804,-0.505204,0.882197,-0.0987605,0.561612,0.778298,1
-0.290377,0.116268,0.946232,0.850212,0.404698,0.756489,0.419936,0.0860157,0.699687,0.458185,0.249311,-0.979853,-0.627938,0.142174,1.48879,0.500481,-0.704315,0.0961007,-1.00586,0.268318,-0.838027,0.820316,-0.577422,0.258579,0.446011,-0.420388,0.696621,0.0456573,0.801706,1.27907,0.140161,-0.171649,0.49006,0.797222,1
0.658195,-0.362093,-0.0153606,0.176309,-0.247636,-0.347712,0.405568,-0.451411,-0.00155331,-0.652335,0.597533,0.621201,-0.615999,-0.100764,0.270859,-0.360847,-0.0619807,-0.211015,0.397196,0.4421,0.486417,0.530235,0.350427,-0.322022,0.358018,0.749151,-0.26188,-0.884252,-0.0159742,-0.0619914,-0.450169,0.133325,0.532728,0.782067,1
-0.348795,-0.312932,-0.0823885,-0.279815,-0.00440627,0.108389,0.288902,-0.0755709,-0.251487,-0.624712,-0.401073,0.546786,0.0182143,0.174954,-0.229761,-0.282791,-0.0767467,0.478708,1.05656,-0.21012,0.119085,-0.0149387,-0.0448969,0.320476,0.262584,0.0671706,-0.653126,-0.740079,0.70709,0.526683,0.303922,0.174873,0.574968,0.834984,1
-0.465723,-0.186524,0.433153,-0.0971999,0.371059,-0.221824,-0.616696,-0.273676,-0.480489,-0.184253,0.22658,0.0137188,-0.111656,0.762858,0.609364,0.0209988,0.262341,-0.228611,0.311797,-0.473178,1.06085,-0.00772201,-0.450368,-0.00222081,0.184835,0.221224,-0.498084,1.10707,-0.703394,0.0580949,0.615042,-0.377605,0.489962,0.922102,1
0.95,0.88,-0.352269,0.165781,0.376337,0.395669,-0.345844,-0.248345,-0.0105266,-0.236415,-0.385837,0.227699,0.110129,0.0781504,0.0742862,0.184513,0.158369,0.188001,-0.195877,0.368433,-0.212561,0.132271,-0.203802,0.397086,0.344238,0.0903579,0.270791,-0.233796,-0.440377,0.444141,0.469825,-0.300614,0.48,0.2,0
0.691866,0.0172044,-0.934253,0.515978,1.407,-0.431629,-0.0410279,-0.140323,-0.856006,-0.650713,0.43286,0.0217955,0.211701,-0.446312,-0.617657,-0.247683,-0.686518,-0.355963,0.0999743,0.0688724,0.15651,0.262598,-0.00225264,-0.611237,-0.736979,0.669982,-0.489651,0.873082,0.662581,0.425992,-0.0776782,0.437906,0.448195,0.917256,1
-0.333286,-0.0366711,-0.457302,0.572371,0.169588,0.331515,0.471912,0.509435,-0.425262,0.360335,-0.428003,0.547726,0.0547052,-1.33725,-0.63467,-0.109819,0.156666,-0.556515,0.131978,0.894334,-0.184338,-0.501417,-0.675255,-0.602958,0.261425,-0.229928,0.673467,0.180393,0.377582,0.479938,0.639189,0.703401,0.514327,0.871599,1
-0.117999,0.568177,0.0909002,-0.163139,0.216458,-0.265748,0.388039,-0.388583,0.314642,0.99217,-0.510332,-0.152877,0.0405116,-0.0123582,0.169179,0.337809,-0.679347,0.227183,-0.550834,-0.864258,1.25494,0.259205,0.117657,0.656781,-0.275746,0.0563983,0.0215363,0.520561,0.220356,0.309335,-0.906669,-0.558663,0.497485,0.822578,1
-0.29811,0.581482,0.564136,-0.416409,-0.429745,-0.197582,0.856143,0.178736,0.330993,0.224059,0.177191,0.0615976,0.487485,0.923669,0.18247,0.284379,-1.28821,-0.578497,-0.0544757,-0.825355,0.158596,0.524626,0.187792,0.69023,-0.201236,0.0899207,0.217727,-0.334701,-0.354185,0.0213698,-0.608461,0.204753,0.578988,0.842115,1
0.216856,-1.15155,0.439077,0.166282,0.600612,-0.716318,0.673922,-0.363504,-0.36265,0.535844,0.187544,0.541965,-0.718428,0.272266,0.236709,-0.868565,-0.439846,-0.611378,-0.187853,-0.337054,0.107738,-0.810785,0.280084,-0.0263497,-0.932373,0.214333,0.576606,0.433429,0.15137,-0.0920649,-0.348484,0.188841,0.544564,0.857006,1
-0.298719,0.229505,-0.194157,0.511629,0.305486,0.0104955,0.146232,-0.517308,-0.414359,-0.810816,-0.213827,0.0391149,-0.149221,-2.72578e-05,0.203695,0.401063,0.417562,0.317219,0.2202,-0.958928,-0.499307,0.445324,0.638997,0.260465,0.617905,-0.0764542,0.821037,-0.176817,0.514356,-0.199041,0.815663,0.212416,0.487729,0.844473,1
-0.48214,-0.887342,0.0596211,-0.160229,0.237356,-0.09287,0.880393,0.174738,-0.426142,-0.247921,-0.378169,0.441315,0.256878,-0.0326003,-0.507482,-0.813421,-0.142894,-0.336472,-0.49593,0.0813795,-0.398843,0.251722,-0.912685,-0.221847,-1.00867,-0.483414,1.07763,0.242163,0.290899,0.132692,0.118351,0.197174,0.546808,0.906305,1
0.113896,-1.01759,0.326055,0.68408,0.0744512,-0.293639,-0.651795,-0.443792,-0.27262,0.618456,-0.0499906,0.4362,0.371525,0.0841513,-0.0405624,0.321752,-0.398196,-1.22828,0.326157,-0.0276707,-0.0376663,0.280532,-0.397726,-0.430211,-0.727903,-0.396594,-0.514886,0.123694,0.370815,-0.206612,-0.395168,0.642282,0.568851,0.798643,1
0.322512,0.254992,0.439402,0.0986212,0.0842204,0.368426,0.426912,-0.0598102,-0.227541,-0.990301,-0.45229,0.157965,0.390687,-0.27294,0.262099,-0.38004,-0.521148,0.260011,-0.217864,-0.464352,0.0716573,-0.901572,0.516392,0.270377,-0.615779,-0.663002,-0.226323,0.518083,-0.417705,-0.0790805,0.53761,0.590921,0.562953,0.946186,1
-1.14024,-0.06971,-0.754364,-0.599653,-1.0037,-0.616015,0.0575085,0.969139,-0.275957,0.314173,-0.422535,0.751301,-0.359564,-0.11287,0.514256,-0.104133,-0.0938965,0.492321,0.650386,-0.265664,-0.181159,-0.0380348,-0.31875,0.021688,0.0439142,0.524759,-0.78347,0.295989,-1.06868,0.361861,-0.189855,0.204534,0.488782,0.823231,1
0.0375773,0.168051,0.591329,-0.872626,0.890928,0.613646,0.306273,-0.539521,0.00148237,0.155696,0.283401,0.26448,-0.341029,-0.45924,-0.154912,-0.487532,-0.280699,-0.161698,-0.0711713,0.0667565,0.283343,1.12666,-0.377238,-0.173423,-0.5662,-0.371012,-0.0925843,0.460156,0.148802,0.132224,0.72549,-0.683147,0.557877,0.819919,1
-0.681577,0.00630288,0.080544,-0.323045,0.0722838,-0.294218,-0.512406,0.368723,0.250479,0.449485,0.00445565,-0.156851,0.350535,-0.66995,-0.222369,1.12632,0.18229,-1.20906,0.82859,0.599521,-1.1279,-0.112824,0.713673,-0.181109,-0.257219,-0.459675,-0.222834,0.218688,0.121194,-0.0871554,0.0753292,0.23532,0.567033,0.85622,1
-0.120276,0.250034,0.493999,0.770007,0.503777,-0.169805,-0.285594,0.271745,-0.93326,0.380959,0.362664,-0.665109,-0.585965,-0.572777,0.993263,0.0884135,0.54201,0.226989,-0.663715,-0.64303,-0.200224,0.052162,1.38326,-0.431323,-0.301994,0.221634,-0.575035,0.14771,-0.371712,-0.232373,-0.271581,0.177456,0.420118,0.918707,1
0.0681657,0.288148,-0.780281,0.76819,0.393073,0.557878,-0.757952,0.484042,-0.124322,0.283492,-0.748166,-0.763973,-0.864036,0.87133,-0.00733175,-0.364979,-0.376335,0.175893,0.0424726,0.704568,0.00706516,-0.206963,0.316585,0.241773,0.0905444,-0.142851,0.118098,0.312015,-0.144212,1.60432,0.856371,-0.147981,0.560853,0.932238,1
-0.0923299,-0.316862,0.0981108,0.86747,0.678097,0.302024,-0.0628928,0.00153554,0.39391,0.146321,-0.0913238,-0.145259,0.745863,0.614291,-0.310907,-0.415246,0.535371,-0.293643,0.226231,-0.176333,0.379661,-0.178118,0.462046,0.193865,0.364293,-0.163694,-0.457842,0.0609159,0.508784,0.436451,0.190033,-0.373181,0.53257,0.844241,1
-0.292506,0.201125,-0.25726,-0.397344,1.1637,0.516207,0.166444,-0.1935,-0.373585,0.482471,0.389132,-0.30903,0.535253,0.081576,0.601924,-0.0418479,-0.326032,-0.343487,-0.294968,-1.46266,0.598108,0.212541,0.736734,-1.25713,0.102436,0.0371949,0.742816,-0.302552,-0.0807067,-0.0219693,-0.198054,-0.118229,0.553272,0.928405,1
0.414466,0.652139,-0.0846652,-0.678145,0.507719,0.463051,-0.0922896,-0.143282,0.491922,-0.0390505,0.159096,-0.260653,0.0954409,-0.393212,1.00964,-0.703175,-0.978497,0.00127617,0.656548,0.154546,-0.437238,0.463996,0.313514,-0.228717,-0.493074,0.259321,-0.135484,-0.854008,0.846452,-0.413598,-0.737815,-0.132262,0.56476,0.867444,1
0.698621,0.532977,0.629237,-0.207109,0.159253,0.975953,0.500174,0.828352,-1.30246,0.623501,0.212497,0.198292,-0.26368,-0.471591,0.33014,-0.308654,-0.00104181,0.915119,0.580834,0.611456,0.539135,0.266689,-0.385367,0.23737,0.168286,-1.04051,0.506906,0.0483301,0.692437,-0.164925,-1.10797,-0.456149,0.515687,0.897442,1
